CycPeptMPDB_ID,Source,SMILES,Original_Name_in_Source_Literature,Structurally_Unique_ID,PAMPA,Monomer_Length,Monomer_Length_in_Main_Chain,Molecule_Shape,Water_avgRMSD_All,Water_avgRMSD_BackBone,Desolvation_Free_Energy,Water_3D_SASA,Water_3D_NPSA,Water_3D_PSA,Hexane_avgRMSD_All,Hexane_avgRMSD_BackBone,Hexane_3D_SASA,Hexane_3D_NPSA,Hexane_3D_PSA,Water_RepFrame,Hexane_RepFrame,split_0,split_1,split_2,split_3,split_4,split_5,split_6,split_7,split_8,split_9,PAMPA_WuXi,split_wuxi,Normalized_PAMPA,Pred_5
7061,2021_Kelly,CC(=O)N[C@@H]1C(=O)N2CCC[C@H]2C(=O)N(C)[C@H](CC(C)C)C(=O)N(C)[C@H](CC(C)C)C(=O)N(C)[C@@H](CC(C)C)C(=O)N(C)[C@@H](CC(C)C)C(=O)N(C)[C@H](C)C(=O)N[C@@H](CC(C)C)C(=O)N2CCC[C@@H]2C(=O)O[C@@H]1C,L4_4.3.3.4.1,7061,-5.38,10,9,Lariat,0.127087,0.0631478,-23.7149,11.716,10.255,1.461,0.152636,0.101335,11.668,10.274,1.394,19,62,val,train,train,train,train,test,train,train,train,train,,val,0.31,0.22135666
7032,2021_Kelly,CC(=O)N[C@@H]1C(=O)N2CCC[C@H]2C(=O)N(C)[C@H](CC(C)C)C(=O)N[C@H](CC(C)C)C(=O)N(C)[C@H](CC(C)C)C(=O)N[C@H](CC(C)C)C(=O)N(C)[C@@H](C)C(=O)N[C@@H](CC(C)C)C(=O)N2CCC[C@@H]2C(=O)O[C@@H]1C,L4_2.4.2.3.1,7032,-5.34,10,9,Lariat,0.118998,0.0686005,-32.346,11.639,9.674,1.965,0.106899,0.0569833,10.758,9.2,1.558,75,81,val,train,train,train,train,test,train,val,train,train,,val,0.33,-0.192307
7022,2021_Kelly,CC(=O)N[C@@H]1C(=O)N2CCC[C@H]2C(=O)N(C)[C@H](CC(C)C)C(=O)N[C@H](CC(C)C)C(=O)N[C@H](CC(C)C)C(=O)N(C)[C@@H](CC(C)C)C(=O)N(C)[C@@H](C)C(=O)N[C@@H](CC(C)C)C(=O)N2CCC[C@@H]2C(=O)O[C@@H]1C,L4_2.2.3.3.1,7022,-6.24,10,9,Lariat,0.163048,0.0979478,-24.7884,11.338,9.602,1.736,0.105422,0.0503724,10.792,9.46,1.332,26,4,train,test,train,train,train,test,val,train,train,train,,train,-0.1200000000000001,-0.12820746
7000,2021_Kelly,CC(=O)N[C@@H]1C(=O)N2CCC[C@H]2C(=O)N(C)[C@H](CC(C)C)C(=O)N[C@@H](CC(C)C)C(=O)N(C)[C@@H](CC(C)C)C(=O)N(C)[C@@H](CC(C)C)C(=O)N(C)[C@H](C)C(=O)N[C@@H](CC(C)C)C(=O)N2CCC[C@@H]2C(=O)O[C@@H]1C,L4_1.3.3.4.1,7000,-5.47,10,9,Lariat,0.141631,0.085363,-31.2061,12.014,10.227,1.787,0.114087,0.0700508,11.737,10.145,1.592,84,55,train,train,test,test,train,test,train,test,train,train,,train,0.2650000000000001,0.44040245
6994,2021_Kelly,CC(=O)N[C@@H]1C(=O)N2CCC[C@H]2C(=O)N(C)[C@H](CC(C)C)C(=O)N[C@@H](CC(C)C)C(=O)N[C@H](CC(C)C)C(=O)N[C@H](CC(C)C)C(=O)N[C@@H](C)C(=O)N[C@@H](CC(C)C)C(=O)N2CCC[C@@H]2C(=O)O[C@@H]1C,L4_1.2.2.1.1,6994,-7.45,10,9,Lariat,0.124685,0.0686513,-37.8963,11.489,9.431,2.058,0.135374,0.0693537,11.096,9.019,2.077,97,80,train,train,train,train,test,test,train,train,train,train,,train,-0.7250000000000001,-0.65324455
6981,2021_Kelly,CC(=O)N1CCC[C@H]1C(=O)N[C@@H]1C(=O)N[C@H](CC(C)C)C(=O)N(C)[C@H](CC(C)C)C(=O)N(C)[C@H](CC(C)C)C(=O)N(C)[C@H](CC(C)C)C(=O)N[C@H](C)C(=O)N[C@@H](CC(C)C)C(=O)N2CCC[C@@H]2C(=O)O[C@@H]1C,L3_4.4.4.2.1,6981,-5.36,10,8,Lariat,0.157307,0.097419,-21.7563,11.39,9.874,1.516,0.111602,0.0591713,10.808,9.632,1.176,53,40,test,val,train,val,train,test,test,train,train,train,,test,0.3199999999999998,0.35689944
6978,2021_Kelly,CC(=O)N1CCC[C@H]1C(=O)N[C@@H]1C(=O)N[C@H](CC(C)C)C(=O)N(C)[C@H](CC(C)C)C(=O)N(C)[C@H](CC(C)C)C(=O)N(C)[C@@H](CC(C)C)C(=O)N[C@@H](C)C(=O)N[C@@H](CC(C)C)C(=O)N2CCC[C@@H]2C(=O)O[C@@H]1C,L3_4.4.3.1.1,6978,-5.41,10,8,Lariat,0.119195,0.0655242,-32.2718,11.539,10.047,1.492,0.112836,0.0602396,11.456,9.913,1.543,38,12,train,test,train,test,train,test,train,train,train,train,,train,0.2949999999999999,0.42805725
6976,2021_Kelly,CC(=O)N1CCC[C@H]1C(=O)N[C@@H]1C(=O)N[C@H](CC(C)C)C(=O)N(C)[C@H](CC(C)C)C(=O)N(C)[C@H](CC(C)C)C(=O)N[C@H](CC(C)C)C(=O)N(C)[C@@H](C)C(=O)N[C@@H](CC(C)C)C(=O)N2CCC[C@@H]2C(=O)O[C@@H]1C,L3_4.4.2.3.1,6976,-4.92,10,8,Lariat,0.177009,0.121981,-37.2546,11.665,9.828,1.837,0.107988,0.0539586,10.899,9.697,1.202,89,92,train,test,train,train,train,test,train,train,train,train,,train,0.54,0.47817177
6975,2021_Kelly,CC(=O)N1CCC[C@H]1C(=O)N[C@@H]1C(=O)N[C@H](CC(C)C)C(=O)N(C)[C@H](CC(C)C)C(=O)N(C)[C@H](CC(C)C)C(=O)N[C@H](CC(C)C)C(=O)N[C@H](C)C(=O)N[C@@H](CC(C)C)C(=O)N2CCC[C@@H]2C(=O)O[C@@H]1C,L3_4.4.2.2.1,6975,-5.95,10,8,Lariat,0.131207,0.0769598,-35.4022,11.275,9.341,1.934,0.0911053,0.0473088,10.078,8.759,1.319,100,12,train,train,val,train,train,test,train,train,train,train,,train,0.0249999999999999,0.28498328
6970,2021_Kelly,CC(=O)N1CCC[C@H]1C(=O)N[C@@H]1C(=O)N[C@H](CC(C)C)C(=O)N(C)[C@H](CC(C)C)C(=O)N(C)[C@@H](CC(C)C)C(=O)N(C)[C@@H](CC(C)C)C(=O)N(C)[C@@H](C)C(=O)N[C@@H](CC(C)C)C(=O)N2CCC[C@@H]2C(=O)O[C@@H]1C,L3_4.3.3.3.1,6970,-5.07,10,8,Lariat,0.121322,0.071732,-27.8316,11.308,9.664,1.644,0.103464,0.0527103,11.106,9.695,1.411,81,64,train,test,test,val,test,test,train,train,train,train,,train,0.4649999999999998,0.5092576
6965,2021_Kelly,CC(=O)N1CCC[C@H]1C(=O)N[C@@H]1C(=O)N[C@H](CC(C)C)C(=O)N(C)[C@H](CC(C)C)C(=O)N[C@H](CC(C)C)C(=O)N(C)[C@H](CC(C)C)C(=O)N(C)[C@@H](C)C(=O)N[C@@H](CC(C)C)C(=O)N2CCC[C@@H]2C(=O)O[C@@H]1C,L3_4.2.4.3.1,6965,-5.49,10,8,Lariat,0.141853,0.0785781,-29.4919,11.388,9.764,1.624,0.104953,0.0484953,10.897,9.475,1.422,70,63,train,train,train,train,train,test,train,train,train,train,,train,0.2549999999999999,0.16564292
6952,2021_Kelly,CC(=O)N1CCC[C@H]1C(=O)N[C@@H]1C(=O)N[C@H](CC(C)C)C(=O)N(C)[C@H](CC(C)C)C(=O)N[C@@H](CC(C)C)C(=O)N(C)[C@@H](CC(C)C)C(=O)N[C@H](C)C(=O)N[C@@H](CC(C)C)C(=O)N2CCC[C@@H]2C(=O)O[C@@H]1C,L3_4.1.3.2.1,6952,-5.1,10,8,Lariat,0.131072,0.0687944,-30.0779,11.495,9.597,1.898,0.106019,0.060383,10.594,8.971,1.623,43,43,train,train,val,val,train,test,train,train,train,train,,train,0.4500000000000002,0.547509
6936,2021_Kelly,CC(=O)N1CCC[C@H]1C(=O)N[C@@H]1C(=O)N[C@H](CC(C)C)C(=O)N(C)[C@@H](CC(C)C)C(=O)N(C)[C@@H](CC(C)C)C(=O)N[C@@H](CC(C)C)C(=O)N(C)[C@H](C)C(=O)N[C@@H](CC(C)C)C(=O)N2CCC[C@@H]2C(=O)O[C@@H]1C,L3_3.3.1.4.1,6936,-5.57,10,8,Lariat,0.244066,0.158302,-31.6797,11.884,9.941,1.943,0.159191,0.0921012,10.93,9.423,1.507,61,22,train,train,train,train,train,test,train,train,train,test,,train,0.2149999999999998,0.40317115
6933,2021_Kelly,CC(=O)N1CCC[C@H]1C(=O)N[C@@H]1C(=O)N[C@H](CC(C)C)C(=O)N(C)[C@@H](CC(C)C)C(=O)N[C@H](CC(C)C)C(=O)N(C)[C@@H](CC(C)C)C(=O)N(C)[C@@H](C)C(=O)N[C@@H](CC(C)C)C(=O)N2CCC[C@@H]2C(=O)O[C@@H]1C,L3_3.2.3.3.1,6933,-5.84,10,8,Lariat,0.137674,0.0798014,-18.6246,10.922,9.493,1.429,0.122728,0.0701603,10.904,9.507,1.397,91,22,train,val,train,train,train,test,val,train,train,train,,train,0.08,0.452774
6927,2021_Kelly,CC(=O)N1CCC[C@H]1C(=O)N[C@@H]1C(=O)N[C@H](CC(C)C)C(=O)N(C)[C@@H](CC(C)C)C(=O)N[C@@H](CC(C)C)C(=O)N[C@@H](CC(C)C)C(=O)N(C)[C@@H](C)C(=O)N[C@@H](CC(C)C)C(=O)N2CCC[C@@H]2C(=O)O[C@@H]1C,L3_3.1.1.3.1,6927,-5.8,10,8,Lariat,0.0988382,0.0531114,-27.2304,11.208,9.708,1.5,0.141379,0.0745078,11.158,9.798,1.36,91,53,train,train,train,train,test,test,train,train,train,val,,train,0.1,0.356381
6919,2021_Kelly,CC(=O)N1CCC[C@H]1C(=O)N[C@@H]1C(=O)N[C@H](CC(C)C)C(=O)N[C@H](CC(C)C)C(=O)N(C)[C@H](CC(C)C)C(=O)N[C@@H](CC(C)C)C(=O)N(C)[C@H](C)C(=O)N[C@@H](CC(C)C)C(=O)N2CCC[C@@H]2C(=O)O[C@@H]1C,L3_2.4.1.4.1,6919,-5.71,10,8,Lariat,0.225754,0.13829,-36.7827,11.631,9.782,1.849,0.165749,0.0899382,10.784,9.389,1.395,18,47,train,test,train,train,train,test,val,train,train,train,,train,0.145,0.29817927
6901,2021_Kelly,CC(=O)N1CCC[C@H]1C(=O)N[C@@H]1C(=O)N[C@H](CC(C)C)C(=O)N[C@H](CC(C)C)C(=O)N[C@H](CC(C)C)C(=O)N[C@@H](CC(C)C)C(=O)N(C)[C@@H](C)C(=O)N[C@@H](CC(C)C)C(=O)N2CCC[C@@H]2C(=O)O[C@@H]1C,L3_2.2.1.3.1,6901,-5.95,10,8,Lariat,0.195838,0.129047,-32.5726,11.621,9.554,2.067,0.107513,0.0549444,10.188,8.702,1.486,18,25,train,train,train,train,train,test,train,train,train,train,,train,0.0249999999999999,0.26727793
6885,2021_Kelly,CC(=O)N1CCC[C@H]1C(=O)N[C@@H]1C(=O)N[C@H](CC(C)C)C(=O)N[C@@H](CC(C)C)C(=O)N(C)[C@H](CC(C)C)C(=O)N[C@H](CC(C)C)C(=O)N[C@H](C)C(=O)N[C@@H](CC(C)C)C(=O)N2CCC[C@@H]2C(=O)O[C@@H]1C,L3_1.4.2.2.1,6885,-5.26,10,8,Lariat,0.171346,0.109568,-37.8516,11.109,9.279,1.83,0.10721,0.0541755,10.906,9.582,1.324,65,33,train,train,train,train,train,test,train,test,train,train,,train,0.3700000000000001,0.30128205
6881,2021_Kelly,CC(=O)N1CCC[C@H]1C(=O)N[C@@H]1C(=O)N[C@H](CC(C)C)C(=O)N[C@@H](CC(C)C)C(=O)N(C)[C@@H](CC(C)C)C(=O)N[C@H](CC(C)C)C(=O)N(C)[C@H](C)C(=O)N[C@@H](CC(C)C)C(=O)N2CCC[C@@H]2C(=O)O[C@@H]1C,L3_1.3.2.4.1,6881,-5.28,10,8,Lariat,0.201519,0.129558,-33.9792,11.71,9.792,1.918,0.0960978,0.0488608,10.502,9.134,1.368,2,4,train,train,train,train,train,test,train,train,train,train,,train,0.3599999999999999,0.40070698
6876,2021_Kelly,CC(=O)N1CCC[C@H]1C(=O)N[C@@H]1C(=O)N[C@H](CC(C)C)C(=O)N[C@@H](CC(C)C)C(=O)N(C)[C@@H](CC(C)C)C(=O)N[C@@H](CC(C)C)C(=O)N[C@H](C)C(=O)N[C@@H](CC(C)C)C(=O)N2CCC[C@@H]2C(=O)O[C@@H]1C,L3_1.3.1.2.1,6876,-6.07,10,8,Lariat,0.292219,0.197682,-36.6043,11.586,9.612,1.974,0.159354,0.0837457,10.603,9.167,1.436,96,57,test,train,train,train,train,test,train,train,train,val,,test,-0.0350000000000001,0.214479
6864,2021_Kelly,CC(=O)N1CCC[C@H]1C(=O)N[C@@H]1C(=O)N[C@H](CC(C)C)C(=O)N[C@@H](CC(C)C)C(=O)N[C@@H](CC(C)C)C(=O)N(C)[C@@H](CC(C)C)C(=O)N(C)[C@@H](C)C(=O)N[C@@H](CC(C)C)C(=O)N2CCC[C@@H]2C(=O)O[C@@H]1C,L3_1.1.3.3.1,6864,-6.27,10,8,Lariat,0.153024,0.0959113,-29.9664,11.134,9.22,1.914,0.106631,0.0609723,10.816,9.055,1.761,31,32,train,train,train,train,train,test,train,test,train,train,,train,-0.1349999999999998,-0.085585676
6846,2021_Kelly,CC(=O)N1CCC[C@H]1C(=O)N[C@@H]1C(=O)N(C)[C@H](CC(C)C)C(=O)N(C)[C@H](CC(C)C)C(=O)N(C)[C@@H](CC(C)C)C(=O)N[C@@H](CC(C)C)C(=O)N(C)[C@@H](C)C(=O)N[C@@H](CC(C)C)C(=O)N2CCC[C@@H]2C(=O)O[C@@H]1C,L2_4.3.1.3.1,6846,-5.09,10,8,Lariat,0.155359,0.073934,-19.0393,10.578,9.13,1.448,0.113689,0.0627422,10.88,9.672,1.208,12,80,train,train,train,train,train,test,train,val,test,train,,train,0.455,0.49357033
6845,2021_Kelly,CC(=O)N1CCC[C@H]1C(=O)N[C@@H]1C(=O)N(C)[C@H](CC(C)C)C(=O)N(C)[C@H](CC(C)C)C(=O)N[C@H](CC(C)C)C(=O)N(C)[C@H](CC(C)C)C(=O)N[C@H](C)C(=O)N[C@@H](CC(C)C)C(=O)N2CCC[C@@H]2C(=O)O[C@@H]1C,L2_4.2.4.2.1,6845,-5.11,10,8,Lariat,0.17725,0.123029,-21.6046,10.833,9.354,1.479,0.143523,0.102504,10.929,9.658,1.271,86,45,train,train,train,val,train,test,val,train,train,val,,train,0.4449999999999998,0.020274937
6833,2021_Kelly,CC(=O)N1CCC[C@H]1C(=O)N[C@@H]1C(=O)N(C)[C@H](CC(C)C)C(=O)N(C)[C@@H](CC(C)C)C(=O)N(C)[C@@H](CC(C)C)C(=O)N(C)[C@H](CC(C)C)C(=O)N(C)[C@H](C)C(=O)N[C@@H](CC(C)C)C(=O)N2CCC[C@@H]2C(=O)O[C@@H]1C,L2_3.3.4.4.1,6833,-5.22,10,8,Lariat,0.116659,0.0576656,-17.0978,11.019,9.393,1.626,0.106494,0.0593289,11.041,9.567,1.474,17,51,train,test,train,train,train,test,train,train,train,train,,train,0.3900000000000001,0.30489808
6809,2021_Kelly,CC(=O)N1CCC[C@H]1C(=O)N[C@@H]1C(=O)N(C)[C@H](CC(C)C)C(=O)N[C@H](CC(C)C)C(=O)N(C)[C@@H](CC(C)C)C(=O)N[C@H](CC(C)C)C(=O)N(C)[C@H](C)C(=O)N[C@@H](CC(C)C)C(=O)N2CCC[C@@H]2C(=O)O[C@@H]1C,L2_2.3.2.4.1,6809,-5.52,10,8,Lariat,0.156405,0.0900299,-43.8668,11.59,9.811,1.779,0.169165,0.114622,10.906,9.341,1.565,68,34,train,train,val,train,train,test,train,train,train,test,,train,0.2400000000000002,0.4987095
6794,2021_Kelly,CC(=O)N1CCC[C@H]1C(=O)N[C@@H]1C(=O)N(C)[C@H](CC(C)C)C(=O)N[C@H](CC(C)C)C(=O)N[C@@H](CC(C)C)C(=O)N(C)[C@H](CC(C)C)C(=O)N(C)[C@H](C)C(=O)N[C@@H](CC(C)C)C(=O)N2CCC[C@@H]2C(=O)O[C@@H]1C,L2_2.1.4.4.1,6794,-5.87,10,8,Lariat,0.14857,0.0959601,-32.2924,11.244,9.288,1.956,0.104241,0.0656474,10.494,9.123,1.371,41,74,train,train,train,train,val,test,val,train,val,val,,train,0.0649999999999999,0.055561453
6766,2021_Kelly,CC(=O)N1CCC[C@H]1C(=O)N(C)[C@@H](CC(C)C)C(=O)N[C@@H]1C(=O)N(C)[C@H](CC(C)C)C(=O)N(C)[C@H](CC(C)C)C(=O)N(C)[C@@H](CC(C)C)C(=O)N(C)[C@@H](C)C(=O)N[C@H](CC(C)C)C(=O)N2CCC[C@H]2C(=O)O[C@@H]1C,L1_9.4.4.3.3.2,6766,-5.06,10,7,Lariat,0.164137,0.0925902,-21.7152,11.818,10.161,1.657,0.138668,0.0825849,11.654,10.131,1.523,44,94,val,train,train,train,train,test,train,train,train,val,,val,0.4700000000000002,0.45668653
6765,2021_Kelly,CC(=O)N1CCC[C@H]1C(=O)N(C)[C@@H](CC(C)C)C(=O)N[C@@H]1C(=O)N(C)[C@H](CC(C)C)C(=O)N(C)[C@H](CC(C)C)C(=O)N[C@H](CC(C)C)C(=O)N(C)[C@@H](C)C(=O)N[C@H](CC(C)C)C(=O)N2CCC[C@H]2C(=O)O[C@@H]1C,L1_9.4.4.2.3.2,6765,-5.01,10,7,Lariat,0.135571,0.083772,-26.6603,10.924,9.393,1.531,0.115703,0.0730523,10.525,8.875,1.65,42,23,train,train,train,train,train,test,train,test,train,train,,train,0.4950000000000001,0.24524885
6761,2021_Kelly,CC(=O)N1CCC[C@H]1C(=O)N(C)[C@@H](CC(C)C)C(=O)N[C@@H]1C(=O)N(C)[C@H](CC(C)C)C(=O)N(C)[C@@H](CC(C)C)C(=O)N(C)[C@@H](CC(C)C)C(=O)N(C)[C@H](C)C(=O)N[C@H](CC(C)C)C(=O)N2CCC[C@H]2C(=O)O[C@@H]1C,L1_9.4.3.3.4.2,6761,-5.41,10,7,Lariat,0.117707,0.063454,-27.8222,11.454,9.616,1.838,0.120764,0.0736061,11.471,9.899,1.572,49,36,train,train,train,val,train,test,train,train,train,train,,train,0.2949999999999999,0.3148315
6750,2021_Kelly,CC(=O)N1CCC[C@H]1C(=O)N(C)[C@@H](CC(C)C)C(=O)N[C@@H]1C(=O)N(C)[C@@H](CC(C)C)C(=O)N(C)[C@H](CC(C)C)C(=O)N(C)[C@@H](CC(C)C)C(=O)N(C)[C@H](C)C(=O)N[C@H](CC(C)C)C(=O)N2CCC[C@H]2C(=O)O[C@@H]1C,L1_9.3.4.3.4.2,6750,-5.44,10,7,Lariat,0.243171,0.152411,-26.8484,12.029,10.25,1.779,0.0944821,0.0457359,11.017,9.894,1.123,53,71,train,train,train,train,val,test,train,train,train,train,,train,0.2799999999999998,0.16735548
6749,2021_Kelly,CC(=O)N1CCC[C@H]1C(=O)N(C)[C@@H](CC(C)C)C(=O)N[C@@H]1C(=O)N(C)[C@@H](CC(C)C)C(=O)N(C)[C@H](CC(C)C)C(=O)N(C)[C@@H](CC(C)C)C(=O)N(C)[C@@H](C)C(=O)N[C@H](CC(C)C)C(=O)N2CCC[C@H]2C(=O)O[C@@H]1C,L1_9.3.4.3.3.2,6749,-5.21,10,7,Lariat,0.257973,0.166878,-24.4726,11.726,9.804,1.922,0.225989,0.159271,11.737,10.06,1.677,100,62,val,train,train,train,test,test,train,val,train,train,,val,0.395,0.26305947
6738,2021_Kelly,CC(=O)N1CCC[C@H]1C(=O)N(C)[C@@H](CC(C)C)C(=O)N[C@@H]1C(=O)N(C)[C@@H](CC(C)C)C(=O)N[C@H](CC(C)C)C(=O)N(C)[C@@H](CC(C)C)C(=O)N(C)[C@@H](C)C(=O)N[C@H](CC(C)C)C(=O)N2CCC[C@H]2C(=O)O[C@@H]1C,L1_9.3.2.3.3.2,6738,-5.69,10,7,Lariat,0.150692,0.0967814,-22.2615,11.649,10.16,1.489,0.105418,0.050347,11.098,9.799,1.299,75,21,val,train,train,train,test,test,train,train,test,train,,val,0.1549999999999998,-0.18582761
6737,2021_Kelly,CC(=O)N1CCC[C@H]1C(=O)N(C)[C@@H](CC(C)C)C(=O)N[C@@H]1C(=O)N(C)[C@@H](CC(C)C)C(=O)N[C@H](CC(C)C)C(=O)N[C@H](CC(C)C)C(=O)N(C)[C@H](C)C(=O)N[C@H](CC(C)C)C(=O)N2CCC[C@H]2C(=O)O[C@@H]1C,L1_9.3.2.2.4.2,6737,-6.14,10,7,Lariat,0.183461,0.109894,-29.169,11.937,10.022,1.915,0.29744,0.222582,11.645,9.909,1.736,32,25,val,train,val,train,train,test,test,test,train,train,,val,-0.0699999999999998,-0.35039276
6726,2021_Kelly,CC(=O)N1CCC[C@H]1C(=O)N(C)[C@@H](CC(C)C)C(=O)N[C@@H]1C(=O)N[C@H](CC(C)C)C(=O)N(C)[C@H](CC(C)C)C(=O)N[C@@H](CC(C)C)C(=O)N(C)[C@@H](C)C(=O)N[C@H](CC(C)C)C(=O)N2CCC[C@H]2C(=O)O[C@@H]1C,L1_9.2.4.1.3.2,6726,-5.18,10,7,Lariat,0.183627,0.107493,-24.9401,11.367,9.672,1.695,0.173448,0.113835,11.139,9.533,1.606,77,15,train,train,train,train,train,test,train,train,test,train,,train,0.4100000000000001,0.5371075
6724,2021_Kelly,CC(=O)N1CCC[C@H]1C(=O)N(C)[C@@H](CC(C)C)C(=O)N[C@@H]1C(=O)N[C@H](CC(C)C)C(=O)N(C)[C@@H](CC(C)C)C(=O)N(C)[C@@H](CC(C)C)C(=O)N(C)[C@H](C)C(=O)N[C@H](CC(C)C)C(=O)N2CCC[C@H]2C(=O)O[C@@H]1C,L1_9.2.3.3.4.2,6724,-5.48,10,7,Lariat,0.171592,0.105256,-31.3596,11.659,9.807,1.852,0.167085,0.109385,12.063,10.327,1.736,84,92,train,train,test,train,test,test,test,train,train,test,,train,0.2599999999999998,0.20156854
6697,2021_Kelly,CC(=O)N1CCC[C@H]1C(=O)N(C)[C@@H](CC(C)C)C(=O)N[C@@H]1C(=O)N[C@@H](CC(C)C)C(=O)N[C@@H](CC(C)C)C(=O)N(C)[C@@H](CC(C)C)C(=O)N(C)[C@H](C)C(=O)N[C@H](CC(C)C)C(=O)N2CCC[C@H]2C(=O)O[C@@H]1C,L1_9.1.1.3.4.2,6697,-6.29,10,7,Lariat,0.141611,0.0846282,-29.2539,11.446,9.619,1.827,0.168281,0.110046,11.322,9.746,1.576,36,100,train,train,train,train,val,test,train,train,train,train,,train,-0.145,-0.13201739
6670,2021_Kelly,CC(=O)N1CCC[C@@H]1C(=O)N(C)[C@H](CC(C)C)C(=O)N[C@@H]1C(=O)N[C@H](CC(C)C)C(=O)N[C@H](CC(C)C)C(=O)N(C)[C@@H](CC(C)C)C(=O)N(C)[C@@H](C)C(=O)N[C@@H](CC(C)C)C(=O)N2CCC[C@@H]2C(=O)O[C@@H]1C,L1_8.2.2.3.3.1,6670,-5.25,10,7,Lariat,0.163278,0.0976919,-21.742,11.219,9.582,1.637,0.145132,0.0925022,11.467,10.023,1.444,39,58,train,train,train,train,train,test,train,train,train,train,,train,0.375,0.17087218
6666,2021_Kelly,CC(=O)N1CCC[C@@H]1C(=O)N(C)[C@H](CC(C)C)C(=O)N[C@@H]1C(=O)N[C@H](CC(C)C)C(=O)N[C@H](CC(C)C)C(=O)N[C@@H](CC(C)C)C(=O)N[C@@H](C)C(=O)N[C@@H](CC(C)C)C(=O)N2CCC[C@@H]2C(=O)O[C@@H]1C,L1_8.2.2.1.1.1,6666,-7.82,10,7,Lariat,0.289927,0.224728,-31.8707,11.319,9.404,1.915,0.127692,0.0662303,10.454,9.053,1.401,25,16,test,train,train,train,train,test,train,test,train,train,,test,-0.91,-0.4343801
6659,2021_Kelly,CC(=O)N1CCC[C@@H]1C(=O)N(C)[C@H](CC(C)C)C(=O)N[C@@H]1C(=O)N[C@@H](CC(C)C)C(=O)N[C@H](CC(C)C)C(=O)N(C)[C@@H](CC(C)C)C(=O)N(C)[C@@H](C)C(=O)N[C@@H](CC(C)C)C(=O)N2CCC[C@@H]2C(=O)O[C@@H]1C,L1_8.1.2.3.3.1,6659,-5.22,10,7,Lariat,0.135826,0.0875248,-24.7215,11.232,9.525,1.707,0.178882,0.127413,10.829,9.368,1.461,96,20,train,train,val,test,train,test,train,test,train,val,,train,0.3900000000000001,-0.02287187
6658,2021_Kelly,CC(=O)N1CCC[C@@H]1C(=O)N(C)[C@H](CC(C)C)C(=O)N[C@@H]1C(=O)N[C@@H](CC(C)C)C(=O)N[C@H](CC(C)C)C(=O)N[C@H](CC(C)C)C(=O)N[C@H](C)C(=O)N[C@@H](CC(C)C)C(=O)N2CCC[C@@H]2C(=O)O[C@@H]1C,L1_8.1.2.2.2.1,6658,-7.33,10,7,Lariat,0.162362,0.0880846,-45.5001,11.441,9.315,2.126,0.099721,0.0477334,10.181,8.968,1.213,37,16,train,train,test,train,train,test,test,train,train,train,,train,-0.665,-0.4794891
6657,2021_Kelly,CC(=O)N1CCC[C@@H]1C(=O)N(C)[C@H](CC(C)C)C(=O)N[C@@H]1C(=O)N[C@@H](CC(C)C)C(=O)N[C@@H](CC(C)C)C(=O)N(C)[C@@H](CC(C)C)C(=O)N(C)[C@H](C)C(=O)N[C@@H](CC(C)C)C(=O)N2CCC[C@@H]2C(=O)O[C@@H]1C,L1_8.1.1.3.4.1,6657,-6.41,10,7,Lariat,0.120245,0.059762,-27.9553,11.068,9.442,1.626,0.182903,0.116976,11.092,9.526,1.566,24,48,train,train,val,train,train,test,train,val,train,train,,train,-0.205,0.02252794
6644,2021_Kelly,CC(=O)N1CCC[C@@H]1C(=O)N(C)[C@H](CC(C)C)C(=O)N[C@@H]1C(=O)N(C)[C@H](CC(C)C)C(=O)N[C@@H](CC(C)C)C(=O)N(C)[C@H](CC(C)C)C(=O)N(C)[C@H](C)C(=O)N[C@@H](CC(C)C)C(=O)N2CCC[C@H]2C(=O)O[C@@H]1C,L1_7.4.1.4.4.1,6644,-5.55,10,7,Lariat,0.248687,0.155886,-36.275,11.655,9.805,1.85,0.0915868,0.0516016,10.863,9.47,1.393,48,80,train,train,train,train,train,test,train,test,train,train,,train,0.2250000000000001,0.2786413
6643,2021_Kelly,CC(=O)N1CCC[C@@H]1C(=O)N(C)[C@H](CC(C)C)C(=O)N[C@@H]1C(=O)N(C)[C@H](CC(C)C)C(=O)N[C@@H](CC(C)C)C(=O)N(C)[C@@H](CC(C)C)C(=O)N(C)[C@@H](C)C(=O)N[C@@H](CC(C)C)C(=O)N2CCC[C@H]2C(=O)O[C@@H]1C,L1_7.4.1.3.3.1,6643,-5.51,10,7,Lariat,0.175537,0.119277,-22.6613,11.282,9.506,1.776,0.115246,0.0725413,11.119,9.623,1.496,43,67,train,train,train,train,train,test,train,train,train,train,,train,0.2450000000000001,0.18441391
6634,2021_Kelly,CC(=O)N1CCC[C@@H]1C(=O)N(C)[C@H](CC(C)C)C(=O)N[C@@H]1C(=O)N[C@H](CC(C)C)C(=O)N(C)[C@H](CC(C)C)C(=O)N(C)[C@H](CC(C)C)C(=O)N(C)[C@@H](C)C(=O)N[C@@H](CC(C)C)C(=O)N2CCC[C@H]2C(=O)O[C@@H]1C,L1_7.2.4.4.3.1,6634,-5.62,10,7,Lariat,0.258046,0.157812,-19.9029,10.994,9.392,1.602,0.212363,0.160065,10.738,9.331,1.407,46,8,train,train,train,test,train,test,val,train,train,train,,train,0.1899999999999999,0.2012397
6625,2021_Kelly,CC(=O)N1CCC[C@@H]1C(=O)N(C)[C@H](CC(C)C)C(=O)N[C@@H]1C(=O)N[C@H](CC(C)C)C(=O)N[C@H](CC(C)C)C(=O)N(C)[C@H](CC(C)C)C(=O)N(C)[C@H](C)C(=O)N[C@@H](CC(C)C)C(=O)N2CCC[C@H]2C(=O)O[C@@H]1C,L1_7.2.2.4.4.1,6625,-6.35,10,7,Lariat,0.224023,0.149112,-31.576,11.386,9.672,1.714,0.134547,0.0850722,10.781,9.181,1.6,10,63,test,train,train,train,train,test,train,train,train,train,,test,-0.1749999999999998,0.0013406798
6614,2021_Kelly,CC(=O)N1CCC[C@@H]1C(=O)N(C)[C@H](CC(C)C)C(=O)N[C@@H]1C(=O)N[C@H](CC(C)C)C(=O)N[C@@H](CC(C)C)C(=O)N[C@H](CC(C)C)C(=O)N(C)[C@@H](C)C(=O)N[C@@H](CC(C)C)C(=O)N2CCC[C@H]2C(=O)O[C@@H]1C,L1_7.2.1.2.3.1,6614,-5.5,10,7,Lariat,0.238554,0.156915,-31.1455,11.391,9.726,1.665,0.154027,0.0954621,10.766,9.483,1.283,24,19,train,train,train,train,train,test,train,train,train,train,,train,0.25,0.08925382
6607,2021_Kelly,CC(=O)N1CCC[C@@H]1C(=O)N(C)[C@H](CC(C)C)C(=O)N[C@@H]1C(=O)N[C@@H](CC(C)C)C(=O)N(C)[C@H](CC(C)C)C(=O)N[C@H](CC(C)C)C(=O)N(C)[C@H](C)C(=O)N[C@@H](CC(C)C)C(=O)N2CCC[C@H]2C(=O)O[C@@H]1C,L1_7.1.4.2.4.1,6607,-6.73,10,7,Lariat,0.259359,0.166572,-26.8005,11.744,10.147,1.597,0.239676,0.160817,10.97,9.631,1.339,100,78,train,train,train,train,train,test,val,val,train,train,,train,-0.3650000000000002,-0.10750938
6605,2021_Kelly,CC(=O)N1CCC[C@@H]1C(=O)N(C)[C@H](CC(C)C)C(=O)N[C@@H]1C(=O)N[C@@H](CC(C)C)C(=O)N(C)[C@@H](CC(C)C)C(=O)N(C)[C@H](CC(C)C)C(=O)N[C@@H](C)C(=O)N[C@@H](CC(C)C)C(=O)N2CCC[C@H]2C(=O)O[C@@H]1C,L1_7.1.3.4.1.1,6605,-7.18,10,7,Lariat,0.244912,0.15346,-26.1972,11.415,9.684,1.731,0.177171,0.117177,11.196,9.735,1.461,99,47,train,train,val,train,train,test,train,train,train,train,,train,-0.5899999999999999,-0.37366408
6590,2021_Kelly,CC(=O)N1CCC[C@H]1C(=O)N(C)[C@H](CC(C)C)C(=O)N[C@@H]1C(=O)N(C)[C@@H](CC(C)C)C(=O)N(C)[C@H](CC(C)C)C(=O)N(C)[C@@H](CC(C)C)C(=O)N(C)[C@H](C)C(=O)N[C@@H](CC(C)C)C(=O)N2CCC[C@@H]2C(=O)O[C@@H]1C,L1_6.3.4.3.4.1,6590,-5.41,10,7,Lariat,0.193388,0.130201,-23.3753,11.629,10.239,1.39,0.136241,0.0875445,11.273,9.963,1.31,24,13,train,train,train,train,train,test,val,train,train,test,,train,0.2949999999999999,0.40204507
6583,2021_Kelly,CC(=O)N1CCC[C@H]1C(=O)N(C)[C@H](CC(C)C)C(=O)N[C@@H]1C(=O)N(C)[C@@H](CC(C)C)C(=O)N[C@@H](CC(C)C)C(=O)N(C)[C@H](CC(C)C)C(=O)N(C)[C@@H](C)C(=O)N[C@@H](CC(C)C)C(=O)N2CCC[C@@H]2C(=O)O[C@@H]1C,L1_6.3.1.4.3.1,6583,-5.29,10,7,Lariat,0.153605,0.0900316,-22.6563,11.669,10.12,1.549,0.124845,0.0713893,11.502,9.936,1.566,25,42,test,train,train,train,train,test,train,train,val,train,,test,0.355,0.507069
6582,2021_Kelly,CC(=O)N1CCC[C@H]1C(=O)N(C)[C@H](CC(C)C)C(=O)N[C@@H]1C(=O)N(C)[C@@H](CC(C)C)C(=O)N[C@@H](CC(C)C)C(=O)N(C)[C@@H](CC(C)C)C(=O)N(C)[C@@H](C)C(=O)N[C@@H](CC(C)C)C(=O)N2CCC[C@@H]2C(=O)O[C@@H]1C,L1_6.3.1.3.3.1,6582,-5.3,10,7,Lariat,0.148172,0.0823754,-33.6941,11.35,9.487,1.863,0.150407,0.0775406,10.879,9.547,1.332,94,49,train,train,train,train,train,test,train,train,train,train,,train,0.3500000000000001,0.45645016
6580,2021_Kelly,CC(=O)N1CCC[C@H]1C(=O)N(C)[C@H](CC(C)C)C(=O)N[C@@H]1C(=O)N[C@H](CC(C)C)C(=O)N(C)[C@H](CC(C)C)C(=O)N(C)[C@@H](CC(C)C)C(=O)N(C)[C@H](C)C(=O)N[C@@H](CC(C)C)C(=O)N2CCC[C@@H]2C(=O)O[C@@H]1C,L1_6.2.4.3.4.1,6580,-5.23,10,7,Lariat,0.180267,0.107151,-20.3151,10.824,9.144,1.68,0.117414,0.0634974,10.736,9.104,1.632,51,100,test,train,train,train,train,test,train,train,train,train,,test,0.3849999999999998,0.4208258
6579,2021_Kelly,CC(=O)N1CCC[C@H]1C(=O)N(C)[C@H](CC(C)C)C(=O)N[C@@H]1C(=O)N[C@H](CC(C)C)C(=O)N(C)[C@H](CC(C)C)C(=O)N(C)[C@@H](CC(C)C)C(=O)N[C@@H](C)C(=O)N[C@@H](CC(C)C)C(=O)N2CCC[C@@H]2C(=O)O[C@@H]1C,L1_6.2.4.3.1.1,6579,-5.89,10,7,Lariat,0.1953,0.117929,-33.7148,11.194,9.457,1.737,0.154541,0.101369,11.4,9.648,1.752,99,72,train,train,train,test,train,test,train,train,train,train,,train,0.0550000000000001,0.4088003
6577,2021_Kelly,CC(=O)N1CCC[C@H]1C(=O)N(C)[C@H](CC(C)C)C(=O)N[C@@H]1C(=O)N[C@H](CC(C)C)C(=O)N(C)[C@H](CC(C)C)C(=O)N[C@H](CC(C)C)C(=O)N(C)[C@@H](C)C(=O)N[C@@H](CC(C)C)C(=O)N2CCC[C@@H]2C(=O)O[C@@H]1C,L1_6.2.4.2.3.1,6577,-5.39,10,7,Lariat,0.18561,0.112717,-33.2919,11.588,9.935,1.653,0.168126,0.115562,11.215,9.783,1.432,67,45,train,val,train,train,train,test,train,train,train,train,,train,0.3050000000000001,0.41662067
6571,2021_Kelly,CC(=O)N1CCC[C@H]1C(=O)N(C)[C@H](CC(C)C)C(=O)N[C@@H]1C(=O)N[C@H](CC(C)C)C(=O)N(C)[C@@H](CC(C)C)C(=O)N[C@H](CC(C)C)C(=O)N(C)[C@H](C)C(=O)N[C@@H](CC(C)C)C(=O)N2CCC[C@@H]2C(=O)O[C@@H]1C,L1_6.2.3.2.4.1,6571,-5.1,10,7,Lariat,0.121401,0.0629584,-32.1922,11.454,9.938,1.516,0.148403,0.0933552,11.297,10.127,1.17,51,66,test,train,train,train,train,test,train,train,train,train,,test,0.4500000000000002,0.45182994
6561,2021_Kelly,CC(=O)N1CCC[C@H]1C(=O)N(C)[C@H](CC(C)C)C(=O)N[C@@H]1C(=O)N[C@@H](CC(C)C)C(=O)N(C)[C@H](CC(C)C)C(=O)N(C)[C@H](CC(C)C)C(=O)N(C)[C@H](C)C(=O)N[C@@H](CC(C)C)C(=O)N2CCC[C@@H]2C(=O)O[C@@H]1C,L1_6.1.4.4.4.1,6561,-5.58,10,7,Lariat,0.162143,0.0973222,-35.4892,11.489,9.6,1.889,0.0951789,0.0468498,10.346,9.148,1.198,84,85,train,test,train,train,train,test,train,train,train,train,,train,0.2099999999999999,0.24842757
6509,2021_Kelly,CC(=O)N1CCC[C@H]1C(=O)N(C)[C@H](CC(C)C)C(=O)N[C@@H]1C(=O)N[C@H](CC(C)C)C(=O)N(C)[C@H](CC(C)C)C(=O)N[C@@H](CC(C)C)C(=O)N(C)[C@H](C)C(=O)N[C@@H](CC(C)C)C(=O)N2CCC[C@H]2C(=O)O[C@@H]1C,L1_5.2.4.1.4.1,6509,-5.32,10,7,Lariat,0.291473,0.186333,-34.1837,11.66,9.962,1.698,0.143001,0.0753196,11.226,9.796,1.43,5,57,train,val,train,train,val,test,train,train,train,test,,train,0.3399999999999998,0.37594733
6492,2021_Kelly,CC(=O)N1CCC[C@H]1C(=O)N(C)[C@H](CC(C)C)C(=O)N[C@@H]1C(=O)N[C@@H](CC(C)C)C(=O)N(C)[C@H](CC(C)C)C(=O)N[C@@H](CC(C)C)C(=O)N(C)[C@H](C)C(=O)N[C@@H](CC(C)C)C(=O)N2CCC[C@H]2C(=O)O[C@@H]1C,L1_5.1.4.1.4.1,6492,-5.89,10,7,Lariat,0.242716,0.155936,-39.6798,11.7,9.9,1.8,0.224011,0.153198,10.934,9.492,1.442,26,38,train,val,train,train,test,test,train,train,train,train,,train,0.0550000000000001,0.22636876
6470,2021_Kelly,CC(=O)N1CCC[C@@H]1C(=O)N(C)[C@@H](CC(C)C)C(=O)N[C@@H]1C(=O)N(C)[C@H](CC(C)C)C(=O)N(C)[C@H](CC(C)C)C(=O)N[C@H](CC(C)C)C(=O)N(C)[C@@H](C)C(=O)N[C@@H](CC(C)C)C(=O)N2CCC[C@@H]2C(=O)O[C@@H]1C,L1_4.4.4.2.3.1,6470,-5.32,10,7,Lariat,0.156408,0.0945618,-26.204,12.237,10.413,1.824,0.140484,0.0911701,11.348,9.575,1.773,33,3,train,train,train,train,train,test,train,train,test,train,,train,0.3399999999999998,0.40418896
6464,2021_Kelly,CC(=O)N1CCC[C@@H]1C(=O)N(C)[C@@H](CC(C)C)C(=O)N[C@@H]1C(=O)N(C)[C@H](CC(C)C)C(=O)N(C)[C@@H](CC(C)C)C(=O)N[C@H](CC(C)C)C(=O)N(C)[C@@H](C)C(=O)N[C@@H](CC(C)C)C(=O)N2CCC[C@@H]2C(=O)O[C@@H]1C,L1_4.4.3.2.3.1,6464,-5.58,10,7,Lariat,0.20108,0.130081,-23.3533,11.392,9.931,1.461,0.232444,0.171042,11.325,9.849,1.476,75,48,train,train,train,train,train,test,train,train,train,train,,train,0.2099999999999999,0.093017995
6451,2021_Kelly,CC(=O)N1CCC[C@@H]1C(=O)N(C)[C@@H](CC(C)C)C(=O)N[C@@H]1C(=O)N(C)[C@@H](CC(C)C)C(=O)N(C)[C@@H](CC(C)C)C(=O)N(C)[C@@H](CC(C)C)C(=O)N[C@@H](C)C(=O)N[C@@H](CC(C)C)C(=O)N2CCC[C@@H]2C(=O)O[C@@H]1C,L1_4.3.3.3.1.1,6451,-5.56,10,7,Lariat,0.135064,0.0790808,-29.5255,11.34,9.459,1.881,0.117155,0.0672874,11.257,9.537,1.72,90,88,train,train,train,train,train,test,train,val,train,train,,train,0.2200000000000002,0.22397503
6435,2021_Kelly,CC(=O)N1CCC[C@@H]1C(=O)N(C)[C@@H](CC(C)C)C(=O)N[C@@H]1C(=O)N[C@H](CC(C)C)C(=O)N(C)[C@H](CC(C)C)C(=O)N[C@@H](CC(C)C)C(=O)N[C@@H](C)C(=O)N[C@@H](CC(C)C)C(=O)N2CCC[C@@H]2C(=O)O[C@@H]1C,L1_4.2.4.1.1.1,6435,-5.93,10,7,Lariat,0.205609,0.131182,-34.9473,11.64,9.872,1.768,0.151058,0.100993,11.511,10.036,1.475,66,54,train,test,train,test,train,test,train,train,train,train,,train,0.0350000000000001,0.17679036
6429,2021_Kelly,CC(=O)N1CCC[C@@H]1C(=O)N(C)[C@@H](CC(C)C)C(=O)N[C@@H]1C(=O)N[C@H](CC(C)C)C(=O)N(C)[C@@H](CC(C)C)C(=O)N[C@@H](CC(C)C)C(=O)N(C)[C@@H](C)C(=O)N[C@@H](CC(C)C)C(=O)N2CCC[C@@H]2C(=O)O[C@@H]1C,L1_4.2.3.1.3.1,6429,-5.18,10,7,Lariat,0.165895,0.0969753,-24.8499,11.471,9.699,1.772,0.13151,0.0701777,11.017,9.6,1.417,73,22,val,train,train,train,train,test,test,val,train,test,,val,0.4100000000000001,0.2889541
6416,2021_Kelly,CC(=O)N1CCC[C@@H]1C(=O)N(C)[C@@H](CC(C)C)C(=O)N[C@@H]1C(=O)N[C@H](CC(C)C)C(=O)N[C@@H](CC(C)C)C(=O)N[C@@H](CC(C)C)C(=O)N(C)[C@@H](C)C(=O)N[C@@H](CC(C)C)C(=O)N2CCC[C@@H]2C(=O)O[C@@H]1C,L1_4.2.1.1.3.1,6416,-5.93,10,7,Lariat,0.17609,0.107796,-25.8104,11.29,9.619,1.671,0.130813,0.0693576,10.921,9.523,1.398,40,15,train,train,train,train,train,test,train,train,train,train,,train,0.0350000000000001,0.0050250366
6375,2021_Kelly,CC(=O)N1CCC[C@@H]1C(=O)N(C)[C@@H](CC(C)C)C(=O)N[C@@H]1C(=O)N(C)[C@H](CC(C)C)C(=O)N[C@H](CC(C)C)C(=O)N[C@H](CC(C)C)C(=O)N[C@@H](C)C(=O)N[C@@H](CC(C)C)C(=O)N2CCC[C@H]2C(=O)O[C@@H]1C,L1_3.4.2.2.1.1,6375,-6.5,10,7,Lariat,0.273079,0.18777,-27.5993,11.694,9.714,1.98,0.116282,0.0736976,10.067,8.821,1.246,57,73,test,train,train,train,val,test,train,test,train,train,,test,-0.25,-0.32321244
6359,2021_Kelly,CC(=O)N1CCC[C@@H]1C(=O)N(C)[C@@H](CC(C)C)C(=O)N[C@@H]1C(=O)N(C)[C@@H](CC(C)C)C(=O)N[C@H](CC(C)C)C(=O)N(C)[C@H](CC(C)C)C(=O)N[C@H](C)C(=O)N[C@@H](CC(C)C)C(=O)N2CCC[C@H]2C(=O)O[C@@H]1C,L1_3.3.2.4.2.1,6359,-5.93,10,7,Lariat,0.163457,0.0928507,-34.7054,11.945,9.975,1.97,0.135376,0.0776208,11.084,9.411,1.673,43,25,train,train,train,train,train,test,train,train,train,train,,train,0.0350000000000001,-0.065389566
6348,2021_Kelly,CC(=O)N1CCC[C@@H]1C(=O)N(C)[C@@H](CC(C)C)C(=O)N[C@@H]1C(=O)N[C@H](CC(C)C)C(=O)N(C)[C@H](CC(C)C)C(=O)N(C)[C@@H](CC(C)C)C(=O)N(C)[C@H](C)C(=O)N[C@@H](CC(C)C)C(=O)N2CCC[C@H]2C(=O)O[C@@H]1C,L1_3.2.4.3.4.1,6348,-5.3,10,7,Lariat,0.246317,0.167596,-20.0734,11.615,9.969,1.646,0.209076,0.146198,11.371,9.909,1.462,38,75,train,train,train,train,train,test,train,val,train,train,,train,0.3500000000000001,0.3461312
6346,2021_Kelly,CC(=O)N1CCC[C@@H]1C(=O)N(C)[C@@H](CC(C)C)C(=O)N[C@@H]1C(=O)N[C@H](CC(C)C)C(=O)N(C)[C@H](CC(C)C)C(=O)N[C@H](CC(C)C)C(=O)N(C)[C@@H](C)C(=O)N[C@@H](CC(C)C)C(=O)N2CCC[C@H]2C(=O)O[C@@H]1C,L1_3.2.4.2.3.1,6346,-5.71,10,7,Lariat,0.156951,0.104993,-26.9882,11.092,9.298,1.794,0.180921,0.102491,11.009,9.43,1.579,30,57,train,train,train,train,train,test,test,val,train,train,,train,0.145,0.20943385
6318,2021_Kelly,CC(=O)N1CCC[C@@H]1C(=O)N(C)[C@@H](CC(C)C)C(=O)N[C@@H]1C(=O)N[C@@H](CC(C)C)C(=O)N[C@@H](CC(C)C)C(=O)N(C)[C@@H](CC(C)C)C(=O)N(C)[C@H](C)C(=O)N[C@@H](CC(C)C)C(=O)N2CCC[C@H]2C(=O)O[C@@H]1C,L1_3.1.1.3.4.1,6318,-5.84,10,7,Lariat,0.228666,0.135461,-33.8852,11.848,9.926,1.922,0.121257,0.0669904,11.361,9.74,1.621,24,85,train,train,train,train,train,test,val,train,train,val,,train,0.08,-0.0031582788
6295,2021_Kelly,CC(=O)N1CCC[C@H]1C(=O)N(C)[C@@H](CC(C)C)C(=O)N[C@@H]1C(=O)N(C)[C@@H](CC(C)C)C(=O)N(C)[C@@H](CC(C)C)C(=O)N(C)[C@H](CC(C)C)C(=O)N(C)[C@H](C)C(=O)N[C@@H](CC(C)C)C(=O)N2CCC[C@@H]2C(=O)O[C@@H]1C,L1_2.3.3.4.4.1,6295,-5.5,10,7,Lariat,0.239927,0.153802,-30.2866,11.967,10.129,1.838,0.116053,0.0589266,10.705,9.394,1.311,100,99,train,train,train,train,train,test,train,test,train,val,,train,0.25,0.35706955
6253,2021_Kelly,CC(=O)N1CCC[C@@H]1C(=O)N(C)[C@H](CC(C)C)C(=O)N[C@@H]1C(=O)N(C)[C@H](CC(C)C)C(=O)N(C)[C@@H](CC(C)C)C(=O)N(C)[C@@H](CC(C)C)C(=O)N(C)[C@H](C)C(=O)N[C@H](CC(C)C)C(=O)N2CCC[C@@H]2C(=O)O[C@@H]1C,L1_16.4.3.3.4.2,6253,-5.78,10,7,Lariat,0.133239,0.0755156,-24.1998,11.576,9.776,1.8,0.201047,0.138494,11.826,10.122,1.704,58,56,train,test,train,train,val,test,test,train,train,train,,train,0.1099999999999998,-0.03559635
6242,2021_Kelly,CC(=O)N1CCC[C@@H]1C(=O)N(C)[C@H](CC(C)C)C(=O)N[C@@H]1C(=O)N(C)[C@@H](CC(C)C)C(=O)N(C)[C@H](CC(C)C)C(=O)N[C@H](CC(C)C)C(=O)N(C)[C@@H](C)C(=O)N[C@H](CC(C)C)C(=O)N2CCC[C@@H]2C(=O)O[C@@H]1C,L1_16.3.4.2.3.2,6242,-6.06,10,7,Lariat,0.203056,0.126415,-24.3073,11.956,10.122,1.834,0.182904,0.133539,11.152,9.449,1.703,37,22,train,train,train,train,train,test,train,val,train,train,,train,-0.0299999999999998,0.24452713
6231,2021_Kelly,CC(=O)N1CCC[C@@H]1C(=O)N(C)[C@H](CC(C)C)C(=O)N[C@@H]1C(=O)N(C)[C@@H](CC(C)C)C(=O)N[C@@H](CC(C)C)C(=O)N(C)[C@@H](CC(C)C)C(=O)N(C)[C@@H](C)C(=O)N[C@H](CC(C)C)C(=O)N2CCC[C@@H]2C(=O)O[C@@H]1C,L1_16.3.1.3.3.2,6231,-5.93,10,7,Lariat,0.175427,0.108204,-24.2669,11.59,10.04,1.55,0.116075,0.0651557,11.331,9.614,1.717,15,32,train,train,train,train,train,test,train,train,train,train,,train,0.0350000000000001,0.251406
6226,2021_Kelly,CC(=O)N1CCC[C@@H]1C(=O)N(C)[C@H](CC(C)C)C(=O)N[C@@H]1C(=O)N[C@H](CC(C)C)C(=O)N(C)[C@H](CC(C)C)C(=O)N(C)[C@@H](CC(C)C)C(=O)N(C)[C@@H](C)C(=O)N[C@H](CC(C)C)C(=O)N2CCC[C@@H]2C(=O)O[C@@H]1C,L1_16.2.4.3.3.2,6226,-5.16,10,7,Lariat,0.172634,0.097913,-23.6957,11.153,9.523,1.63,0.225955,0.155472,10.953,9.468,1.485,71,43,train,train,train,train,train,test,train,train,val,test,,train,0.4199999999999999,0.1261831
6223,2021_Kelly,CC(=O)N1CCC[C@@H]1C(=O)N(C)[C@H](CC(C)C)C(=O)N[C@@H]1C(=O)N[C@H](CC(C)C)C(=O)N(C)[C@H](CC(C)C)C(=O)N[C@H](CC(C)C)C(=O)N[C@H](C)C(=O)N[C@H](CC(C)C)C(=O)N2CCC[C@@H]2C(=O)O[C@@H]1C,L1_16.2.4.2.2.2,6223,-7.15,10,7,Lariat,0.188314,0.117349,-30.1856,11.48,9.721,1.759,0.134268,0.0728682,10.406,9.132,1.274,61,95,val,train,train,train,val,test,train,test,train,train,,val,-0.5750000000000002,-0.28346387
6216,2021_Kelly,CC(=O)N1CCC[C@@H]1C(=O)N(C)[C@H](CC(C)C)C(=O)N[C@@H]1C(=O)N[C@H](CC(C)C)C(=O)N[C@H](CC(C)C)C(=O)N[C@H](CC(C)C)C(=O)N(C)[C@@H](C)C(=O)N[C@H](CC(C)C)C(=O)N2CCC[C@@H]2C(=O)O[C@@H]1C,L1_16.2.2.2.3.2,6216,-6.34,10,7,Lariat,0.176028,0.0997625,-22.0287,10.681,8.933,1.748,0.12584,0.0775728,10.68,9.115,1.565,88,21,train,val,train,test,train,test,train,train,train,train,,train,-0.1699999999999999,-0.34595543
6213,2021_Kelly,CC(=O)N1CCC[C@@H]1C(=O)N(C)[C@H](CC(C)C)C(=O)N[C@@H]1C(=O)N[C@H](CC(C)C)C(=O)N[C@@H](CC(C)C)C(=O)N(C)[C@H](CC(C)C)C(=O)N[C@H](C)C(=O)N[C@H](CC(C)C)C(=O)N2CCC[C@@H]2C(=O)O[C@@H]1C,L1_16.2.1.4.2.2,6213,-6.1,10,7,Lariat,0.280123,0.194199,-29.7792,11.605,9.695,1.91,0.287034,0.208509,11.112,9.344,1.768,20,5,train,train,train,test,train,test,train,test,train,train,,train,-0.0499999999999998,0.15796292
6209,2021_Kelly,CC(=O)N1CCC[C@@H]1C(=O)N(C)[C@H](CC(C)C)C(=O)N[C@@H]1C(=O)N[C@H](CC(C)C)C(=O)N[C@@H](CC(C)C)C(=O)N[C@@H](CC(C)C)C(=O)N[C@@H](C)C(=O)N[C@H](CC(C)C)C(=O)N2CCC[C@@H]2C(=O)O[C@@H]1C,L1_16.2.1.1.1.2,6209,-8.1,10,7,Lariat,0.147105,0.0890676,-32.9444,10.785,9.054,1.731,0.115016,0.0663259,10.789,9.215,1.574,81,96,val,train,train,train,train,test,train,train,train,val,,val,-1.0,-0.4022771
6208,2021_Kelly,CC(=O)N1CCC[C@@H]1C(=O)N(C)[C@H](CC(C)C)C(=O)N[C@@H]1C(=O)N[C@@H](CC(C)C)C(=O)N(C)[C@H](CC(C)C)C(=O)N(C)[C@H](CC(C)C)C(=O)N(C)[C@H](C)C(=O)N[C@H](CC(C)C)C(=O)N2CCC[C@@H]2C(=O)O[C@@H]1C,L1_16.1.4.4.4.2,6208,-5.94,10,7,Lariat,0.259808,0.174446,-27.3381,11.61,9.925,1.685,0.199644,0.143366,11.286,9.848,1.438,77,68,train,train,val,train,val,test,test,train,val,train,,train,0.0299999999999998,0.024677139
6203,2021_Kelly,CC(=O)N1CCC[C@@H]1C(=O)N(C)[C@H](CC(C)C)C(=O)N[C@@H]1C(=O)N[C@@H](CC(C)C)C(=O)N(C)[C@@H](CC(C)C)C(=O)N[C@@H](CC(C)C)C(=O)N(C)[C@H](C)C(=O)N[C@H](CC(C)C)C(=O)N2CCC[C@@H]2C(=O)O[C@@H]1C,L1_16.1.3.1.4.2,6203,-5.46,10,7,Lariat,0.181341,0.117268,-29.3648,11.448,9.621,1.827,0.151761,0.100706,11.284,9.465,1.819,87,12,train,train,train,train,train,test,train,train,train,train,,train,0.27,0.0988957
6189,2021_Kelly,CC(=O)N1CCC[C@@H]1C(=O)N(C)[C@H](CC(C)C)C(=O)N[C@@H]1C(=O)N(C)[C@H](CC(C)C)C(=O)N(C)[C@H](CC(C)C)C(=O)N[C@H](CC(C)C)C(=O)N(C)[C@@H](C)C(=O)N[C@H](CC(C)C)C(=O)N2CCC[C@H]2C(=O)O[C@@H]1C,L1_15.4.4.2.3.2,6189,-5.19,10,7,Lariat,0.186575,0.116614,-21.6575,10.804,9.149,1.655,0.245051,0.164954,11.91,10.075,1.835,83,31,train,val,train,train,train,test,test,train,train,train,,train,0.4049999999999998,0.32654408
6182,2021_Kelly,CC(=O)N1CCC[C@@H]1C(=O)N(C)[C@H](CC(C)C)C(=O)N[C@@H]1C(=O)N(C)[C@@H](CC(C)C)C(=O)N(C)[C@H](CC(C)C)C(=O)N(C)[C@H](CC(C)C)C(=O)N(C)[C@H](C)C(=O)N[C@H](CC(C)C)C(=O)N2CCC[C@H]2C(=O)O[C@@H]1C,L1_15.3.4.4.4.2,6182,-5.15,10,7,Lariat,0.176152,0.106541,-24.3132,11.728,10.092,1.636,0.14934,0.0883946,11.615,10.134,1.481,17,92,train,train,train,train,train,test,train,train,val,train,,train,0.4249999999999998,0.15169936
6149,2021_Kelly,CC(=O)N1CCC[C@@H]1C(=O)N(C)[C@H](CC(C)C)C(=O)N[C@@H]1C(=O)N[C@H](CC(C)C)C(=O)N(C)[C@@H](CC(C)C)C(=O)N(C)[C@@H](CC(C)C)C(=O)N(C)[C@@H](C)C(=O)N[C@H](CC(C)C)C(=O)N2CCC[C@H]2C(=O)O[C@@H]1C,L1_15.2.3.3.3.2,6149,-5.84,10,7,Lariat,0.13402,0.0674651,-23.9159,11.702,10.153,1.549,0.0941198,0.049656,11.322,9.908,1.414,59,62,train,train,train,train,train,test,train,train,val,val,,train,0.08,0.30887336
6127,2021_Kelly,CC(=O)N1CCC[C@@H]1C(=O)N(C)[C@H](CC(C)C)C(=O)N[C@@H]1C(=O)N[C@H](CC(C)C)C(=O)N[C@@H](CC(C)C)C(=O)N(C)[C@@H](CC(C)C)C(=O)N[C@@H](C)C(=O)N[C@H](CC(C)C)C(=O)N2CCC[C@H]2C(=O)O[C@@H]1C,L1_15.2.1.3.1.2,6127,-5.89,10,7,Lariat,0.329208,0.223564,-31.6881,11.318,9.552,1.766,0.154732,0.0911382,10.982,9.402,1.58,94,9,train,train,val,train,test,test,train,val,train,train,,train,0.0550000000000001,0.057747312
6120,2021_Kelly,CC(=O)N1CCC[C@@H]1C(=O)N(C)[C@H](CC(C)C)C(=O)N[C@@H]1C(=O)N[C@@H](CC(C)C)C(=O)N(C)[C@@H](CC(C)C)C(=O)N(C)[C@H](CC(C)C)C(=O)N(C)[C@H](C)C(=O)N[C@H](CC(C)C)C(=O)N2CCC[C@H]2C(=O)O[C@@H]1C,L1_15.1.3.4.4.2,6120,-5.83,10,7,Lariat,0.169365,0.105871,-15.2939,11.111,9.706,1.405,0.232011,0.161798,10.91,9.602,1.308,48,63,train,train,test,train,train,test,train,train,train,train,,train,0.0849999999999999,-0.15161982
6114,2021_Kelly,CC(=O)N1CCC[C@@H]1C(=O)N(C)[C@H](CC(C)C)C(=O)N[C@@H]1C(=O)N[C@@H](CC(C)C)C(=O)N[C@H](CC(C)C)C(=O)N(C)[C@H](CC(C)C)C(=O)N(C)[C@@H](C)C(=O)N[C@H](CC(C)C)C(=O)N2CCC[C@H]2C(=O)O[C@@H]1C,L1_15.1.2.4.3.2,6114,-5.99,10,7,Lariat,0.147933,0.0775646,-31.4914,10.926,9.323,1.603,0.130325,0.0771686,10.866,9.607,1.259,46,71,train,train,train,train,train,test,val,train,train,val,,train,0.0049999999999998,0.055860534
6108,2021_Kelly,CC(=O)N1CCC[C@@H]1C(=O)N(C)[C@H](CC(C)C)C(=O)N[C@@H]1C(=O)N[C@@H](CC(C)C)C(=O)N[C@H](CC(C)C)C(=O)N[C@H](CC(C)C)C(=O)N[C@@H](C)C(=O)N[C@H](CC(C)C)C(=O)N2CCC[C@H]2C(=O)O[C@@H]1C,L1_15.1.2.2.1.2,6108,-7.1,10,7,Lariat,0.248198,0.13853,-31.3881,11.273,9.522,1.751,0.108945,0.051917,10.146,8.857,1.289,74,86,train,train,train,train,train,test,train,train,train,train,,train,-0.5499999999999998,-0.22539428
6090,2021_Kelly,CC(=O)N1CCC[C@H]1C(=O)N(C)[C@H](CC(C)C)C(=O)N[C@@H]1C(=O)N(C)[C@H](CC(C)C)C(=O)N[C@H](CC(C)C)C(=O)N[C@H](CC(C)C)C(=O)N(C)[C@H](C)C(=O)N[C@H](CC(C)C)C(=O)N2CCC[C@@H]2C(=O)O[C@@H]1C,L1_14.4.2.2.4.2,6090,-6.45,10,7,Lariat,0.204018,0.134432,-27.7055,11.75,9.792,1.958,0.189478,0.131385,11.485,9.799,1.686,13,49,train,test,val,train,train,test,train,train,train,train,,train,-0.2250000000000001,-0.22187477
6088,2021_Kelly,CC(=O)N1CCC[C@H]1C(=O)N(C)[C@H](CC(C)C)C(=O)N[C@@H]1C(=O)N(C)[C@@H](CC(C)C)C(=O)N(C)[C@H](CC(C)C)C(=O)N(C)[C@H](CC(C)C)C(=O)N(C)[C@H](C)C(=O)N[C@H](CC(C)C)C(=O)N2CCC[C@@H]2C(=O)O[C@@H]1C,L1_14.3.4.4.4.2,6088,-5.37,10,7,Lariat,0.161922,0.101355,-24.9243,11.658,9.873,1.785,0.11791,0.0655761,11.559,9.832,1.727,72,16,train,train,train,train,train,test,train,test,val,train,,train,0.3149999999999999,0.3083049
6077,2021_Kelly,CC(=O)N1CCC[C@H]1C(=O)N(C)[C@H](CC(C)C)C(=O)N[C@@H]1C(=O)N(C)[C@@H](CC(C)C)C(=O)N[C@H](CC(C)C)C(=O)N(C)[C@H](CC(C)C)C(=O)N(C)[C@H](C)C(=O)N[C@H](CC(C)C)C(=O)N2CCC[C@@H]2C(=O)O[C@@H]1C,L1_14.3.2.4.4.2,6077,-5.33,10,7,Lariat,0.191209,0.128337,-31.4183,11.325,9.528,1.797,0.174267,0.120154,11.119,9.661,1.458,30,21,val,train,train,train,train,test,train,train,val,train,,val,0.3349999999999999,0.17560467
6073,2021_Kelly,CC(=O)N1CCC[C@H]1C(=O)N(C)[C@H](CC(C)C)C(=O)N[C@@H]1C(=O)N(C)[C@@H](CC(C)C)C(=O)N[C@@H](CC(C)C)C(=O)N(C)[C@@H](CC(C)C)C(=O)N(C)[C@H](C)C(=O)N[C@H](CC(C)C)C(=O)N2CCC[C@@H]2C(=O)O[C@@H]1C,L1_14.3.1.3.4.2,6073,-5.38,10,7,Lariat,0.183969,0.114917,-32.4249,11.525,9.528,1.997,0.181431,0.114859,11.466,9.634,1.832,69,99,train,train,val,test,train,test,train,train,train,train,,train,0.31,0.3309369
6066,2021_Kelly,CC(=O)N1CCC[C@H]1C(=O)N(C)[C@H](CC(C)C)C(=O)N[C@@H]1C(=O)N[C@H](CC(C)C)C(=O)N(C)[C@@H](CC(C)C)C(=O)N[C@@H](CC(C)C)C(=O)N[C@@H](C)C(=O)N[C@H](CC(C)C)C(=O)N2CCC[C@@H]2C(=O)O[C@@H]1C,L1_14.2.3.1.1.2,6066,-5.94,10,7,Lariat,0.171128,0.106526,-37.9778,11.328,9.472,1.856,0.112643,0.0657439,10.627,9.046,1.581,20,44,val,train,test,train,train,test,train,train,train,val,,val,0.0299999999999998,0.1806077
6065,2021_Kelly,CC(=O)N1CCC[C@H]1C(=O)N(C)[C@H](CC(C)C)C(=O)N[C@@H]1C(=O)N[C@H](CC(C)C)C(=O)N[C@H](CC(C)C)C(=O)N(C)[C@H](CC(C)C)C(=O)N(C)[C@@H](C)C(=O)N[C@H](CC(C)C)C(=O)N2CCC[C@@H]2C(=O)O[C@@H]1C,L1_14.2.2.4.3.2,6065,-5.65,10,7,Lariat,0.126675,0.0670021,-18.8612,10.418,8.755,1.663,0.124697,0.0747851,10.396,8.826,1.57,48,47,train,train,train,train,train,test,train,train,train,train,,train,0.1749999999999998,0.041519903
6057,2021_Kelly,CC(=O)N1CCC[C@H]1C(=O)N(C)[C@H](CC(C)C)C(=O)N[C@@H]1C(=O)N[C@H](CC(C)C)C(=O)N[C@@H](CC(C)C)C(=O)N[C@H](CC(C)C)C(=O)N(C)[C@H](C)C(=O)N[C@H](CC(C)C)C(=O)N2CCC[C@@H]2C(=O)O[C@@H]1C,L1_14.2.1.2.4.2,6057,-6.16,10,7,Lariat,0.155175,0.0882486,-20.8637,10.64,9.064,1.576,0.145804,0.0894686,11.449,9.534,1.915,38,55,train,val,val,train,train,test,train,train,train,train,,train,-0.08,-0.2845234
6033,2021_Kelly,CC(=O)N1CCC[C@H]1C(=O)N(C)[C@H](CC(C)C)C(=O)N[C@@H]1C(=O)N(C)[C@H](CC(C)C)C(=O)N(C)[C@@H](CC(C)C)C(=O)N(C)[C@H](CC(C)C)C(=O)N(C)[C@H](C)C(=O)N[C@H](CC(C)C)C(=O)N2CCC[C@H]2C(=O)O[C@@H]1C,L1_13.4.3.4.4.2,6033,-5.19,10,7,Lariat,0.20013,0.11602,-15.355,11.157,9.776,1.381,0.159391,0.0995673,11.393,10.055,1.338,96,74,train,val,train,train,train,test,val,val,train,train,,train,0.4049999999999998,0.3809222
6030,2021_Kelly,CC(=O)N1CCC[C@H]1C(=O)N(C)[C@H](CC(C)C)C(=O)N[C@@H]1C(=O)N(C)[C@H](CC(C)C)C(=O)N(C)[C@@H](CC(C)C)C(=O)N(C)[C@H](CC(C)C)C(=O)N[C@@H](C)C(=O)N[C@H](CC(C)C)C(=O)N2CCC[C@H]2C(=O)O[C@@H]1C,L1_13.4.3.4.1.2,6030,-5.25,10,7,Lariat,0.15438,0.0843508,-33.9628,11.862,10.324,1.538,0.179359,0.120118,12.312,10.42,1.892,98,70,train,val,train,train,train,test,val,val,test,train,,train,0.375,0.19437242
6027,2021_Kelly,CC(=O)N1CCC[C@H]1C(=O)N(C)[C@H](CC(C)C)C(=O)N[C@@H]1C(=O)N(C)[C@H](CC(C)C)C(=O)N[C@H](CC(C)C)C(=O)N(C)[C@@H](CC(C)C)C(=O)N(C)[C@@H](C)C(=O)N[C@H](CC(C)C)C(=O)N2CCC[C@H]2C(=O)O[C@@H]1C,L1_13.4.2.3.3.2,6027,-5.6,10,7,Lariat,0.22871,0.147854,-23.9818,11.349,9.653,1.696,0.100817,0.0518464,10.817,9.354,1.463,49,30,train,val,train,train,val,test,train,test,test,train,,train,0.2000000000000001,0.0997257
6019,2021_Kelly,CC(=O)N1CCC[C@H]1C(=O)N(C)[C@H](CC(C)C)C(=O)N[C@@H]1C(=O)N(C)[C@@H](CC(C)C)C(=O)N(C)[C@@H](CC(C)C)C(=O)N[C@@H](CC(C)C)C(=O)N[C@@H](C)C(=O)N[C@H](CC(C)C)C(=O)N2CCC[C@H]2C(=O)O[C@@H]1C,L1_13.3.3.1.1.2,6019,-6.72,10,7,Lariat,0.177493,0.113661,-30.0611,11.796,9.929,1.867,0.181227,0.129569,11.243,9.592,1.651,88,76,test,train,train,train,train,test,train,test,train,val,,test,-0.3599999999999999,-0.073532045
6016,2021_Kelly,CC(=O)N1CCC[C@H]1C(=O)N(C)[C@H](CC(C)C)C(=O)N[C@@H]1C(=O)N(C)[C@@H](CC(C)C)C(=O)N[C@@H](CC(C)C)C(=O)N(C)[C@@H](CC(C)C)C(=O)N(C)[C@H](C)C(=O)N[C@H](CC(C)C)C(=O)N2CCC[C@H]2C(=O)O[C@@H]1C,L1_13.3.1.3.4.2,6016,-5.71,10,7,Lariat,0.171203,0.103411,-25.1524,11.622,9.987,1.635,0.184123,0.114533,11.333,9.987,1.346,21,70,train,train,val,train,train,test,train,train,test,test,,train,0.145,0.30525953
6006,2021_Kelly,CC(=O)N1CCC[C@H]1C(=O)N(C)[C@H](CC(C)C)C(=O)N[C@@H]1C(=O)N[C@H](CC(C)C)C(=O)N(C)[C@@H](CC(C)C)C(=O)N[C@@H](CC(C)C)C(=O)N(C)[C@@H](C)C(=O)N[C@H](CC(C)C)C(=O)N2CCC[C@H]2C(=O)O[C@@H]1C,L1_13.2.3.1.3.2,6006,-5.21,10,7,Lariat,0.189637,0.122024,-24.4563,11.015,9.391,1.624,0.0903807,0.048369,10.458,8.938,1.52,31,59,train,train,train,test,train,test,train,train,train,train,,train,0.395,0.3883673
5987,2021_Kelly,CC(=O)N1CCC[C@H]1C(=O)N(C)[C@H](CC(C)C)C(=O)N[C@@H]1C(=O)N[C@@H](CC(C)C)C(=O)N(C)[C@@H](CC(C)C)C(=O)N[C@@H](CC(C)C)C(=O)N(C)[C@H](C)C(=O)N[C@H](CC(C)C)C(=O)N2CCC[C@H]2C(=O)O[C@@H]1C,L1_13.1.3.1.4.2,5987,-5.77,10,7,Lariat,0.199825,0.109886,-27.9421,11.514,9.844,1.67,0.144962,0.0868397,11.507,9.979,1.528,16,20,train,train,train,train,train,test,train,test,val,train,,train,0.1150000000000002,0.32313478
5985,2021_Kelly,CC(=O)N1CCC[C@H]1C(=O)N(C)[C@H](CC(C)C)C(=O)N[C@@H]1C(=O)N[C@@H](CC(C)C)C(=O)N[C@H](CC(C)C)C(=O)N(C)[C@@H](CC(C)C)C(=O)N(C)[C@@H](C)C(=O)N[C@H](CC(C)C)C(=O)N2CCC[C@H]2C(=O)O[C@@H]1C,L1_13.1.2.3.3.2,5985,-6.0,10,7,Lariat,0.19924,0.128376,-31.7284,12.106,10.079,2.027,0.246855,0.173115,11.46,9.795,1.665,50,54,val,val,test,train,train,test,test,test,val,val,,val,0.0,0.12151136
5982,2021_Kelly,CC(=O)N1CCC[C@H]1C(=O)N(C)[C@H](CC(C)C)C(=O)N[C@@H]1C(=O)N[C@@H](CC(C)C)C(=O)N[C@H](CC(C)C)C(=O)N[C@H](CC(C)C)C(=O)N[C@H](C)C(=O)N[C@H](CC(C)C)C(=O)N2CCC[C@H]2C(=O)O[C@@H]1C,L1_13.1.2.2.2.2,5982,-6.6,10,7,Lariat,0.124531,0.0652513,-24.1715,10.672,9.041,1.631,0.0971646,0.0497122,9.87,8.387,1.483,97,47,train,train,val,train,train,test,test,train,val,test,,train,-0.2999999999999998,-0.20655155
5977,2021_Kelly,CC(=O)N1CCC[C@H]1C(=O)N(C)[C@H](CC(C)C)C(=O)N[C@@H]1C(=O)N[C@@H](CC(C)C)C(=O)N[C@@H](CC(C)C)C(=O)N[C@@H](CC(C)C)C(=O)N(C)[C@@H](C)C(=O)N[C@H](CC(C)C)C(=O)N2CCC[C@H]2C(=O)O[C@@H]1C,L1_13.1.1.1.3.2,5977,-6.21,10,7,Lariat,0.141982,0.0857864,-27.5598,11.157,9.425,1.732,0.129084,0.0884465,10.975,9.382,1.593,53,99,train,train,train,val,test,test,train,train,train,train,,train,-0.1049999999999999,-0.09155502
5972,2021_Kelly,CC(=O)N1CCC[C@@H]1C(=O)N(C)[C@@H](CC(C)C)C(=O)N[C@@H]1C(=O)N(C)[C@H](CC(C)C)C(=O)N(C)[C@H](CC(C)C)C(=O)N[C@@H](CC(C)C)C(=O)N(C)[C@@H](C)C(=O)N[C@H](CC(C)C)C(=O)N2CCC[C@@H]2C(=O)O[C@@H]1C,L1_12.4.4.1.3.2,5972,-5.13,10,7,Lariat,0.255045,0.191185,-28.6151,11.917,10.0,1.917,0.127732,0.08127,11.957,10.182,1.775,81,93,train,test,test,test,train,test,train,train,train,train,,train,0.435,0.52738875
5970,2021_Kelly,CC(=O)N1CCC[C@@H]1C(=O)N(C)[C@@H](CC(C)C)C(=O)N[C@@H]1C(=O)N(C)[C@H](CC(C)C)C(=O)N[C@H](CC(C)C)C(=O)N(C)[C@H](CC(C)C)C(=O)N(C)[C@H](C)C(=O)N[C@H](CC(C)C)C(=O)N2CCC[C@@H]2C(=O)O[C@@H]1C,L1_12.4.2.4.4.2,5970,-5.46,10,7,Lariat,0.163207,0.10267,-24.525,11.391,9.747,1.644,0.111274,0.0674496,10.705,9.267,1.438,4,30,train,train,train,train,train,test,train,train,val,val,,train,0.27,0.22988528
5948,2021_Kelly,CC(=O)N1CCC[C@@H]1C(=O)N(C)[C@@H](CC(C)C)C(=O)N[C@@H]1C(=O)N[C@H](CC(C)C)C(=O)N[C@H](CC(C)C)C(=O)N(C)[C@H](CC(C)C)C(=O)N(C)[C@H](C)C(=O)N[C@H](CC(C)C)C(=O)N2CCC[C@@H]2C(=O)O[C@@H]1C,L1_12.2.2.4.4.2,5948,-5.82,10,7,Lariat,0.174024,0.110581,-23.0665,11.085,9.432,1.653,0.126405,0.0792257,10.183,8.812,1.371,93,51,test,train,val,train,test,test,train,train,train,train,,test,0.0899999999999998,0.07090739
5947,2021_Kelly,CC(=O)N1CCC[C@@H]1C(=O)N(C)[C@@H](CC(C)C)C(=O)N[C@@H]1C(=O)N[C@H](CC(C)C)C(=O)N[C@H](CC(C)C)C(=O)N(C)[C@H](CC(C)C)C(=O)N[C@H](C)C(=O)N[C@H](CC(C)C)C(=O)N2CCC[C@@H]2C(=O)O[C@@H]1C,L1_12.2.2.4.2.2,5947,-6.0,10,7,Lariat,0.160077,0.10619,-29.9473,11.909,10.001,1.908,0.156558,0.103702,11.052,9.487,1.565,65,72,train,train,train,train,train,test,train,train,train,train,,train,0.0,0.015542358
5946,2021_Kelly,CC(=O)N1CCC[C@@H]1C(=O)N(C)[C@@H](CC(C)C)C(=O)N[C@@H]1C(=O)N[C@H](CC(C)C)C(=O)N[C@H](CC(C)C)C(=O)N(C)[C@@H](CC(C)C)C(=O)N(C)[C@@H](C)C(=O)N[C@H](CC(C)C)C(=O)N2CCC[C@@H]2C(=O)O[C@@H]1C,L1_12.2.2.3.3.2,5946,-5.42,10,7,Lariat,0.146141,0.0914982,-22.603,10.983,9.293,1.69,0.114078,0.0577759,10.157,8.602,1.555,71,73,train,train,train,train,train,test,train,train,test,train,,train,0.29,0.23218492
5945,2021_Kelly,CC(=O)N1CCC[C@@H]1C(=O)N(C)[C@@H](CC(C)C)C(=O)N[C@@H]1C(=O)N[C@H](CC(C)C)C(=O)N[C@H](CC(C)C)C(=O)N[C@H](CC(C)C)C(=O)N(C)[C@H](C)C(=O)N[C@H](CC(C)C)C(=O)N2CCC[C@@H]2C(=O)O[C@@H]1C,L1_12.2.2.2.4.2,5945,-6.05,10,7,Lariat,0.160941,0.102195,-37.0404,10.871,9.041,1.83,0.192987,0.132906,10.397,8.881,1.516,90,43,train,val,train,test,test,test,train,train,train,train,,train,-0.0249999999999999,-0.20269576
5936,2021_Kelly,CC(=O)N1CCC[C@@H]1C(=O)N(C)[C@@H](CC(C)C)C(=O)N[C@@H]1C(=O)N[C@@H](CC(C)C)C(=O)N(C)[C@@H](CC(C)C)C(=O)N[C@@H](CC(C)C)C(=O)N(C)[C@H](C)C(=O)N[C@H](CC(C)C)C(=O)N2CCC[C@@H]2C(=O)O[C@@H]1C,L1_12.1.3.1.4.2,5936,-5.16,10,7,Lariat,0.194473,0.120223,-31.8241,12.097,10.065,2.032,0.273233,0.207589,11.393,9.759,1.634,39,20,train,train,val,train,train,test,train,train,train,train,,train,0.4199999999999999,0.23534942
5915,2021_Kelly,CC(=O)N1CCC[C@@H]1C(=O)N(C)[C@@H](CC(C)C)C(=O)N[C@@H]1C(=O)N(C)[C@H](CC(C)C)C(=O)N[C@@H](CC(C)C)C(=O)N(C)[C@@H](CC(C)C)C(=O)N(C)[C@@H](C)C(=O)N[C@H](CC(C)C)C(=O)N2CCC[C@H]2C(=O)O[C@@H]1C,L1_11.4.1.3.3.2,5915,-6.17,10,7,Lariat,0.160846,0.0970855,-25.984,12.139,10.367,1.772,0.129536,0.0763931,11.424,9.769,1.655,3,22,train,val,train,train,train,test,train,train,train,train,,train,-0.0849999999999999,0.24173275
5913,2021_Kelly,CC(=O)N1CCC[C@@H]1C(=O)N(C)[C@@H](CC(C)C)C(=O)N[C@@H]1C(=O)N(C)[C@@H](CC(C)C)C(=O)N(C)[C@H](CC(C)C)C(=O)N(C)[C@H](CC(C)C)C(=O)N(C)[C@H](C)C(=O)N[C@H](CC(C)C)C(=O)N2CCC[C@H]2C(=O)O[C@@H]1C,L1_11.3.4.4.4.2,5913,-5.31,10,7,Lariat,0.159948,0.103445,-17.745,11.838,10.291,1.547,0.128032,0.0826041,11.456,10.107,1.349,79,21,train,train,test,train,train,test,test,train,train,train,,train,0.3450000000000002,0.19147834
5894,2021_Kelly,CC(=O)N1CCC[C@@H]1C(=O)N(C)[C@@H](CC(C)C)C(=O)N[C@@H]1C(=O)N[C@H](CC(C)C)C(=O)N(C)[C@H](CC(C)C)C(=O)N(C)[C@H](CC(C)C)C(=O)N[C@@H](C)C(=O)N[C@H](CC(C)C)C(=O)N2CCC[C@H]2C(=O)O[C@@H]1C,L1_11.2.4.4.1.2,5894,-5.56,10,7,Lariat,0.16039,0.0921436,-23.9223,11.221,9.556,1.665,0.144012,0.0859324,10.988,9.486,1.502,51,89,train,val,train,train,train,test,test,train,test,train,,train,0.2200000000000002,0.17261568
5886,2021_Kelly,CC(=O)N1CCC[C@@H]1C(=O)N(C)[C@@H](CC(C)C)C(=O)N[C@@H]1C(=O)N[C@H](CC(C)C)C(=O)N(C)[C@@H](CC(C)C)C(=O)N(C)[C@H](CC(C)C)C(=O)N(C)[C@@H](C)C(=O)N[C@H](CC(C)C)C(=O)N2CCC[C@H]2C(=O)O[C@@H]1C,L1_11.2.3.4.3.2,5886,-5.46,10,7,Lariat,0.16296,0.109046,-20.5281,11.01,9.804,1.206,0.147284,0.0933887,11.055,9.448,1.607,93,36,test,test,train,train,train,test,train,train,train,train,,test,0.27,0.30911365
5870,2021_Kelly,CC(=O)N1CCC[C@@H]1C(=O)N(C)[C@@H](CC(C)C)C(=O)N[C@@H]1C(=O)N[C@H](CC(C)C)C(=O)N[C@H](CC(C)C)C(=O)N[C@H](CC(C)C)C(=O)N[C@@H](C)C(=O)N[C@H](CC(C)C)C(=O)N2CCC[C@H]2C(=O)O[C@@H]1C,L1_11.2.2.2.1.2,5870,-6.64,10,7,Lariat,0.136389,0.0702901,-31.6968,11.079,9.143,1.936,0.152238,0.0993192,11.138,9.451,1.687,71,14,train,train,train,train,train,test,train,train,train,train,,train,-0.3199999999999998,-0.25814682
5863,2021_Kelly,CC(=O)N1CCC[C@@H]1C(=O)N(C)[C@@H](CC(C)C)C(=O)N[C@@H]1C(=O)N[C@H](CC(C)C)C(=O)N[C@@H](CC(C)C)C(=O)N[C@H](CC(C)C)C(=O)N(C)[C@@H](C)C(=O)N[C@H](CC(C)C)C(=O)N2CCC[C@H]2C(=O)O[C@@H]1C,L1_11.2.1.2.3.2,5863,-6.28,10,7,Lariat,0.160328,0.094325,-28.1536,11.495,9.563,1.932,0.189354,0.124129,11.162,9.521,1.641,96,6,val,train,train,train,val,test,train,train,train,train,,val,-0.1400000000000001,0.053189375
5861,2021_Kelly,CC(=O)N1CCC[C@@H]1C(=O)N(C)[C@@H](CC(C)C)C(=O)N[C@@H]1C(=O)N[C@@H](CC(C)C)C(=O)N(C)[C@H](CC(C)C)C(=O)N(C)[C@H](CC(C)C)C(=O)N(C)[C@H](C)C(=O)N[C@H](CC(C)C)C(=O)N2CCC[C@H]2C(=O)O[C@@H]1C,L1_11.1.4.4.4.2,5861,-5.59,10,7,Lariat,0.183604,0.119511,-28.5554,12.017,10.179,1.838,0.216656,0.158755,11.829,10.262,1.567,84,73,train,val,train,train,train,test,train,train,train,train,,train,0.205,0.08328083
5853,2021_Kelly,CC(=O)N1CCC[C@@H]1C(=O)N(C)[C@@H](CC(C)C)C(=O)N[C@@H]1C(=O)N[C@@H](CC(C)C)C(=O)N[C@H](CC(C)C)C(=O)N(C)[C@@H](CC(C)C)C(=O)N[C@@H](C)C(=O)N[C@H](CC(C)C)C(=O)N2CCC[C@H]2C(=O)O[C@@H]1C,L1_11.1.2.3.1.2,5853,-6.14,10,7,Lariat,0.263763,0.185772,-27.5805,11.594,9.682,1.912,0.135551,0.0778435,10.94,9.397,1.543,33,33,train,train,train,train,train,test,train,train,train,val,,train,-0.0699999999999998,-0.020067975
5817,2021_Kelly,CC(=O)N1CCC[C@H]1C(=O)N(C)[C@@H](CC(C)C)C(=O)N[C@@H]1C(=O)N(C)[C@@H](CC(C)C)C(=O)N(C)[C@H](CC(C)C)C(=O)N[C@H](CC(C)C)C(=O)N[C@@H](C)C(=O)N[C@H](CC(C)C)C(=O)N2CCC[C@@H]2C(=O)O[C@@H]1C,L1_10.3.4.2.1.2,5817,-6.74,10,7,Lariat,0.184648,0.11147,-38.4094,11.868,9.737,2.131,0.111633,0.0589102,10.841,9.277,1.564,29,78,train,val,train,train,train,test,train,train,val,test,,train,-0.3700000000000001,-0.22111404
5811,2021_Kelly,CC(=O)N1CCC[C@H]1C(=O)N(C)[C@@H](CC(C)C)C(=O)N[C@@H]1C(=O)N(C)[C@@H](CC(C)C)C(=O)N(C)[C@@H](CC(C)C)C(=O)N[C@@H](CC(C)C)C(=O)N(C)[C@H](C)C(=O)N[C@H](CC(C)C)C(=O)N2CCC[C@@H]2C(=O)O[C@@H]1C,L1_10.3.3.1.4.2,5811,-5.89,10,7,Lariat,0.162504,0.0985205,-19.5504,11.63,9.858,1.772,0.116506,0.0741237,11.389,9.656,1.733,3,4,train,test,val,train,train,test,train,test,train,train,,train,0.0550000000000001,0.051359132
5806,2021_Kelly,CC(=O)N1CCC[C@H]1C(=O)N(C)[C@@H](CC(C)C)C(=O)N[C@@H]1C(=O)N(C)[C@@H](CC(C)C)C(=O)N[C@H](CC(C)C)C(=O)N[C@H](CC(C)C)C(=O)N(C)[C@H](C)C(=O)N[C@H](CC(C)C)C(=O)N2CCC[C@@H]2C(=O)O[C@@H]1C,L1_10.3.2.2.4.2,5806,-6.9,10,7,Lariat,0.217813,0.152415,-31.7326,11.582,9.711,1.871,0.209942,0.143906,11.56,9.863,1.697,96,3,test,train,train,train,train,test,train,val,train,train,,test,-0.4500000000000002,-0.15736169
5798,2021_Kelly,CC(=O)N1CCC[C@H]1C(=O)N(C)[C@@H](CC(C)C)C(=O)N[C@@H]1C(=O)N[C@H](CC(C)C)C(=O)N(C)[C@H](CC(C)C)C(=O)N(C)[C@@H](CC(C)C)C(=O)N(C)[C@@H](C)C(=O)N[C@H](CC(C)C)C(=O)N2CCC[C@@H]2C(=O)O[C@@H]1C,L1_10.2.4.3.3.2,5798,-5.93,10,7,Lariat,0.13059,0.0710512,-26.9406,11.385,9.489,1.896,0.198059,0.139464,11.412,9.736,1.676,67,56,train,train,train,train,train,test,train,train,train,train,,train,0.0350000000000001,0.10000541
5796,2021_Kelly,CC(=O)N1CCC[C@H]1C(=O)N(C)[C@@H](CC(C)C)C(=O)N[C@@H]1C(=O)N[C@H](CC(C)C)C(=O)N(C)[C@H](CC(C)C)C(=O)N[C@H](CC(C)C)C(=O)N[C@@H](C)C(=O)N[C@H](CC(C)C)C(=O)N2CCC[C@@H]2C(=O)O[C@@H]1C,L1_10.2.4.2.1.2,5796,-6.39,10,7,Lariat,0.146355,0.0736194,-32.6785,11.046,9.234,1.812,0.169078,0.114611,10.521,8.94,1.581,15,35,train,train,train,train,train,test,train,train,test,train,,train,-0.1949999999999998,-0.21772775
5778,2021_Kelly,CC(=O)N1CCC[C@H]1C(=O)N(C)[C@@H](CC(C)C)C(=O)N[C@@H]1C(=O)N[C@@H](CC(C)C)C(=O)N(C)[C@H](CC(C)C)C(=O)N(C)[C@H](CC(C)C)C(=O)N(C)[C@H](C)C(=O)N[C@H](CC(C)C)C(=O)N2CCC[C@@H]2C(=O)O[C@@H]1C,L1_10.1.4.4.4.2,5778,-6.13,10,7,Lariat,0.156116,0.0897312,-40.6603,12.072,10.065,2.007,0.129337,0.0758064,11.834,10.052,1.782,98,19,test,train,test,train,test,test,train,train,train,train,,test,-0.0649999999999999,0.15474328
5772,2021_Kelly,CC(=O)N1CCC[C@H]1C(=O)N(C)[C@@H](CC(C)C)C(=O)N[C@@H]1C(=O)N[C@@H](CC(C)C)C(=O)N[C@H](CC(C)C)C(=O)N(C)[C@@H](CC(C)C)C(=O)N(C)[C@@H](C)C(=O)N[C@H](CC(C)C)C(=O)N2CCC[C@@H]2C(=O)O[C@@H]1C,L1_10.1.2.3.3.2,5772,-5.72,10,7,Lariat,0.208849,0.116699,-30.959,11.723,9.941,1.782,0.136283,0.0809378,11.875,9.97,1.905,3,49,train,train,val,train,train,test,test,val,train,test,,train,0.1400000000000001,-0.1074499
5770,2021_Kelly,CC(=O)N1CCC[C@H]1C(=O)N(C)[C@@H](CC(C)C)C(=O)N[C@@H]1C(=O)N[C@@H](CC(C)C)C(=O)N[C@H](CC(C)C)C(=O)N[C@H](CC(C)C)C(=O)N[C@@H](C)C(=O)N[C@H](CC(C)C)C(=O)N2CCC[C@@H]2C(=O)O[C@@H]1C,L1_10.1.2.2.1.2,5770,-7.29,10,7,Lariat,0.231768,0.133808,-27.9675,10.678,8.935,1.743,0.149947,0.0805884,10.433,8.868,1.565,57,37,val,train,train,train,train,test,train,train,train,train,,val,-0.645,-0.6657156
5762,2021_Kelly,CC(=O)N1CCC[C@H]1C(=O)N(C)[C@@H](CC(C)C)C(=O)N[C@@H]1C(=O)N(C)[C@H](CC(C)C)C(=O)N(C)[C@H](CC(C)C)C(=O)N(C)[C@@H](CC(C)C)C(=O)N(C)[C@@H](C)C(=O)N[C@@H](CC(C)C)C(=O)N2CCC[C@H]2C(=O)O[C@@H]1C,L1_1.4.4.3.3.1,5762,-5.19,10,7,Lariat,0.170356,0.100714,-24.4029,12.035,10.27,1.765,0.111014,0.0634016,11.666,10.213,1.453,24,85,train,train,train,train,train,test,train,train,train,train,,train,0.4049999999999998,0.4179154
5742,2021_Kelly,CC(=O)N1CCC[C@H]1C(=O)N(C)[C@@H](CC(C)C)C(=O)N[C@@H]1C(=O)N(C)[C@@H](CC(C)C)C(=O)N(C)[C@H](CC(C)C)C(=O)N(C)[C@@H](CC(C)C)C(=O)N(C)[C@@H](C)C(=O)N[C@@H](CC(C)C)C(=O)N2CCC[C@H]2C(=O)O[C@@H]1C,L1_1.3.4.3.3.1,5742,-5.47,10,7,Lariat,0.185292,0.109935,-25.0548,11.965,10.202,1.763,0.133575,0.0916772,11.781,10.14,1.641,87,76,train,train,test,train,test,test,train,train,train,train,,train,0.2650000000000001,0.23852164
5737,2021_Kelly,CC(=O)N1CCC[C@H]1C(=O)N(C)[C@@H](CC(C)C)C(=O)N[C@@H]1C(=O)N(C)[C@@H](CC(C)C)C(=O)N(C)[C@@H](CC(C)C)C(=O)N(C)[C@@H](CC(C)C)C(=O)N(C)[C@H](C)C(=O)N[C@@H](CC(C)C)C(=O)N2CCC[C@H]2C(=O)O[C@@H]1C,L1_1.3.3.3.4.1,5737,-5.31,10,7,Lariat,0.207727,0.13995,-23.6181,11.599,9.907,1.692,0.125457,0.0750215,10.746,9.45,1.296,36,29,train,train,train,train,train,test,train,val,train,train,,train,0.3450000000000002,0.15850356
5735,2021_Kelly,CC(=O)N1CCC[C@H]1C(=O)N(C)[C@@H](CC(C)C)C(=O)N[C@@H]1C(=O)N(C)[C@@H](CC(C)C)C(=O)N(C)[C@@H](CC(C)C)C(=O)N[C@@H](CC(C)C)C(=O)N(C)[C@@H](C)C(=O)N[C@@H](CC(C)C)C(=O)N2CCC[C@H]2C(=O)O[C@@H]1C,L1_1.3.3.1.3.1,5735,-6.15,10,7,Lariat,0.242255,0.152101,-33.4638,12.114,10.296,1.818,0.209694,0.147321,11.546,9.751,1.795,70,11,train,train,train,val,val,test,train,train,train,test,,train,-0.0750000000000001,0.09963518
5729,2021_Kelly,CC(=O)N1CCC[C@H]1C(=O)N(C)[C@@H](CC(C)C)C(=O)N[C@@H]1C(=O)N(C)[C@@H](CC(C)C)C(=O)N[C@@H](CC(C)C)C(=O)N(C)[C@H](CC(C)C)C(=O)N[C@@H](C)C(=O)N[C@@H](CC(C)C)C(=O)N2CCC[C@H]2C(=O)O[C@@H]1C,L1_1.3.1.4.1.1,5729,-5.39,10,7,Lariat,0.223817,0.139924,-30.4506,11.373,9.532,1.841,0.1481,0.0958062,11.626,9.843,1.783,87,31,val,train,train,val,train,test,val,val,train,train,,val,0.3050000000000001,0.17665899
5708,2021_Kelly,CC(=O)N1CCC[C@H]1C(=O)N(C)[C@@H](CC(C)C)C(=O)N[C@@H]1C(=O)N[C@H](CC(C)C)C(=O)N[C@H](CC(C)C)C(=O)N(C)[C@H](CC(C)C)C(=O)N[C@@H](C)C(=O)N[C@@H](CC(C)C)C(=O)N2CCC[C@H]2C(=O)O[C@@H]1C,L1_1.2.2.4.1.1,5708,-6.37,10,7,Lariat,0.200218,0.125217,-26.6788,11.047,9.216,1.831,0.131108,0.0805308,10.217,8.61,1.607,5,98,train,train,val,train,train,test,train,train,train,train,,train,-0.185,-0.033320002
5707,2021_Kelly,CC(=O)N1CCC[C@H]1C(=O)N(C)[C@@H](CC(C)C)C(=O)N[C@@H]1C(=O)N[C@H](CC(C)C)C(=O)N[C@H](CC(C)C)C(=O)N(C)[C@@H](CC(C)C)C(=O)N(C)[C@H](C)C(=O)N[C@@H](CC(C)C)C(=O)N2CCC[C@H]2C(=O)O[C@@H]1C,L1_1.2.2.3.4.1,5707,-6.08,10,7,Lariat,0.18884,0.116268,-29.1145,12.164,10.109,2.055,0.151732,0.0996204,11.811,10.037,1.774,89,6,train,train,val,train,train,test,test,train,train,train,,train,-0.04,0.15988481
5694,2021_Kelly,CC(=O)N1CCC[C@H]1C(=O)N(C)[C@@H](CC(C)C)C(=O)N[C@@H]1C(=O)N[C@H](CC(C)C)C(=O)N[C@@H](CC(C)C)C(=O)N[C@@H](CC(C)C)C(=O)N[C@@H](C)C(=O)N[C@@H](CC(C)C)C(=O)N2CCC[C@H]2C(=O)O[C@@H]1C,L1_1.2.1.1.1.1,5694,-6.1,10,7,Lariat,0.250151,0.168245,-33.285,11.375,9.419,1.956,0.106718,0.0552858,10.129,8.58,1.549,27,39,test,train,train,train,train,test,train,train,train,train,,test,-0.0499999999999998,0.058909588
5692,2021_Kelly,CC(=O)N1CCC[C@H]1C(=O)N(C)[C@@H](CC(C)C)C(=O)N[C@@H]1C(=O)N[C@@H](CC(C)C)C(=O)N(C)[C@H](CC(C)C)C(=O)N[C@@H](CC(C)C)C(=O)N(C)[C@H](C)C(=O)N[C@@H](CC(C)C)C(=O)N2CCC[C@H]2C(=O)O[C@@H]1C,L1_1.1.4.1.4.1,5692,-6.1,10,7,Lariat,0.115739,0.060156,-14.9711,10.877,9.349,1.528,0.108899,0.0556098,10.85,9.421,1.429,41,75,train,train,val,train,test,test,val,train,train,train,,train,-0.0499999999999998,0.19262731
5688,2021_Kelly,CC(=O)N1CCC[C@H]1C(=O)N(C)[C@@H](CC(C)C)C(=O)N[C@@H]1C(=O)N[C@@H](CC(C)C)C(=O)N(C)[C@@H](CC(C)C)C(=O)N(C)[C@@H](CC(C)C)C(=O)N[C@@H](C)C(=O)N[C@@H](CC(C)C)C(=O)N2CCC[C@H]2C(=O)O[C@@H]1C,L1_1.1.3.3.1.1,5688,-6.84,10,7,Lariat,0.191012,0.120164,-33.0122,11.805,9.819,1.986,0.168936,0.11163,11.592,9.723,1.869,24,37,test,train,train,train,train,test,train,train,train,test,,test,-0.4199999999999999,-0.2564901
5687,2021_Kelly,CC(=O)N1CCC[C@H]1C(=O)N(C)[C@@H](CC(C)C)C(=O)N[C@@H]1C(=O)N[C@@H](CC(C)C)C(=O)N(C)[C@@H](CC(C)C)C(=O)N[C@H](CC(C)C)C(=O)N[C@@H](C)C(=O)N[C@@H](CC(C)C)C(=O)N2CCC[C@H]2C(=O)O[C@@H]1C,L1_1.1.3.2.1.1,5687,-6.94,10,7,Lariat,0.169476,0.0879018,-31.1386,11.151,9.269,1.882,0.141522,0.0951318,11.048,9.359,1.689,51,91,train,train,val,train,train,test,train,train,train,train,,train,-0.4700000000000002,-0.30335805
5674,2021_Kelly,CC(=O)N1CCC[C@H]1C(=O)N(C)[C@@H](CC(C)C)C(=O)N[C@@H]1C(=O)N[C@@H](CC(C)C)C(=O)N[C@@H](CC(C)C)C(=O)N[C@H](CC(C)C)C(=O)N(C)[C@H](C)C(=O)N[C@@H](CC(C)C)C(=O)N2CCC[C@H]2C(=O)O[C@@H]1C,L1_1.1.1.2.4.1,5674,-5.63,10,7,Lariat,0.158163,0.0926795,-44.876,11.913,9.911,2.002,0.203243,0.127474,11.802,10.018,1.784,27,88,train,train,train,train,test,test,test,train,train,val,,train,0.185,0.3801911
5592,2020_Townsend,CC(C)C[C@H]1C(=O)N(Cc2ccccc2)CC(=O)N2CCC[C@@H]2C(=O)N(C)[C@@H](CC(C)C)C(=O)N[C@@H](Cc2ccccc2)C(=O)N2CCC[C@H]2C(=O)N(C)[C@@H](C)C(=O)N1C,hepta_2015,5592,-5.03,7,7,Circle,0.14394,0.0426254,-28.3474,9.206,8.107,1.099,0.125848,0.0400454,9.318,8.31,1.008,16,100,train,train,train,train,train,test,train,val,val,train,,train,0.4849999999999999,0.24974704
5576,2020_Townsend,CC(C)C[C@H]1C(=O)N2CCC[C@@H]2C(=O)N[C@H](CC(C)C)C(=O)N[C@@H](Cc2ccccc2)C(=O)N2CCC[C@H]2C(=O)N(C)[C@@H](C)C(=O)N(Cc2ccccc2)CC(=O)N1C,hepta_1999,5576,-10.0,7,7,Circle,0.164124,0.0388506,-35.0756,9.253,8.071,1.182,0.130986,0.0449244,9.152,8.012,1.14,57,51,train,test,val,val,val,test,test,test,train,test,,train,-1.0,-0.8640468
5568,2020_Townsend,CC(C)C[C@H]1NC(=O)[C@H]2CCCN2C(=O)[C@@H](CC(C)C)N(C)C(=O)CN(Cc2ccccc2)C(=O)[C@H](C)N(C)C(=O)[C@@H]2CCCN2C(=O)[C@H](Cc2ccccc2)NC1=O,hepta_1991,5568,-10.0,7,7,Circle,0.150131,0.050468,-34.5464,9.451,8.285,1.166,0.105389,0.0370603,8.938,7.691,1.247,4,93,train,train,train,train,train,test,train,train,train,train,,train,-1.0,0.19725168
5553,2020_Townsend,CC(C)C[C@H]1NC(=O)[C@@H](CC(C)C)N(C)C(=O)[C@H](C)N(C)C(=O)[C@@H]2CCCN2C(=O)[C@H](Cc2ccccc2)NC(=O)[C@@H](CC(C)C)N(C)C(=O)[C@H]2CCCN2C1=O,hepta_1976,5553,-5.1,7,7,Circle,0.124272,0.0427883,-23.914,9.084,7.975,1.109,0.106018,0.0439941,9.219,8.003,1.216,99,28,train,val,train,val,test,test,train,train,train,val,,train,0.4500000000000002,0.24698114
5549,2020_Townsend,CC(C)C[C@@H]1NC(=O)[C@H]2CCCN2C(=O)[C@H](CC(C)C)N(C)C(=O)[C@@H](CC(C)C)NC(=O)[C@H](C)N(C)C(=O)[C@@H]2CCCN2C(=O)[C@H](Cc2ccccc2)NC1=O,hepta_1972,5549,-6.1,7,7,Circle,0.119101,0.0382579,-28.9339,8.699,7.406,1.293,0.0981639,0.0360605,8.567,7.487,1.08,92,39,train,train,train,test,train,test,train,train,val,test,,train,-0.0499999999999998,-0.64643866
5531,2020_Townsend,CC(C)C[C@H]1C(=O)N[C@H](CC(C)C)C(=O)N2CCC[C@@H]2C(=O)N(Cc2ccccc2)CC(=O)N[C@@H](Cc2ccccc2)C(=O)N2CCC[C@H]2C(=O)N[C@H](C)C(=O)N1C,hepta_1954,5531,-5.77,7,7,Circle,0.137876,0.0548737,-43.3462,9.43,8.05,1.38,0.140594,0.0470193,8.941,7.712,1.229,24,4,train,train,val,train,train,test,train,val,train,train,,train,0.1150000000000002,0.21619093
5519,2020_Townsend,CC(C)C[C@H]1C(=O)N2CCC[C@@H]2C(=O)N[C@H](CC(C)C)C(=O)N[C@@H](Cc2ccccc2)C(=O)N2CCC[C@H]2C(=O)N[C@H](C)C(=O)N[C@H](CC(C)C)C(=O)N1C,hepta_1942,5519,-5.64,7,7,Circle,0.148919,0.047057,-39.1864,9.066,7.613,1.453,0.125934,0.031872,8.563,7.44,1.123,80,89,train,train,train,train,test,test,train,train,train,test,,train,0.1800000000000001,0.063206054
5497,2020_Townsend,CC(C)C[C@H]1C(=O)N[C@@H](Cc2ccccc2)C(=O)N2CCC[C@H]2C(=O)N[C@@H](C)C(=O)N[C@H](CC(C)C)C(=O)N[C@@H](Cc2ccccc2)CC(=O)N2CCC[C@H]2C(=O)N1C,hepta_1920,5497,-6.17,7,7,Circle,0.130863,0.0486685,-26.2343,8.805,7.584,1.221,0.161998,0.0492204,9.351,8.068,1.283,67,70,train,val,train,train,val,test,train,val,train,train,,train,-0.0849999999999999,0.037672784
5490,2020_Townsend,CC(C)C[C@@H]1NC(=O)[C@@H](CC(C)C)N(C)C(=O)[C@H](C)NC(=O)[C@@H]2CCCN2C(=O)[C@H](Cc2ccccc2)NC(=O)CN(Cc2ccccc2)C(=O)[C@@H]2CCCN2C1=O,hepta_1913,5490,-5.69,7,7,Circle,0.199455,0.0697602,-44.3135,9.369,8.031,1.338,0.172209,0.0559466,9.145,7.896,1.249,37,9,train,train,train,train,test,test,train,train,val,train,,train,0.1549999999999998,-0.16155106
5468,2020_Townsend,CC(C)C[C@@H]1NC(=O)[C@H](C)NC(=O)[C@@H]2CCCN2C(=O)[C@H](Cc2ccccc2)NC(=O)CN(Cc2ccccc2)C(=O)[C@@H]2CCCN2C(=O)[C@@H](CC(C)C)NC1=O,hepta_1891,5468,-6.11,7,7,Circle,0.175106,0.0565997,-24.9283,8.728,7.545,1.183,0.1375,0.044129,8.638,7.46,1.178,15,41,test,train,train,train,train,test,val,train,train,train,,test,-0.0550000000000001,-0.1153261
5449,2020_Townsend,CC(C)C[C@@H]1NC(=O)[C@H](C)NC(=O)[C@@H]2CCCN2C(=O)[C@H](Cc2ccccc2)NC(=O)[C@H](CC(C)C)N(C)C(=O)[C@@H]2CCCN2C(=O)[C@H](CC(C)C)NC1=O,hepta_1872,5449,-5.54,7,7,Circle,0.143498,0.0505713,-33.4573,8.723,7.372,1.351,0.135162,0.0428858,8.623,7.475,1.148,14,37,test,train,train,train,train,test,train,train,train,train,,test,0.2299999999999999,-0.26127476
5432,2020_Townsend,CC(C)C[C@@H]1NC(=O)[C@H](C)NC(=O)[C@@H]2CCCN2C(=O)[C@H](Cc2ccccc2)NC(=O)[C@@H](CC(C)C)NC(=O)[C@@H]2CCCN2C(=O)[C@H](CC(C)C)NC1=O,hepta_1855,5432,-6.18,7,7,Circle,0.156583,0.0500829,-34.2451,8.734,7.346,1.388,0.135442,0.0471894,8.594,7.315,1.279,5,9,val,train,train,train,train,test,train,train,train,val,,val,-0.0899999999999998,-0.7816422
5420,2020_Townsend,CC(C)C[C@H]1C(=O)N[C@@H](Cc2ccccc2)CC(=O)N2CCC[C@@H]2C(=O)N(C)[C@H](CC(C)C)C(=O)N[C@@H](Cc2ccccc2)C(=O)N2CCC[C@H]2C(=O)N[C@@H](Cc2ccccc2)CC(=O)N1C,hepta_1843,5420,-5.73,7,7,Circle,0.23723,0.0814479,-24.6032,9.58,8.403,1.177,0.143972,0.049791,9.963,9.028,0.935,9,79,train,train,train,train,val,test,test,train,test,train,,train,0.1349999999999998,0.08667556
5416,2020_Townsend,CC(C)C[C@H]1C(=O)N(C)[C@@H](CC(C)C)C(=O)N2CCC[C@@H]2C(=O)N(Cc2ccccc2)CC(=O)N[C@@H](Cc2ccccc2)C(=O)N2CCC[C@H]2C(=O)N[C@@H](Cc2ccccc2)CC(=O)N1C,hepta_1839,5416,-5.75,7,7,Circle,0.183523,0.0409562,-24.256,10.135,9.046,1.089,0.137041,0.04968,10.262,9.262,1.0,89,27,test,train,train,val,train,test,train,train,train,val,,test,0.125,0.16184762
5408,2020_Townsend,CC(C)C[C@H]1NC(=O)[C@H]2CCCN2C(=O)C[C@H](Cc2ccccc2)NC(=O)[C@@H](CC(C)C)N(C)C(=O)C[C@H](Cc2ccccc2)NC(=O)[C@@H]2CCCN2C(=O)[C@H](Cc2ccccc2)NC1=O,hepta_1831,5408,-5.69,7,7,Circle,0.225608,0.0718796,-34.4471,10.311,9.066,1.245,0.160628,0.0462346,9.951,8.777,1.174,8,7,train,train,train,train,train,test,train,train,train,train,,train,0.1549999999999998,0.17389327
5398,2020_Townsend,CC(C)C[C@@H]1NC(=O)CN(Cc2ccccc2)C(=O)C[C@H](Cc2ccccc2)NC(=O)[C@@H]2CCCN2C(=O)[C@H](Cc2ccccc2)NC(=O)[C@@H](CC(C)C)N(C)C(=O)[C@H]2CCCN2C1=O,hepta_1821,5398,-5.63,7,7,Circle,0.200402,0.0556787,-35.016,9.871,8.622,1.249,0.181745,0.0602954,9.845,8.588,1.257,61,5,val,train,train,train,train,test,train,train,train,train,,val,0.185,0.22351494
5392,2020_Townsend,CC(C)C[C@H]1NC(=O)[C@H]2CCCN2C(=O)CN(Cc2ccccc2)C(=O)[C@@H](CC(C)C)N(C)C(=O)C[C@H](Cc2ccccc2)NC(=O)[C@@H]2CCCN2C(=O)[C@H](Cc2ccccc2)NC1=O,hepta_1815,5392,-5.82,7,7,Circle,0.15819,0.0513194,-42.2147,10.074,8.761,1.313,0.176359,0.0558678,9.944,8.791,1.153,91,61,train,val,test,train,val,test,train,val,train,test,,train,0.0899999999999998,0.06854635
5372,2020_Townsend,CC(C)C[C@H]1C(=O)N[C@H](CC(C)C)C(=O)N2CCC[C@@H]2C(=O)N(C)[C@H](CC(C)C)C(=O)N[C@@H](Cc2ccccc2)C(=O)N2CCC[C@H]2C(=O)N[C@@H](Cc2ccccc2)CC(=O)N1C,hepta_1795,5372,-5.41,7,7,Circle,0.170789,0.056909,-27.9104,10.335,8.882,1.453,0.18972,0.0711977,9.992,8.672,1.32,24,24,test,val,val,test,train,test,train,train,train,train,,test,0.2949999999999999,0.20254406
5367,2020_Townsend,CC(C)C[C@@H]1NC(=O)C[C@H](Cc2ccccc2)NC(=O)[C@@H]2CCCN2C(=O)[C@H](Cc2ccccc2)NC(=O)[C@H](CC(C)C)N(C)C(=O)[C@H]2CCCN2C(=O)[C@H](CC(C)C)NC1=O,hepta_1790,5367,-5.33,7,7,Circle,0.194446,0.0827747,-30.7066,10.013,8.748,1.265,0.226531,0.0760222,9.648,8.428,1.22,17,23,train,train,train,train,train,test,train,train,train,train,,train,0.3349999999999999,0.28525674
5366,2020_Townsend,CC(C)C[C@@H]1NC(=O)[C@H](CC(C)C)N(C)C(=O)C[C@H](Cc2ccccc2)NC(=O)[C@@H]2CCCN2C(=O)[C@H](Cc2ccccc2)NC(=O)[C@@H](CC(C)C)NC(=O)[C@H]2CCCN2C1=O,hepta_1789,5366,-5.46,7,7,Circle,0.160974,0.0547772,-32.532,9.827,8.504,1.323,0.128879,0.0327551,9.603,8.578,1.025,68,27,train,train,train,train,train,test,val,train,train,test,,train,0.27,0.40059534
5352,2020_Townsend,CC(C)C[C@@H]1NC(=O)[C@H]2CCCN2C(=O)[C@@H](CC(C)C)NC(=O)[C@@H](CC(C)C)NC(=O)C[C@H](Cc2ccccc2)NC(=O)[C@@H]2CCCN2C(=O)[C@H](Cc2ccccc2)NC1=O,hepta_1775,5352,-5.76,7,7,Circle,0.180577,0.0510506,-33.4353,9.396,8.102,1.294,0.168908,0.0675208,9.48,8.084,1.396,38,63,train,train,train,train,train,test,test,train,train,train,,train,0.1200000000000001,0.081766225
5341,2020_Townsend,CCCN1CC(=O)N(Cc2ccccc2)CC(=O)N[C@@H](Cc2ccccc2)CC(=O)N2CCC[C@H]2C(=O)N[C@H](CC(C)C)C(=O)N[C@@H](Cc2ccccc2)C(=O)N2CCC[C@H]2C1=O,hepta_1764,5341,-5.94,7,7,Circle,0.264911,0.104574,-30.4465,9.847,8.496,1.351,0.168671,0.0602226,9.548,8.27,1.278,60,97,test,train,train,train,train,test,train,train,train,train,,test,0.0299999999999998,-0.11410593
5321,2020_Townsend,CCCN1CC(=O)N(Cc2ccccc2)CC(=O)N(C)[C@@H](CC(C)C)C(=O)N2CCC[C@H]2C(=O)N[C@@H](CC(C)C)C(=O)N[C@@H](Cc2ccccc2)C(=O)N2CCC[C@H]2C1=O,hepta_1744,5321,-5.69,7,7,Circle,0.153969,0.0547283,-32.0721,9.194,7.863,1.331,0.104396,0.0384262,8.971,7.775,1.196,26,73,test,train,test,train,train,test,train,train,train,train,,test,0.1549999999999998,-0.15270472
5319,2020_Townsend,CCCN1CC(=O)N[C@H](CC(C)C)C(=O)N(C)[C@@H](CC(C)C)C(=O)N2CCC[C@H]2C(=O)N(Cc2ccccc2)CC(=O)N[C@@H](Cc2ccccc2)C(=O)N2CCC[C@H]2C1=O,hepta_1742,5319,-5.49,7,7,Circle,0.122468,0.0518392,-30.7725,8.837,7.634,1.203,0.158991,0.049633,9.341,8.264,1.077,48,25,train,train,train,test,val,test,train,train,train,train,,train,0.2549999999999999,0.3336761
5313,2020_Townsend,CCCN1CC(=O)N[C@H](CC(C)C)C(=O)N[C@@H](Cc2ccccc2)CC(=O)N2CCC[C@H]2C(=O)N[C@@H](CC(C)C)C(=O)N[C@@H](Cc2ccccc2)C(=O)N2CCC[C@H]2C1=O,hepta_1736,5313,-6.22,7,7,Circle,0.153902,0.0467148,-29.4768,9.522,8.217,1.305,0.150663,0.059214,9.456,8.241,1.215,40,63,train,test,train,train,train,test,test,train,train,train,,train,-0.1099999999999998,-0.1990268
5310,2020_Townsend,CCCN1CC(=O)N(C)[C@H](CC(C)C)C(=O)N[C@H](CC(C)C)C(=O)N2CCC[C@H]2C(=O)N(Cc2ccccc2)CC(=O)N[C@@H](Cc2ccccc2)C(=O)N2CCC[C@H]2C1=O,hepta_1733,5310,-5.21,7,7,Circle,0.140785,0.0559065,-40.8052,9.032,7.718,1.314,0.120401,0.0446141,8.655,7.606,1.049,25,11,train,train,train,train,train,test,val,train,train,val,,train,0.395,0.09140314
5302,2020_Townsend,CCCN1CC(=O)N[C@H](CC(C)C)C(=O)N[C@@H](CC(C)C)C(=O)N2CCC[C@H]2C(=O)N(Cc2ccccc2)CC(=O)N[C@@H](Cc2ccccc2)C(=O)N2CCC[C@H]2C1=O,hepta_1725,5302,-5.85,7,7,Circle,0.23393,0.0938394,-38.617,9.417,8.042,1.375,0.131115,0.0366128,8.993,7.908,1.085,54,91,train,train,train,train,train,test,train,train,val,train,,train,0.0750000000000001,0.15066856
5293,2020_Townsend,CCCN1CC(=O)N[C@@H](CC(C)C)C(=O)N(C)[C@@H](CC(C)C)C(=O)N2CCC[C@H]2C(=O)N(C)[C@H](CC(C)C)C(=O)N[C@@H](Cc2ccccc2)C(=O)N2CCC[C@H]2C1=O,hepta_1716,5293,-5.74,7,7,Circle,0.136878,0.0638372,-31.7098,9.433,8.282,1.151,0.124671,0.0473156,9.245,8.222,1.023,86,79,val,train,train,train,train,test,train,train,train,train,,val,0.1299999999999999,0.3904825
5292,2020_Townsend,CCCN1CC(=O)N[C@H](CC(C)C)C(=O)N[C@H](CC(C)C)C(=O)N2CCC[C@H]2C(=O)N(Cc2ccccc2)CC(=O)N[C@@H](Cc2ccccc2)C(=O)N2CCC[C@H]2C1=O,hepta_1715,5292,-5.76,7,7,Circle,0.117347,0.049148,-27.1296,8.52,7.356,1.164,0.10081,0.0319521,9.007,8.012,0.995,97,72,train,train,train,val,train,test,train,val,test,train,,train,0.1200000000000001,0.10850639
5284,2020_Townsend,CCCN1CC(=O)N(C)[C@H](CC(C)C)C(=O)N(C)[C@@H](CC(C)C)C(=O)N2CCC[C@H]2C(=O)N[C@H](CC(C)C)C(=O)N[C@@H](Cc2ccccc2)C(=O)N2CCC[C@H]2C1=O,hepta_1707,5284,-6.11,7,7,Circle,0.112888,0.0445707,-26.015,9.72,8.556,1.164,0.118995,0.0360884,9.375,8.362,1.013,86,3,train,train,train,train,val,test,train,train,train,train,,train,-0.0550000000000001,0.07941067
5265,2020_Townsend,CCCN1CC(=O)N(C)[C@H](CC(C)C)C(=O)N[C@H](CC(C)C)C(=O)N2CCC[C@H]2C(=O)N[C@H](CC(C)C)C(=O)N[C@@H](Cc2ccccc2)C(=O)N2CCC[C@H]2C1=O,hepta_1688,5265,-5.84,7,7,Circle,0.159516,0.0514894,-23.7982,9.409,8.164,1.245,0.135594,0.0549242,9.222,8.023,1.199,56,63,train,train,train,train,train,test,train,val,train,train,,train,0.08,-0.019319601
5253,2020_Townsend,CC(C)C[C@H]1NC(=O)C[C@H](Cc2ccccc2)NC(=O)[C@@H]2CCCN2C(=O)[C@H](Cc2ccccc2)NC(=O)CN(Cc2ccccc2)C(=O)[C@@H]2CCCN2C(=O)C[C@H](Cc2ccccc2)NC1=O,hepta_1676,5253,-6.22,7,7,Circle,0.19315,0.056452,-41.1141,9.894,8.553,1.341,0.192246,0.0605593,9.506,8.53,0.976,71,42,test,train,train,train,train,test,train,train,train,train,,test,-0.1099999999999998,-0.1839445
5252,2020_Townsend,CC(C)C[C@H]1NC(=O)[C@@H]2CCCN2C(=O)C[C@H](Cc2ccccc2)NC(=O)CN(Cc2ccccc2)C(=O)C[C@H](Cc2ccccc2)NC(=O)[C@@H]2CCCN2C(=O)[C@H](Cc2ccccc2)NC1=O,hepta_1675,5252,-6.01,7,7,Circle,0.235606,0.0832646,-39.4776,10.566,9.199,1.367,0.178935,0.0505563,10.552,9.15,1.402,68,80,train,train,train,train,train,test,train,train,train,train,,train,-0.0049999999999998,-0.021893743
5249,2020_Townsend,CC(C)C[C@H]1C(=O)N(C)[C@@H](CC(C)C)C(=O)N2CCC[C@H]2C(=O)N(Cc2ccccc2)CC(=O)N[C@@H](Cc2ccccc2)C(=O)N2CCC[C@H]2C(=O)N[C@@H](Cc2ccccc2)CC(=O)N1C,hepta_1672,5249,-5.5,7,7,Circle,0.178319,0.0626247,-30.3658,10.147,9.088,1.059,0.205808,0.0633778,10.25,9.332,0.918,41,19,train,test,train,test,train,test,train,train,train,val,,train,0.25,0.19153729
5229,2020_Townsend,CC(C)C[C@@H]1NC(=O)[C@@H]2CCCN2C(=O)C[C@H](Cc2ccccc2)NC(=O)[C@@H](CC(C)C)NC(=O)C[C@H](Cc2ccccc2)NC(=O)[C@@H]2CCCN2C(=O)[C@H](Cc2ccccc2)NC1=O,hepta_1652,5229,-5.77,7,7,Circle,0.181986,0.0596136,-31.315,9.9,8.706,1.194,0.160314,0.0583775,10.047,8.859,1.188,32,76,train,train,val,train,train,test,train,train,test,train,,train,0.1150000000000002,0.1334553
5210,2020_Townsend,CC(C)C[C@@H]1NC(=O)C[C@H](Cc2ccccc2)NC(=O)[C@@H]2CCCN2C(=O)[C@H](Cc2ccccc2)NC(=O)[C@H](CC(C)C)N(C)C(=O)[C@@H]2CCCN2C(=O)[C@@H](CC(C)C)N(C)C1=O,hepta_1633,5210,-5.17,7,7,Circle,0.223197,0.0886742,-21.5839,9.357,8.15,1.207,0.130898,0.0511434,9.567,8.397,1.17,19,41,train,train,test,train,train,test,train,train,train,train,,train,0.415,0.39326888
5209,2020_Townsend,CC(C)C[C@@H]1NC(=O)C[C@H](Cc2ccccc2)NC(=O)[C@@H]2CCCN2C(=O)[C@H](Cc2ccccc2)NC(=O)[C@@H](CC(C)C)N(C)C(=O)[C@@H]2CCCN2C(=O)[C@H](CC(C)C)N(C)C1=O,hepta_1632,5209,-5.37,7,7,Circle,0.143411,0.0544828,-17.5783,9.539,8.407,1.132,0.144384,0.0386943,9.544,8.453,1.091,39,34,train,train,train,train,train,test,train,train,val,train,,train,0.3149999999999999,0.36256889
5193,2020_Townsend,CC(C)C[C@@H]1NC(=O)C[C@H](Cc2ccccc2)NC(=O)[C@@H]2CCCN2C(=O)[C@H](Cc2ccccc2)NC(=O)[C@H](CC(C)C)N(C)C(=O)[C@@H]2CCCN2C(=O)[C@@H](CC(C)C)NC1=O,hepta_1616,5193,-5.39,7,7,Circle,0.200724,0.0755404,-28.0245,9.725,8.497,1.228,0.139561,0.0497549,9.598,8.494,1.104,84,79,val,train,train,train,train,test,train,train,train,train,,val,0.3050000000000001,0.31116414
5191,2020_Townsend,CC(C)C[C@@H]1NC(=O)C[C@H](Cc2ccccc2)NC(=O)[C@@H]2CCCN2C(=O)[C@H](Cc2ccccc2)NC(=O)[C@@H](CC(C)C)NC(=O)[C@@H]2CCCN2C(=O)[C@H](CC(C)C)N(C)C1=O,hepta_1614,5191,-5.51,7,7,Circle,0.20439,0.0842464,-30.4126,10.048,8.817,1.231,0.131095,0.0576234,9.14,8.027,1.113,93,95,val,train,val,train,val,test,train,train,test,train,,val,0.2450000000000001,0.119599365
5161,2020_Townsend,CCCN1CC(=O)N[C@@H](CC(C)C)C(=O)N[C@@H](Cc2ccccc2)CC(=O)N2CCC[C@@H]2C(=O)N(C)[C@H](CC(C)C)C(=O)N[C@@H](Cc2ccccc2)C(=O)N2CCC[C@@H]2C1=O,hepta_1584,5161,-5.87,7,7,Circle,0.188278,0.0650038,-23.1705,9.329,8.247,1.082,0.145367,0.0457005,9.696,8.359,1.337,86,65,train,train,train,train,train,test,train,train,train,train,,train,0.0649999999999999,0.2982562
5144,2020_Townsend,CCCN1CC(=O)N(C)[C@@H](CC(C)C)C(=O)N(C)[C@@H](CC(C)C)C(=O)N2CCC[C@@H]2C(=O)N(C)[C@@H](CC(C)C)C(=O)N[C@@H](Cc2ccccc2)C(=O)N2CCC[C@@H]2C1=O,hepta_1567,5144,-4.87,7,7,Circle,0.155309,0.0565439,-17.4754,9.492,8.43,1.062,0.10435,0.0476574,9.098,8.157,0.941,6,17,val,val,train,train,test,test,train,train,train,train,,val,0.565,0.39255312
5130,2020_Townsend,CCCN1CC(=O)N(C)[C@H](CC(C)C)C(=O)N(C)[C@@H](CC(C)C)C(=O)N2CCC[C@@H]2C(=O)N(C)[C@H](CC(C)C)C(=O)N[C@@H](Cc2ccccc2)C(=O)N2CCC[C@@H]2C1=O,hepta_1553,5130,-4.91,7,7,Circle,0.134521,0.048791,-36.8049,9.637,8.434,1.203,0.132274,0.0404965,9.247,8.271,0.976,78,53,train,train,test,train,train,test,train,train,val,train,,train,0.5449999999999999,0.41165668
5119,2020_Townsend,CCCN1CC(=O)N(Cc2ccccc2)CC(=O)N[C@@H](CC(C)C)C(=O)N2CCC[C@@H]2C(=O)N[C@H](CC(C)C)C(=O)N[C@@H](Cc2ccccc2)C(=O)N2CCC[C@@H]2C1=O,hepta_1542,5119,-5.82,7,7,Circle,0.19999,0.071842,-27.7405,8.846,7.792,1.054,0.14121,0.0478422,8.733,7.696,1.037,30,48,train,val,val,train,train,test,train,train,train,test,,train,0.0899999999999998,-0.107465394
5100,2020_Townsend,CCCN1CC(=O)N[C@@H](CC(C)C)C(=O)N[C@@H](CC(C)C)C(=O)N2CCC[C@@H]2C(=O)N(C)[C@H](CC(C)C)C(=O)N[C@@H](Cc2ccccc2)C(=O)N2CCC[C@@H]2C1=O,hepta_1523,5100,-5.18,7,7,Circle,0.175892,0.0622795,-35.6582,9.815,8.406,1.409,0.169598,0.0716466,9.016,7.873,1.143,63,97,train,val,train,val,train,test,train,train,train,val,,train,0.4100000000000001,0.1950427
5091,2020_Townsend,CCCN1CC(=O)N[C@H](CC(C)C)C(=O)N(C)[C@@H](CC(C)C)C(=O)N2CCC[C@@H]2C(=O)N[C@H](CC(C)C)C(=O)N[C@@H](Cc2ccccc2)C(=O)N2CCC[C@@H]2C1=O,hepta_1514,5091,-5.65,7,7,Circle,0.170321,0.0605789,-40.8582,9.557,8.373,1.184,0.134979,0.0448841,9.549,8.095,1.454,63,49,train,train,train,train,train,test,train,train,val,train,,train,0.1749999999999998,0.35859093
5070,2020_Townsend,CC(C)C[C@@H]1NC(=O)[C@H]2CCCN2C(=O)CN(Cc2ccccc2)C(=O)CN(Cc2ccccc2)C(=O)C[C@H](Cc2ccccc2)NC(=O)[C@H]2CCCN2C(=O)[C@H](Cc2ccccc2)NC1=O,hepta_1493,5070,-6.8,7,7,Circle,0.234579,0.0837549,-33.245,9.866,8.58,1.286,0.144931,0.0392226,9.61,8.366,1.244,5,92,train,train,train,val,train,test,train,train,train,val,,train,-0.3999999999999999,-0.16299713
5062,2020_Townsend,CC(C)C[C@H]1NC(=O)[C@H]2CCCN2C(=O)C[C@H](Cc2ccccc2)NC(=O)[C@@H](CC(C)C)N(C)C(=O)C[C@H](Cc2ccccc2)NC(=O)[C@H]2CCCN2C(=O)[C@H](Cc2ccccc2)NC1=O,hepta_1485,5062,-5.86,7,7,Circle,0.230053,0.111725,-29.2515,10.236,8.9,1.336,0.15815,0.0557661,10.346,8.969,1.377,22,16,test,train,train,train,train,test,train,val,train,val,,test,0.0699999999999998,0.017617233
5037,2020_Townsend,CC(C)C[C@@H]1NC(=O)[C@H]2CCCN2C(=O)CN(Cc2ccccc2)C(=O)[C@@H](CC(C)C)NC(=O)C[C@H](Cc2ccccc2)NC(=O)[C@H]2CCCN2C(=O)[C@H](Cc2ccccc2)NC1=O,hepta_1460,5037,-6.07,7,7,Circle,0.18544,0.0646678,-38.9658,9.976,8.672,1.304,0.19096,0.0703713,9.47,8.432,1.038,25,75,train,train,train,train,train,test,train,train,train,train,,train,-0.0350000000000001,0.1374183
5017,2020_Townsend,CC(C)C[C@@H]1NC(=O)[C@H]2CCCN2C(=O)[C@H](CC(C)C)N(C)C(=O)[C@@H](CC(C)C)NC(=O)C[C@H](Cc2ccccc2)NC(=O)[C@H]2CCCN2C(=O)[C@H](Cc2ccccc2)NC1=O,hepta_1440,5017,-5.69,7,7,Circle,0.126843,0.0379776,-25.0923,8.993,7.745,1.248,0.214992,0.0955346,9.64,8.522,1.118,91,65,test,val,train,train,train,test,train,train,train,train,,test,0.1549999999999998,0.17787012
5012,2020_Townsend,CC(C)C[C@@H]1NC(=O)[C@@H](CC(C)C)N(C)C(=O)C[C@H](Cc2ccccc2)NC(=O)[C@H]2CCCN2C(=O)[C@H](Cc2ccccc2)NC(=O)[C@@H](CC(C)C)NC(=O)[C@H]2CCCN2C1=O,hepta_1435,5012,-5.78,7,7,Circle,0.173955,0.0507093,-23.7878,9.728,8.529,1.199,0.136195,0.0388796,9.498,8.155,1.343,37,19,train,train,train,test,train,test,train,val,train,val,,train,0.1099999999999998,0.20053214
5010,2020_Townsend,CC(C)C[C@@H]1NC(=O)C[C@H](Cc2ccccc2)NC(=O)[C@H]2CCCN2C(=O)[C@H](Cc2ccccc2)NC(=O)[C@@H](CC(C)C)NC(=O)[C@H]2CCCN2C(=O)[C@@H](CC(C)C)N(C)C1=O,hepta_1433,5010,-5.54,7,7,Circle,0.166957,0.0673633,-21.7213,9.065,7.959,1.106,0.150303,0.0493128,9.104,7.937,1.167,58,58,train,test,train,train,train,test,train,train,train,train,,train,0.2299999999999999,0.15281662
5004,2020_Townsend,CC(C)C[C@H]1NC(=O)C[C@H](Cc2ccccc2)NC(=O)[C@H]2CCCN2C(=O)[C@H](Cc2ccccc2)NC(=O)[C@@H](CC(C)C)N(C)C(=O)[C@H]2CCCN2C(=O)[C@@H](CC(C)C)NC1=O,hepta_1427,5004,-5.9,7,7,Circle,0.20041,0.0682065,-33.7501,10.045,8.617,1.428,0.145991,0.0610725,9.713,8.251,1.462,31,74,train,train,train,train,train,test,train,train,train,train,,train,0.0499999999999998,0.19680044
5000,2020_Townsend,CC(C)C[C@@H]1NC(=O)C[C@H](Cc2ccccc2)NC(=O)[C@H]2CCCN2C(=O)[C@H](Cc2ccccc2)NC(=O)[C@H](CC(C)C)NC(=O)[C@H]2CCCN2C(=O)[C@@H](CC(C)C)NC1=O,hepta_1423,5000,-6.55,7,7,Circle,0.155845,0.055154,-33.3766,10.22,8.547,1.673,0.16038,0.0425287,9.256,7.973,1.283,72,23,val,test,val,train,train,test,train,train,train,val,,val,-0.2749999999999999,-0.37399936
4930,2020_Townsend,CC(C)C[C@@H]1NC(=O)C[C@H](Cc2ccccc2)NC(=O)[C@H]2CCCN2C(=O)[C@H](Cc2ccccc2)NC(=O)[C@@H](CC(C)C)N(C)C(=O)[C@@H]2CCCN2C(=O)[C@@H](CC(C)C)N(C)C1=O,hepta_1353,4930,-5.42,7,7,Circle,0.146559,0.0550022,-26.242,9.75,8.398,1.352,0.135963,0.0564636,9.745,8.415,1.33,88,99,train,train,train,train,test,test,train,train,train,train,,train,0.29,0.23498848
4925,2020_Townsend,CC(C)C[C@@H]1NC(=O)[C@@H]2CCCN2C(=O)[C@H](CC(C)C)NC(=O)[C@H](CC(C)C)N(C)C(=O)C[C@H](Cc2ccccc2)NC(=O)[C@H]2CCCN2C(=O)[C@H](Cc2ccccc2)NC1=O,hepta_1348,4925,-5.45,7,7,Circle,0.167756,0.068057,-28.7516,9.798,8.34,1.458,0.154839,0.0577041,9.768,8.341,1.427,9,93,train,train,train,test,test,test,val,train,train,val,,train,0.2749999999999999,0.14305905
4905,2020_Townsend,CC(C)C[C@@H]1NC(=O)C[C@H](Cc2ccccc2)NC(=O)[C@H]2CCCN2C(=O)[C@H](Cc2ccccc2)NC(=O)[C@H](CC(C)C)NC(=O)[C@@H]2CCCN2C(=O)[C@H](CC(C)C)NC1=O,hepta_1328,4905,-5.71,7,7,Circle,0.225784,0.0809651,-35.0239,9.748,8.326,1.422,0.187076,0.0691544,9.641,8.199,1.442,55,11,train,test,test,train,train,test,train,train,test,test,,train,0.145,-0.11897453
4900,2020_Townsend,CC(C)C[C@@H]1NC(=O)[C@@H]2CCCN2C(=O)[C@@H](CC(C)C)NC(=O)[C@@H](CC(C)C)NC(=O)C[C@H](Cc2ccccc2)NC(=O)[C@H]2CCCN2C(=O)[C@H](Cc2ccccc2)NC1=O,hepta_1323,4900,-5.79,7,7,Circle,0.215893,0.0749784,-29.0004,9.6,8.347,1.253,0.232053,0.110514,9.664,8.457,1.207,37,45,val,train,train,train,train,test,train,train,train,train,,val,0.1049999999999999,0.07898743
4886,2020_Townsend,CC(C)C[C@@H]1NC(=O)[C@H]2CCCN2C(=O)CN(Cc2ccccc2)C(=O)CN(Cc2ccccc2)C(=O)[C@@H](C)N(C)C(=O)[C@@H]2CCCN2C(=O)[C@H](Cc2ccccc2)NC1=O,hepta_1309,4886,-7.46,7,7,Circle,0.16112,0.048962,-42.8773,8.973,7.768,1.205,0.1635,0.0352269,9.343,8.081,1.262,81,43,train,train,val,train,train,test,train,train,train,train,,train,-0.73,-0.3111207
4866,2020_Townsend,CC(C)C[C@@H]1NC(=O)[C@@H](C)N(C)C(=O)[C@@H]2CCCN2C(=O)[C@H](Cc2ccccc2)NC(=O)[C@@H](CC(C)C)N(C)C(=O)[C@H]2CCCN2C(=O)CN(Cc2ccccc2)C1=O,hepta_1289,4866,-5.76,7,7,Circle,0.178904,0.0601638,-35.115,9.281,8.105,1.176,0.132417,0.0412465,9.326,8.291,1.035,45,75,train,train,train,test,val,test,train,val,train,train,,train,0.1200000000000001,0.27918786
4865,2020_Townsend,CC(C)C[C@H]1C(=O)N[C@@H](Cc2ccccc2)C(=O)N2CCC[C@H]2C(=O)N(C)[C@H](C)C(=O)N[C@H](CC(C)C)C(=O)N(Cc2ccccc2)CC(=O)N2CCC[C@@H]2C(=O)N1C,hepta_1288,4865,-6.04,7,7,Circle,0.139593,0.0648158,-28.1913,8.953,7.74,1.213,0.133321,0.068339,9.084,7.863,1.221,78,39,test,train,train,val,train,test,train,train,train,train,,test,-0.02,0.20089406
4864,2020_Townsend,CC(C)C[C@@H]1NC(=O)[C@@H](C)N(C)C(=O)[C@@H]2CCCN2C(=O)[C@H](Cc2ccccc2)NC(=O)CN(Cc2ccccc2)C(=O)[C@H]2CCCN2C(=O)[C@@H](CC(C)C)N(C)C1=O,hepta_1287,4864,-6.05,7,7,Circle,0.135954,0.041716,-38.2978,9.138,7.975,1.163,0.148052,0.0517693,9.123,7.904,1.219,49,55,train,train,train,test,train,test,train,train,train,train,,train,-0.0249999999999999,0.19589457
4858,2020_Townsend,CC(C)C[C@H]1NC(=O)CN(Cc2ccccc2)C(=O)[C@@H](C)N(C)C(=O)[C@@H]2CCCN2C(=O)[C@H](Cc2ccccc2)NC(=O)[C@@H](CC(C)C)N(C)C(=O)[C@H]2CCCN2C1=O,hepta_1281,4858,-5.24,7,7,Circle,0.161332,0.0470405,-36.9132,9.408,8.207,1.201,0.156984,0.0697232,8.914,7.878,1.036,54,75,train,val,train,train,train,test,val,train,train,train,,train,0.3799999999999999,0.28984332
4849,2020_Townsend,CC(C)C[C@@H]1NC(=O)[C@H]2CCCN2C(=O)[C@H](CC(C)C)N(C)C(=O)[C@H](CC(C)C)N(C)C(=O)[C@@H](C)N(C)C(=O)[C@@H]2CCCN2C(=O)[C@H](Cc2ccccc2)NC1=O,hepta_1272,4849,-6.21,7,7,Circle,0.129436,0.0568298,-24.084,8.829,7.806,1.023,0.13472,0.0467915,8.744,7.837,0.907,54,60,train,train,train,test,train,test,train,train,train,train,,train,-0.1049999999999999,-0.731103
4847,2020_Townsend,CC(C)C[C@@H]1NC(=O)[C@H]2CCCN2C(=O)CN(Cc2ccccc2)C(=O)[C@@H](CC(C)C)NC(=O)[C@@H](C)N(C)C(=O)[C@@H]2CCCN2C(=O)[C@H](Cc2ccccc2)NC1=O,hepta_1270,4847,-5.99,7,7,Circle,0.144198,0.0582213,-31.5718,9.074,7.771,1.303,0.146023,0.0710532,8.808,7.634,1.174,56,36,test,test,train,train,train,test,val,val,train,train,,test,0.0049999999999998,-0.2656248
4816,2020_Townsend,CC(C)C[C@@H]1NC(=O)[C@@H](C)N(C)C(=O)[C@@H]2CCCN2C(=O)[C@H](Cc2ccccc2)NC(=O)[C@@H](CC(C)C)NC(=O)[C@H]2CCCN2C(=O)[C@H](CC(C)C)NC1=O,hepta_1239,4816,-5.88,7,7,Circle,0.14306,0.0401454,-37.4695,9.234,7.967,1.267,0.152835,0.0603249,8.744,7.63,1.114,9,42,train,train,train,train,val,test,train,train,train,train,,train,0.06,-0.2472812
4772,2020_Townsend,CC(C)C[C@H]1NC(=O)[C@@H](CC(C)C)N(C)C(=O)[C@@H](C)N(C)C(=O)[C@@H]2CCCN2C(=O)[C@H](Cc2ccccc2)NC(=O)CN(Cc2ccccc2)C(=O)[C@@H]2CCCN2C1=O,hepta_1195,4772,-5.45,7,7,Circle,0.168435,0.0498547,-22.4104,9.11,8.142,0.968,0.157693,0.0428604,9.023,8.109,0.914,40,90,train,train,train,train,train,test,train,train,train,train,,train,0.2749999999999999,0.35337713
4758,2020_Townsend,CC(C)C[C@@H]1NC(=O)[C@@H](C)N(C)C(=O)[C@@H]2CCCN2C(=O)[C@H](Cc2ccccc2)NC(=O)CN(Cc2ccccc2)C(=O)[C@@H]2CCCN2C(=O)[C@@H](CC(C)C)NC1=O,hepta_1181,4758,-6.38,7,7,Circle,0.143288,0.0528517,-22.7878,8.407,7.234,1.173,0.103141,0.0408624,8.628,7.498,1.13,41,27,train,train,train,train,train,test,train,train,val,train,,train,-0.1899999999999999,0.017597906
4755,2020_Townsend,CC(C)C[C@@H]1NC(=O)[C@@H]2CCCN2C(=O)CN(Cc2ccccc2)C(=O)[C@@H](CC(C)C)NC(=O)[C@@H](C)N(C)C(=O)[C@@H]2CCCN2C(=O)[C@H](Cc2ccccc2)NC1=O,hepta_1178,4755,-6.44,7,7,Circle,0.169723,0.0677097,-27.0431,9.047,7.8,1.247,0.113026,0.0462333,8.783,7.675,1.108,77,48,train,train,train,train,val,test,train,train,train,train,,train,-0.2200000000000002,-0.26279128
4749,2020_Townsend,CC(C)C[C@H]1NC(=O)[C@@H]2CCCN2C(=O)CN(Cc2ccccc2)C(=O)[C@@H](CC(C)C)NC(=O)[C@@H](C)N(C)C(=O)[C@@H]2CCCN2C(=O)[C@H](Cc2ccccc2)NC1=O,hepta_1172,4749,-5.98,7,7,Circle,0.169709,0.0712361,-46.5324,9.574,8.278,1.296,0.142975,0.071028,8.844,7.758,1.086,85,90,train,train,train,train,train,test,train,test,test,train,,train,0.0099999999999997,-0.35808194
4738,2020_Townsend,CC(C)C[C@@H]1NC(=O)[C@@H](C)N(C)C(=O)[C@@H]2CCCN2C(=O)[C@H](Cc2ccccc2)NC(=O)[C@H](CC(C)C)N(C)C(=O)[C@@H]2CCCN2C(=O)[C@H](CC(C)C)NC1=O,hepta_1161,4738,-5.98,7,7,Circle,0.144164,0.0576703,-31.5215,8.88,7.68,1.2,0.126031,0.0404778,8.744,7.694,1.05,72,21,train,train,test,train,train,test,val,train,val,train,,train,0.0099999999999997,0.041059397
4715,2020_Townsend,CC(C)C[C@@H]1NC(=O)[C@H](C)N(C)C(=O)[C@@H]2CCCN2C(=O)[C@H](Cc2ccccc2)NC(=O)CN(Cc2ccccc2)C(=O)[C@@H]2CCCN2C(=O)C[C@H](Cc2ccccc2)NC1=O,hepta_1138,4715,-6.1,7,7,Circle,0.174052,0.0678708,-29.6909,9.201,7.964,1.237,0.143007,0.0390584,9.067,7.87,1.197,70,80,train,train,train,train,test,test,train,val,train,train,,train,-0.0499999999999998,-0.12809147
4692,2020_Townsend,CC(C)C[C@@H]1NC(=O)[C@H](C)N(C)C(=O)[C@@H]2CCCN2C(=O)[C@H](Cc2ccccc2)NC(=O)CN(Cc2ccccc2)C(=O)[C@@H]2CCCN2C(=O)[C@@H](CC(C)C)N(C)C1=O,hepta_1115,4692,-5.66,7,7,Circle,0.162801,0.0517716,-28.2021,9.431,8.295,1.136,0.147254,0.0450804,9.224,8.086,1.138,37,86,train,train,train,train,train,test,train,train,train,train,,train,0.1699999999999999,0.029988222
4681,2020_Townsend,CC(C)C[C@H]1C(=O)N[C@@H](Cc2ccccc2)C(=O)N2CCC[C@H]2C(=O)N(C)[C@@H](C)C(=O)N(C)[C@H](CC(C)C)C(=O)N(C)[C@@H](CC(C)C)C(=O)N2CCC[C@H]2C(=O)N1C,hepta_1104,4681,-5.55,7,7,Circle,0.100834,0.0436469,-27.8339,9.285,8.133,1.152,0.105861,0.0378691,9.326,8.174,1.152,18,29,train,train,train,val,train,test,train,train,val,train,,train,0.2250000000000001,0.4859271
4678,2020_Townsend,CC(C)C[C@H]1NC(=O)[C@@H](CC(C)C)N(C)C(=O)[C@H](C)N(C)C(=O)[C@@H]2CCCN2C(=O)[C@H](Cc2ccccc2)NC(=O)CN(Cc2ccccc2)C(=O)[C@@H]2CCCN2C1=O,hepta_1101,4678,-5.17,7,7,Circle,0.184359,0.0590538,-20.3818,9.274,8.229,1.045,0.166468,0.0471618,9.156,8.115,1.041,45,84,val,train,train,train,train,test,val,test,train,train,,val,0.415,0.10331223
4673,2020_Townsend,CC(C)C[C@H]1C(=O)N2CCC[C@H]2C(=O)N(C)[C@H](CC(C)C)C(=O)N[C@@H](Cc2ccccc2)C(=O)N2CCC[C@H]2C(=O)N(C)[C@@H](C)C(=O)N(C)[C@H](CC(C)C)C(=O)N1C,hepta_1096,4673,-5.73,7,7,Circle,0.141351,0.0434703,-27.6631,9.46,8.324,1.136,0.12511,0.0352595,9.268,8.293,0.975,96,65,train,test,train,train,train,test,train,test,train,train,,train,0.1349999999999998,0.27772132
4646,2020_Townsend,CC(C)C[C@@H]1NC(=O)[C@H](C)N(C)C(=O)[C@@H]2CCCN2C(=O)[C@H](Cc2ccccc2)NC(=O)[C@H](CC(C)C)N(C)C(=O)[C@@H]2CCCN2C(=O)[C@H](CC(C)C)NC1=O,hepta_1069,4646,-5.86,7,7,Circle,0.135512,0.0517608,-33.681,9.345,8.11,1.235,0.125002,0.0503856,8.647,7.616,1.031,3,7,train,train,train,test,train,test,train,train,test,train,,train,0.0699999999999998,-0.04918953
4645,2020_Townsend,CC(C)C[C@@H]1NC(=O)[C@@H]2CCCN2C(=O)[C@H](CC(C)C)N(C)C(=O)[C@H](CC(C)C)NC(=O)[C@H](C)N(C)C(=O)[C@@H]2CCCN2C(=O)[C@H](Cc2ccccc2)NC1=O,hepta_1068,4645,-5.91,7,7,Circle,0.151861,0.0683644,-25.0203,8.73,7.745,0.985,0.12865,0.0486194,8.681,7.654,1.027,13,50,test,val,train,train,train,test,train,train,train,train,,test,0.0449999999999999,-0.25726572
4642,2020_Townsend,CC(C)C[C@@H]1NC(=O)[C@H](C)N(C)C(=O)[C@@H]2CCCN2C(=O)[C@H](Cc2ccccc2)NC(=O)[C@H](CC(C)C)N(C)C(=O)[C@@H]2CCCN2C(=O)[C@@H](CC(C)C)NC1=O,hepta_1065,4642,-5.33,7,7,Circle,0.159437,0.0709547,-25.2984,8.97,7.663,1.307,0.135648,0.048949,8.602,7.501,1.101,58,20,train,train,train,train,train,test,train,val,train,train,,train,0.3349999999999999,0.041398928
4630,2020_Townsend,CC(C)C[C@@H]1NC(=O)[C@@H]2CCCN2C(=O)[C@H](CC(C)C)NC(=O)[C@@H](CC(C)C)NC(=O)[C@H](C)N(C)C(=O)[C@@H]2CCCN2C(=O)[C@H](Cc2ccccc2)NC1=O,hepta_1053,4630,-7.49,7,7,Circle,0.119469,0.0416911,-38.6431,9.488,8.143,1.345,0.117031,0.0432365,8.51,7.525,0.985,40,68,test,train,train,train,train,test,train,train,train,test,,test,-0.7450000000000001,-0.73565334
4627,2020_Townsend,CC(C)C[C@@H]1C(=O)N[C@@H](Cc2ccccc2)C(=O)N2CCC[C@H]2C(=O)N[C@@H](C)C(=O)N(Cc2ccccc2)CC(=O)N[C@@H](Cc2ccccc2)CC(=O)N2CCC[C@@H]2C(=O)N1C,hepta_1050,4627,-5.15,7,7,Circle,0.124704,0.0406881,-28.3414,9.214,7.908,1.306,0.198528,0.0725987,9.145,7.716,1.429,94,35,train,train,train,train,train,test,train,test,train,train,,train,0.4249999999999998,0.043597326
4619,2020_Townsend,CC(C)C[C@@H]1NC(=O)[C@H]2CCCN2C(=O)C[C@H](Cc2ccccc2)NC(=O)[C@H](CC(C)C)N(C)C(=O)[C@H](C)NC(=O)[C@@H]2CCCN2C(=O)[C@H](Cc2ccccc2)NC1=O,hepta_1042,4619,-10.0,7,7,Circle,0.132236,0.054143,-35.5828,9.275,8.018,1.257,0.148946,0.0552234,9.413,8.125,1.288,3,20,train,train,train,train,test,test,train,train,train,train,,train,-1.0,-1.1745079
4608,2020_Townsend,CC(C)C[C@H]1C(=O)N2CCC[C@@H]2C(=O)N(Cc2ccccc2)CC(=O)N[C@@H](Cc2ccccc2)C(=O)N2CCC[C@H]2C(=O)N[C@@H](C)C(=O)N[C@H](CC(C)C)C(=O)N1C,hepta_1031,4608,-5.88,7,7,Circle,0.168888,0.048463,-46.4049,9.739,8.424,1.315,0.117683,0.0329487,9.161,7.827,1.334,49,15,val,train,test,test,train,test,train,train,test,train,,val,0.06,0.24704117
4606,2020_Townsend,CC(C)C[C@@H]1NC(=O)CN(Cc2ccccc2)C(=O)[C@H](C)NC(=O)[C@@H]2CCCN2C(=O)[C@H](Cc2ccccc2)NC(=O)[C@@H](CC(C)C)N(C)C(=O)[C@H]2CCCN2C1=O,hepta_1029,4606,-6.13,7,7,Circle,0.1415,0.0594508,-37.7598,9.157,7.799,1.358,0.138369,0.0518555,8.888,7.472,1.416,62,49,train,train,val,train,train,test,val,train,train,train,,train,-0.0649999999999999,0.050691225
4596,2020_Townsend,CC(C)C[C@@H]1C(=O)N(C)[C@H](CC(C)C)C(=O)N2CCC[C@@H]2C(=O)N(C)[C@H](CC(C)C)C(=O)N[C@@H](Cc2ccccc2)C(=O)N2CCC[C@H]2C(=O)N[C@@H](C)C(=O)N1C,hepta_1019,4596,-10.0,7,7,Circle,0.131984,0.0427838,-30.7982,8.809,7.663,1.146,0.121352,0.0467427,8.866,7.669,1.197,44,85,train,val,train,val,val,test,test,val,train,train,,train,-1.0,-0.08570977
4588,2020_Townsend,CC(C)C[C@@H]1NC(=O)[C@H]2CCCN2C(=O)[C@H](CC(C)C)N(C)C(=O)[C@@H](CC(C)C)N(C)C(=O)[C@H](C)NC(=O)[C@@H]2CCCN2C(=O)[C@H](Cc2ccccc2)NC1=O,hepta_1011,4588,-5.84,7,7,Circle,0.128786,0.0450436,-29.0375,9.063,7.843,1.22,0.109456,0.0307661,9.174,7.976,1.198,91,62,train,test,val,train,train,test,train,train,train,train,,train,0.08,0.054153338
4581,2020_Townsend,CC(C)C[C@H]1C(=O)N[C@H](CC(C)C)C(=O)N2CCC[C@@H]2C(=O)N(C)[C@H](CC(C)C)C(=O)N[C@@H](Cc2ccccc2)C(=O)N2CCC[C@H]2C(=O)N[C@@H](C)C(=O)N1C,hepta_1004,4581,-5.72,7,7,Circle,0.152489,0.0594498,-21.0995,9.177,8.079,1.098,0.115932,0.0389683,8.986,7.833,1.153,71,9,train,train,train,train,val,test,train,val,train,train,,train,0.1400000000000001,0.35864413
4580,2020_Townsend,CC(C)C[C@@H]1NC(=O)[C@H](C)NC(=O)[C@@H]2CCCN2C(=O)[C@H](Cc2ccccc2)NC(=O)[C@@H](CC(C)C)N(C)C(=O)[C@H]2CCCN2C(=O)[C@@H](CC(C)C)N(C)C1=O,hepta_1003,4580,-10.0,7,7,Circle,0.221163,0.126789,-23.7928,8.855,7.716,1.139,0.128502,0.039428,8.692,7.661,1.031,41,65,train,train,train,train,val,test,test,train,train,train,,train,-1.0,0.28661463
4574,2020_Townsend,CC(C)C[C@@H]1NC(=O)[C@H](C)NC(=O)[C@@H]2CCCN2C(=O)[C@H](Cc2ccccc2)NC(=O)[C@H](CC(C)C)N(C)C(=O)[C@H]2CCCN2C(=O)[C@@H](CC(C)C)NC1=O,hepta_997,4574,-6.59,7,7,Circle,0.159664,0.0550937,-31.7099,9.1,7.674,1.426,0.124643,0.046029,9.036,7.666,1.37,33,98,train,train,train,train,test,test,train,val,test,train,,train,-0.2949999999999999,-0.3018694
4572,2020_Townsend,CC(C)C[C@@H]1NC(=O)[C@H]2CCCN2C(=O)[C@@H](CC(C)C)N(C)C(=O)[C@H](CC(C)C)NC(=O)[C@H](C)NC(=O)[C@@H]2CCCN2C(=O)[C@H](Cc2ccccc2)NC1=O,hepta_995,4572,-5.24,7,7,Circle,0.14376,0.0433518,-36.0862,9.076,7.784,1.292,0.12633,0.0459346,8.681,7.617,1.064,61,73,train,train,train,train,train,test,train,train,train,train,,train,0.3799999999999999,-0.008074217
4562,2020_Townsend,CC(C)C[C@@H]1NC(=O)[C@H](C)NC(=O)[C@@H]2CCCN2C(=O)[C@H](Cc2ccccc2)NC(=O)[C@H](CC(C)C)NC(=O)[C@H]2CCCN2C(=O)[C@@H](CC(C)C)NC1=O,hepta_985,4562,-10.0,7,7,Circle,0.132503,0.0490376,-24.8576,8.612,7.216,1.396,0.107688,0.0471342,8.524,7.142,1.382,68,23,train,train,val,train,train,test,train,train,test,train,,train,-1.0,-0.5165299
4561,2020_Townsend,CC(C)C[C@@H]1NC(=O)[C@H]2CCCN2C(=O)[C@@H](CC(C)C)NC(=O)[C@@H](CC(C)C)NC(=O)[C@H](C)NC(=O)[C@@H]2CCCN2C(=O)[C@H](Cc2ccccc2)NC1=O,hepta_984,4561,-6.59,7,7,Circle,0.132357,0.06057,-25.3497,8.426,7.107,1.319,0.12624,0.0409898,8.703,7.477,1.226,42,4,test,train,test,train,train,test,test,train,train,train,,test,-0.2949999999999999,-1.1988682
4559,2020_Townsend,CC(C)C[C@H]1NC(=O)[C@H](C)NC(=O)[C@@H]2CCCN2C(=O)[C@H](Cc2ccccc2)NC(=O)[C@@H](CC(C)C)NC(=O)[C@H]2CCCN2C(=O)[C@@H](CC(C)C)NC1=O,hepta_982,4559,-10.0,7,7,Circle,0.132104,0.0470929,-26.9825,8.594,7.225,1.369,0.106467,0.0412185,8.3,7.047,1.253,6,45,train,test,train,train,val,test,train,train,train,train,,train,-1.0,-0.15750703
4556,2020_Townsend,CC(C)C[C@@H]1NC(=O)[C@@H]2CCCN2C(=O)C[C@H](Cc2ccccc2)NC(=O)CN(Cc2ccccc2)C(=O)[C@@H](C)NC(=O)[C@@H]2CCCN2C(=O)[C@H](Cc2ccccc2)NC1=O,hepta_979,4556,-6.18,7,7,Circle,0.133292,0.0534849,-36.3596,8.829,7.494,1.335,0.163815,0.0551419,8.589,7.316,1.273,4,14,train,train,train,train,train,test,test,train,train,train,,train,-0.0899999999999998,-0.3060383
4550,2020_Townsend,CC(C)C[C@@H]1C(=O)N[C@@H](Cc2ccccc2)C(=O)N2CCC[C@H]2C(=O)N[C@H](C)C(=O)N(C)[C@H](CC(C)C)C(=O)N[C@@H](Cc2ccccc2)CC(=O)N2CCC[C@H]2C(=O)N1C,hepta_973,4550,-5.88,7,7,Circle,0.150744,0.0578025,-33.0791,9.302,8.079,1.223,0.131272,0.0537893,9.612,8.399,1.213,67,26,train,val,train,train,train,test,train,train,train,train,,train,0.06,0.07517653
4544,2020_Townsend,CC(C)C[C@H]1NC(=O)[C@@H]2CCCN2C(=O)CN(Cc2ccccc2)C(=O)CN(Cc2ccccc2)C(=O)[C@@H](C)NC(=O)[C@@H]2CCCN2C(=O)[C@H](Cc2ccccc2)NC1=O,hepta_967,4544,-6.16,7,7,Circle,0.192187,0.050837,-41.098,9.231,7.956,1.275,0.128685,0.0494711,9.033,7.76,1.273,85,93,train,train,test,train,train,test,train,train,train,train,,train,-0.08,-0.21451074
4541,2020_Townsend,CC(C)C[C@@H]1NC(=O)[C@@H](C)NC(=O)[C@@H]2CCCN2C(=O)[C@H](Cc2ccccc2)NC(=O)[C@@H](CC(C)C)N(C)C(=O)[C@@H]2CCCN2C(=O)C[C@H](Cc2ccccc2)NC1=O,hepta_964,4541,-5.89,7,7,Circle,0.146512,0.0385602,-29.3174,8.966,7.904,1.062,0.248834,0.108163,9.295,8.094,1.201,4,38,val,train,train,train,train,test,train,train,train,train,,val,0.0550000000000001,-0.6660547
4537,2020_Townsend,CC(C)C[C@@H]1C(=O)N2CCC[C@H]2C(=O)N(C)[C@H](CC(C)C)C(=O)N[C@@H](Cc2ccccc2)C(=O)N2CCC[C@H]2C(=O)N[C@H](C)C(=O)N(Cc2ccccc2)CC(=O)N1C,hepta_960,4537,-5.73,7,7,Circle,0.17567,0.0433932,-27.8931,9.273,8.044,1.229,0.140851,0.0466177,9.043,7.896,1.147,53,90,test,train,train,train,train,test,train,train,test,train,,test,0.1349999999999998,0.43633196
4531,2020_Townsend,CC(C)C[C@H]1C(=O)N2CCC[C@H]2C(=O)N(C)[C@@H](CC(C)C)C(=O)N[C@@H](Cc2ccccc2)C(=O)N2CCC[C@H]2C(=O)N[C@H](C)C(=O)N(C)[C@@H](CC(C)C)C(=O)N1C,hepta_954,4531,-5.28,7,7,Circle,0.175274,0.0820913,-30.7403,9.074,8.018,1.056,0.135479,0.0431188,9.03,7.986,1.044,42,37,train,train,train,test,test,test,train,train,train,train,,train,0.3599999999999999,0.24363714
4527,2020_Townsend,CC(C)C[C@H]1C(=O)N[C@@H](Cc2ccccc2)C(=O)N2CCC[C@H]2C(=O)N[C@H](C)C(=O)N(C)[C@@H](CC(C)C)C(=O)N(C)[C@H](CC(C)C)C(=O)N2CCC[C@H]2C(=O)N1C,hepta_950,4527,-5.2,7,7,Circle,0.135433,0.0455807,-22.1612,9.354,8.1,1.254,0.138066,0.0575843,9.274,8.112,1.162,67,71,train,train,test,train,test,test,train,train,train,val,,train,0.3999999999999999,0.30505705
4519,2020_Townsend,CC(C)C[C@@H]1C(=O)N[C@@H](Cc2ccccc2)C(=O)N2CCC[C@H]2C(=O)N[C@H](C)C(=O)N(C)[C@H](CC(C)C)C(=O)N(C)[C@H](CC(C)C)C(=O)N2CCC[C@H]2C(=O)N1C,hepta_942,4519,-5.65,7,7,Circle,0.134217,0.0412425,-20.8547,9.305,8.213,1.092,0.0771561,0.0343585,8.884,7.752,1.132,24,2,train,val,train,train,train,test,train,train,train,train,,train,0.1749999999999998,0.20755622
4515,2020_Townsend,CC(C)C[C@@H]1NC(=O)[C@@H](C)NC(=O)[C@@H]2CCCN2C(=O)[C@H](Cc2ccccc2)NC(=O)[C@@H](CC(C)C)NC(=O)[C@@H]2CCCN2C(=O)CN(Cc2ccccc2)C1=O,hepta_938,4515,-6.12,7,7,Circle,0.179553,0.0592518,-43.4768,9.286,7.942,1.344,0.110208,0.0382046,8.379,7.183,1.196,14,28,train,train,train,train,train,test,test,val,test,train,,train,-0.06,-0.07691701
4513,2020_Townsend,CC(C)C[C@@H]1NC(=O)[C@@H]2CCCN2C(=O)CN(Cc2ccccc2)C(=O)[C@@H](CC(C)C)NC(=O)[C@@H](C)NC(=O)[C@@H]2CCCN2C(=O)[C@H](Cc2ccccc2)NC1=O,hepta_936,4513,-10.0,7,7,Circle,0.166101,0.0865392,-36.7314,8.793,7.372,1.421,0.0803445,0.0386969,8.311,7.068,1.243,30,69,train,train,train,train,train,test,train,train,train,test,,train,-1.0,-0.31805956
4509,2020_Townsend,CC(C)C[C@@H]1NC(=O)[C@H](CC(C)C)N(C)C(=O)[C@@H](C)NC(=O)[C@@H]2CCCN2C(=O)[C@H](Cc2ccccc2)NC(=O)[C@@H](CC(C)C)N(C)C(=O)[C@@H]2CCCN2C1=O,hepta_932,4509,-5.82,7,7,Circle,0.127617,0.0519578,-35.5727,9.582,8.201,1.381,0.119113,0.0547055,9.049,7.783,1.266,3,61,train,train,train,train,train,test,train,train,train,train,,train,0.0899999999999998,0.124740206
4472,2020_Townsend,CCCN1CC(=O)N(C)[C@H](CC(C)C)C(=O)N[C@@H](Cc2ccccc2)CC(=O)N2CCC[C@@H]2C(=O)N(C)[C@H](CC(C)C)C(=O)N[C@@H](Cc2ccccc2)C(=O)N2CCC[C@H]2C1=O,hepta_895,4472,-5.63,7,7,Circle,0.173602,0.0724015,-28.3614,9.901,8.696,1.205,0.149575,0.051455,9.582,8.627,0.955,46,32,train,train,train,train,train,test,train,train,train,train,,train,0.185,0.2607439
4465,2020_Townsend,CCCN1CC(=O)N(C)[C@H](CC(C)C)C(=O)N(C)[C@@H](CC(C)C)C(=O)N2CCC[C@@H]2C(=O)N(Cc2ccccc2)CC(=O)N[C@@H](Cc2ccccc2)C(=O)N2CCC[C@H]2C1=O,hepta_888,4465,-5.38,7,7,Circle,0.154318,0.054754,-28.2769,9.229,8.015,1.214,0.14626,0.052075,9.084,7.951,1.133,30,24,train,train,train,train,train,test,train,test,train,train,,train,0.31,0.44448468
4448,2020_Townsend,CCCN1CC(=O)N(C)[C@@H](CC(C)C)C(=O)N[C@H](CC(C)C)C(=O)N2CCC[C@@H]2C(=O)N(Cc2ccccc2)CC(=O)N[C@@H](Cc2ccccc2)C(=O)N2CCC[C@H]2C1=O,hepta_871,4448,-5.22,7,7,Circle,0.174571,0.0677698,-32.232,9.503,8.259,1.244,0.145159,0.049685,9.167,8.048,1.119,9,88,train,train,val,test,train,test,train,test,train,train,,train,0.3900000000000001,0.33266515
4447,2020_Townsend,CCCN1CC(=O)N(Cc2ccccc2)CC(=O)N[C@@H](CC(C)C)C(=O)N2CCC[C@@H]2C(=O)N(C)[C@H](CC(C)C)C(=O)N[C@@H](Cc2ccccc2)C(=O)N2CCC[C@H]2C1=O,hepta_870,4447,-5.71,7,7,Circle,0.141451,0.0486179,-31.4141,9.34,8.167,1.173,0.119792,0.0353567,8.974,7.838,1.136,43,82,train,test,train,test,train,test,val,train,val,train,,train,0.145,0.36551172
4440,2020_Townsend,CCCN1CC(=O)N(C)[C@@H](CC(C)C)C(=O)N(C)[C@@H](CC(C)C)C(=O)N2CCC[C@@H]2C(=O)N(C)[C@H](CC(C)C)C(=O)N[C@@H](Cc2ccccc2)C(=O)N2CCC[C@H]2C1=O,hepta_863,4440,-5.16,7,7,Circle,0.143865,0.0470219,-25.0578,9.445,8.349,1.096,0.148063,0.0530021,9.289,8.377,0.912,55,36,train,train,train,train,train,test,train,train,train,train,,train,0.4199999999999999,0.5062537
4432,2020_Townsend,CCCN1CC(=O)N(C)[C@@H](CC(C)C)C(=O)N(C)[C@H](CC(C)C)C(=O)N2CCC[C@@H]2C(=O)N(C)[C@H](CC(C)C)C(=O)N[C@@H](Cc2ccccc2)C(=O)N2CCC[C@H]2C1=O,hepta_855,4432,-5.29,7,7,Circle,0.136838,0.0418335,-20.9683,9.084,7.978,1.106,0.133226,0.0397788,8.985,7.996,0.989,70,91,train,train,train,train,train,test,train,train,train,train,,train,0.355,0.29409808
4426,2020_Townsend,CCCN1CC(=O)N[C@@H](CC(C)C)C(=O)N(C)[C@@H](CC(C)C)C(=O)N2CCC[C@@H]2C(=O)N(C)[C@@H](CC(C)C)C(=O)N[C@@H](Cc2ccccc2)C(=O)N2CCC[C@H]2C1=O,hepta_849,4426,-5.09,7,7,Circle,0.119449,0.043787,-26.4401,9.397,8.358,1.039,0.141202,0.0510332,9.29,8.213,1.077,74,25,train,train,val,train,train,test,train,train,train,train,,train,0.455,0.2515375
4401,2020_Townsend,CCCN1CC(=O)N[C@@H](CC(C)C)C(=O)N[C@H](CC(C)C)C(=O)N2CCC[C@@H]2C(=O)N(C)[C@@H](CC(C)C)C(=O)N[C@@H](Cc2ccccc2)C(=O)N2CCC[C@H]2C1=O,hepta_824,4401,-5.21,7,7,Circle,0.106041,0.0461633,-24.095,8.675,7.422,1.253,0.112476,0.0451409,8.916,7.65,1.266,69,12,train,val,train,train,train,test,train,train,train,train,,train,0.395,0.29497057
4394,2020_Townsend,CCCN1CC(=O)N[C@@H](CC(C)C)C(=O)N(C)[C@H](CC(C)C)C(=O)N2CCC[C@@H]2C(=O)N[C@H](CC(C)C)C(=O)N[C@@H](Cc2ccccc2)C(=O)N2CCC[C@H]2C1=O,hepta_817,4394,-5.6,7,7,Circle,0.130069,0.0543608,-30.9828,9.49,8.258,1.232,0.170093,0.0561416,9.209,8.118,1.091,80,72,val,train,test,val,train,test,val,train,train,train,,val,0.2000000000000001,0.16132957
4386,2020_Townsend,CCCN1CC(=O)N[C@@H](CC(C)C)C(=O)N[C@H](CC(C)C)C(=O)N2CCC[C@@H]2C(=O)N[C@@H](CC(C)C)C(=O)N[C@@H](Cc2ccccc2)C(=O)N2CCC[C@H]2C1=O,hepta_809,4386,-6.48,7,7,Circle,0.0848004,0.0440006,-24.9841,8.67,7.278,1.392,0.125651,0.04833,8.812,7.43,1.382,91,95,train,test,val,train,test,test,train,train,train,val,,train,-0.2400000000000002,-0.022437401
4374,2020_Townsend,CC(C)C[C@H]1C(=O)N[C@@H](Cc2ccccc2)C(=O)N2CCC[C@@H]2C(=O)N(C)[C@H](C)C(=O)N(C)[C@H](CC(C)C)C(=O)N[C@@H](Cc2ccccc2)CC(=O)N2CCC[C@@H]2C(=O)N1C,hepta_797,4374,-10.0,7,7,Circle,0.207187,0.074645,-26.8352,9.972,8.799,1.173,0.185421,0.0765611,9.476,8.313,1.163,38,52,train,train,train,test,val,test,train,train,train,train,,train,-1.0,-0.20026857
4368,2020_Townsend,CC(C)C[C@@H]1NC(=O)[C@@H](C)N(C)C(=O)[C@H]2CCCN2C(=O)[C@H](Cc2ccccc2)NC(=O)[C@H](CC(C)C)N(C)C(=O)[C@H]2CCCN2C(=O)C[C@H](Cc2ccccc2)NC1=O,hepta_791,4368,-5.58,7,7,Circle,0.163946,0.0389822,-29.3557,9.513,8.305,1.208,0.109613,0.0376079,9.075,8.175,0.9,51,45,train,train,train,train,test,test,train,val,train,train,,train,0.2099999999999999,-0.050565936
4348,2020_Townsend,CC(C)C[C@@H]1NC(=O)[C@@H](CC(C)C)N(C)C(=O)[C@@H](C)N(C)C(=O)[C@H]2CCCN2C(=O)[C@H](Cc2ccccc2)NC(=O)CN(Cc2ccccc2)C(=O)[C@H]2CCCN2C1=O,hepta_771,4348,-10.0,7,7,Circle,0.154172,0.0383885,-25.7962,9.231,8.163,1.068,0.0878635,0.0325652,8.609,7.633,0.976,100,12,train,train,val,train,train,test,train,train,train,test,,train,-1.0,0.057778172
4327,2020_Townsend,CC(C)C[C@@H]1NC(=O)[C@@H](C)N(C)C(=O)[C@H]2CCCN2C(=O)[C@H](Cc2ccccc2)NC(=O)[C@H](CC(C)C)N(C)C(=O)[C@H]2CCCN2C(=O)[C@H](CC(C)C)N(C)C1=O,hepta_750,4327,-5.1,7,7,Circle,0.109366,0.0492652,-30.5976,9.5,8.4,1.1,0.130957,0.0443913,9.382,8.309,1.073,38,41,train,train,val,train,train,test,train,train,train,test,,train,0.4500000000000002,0.45159993
4309,2020_Townsend,CC(C)C[C@@H]1NC(=O)[C@@H](C)N(C)C(=O)[C@H]2CCCN2C(=O)[C@H](Cc2ccccc2)NC(=O)[C@H](CC(C)C)N(C)C(=O)[C@H]2CCCN2C(=O)[C@H](CC(C)C)NC1=O,hepta_732,4309,-5.96,7,7,Circle,0.143746,0.0532186,-37.9434,9.446,8.221,1.225,0.112424,0.0390706,8.904,7.952,0.952,3,25,test,train,train,train,train,test,train,train,train,train,,test,0.02,0.26892558
4273,2020_Townsend,CC(C)C[C@H]1C(=O)N(C)[C@@H](CC(C)C)C(=O)N2CCC[C@@H]2C(=O)N(Cc2ccccc2)CC(=O)N[C@@H](Cc2ccccc2)C(=O)N2CCC[C@@H]2C(=O)N(C)[C@@H](C)C(=O)N1C,hepta_696,4273,-5.15,7,7,Circle,0.173008,0.0497142,-25.8704,9.702,8.462,1.24,0.130695,0.0429378,9.668,8.41,1.258,57,34,train,train,val,train,train,test,train,train,train,train,,train,0.4249999999999998,0.44546914
4270,2020_Townsend,CC(C)C[C@H]1NC(=O)CN(Cc2ccccc2)C(=O)[C@H](C)N(C)C(=O)[C@H]2CCCN2C(=O)[C@H](Cc2ccccc2)NC(=O)CN(Cc2ccccc2)C(=O)[C@H]2CCCN2C1=O,hepta_693,4270,-5.8,7,7,Circle,0.177267,0.0623682,-33.9872,9.17,7.887,1.283,0.096478,0.0377822,8.836,7.646,1.19,46,23,train,val,train,train,train,test,val,train,train,train,,train,0.1,0.018891029
4264,2020_Townsend,CC(C)C[C@H]1C(=O)N(C)[C@H](CC(C)C)C(=O)N2CCC[C@@H]2C(=O)N(Cc2ccccc2)CC(=O)N[C@@H](Cc2ccccc2)C(=O)N2CCC[C@@H]2C(=O)N(C)[C@@H](C)C(=O)N1C,hepta_687,4264,-10.0,7,7,Circle,0.156194,0.0511355,-28.6218,9.521,8.301,1.22,0.122269,0.0382035,9.579,8.247,1.332,60,46,train,train,train,train,train,test,val,train,train,train,,train,-1.0,0.23381579
4263,2020_Townsend,CC(C)C[C@H]1C(=O)N[C@@H](Cc2ccccc2)CC(=O)N2CCC[C@@H]2C(=O)N[C@H](CC(C)C)C(=O)N[C@@H](Cc2ccccc2)C(=O)N2CCC[C@@H]2C(=O)N(C)[C@@H](C)C(=O)N1C,hepta_686,4263,-6.16,7,7,Circle,0.161713,0.0471566,-28.8974,9.554,8.219,1.335,0.168575,0.063773,9.738,8.491,1.247,74,58,val,train,train,train,train,test,train,train,train,train,,val,-0.08,-0.35237274
4249,2020_Townsend,CC(C)C[C@H]1C(=O)N2CCC[C@@H]2C(=O)N[C@H](CC(C)C)C(=O)N[C@@H](Cc2ccccc2)C(=O)N2CCC[C@@H]2C(=O)N(C)[C@@H](C)C(=O)N(Cc2ccccc2)CC(=O)N1C,hepta_672,4249,-5.67,7,7,Circle,0.122622,0.0442276,-27.1868,9.192,8.043,1.149,0.120506,0.0435787,9.028,7.948,1.08,7,11,train,train,train,val,train,test,train,train,test,train,,train,0.165,0.25543967
4227,2020_Townsend,CC(C)C[C@@H]1NC(=O)[C@H]2CCCN2C(=O)[C@H](CC(C)C)N(C)C(=O)[C@H](CC(C)C)N(C)C(=O)[C@H](C)N(C)C(=O)[C@H]2CCCN2C(=O)[C@H](Cc2ccccc2)NC1=O,hepta_650,4227,-5.7,7,7,Circle,0.14117,0.0537798,-41.1944,9.381,8.263,1.118,0.106785,0.043067,8.707,7.701,1.006,82,39,train,train,train,train,train,test,train,train,train,train,,train,0.1499999999999999,-0.4163536
4215,2020_Townsend,CC(C)C[C@@H]1NC(=O)[C@H]2CCCN2C(=O)[C@@H](CC(C)C)N(C)C(=O)[C@H](CC(C)C)N(C)C(=O)[C@H](C)N(C)C(=O)[C@H]2CCCN2C(=O)[C@H](Cc2ccccc2)NC1=O,hepta_638,4215,-10.0,7,7,Circle,0.131051,0.0353128,-20.5812,9.137,7.964,1.173,0.118174,0.0346794,9.206,8.012,1.194,26,25,train,train,test,train,train,test,train,train,train,train,-8.0,test,-1.0,-0.43403798
4192,2020_Townsend,CC(C)C[C@H]1C(=O)N2CCC[C@@H]2C(=O)N[C@H](CC(C)C)C(=O)N[C@@H](Cc2ccccc2)C(=O)N2CCC[C@@H]2C(=O)N(C)[C@@H](C)C(=O)N[C@H](CC(C)C)C(=O)N1C,hepta_615,4192,-5.47,7,7,Circle,0.118989,0.0461164,-29.9596,9.121,7.816,1.305,0.15147,0.0575158,9.163,7.927,1.236,21,48,train,train,train,train,train,test,train,val,train,val,,train,0.2650000000000001,0.2058194
4190,2020_Townsend,CC(C)C[C@H]1C(=O)N[C@@H](Cc2ccccc2)C(=O)N2CCC[C@@H]2C(=O)N(C)[C@@H](C)C(=O)N[C@H](CC(C)C)C(=O)N[C@H](CC(C)C)C(=O)N2CCC[C@@H]2C(=O)N1C,hepta_613,4190,-5.96,7,7,Circle,0.121657,0.0580924,-34.4039,9.351,8.018,1.333,0.105483,0.0374291,8.852,7.827,1.025,87,88,train,test,train,test,train,test,test,train,train,train,,train,0.02,0.22978354
4171,2020_Townsend,CC(C)C[C@@H]1NC(=O)CN(Cc2ccccc2)C(=O)[C@@H](C)N(C)C(=O)[C@H]2CCCN2C(=O)[C@H](Cc2ccccc2)NC(=O)CN(Cc2ccccc2)C(=O)[C@@H]2CCCN2C1=O,hepta_594,4171,-5.63,7,7,Circle,0.179488,0.0543903,-42.8145,9.861,8.736,1.125,0.185036,0.0674376,9.013,7.968,1.045,93,21,train,train,train,val,train,test,val,train,test,train,,train,0.185,-0.05868172
4170,2020_Townsend,CC(C)C[C@@H]1NC(=O)[C@@H](C)N(C)C(=O)[C@H]2CCCN2C(=O)[C@H](Cc2ccccc2)NC(=O)[C@H](CC(C)C)N(C)C(=O)[C@@H]2CCCN2C(=O)C[C@H](Cc2ccccc2)NC1=O,hepta_593,4170,-5.58,7,7,Circle,0.182228,0.0639101,-24.6967,9.515,8.426,1.089,0.151939,0.0566582,9.359,8.269,1.09,97,57,train,train,train,val,train,test,train,train,test,test,,train,0.2099999999999999,0.5117985
4165,2020_Townsend,CC(C)C[C@H]1C(=O)N2CCC[C@H]2C(=O)N(Cc2ccccc2)CC(=O)N[C@@H](Cc2ccccc2)C(=O)N2CCC[C@@H]2C(=O)N(C)[C@H](C)C(=O)N(C)[C@H](CC(C)C)C(=O)N1C,hepta_588,4165,-5.57,7,7,Circle,0.191747,0.061162,-28.6018,9.212,8.162,1.05,0.134559,0.0417435,9.399,8.361,1.038,53,67,train,train,train,val,train,test,train,train,train,train,,train,0.2149999999999998,0.28624815
4162,2020_Townsend,CC(C)C[C@H]1NC(=O)[C@@H]2CCCN2C(=O)C[C@H](Cc2ccccc2)NC(=O)[C@@H](CC(C)C)N(C)C(=O)[C@@H](C)N(C)C(=O)[C@H]2CCCN2C(=O)[C@H](Cc2ccccc2)NC1=O,hepta_585,4162,-5.55,7,7,Circle,0.129002,0.038786,-22.5992,9.014,7.956,1.058,0.157639,0.0683718,9.181,8.163,1.018,55,14,train,train,test,test,train,test,train,train,val,test,,train,0.2250000000000001,-0.14178912
4155,2020_Townsend,CC(C)C[C@@H]1NC(=O)[C@@H]2CCCN2C(=O)CN(Cc2ccccc2)C(=O)[C@H](CC(C)C)N(C)C(=O)[C@@H](C)N(C)C(=O)[C@H]2CCCN2C(=O)[C@H](Cc2ccccc2)NC1=O,hepta_578,4155,-6.04,7,7,Circle,0.198236,0.100079,-31.7572,9.203,8.109,1.094,0.201941,0.0976564,8.874,7.945,0.929,12,3,train,train,train,train,val,test,test,train,train,train,,train,-0.02,0.104480095
4153,2020_Townsend,CC(C)C[C@@H]1NC(=O)[C@@H](CC(C)C)N(C)C(=O)[C@@H](C)N(C)C(=O)[C@H]2CCCN2C(=O)[C@H](Cc2ccccc2)NC(=O)CN(Cc2ccccc2)C(=O)[C@@H]2CCCN2C1=O,hepta_576,4153,-10.0,7,7,Circle,0.236665,0.100933,-40.1629,9.596,8.447,1.149,0.162399,0.0764451,9.129,8.109,1.02,3,56,train,train,train,train,val,test,train,train,train,train,,train,-1.0,0.29567468
4146,2020_Townsend,CC(C)C[C@H]1C(=O)N[C@@H](Cc2ccccc2)C(=O)N2CCC[C@@H]2C(=O)N(C)[C@H](C)C(=O)N(C)[C@@H](CC(C)C)C(=O)N(C)[C@H](CC(C)C)C(=O)N2CCC[C@H]2C(=O)N1C,hepta_569,4146,-5.18,7,7,Circle,0.148429,0.0404063,-20.6073,9.384,8.306,1.078,0.12773,0.0451952,9.464,8.378,1.086,31,21,train,train,train,train,train,test,train,train,train,train,,train,0.4100000000000001,0.54123896
4143,2020_Townsend,CC(C)C[C@H]1NC(=O)[C@@H](C)N(C)C(=O)[C@H]2CCCN2C(=O)[C@H](Cc2ccccc2)NC(=O)[C@@H](CC(C)C)N(C)C(=O)[C@@H]2CCCN2C(=O)CN(Cc2ccccc2)C1=O,hepta_566,4143,-5.9,7,7,Circle,0.133333,0.0398915,-22.1138,8.657,7.625,1.032,0.127632,0.0402396,8.711,7.692,1.019,78,86,val,train,val,train,train,test,train,train,test,train,,val,0.0499999999999998,0.15555894
4141,2020_Townsend,CC(C)C[C@H]1NC(=O)[C@@H]2CCCN2C(=O)C[C@H](Cc2ccccc2)NC(=O)[C@@H](CC(C)C)NC(=O)[C@@H](C)N(C)C(=O)[C@H]2CCCN2C(=O)[C@H](Cc2ccccc2)NC1=O,hepta_564,4141,-6.55,7,7,Circle,0.191312,0.0612721,-30.7482,9.478,8.231,1.247,0.135295,0.0431115,8.486,7.403,1.083,69,9,train,train,train,train,train,test,train,train,train,train,,train,-0.2749999999999999,-0.29118505
4133,2020_Townsend,CC(C)C[C@@H]1NC(=O)[C@H](CC(C)C)N(C)C(=O)[C@@H](C)N(C)C(=O)[C@H]2CCCN2C(=O)[C@H](Cc2ccccc2)NC(=O)[C@H](CC(C)C)N(C)C(=O)[C@@H]2CCCN2C1=O,hepta_556,4133,-5.34,7,7,Circle,0.143936,0.0403411,-29.7707,9.489,8.36,1.129,0.101761,0.0369134,8.712,7.831,0.881,94,79,train,train,train,val,val,test,train,train,train,train,,train,0.33,0.3501218
4119,2020_Townsend,CC(C)C[C@H]1C(=O)N2CCC[C@H]2C(=O)N(C)[C@H](CC(C)C)C(=O)N[C@@H](Cc2ccccc2)C(=O)N2CCC[C@@H]2C(=O)N(C)[C@H](C)C(=O)N[C@H](CC(C)C)C(=O)N1C,hepta_542,4119,-5.2,7,7,Circle,0.11921,0.0501667,-34.5082,9.427,8.008,1.419,0.218347,0.100952,8.945,8.013,0.932,74,20,train,train,train,test,train,test,train,train,test,train,,train,0.3999999999999999,0.1763488
4087,2020_Townsend,CC(C)C[C@H]1C(=O)N[C@@H](Cc2ccccc2)C(=O)N2CCC[C@@H]2C(=O)N(C)[C@@H](C)C(=O)N(Cc2ccccc2)CC(=O)N(Cc2ccccc2)CC(=O)N2CCC[C@H]2C(=O)N1C,hepta_510,4087,-5.19,7,7,Circle,0.149365,0.0397503,-32.7364,9.627,8.449,1.178,0.155048,0.0477,9.372,8.113,1.259,73,19,train,train,test,train,test,test,train,val,train,train,,train,0.4049999999999998,0.2952417
4077,2020_Townsend,CC(C)C[C@H]1C(=O)N2CCC[C@H]2C(=O)N(C)[C@@H](CC(C)C)C(=O)N[C@@H](Cc2ccccc2)C(=O)N2CCC[C@@H]2C(=O)N(C)[C@@H](C)C(=O)N(Cc2ccccc2)CC(=O)N1C,hepta_500,4077,-5.04,7,7,Circle,0.120858,0.0432986,-23.0205,9.105,8.048,1.057,0.125608,0.0426288,9.195,8.186,1.009,32,40,test,train,train,train,train,test,train,train,train,val,,test,0.48,0.55259615
4066,2020_Townsend,CC(C)C[C@H]1C(=O)N(Cc2ccccc2)CC(=O)N2CCC[C@H]2C(=O)N(C)[C@H](CC(C)C)C(=O)N[C@@H](Cc2ccccc2)C(=O)N2CCC[C@@H]2C(=O)N(C)[C@@H](C)C(=O)N1C,hepta_489,4066,-5.85,7,7,Circle,0.166174,0.053234,-28.2937,9.74,8.502,1.238,0.151069,0.0452647,9.642,8.451,1.191,18,11,train,train,val,test,test,test,train,train,train,val,,train,0.0750000000000001,0.08447305
4051,2020_Townsend,CC(C)C[C@H]1C(=O)N[C@@H](Cc2ccccc2)C(=O)N2CCC[C@@H]2C(=O)N(C)[C@@H](C)C(=O)N(Cc2ccccc2)CC(=O)N[C@H](CC(C)C)C(=O)N2CCC[C@H]2C(=O)N1C,hepta_474,4051,-5.29,7,7,Circle,0.120762,0.048658,-26.2285,9.095,7.841,1.254,0.130364,0.0515734,8.616,7.623,0.993,88,31,train,train,train,test,train,test,train,train,test,train,,train,0.355,0.45410603
4016,2020_Townsend,CC(C)C[C@H]1NC(=O)[C@H](C)N(C)C(=O)[C@H]2CCCN2C(=O)[C@H](Cc2ccccc2)NC(=O)CN(Cc2ccccc2)C(=O)[C@@H]2CCCN2C(=O)[C@@H](CC(C)C)NC1=O,hepta_439,4016,-6.18,7,7,Circle,0.189599,0.0850041,-29.6028,8.779,7.59,1.189,0.112305,0.0341742,8.801,7.875,0.926,61,15,train,train,train,train,train,test,train,train,train,train,,train,-0.0899999999999998,-0.21143341
4014,2020_Townsend,CC(C)C[C@@H]1NC(=O)[C@@H](CC(C)C)N(C)C(=O)[C@H](C)N(C)C(=O)[C@H]2CCCN2C(=O)[C@H](Cc2ccccc2)NC(=O)[C@@H](CC(C)C)N(C)C(=O)[C@@H]2CCCN2C1=O,hepta_437,4014,-5.04,7,7,Circle,0.181877,0.0642167,-28.2169,9.484,8.267,1.217,0.170097,0.0652475,9.083,8.071,1.012,65,57,train,train,train,train,train,test,train,test,train,test,,train,0.48,0.5425333
4013,2020_Townsend,CC(C)C[C@H]1C(=O)N[C@@H](Cc2ccccc2)C(=O)N2CCC[C@@H]2C(=O)N(C)[C@@H](C)C(=O)N[C@H](CC(C)C)C(=O)N(C)[C@H](CC(C)C)C(=O)N2CCC[C@H]2C(=O)N1C,hepta_436,4013,-4.83,7,7,Circle,0.153845,0.0469635,-21.8024,9.357,8.147,1.21,0.106231,0.0334348,8.885,7.756,1.129,96,30,test,train,test,train,train,test,train,train,train,test,,test,0.585,0.5640554
4011,2020_Townsend,CC(C)C[C@H]1C(=O)N2CCC[C@H]2C(=O)N[C@H](CC(C)C)C(=O)N[C@@H](Cc2ccccc2)C(=O)N2CCC[C@@H]2C(=O)N(C)[C@@H](C)C(=O)N(C)[C@H](CC(C)C)C(=O)N1C,hepta_434,4011,-5.33,7,7,Circle,0.120022,0.0427831,-24.235,9.121,7.92,1.201,0.119144,0.0562113,8.849,7.908,0.941,33,90,train,train,train,train,test,test,train,train,train,test,,train,0.3349999999999999,-0.035234086
4000,2020_Townsend,CC(C)C[C@@H]1NC(=O)[C@H](C)N(C)C(=O)[C@H]2CCCN2C(=O)[C@H](Cc2ccccc2)NC(=O)[C@H](CC(C)C)N(C)C(=O)[C@@H]2CCCN2C(=O)[C@@H](CC(C)C)NC1=O,hepta_423,4000,-5.5,7,7,Circle,0.205452,0.0865763,-30.7911,9.381,8.007,1.374,0.13099,0.0545657,8.784,7.787,0.997,37,57,train,train,train,train,train,test,train,train,train,train,,train,0.25,0.2537479
3989,2020_Townsend,CC(C)C[C@H]1NC(=O)[C@@H]2CCCN2C(=O)[C@@H](CC(C)C)N(C)C(=O)[C@@H](CC(C)C)NC(=O)[C@H](C)N(C)C(=O)[C@H]2CCCN2C(=O)[C@H](Cc2ccccc2)NC1=O,hepta_412,3989,-5.99,7,7,Circle,0.148673,0.050351,-28.2151,9.169,7.89,1.279,0.162894,0.0579157,8.991,7.715,1.276,90,100,train,train,train,train,train,test,train,train,train,test,,train,0.0049999999999998,0.3113248
3988,2020_Townsend,CC(C)C[C@H]1NC(=O)[C@@H]2CCCN2C(=O)[C@@H](CC(C)C)NC(=O)[C@@H](CC(C)C)N(C)C(=O)[C@H](C)N(C)C(=O)[C@H]2CCCN2C(=O)[C@H](Cc2ccccc2)NC1=O,hepta_411,3988,-6.54,7,7,Circle,0.130445,0.0524838,-43.3925,9.169,7.881,1.288,0.143482,0.050313,8.796,7.625,1.171,7,70,val,train,train,train,train,test,train,train,test,train,,val,-0.27,-0.091959454
3978,2020_Townsend,CC(C)C[C@@H]1NC(=O)[C@H]2CCCN2C(=O)C[C@H](Cc2ccccc2)NC(=O)CN(Cc2ccccc2)C(=O)[C@@H](C)NC(=O)[C@H]2CCCN2C(=O)[C@H](Cc2ccccc2)NC1=O,hepta_401,3978,-7.24,7,7,Circle,0.210361,0.0728115,-47.5644,9.587,8.273,1.314,0.164039,0.0476698,9.275,8.022,1.253,41,5,train,train,train,train,train,test,train,val,train,train,,train,-0.6200000000000001,-0.44013304
3968,2020_Townsend,CC(C)C[C@@H]1NC(=O)[C@@H](C)NC(=O)[C@H]2CCCN2C(=O)[C@H](Cc2ccccc2)NC(=O)[C@H](CC(C)C)N(C)C(=O)[C@H]2CCCN2C(=O)C[C@H](Cc2ccccc2)NC1=O,hepta_391,3968,-10.0,7,7,Circle,0.157389,0.0611752,-21.1753,8.932,7.806,1.126,0.145692,0.0457671,9.133,8.058,1.075,77,28,val,test,train,train,train,test,train,val,test,train,,val,-1.0,-0.21783301
3954,2020_Townsend,CC(C)C[C@@H]1NC(=O)CN(Cc2ccccc2)C(=O)[C@@H](C)NC(=O)[C@H]2CCCN2C(=O)[C@H](Cc2ccccc2)NC(=O)[C@H](CC(C)C)N(C)C(=O)[C@H]2CCCN2C1=O,hepta_377,3954,-5.53,7,7,Circle,0.182756,0.061334,-35.5667,9.495,8.245,1.25,0.147527,0.0409423,9.211,7.814,1.397,46,24,train,train,train,train,train,test,train,train,train,val,,train,0.2349999999999998,0.31473303
3945,2020_Townsend,CC(C)C[C@@H]1NC(=O)[C@H]2CCCN2C(=O)CN(Cc2ccccc2)C(=O)[C@@H](CC(C)C)N(C)C(=O)[C@@H](C)NC(=O)[C@H]2CCCN2C(=O)[C@H](Cc2ccccc2)NC1=O,hepta_368,3945,-10.0,7,7,Circle,0.230003,0.117974,-36.8616,9.164,7.997,1.167,0.14051,0.0422628,9.014,7.862,1.152,27,100,train,train,train,train,val,test,train,train,train,train,,train,-1.0,-0.418176
3934,2020_Townsend,CC(C)C[C@@H]1NC(=O)[C@H]2CCCN2C(=O)CN(Cc2ccccc2)C(=O)[C@H](CC(C)C)NC(=O)[C@@H](C)NC(=O)[C@H]2CCCN2C(=O)[C@H](Cc2ccccc2)NC1=O,hepta_357,3934,-6.14,7,7,Circle,0.196383,0.0881494,-26.491,8.622,7.335,1.287,0.179573,0.059167,8.57,7.442,1.128,100,86,val,train,train,train,test,test,train,train,train,train,,val,-0.0699999999999998,-0.10193438
3915,2020_Townsend,CC(C)C[C@H]1C(=O)N[C@H](CC(C)C)C(=O)N2CCC[C@@H]2C(=O)N(C)[C@H](CC(C)C)C(=O)N[C@@H](Cc2ccccc2)C(=O)N2CCC[C@@H]2C(=O)N[C@H](C)C(=O)N1C,hepta_338,3915,-6.85,7,7,Circle,0.157272,0.0551183,-30.0121,9.429,7.999,1.43,0.111473,0.0551345,9.214,7.893,1.321,25,44,train,train,train,train,train,test,train,test,train,val,,train,-0.4249999999999998,0.05232755
3914,2020_Townsend,CC(C)C[C@H]1C(=O)N2CCC[C@@H]2C(=O)N(C)[C@H](CC(C)C)C(=O)N[C@@H](Cc2ccccc2)C(=O)N2CCC[C@@H]2C(=O)N[C@H](C)C(=O)N[C@H](CC(C)C)C(=O)N1C,hepta_337,3914,-10.0,7,7,Circle,0.126409,0.0521976,-43.3523,8.992,7.446,1.546,0.101308,0.03883,8.748,7.664,1.084,17,80,test,train,train,train,train,test,val,train,train,train,,test,-1.0,-0.026312023
3907,2020_Townsend,CC(C)C[C@@H]1NC(=O)[C@H]2CCCN2C(=O)[C@H](CC(C)C)NC(=O)[C@@H](CC(C)C)N(C)C(=O)[C@@H](C)NC(=O)[C@H]2CCCN2C(=O)[C@H](Cc2ccccc2)NC1=O,hepta_330,3907,-5.85,7,7,Circle,0.152918,0.0495277,-37.8912,9.492,8.009,1.483,0.111423,0.0392392,8.724,7.491,1.233,54,84,train,train,train,train,train,test,train,train,train,train,,train,0.0750000000000001,-0.23764825
3893,2020_Townsend,CC(C)C[C@@H]1NC(=O)[C@@H](C)NC(=O)[C@H]2CCCN2C(=O)[C@H](Cc2ccccc2)NC(=O)[C@@H](CC(C)C)NC(=O)[C@H]2CCCN2C(=O)[C@H](CC(C)C)NC1=O,hepta_316,3893,-5.34,7,7,Circle,0.0810185,0.0321095,-31.5832,8.55,7.307,1.243,0.104223,0.0372752,8.544,7.421,1.123,24,43,test,train,train,train,train,test,train,val,train,train,,test,0.33,0.013269812
3890,2020_Townsend,CC(C)C[C@@H]1NC(=O)[C@@H](CC(C)C)NC(=O)[C@@H](C)NC(=O)[C@H]2CCCN2C(=O)[C@H](Cc2ccccc2)NC(=O)[C@@H](CC(C)C)NC(=O)[C@H]2CCCN2C1=O,hepta_313,3890,-6.07,7,7,Circle,0.155941,0.059959,-34.8407,9.017,7.643,1.374,0.111297,0.0382471,8.541,7.275,1.266,99,3,train,test,test,train,train,test,train,train,val,train,,train,-0.0350000000000001,-0.18299013
3887,2020_Townsend,CC(C)C[C@H]1NC(=O)[C@@H](C)NC(=O)[C@H]2CCCN2C(=O)[C@H](Cc2ccccc2)NC(=O)[C@@H](CC(C)C)NC(=O)[C@H]2CCCN2C(=O)[C@@H](CC(C)C)NC1=O,hepta_310,3887,-6.79,7,7,Circle,0.137208,0.0418729,-35.7222,8.845,7.376,1.469,0.150744,0.0535691,8.573,7.358,1.215,22,85,train,test,train,train,train,test,train,val,train,train,,train,-0.395,-0.34630513
3874,2020_Townsend,CC(C)C[C@H]1C(=O)N2CCC[C@@H]2C(=O)N(Cc2ccccc2)CC(=O)N[C@@H](Cc2ccccc2)C(=O)N2CCC[C@@H]2C(=O)N[C@@H](C)C(=O)N(C)[C@H](CC(C)C)C(=O)N1C,hepta_297,3874,-5.34,7,7,Circle,0.156429,0.0356162,-29.1299,9.747,8.474,1.273,0.145742,0.0485952,9.494,8.23,1.264,31,14,train,test,train,train,train,test,train,train,train,train,,train,0.33,0.34987476
3866,2020_Townsend,CC(C)C[C@@H]1NC(=O)[C@H](C)NC(=O)[C@H]2CCCN2C(=O)[C@H](Cc2ccccc2)NC(=O)[C@@H](CC(C)C)NC(=O)[C@H]2CCCN2C(=O)C[C@H](Cc2ccccc2)NC1=O,hepta_289,3866,-10.0,7,7,Circle,0.185619,0.0632102,-29.0335,8.931,7.764,1.167,0.133465,0.0535285,8.916,7.697,1.219,13,100,train,train,train,train,train,test,train,train,train,train,,train,-1.0,0.0025263838
3832,2020_Townsend,CC(C)C[C@@H]1NC(=O)[C@H](C)NC(=O)[C@H]2CCCN2C(=O)[C@H](Cc2ccccc2)NC(=O)[C@H](CC(C)C)N(C)C(=O)[C@H]2CCCN2C(=O)[C@@H](CC(C)C)NC1=O,hepta_255,3832,-6.68,7,7,Circle,0.125203,0.042207,-24.5444,8.846,7.674,1.172,0.116247,0.0401067,8.873,7.756,1.117,35,100,val,train,train,train,train,test,train,test,test,train,,val,-0.3399999999999998,-0.3448491
3826,2020_Townsend,CC(C)C[C@H]1C(=O)N[C@@H](Cc2ccccc2)C(=O)N2CCC[C@@H]2C(=O)N[C@@H](C)C(=O)N[C@H](CC(C)C)C(=O)N[C@H](CC(C)C)C(=O)N2CCC[C@@H]2C(=O)N1C,hepta_249,3826,-6.54,7,7,Circle,0.135772,0.0561662,-37.7944,9.187,7.77,1.417,0.152325,0.0502457,8.578,7.433,1.145,92,43,train,test,train,test,train,test,train,val,train,train,,train,-0.27,0.4994775
3812,2020_Townsend,CC(C)C[C@H]1C(=O)N[C@@H](Cc2ccccc2)C(=O)N2CCC[C@@H]2C(=O)N[C@H](C)C(=O)N(Cc2ccccc2)CC(=O)N[C@@H](Cc2ccccc2)CC(=O)N2CCC[C@H]2C(=O)N1C,hepta_235,3812,-5.1,7,7,Circle,0.202929,0.0560767,-25.9614,9.277,8.063,1.214,0.185229,0.0626221,9.205,8.148,1.057,65,32,train,train,train,train,train,test,val,train,train,train,,train,0.4500000000000002,0.22912124
3807,2020_Townsend,CC(C)C[C@H]1C(=O)N[C@@H](Cc2ccccc2)CC(=O)N2CCC[C@H]2C(=O)N(C)[C@H](CC(C)C)C(=O)N[C@@H](Cc2ccccc2)C(=O)N2CCC[C@@H]2C(=O)N[C@H](C)C(=O)N1C,hepta_230,3807,-5.55,7,7,Circle,0.159966,0.0598301,-23.0405,9.024,7.621,1.403,0.156234,0.0529946,9.209,7.832,1.377,73,34,train,test,train,train,train,test,val,train,train,train,,train,0.2250000000000001,0.34076208
3804,2020_Townsend,CC(C)C[C@@H]1NC(=O)CN(Cc2ccccc2)C(=O)[C@@H](C)NC(=O)[C@H]2CCCN2C(=O)[C@H](Cc2ccccc2)NC(=O)CN(Cc2ccccc2)C(=O)[C@@H]2CCCN2C1=O,hepta_227,3804,-6.24,7,7,Circle,0.191593,0.0602851,-40.457,8.935,7.724,1.211,0.262438,0.121923,9.007,7.888,1.119,39,87,train,val,train,train,train,test,test,test,train,test,,train,-0.1200000000000001,-0.12293769
3794,2020_Townsend,CC(C)C[C@@H]1C(=O)N[C@@H](Cc2ccccc2)C(=O)N2CCC[C@@H]2C(=O)N[C@H](C)C(=O)N(C)[C@H](CC(C)C)C(=O)N(Cc2ccccc2)CC(=O)N2CCC[C@H]2C(=O)N1C,hepta_217,3794,-5.45,7,7,Circle,0.167407,0.0567242,-41.5985,9.652,8.33,1.322,0.159979,0.0531224,9.164,8.153,1.011,41,49,train,train,train,train,train,test,train,train,test,train,,train,0.2749999999999999,-0.114217125
3790,2020_Townsend,CC(C)C[C@@H]1NC(=O)[C@@H]2CCCN2C(=O)C[C@H](Cc2ccccc2)NC(=O)[C@H](CC(C)C)NC(=O)[C@@H](C)NC(=O)[C@H]2CCCN2C(=O)[C@H](Cc2ccccc2)NC1=O,hepta_213,3790,-6.16,7,7,Circle,0.133874,0.0497183,-31.6664,9.024,7.733,1.291,0.140369,0.0700237,8.74,7.554,1.186,58,17,train,train,train,test,val,test,train,train,train,train,,train,-0.08,-0.028364858
3786,2020_Townsend,CC(C)C[C@@H]1NC(=O)[C@@H](CC(C)C)N(C)C(=O)[C@@H](C)NC(=O)[C@H]2CCCN2C(=O)[C@H](Cc2ccccc2)NC(=O)CN(Cc2ccccc2)C(=O)[C@@H]2CCCN2C1=O,hepta_209,3786,-5.85,7,7,Circle,0.178498,0.0679596,-29.6071,9.225,7.971,1.254,0.133729,0.0386152,9.386,8.075,1.311,56,81,train,train,train,val,train,test,train,train,train,train,,train,0.0750000000000001,0.5028809
3780,2020_Townsend,CC(C)C[C@H]1C(=O)N[C@@H](Cc2ccccc2)C(=O)N2CCC[C@@H]2C(=O)N[C@H](C)C(=O)N(C)[C@@H](CC(C)C)C(=O)N(C)[C@H](CC(C)C)C(=O)N2CCC[C@H]2C(=O)N1C,hepta_203,3780,-5.23,7,7,Circle,0.225353,0.0655565,-23.8255,9.472,8.243,1.229,0.119083,0.0576797,9.244,8.04,1.204,38,88,train,train,train,train,train,test,train,train,test,train,,train,0.3849999999999998,0.55422145
3777,2020_Townsend,CC(C)C[C@H]1NC(=O)[C@@H]2CCCN2C(=O)CN(Cc2ccccc2)C(=O)[C@@H](CC(C)C)N(C)C(=O)[C@@H](C)NC(=O)[C@H]2CCCN2C(=O)[C@H](Cc2ccccc2)NC1=O,hepta_200,3777,-5.49,7,7,Circle,0.147588,0.0445162,-33.79,9.104,7.97,1.134,0.0872946,0.0383992,8.562,7.202,1.36,75,98,val,train,train,val,val,test,train,train,train,train,,val,0.2549999999999999,-0.38465095
3756,2020_Townsend,CC(C)C[C@H]1NC(=O)[C@@H]2CCCN2C(=O)CN(Cc2ccccc2)C(=O)[C@@H](CC(C)C)NC(=O)[C@@H](C)NC(=O)[C@H]2CCCN2C(=O)[C@H](Cc2ccccc2)NC1=O,hepta_179,3756,-7.35,7,7,Circle,0.134798,0.0429713,-21.467,8.6,7.518,1.082,0.118043,0.0325988,8.519,7.485,1.034,16,17,train,test,train,train,train,test,train,val,train,train,,train,-0.6749999999999998,-0.4580263
3750,2020_Townsend,CC(C)C[C@H]1C(=O)N2CCC[C@H]2C(=O)N[C@H](CC(C)C)C(=O)N[C@@H](Cc2ccccc2)C(=O)N2CCC[C@@H]2C(=O)N[C@H](C)C(=O)N(C)[C@H](CC(C)C)C(=O)N1C,hepta_173,3750,-6.45,7,7,Circle,0.143012,0.0512215,-42.3069,9.299,7.988,1.311,0.105552,0.0372053,8.918,7.655,1.263,38,46,test,train,train,train,train,test,train,train,train,val,,test,-0.2250000000000001,-0.17447528
3739,2020_Townsend,CC(C)C[C@@H]1NC(=O)[C@@H](C)NC(=O)[C@H]2CCCN2C(=O)[C@H](Cc2ccccc2)NC(=O)[C@@H](CC(C)C)NC(=O)[C@@H]2CCCN2C(=O)[C@@H](CC(C)C)N(C)C1=O,hepta_162,3739,-5.98,7,7,Circle,0.191786,0.101685,-20.483,8.645,7.378,1.267,0.108593,0.0359979,8.231,7.17,1.061,27,42,train,train,train,val,train,test,train,train,train,train,,train,0.0099999999999997,-0.047637038
3730,2020_Townsend,CC(C)C[C@@H]1NC(=O)[C@@H](C)NC(=O)[C@H]2CCCN2C(=O)[C@H](Cc2ccccc2)NC(=O)[C@@H](CC(C)C)NC(=O)[C@@H]2CCCN2C(=O)[C@@H](CC(C)C)NC1=O,hepta_153,3730,-6.51,7,7,Circle,0.149098,0.0531565,-26.0539,8.664,7.449,1.215,0.190273,0.0672486,8.641,7.417,1.224,9,4,train,train,train,train,train,test,test,train,train,train,,train,-0.2549999999999999,-0.58250684
3720,2020_Townsend,CC(C)C[C@H]1NC(=O)[C@H](C)NC(=O)[C@H]2CCCN2C(=O)[C@H](Cc2ccccc2)NC(=O)CN(Cc2ccccc2)C(=O)[C@@H]2CCCN2C(=O)C[C@H](Cc2ccccc2)NC1=O,hepta_143,3720,-6.23,7,7,Circle,0.26801,0.118052,-35.0676,9.384,8.036,1.348,0.171596,0.076247,9.007,7.922,1.085,12,87,train,train,train,train,train,test,train,train,train,train,,train,-0.1150000000000002,-0.1549654
3718,2020_Townsend,CC(C)C[C@H]1C(=O)N[C@@H](Cc2ccccc2)CC(=O)N2CCC[C@H]2C(=O)N(C)[C@H](CC(C)C)C(=O)N[C@@H](Cc2ccccc2)C(=O)N2CCC[C@@H]2C(=O)N[C@@H](C)C(=O)N1C,hepta_141,3718,-5.65,7,7,Circle,0.166401,0.0643421,-30.9432,9.737,8.408,1.329,0.151242,0.060575,9.517,8.208,1.309,55,70,train,train,train,test,train,test,train,train,train,train,,train,0.1749999999999998,0.19179714
3708,2020_Townsend,CC(C)C[C@H]1NC(=O)[C@@H]2CCCN2C(=O)C[C@H](Cc2ccccc2)NC(=O)[C@@H](CC(C)C)N(C)C(=O)[C@H](C)NC(=O)[C@H]2CCCN2C(=O)[C@H](Cc2ccccc2)NC1=O,hepta_131,3708,-6.34,7,7,Circle,0.181768,0.0690195,-29.7164,9.074,7.798,1.276,0.181968,0.0640291,8.956,7.826,1.13,6,70,train,train,train,train,train,test,test,train,train,train,,train,-0.1699999999999999,0.22676587
3696,2020_Townsend,CC(C)C[C@H]1NC(=O)[C@H](C)NC(=O)[C@H]2CCCN2C(=O)[C@H](Cc2ccccc2)NC(=O)[C@@H](CC(C)C)N(C)C(=O)[C@@H]2CCCN2C(=O)CN(Cc2ccccc2)C1=O,hepta_119,3696,-5.25,7,7,Circle,0.186287,0.0775753,-48.3644,9.409,8.068,1.341,0.141348,0.0347415,8.226,6.932,1.294,3,49,train,test,train,train,train,test,train,train,train,train,,train,0.375,0.06489019
3671,2020_Townsend,CC(C)C[C@@H]1NC(=O)[C@H](C)NC(=O)[C@H]2CCCN2C(=O)[C@H](Cc2ccccc2)NC(=O)[C@@H](CC(C)C)N(C)C(=O)[C@@H]2CCCN2C(=O)[C@H](CC(C)C)NC1=O,hepta_94,3671,-6.11,7,7,Circle,0.150041,0.0545391,-39.4844,9.432,7.954,1.478,0.139488,0.0576913,8.773,7.57,1.203,67,17,train,train,train,train,train,test,train,train,train,test,,train,-0.0550000000000001,0.32206172
3668,2020_Townsend,CC(C)C[C@@H]1NC(=O)[C@@H](CC(C)C)NC(=O)[C@H](C)NC(=O)[C@H]2CCCN2C(=O)[C@H](Cc2ccccc2)NC(=O)[C@@H](CC(C)C)N(C)C(=O)[C@@H]2CCCN2C1=O,hepta_91,3668,-6.28,7,7,Circle,0.151007,0.0597904,-36.4755,9.482,7.968,1.514,0.126843,0.0532778,9.002,7.788,1.214,21,36,train,train,train,train,val,test,train,train,train,train,,train,-0.1400000000000001,-0.0459683
3664,2020_Townsend,CC(C)C[C@@H]1NC(=O)[C@H](C)NC(=O)[C@H]2CCCN2C(=O)[C@H](Cc2ccccc2)NC(=O)[C@@H](CC(C)C)N(C)C(=O)[C@@H]2CCCN2C(=O)[C@@H](CC(C)C)NC1=O,hepta_87,3664,-6.44,7,7,Circle,0.168886,0.0733347,-28.0731,9.154,7.862,1.292,0.134401,0.0553447,8.619,7.533,1.086,90,8,train,train,train,train,test,test,train,train,test,train,,train,-0.2200000000000002,-0.06958842
3657,2020_Townsend,CC(C)C[C@@H]1NC(=O)[C@H](C)NC(=O)[C@H]2CCCN2C(=O)[C@H](Cc2ccccc2)NC(=O)[C@@H](CC(C)C)NC(=O)[C@@H]2CCCN2C(=O)[C@H](CC(C)C)NC1=O,hepta_80,3657,-10.0,7,7,Circle,0.238249,0.112785,-23.5439,8.584,7.268,1.316,0.142713,0.0497379,8.519,7.34,1.179,40,73,test,train,train,train,val,test,train,train,train,test,,test,-1.0,-1.1746609
3618,2020_Townsend,CCCN1CC(=O)N[C@H](CC(C)C)C(=O)N(Cc2ccccc2)CC(=O)N2CCC[C@H]2C(=O)N(C)[C@H](CC(C)C)C(=O)N[C@@H](Cc2ccccc2)C(=O)N2CCC[C@@H]2C1=O,hepta_41,3618,-10.0,7,7,Circle,0.137339,0.0504853,-43.7457,9.248,7.936,1.312,0.143424,0.0456181,9.145,7.921,1.224,24,87,train,val,train,train,train,test,val,train,train,train,,train,-1.0,0.20035377
3610,2020_Townsend,CCCN1CC(=O)N[C@H](CC(C)C)C(=O)N[C@@H](CC(C)C)C(=O)N2CCC[C@H]2C(=O)N(Cc2ccccc2)CC(=O)N[C@@H](Cc2ccccc2)C(=O)N2CCC[C@@H]2C1=O,hepta_33,3610,-5.79,7,7,Circle,0.197338,0.0628652,-27.7617,9.459,8.196,1.263,0.148922,0.0446032,9.128,8.145,0.983,9,86,train,train,train,train,train,test,train,train,test,train,,train,0.1049999999999999,0.31526142
3607,2020_Townsend,CCCN1CC(=O)N(C)[C@@H](CC(C)C)C(=O)N[C@@H](CC(C)C)C(=O)N2CCC[C@H]2C(=O)N(C)[C@H](CC(C)C)C(=O)N[C@@H](Cc2ccccc2)C(=O)N2CCC[C@@H]2C1=O,hepta_30,3607,-5.17,7,7,Circle,0.15127,0.0469667,-29.8384,9.375,8.163,1.212,0.124324,0.0453701,9.392,8.174,1.218,6,100,train,train,train,train,train,test,val,train,train,train,,train,0.415,0.56092674
3594,2020_Townsend,CCCN1CC(=O)N[C@@H](CC(C)C)C(=O)N[C@@H](CC(C)C)C(=O)N2CCC[C@H]2C(=O)N(C)[C@@H](CC(C)C)C(=O)N[C@@H](Cc2ccccc2)C(=O)N2CCC[C@@H]2C1=O,hepta_17,3594,-5.68,7,7,Circle,0.13403,0.0424513,-44.2768,9.657,8.256,1.401,0.10471,0.0431347,9.175,7.911,1.264,62,73,test,train,train,train,train,test,val,train,train,train,,test,0.1600000000000001,0.39176553
3581,2020_Townsend,CCCN1CC(=O)N[C@@H](CC(C)C)C(=O)N[C@@H](CC(C)C)C(=O)N2CCC[C@H]2C(=O)N[C@H](CC(C)C)C(=O)N[C@@H](Cc2ccccc2)C(=O)N2CCC[C@@H]2C1=O,hepta_4,3581,-6.09,7,7,Circle,0.151691,0.0450669,-22.1753,8.794,7.634,1.16,0.111739,0.0352329,8.871,7.685,1.186,59,41,train,train,train,train,val,test,val,val,train,train,,train,-0.0449999999999999,-0.03280565
3534,2020_Townsend,CC(C)C[C@@H]1NC(=O)[C@@H](CC(C)C)NC(=O)[C@@H](C)N(C)C(=O)[C@H](Cc2ccccc2)NC(=O)CN(Cc2ccccc2)C(=O)[C@H]2CCCN2C1=O,hexa_1020,3534,-5.28,6,6,Circle,0.161189,0.0497083,-28.3495,8.424,7.22,1.204,0.160131,0.0456131,8.399,7.247,1.152,9,71,val,test,val,train,test,test,train,train,train,train,,val,0.3599999999999999,0.17571402
3530,2020_Townsend,CC(C)C[C@@H]1NC(=O)[C@@H](C)N(C)C(=O)[C@H](Cc2ccccc2)NC(=O)[C@H](CC(C)C)N(C)C(=O)[C@H]2CCCN2C(=O)[C@@H](CC(C)C)N(C)C1=O,hexa_1016,3530,-4.82,6,6,Circle,0.142392,0.043187,-27.4152,8.417,7.397,1.02,0.109403,0.0350858,8.535,7.478,1.057,44,26,train,train,train,train,train,test,train,train,train,train,,train,0.5899999999999999,0.39508587
3510,2020_Townsend,CC(C)C[C@@H]1NC(=O)[C@H]2CCCN2C(=O)[C@@H](CC(C)C)N(C)C(=O)[C@H](CC(C)C)NC(=O)[C@@H](C)N(C)C(=O)[C@H](Cc2ccccc2)NC1=O,hexa_996,3510,-5.41,6,6,Circle,0.157272,0.0436094,-24.7126,8.523,7.296,1.227,0.11503,0.0312791,8.41,7.358,1.052,47,48,train,train,train,train,test,test,train,train,train,train,,train,0.2949999999999999,0.5329336
3483,2020_Townsend,CC(C)C[C@H]1NC(=O)[C@H]2CCCN2C(=O)C[C@H](Cc2ccccc2)NC(=O)CN(Cc2ccccc2)C(=O)[C@H](C)N(C)C(=O)[C@H](Cc2ccccc2)NC1=O,hexa_969,3483,-5.9,6,6,Circle,0.187,0.0623144,-29.1817,8.77,7.554,1.216,0.140412,0.0340349,8.585,7.626,0.959,71,58,train,train,train,train,train,test,train,train,train,val,,train,0.0499999999999998,-0.037392244
3478,2020_Townsend,CC(C)C[C@H]1NC(=O)[C@H](C)N(C)C(=O)[C@H](Cc2ccccc2)NC(=O)CN(Cc2ccccc2)C(=O)[C@H]2CCCN2C(=O)CN(Cc2ccccc2)C1=O,hexa_964,3478,-5.72,6,6,Circle,0.169427,0.0533839,-36.9416,8.387,7.17,1.217,0.145307,0.0376713,8.438,7.459,0.979,9,57,train,train,train,train,train,test,train,train,train,train,,train,0.1400000000000001,-0.5410971
3475,2020_Townsend,CC(C)C[C@H]1C(=O)N[C@@H](Cc2ccccc2)C(=O)N(C)[C@@H](C)C(=O)N[C@H](CC(C)C)C(=O)N[C@@H](Cc2ccccc2)CC(=O)N2CCC[C@@H]2C(=O)N1C,hexa_961,3475,-5.17,6,6,Circle,0.215031,0.0775662,-22.9527,8.645,7.59,1.055,0.125096,0.0364887,8.479,7.428,1.051,78,51,train,train,train,train,train,test,train,train,val,train,,train,0.415,-0.028301828
3470,2020_Townsend,CC(C)C[C@H]1NC(=O)[C@H](C)N(C)C(=O)[C@H](Cc2ccccc2)NC(=O)[C@@H](CC(C)C)N(C)C(=O)[C@H]2CCCN2C(=O)C[C@H](Cc2ccccc2)NC1=O,hexa_956,3470,-5.53,6,6,Circle,0.166643,0.0373776,-17.4551,8.47,7.491,0.979,0.149442,0.0535258,8.403,7.352,1.051,94,95,train,train,train,train,train,test,test,train,val,train,,train,0.2349999999999998,-0.001732856
3448,2020_Townsend,CC(C)C[C@@H]1NC(=O)[C@@H](CC(C)C)NC(=O)[C@H](C)N(C)C(=O)[C@H](Cc2ccccc2)NC(=O)CN(Cc2ccccc2)C(=O)[C@H]2CCCN2C1=O,hexa_934,3448,-5.79,6,6,Circle,0.126594,0.0518441,-32.8034,8.297,6.975,1.322,0.12515,0.0474654,8.341,7.257,1.084,79,28,train,test,val,train,train,test,train,train,train,train,,train,0.1049999999999999,0.07196411
3433,2020_Townsend,CC(C)C[C@@H]1NC(=O)[C@H]2CCCN2C(=O)[C@H](CC(C)C)NC(=O)[C@H](CC(C)C)N(C)C(=O)[C@H](C)N(C)C(=O)[C@H](Cc2ccccc2)NC1=O,hexa_919,3433,-5.29,6,6,Circle,0.163847,0.0584692,-23.9677,8.354,7.177,1.177,0.14498,0.0550818,8.327,7.153,1.174,73,72,train,train,train,train,train,test,train,train,train,train,,train,0.355,-0.04794696
3423,2020_Townsend,CC(C)C[C@H]1C(=O)N[C@@H](Cc2ccccc2)C(=O)N(C)[C@@H](C)C(=O)N[C@H](CC(C)C)C(=O)N[C@H](CC(C)C)C(=O)N2CCC[C@@H]2C(=O)N1C,hexa_909,3423,-6.18,6,6,Circle,0.167947,0.0680049,-25.0814,8.509,7.237,1.272,0.145809,0.0665208,8.494,7.26,1.234,4,97,train,train,train,train,train,test,train,test,test,train,-6.24,test,-0.0899999999999998,0.3170822
3414,2020_Townsend,CC(C)C[C@@H]1NC(=O)[C@@H](CC(C)C)NC(=O)[C@H](C)N(C)C(=O)[C@H](Cc2ccccc2)NC(=O)[C@@H](CC(C)C)NC(=O)[C@H]2CCCN2C1=O,hexa_900,3414,-5.15,6,6,Circle,0.18167,0.0634587,-22.9104,8.195,6.987,1.208,0.12636,0.0388301,7.899,6.96,0.939,21,63,test,train,train,train,train,test,train,train,train,train,,test,0.4249999999999998,0.33390582
3407,2020_Townsend,CC(C)C[C@H]1C(=O)N(Cc2ccccc2)CC(=O)N2CCC[C@H]2C(=O)N(Cc2ccccc2)CC(=O)N[C@@H](Cc2ccccc2)C(=O)N(C)[C@H](C)C(=O)N1C,hexa_893,3407,-5.3,6,6,Circle,0.166016,0.0507053,-40.3198,8.768,7.7,1.068,0.174678,0.0582112,8.382,7.386,0.996,71,76,test,train,train,test,train,test,test,train,train,val,,test,0.3500000000000001,0.44028506
3402,2020_Townsend,CC(C)C[C@H]1NC(=O)[C@@H](C)N(C)C(=O)[C@H](Cc2ccccc2)NC(=O)CN(Cc2ccccc2)C(=O)[C@@H]2CCCN2C(=O)C[C@H](Cc2ccccc2)NC1=O,hexa_888,3402,-5.9,6,6,Circle,0.226795,0.0710555,-42.9899,9.047,7.99,1.057,0.16683,0.042765,8.445,7.388,1.057,31,84,train,train,val,test,train,test,train,test,train,train,,train,0.0499999999999998,0.08578201
3383,2020_Townsend,CC(C)C[C@H]1C(=O)N2CCC[C@H]2C(=O)N(C)[C@@H](CC(C)C)C(=O)N[C@@H](Cc2ccccc2)C(=O)N(C)[C@H](C)C(=O)N(C)[C@@H](CC(C)C)C(=O)N1C,hexa_869,3383,-4.77,6,6,Circle,0.147996,0.0416557,-13.6872,8.559,7.628,0.931,0.11255,0.0327836,8.676,7.655,1.021,25,92,train,train,train,train,val,test,train,train,train,train,,train,0.6150000000000002,0.73818845
3380,2020_Townsend,CC(C)C[C@@H]1NC(=O)[C@@H](C)N(C)C(=O)[C@H](Cc2ccccc2)NC(=O)[C@@H](CC(C)C)N(C)C(=O)[C@@H]2CCCN2C(=O)CN(Cc2ccccc2)C1=O,hexa_866,3380,-5.09,6,6,Circle,0.171718,0.0573533,-27.5716,8.561,7.406,1.155,0.217124,0.0791475,8.594,7.475,1.119,59,99,train,train,train,test,train,test,train,train,train,train,,train,0.455,0.43086696
3335,2020_Townsend,CC(C)C[C@@H]1NC(=O)[C@@H](CC(C)C)N(C)C(=O)[C@@H](C)N(C)C(=O)[C@H](Cc2ccccc2)NC(=O)[C@@H](CC(C)C)NC(=O)[C@@H]2CCCN2C1=O,hexa_821,3335,-4.97,6,6,Circle,0.204273,0.0760261,-22.9172,8.435,7.248,1.187,0.117707,0.0413504,8.297,7.184,1.113,77,81,train,train,val,train,train,test,test,train,train,train,,train,0.5150000000000001,0.34198245
3326,2020_Townsend,CC(C)C[C@@H]1NC(=O)[C@@H]2CCCN2C(=O)[C@H](CC(C)C)NC(=O)[C@H](CC(C)C)NC(=O)[C@@H](C)N(C)C(=O)[C@H](Cc2ccccc2)NC1=O,hexa_812,3326,-6.26,6,6,Circle,0.122874,0.0325984,-24.4975,8.156,6.963,1.193,0.144231,0.0508799,8.292,7.029,1.263,84,7,train,train,test,train,test,test,test,test,train,test,,train,-0.1299999999999999,-0.29411024
3319,2020_Townsend,CC(C)C[C@H]1NC(=O)[C@@H]2CCCN2C(=O)[C@@H](CC(C)C)NC(=O)[C@@H](CC(C)C)NC(=O)[C@@H](C)N(C)C(=O)[C@H](Cc2ccccc2)NC1=O,hexa_805,3319,-10.0,6,6,Circle,0.181458,0.0818994,-23.8115,8.216,7.057,1.159,0.160918,0.063565,8.06,6.992,1.068,76,30,train,train,train,train,train,test,train,train,train,train,,train,-1.0,0.45210624
3318,2020_Townsend,C[C@H]1C(=O)N(Cc2ccccc2)CC(=O)N(Cc2ccccc2)CC(=O)N2CCC[C@H]2C(=O)N(Cc2ccccc2)CC(=O)N[C@@H](Cc2ccccc2)C(=O)N1C,hexa_804,3318,-5.71,6,6,Circle,0.175018,0.0339164,-32.8542,8.763,7.63,1.133,0.16092,0.055013,8.317,7.095,1.222,55,51,train,train,test,train,train,test,train,train,val,train,,train,0.145,-0.06752557
3284,2020_Townsend,CC(C)C[C@@H]1NC(=O)[C@H](C)N(C)C(=O)[C@H](Cc2ccccc2)NC(=O)CN(Cc2ccccc2)C(=O)[C@@H]2CCCN2C(=O)[C@@H](CC(C)C)N(C)C1=O,hexa_770,3284,-4.88,6,6,Circle,0.17332,0.0503853,-32.9042,8.507,7.413,1.094,0.174895,0.0525224,8.618,7.496,1.122,66,40,train,train,test,train,train,test,train,val,train,train,,train,0.56,0.4075897
3274,2020_Townsend,CC(C)C[C@H]1NC(=O)[C@@H]2CCCN2C(=O)CN(Cc2ccccc2)C(=O)[C@@H](CC(C)C)N(C)C(=O)[C@H](C)N(C)C(=O)[C@H](Cc2ccccc2)NC1=O,hexa_760,3274,-5.84,6,6,Circle,0.165125,0.0490697,-26.5676,8.462,7.373,1.089,0.156515,0.0661201,8.135,7.247,0.888,76,61,train,train,test,train,train,test,val,train,val,train,,train,0.08,0.20959863
3256,2020_Townsend,CC(C)C[C@H]1NC(=O)[C@H](C)N(C)C(=O)[C@H](Cc2ccccc2)NC(=O)CN(Cc2ccccc2)C(=O)[C@@H]2CCCN2C(=O)[C@@H](CC(C)C)NC1=O,hexa_742,3256,-5.11,6,6,Circle,0.155893,0.0429557,-35.5919,8.448,7.132,1.316,0.184311,0.0559896,8.696,7.488,1.208,6,69,train,test,train,train,train,test,train,val,train,train,,train,0.4449999999999998,0.111257605
3249,2020_Townsend,CC(C)C[C@H]1C(=O)N[C@H](CC(C)C)C(=O)N2CCC[C@H]2C(=O)N(C)[C@H](CC(C)C)C(=O)N[C@@H](Cc2ccccc2)C(=O)N(C)[C@@H](C)C(=O)N1C,hexa_735,3249,-4.72,6,6,Circle,0.156909,0.0500683,-18.6989,8.53,7.402,1.128,0.129751,0.0341754,8.436,7.348,1.088,22,23,train,train,train,train,train,test,train,train,test,train,,train,0.6400000000000001,0.743758
3244,2020_Townsend,CC(C)C[C@H]1NC(=O)[C@@H](CC(C)C)N(C)C(=O)[C@H](C)N(C)C(=O)[C@H](Cc2ccccc2)NC(=O)[C@@H](CC(C)C)N(C)C(=O)[C@@H]2CCCN2C1=O,hexa_730,3244,-4.79,6,6,Circle,0.163438,0.0584656,-21.5737,8.652,7.432,1.22,0.145556,0.0424594,8.538,7.35,1.188,34,91,train,val,train,train,train,test,train,train,train,val,,train,0.605,0.6490837
3241,2020_Townsend,CC(C)C[C@@H]1NC(=O)[C@@H]2CCCN2C(=O)[C@@H](CC(C)C)N(C)C(=O)[C@H](CC(C)C)NC(=O)[C@H](C)N(C)C(=O)[C@H](Cc2ccccc2)NC1=O,hexa_727,3241,-4.94,6,6,Circle,0.184515,0.0859555,-26.9216,8.155,7.017,1.138,0.138931,0.0343225,7.952,6.897,1.055,89,27,train,train,train,train,train,test,train,train,train,train,,train,0.5299999999999998,0.57946146
3239,2020_Townsend,CC(C)C[C@@H]1NC(=O)[C@H](C)N(C)C(=O)[C@H](Cc2ccccc2)NC(=O)[C@H](CC(C)C)N(C)C(=O)[C@@H]2CCCN2C(=O)[C@@H](CC(C)C)NC1=O,hexa_725,3239,-5.0,6,6,Circle,0.152244,0.0395931,-34.1586,8.453,7.154,1.299,0.10707,0.0374371,8.3,7.194,1.106,5,36,train,val,test,train,train,test,train,val,test,train,,train,0.5,0.40060902
3213,2020_Townsend,CC(C)C[C@H]1C(=O)N(Cc2ccccc2)CC(=O)N2CCC[C@@H]2C(=O)N(Cc2ccccc2)CC(=O)N[C@@H](Cc2ccccc2)C(=O)N[C@H](C)C(=O)N1C,hexa_699,3213,-5.57,6,6,Circle,0.196021,0.0691138,-24.9784,8.248,7.268,0.98,0.107687,0.0404616,8.373,7.436,0.937,20,87,train,train,train,train,val,test,train,val,train,train,,train,0.2149999999999998,0.1772531
3209,2020_Townsend,CC(C)C[C@H]1C(=O)N[C@@H](Cc2ccccc2)C(=O)N[C@H](C)C(=O)N(C)[C@H](CC(C)C)C(=O)N[C@@H](Cc2ccccc2)CC(=O)N2CCC[C@@H]2C(=O)N1C,hexa_695,3209,-5.3,6,6,Circle,0.163603,0.0384853,-33.484,8.725,7.726,0.999,0.142642,0.0547226,8.624,7.363,1.261,40,4,train,val,train,train,train,test,train,test,train,train,,train,0.3500000000000001,-0.24166667
3206,2020_Townsend,CC(C)C[C@H]1C(=O)N2CCC[C@@H]2C(=O)N(C)[C@@H](CC(C)C)C(=O)N[C@@H](Cc2ccccc2)C(=O)N[C@H](C)C(=O)N(Cc2ccccc2)CC(=O)N1C,hexa_692,3206,-5.27,6,6,Circle,0.17115,0.0444805,-25.1559,8.462,7.494,0.968,0.136511,0.0463955,8.55,7.55,1.0,5,73,train,val,test,val,train,test,train,train,train,test,,train,0.3650000000000002,0.23912299
3194,2020_Townsend,CC(C)C[C@@H]1NC(=O)[C@@H](C)NC(=O)[C@H](Cc2ccccc2)NC(=O)CN(Cc2ccccc2)C(=O)[C@H]2CCCN2C(=O)[C@H](CC(C)C)N(C)C1=O,hexa_680,3194,-5.44,6,6,Circle,0.237094,0.0998467,-27.1577,8.201,7.019,1.182,0.141471,0.0527587,8.332,7.192,1.14,86,76,train,train,train,train,train,test,train,train,train,train,,train,0.2799999999999998,-0.62583745
3190,2020_Townsend,CC(C)C[C@H]1C(=O)N2CCC[C@@H]2C(=O)N(C)[C@@H](CC(C)C)C(=O)N[C@@H](Cc2ccccc2)C(=O)N[C@H](C)C(=O)N(C)[C@@H](CC(C)C)C(=O)N1C,hexa_676,3190,-5.0,6,6,Circle,0.170547,0.0652159,-21.2562,8.437,7.43,1.007,0.125745,0.0446274,8.247,7.245,1.002,14,41,train,val,train,test,train,test,train,train,train,train,,train,0.5,0.3108831
3182,2020_Townsend,CC(C)C[C@H]1C(=O)N2CCC[C@@H]2C(=O)N(C)[C@H](CC(C)C)C(=O)N[C@@H](Cc2ccccc2)C(=O)N[C@H](C)C(=O)N(C)[C@@H](CC(C)C)C(=O)N1C,hexa_668,3182,-5.01,6,6,Circle,0.0996507,0.0405836,-25.2964,8.258,7.063,1.195,0.100018,0.0321682,8.449,7.468,0.981,99,46,train,val,train,train,train,test,val,val,train,train,,train,0.4950000000000001,0.3877752
3166,2020_Townsend,CC(C)C[C@@H]1NC(=O)[C@@H](CC(C)C)NC(=O)[C@@H](C)NC(=O)[C@H](Cc2ccccc2)NC(=O)CN(Cc2ccccc2)C(=O)[C@H]2CCCN2C1=O,hexa_652,3166,-5.48,6,6,Circle,0.171682,0.0658105,-27.9254,8.225,7.011,1.214,0.163268,0.0652203,8.141,7.054,1.087,54,90,val,train,train,train,train,test,val,train,test,train,,val,0.2599999999999998,0.15437546
3163,2020_Townsend,CC(C)C[C@@H]1NC(=O)[C@H]2CCCN2C(=O)CN(Cc2ccccc2)C(=O)[C@@H](CC(C)C)NC(=O)[C@@H](C)NC(=O)[C@H](Cc2ccccc2)NC1=O,hexa_649,3163,-6.75,6,6,Circle,0.197636,0.0689763,-27.1485,8.317,7.201,1.116,0.231745,0.0858967,8.25,7.046,1.204,31,12,train,train,train,train,val,test,train,train,test,train,,train,-0.375,-0.8425392
3160,2020_Townsend,CC(C)C[C@@H]1NC(=O)[C@H](CC(C)C)N(C)C(=O)[C@@H](C)NC(=O)[C@H](Cc2ccccc2)NC(=O)[C@@H](CC(C)C)N(C)C(=O)[C@H]2CCCN2C1=O,hexa_646,3160,-4.88,6,6,Circle,0.147366,0.0475642,-23.5163,8.368,7.256,1.112,0.127174,0.0384573,8.298,7.307,0.991,88,44,train,train,train,train,test,test,train,test,val,train,,train,0.56,0.4260015
3152,2020_Townsend,CC(C)C[C@H]1NC(=O)[C@@H](C)NC(=O)[C@H](Cc2ccccc2)NC(=O)CN(Cc2ccccc2)C(=O)[C@H]2CCCN2C(=O)[C@@H](CC(C)C)NC1=O,hexa_638,3152,-6.72,6,6,Circle,0.149185,0.037532,-35.0015,8.308,7.017,1.291,0.149642,0.0674317,8.113,6.918,1.195,48,85,val,train,test,test,val,test,train,train,train,train,,val,-0.3599999999999999,-0.20793623
3137,2020_Townsend,CC(C)C[C@@H]1NC(=O)[C@H]2CCCN2C(=O)[C@@H](CC(C)C)N(C)C(=O)[C@H](CC(C)C)NC(=O)[C@@H](C)NC(=O)[C@H](Cc2ccccc2)NC1=O,hexa_623,3137,-6.15,6,6,Circle,0.19159,0.0644079,-26.9659,8.359,7.175,1.184,0.0982091,0.0449037,7.86,6.842,1.018,42,39,train,train,test,train,val,test,test,train,val,train,,train,-0.0750000000000001,-0.20145178
3136,2020_Townsend,CC(C)C[C@@H]1NC(=O)[C@H]2CCCN2C(=O)[C@@H](CC(C)C)NC(=O)[C@H](CC(C)C)N(C)C(=O)[C@@H](C)NC(=O)[C@H](Cc2ccccc2)NC1=O,hexa_622,3136,-6.61,6,6,Circle,0.145346,0.0419022,-30.8589,8.313,7.15,1.163,0.133218,0.0420342,8.036,6.945,1.091,5,45,train,train,train,val,train,test,train,train,train,test,,train,-0.3050000000000001,-0.024636887
3129,2020_Townsend,CC(C)C[C@H]1C(=O)N[C@@H](Cc2ccccc2)C(=O)N[C@H](C)C(=O)N[C@H](CC(C)C)C(=O)N[C@H](CC(C)C)C(=O)N2CCC[C@@H]2C(=O)N1C,hexa_615,3129,-6.99,6,6,Circle,0.131133,0.0430404,-29.3398,8.137,6.791,1.346,0.167783,0.0681188,7.84,6.729,1.111,30,48,train,train,train,val,train,test,train,train,train,test,,train,-0.4950000000000001,-0.07687283
3128,2020_Townsend,CC(C)C[C@@H]1NC(=O)[C@H]2CCCN2C(=O)[C@@H](CC(C)C)N(C)C(=O)[C@@H](CC(C)C)NC(=O)[C@@H](C)NC(=O)[C@H](Cc2ccccc2)NC1=O,hexa_614,3128,-10.0,6,6,Circle,0.16717,0.0423641,-40.8928,8.48,7.185,1.295,0.104393,0.0517358,7.689,6.634,1.055,38,46,train,train,train,train,train,test,val,train,train,train,,train,-1.0,-0.563597
3126,2020_Townsend,CC(C)C[C@H]1NC(=O)[C@H]2CCCN2C(=O)[C@@H](CC(C)C)N(C)C(=O)[C@@H](CC(C)C)NC(=O)[C@@H](C)NC(=O)[C@H](Cc2ccccc2)NC1=O,hexa_612,3126,-6.1,6,6,Circle,0.141733,0.0471176,-32.6313,8.369,7.046,1.323,0.0860198,0.0349344,8.114,6.857,1.257,92,29,train,test,train,train,train,test,train,train,train,val,,train,-0.0499999999999998,-0.18036938
3121,2020_Townsend,CC(C)C[C@@H]1NC(=O)[C@@H](C)NC(=O)[C@H](Cc2ccccc2)NC(=O)[C@@H](CC(C)C)NC(=O)[C@H]2CCCN2C(=O)[C@@H](CC(C)C)NC1=O,hexa_607,3121,-6.34,6,6,Circle,0.140882,0.0427517,-40.7776,8.325,6.939,1.386,0.157334,0.0800131,7.928,6.756,1.172,100,19,train,train,train,val,train,test,train,train,train,train,,train,-0.1699999999999999,-0.404051
3114,2020_Townsend,CC(C)C[C@H]1NC(=O)[C@H]2CCCN2C(=O)C[C@H](Cc2ccccc2)NC(=O)CN(Cc2ccccc2)C(=O)[C@H](C)NC(=O)[C@H](Cc2ccccc2)NC1=O,hexa_600,3114,-6.34,6,6,Circle,0.177813,0.0362636,-22.2001,8.246,7.231,1.015,0.117445,0.0319164,8.052,7.083,0.969,81,93,train,train,train,train,train,test,train,train,train,train,,train,-0.1699999999999999,-0.18556216
3083,2020_Townsend,CC(C)C[C@H]1NC(=O)[C@H](C)NC(=O)[C@H](Cc2ccccc2)NC(=O)CN(Cc2ccccc2)C(=O)[C@H]2CCCN2C(=O)[C@@H](CC(C)C)N(C)C1=O,hexa_569,3083,-6.23,6,6,Circle,0.207379,0.0757323,-28.8855,8.164,7.004,1.16,0.119924,0.029401,8.189,6.967,1.222,71,78,train,train,train,train,train,test,train,test,test,train,,train,-0.1150000000000002,-0.518141
3081,2020_Townsend,CC(C)C[C@H]1C(=O)N2CCC[C@@H]2C(=O)N(C)[C@H](CC(C)C)C(=O)N[C@@H](Cc2ccccc2)C(=O)N[C@@H](C)C(=O)N(C)[C@H](CC(C)C)C(=O)N1C,hexa_567,3081,-5.03,6,6,Circle,0.138981,0.0428254,-24.0844,8.327,7.2,1.127,0.128429,0.046629,8.346,7.281,1.065,31,25,train,train,train,train,train,test,train,train,train,train,,train,0.4849999999999999,0.27944726
3080,2020_Townsend,CC(C)C[C@H]1C(=O)N(C)[C@H](CC(C)C)C(=O)N2CCC[C@@H]2C(=O)N(C)[C@H](CC(C)C)C(=O)N[C@@H](Cc2ccccc2)C(=O)N[C@@H](C)C(=O)N1C,hexa_566,3080,-5.84,6,6,Circle,0.197916,0.082761,-21.5645,8.204,7.187,1.017,0.125368,0.0371402,8.288,7.255,1.033,36,16,train,train,train,train,train,test,train,train,train,train,,train,0.08,-0.19687328
3070,2020_Townsend,CC(C)C[C@@H]1NC(=O)[C@@H](CC(C)C)N(C)C(=O)[C@H](C)NC(=O)[C@H](Cc2ccccc2)NC(=O)[C@H](CC(C)C)N(C)C(=O)[C@H]2CCCN2C1=O,hexa_556,3070,-4.89,6,6,Circle,0.149199,0.0504045,-17.5713,8.197,7.089,1.108,0.109609,0.0357299,8.362,7.295,1.067,28,99,train,train,train,train,train,test,train,val,test,train,,train,0.5550000000000002,0.4060232
3060,2020_Townsend,CC(C)C[C@H]1C(=O)N2CCC[C@@H]2C(=O)N(C)[C@H](CC(C)C)C(=O)N[C@@H](Cc2ccccc2)C(=O)N[C@@H](C)C(=O)N[C@H](CC(C)C)C(=O)N1C,hexa_546,3060,-5.69,6,6,Circle,0.191426,0.0662579,-26.1215,8.315,7.208,1.107,0.118895,0.0357038,8.207,7.009,1.198,8,32,train,train,test,train,train,test,train,train,train,train,,train,0.1549999999999998,0.11836589
3049,2020_Townsend,CC(C)C[C@@H]1NC(=O)[C@H]2CCCN2C(=O)[C@H](CC(C)C)NC(=O)[C@@H](CC(C)C)N(C)C(=O)[C@H](C)NC(=O)[C@H](Cc2ccccc2)NC1=O,hexa_535,3049,-5.61,6,6,Circle,0.167201,0.0752738,-23.1648,8.153,6.981,1.172,0.142127,0.0476706,8.187,7.06,1.127,2,61,train,train,train,train,train,test,train,train,train,train,,train,0.1949999999999998,0.18299356
3047,2020_Townsend,CC(C)C[C@@H]1NC(=O)[C@H](CC(C)C)N(C)C(=O)[C@H](C)NC(=O)[C@H](Cc2ccccc2)NC(=O)[C@@H](CC(C)C)NC(=O)[C@H]2CCCN2C1=O,hexa_533,3047,-5.53,6,6,Circle,0.149713,0.0373518,-16.6359,7.751,6.731,1.02,0.134437,0.0359108,7.778,6.839,0.939,98,90,val,train,train,train,val,test,train,train,val,train,,val,0.2349999999999998,0.2168662
3044,2020_Townsend,CC(C)C[C@@H]1NC(=O)[C@H](C)NC(=O)[C@H](Cc2ccccc2)NC(=O)[C@H](CC(C)C)N(C)C(=O)[C@H]2CCCN2C(=O)[C@@H](CC(C)C)NC1=O,hexa_530,3044,-6.55,6,6,Circle,0.176184,0.0966825,-29.2529,8.109,6.882,1.227,0.136488,0.0354683,8.226,6.955,1.271,48,16,test,train,train,train,test,test,train,train,train,train,,test,-0.2749999999999999,0.03623105
3043,2020_Townsend,CC(C)C[C@@H]1NC(=O)[C@H](C)NC(=O)[C@H](Cc2ccccc2)NC(=O)[C@@H](CC(C)C)NC(=O)[C@H]2CCCN2C(=O)[C@H](CC(C)C)N(C)C1=O,hexa_529,3043,-6.52,6,6,Circle,0.125177,0.0387677,-27.8118,8.201,6.938,1.263,0.105018,0.0325528,8.043,6.856,1.187,100,15,train,test,train,train,train,test,train,train,train,test,,train,-0.2599999999999998,0.0027834475
3035,2020_Townsend,CC(C)C[C@@H]1NC(=O)[C@H]2CCCN2C(=O)[C@@H](CC(C)C)N(C)C(=O)[C@@H](CC(C)C)NC(=O)[C@H](C)NC(=O)[C@H](Cc2ccccc2)NC1=O,hexa_521,3035,-10.0,6,6,Circle,0.171962,0.058002,-27.0056,8.207,7.01,1.197,0.0795345,0.0322408,8.159,6.839,1.32,10,17,train,test,train,val,train,test,train,val,test,train,,train,-1.0,-0.8608791
3029,2020_Townsend,CC(C)C[C@@H]1NC(=O)[C@@H](CC(C)C)NC(=O)[C@H](C)NC(=O)[C@H](Cc2ccccc2)NC(=O)[C@@H](CC(C)C)NC(=O)[C@H]2CCCN2C1=O,hexa_515,3029,-4.82,6,6,Circle,0.20857,0.0726981,-24.2915,8.155,6.826,1.329,0.132262,0.0383521,7.827,6.737,1.09,66,67,train,val,train,train,train,test,train,train,train,train,,train,0.5899999999999999,0.30508927
3025,2020_Townsend,C[C@H]1NC(=O)[C@H](Cc2ccccc2)NC(=O)CN(Cc2ccccc2)C(=O)[C@@H]2CCCN2C(=O)C[C@H](Cc2ccccc2)NC(=O)CN(Cc2ccccc2)C1=O,hexa_511,3025,-5.65,6,6,Circle,0.245872,0.0830157,-28.5071,8.264,7.139,1.125,0.180784,0.0483969,8.639,7.411,1.228,85,79,train,train,test,train,train,test,train,train,train,train,,train,0.1749999999999998,-0.016422637
3023,2020_Townsend,CC(C)C[C@H]1C(=O)N[C@@H](Cc2ccccc2)C(=O)N[C@H](C)C(=O)N(Cc2ccccc2)CC(=O)N[C@@H](Cc2ccccc2)CC(=O)N2CCC[C@H]2C(=O)N1C,hexa_509,3023,-5.53,6,6,Circle,0.165452,0.0419306,-28.1777,8.535,7.462,1.073,0.139923,0.0334925,8.631,7.566,1.065,100,14,train,train,train,train,test,test,test,test,train,val,,train,0.2349999999999998,0.04793369
3003,2020_Townsend,CC(C)C[C@@H]1C(=O)N(C)[C@H](CC(C)C)C(=O)N2CCC[C@H]2C(=O)N(Cc2ccccc2)CC(=O)N[C@@H](Cc2ccccc2)C(=O)N[C@H](C)C(=O)N1C,hexa_489,3003,-5.37,6,6,Circle,0.154067,0.0373427,-27.3905,8.66,7.496,1.164,0.178386,0.0594145,8.411,7.312,1.099,83,60,train,train,test,train,test,test,train,train,train,train,,train,0.3149999999999999,0.4953128
2981,2020_Townsend,CC(C)C[C@H]1C(=O)N2CCC[C@H]2C(=O)N(C)[C@H](CC(C)C)C(=O)N[C@@H](Cc2ccccc2)C(=O)N[C@H](C)C(=O)N(C)[C@H](CC(C)C)C(=O)N1C,hexa_467,2981,-5.32,6,6,Circle,0.165278,0.0473431,-21.1891,8.525,7.44,1.085,0.157431,0.0525854,8.577,7.558,1.019,11,34,test,train,val,train,train,test,val,train,train,train,,test,0.3399999999999998,0.46715492
2979,2020_Townsend,CC(C)C[C@@H]1NC(=O)[C@@H]2CCCN2C(=O)[C@H](CC(C)C)NC(=O)CN(Cc2ccccc2)C(=O)[C@@H](C)NC(=O)[C@H](Cc2ccccc2)NC1=O,hexa_465,2979,-6.08,6,6,Circle,0.168212,0.048061,-25.8902,8.339,7.102,1.237,0.180565,0.0603325,8.14,6.991,1.149,99,49,train,train,train,val,train,test,train,train,val,train,,train,-0.04,0.22093603
2972,2020_Townsend,CC(C)C[C@@H]1NC(=O)[C@@H]2CCCN2C(=O)CN(Cc2ccccc2)C(=O)[C@@H](CC(C)C)NC(=O)[C@@H](C)NC(=O)[C@H](Cc2ccccc2)NC1=O,hexa_458,2972,-6.21,6,6,Circle,0.223374,0.0791412,-27.9139,8.145,6.954,1.191,0.164675,0.0421355,8.079,6.978,1.101,95,42,train,train,train,test,train,test,train,test,val,train,,train,-0.1049999999999999,-0.19922861
2953,2020_Townsend,CC(C)C[C@@H]1NC(=O)[C@@H]2CCCN2C(=O)[C@H](CC(C)C)NC(=O)[C@H](CC(C)C)N(C)C(=O)[C@@H](C)NC(=O)[C@H](Cc2ccccc2)NC1=O,hexa_439,2953,-6.21,6,6,Circle,0.127745,0.0421629,-22.9281,8.349,7.166,1.183,0.0845096,0.039227,8.285,7.038,1.247,23,100,train,train,train,train,train,test,train,train,test,val,,train,-0.1049999999999999,0.005341746
2946,2020_Townsend,CC(C)C[C@@H]1NC(=O)[C@@H](C)NC(=O)[C@H](Cc2ccccc2)NC(=O)[C@@H](CC(C)C)NC(=O)[C@@H]2CCCN2C(=O)[C@H](CC(C)C)N(C)C1=O,hexa_432,2946,-7.12,6,6,Circle,0.1882,0.0675916,-25.6015,8.19,6.945,1.245,0.112739,0.0419973,7.928,6.745,1.183,20,81,train,train,train,train,val,test,train,train,test,train,,train,-0.56,-0.39862382
2935,2020_Townsend,CC(C)C[C@@H]1NC(=O)[C@@H]2CCCN2C(=O)[C@H](CC(C)C)NC(=O)[C@H](CC(C)C)NC(=O)[C@@H](C)NC(=O)[C@H](Cc2ccccc2)NC1=O,hexa_421,2935,-7.02,6,6,Circle,0.158573,0.0577526,-27.3592,8.197,6.842,1.355,0.0939954,0.0379369,8.342,6.977,1.365,72,8,train,train,train,test,train,test,val,train,train,train,,train,-0.5099999999999998,-0.20723093
2926,2020_Townsend,CC(C)C[C@H]1C(=O)N[C@@H](Cc2ccccc2)CC(=O)N2CCC[C@H]2C(=O)N(C)[C@@H](CC(C)C)C(=O)N[C@@H](Cc2ccccc2)C(=O)N[C@@H](C)C(=O)N1C,hexa_412,2926,-5.24,6,6,Circle,0.202205,0.0786582,-18.4641,8.647,7.621,1.026,0.182676,0.0699726,8.377,7.424,0.953,4,91,train,train,train,train,train,test,train,train,train,test,,train,0.3799999999999999,0.39103162
2906,2020_Townsend,CC(C)C[C@@H]1NC(=O)[C@H](C)NC(=O)[C@H](Cc2ccccc2)NC(=O)[C@H](CC(C)C)NC(=O)[C@@H]2CCCN2C(=O)C[C@H](Cc2ccccc2)NC1=O,hexa_392,2906,-5.94,6,6,Circle,0.208346,0.0509054,-31.042,8.258,7.02,1.238,0.169627,0.0331483,7.98,6.86,1.12,3,37,val,train,val,train,train,test,val,train,train,train,,val,0.0299999999999998,-0.32376203
2905,2020_Townsend,CC(C)C[C@@H]1NC(=O)[C@@H](CC(C)C)N(C)C(=O)[C@H](C)NC(=O)[C@H](Cc2ccccc2)NC(=O)CN(Cc2ccccc2)C(=O)[C@@H]2CCCN2C1=O,hexa_391,2905,-5.48,6,6,Circle,0.15313,0.0574361,-22.2959,8.42,7.298,1.122,0.132618,0.0399305,8.36,7.281,1.079,94,5,train,test,train,train,train,test,train,train,train,train,,train,0.2599999999999998,0.47985327
2889,2020_Townsend,CC(C)C[C@H]1NC(=O)[C@H](C)NC(=O)[C@H](Cc2ccccc2)NC(=O)[C@@H](CC(C)C)NC(=O)[C@@H]2CCCN2C(=O)C[C@H](Cc2ccccc2)NC1=O,hexa_375,2889,-6.54,6,6,Circle,0.161035,0.0397259,-31.6593,7.951,6.696,1.255,0.133798,0.0395704,8.236,7.086,1.15,84,63,train,train,train,train,train,test,val,train,train,train,,train,-0.27,-0.17482537
2885,2020_Townsend,CC(C)C[C@@H]1C(=O)N(C)[C@H](CC(C)C)C(=O)N2CCC[C@H]2C(=O)N(C)[C@H](CC(C)C)C(=O)N[C@@H](Cc2ccccc2)C(=O)N[C@@H](C)C(=O)N1C,hexa_371,2885,-5.22,6,6,Circle,0.13955,0.0469613,-25.2807,8.492,7.253,1.239,0.13424,0.0508633,8.111,7.098,1.013,54,49,train,test,train,train,train,test,train,train,train,train,,train,0.3900000000000001,0.4970668
2882,2020_Townsend,CC(C)C[C@@H]1NC(=O)[C@H](CC(C)C)N(C)C(=O)[C@H](C)NC(=O)[C@H](Cc2ccccc2)NC(=O)[C@H](CC(C)C)N(C)C(=O)[C@@H]2CCCN2C1=O,hexa_368,2882,-5.28,6,6,Circle,0.14229,0.0579571,-16.7452,8.236,7.174,1.062,0.0953582,0.0453898,8.343,7.284,1.059,62,40,train,train,train,train,train,test,train,train,train,train,,train,0.3599999999999999,0.2598462
2880,2020_Townsend,CC(C)C[C@@H]1NC(=O)[C@H](C)NC(=O)[C@H](Cc2ccccc2)NC(=O)CN(Cc2ccccc2)C(=O)[C@@H]2CCCN2C(=O)[C@@H](CC(C)C)NC1=O,hexa_366,2880,-5.68,6,6,Circle,0.182293,0.0554102,-42.1865,8.029,6.721,1.308,0.136602,0.0416337,8.292,7.082,1.21,56,99,train,train,train,train,train,test,val,train,val,test,,train,0.1600000000000001,0.034901857
2875,2020_Townsend,CC(C)C[C@H]1C(=O)N[C@H](CC(C)C)C(=O)N2CCC[C@H]2C(=O)N(C)[C@@H](CC(C)C)C(=O)N[C@@H](Cc2ccccc2)C(=O)N[C@@H](C)C(=O)N1C,hexa_361,2875,-5.25,6,6,Circle,0.155657,0.0491942,-22.4074,8.357,7.336,1.021,0.198376,0.0948005,8.399,7.295,1.104,55,47,train,train,train,train,train,test,train,train,train,test,,train,0.375,0.54127216
2855,2020_Townsend,CC(C)C[C@@H]1NC(=O)[C@@H]2CCCN2C(=O)[C@H](CC(C)C)N(C)C(=O)[C@@H](CC(C)C)NC(=O)[C@H](C)NC(=O)[C@H](Cc2ccccc2)NC1=O,hexa_341,2855,-6.26,6,6,Circle,0.224924,0.0912177,-32.203,8.164,6.933,1.231,0.118576,0.0443298,8.197,7.063,1.134,19,22,val,train,test,train,train,test,train,val,train,train,,val,-0.1299999999999999,-0.13357605
2850,2020_Townsend,CC(C)C[C@H]1C(=O)N[C@H](CC(C)C)C(=O)N2CCC[C@H]2C(=O)N[C@H](CC(C)C)C(=O)N[C@@H](Cc2ccccc2)C(=O)N[C@@H](C)C(=O)N1C,hexa_336,2850,-6.3,6,6,Circle,0.172874,0.0738556,-31.9394,8.475,7.17,1.305,0.144475,0.0520036,8.2,7.044,1.156,22,59,train,test,train,train,train,test,train,train,train,train,,train,-0.1499999999999999,0.09509169
2841,2020_Townsend,CC(C)C[C@@H]1NC(=O)[C@H](C)NC(=O)[C@H](Cc2ccccc2)NC(=O)[C@@H](CC(C)C)NC(=O)[C@@H]2CCCN2C(=O)[C@@H](CC(C)C)NC1=O,hexa_327,2841,-6.23,6,6,Circle,0.175148,0.0620475,-36.1437,8.401,6.951,1.45,0.236505,0.100304,7.909,6.733,1.176,30,6,train,train,train,test,train,test,train,train,train,test,,train,-0.1150000000000002,-0.13386565
2828,2020_Townsend,CCCN1CC(=O)N(C)[C@H](CC(C)C)C(=O)N(Cc2ccccc2)CC(=O)N2CCC[C@H]2C(=O)N(C)[C@@H](CC(C)C)C(=O)N[C@@H](Cc2ccccc2)C1=O,hexa_314,2828,-5.14,6,6,Circle,0.164456,0.0642277,-19.1929,8.588,7.627,0.961,0.113153,0.0383685,8.325,7.553,0.772,13,32,val,train,train,train,train,test,train,train,train,train,,val,0.4300000000000001,0.64107263
2821,2020_Townsend,CCCN1CC(=O)N[C@@H](CC(C)C)C(=O)N[C@@H](Cc2ccccc2)CC(=O)N2CCC[C@H]2C(=O)N[C@@H](CC(C)C)C(=O)N[C@@H](Cc2ccccc2)C1=O,hexa_307,2821,-5.99,6,6,Circle,0.196816,0.0751439,-38.8123,8.749,7.432,1.317,0.181556,0.0448905,8.615,7.38,1.235,91,19,train,test,train,train,train,test,train,train,train,val,,train,0.0049999999999998,0.1439051
2801,2020_Townsend,CCCN1CC(=O)N[C@H](CC(C)C)C(=O)N(Cc2ccccc2)CC(=O)N2CCC[C@H]2C(=O)N[C@@H](CC(C)C)C(=O)N[C@@H](Cc2ccccc2)C1=O,hexa_287,2801,-5.55,6,6,Circle,0.195638,0.0799403,-27.6317,8.484,7.356,1.128,0.150376,0.0374076,8.367,7.352,1.015,20,74,train,train,train,train,train,test,test,train,train,train,,train,0.2250000000000001,-0.09666426
2795,2020_Townsend,CCCN1CC(=O)N[C@H](CC(C)C)C(=O)N[C@H](CC(C)C)C(=O)N2CCC[C@H]2C(=O)N(Cc2ccccc2)CC(=O)N[C@@H](Cc2ccccc2)C1=O,hexa_281,2795,-5.88,6,6,Circle,0.207983,0.0569688,-23.7323,8.694,7.609,1.085,0.169491,0.052759,8.569,7.506,1.063,77,82,train,test,train,val,train,test,train,train,train,val,,train,0.06,-0.04667424
2789,2020_Townsend,CCCN1CC(=O)N(C)[C@H](CC(C)C)C(=O)N(C)[C@H](CC(C)C)C(=O)N2CCC[C@H]2C(=O)N[C@H](CC(C)C)C(=O)N[C@@H](Cc2ccccc2)C1=O,hexa_275,2789,-4.8,6,6,Circle,0.15268,0.0390494,-17.5018,8.283,7.378,0.905,0.107922,0.0363037,8.4,7.569,0.831,100,90,train,train,train,test,train,test,train,train,train,test,,train,0.6000000000000001,0.47341347
2787,2020_Townsend,CCCN1CC(=O)N[C@H](CC(C)C)C(=O)N(C)[C@H](CC(C)C)C(=O)N2CCC[C@H]2C(=O)N(C)[C@H](CC(C)C)C(=O)N[C@@H](Cc2ccccc2)C1=O,hexa_273,2787,-4.83,6,6,Circle,0.138502,0.044437,-22.7132,8.72,7.669,1.051,0.168628,0.0577442,8.62,7.595,1.025,31,51,train,test,train,train,train,test,train,val,train,train,,train,0.585,0.669293
2775,2020_Townsend,CCCN1CC(=O)N[C@H](CC(C)C)C(=O)N[C@H](CC(C)C)C(=O)N2CCC[C@H]2C(=O)N(C)[C@H](CC(C)C)C(=O)N[C@@H](Cc2ccccc2)C1=O,hexa_261,2775,-5.95,6,6,Circle,0.151725,0.0506402,-25.047,8.734,7.556,1.178,0.122344,0.0418656,8.358,7.354,1.004,80,86,train,val,train,train,val,test,train,train,train,train,,train,0.0249999999999999,0.2887479
2761,2020_Townsend,CCCN1CC(=O)N(C)[C@@H](CC(C)C)C(=O)N(Cc2ccccc2)CC(=O)N2CCC[C@@H]2C(=O)N(C)[C@@H](CC(C)C)C(=O)N[C@@H](Cc2ccccc2)C1=O,hexa_247,2761,-5.15,6,6,Circle,0.185213,0.0759118,-27.3384,8.777,7.815,0.962,0.114696,0.0411369,8.62,7.755,0.865,24,82,train,test,test,train,val,test,train,train,train,val,,train,0.4249999999999998,0.40466434
2753,2020_Townsend,CCCN1CC(=O)N(C)[C@H](CC(C)C)C(=O)N(C)[C@H](CC(C)C)C(=O)N2CCC[C@@H]2C(=O)N(Cc2ccccc2)CC(=O)N[C@@H](Cc2ccccc2)C1=O,hexa_239,2753,-5.7,6,6,Circle,0.148971,0.0495498,-27.883,8.635,7.734,0.901,0.111437,0.0327898,8.625,7.866,0.759,8,12,test,val,train,train,train,test,train,train,train,train,,test,0.1499999999999999,0.5458202
2750,2020_Townsend,CCCN1CC(=O)N[C@@H](CC(C)C)C(=O)N(C)[C@@H](CC(C)C)C(=O)N2CCC[C@@H]2C(=O)N(Cc2ccccc2)CC(=O)N[C@@H](Cc2ccccc2)C1=O,hexa_236,2750,-5.13,6,6,Circle,0.133827,0.0475531,-19.8222,8.368,7.318,1.05,0.134257,0.0401818,8.286,7.34,0.946,85,71,train,train,val,train,train,test,val,test,train,train,,train,0.435,0.42834124
2737,2020_Townsend,CCCN1CC(=O)N(C)[C@H](CC(C)C)C(=O)N(C)[C@H](CC(C)C)C(=O)N2CCC[C@@H]2C(=O)N(C)[C@H](CC(C)C)C(=O)N[C@@H](Cc2ccccc2)C1=O,hexa_223,2737,-5.28,6,6,Circle,0.159802,0.0683529,-24.8496,8.798,7.853,0.945,0.124846,0.0376778,8.625,7.704,0.921,2,100,val,train,train,train,train,test,train,test,train,train,,val,0.3599999999999999,0.48981553
2734,2020_Townsend,CCCN1CC(=O)N[C@@H](CC(C)C)C(=O)N(Cc2ccccc2)CC(=O)N2CCC[C@@H]2C(=O)N[C@@H](CC(C)C)C(=O)N[C@@H](Cc2ccccc2)C1=O,hexa_220,2734,-5.89,6,6,Circle,0.161554,0.0415824,-30.0304,8.478,7.419,1.059,0.181408,0.0485933,8.355,7.333,1.022,77,14,train,train,train,train,val,test,train,train,train,train,,train,0.0550000000000001,0.12371438
2729,2020_Townsend,CCCN1CC(=O)N[C@@H](CC(C)C)C(=O)N(Cc2ccccc2)CC(=O)N2CCC[C@@H]2C(=O)N[C@H](CC(C)C)C(=O)N[C@@H](Cc2ccccc2)C1=O,hexa_215,2729,-6.11,6,6,Circle,0.184082,0.0735377,-38.336,8.559,7.377,1.182,0.160586,0.0430666,8.668,7.517,1.151,50,11,train,train,val,test,train,test,test,train,train,train,,train,-0.0550000000000001,0.20221153
2723,2020_Townsend,CCCN1CC(=O)N(C)[C@@H](CC(C)C)C(=O)N(C)[C@@H](CC(C)C)C(=O)N2CCC[C@@H]2C(=O)N[C@H](CC(C)C)C(=O)N[C@@H](Cc2ccccc2)C1=O,hexa_209,2723,-5.32,6,6,Circle,0.132718,0.0357641,-31.7941,8.472,7.353,1.119,0.111643,0.0350611,8.605,7.438,1.167,87,31,train,val,train,train,train,test,train,train,train,train,,train,0.3399999999999998,0.48508286
2719,2020_Townsend,CCCN1CC(=O)N(C)[C@H](CC(C)C)C(=O)N[C@@H](CC(C)C)C(=O)N2CCC[C@@H]2C(=O)N(C)[C@H](CC(C)C)C(=O)N[C@@H](Cc2ccccc2)C1=O,hexa_205,2719,-4.96,6,6,Circle,0.181942,0.0731854,-26.5966,8.832,7.854,0.978,0.13635,0.0475344,8.745,7.788,0.957,30,85,train,train,train,train,train,test,train,test,train,train,,train,0.52,0.55245286
2686,2020_Townsend,CC(C)C[C@@H]1C(=O)N[C@@H](Cc2ccccc2)C(=O)N[C@@H](Cc2ccccc2)CC(=O)N(Cc2ccccc2)CC(=O)N[C@@H](Cc2ccccc2)CC(=O)N2CCC[C@H]2C(=O)N1C,hexa_172,2686,-5.47,6,6,Circle,0.182505,0.0517013,-23.0433,9.512,8.507,1.005,0.14692,0.0485376,9.414,8.417,0.997,76,81,train,train,train,train,train,test,train,val,train,val,,train,0.2650000000000001,0.06559672
2680,2020_Townsend,CC(C)C[C@H]1C(=O)N[C@@H](Cc2ccccc2)C(=O)N[C@@H](Cc2ccccc2)CC(=O)N(C)[C@H](CC(C)C)C(=O)N[C@@H](Cc2ccccc2)CC(=O)N2CCC[C@H]2C(=O)N1C,hexa_166,2680,-5.41,6,6,Circle,0.20104,0.0633519,-31.513,9.613,8.53,1.083,0.205966,0.078283,9.649,8.611,1.038,77,20,test,train,train,train,train,test,train,val,train,train,,test,0.2949999999999999,0.2611478
2662,2020_Townsend,CC(C)C[C@@H]1NC(=O)[C@@H]2CCCN2C(=O)CN(Cc2ccccc2)C(=O)[C@H](CC(C)C)N(C)C(=O)C[C@H](Cc2ccccc2)NC(=O)[C@H](Cc2ccccc2)NC1=O,hexa_148,2662,-5.69,6,6,Circle,0.165735,0.0348749,-26.7625,8.822,7.65,1.172,0.17899,0.0450683,8.688,7.669,1.019,66,95,train,train,train,train,train,test,test,train,test,train,,train,0.1549999999999998,0.21586075
2661,2020_Townsend,CC(C)C[C@@H]1NC(=O)C[C@H](Cc2ccccc2)NC(=O)[C@H](Cc2ccccc2)NC(=O)[C@H](CC(C)C)NC(=O)[C@@H]2CCCN2C(=O)C[C@H](Cc2ccccc2)NC1=O,hexa_147,2661,-5.93,6,6,Circle,0.145248,0.0457888,-32.6366,9.133,7.93,1.203,0.156909,0.0410346,8.654,7.443,1.211,27,97,train,train,test,train,train,test,train,test,train,train,,train,0.0350000000000001,0.22269565
2656,2020_Townsend,CC(C)C[C@@H]1NC(=O)C[C@H](Cc2ccccc2)NC(=O)[C@H](Cc2ccccc2)NC(=O)[C@@H](CC(C)C)N(C)C(=O)[C@@H]2CCCN2C(=O)CN(Cc2ccccc2)C1=O,hexa_142,2656,-5.47,6,6,Circle,0.167686,0.0500647,-32.1701,8.853,7.772,1.081,0.14893,0.0463542,9.016,8.073,0.943,27,73,test,val,train,train,train,test,train,train,val,train,,test,0.2650000000000001,0.21754348
2641,2020_Townsend,CC(C)C[C@@H]1NC(=O)[C@@H]2CCCN2C(=O)[C@H](CC(C)C)NC(=O)CN(Cc2ccccc2)C(=O)C[C@H](Cc2ccccc2)NC(=O)[C@H](Cc2ccccc2)NC1=O,hexa_127,2641,-5.83,6,6,Circle,0.151646,0.045294,-26.6432,8.725,7.573,1.152,0.158791,0.0421182,8.734,7.605,1.129,61,54,train,train,test,train,train,test,train,train,train,train,,train,0.0849999999999999,-0.02867831
2638,2020_Townsend,CC(C)C[C@@H]1NC(=O)C[C@H](Cc2ccccc2)NC(=O)[C@H](Cc2ccccc2)NC(=O)CN(Cc2ccccc2)C(=O)[C@@H]2CCCN2C(=O)[C@@H](CC(C)C)NC1=O,hexa_124,2638,-5.57,6,6,Circle,0.16316,0.052288,-18.9783,8.869,7.8,1.069,0.177609,0.0638622,8.769,7.614,1.155,94,30,train,train,train,test,test,test,train,train,train,train,,train,0.2149999999999998,0.2624346
2635,2020_Townsend,CC(C)C[C@@H]1NC(=O)[C@H](CC(C)C)N(C)C(=O)C[C@H](Cc2ccccc2)NC(=O)[C@H](Cc2ccccc2)NC(=O)[C@@H](CC(C)C)N(C)C(=O)[C@@H]2CCCN2C1=O,hexa_121,2635,-5.26,6,6,Circle,0.167368,0.0532315,-18.6641,8.947,7.916,1.031,0.179309,0.063096,8.812,7.718,1.094,74,42,test,test,train,test,train,test,train,train,train,train,,test,0.3700000000000001,0.32198194
2632,2020_Townsend,CC(C)C[C@H]1C(=O)N[C@@H](Cc2ccccc2)C(=O)N[C@@H](Cc2ccccc2)CC(=O)N[C@H](CC(C)C)C(=O)N(C)[C@@H](CC(C)C)C(=O)N2CCC[C@H]2C(=O)N1C,hexa_118,2632,-5.02,6,6,Circle,0.144092,0.0444167,-18.6384,8.946,7.985,0.961,0.165121,0.0572213,8.925,7.968,0.957,94,47,train,train,train,train,train,test,train,train,train,test,,train,0.4900000000000002,0.34216166
2611,2020_Townsend,CC(C)C[C@@H]1NC(=O)[C@@H](CC(C)C)NC(=O)C[C@H](Cc2ccccc2)NC(=O)[C@H](Cc2ccccc2)NC(=O)[C@H](CC(C)C)N(C)C(=O)[C@@H]2CCCN2C1=O,hexa_97,2611,-5.7,6,6,Circle,0.143179,0.0493163,-21.2899,8.854,7.773,1.081,0.143998,0.044702,9.049,7.927,1.122,60,38,val,train,train,train,train,test,val,train,train,train,,val,0.1499999999999999,0.38140726
2588,2020_Townsend,CC(C)C[C@H]1NC(=O)C[C@H](Cc2ccccc2)NC(=O)[C@H](Cc2ccccc2)NC(=O)CN(Cc2ccccc2)C(=O)[C@H]2CCCN2C(=O)C[C@H](Cc2ccccc2)NC1=O,hexa_74,2588,-5.76,6,6,Circle,0.233822,0.0492208,-37.3818,9.726,8.501,1.225,0.17056,0.040779,9.691,8.358,1.333,87,91,train,train,test,test,val,test,test,train,test,train,,train,0.1200000000000001,0.11910046
2571,2020_Townsend,CC(C)C[C@H]1C(=O)N2CCC[C@@H]2C(=O)N(Cc2ccccc2)CC(=O)N[C@@H](Cc2ccccc2)C(=O)N[C@@H](Cc2ccccc2)CC(=O)N[C@H](CC(C)C)C(=O)N1C,hexa_57,2571,-5.13,6,6,Circle,0.131808,0.0397657,-29.7121,8.846,7.605,1.241,0.139595,0.0386323,9.05,8.054,0.996,24,88,train,train,test,train,train,test,train,val,train,train,,train,0.435,0.13287663
2567,2020_Townsend,CC(C)C[C@@H]1NC(=O)C[C@H](Cc2ccccc2)NC(=O)[C@H](Cc2ccccc2)NC(=O)[C@@H](CC(C)C)NC(=O)[C@H]2CCCN2C(=O)C[C@H](Cc2ccccc2)NC1=O,hexa_53,2567,-4.97,6,6,Circle,0.196171,0.0395219,-25.1375,8.588,7.387,1.201,0.151132,0.040146,9.045,8.0,1.045,65,90,train,train,train,train,train,test,train,train,train,test,,train,0.5150000000000001,0.5149461
2551,2020_Townsend,CC(C)C[C@@H]1NC(=O)C[C@H](Cc2ccccc2)NC(=O)[C@H](Cc2ccccc2)NC(=O)[C@@H](CC(C)C)N(C)C(=O)[C@H]2CCCN2C(=O)[C@H](CC(C)C)N(C)C1=O,hexa_37,2551,-5.21,6,6,Circle,0.139937,0.0477549,-17.5567,8.842,7.846,0.996,0.11525,0.0385013,8.887,7.913,0.974,24,20,train,val,val,train,val,test,train,train,train,train,,train,0.395,0.46163666
2548,2020_Townsend,CC(C)C[C@@H]1NC(=O)[C@H](CC(C)C)N(C)C(=O)C[C@H](Cc2ccccc2)NC(=O)[C@H](Cc2ccccc2)NC(=O)[C@@H](CC(C)C)N(C)C(=O)[C@H]2CCCN2C1=O,hexa_34,2548,-5.34,6,6,Circle,0.162111,0.0464847,-24.182,9.133,7.916,1.217,0.161055,0.0367599,9.144,8.17,0.974,65,100,train,train,train,train,val,test,train,train,train,train,,train,0.33,0.30027553
2531,2020_Townsend,CC(C)C[C@@H]1NC(=O)C[C@H](Cc2ccccc2)NC(=O)[C@H](Cc2ccccc2)NC(=O)[C@@H](CC(C)C)N(C)C(=O)[C@H]2CCCN2C(=O)[C@H](CC(C)C)NC1=O,hexa_17,2531,-5.36,6,6,Circle,0.154678,0.0424858,-21.3898,8.826,7.676,1.15,0.195797,0.0543305,8.974,7.859,1.115,9,91,train,train,train,train,train,test,train,train,train,val,,train,0.3199999999999998,0.32302874
2530,2020_Townsend,CC(C)C[C@@H]1NC(=O)[C@@H](CC(C)C)N(C)C(=O)C[C@H](Cc2ccccc2)NC(=O)[C@H](Cc2ccccc2)NC(=O)[C@@H](CC(C)C)NC(=O)[C@H]2CCCN2C1=O,hexa_16,2530,-5.17,6,6,Circle,0.153733,0.0390795,-26.4589,8.583,7.635,0.948,0.179908,0.0624762,9.21,8.235,0.975,64,95,train,train,train,train,train,test,train,train,train,train,,train,0.415,0.1293414
2521,2020_Townsend,CC(C)C[C@@H]1NC(=O)C[C@H](Cc2ccccc2)NC(=O)[C@H](Cc2ccccc2)NC(=O)[C@H](CC(C)C)NC(=O)[C@H]2CCCN2C(=O)[C@H](CC(C)C)NC1=O,hexa_7,2521,-5.14,6,6,Circle,0.198505,0.0654687,-22.963,8.98,7.845,1.135,0.185369,0.0443344,9.189,7.977,1.212,29,64,train,val,train,train,train,test,train,test,train,train,,train,0.4300000000000001,0.27636266
2344,2018_Naylor,CC(C)C[C@@H]1NC(=O)[C@H](Cc2ccc(O)cc2)NC(=O)[C@H]2CCCN2C(=O)[C@H](CC(C)C)NC(=O)[C@H](CC(C)C)NC(=O)[C@@H](C)NC1=O,1NMe3perNH-2Ala6Y(50),2344,-6.51,6,6,Circle,0.195295,0.054808,-50.9813,8.487,6.998,1.489,0.126945,0.0499056,8.147,6.947,1.2,15,93,train,train,train,test,train,test,train,train,train,train,,train,-0.2549999999999999,-0.17541489
2336,2018_Naylor,CC[C@@H]1NC(=O)[C@@H](CC)NC(=O)[C@H](CC(C)C)NC(=O)[C@H](Cc2ccccc2)NC(=O)[C@H]2CCCN2C(=O)[C@H](CC(C)C)NC1=O,1NMe3perNH-23Abu6F(42),2336,-5.87,6,6,Circle,0.15626,0.0526695,-26.7472,7.882,6.649,1.233,0.135906,0.0343623,7.827,6.662,1.165,24,6,train,train,val,train,train,test,train,train,test,train,,train,0.0649999999999999,0.04210706
2327,2018_Naylor,CC[C@@H]1C(=O)N(C)[C@@H](CC(C)C)C(=O)N[C@@H](CC(C)C)C(=O)N2CCC[C@@H]2C(=O)N(C)[C@@H](Cc2ccc(O)cc2)C(=O)N[C@@H](CC(C)C)C(=O)N1C,1NMe3-2Abu(33),2327,-5.09,6,6,Circle,0.170619,0.0523422,-33.5234,8.77,7.743,1.027,0.153642,0.0512479,9.03,7.994,1.036,53,94,test,val,train,train,train,test,train,val,train,train,,test,0.455,0.312119
2322,2018_Naylor,CC(C)C[C@@H]1NC(=O)[C@H](Cc2ccc(O)cc2)N(C)C(=O)[C@H]2CCCN2C(=O)[C@H](CC(C)C)NC(=O)[C@H](C)N(C)C(=O)[C@@H](C)N(C)C1=O,1NMe3-23Ala(28),2322,-5.49,6,6,Circle,0.149326,0.0449894,-32.4658,8.024,6.927,1.097,0.101897,0.0408146,8.107,7.039,1.068,27,2,test,train,train,train,test,test,train,train,train,train,,test,0.2549999999999999,0.24226847
1820,2016_Furukawa,CCCC[C@@H]1NC(=O)[C@@H](CC(C)C)NC(=O)CN(CC2CCCCC2)C(=O)[C@@H](Cc2ccccc2)NC(=O)CN(Cc2ccc3c(c2)OCO3)C(=O)[C@H]2CCCN2C1=O,2.8-17H,1820,-8.27,6,6,Circle,0.160071,0.0376332,-27.7568,8.943,7.568,1.375,0.157783,0.0656355,9.107,7.725,1.382,40,65,train,train,test,test,val,test,train,test,train,train,-6.49,test,-1.0,0.28269306
1818,2016_Furukawa,CCCC[C@@H]1NC(=O)[C@@H](CC(C)C)NC(=O)CN(CC2CCOCC2)C(=O)[C@@H](Cc2ccccc2)NC(=O)CN(CCCOC(C)C)C(=O)[C@H]2CCCN2C1=O,2.8-15H,1818,-5.58,6,6,Circle,0.169193,0.0642885,-30.2213,9.2,7.834,1.366,0.151184,0.0363656,9.035,7.699,1.336,49,25,train,train,train,train,train,test,test,train,train,train,,train,0.2099999999999999,0.022005986
1817,2016_Furukawa,CCCC[C@@H]1NC(=O)[C@@H](CC(C)C)NC(=O)CN(CC2CCCCC2)C(=O)[C@@H](Cc2ccccc2)NC(=O)CN(CCCOC(C)C)C(=O)[C@H]2CCCN2C1=O,2.8-14H,1817,-5.16,6,6,Circle,0.202661,0.0663516,-21.8944,9.396,8.234,1.162,0.159325,0.0434662,9.359,8.071,1.288,84,49,train,train,train,train,train,test,test,train,train,test,,train,0.4199999999999999,0.59370446
1808,2016_Furukawa,CCCCCN1CC(=O)N[C@H](CC(C)C)C(=O)N[C@@H](CCCC)C(=O)N2CCC[C@@H]2C(=O)N(CC)CC(=O)N[C@H](Cc2ccccc2)C1=O,2.8-05H,1808,-5.22,6,6,Circle,0.153771,0.0544662,-23.6256,8.108,6.854,1.254,0.113189,0.0318268,8.162,7.014,1.148,100,11,train,train,train,train,train,test,train,test,train,train,,train,0.3900000000000001,0.41026682
1786,2016_Furukawa,CCCCCN1CC(=O)N(C)[C@H](CC(C)C)C(=O)N[C@@H](CCCC)C(=O)N2CCC[C@@H]2C(=O)N(CC)CC(=O)N[C@H](C)C1=O,2.8-01Me,1786,-5.99,6,6,Circle,0.106152,0.0385433,-26.4022,7.391,6.246,1.145,0.105158,0.0394242,7.472,6.315,1.157,94,91,test,train,train,train,train,test,train,test,test,train,,test,0.0049999999999998,0.11749608
1773,2016_Furukawa,CCCC[C@@H]1NC(=O)[C@@H](CC(C)C)NC(=O)CN(CC2CCCCC2)C(=O)[C@@H](C)NC(=O)CN(CCCOC(C)C)C(=O)[C@@H]2CCCN2C1=O,2.7-06H,1773,-5.81,6,6,Circle,0.1469,0.0367886,-22.189,8.538,7.29,1.248,0.119505,0.0510628,8.039,6.972,1.067,14,88,train,train,train,train,train,test,train,test,train,train,,train,0.0950000000000002,0.21003771
1763,2016_Furukawa,CCCC[C@@H]1NC(=O)[C@@H](CC(C)C)N(C)C(=O)CN(CC2CCCCC2)C(=O)[C@@H](Cc2ccccc2)NC(=O)CN(CCCOC(C)C)C(=O)[C@@H]2CCCN2C1=O,2.7-14Me,1763,-5.01,6,6,Circle,0.136509,0.0382638,-21.9386,9.679,8.556,1.123,0.137945,0.034721,9.697,8.598,1.099,96,22,train,train,val,train,train,test,train,train,train,train,,train,0.4950000000000001,0.5067165
1762,2016_Furukawa,CCCCCN1CC(=O)N(C)[C@H](CC(C)C)C(=O)N[C@@H](CCCC)C(=O)N2CCC[C@H]2C(=O)N(CCCOC(C)C)CC(=O)N[C@H](Cc2ccccc2)C1=O,2.7-13Me,1762,-4.86,6,6,Circle,0.150994,0.0418875,-23.0297,9.503,8.5,1.003,0.14483,0.031022,9.321,8.324,0.997,73,5,val,train,train,val,train,test,test,train,train,train,,val,0.5699999999999998,0.4680096
1760,2016_Furukawa,CCCC[C@@H]1NC(=O)[C@@H](CC(C)C)N(C)C(=O)CN(CC2CCCCC2)C(=O)[C@@H](C)NC(=O)CN(Cc2ccc3c(c2)OCO3)C(=O)[C@@H]2CCCN2C1=O,2.7-11Me,1760,-5.1,6,6,Circle,0.130175,0.0444818,-29.1481,8.963,7.693,1.27,0.148744,0.0368558,9.141,7.733,1.408,73,26,train,train,train,train,train,test,train,test,train,train,,train,0.4500000000000002,0.5630443
1758,2016_Furukawa,CCCC[C@@H]1NC(=O)[C@@H](CC(C)C)N(C)C(=O)CN(CC2CCOCC2)C(=O)[C@@H](Cc2ccccc2)NC(=O)CN(CC)C(=O)[C@@H]2CCCN2C1=O,2.7-09Me,1758,-6.22,6,6,Circle,0.123198,0.0395242,-24.3617,8.679,7.479,1.2,0.124121,0.0330286,8.656,7.485,1.171,30,31,train,train,train,train,train,test,train,train,train,test,,train,-0.1099999999999998,-0.3138671
1756,2016_Furukawa,CCCC[C@@H]1NC(=O)[C@@H](CC(C)C)N(C)C(=O)CN(CC2CCOCC2)C(=O)[C@@H](C)NC(=O)CN(CCCOC(C)C)C(=O)[C@@H]2CCCN2C1=O,2.7-07Me,1756,-7.42,6,6,Circle,0.130343,0.0400942,-29.4123,8.806,7.516,1.29,0.117308,0.031867,8.936,7.646,1.29,59,18,train,train,train,train,train,test,train,train,train,val,,train,-0.71,-0.44527644
1742,2016_Furukawa,CCCC[C@@H]1NC(=O)[C@@H](CC(C)C)NC(=O)CN(CC2CCCCC2)C(=O)[C@H](C)NC(=O)CN(Cc2ccc3c(c2)OCO3)C(=O)[C@H]2CCCN2C1=O,2.6-11H,1742,-4.9,6,6,Circle,0.174181,0.0623897,-25.5399,8.403,6.975,1.428,0.167093,0.0644731,8.315,6.933,1.382,34,67,train,train,val,train,train,test,train,train,train,train,,train,0.5499999999999998,0.5969061
1728,2016_Furukawa,CCCC[C@@H]1NC(=O)[C@@H](CC(C)C)N(C)C(=O)CN(CC2CCOCC2)C(=O)[C@H](Cc2ccccc2)NC(=O)CN(CCCOC(C)C)C(=O)[C@H]2CCCN2C1=O,2.6-15Me,1728,-5.03,6,6,Circle,0.174077,0.0482009,-19.536,9.399,8.284,1.115,0.131098,0.0338607,9.338,8.244,1.094,96,88,train,train,test,train,train,test,train,train,train,train,,train,0.4849999999999999,0.50789183
1719,2016_Furukawa,CCCC[C@@H]1NC(=O)[C@@H](CC(C)C)N(C)C(=O)CN(CC2CCCCC2)C(=O)[C@H](C)NC(=O)CN(CCCOC(C)C)C(=O)[C@H]2CCCN2C1=O,2.6-06Me,1719,-4.86,6,6,Circle,0.138865,0.0499947,-17.6241,8.68,7.648,1.032,0.133158,0.0488631,8.518,7.457,1.061,80,54,train,train,train,test,train,test,val,train,train,train,,train,0.5699999999999998,0.62185127
1718,2016_Furukawa,CCCCCN1CC(=O)N(C)[C@H](CC(C)C)C(=O)N[C@@H](CCCC)C(=O)N2CCC[C@@H]2C(=O)N(CC)CC(=O)N[C@@H](Cc2ccccc2)C1=O,2.6-05Me,1718,-5.11,6,6,Circle,0.14766,0.0451852,-22.1856,8.365,7.283,1.082,0.132512,0.0486815,8.48,7.401,1.079,82,25,train,train,test,train,train,test,train,train,test,train,,train,0.4449999999999998,0.55565023
1716,2016_Furukawa,CCCC[C@@H]1NC(=O)[C@@H](CC(C)C)N(C)C(=O)CN(CC2CCOCC2)C(=O)[C@H](C)NC(=O)CN(CC)C(=O)[C@H]2CCCN2C1=O,2.6-03Me,1716,-6.6,6,6,Circle,0.124242,0.0539108,-24.0273,7.841,6.627,1.214,0.103006,0.0449044,7.745,6.568,1.177,89,39,train,train,train,train,train,test,val,train,val,test,,train,-0.2999999999999998,-0.23613063
1709,2016_Furukawa,CCCC[C@@H]1NC(=O)[C@@H](CC(C)C)NC(=O)CN(CC2CCCCC2)C(=O)[C@H](Cc2ccccc2)NC(=O)CN(CCCOC(C)C)C(=O)[C@@H]2CCCN2C1=O,2.5-14H,1709,-5.02,6,6,Circle,0.216459,0.0625414,-20.6591,9.277,8.129,1.148,0.131385,0.0370645,8.779,7.798,0.981,96,64,train,train,train,train,val,test,train,train,train,train,,train,0.4900000000000002,0.63787585
1699,2016_Furukawa,CCCCCN1CC(=O)N[C@H](CC(C)C)C(=O)N[C@@H](CCCC)C(=O)N2CCC[C@H]2C(=O)N(CCCOC(C)C)CC(=O)N[C@@H](C)C1=O,2.5-04H,1699,-5.58,6,6,Circle,0.193633,0.0706254,-22.6628,8.564,7.289,1.275,0.191913,0.0620915,8.374,7.177,1.197,86,35,train,train,train,val,train,test,train,train,train,train,,train,0.2099999999999999,0.23605973
1689,2016_Furukawa,CCCC[C@@H]1NC(=O)[C@@H](CC(C)C)N(C)C(=O)CN(CC2CCOCC2)C(=O)[C@H](C)NC(=O)CN(Cc2ccc3c(c2)OCO3)C(=O)[C@@H]2CCCN2C1=O,2.5-12Me,1689,-5.54,6,6,Circle,0.179046,0.0415387,-29.4142,8.89,7.49,1.4,0.122854,0.0440993,8.434,7.149,1.285,75,36,train,train,train,val,test,test,train,train,train,train,,train,0.2299999999999999,0.24984372
1684,2016_Furukawa,CCCC[C@@H]1NC(=O)[C@@H](CC(C)C)N(C)C(=O)CN(CC2CCOCC2)C(=O)[C@H](C)NC(=O)CN(CCCOC(C)C)C(=O)[C@@H]2CCCN2C1=O,2.5-07Me,1684,-6.27,6,6,Circle,0.16646,0.053326,-21.7171,8.84,7.63,1.21,0.0941884,0.0354967,8.131,7.15,0.981,2,72,train,train,val,train,val,test,val,train,train,train,,train,-0.1349999999999998,-0.051620066
1671,2016_Furukawa,CCCC[C@@H]1NC(=O)[C@H](CC(C)C)NC(=O)CN(CC2CCOCC2)C(=O)[C@@H](C)NC(=O)CN(Cc2ccc3c(c2)OCO3)C(=O)[C@H]2CCCN2C1=O,2.4-12H,1671,-7.23,6,6,Circle,0.166007,0.0509262,-34.1208,8.237,6.689,1.548,0.0953102,0.0324349,8.798,7.002,1.796,100,92,val,train,train,train,train,test,train,train,train,val,,val,-0.6150000000000002,-0.34703803
1643,2016_Furukawa,CCCC[C@@H]1NC(=O)[C@H](CC(C)C)N(C)C(=O)CN(CC2CCCCC2)C(=O)[C@@H](C)NC(=O)CN(CC)C(=O)[C@H]2CCCN2C1=O,2.4-02Me,1643,-5.98,6,6,Circle,0.127366,0.056957,-20.8989,7.667,6.573,1.094,0.108799,0.0485997,7.617,6.562,1.055,3,97,train,train,train,train,train,test,test,train,train,val,,train,0.0099999999999997,0.15550992
1627,2016_Furukawa,CCCCCN1CC(=O)N[C@@H](CC(C)C)C(=O)N[C@@H](CCCC)C(=O)N2CCC[C@H]2C(=O)N(CCCOC(C)C)CC(=O)N[C@H](C)C1=O,2.3-04H,1627,-6.45,6,6,Circle,0.144427,0.0368193,-28.4863,8.477,7.178,1.299,0.146223,0.0321224,8.747,7.402,1.345,8,93,train,train,train,train,train,test,val,train,val,test,,train,-0.2250000000000001,-0.097170524
1626,2016_Furukawa,CCCC[C@@H]1NC(=O)[C@H](CC(C)C)NC(=O)CN(CC2CCOCC2)C(=O)[C@@H](C)NC(=O)CN(CC)C(=O)[C@@H]2CCCN2C1=O,2.3-03H,1626,-8.88,6,6,Circle,0.0987067,0.0366288,-32.3216,7.462,6.067,1.395,0.101547,0.032536,7.719,6.28,1.439,7,61,val,train,train,train,train,test,train,train,train,train,,val,-1.0,-0.9150701
1625,2016_Furukawa,CCCC[C@@H]1NC(=O)[C@H](CC(C)C)NC(=O)CN(CC2CCCCC2)C(=O)[C@@H](C)NC(=O)CN(CC)C(=O)[C@@H]2CCCN2C1=O,2.3-02H,1625,-6.48,6,6,Circle,0.101581,0.0360228,-23.7013,7.926,6.607,1.319,0.0896197,0.030983,7.92,6.608,1.312,6,89,train,train,train,train,train,test,train,train,train,test,,train,-0.2400000000000002,-0.0930836
1611,2016_Furukawa,CCCC[C@@H]1NC(=O)[C@H](CC(C)C)N(C)C(=O)CN(CC2CCCCC2)C(=O)[C@@H](C)NC(=O)CN(CCCOC(C)C)C(=O)[C@@H]2CCCN2C1=O,2.3-06Me,1611,-4.97,6,6,Circle,0.138563,0.0345582,-18.494,8.972,7.736,1.236,0.115164,0.0312376,8.853,7.656,1.197,19,65,train,train,train,train,val,test,train,train,train,train,,train,0.5150000000000001,0.36821747
1572,2016_Furukawa,CCCC[C@@H]1NC(=O)[C@H](CC(C)C)N(C)C(=O)CN(CC2CCOCC2)C(=O)[C@H](C)NC(=O)CN(CC)C(=O)[C@H]2CCCN2C1=O,2.2-03Me,1138,-6.76,6,6,Circle,0.120609,0.0512214,-20.254,7.716,6.46,1.256,0.0924624,0.0360758,7.668,6.445,1.223,89,18,train,train,train,train,train,test,train,train,train,train,,train,-0.3799999999999999,-0.58312124
1559,2016_Furukawa,CCCC[C@@H]1NC(=O)[C@H](CC(C)C)NC(=O)CN(CC2CCCCC2)C(=O)[C@H](Cc2ccccc2)NC(=O)CN(CC)C(=O)[C@@H]2CCCN2C1=O,2.1-08H,1559,-5.0,6,6,Circle,0.154272,0.0461238,-20.5762,8.438,7.338,1.1,0.1016,0.0378932,8.213,7.195,1.018,66,97,val,train,train,train,train,test,train,train,train,train,,val,0.5,0.5353344
1554,2016_Furukawa,CCCC[C@@H]1NC(=O)[C@H](CC(C)C)NC(=O)CN(CC2CCOCC2)C(=O)[C@H](C)NC(=O)CN(CC)C(=O)[C@@H]2CCCN2C1=O,2.1-03H,1554,-8.0,6,6,Circle,0.124329,0.0437852,-25.6208,7.785,6.425,1.36,0.103975,0.0425398,7.644,6.308,1.336,6,53,train,train,train,train,train,test,train,train,val,train,,train,-1.0,-0.82189184
1550,2016_Furukawa,CCCC[C@@H]1NC(=O)[C@H](CC(C)C)N(C)C(=O)CN(CC2CCCCC2)C(=O)[C@H](Cc2ccccc2)NC(=O)CN(Cc2ccc3c(c2)OCO3)C(=O)[C@@H]2CCCN2C1=O,2.1-17Me,1550,-6.65,6,6,Circle,0.147932,0.0503488,-23.8235,9.102,7.923,1.179,0.193104,0.0537146,9.411,8.248,1.163,100,19,train,train,val,train,train,test,val,train,train,train,,train,-0.3250000000000002,-0.35357115
1546,2016_Furukawa,CCCCCN1CC(=O)N(C)[C@@H](CC(C)C)C(=O)N[C@@H](CCCC)C(=O)N2CCC[C@H]2C(=O)N(CCCOC(C)C)CC(=O)N[C@@H](Cc2ccccc2)C1=O,2.1-13Me,1546,-5.08,6,6,Circle,0.154908,0.0518423,-17.634,9.513,8.499,1.014,0.158949,0.0416653,9.715,8.617,1.098,55,58,train,train,train,train,train,test,train,train,train,test,,train,0.4599999999999999,0.3338943
1545,2016_Furukawa,CCCC[C@@H]1NC(=O)[C@H](CC(C)C)N(C)C(=O)CN(CC2CCOCC2)C(=O)[C@H](C)NC(=O)CN(Cc2ccc3c(c2)OCO3)C(=O)[C@@H]2CCCN2C1=O,2.1-12Me,1545,-5.93,6,6,Circle,0.238863,0.0678347,-28.797,8.541,7.111,1.43,0.195913,0.0560624,8.782,7.321,1.461,60,22,train,train,val,train,test,test,train,train,train,train,,train,0.0350000000000001,0.1954507
1542,2016_Furukawa,CCCC[C@@H]1NC(=O)[C@H](CC(C)C)N(C)C(=O)CN(CC2CCOCC2)C(=O)[C@H](Cc2ccccc2)NC(=O)CN(CC)C(=O)[C@@H]2CCCN2C1=O,2.1-09Me,1542,-5.47,6,6,Circle,0.174775,0.0604706,-22.6222,8.61,7.454,1.156,0.129443,0.0498865,8.379,7.188,1.191,3,64,train,train,train,val,test,test,test,train,train,train,,train,0.2650000000000001,0.20093924
1529,2016_Furukawa,CCCC[C@@H]1NC(=O)[C@H](CC(C)C)N(C)C(=O)CN(CCc2cccnc2)C(=O)[C@H](Cc2ccc3ccccc3c2)NC(=O)CN(Cc2ccccc2Cn2cccn2)C(=O)[C@H]2CCCN2C1=O,1.10-36,1529,-6.41,6,6,Circle,0.212207,0.0440937,-28.6317,10.226,9.061,1.165,0.127534,0.0406483,10.421,9.323,1.098,96,56,train,train,train,train,train,test,train,train,val,train,,train,-0.205,-0.227927
1514,2016_Furukawa,CCCC[C@@H]1NC(=O)[C@H](CC(C)C)N(C)C(=O)CN(CCCc2cnn(C)c2)C(=O)[C@H](CC(C)C)NC(=O)CN(Cc2ccccc2Cn2cccn2)C(=O)[C@H]2CCCN2C1=O,1.10-21,1514,-5.74,6,6,Circle,0.21971,0.0509696,-31.438,9.819,8.544,1.275,0.20217,0.0440256,9.777,8.584,1.193,74,98,train,train,test,val,val,test,train,train,train,train,,train,0.1299999999999999,0.1129467
1511,2016_Furukawa,CCCC[C@@H]1NC(=O)[C@H](CC(C)C)N(C)C(=O)CN(CCc2cccnc2)C(=O)[C@H](CC(C)C)NC(=O)CN(Cc2ccccc2Cn2cccn2)C(=O)[C@H]2CCCN2C1=O,1.10-18,1511,-5.59,6,6,Circle,0.183257,0.0469187,-28.8204,9.702,8.463,1.239,0.18364,0.0484585,9.309,8.235,1.074,81,65,train,test,train,test,train,test,test,train,train,train,,train,0.205,0.10660533
1497,2016_Furukawa,CCCC[C@@H]1NC(=O)[C@H](CC(C)C)N(C)C(=O)CN(CC2CCCCC2)C(=O)[C@H](C)NC(=O)CN(Cc2ccccc2Cn2cccn2)C(=O)[C@H]2CCCN2C1=O,1.10-04,1497,-4.98,6,6,Circle,0.183147,0.0422137,-23.7955,9.444,8.228,1.216,0.129044,0.0445079,9.312,8.183,1.129,39,44,train,train,train,train,train,test,train,train,train,train,,train,0.5099999999999998,0.39034802
1483,2016_Furukawa,CCCCCN1CC(=O)N(C)[C@@H](CC(C)C)C(=O)N[C@@H](CCCC)C(=O)N2CCC[C@@H]2C(=O)N(Cc2cc(CC(C)C)on2)CC(=O)N[C@@H](Cc2ccc3ccccc3c2)C1=O,1.9-30,1483,-7.96,6,6,Circle,0.223886,0.0470654,-17.9609,9.847,8.51,1.337,0.110567,0.0372655,9.483,8.314,1.169,80,51,train,train,test,train,train,test,train,train,train,train,,train,-0.98,-0.97203255
1467,2016_Furukawa,CCCC[C@@H]1NC(=O)[C@H](CC(C)C)N(C)C(=O)CN(CCOC)C(=O)[C@H](Cc2ccccc2)NC(=O)CN(Cc2cc(CC(C)C)on2)C(=O)[C@H]2CCCN2C1=O,1.9-14,1467,-5.38,6,6,Circle,0.211906,0.0512566,-23.3854,9.192,7.813,1.379,0.134427,0.0413299,8.893,7.623,1.27,15,86,train,train,test,train,val,test,train,train,train,train,,train,0.31,0.35498247
1464,2016_Furukawa,CCCC[C@@H]1NC(=O)[C@H](CC(C)C)N(C)C(=O)CN(CCCc2cnn(C)c2)C(=O)[C@H](C)NC(=O)CN(Cc2cc(CC(C)C)on2)C(=O)[C@H]2CCCN2C1=O,1.9-11,1464,-5.79,6,6,Circle,0.20412,0.0452236,-26.0769,9.181,7.712,1.469,0.194646,0.042301,8.839,7.52,1.319,4,28,train,train,train,train,train,test,train,train,train,train,,train,0.1049999999999999,0.10478214
1435,2016_Furukawa,CCCC[C@@H]1NC(=O)[C@H](CC(C)C)N(C)C(=O)CN(Cc2ccccc2)C(=O)[C@H](Cc2ccccc2)NC(=O)CN(Cc2ccc3c(c2)OCO3)C(=O)[C@H]2CCCN2C1=O,1.8-22,1435,-7.51,6,6,Circle,0.209205,0.0514286,-25.7408,9.278,8.102,1.176,0.173935,0.0479111,9.772,8.365,1.407,46,38,train,train,train,train,train,test,train,train,train,train,,train,-0.7549999999999999,-0.6521974
1431,2016_Furukawa,CCCC[C@@H]1NC(=O)[C@H](CC(C)C)N(C)C(=O)CN(CCc2cccnc2)C(=O)[C@H](CC(C)C)NC(=O)CN(Cc2ccc3c(c2)OCO3)C(=O)[C@H]2CCCN2C1=O,1.8-18,1431,-5.3,6,6,Circle,0.207332,0.0466441,-26.5445,9.148,7.838,1.31,0.167622,0.0422656,8.938,7.686,1.252,82,44,train,train,train,train,train,test,train,train,train,train,,train,0.3500000000000001,0.27260655
1430,2016_Furukawa,CCCCCN1CC(=O)N(C)[C@@H](CC(C)C)C(=O)N[C@@H](CCCC)C(=O)N2CCC[C@@H]2C(=O)N(Cc2ccc3c(c2)OCO3)CC(=O)N[C@@H](Cc2ccccc2)C1=O,1.8-17,1430,-7.41,6,6,Circle,0.213015,0.0581202,-24.2209,9.343,8.102,1.241,0.133083,0.039966,8.992,7.825,1.167,87,93,train,train,train,train,train,test,train,test,train,train,,train,-0.7050000000000001,-0.33082578
1428,2016_Furukawa,CCCC[C@@H]1NC(=O)[C@H](CC(C)C)N(C)C(=O)CN(CC2CCCCC2)C(=O)[C@H](CC(C)C)NC(=O)CN(Cc2ccc3c(c2)OCO3)C(=O)[C@H]2CCCN2C1=O,1.8-15,1428,-7.5,6,6,Circle,0.199059,0.0423614,-20.9246,9.278,8.018,1.26,0.11646,0.0391531,8.911,7.766,1.145,50,100,test,train,train,test,train,test,val,train,train,test,,test,-0.75,-0.38312942
1424,2016_Furukawa,CCCC[C@@H]1NC(=O)[C@H](CC(C)C)N(C)C(=O)CN(CCCc2cnn(C)c2)C(=O)[C@H](C)NC(=O)CN(Cc2ccc3c(c2)OCO3)C(=O)[C@H]2CCCN2C1=O,1.8-11,1424,-6.23,6,6,Circle,0.180757,0.0485419,-28.3257,8.763,7.426,1.337,0.13046,0.0409652,8.481,7.195,1.286,48,53,train,train,train,train,val,test,train,test,train,train,,train,-0.1150000000000002,-0.07032624
1410,2016_Furukawa,CCCC[C@@H]1NC(=O)[C@H](CC(C)C)N(C)C(=O)CN(CCCc2ccccc2)C(=O)[C@H](Cc2ccc3ccccc3c2)NC(=O)CN(CCCCc2ccccc2)C(=O)[C@H]2CCCN2C1=O,1.7-37,1410,-9.27,6,6,Circle,0.243796,0.043457,-23.3949,10.672,9.643,1.029,0.16473,0.038761,9.99,9.14,0.85,5,47,train,train,train,train,train,test,train,test,train,train,,train,-1.0,-0.9665801
1405,2016_Furukawa,CCCC[C@@H]1NC(=O)[C@H](CC(C)C)N(C)C(=O)CN(CCCN2CCCC2=O)C(=O)[C@H](Cc2ccccc2)NC(=O)CN(CCCCc2ccccc2)C(=O)[C@H]2CCCN2C1=O,1.7-32,1405,-6.12,6,6,Circle,0.190945,0.0404316,-24.8106,9.784,8.598,1.186,0.164043,0.0408749,9.507,8.458,1.049,51,40,train,train,train,train,train,test,train,train,train,train,,train,-0.06,-0.103490986
1394,2016_Furukawa,CCCC[C@@H]1NC(=O)[C@H](CC(C)C)N(C)C(=O)CN(CCCc2cnn(C)c2)C(=O)[C@H](CC(C)C)NC(=O)CN(CCCCc2ccccc2)C(=O)[C@H]2CCCN2C1=O,1.7-21,1394,-5.83,6,6,Circle,0.259274,0.044094,-25.2186,10.036,8.83,1.206,0.160566,0.0376854,9.173,8.212,0.961,58,28,train,train,train,train,train,test,val,train,train,train,,train,0.0849999999999999,0.057007633
1387,2016_Furukawa,CCCC[C@@H]1NC(=O)[C@H](CC(C)C)N(C)C(=O)CN(CCOC)C(=O)[C@H](Cc2ccccc2)NC(=O)CN(CCCCc2ccccc2)C(=O)[C@H]2CCCN2C1=O,1.7-14,1387,-6.3,6,6,Circle,0.210957,0.0448635,-23.3436,9.729,8.573,1.156,0.169369,0.0400292,9.43,8.415,1.015,47,63,val,train,train,train,test,test,train,val,train,test,,val,-0.1499999999999999,-0.06655002
1379,2016_Furukawa,CCCC[C@@H]1NC(=O)[C@H](CC(C)C)N(C)C(=O)CN(CCOC)C(=O)[C@H](CC(C)C)NC(=O)CN(CCCCc2ccccc2)C(=O)[C@H]2CCCN2C1=O,1.7-06,1379,-5.75,6,6,Circle,0.19101,0.0571831,-19.1697,9.102,8.047,1.055,0.161327,0.0381072,8.972,7.985,0.987,22,32,train,train,train,train,test,test,train,train,train,train,,train,0.125,0.21774137
1372,2016_Furukawa,CCCC[C@@H]1NC(=O)[C@H](CC(C)C)N(C)C(=O)CN(CCCc2cnn(C)c2)C(=O)[C@H](Cc2ccc3ccccc3c2)NC(=O)CN(Cc2ccc(Cl)cc2)C(=O)[C@H]2CCCN2C1=O,1.6-39,1372,-7.99,6,6,Circle,0.202861,0.0484096,-24.0075,9.888,8.752,1.136,0.215694,0.0485927,9.867,8.824,1.043,49,45,train,train,train,train,train,test,test,train,train,train,,train,-0.995,-1.007826
1362,2016_Furukawa,CCCC[C@@H]1NC(=O)[C@H](CC(C)C)N(C)C(=O)CN(CCOc2ccccc2)C(=O)[C@H](Cc2ccccc2)NC(=O)CN(Cc2ccc(Cl)cc2)C(=O)[C@H]2CCCN2C1=O,1.6-29,1362,-8.36,6,6,Circle,0.219652,0.0601708,-22.7685,9.566,8.559,1.007,0.203956,0.0484891,9.666,8.64,1.026,99,4,test,train,train,train,test,test,train,train,train,val,,test,-1.0,-0.97916
1350,2016_Furukawa,CCCCCN1CC(=O)N(C)[C@@H](CC(C)C)C(=O)N[C@@H](CCCC)C(=O)N2CCC[C@@H]2C(=O)N(Cc2ccc(Cl)cc2)CC(=O)N[C@@H](Cc2ccccc2)C1=O,1.6-17,1350,-8.04,6,6,Circle,0.19591,0.0543505,-18.2432,9.363,8.31,1.053,0.165181,0.0465586,9.134,8.186,0.948,50,71,train,train,train,train,train,test,train,train,train,train,,train,-1.0,-0.8992743
1346,2016_Furukawa,CCCC[C@@H]1NC(=O)[C@H](CC(C)C)N(C)C(=O)CN(Cc2ccccc2)C(=O)[C@H](CC(C)C)NC(=O)CN(Cc2ccc(Cl)cc2)C(=O)[C@H]2CCCN2C1=O,1.6-13,1346,-6.63,6,6,Circle,0.195909,0.0617645,-22.8929,9.188,8.094,1.094,0.153064,0.0463819,8.796,7.829,0.967,100,27,train,train,train,train,train,test,train,train,test,train,,train,-0.3149999999999999,-0.517971
1336,2016_Furukawa,CCCC[C@@H]1NC(=O)[C@H](CC(C)C)N(C)C(=O)CN(Cc2ccccc2)C(=O)[C@H](C)NC(=O)CN(Cc2ccc(Cl)cc2)C(=O)[C@H]2CCCN2C1=O,1.6-03,1336,-5.48,6,6,Circle,0.18677,0.0601924,-23.539,8.722,7.581,1.141,0.186922,0.0462385,8.755,7.622,1.133,12,50,train,val,val,train,train,test,train,val,train,val,,train,0.2599999999999998,0.14087158
1307,2016_Furukawa,CCCC[C@@H]1NC(=O)[C@H](CC(C)C)N(C)C(=O)CN(CCOC)C(=O)[C@H](Cc2ccccc2)NC(=O)CN(CCN2CCOCC2)C(=O)[C@H]2CCCN2C1=O,1.5-14,1307,-6.38,6,6,Circle,0.16613,0.0558129,-29.4025,9.446,8.152,1.294,0.146633,0.0415952,8.935,7.781,1.154,50,44,test,train,train,train,train,test,test,train,train,train,,test,-0.1899999999999999,-0.17238489
1306,2016_Furukawa,CCCC[C@@H]1NC(=O)[C@H](CC(C)C)N(C)C(=O)CN(Cc2ccccc2)C(=O)[C@H](CC(C)C)NC(=O)CN(CCN2CCOCC2)C(=O)[C@H]2CCCN2C1=O,1.5-13,1306,-5.4,6,6,Circle,0.153914,0.0520931,-30.5373,9.232,7.913,1.319,0.129924,0.0448184,8.717,7.685,1.032,24,100,val,train,train,train,train,test,train,train,train,train,,val,0.2999999999999998,0.18294898
1273,2016_Furukawa,CCCC[C@@H]1NC(=O)[C@H](CC(C)C)N(C)C(=O)CN(CCOc2ccccc2)C(=O)[C@H](CC(C)C)NC(=O)CN(CCCOC(C)C)C(=O)[C@H]2CCCN2C1=O,1.4-20,1273,-5.5,6,6,Circle,0.215375,0.0604395,-23.2256,9.887,8.692,1.195,0.168721,0.0403506,9.107,8.134,0.973,15,58,test,train,test,train,train,test,test,val,val,train,,test,0.25,0.22771183
1266,2016_Furukawa,CCCC[C@@H]1NC(=O)[C@H](CC(C)C)N(C)C(=O)CN(Cc2ccccc2)C(=O)[C@H](CC(C)C)NC(=O)CN(CCCOC(C)C)C(=O)[C@H]2CCCN2C1=O,1.4-13,1266,-5.17,6,6,Circle,0.179473,0.0607118,-21.788,9.37,8.202,1.168,0.165599,0.0451534,8.765,7.849,0.916,62,26,train,train,train,train,train,test,test,train,test,val,,train,0.415,0.43567178
1255,2016_Furukawa,CCCCCN1CC(=O)N(C)[C@@H](CC(C)C)C(=O)N[C@@H](CCCC)C(=O)N2CCC[C@@H]2C(=O)N(CCCOC(C)C)CC(=O)N[C@@H](C)C1=O,1.4-02,1255,-4.88,6,6,Circle,0.170669,0.0579653,-20.7352,8.987,7.728,1.259,0.127343,0.0348173,8.401,7.375,1.026,54,63,train,train,train,train,val,test,train,train,train,train,,train,0.56,0.5284407
1226,2016_Furukawa,CCCC[C@@H]1NC(=O)[C@H](CC(C)C)N(C)C(=O)CN(Cc2ccccc2)C(=O)[C@H](CC(C)C)NC(=O)CN(CC(C)C)C(=O)[C@H]2CCCN2C1=O,1.3-13,1226,-5.44,6,6,Circle,0.16849,0.0591116,-21.2203,8.593,7.448,1.145,0.156178,0.0421758,8.559,7.526,1.033,86,6,test,train,train,train,val,test,train,train,test,train,,test,0.2799999999999998,0.2739807
1212,2016_Furukawa,CCCC[C@@H]1NC(=O)[C@H](CC(C)C)N(C)C(=O)CN(CCCc2cnn(C)c2)C(=O)[C@H](Cc2ccc3ccccc3c2)NC(=O)CN(CCC)C(=O)[C@H]2CCCN2C1=O,1.2-39,1212,-5.53,6,6,Circle,0.183376,0.0429368,-22.6384,9.443,8.314,1.129,0.154724,0.0393214,9.404,8.295,1.109,17,37,val,train,train,train,train,test,train,train,val,train,,val,0.2349999999999998,0.2519974
1208,2016_Furukawa,CCCC[C@@H]1NC(=O)[C@H](CC(C)C)N(C)C(=O)CN(CC2CCOCC2)C(=O)[C@H](Cc2ccc3ccccc3c2)NC(=O)CN(CCC)C(=O)[C@H]2CCCN2C1=O,1.2-35,1208,-5.37,6,6,Circle,0.128159,0.0412206,-19.7969,9.065,7.892,1.173,0.167423,0.0370338,8.917,7.858,1.059,12,80,train,train,train,train,val,test,train,train,train,val,,train,0.3149999999999999,0.2994536
1205,2016_Furukawa,CCCC[C@@H]1NC(=O)[C@H](CC(C)C)N(C)C(=O)CN(CCCN2CCCC2=O)C(=O)[C@H](Cc2ccccc2)NC(=O)CN(CCC)C(=O)[C@H]2CCCN2C1=O,1.2-32,1205,-6.24,6,6,Circle,0.183352,0.0510701,-26.2352,9.128,7.78,1.348,0.134129,0.0425098,9.011,7.744,1.267,79,36,train,train,train,train,train,test,train,train,train,test,,train,-0.1200000000000001,-0.10518463
1204,2016_Furukawa,CCCC[C@@H]1NC(=O)[C@H](CC(C)C)N(C)C(=O)CN(CCCc2cnn(C)c2)C(=O)[C@H](Cc2ccccc2)NC(=O)CN(CCC)C(=O)[C@H]2CCCN2C1=O,1.2-31,1204,-5.43,6,6,Circle,0.196731,0.0522418,-25.599,9.376,8.119,1.257,0.186785,0.0407936,8.961,7.84,1.121,48,75,train,train,train,train,train,test,val,train,train,test,,train,0.2850000000000001,0.27637386
1201,2016_Furukawa,CCCC[C@@H]1NC(=O)[C@H](CC(C)C)N(C)C(=O)CN(CCCc2ccccc2)C(=O)[C@H](Cc2ccccc2)NC(=O)CN(CCC)C(=O)[C@H]2CCCN2C1=O,1.2-28,1201,-6.04,6,6,Circle,0.149809,0.0483185,-20.4312,9.092,8.078,1.014,0.187071,0.0441298,9.171,8.156,1.015,55,28,train,train,train,train,train,test,test,val,train,train,,train,-0.02,-0.04895348
1192,2016_Furukawa,CCCC[C@@H]1NC(=O)[C@H](CC(C)C)N(C)C(=O)CN(CCCc2ccccc2)C(=O)[C@H](CC(C)C)NC(=O)CN(CCC)C(=O)[C@H]2CCCN2C1=O,1.2-19,1192,-5.57,6,6,Circle,0.176029,0.0568115,-19.3267,8.915,7.841,1.074,0.174217,0.042176,8.821,7.831,0.99,71,50,test,test,train,val,train,test,train,train,train,train,,test,0.2149999999999998,0.18143219
1188,2016_Furukawa,CCCC[C@@H]1NC(=O)[C@H](CC(C)C)N(C)C(=O)CN(CC2CCCCC2)C(=O)[C@H](CC(C)C)NC(=O)CN(CCC)C(=O)[C@H]2CCCN2C1=O,1.2-15,1188,-5.7,6,6,Circle,0.139893,0.055103,-17.1077,8.503,7.399,1.104,0.135518,0.0676958,8.681,7.536,1.145,73,63,train,train,train,val,train,test,train,train,train,test,,train,0.1499999999999999,0.13989198
1171,2016_Furukawa,CCCC[C@@H]1NC(=O)[C@H](CC(C)C)N(C)C(=O)CN(CCOc2ccccc2)C(=O)[C@H](Cc2ccc3ccccc3c2)NC(=O)CN(CC)C(=O)[C@H]2CCCN2C1=O,1.1-38,1171,-6.32,6,6,Circle,0.18564,0.042039,-22.4931,9.275,8.171,1.104,0.133346,0.0389143,9.147,8.132,1.015,3,20,train,train,train,train,train,test,train,train,train,train,,train,-0.1600000000000001,-0.4722292
1152,2016_Furukawa,CCCC[C@@H]1NC(=O)[C@H](CC(C)C)N(C)C(=O)CN(CCCc2ccccc2)C(=O)[C@H](CC(C)C)NC(=O)CN(CC)C(=O)[C@H]2CCCN2C1=O,1.1-19,1152,-5.11,6,6,Circle,0.167471,0.0559546,-20.395,8.755,7.671,1.084,0.168796,0.0415186,8.649,7.647,1.002,100,16,train,train,train,train,train,test,train,train,train,train,,train,0.4449999999999998,0.47613898
1106,2015_Wang,CC(C)C[C@@H]1NC(=O)[C@H](Cc2ccccc2)NC(=O)[C@H]([C@@H](C)O)N(C)C(=O)CN(C)C(=O)[C@H]([C@@H](C)O)NC(=O)[C@H](Cc2ccc(O)cc2)NC1=O,Compound.62,1106,-8.0,6,6,Circle,0.239232,0.0780769,-46.8516,8.084,6.719,1.365,0.213341,0.0893361,7.675,6.422,1.253,65,13,train,train,train,train,train,test,train,train,train,train,,train,-1.0,-0.37049097
1086,2015_Wang,CC(C)C[C@@H]1C(=O)N2CCC[C@H]2C(=O)N[C@@H](Cc2ccc(O)cc2)C(=O)N(C)[C@H](C)C(=O)N(C)CC(=O)N[C@@H](Cc2ccccc2)C(=O)N1C,Compound.42,1086,-7.15,6,6,Circle,0.171674,0.0629272,-39.2346,7.744,6.466,1.278,0.157697,0.0397044,7.697,6.514,1.183,56,21,train,train,val,val,val,test,train,val,test,train,,train,-0.5750000000000002,-0.4985107
1081,2015_Wang,CC(C)C[C@H]1NC(=O)[C@@H](Cc2ccccc2)NC(=O)CNC(=O)[C@H](C)NC(=O)[C@H](Cc2ccc(O)cc2)NC(=O)[C@@H]2CCCN2C1=O,Compound.37,1081,-8.0,6,6,Circle,0.0949649,0.0384596,-39.4393,7.342,5.799,1.543,0.157903,0.0624354,7.475,5.968,1.507,43,61,train,train,train,train,train,test,train,train,train,train,,train,-1.0,-0.68095297
1066,2015_Wang,CC(C)C[C@@H]1NC(=O)[C@H](Cc2ccc(O)cc2)NC(=O)[C@H]2CCCN2C(=O)[C@@H](CC(C)C)NC(=O)[C@H](CC(C)C)NC(=O)[C@@H](CC(C)C)NC1=O,Compound.22,9,-6.96,6,6,Circle,0.191616,0.057869,-38.0034,9.027,7.553,1.474,0.149719,0.047698,8.711,7.36,1.351,68,91,train,train,train,train,train,test,train,train,train,train,,train,-0.48,-0.33002335
1059,2015_Wang,CC(C)C[C@H]1C(=O)N2CCC[C@H]2C(=O)N[C@@H](Cc2ccc(O)cc2)C(=O)N(C)[C@H](CC(C)C)C(=O)N(C)[C@H](CC(C)C)C(=O)N[C@H](CC(C)C)C(=O)N1C,Compound.15,1059,-5.73,6,6,Circle,0.165702,0.030917,-26.7274,8.938,7.839,1.099,0.0995807,0.0325624,8.785,7.708,1.077,40,56,train,train,val,train,train,test,train,train,train,train,,train,0.1349999999999998,-0.026608832
1055,2015_Wang,CC(C)C[C@@H]1NC(=O)[C@H](Cc2ccc(O)cc2)N(C)C(=O)[C@H]2CCCN2C(=O)[C@H](CC(C)C)NC(=O)[C@H](CC(C)C)N(C)C(=O)[C@@H](CC(C)C)NC1=O,Compound.11,1055,-5.88,6,6,Circle,0.192247,0.0645316,-30.1253,9.193,8.02,1.173,0.148711,0.0413079,9.197,8.073,1.124,84,19,train,train,train,train,train,test,train,val,train,val,,train,0.06,0.082322694
1052,2015_Wang,CC(C)C[C@@H]1NC(=O)[C@H](Cc2ccc(O)cc2)N(C)C(=O)[C@H]2CCCN2C(=O)[C@H](CC(C)C)NC(=O)[C@H](CC(C)C)NC(=O)[C@@H](CC(C)C)NC1=O,Compound.8,1052,-5.89,6,6,Circle,0.193296,0.0649328,-35.74,9.213,7.959,1.254,0.162347,0.0446908,8.765,7.751,1.014,58,23,train,train,val,test,train,test,train,train,val,train,,train,0.0550000000000001,0.119009145
