CycPeptMPDB_ID,Source,SMILES,Original_Name_in_Source_Literature,Structurally_Unique_ID,PAMPA,Monomer_Length,Monomer_Length_in_Main_Chain,Molecule_Shape,Water_avgRMSD_All,Water_avgRMSD_BackBone,Desolvation_Free_Energy,Water_3D_SASA,Water_3D_NPSA,Water_3D_PSA,Hexane_avgRMSD_All,Hexane_avgRMSD_BackBone,Hexane_3D_SASA,Hexane_3D_NPSA,Hexane_3D_PSA,Water_RepFrame,Hexane_RepFrame,split_0,split_1,split_2,split_3,split_4,split_5,split_6,split_7,split_8,split_9,PAMPA_WuXi,split_wuxi,Normalized_PAMPA,Pred_7
7059,2021_Kelly,CC(=O)N[C@@H]1C(=O)N2CCC[C@H]2C(=O)N(C)[C@H](CC(C)C)C(=O)N(C)[C@H](CC(C)C)C(=O)N(C)[C@@H](CC(C)C)C(=O)N(C)[C@@H](CC(C)C)C(=O)N[C@@H](C)C(=O)N[C@@H](CC(C)C)C(=O)N2CCC[C@@H]2C(=O)O[C@@H]1C,L4_4.3.3.1.1,7059,-5.94,10,9,Lariat,0.148026,0.086979,-29.505,11.767,9.949,1.818,0.144066,0.0842406,11.461,9.799,1.662,19,65,train,train,train,train,train,train,train,test,test,train,,train,0.0299999999999998,0.48442847
7048,2021_Kelly,CC(=O)N[C@@H]1C(=O)N2CCC[C@H]2C(=O)N(C)[C@H](CC(C)C)C(=O)N(C)[C@@H](CC(C)C)C(=O)N(C)[C@@H](CC(C)C)C(=O)N(C)[C@H](CC(C)C)C(=O)N(C)[C@H](C)C(=O)N[C@@H](CC(C)C)C(=O)N2CCC[C@@H]2C(=O)O[C@@H]1C,L4_3.3.4.4.1,7048,-5.1,10,9,Lariat,0.126262,0.0647573,-26.8633,11.644,9.733,1.911,0.113856,0.0534755,11.304,9.846,1.458,36,74,train,train,test,train,val,train,val,test,train,train,,train,0.4500000000000002,0.34611303
7028,2021_Kelly,CC(=O)N[C@@H]1C(=O)N2CCC[C@H]2C(=O)N(C)[C@H](CC(C)C)C(=O)N[C@H](CC(C)C)C(=O)N(C)[C@@H](CC(C)C)C(=O)N[C@H](CC(C)C)C(=O)N(C)[C@@H](C)C(=O)N[C@@H](CC(C)C)C(=O)N2CCC[C@@H]2C(=O)O[C@@H]1C,L4_2.3.2.3.1,7028,-5.93,10,9,Lariat,0.165027,0.0954766,-31.5299,11.908,9.997,1.911,0.133948,0.0722303,11.379,9.611,1.768,74,49,train,train,train,train,train,train,train,test,train,train,,train,0.0350000000000001,0.3024909
7021,2021_Kelly,CC(=O)N[C@@H]1C(=O)N2CCC[C@H]2C(=O)N(C)[C@H](CC(C)C)C(=O)N[C@H](CC(C)C)C(=O)N[C@H](CC(C)C)C(=O)N[C@H](CC(C)C)C(=O)N(C)[C@@H](C)C(=O)N[C@@H](CC(C)C)C(=O)N2CCC[C@@H]2C(=O)O[C@@H]1C,L4_2.2.2.3.1,7021,-6.46,10,9,Lariat,0.14533,0.0860924,-29.0647,11.452,9.504,1.948,0.145008,0.0883876,11.383,9.654,1.729,41,89,val,train,train,train,train,train,train,test,train,val,,val,-0.2299999999999999,-0.36039454
7014,2021_Kelly,CC(=O)N[C@@H]1C(=O)N2CCC[C@H]2C(=O)N(C)[C@H](CC(C)C)C(=O)N[C@H](CC(C)C)C(=O)N[C@@H](CC(C)C)C(=O)N(C)[C@H](CC(C)C)C(=O)N(C)[C@H](C)C(=O)N[C@@H](CC(C)C)C(=O)N2CCC[C@@H]2C(=O)O[C@@H]1C,L4_2.1.4.4.1,7014,-5.7,10,9,Lariat,0.126982,0.070518,-18.978,10.922,9.285,1.637,0.118245,0.0497516,10.78,9.247,1.533,87,75,train,train,test,train,train,val,train,test,train,train,,train,0.1499999999999999,-0.07824134
7002,2021_Kelly,CC(=O)N[C@@H]1C(=O)N2CCC[C@H]2C(=O)N(C)[C@H](CC(C)C)C(=O)N[C@@H](CC(C)C)C(=O)N(C)[C@H](CC(C)C)C(=O)N[C@H](CC(C)C)C(=O)N(C)[C@@H](C)C(=O)N[C@@H](CC(C)C)C(=O)N2CCC[C@@H]2C(=O)O[C@@H]1C,L4_1.4.2.3.1,7002,-4.96,10,9,Lariat,0.126943,0.0733966,-25.4802,10.58,8.735,1.845,0.111857,0.0658967,10.594,9.015,1.579,69,69,test,train,train,train,train,train,train,test,train,train,,test,0.52,0.10138575
7000,2021_Kelly,CC(=O)N[C@@H]1C(=O)N2CCC[C@H]2C(=O)N(C)[C@H](CC(C)C)C(=O)N[C@@H](CC(C)C)C(=O)N(C)[C@@H](CC(C)C)C(=O)N(C)[C@@H](CC(C)C)C(=O)N(C)[C@H](C)C(=O)N[C@@H](CC(C)C)C(=O)N2CCC[C@@H]2C(=O)O[C@@H]1C,L4_1.3.3.4.1,7000,-5.47,10,9,Lariat,0.141631,0.085363,-31.2061,12.014,10.227,1.787,0.114087,0.0700508,11.737,10.145,1.592,84,55,train,train,test,test,train,test,train,test,train,train,,train,0.2650000000000001,0.161778
6992,2021_Kelly,CC(=O)N[C@@H]1C(=O)N2CCC[C@H]2C(=O)N(C)[C@H](CC(C)C)C(=O)N[C@@H](CC(C)C)C(=O)N[C@H](CC(C)C)C(=O)N[C@@H](CC(C)C)C(=O)N[C@H](C)C(=O)N[C@@H](CC(C)C)C(=O)N2CCC[C@@H]2C(=O)O[C@@H]1C,L4_1.2.1.2.1,6992,-7.0,10,9,Lariat,0.218916,0.137113,-40.1921,11.431,9.375,2.056,0.15275,0.0806907,10.457,8.628,1.829,26,57,train,train,train,train,val,val,train,test,train,val,,train,-0.5,-0.30207348
6980,2021_Kelly,CC(=O)N1CCC[C@H]1C(=O)N[C@@H]1C(=O)N[C@H](CC(C)C)C(=O)N(C)[C@H](CC(C)C)C(=O)N(C)[C@H](CC(C)C)C(=O)N(C)[C@@H](CC(C)C)C(=O)N(C)[C@H](C)C(=O)N[C@@H](CC(C)C)C(=O)N2CCC[C@@H]2C(=O)O[C@@H]1C,L3_4.4.3.4.1,6980,-5.23,10,8,Lariat,0.108501,0.0553169,-13.9342,10.636,9.504,1.132,0.112732,0.0603185,10.851,9.735,1.116,38,53,train,val,test,train,train,train,train,test,train,train,,train,0.3849999999999998,0.47259423
6964,2021_Kelly,CC(=O)N1CCC[C@H]1C(=O)N[C@@H]1C(=O)N[C@H](CC(C)C)C(=O)N(C)[C@H](CC(C)C)C(=O)N[C@H](CC(C)C)C(=O)N(C)[C@H](CC(C)C)C(=O)N[C@H](C)C(=O)N[C@@H](CC(C)C)C(=O)N2CCC[C@@H]2C(=O)O[C@@H]1C,L3_4.2.4.2.1,6964,-5.68,10,8,Lariat,0.188907,0.130526,-30.9791,11.325,9.52,1.805,0.131526,0.0738408,10.962,9.721,1.241,100,100,train,train,train,val,train,train,train,test,val,train,,train,0.1600000000000001,0.3520208
6961,2021_Kelly,CC(=O)N1CCC[C@H]1C(=O)N[C@@H]1C(=O)N[C@H](CC(C)C)C(=O)N(C)[C@H](CC(C)C)C(=O)N[C@H](CC(C)C)C(=O)N[C@H](CC(C)C)C(=O)N(C)[C@H](C)C(=O)N[C@@H](CC(C)C)C(=O)N2CCC[C@@H]2C(=O)O[C@@H]1C,L3_4.2.2.4.1,6961,-4.88,10,8,Lariat,0.131641,0.078578,-33.243,11.176,9.445,1.731,0.12878,0.0822554,10.511,9.196,1.315,33,38,test,train,train,train,train,train,train,test,train,train,,test,0.56,0.3521117
6935,2021_Kelly,CC(=O)N1CCC[C@H]1C(=O)N[C@@H]1C(=O)N[C@H](CC(C)C)C(=O)N(C)[C@@H](CC(C)C)C(=O)N(C)[C@@H](CC(C)C)C(=O)N[C@@H](CC(C)C)C(=O)N(C)[C@@H](C)C(=O)N[C@@H](CC(C)C)C(=O)N2CCC[C@@H]2C(=O)O[C@@H]1C,L3_3.3.1.3.1,6935,-4.96,10,8,Lariat,0.201467,0.127543,-31.879,11.434,9.643,1.791,0.114894,0.0659127,10.801,9.34,1.461,70,42,train,train,test,train,train,train,train,test,train,train,,train,0.52,0.21589151
6924,2021_Kelly,CC(=O)N1CCC[C@H]1C(=O)N[C@@H]1C(=O)N[C@H](CC(C)C)C(=O)N[C@H](CC(C)C)C(=O)N(C)[C@H](CC(C)C)C(=O)N(C)[C@H](CC(C)C)C(=O)N[C@@H](C)C(=O)N[C@@H](CC(C)C)C(=O)N2CCC[C@@H]2C(=O)O[C@@H]1C,L3_2.4.4.1.1,6924,-5.93,10,8,Lariat,0.115567,0.0565601,-27.1236,11.167,9.498,1.669,0.115795,0.0681079,10.965,9.446,1.519,54,78,train,val,train,train,train,train,train,test,test,train,,train,0.0350000000000001,0.25464657
6916,2021_Kelly,CC(=O)N1CCC[C@H]1C(=O)N[C@@H]1C(=O)N[C@H](CC(C)C)C(=O)N[C@H](CC(C)C)C(=O)N(C)[C@@H](CC(C)C)C(=O)N(C)[C@H](CC(C)C)C(=O)N(C)[C@H](C)C(=O)N[C@@H](CC(C)C)C(=O)N2CCC[C@@H]2C(=O)O[C@@H]1C,L3_2.3.4.4.1,6916,-5.61,10,8,Lariat,0.222286,0.155368,-27.3491,11.829,9.942,1.887,0.117586,0.0576194,11.045,9.663,1.382,20,80,train,train,train,val,train,train,train,test,train,train,,train,0.1949999999999998,0.43276536
6892,2021_Kelly,CC(=O)N1CCC[C@H]1C(=O)N[C@@H]1C(=O)N[C@H](CC(C)C)C(=O)N[C@H](CC(C)C)C(=O)N[C@@H](CC(C)C)C(=O)N[C@@H](CC(C)C)C(=O)N(C)[C@H](C)C(=O)N[C@@H](CC(C)C)C(=O)N2CCC[C@@H]2C(=O)O[C@@H]1C,L3_2.1.1.4.1,6892,-6.76,10,8,Lariat,0.244524,0.16417,-31.3842,11.029,9.24,1.789,0.100112,0.0512147,10.164,8.809,1.355,33,52,train,test,test,train,train,train,train,test,train,train,,train,-0.3799999999999999,-0.21317238
6885,2021_Kelly,CC(=O)N1CCC[C@H]1C(=O)N[C@@H]1C(=O)N[C@H](CC(C)C)C(=O)N[C@@H](CC(C)C)C(=O)N(C)[C@H](CC(C)C)C(=O)N[C@H](CC(C)C)C(=O)N[C@H](C)C(=O)N[C@@H](CC(C)C)C(=O)N2CCC[C@@H]2C(=O)O[C@@H]1C,L3_1.4.2.2.1,6885,-5.26,10,8,Lariat,0.171346,0.109568,-37.8516,11.109,9.279,1.83,0.10721,0.0541755,10.906,9.582,1.324,65,33,train,train,train,train,train,test,train,test,train,train,,train,0.3700000000000001,0.02046172
6879,2021_Kelly,CC(=O)N1CCC[C@H]1C(=O)N[C@@H]1C(=O)N[C@H](CC(C)C)C(=O)N[C@@H](CC(C)C)C(=O)N(C)[C@@H](CC(C)C)C(=O)N[C@H](CC(C)C)C(=O)N[C@H](C)C(=O)N[C@@H](CC(C)C)C(=O)N2CCC[C@@H]2C(=O)O[C@@H]1C,L3_1.3.2.2.1,6879,-5.08,10,8,Lariat,0.182858,0.108735,-37.2298,11.635,9.713,1.922,0.157368,0.0924025,11.019,9.552,1.467,32,59,train,train,train,val,test,train,train,test,train,train,,train,0.4599999999999999,0.24646205
6864,2021_Kelly,CC(=O)N1CCC[C@H]1C(=O)N[C@@H]1C(=O)N[C@H](CC(C)C)C(=O)N[C@@H](CC(C)C)C(=O)N[C@@H](CC(C)C)C(=O)N(C)[C@@H](CC(C)C)C(=O)N(C)[C@@H](C)C(=O)N[C@@H](CC(C)C)C(=O)N2CCC[C@@H]2C(=O)O[C@@H]1C,L3_1.1.3.3.1,6864,-6.27,10,8,Lariat,0.153024,0.0959113,-29.9664,11.134,9.22,1.914,0.106631,0.0609723,10.816,9.055,1.761,31,32,train,train,train,train,train,test,train,test,train,train,,train,-0.1349999999999998,0.0075076036
6854,2021_Kelly,CC(=O)N1CCC[C@H]1C(=O)N[C@@H]1C(=O)N[C@H](CC(C)C)C(=O)N[C@@H](CC(C)C)C(=O)N[C@@H](CC(C)C)C(=O)N[C@@H](CC(C)C)C(=O)N[C@@H](C)C(=O)N[C@@H](CC(C)C)C(=O)N2CCC[C@@H]2C(=O)O[C@@H]1C,L3_1.1.1.1.1,6854,-6.33,10,8,Lariat,0.150534,0.0921601,-42.2102,11.635,9.631,2.004,0.0841466,0.0376031,9.857,8.621,1.236,30,87,train,train,val,train,train,val,train,test,train,test,,train,-0.165,-0.40029714
6836,2021_Kelly,CC(=O)N1CCC[C@H]1C(=O)N[C@@H]1C(=O)N(C)[C@H](CC(C)C)C(=O)N(C)[C@@H](CC(C)C)C(=O)N(C)[C@H](CC(C)C)C(=O)N[C@@H](CC(C)C)C(=O)N(C)[C@H](C)C(=O)N[C@@H](CC(C)C)C(=O)N2CCC[C@@H]2C(=O)O[C@@H]1C,L2_3.4.1.4.1,6836,-4.95,10,8,Lariat,0.170068,0.115167,-27.5788,11.338,9.851,1.487,0.125232,0.064703,10.743,9.564,1.179,90,100,train,train,train,train,train,train,train,test,train,val,,train,0.5249999999999999,0.3863954
6831,2021_Kelly,CC(=O)N1CCC[C@H]1C(=O)N[C@@H]1C(=O)N(C)[C@H](CC(C)C)C(=O)N(C)[C@@H](CC(C)C)C(=O)N(C)[C@@H](CC(C)C)C(=O)N(C)[C@H](CC(C)C)C(=O)N[C@@H](C)C(=O)N[C@@H](CC(C)C)C(=O)N2CCC[C@@H]2C(=O)O[C@@H]1C,L2_3.3.4.1.1,6831,-5.8,10,8,Lariat,0.205016,0.132077,-24.2413,11.422,9.915,1.507,0.167361,0.115092,11.125,9.795,1.33,36,39,train,train,train,test,val,train,train,test,train,train,,train,0.1,0.40819266
6825,2021_Kelly,CC(=O)N1CCC[C@H]1C(=O)N[C@@H]1C(=O)N(C)[C@H](CC(C)C)C(=O)N(C)[C@@H](CC(C)C)C(=O)N(C)[C@@H](CC(C)C)C(=O)N[C@@H](CC(C)C)C(=O)N(C)[C@@H](C)C(=O)N[C@@H](CC(C)C)C(=O)N2CCC[C@@H]2C(=O)O[C@@H]1C,L2_3.3.1.3.1,6825,-5.07,10,8,Lariat,0.139256,0.0724294,-20.7124,11.25,9.627,1.623,0.145708,0.0865305,11.265,9.717,1.548,55,96,train,train,train,val,train,train,test,test,train,train,,train,0.4649999999999998,0.21783611
6819,2021_Kelly,CC(=O)N1CCC[C@H]1C(=O)N[C@@H]1C(=O)N(C)[C@H](CC(C)C)C(=O)N(C)[C@@H](CC(C)C)C(=O)N[C@@H](CC(C)C)C(=O)N(C)[C@@H](CC(C)C)C(=O)N(C)[C@@H](C)C(=O)N[C@@H](CC(C)C)C(=O)N2CCC[C@@H]2C(=O)O[C@@H]1C,L2_3.1.3.3.1,6819,-5.4,10,8,Lariat,0.161724,0.110136,-25.1456,11.676,9.74,1.936,0.12026,0.0697202,11.21,9.483,1.727,2,87,test,train,test,train,train,train,train,test,train,train,,test,0.2999999999999998,0.17804602
6805,2021_Kelly,CC(=O)N1CCC[C@H]1C(=O)N[C@@H]1C(=O)N(C)[C@H](CC(C)C)C(=O)N[C@H](CC(C)C)C(=O)N[C@H](CC(C)C)C(=O)N(C)[C@H](CC(C)C)C(=O)N(C)[C@@H](C)C(=O)N[C@@H](CC(C)C)C(=O)N2CCC[C@@H]2C(=O)O[C@@H]1C,L2_2.2.4.3.1,6805,-6.68,10,8,Lariat,0.195122,0.127959,-18.6555,10.757,9.176,1.581,0.108305,0.0621465,10.952,9.323,1.629,21,53,test,train,train,train,train,train,train,test,train,train,,test,-0.3399999999999998,-0.39409435
6804,2021_Kelly,CC(=O)N1CCC[C@H]1C(=O)N[C@@H]1C(=O)N(C)[C@H](CC(C)C)C(=O)N[C@H](CC(C)C)C(=O)N[C@H](CC(C)C)C(=O)N(C)[C@H](CC(C)C)C(=O)N[C@@H](C)C(=O)N[C@@H](CC(C)C)C(=O)N2CCC[C@@H]2C(=O)O[C@@H]1C,L2_2.2.4.1.1,6804,-6.62,10,8,Lariat,0.161294,0.100943,-37.0718,12.013,10.193,1.82,0.146809,0.0914133,11.543,9.725,1.818,58,11,val,train,train,train,train,train,train,test,val,train,,val,-0.31,-0.9402524
6800,2021_Kelly,CC(=O)N1CCC[C@H]1C(=O)N[C@@H]1C(=O)N(C)[C@H](CC(C)C)C(=O)N[C@H](CC(C)C)C(=O)N[C@H](CC(C)C)C(=O)N(C)[C@@H](CC(C)C)C(=O)N[C@@H](C)C(=O)N[C@@H](CC(C)C)C(=O)N2CCC[C@@H]2C(=O)O[C@@H]1C,L2_2.2.3.1.1,6800,-6.1,10,8,Lariat,0.182955,0.113512,-34.3776,12.014,9.993,2.021,0.137995,0.0845223,11.255,9.562,1.693,60,70,train,train,train,train,train,train,train,test,train,test,,train,-0.0499999999999998,-0.31163496
6789,2021_Kelly,CC(=O)N1CCC[C@H]1C(=O)N[C@@H]1C(=O)N(C)[C@H](CC(C)C)C(=O)N[C@H](CC(C)C)C(=O)N[C@@H](CC(C)C)C(=O)N(C)[C@@H](CC(C)C)C(=O)N[C@@H](C)C(=O)N[C@@H](CC(C)C)C(=O)N2CCC[C@@H]2C(=O)O[C@@H]1C,L2_2.1.3.1.1,6789,-5.98,10,8,Lariat,0.184894,0.120109,-38.9955,11.699,9.522,2.177,0.270466,0.193453,10.947,9.254,1.693,39,76,test,train,test,train,train,train,train,test,test,train,,test,0.0099999999999997,0.27838823
6787,2021_Kelly,CC(=O)N1CCC[C@H]1C(=O)N[C@@H]1C(=O)N(C)[C@H](CC(C)C)C(=O)N[C@H](CC(C)C)C(=O)N[C@@H](CC(C)C)C(=O)N[C@H](CC(C)C)C(=O)N(C)[C@@H](C)C(=O)N[C@@H](CC(C)C)C(=O)N2CCC[C@@H]2C(=O)O[C@@H]1C,L2_2.1.2.3.1,6787,-5.82,10,8,Lariat,0.137986,0.0767629,-40.056,11.374,9.392,1.982,0.187451,0.112452,10.947,9.248,1.699,98,75,test,train,train,val,val,train,train,test,test,test,,test,0.0899999999999998,0.5275095
6772,2021_Kelly,CC(=O)N1CCC[C@H]1C(=O)N[C@@H]1C(=O)N(C)[C@H](CC(C)C)C(=O)N[C@@H](CC(C)C)C(=O)N[C@@H](CC(C)C)C(=O)N(C)[C@@H](CC(C)C)C(=O)N[C@@H](C)C(=O)N[C@@H](CC(C)C)C(=O)N2CCC[C@@H]2C(=O)O[C@@H]1C,L2_1.1.3.1.1,6772,-6.01,10,8,Lariat,0.17004,0.111149,-40.6049,11.854,9.864,1.99,0.119746,0.0642754,10.815,9.087,1.728,41,45,test,train,train,train,val,train,train,test,train,test,,test,-0.0049999999999998,0.24103716
6765,2021_Kelly,CC(=O)N1CCC[C@H]1C(=O)N(C)[C@@H](CC(C)C)C(=O)N[C@@H]1C(=O)N(C)[C@H](CC(C)C)C(=O)N(C)[C@H](CC(C)C)C(=O)N[C@H](CC(C)C)C(=O)N(C)[C@@H](C)C(=O)N[C@H](CC(C)C)C(=O)N2CCC[C@H]2C(=O)O[C@@H]1C,L1_9.4.4.2.3.2,6765,-5.01,10,7,Lariat,0.135571,0.083772,-26.6603,10.924,9.393,1.531,0.115703,0.0730523,10.525,8.875,1.65,42,23,train,train,train,train,train,test,train,test,train,train,,train,0.4950000000000001,0.17386544
6760,2021_Kelly,CC(=O)N1CCC[C@H]1C(=O)N(C)[C@@H](CC(C)C)C(=O)N[C@@H]1C(=O)N(C)[C@H](CC(C)C)C(=O)N(C)[C@@H](CC(C)C)C(=O)N(C)[C@@H](CC(C)C)C(=O)N[C@@H](C)C(=O)N[C@H](CC(C)C)C(=O)N2CCC[C@H]2C(=O)O[C@@H]1C,L1_9.4.3.3.1.2,6760,-5.01,10,7,Lariat,0.122745,0.0622518,-21.8214,11.137,9.598,1.539,0.176695,0.110607,10.576,9.375,1.201,74,38,train,train,train,train,test,val,val,test,train,train,,train,0.4950000000000001,0.38938862
6747,2021_Kelly,CC(=O)N1CCC[C@H]1C(=O)N(C)[C@@H](CC(C)C)C(=O)N[C@@H]1C(=O)N(C)[C@@H](CC(C)C)C(=O)N(C)[C@H](CC(C)C)C(=O)N[C@H](CC(C)C)C(=O)N(C)[C@@H](C)C(=O)N[C@H](CC(C)C)C(=O)N2CCC[C@H]2C(=O)O[C@@H]1C,L1_9.3.4.2.3.2,6747,-6.05,10,7,Lariat,0.177441,0.109413,-35.0643,11.895,9.893,2.002,0.106073,0.0610456,10.672,9.225,1.447,73,34,train,train,train,test,train,train,train,test,train,train,,train,-0.0249999999999999,-0.04587044
6746,2021_Kelly,CC(=O)N1CCC[C@H]1C(=O)N(C)[C@@H](CC(C)C)C(=O)N[C@@H]1C(=O)N(C)[C@@H](CC(C)C)C(=O)N(C)[C@@H](CC(C)C)C(=O)N(C)[C@H](CC(C)C)C(=O)N(C)[C@H](C)C(=O)N[C@H](CC(C)C)C(=O)N2CCC[C@H]2C(=O)O[C@@H]1C,L1_9.3.3.4.4.2,6746,-6.05,10,7,Lariat,0.148394,0.0877512,-21.3852,11.712,9.965,1.747,0.129277,0.0790878,11.774,10.109,1.665,37,55,train,train,train,train,train,train,train,test,train,train,,train,-0.0249999999999999,-0.0802808
6737,2021_Kelly,CC(=O)N1CCC[C@H]1C(=O)N(C)[C@@H](CC(C)C)C(=O)N[C@@H]1C(=O)N(C)[C@@H](CC(C)C)C(=O)N[C@H](CC(C)C)C(=O)N[C@H](CC(C)C)C(=O)N(C)[C@H](C)C(=O)N[C@H](CC(C)C)C(=O)N2CCC[C@H]2C(=O)O[C@@H]1C,L1_9.3.2.2.4.2,6737,-6.14,10,7,Lariat,0.183461,0.109894,-29.169,11.937,10.022,1.915,0.29744,0.222582,11.645,9.909,1.736,32,25,val,train,val,train,train,test,test,test,train,train,,val,-0.0699999999999998,-0.4097374
6736,2021_Kelly,CC(=O)N1CCC[C@H]1C(=O)N(C)[C@@H](CC(C)C)C(=O)N[C@@H]1C(=O)N(C)[C@@H](CC(C)C)C(=O)N[C@@H](CC(C)C)C(=O)N(C)[C@@H](CC(C)C)C(=O)N(C)[C@H](C)C(=O)N[C@H](CC(C)C)C(=O)N2CCC[C@H]2C(=O)O[C@@H]1C,L1_9.3.1.3.4.2,6736,-6.0,10,7,Lariat,0.171408,0.0955416,-26.3562,11.738,9.785,1.953,0.147602,0.084635,11.58,9.771,1.809,54,64,train,train,train,train,train,train,train,test,train,train,,train,0.0,-0.013602667
6734,2021_Kelly,CC(=O)N1CCC[C@H]1C(=O)N(C)[C@@H](CC(C)C)C(=O)N[C@@H]1C(=O)N(C)[C@@H](CC(C)C)C(=O)N[C@@H](CC(C)C)C(=O)N[C@H](CC(C)C)C(=O)N(C)[C@H](C)C(=O)N[C@H](CC(C)C)C(=O)N2CCC[C@H]2C(=O)O[C@@H]1C,L1_9.3.1.2.4.2,6734,-7.02,10,7,Lariat,0.217501,0.132408,-23.7249,11.371,9.821,1.55,0.276805,0.199876,10.975,9.523,1.452,53,37,train,train,train,train,train,train,train,test,train,train,,train,-0.5099999999999998,-0.5257394
6721,2021_Kelly,CC(=O)N1CCC[C@H]1C(=O)N(C)[C@@H](CC(C)C)C(=O)N[C@@H]1C(=O)N[C@H](CC(C)C)C(=O)N(C)[C@@H](CC(C)C)C(=O)N[C@H](CC(C)C)C(=O)N[C@@H](C)C(=O)N[C@H](CC(C)C)C(=O)N2CCC[C@H]2C(=O)O[C@@H]1C,L1_9.2.3.2.1.2,6721,-5.93,10,7,Lariat,0.151747,0.0936834,-26.7871,11.02,9.381,1.639,0.233344,0.155348,10.971,9.509,1.462,93,100,train,train,train,train,train,train,val,test,train,train,,train,0.0350000000000001,0.030225907
6685,2021_Kelly,CC(=O)N1CCC[C@@H]1C(=O)N(C)[C@H](CC(C)C)C(=O)N[C@@H]1C(=O)N(C)[C@@H](CC(C)C)C(=O)N(C)[C@H](CC(C)C)C(=O)N[C@@H](CC(C)C)C(=O)N[C@@H](C)C(=O)N[C@@H](CC(C)C)C(=O)N2CCC[C@@H]2C(=O)O[C@@H]1C,L1_8.3.4.1.1.1,6685,-6.72,10,7,Lariat,0.23619,0.167183,-32.4027,11.541,9.69,1.851,0.258889,0.187516,11.223,9.559,1.664,18,3,train,train,train,train,test,train,train,test,train,train,,train,-0.3599999999999999,0.029872112
6681,2021_Kelly,CC(=O)N1CCC[C@@H]1C(=O)N(C)[C@H](CC(C)C)C(=O)N[C@@H]1C(=O)N(C)[C@@H](CC(C)C)C(=O)N[C@H](CC(C)C)C(=O)N(C)[C@@H](CC(C)C)C(=O)N[C@@H](C)C(=O)N[C@@H](CC(C)C)C(=O)N2CCC[C@@H]2C(=O)O[C@@H]1C,L1_8.3.2.3.1.1,6681,-7.0,10,7,Lariat,0.195687,0.123422,-32.1716,11.372,9.608,1.764,0.116971,0.0761363,10.89,9.513,1.377,42,86,train,train,train,train,train,val,train,test,train,train,,train,-0.5,-0.016674325
6674,2021_Kelly,CC(=O)N1CCC[C@@H]1C(=O)N(C)[C@H](CC(C)C)C(=O)N[C@@H]1C(=O)N[C@H](CC(C)C)C(=O)N(C)[C@@H](CC(C)C)C(=O)N(C)[C@H](CC(C)C)C(=O)N(C)[C@H](C)C(=O)N[C@@H](CC(C)C)C(=O)N2CCC[C@@H]2C(=O)O[C@@H]1C,L1_8.2.3.4.4.1,6674,-5.19,10,7,Lariat,0.177593,0.111672,-32.487,11.877,10.126,1.751,0.125703,0.0744519,11.193,9.641,1.552,90,61,train,train,train,train,train,train,train,test,train,train,,train,0.4049999999999998,0.26308155
6671,2021_Kelly,CC(=O)N1CCC[C@@H]1C(=O)N(C)[C@H](CC(C)C)C(=O)N[C@@H]1C(=O)N[C@H](CC(C)C)C(=O)N(C)[C@@H](CC(C)C)C(=O)N[C@@H](CC(C)C)C(=O)N(C)[C@@H](C)C(=O)N[C@@H](CC(C)C)C(=O)N2CCC[C@@H]2C(=O)O[C@@H]1C,L1_8.2.3.1.3.1,6671,-5.43,10,7,Lariat,0.159706,0.0978215,-24.8991,11.27,9.557,1.713,0.17286,0.108022,10.975,9.482,1.493,6,22,train,train,train,val,train,train,train,test,train,val,,train,0.2850000000000001,0.1649411
6669,2021_Kelly,CC(=O)N1CCC[C@@H]1C(=O)N(C)[C@H](CC(C)C)C(=O)N[C@@H]1C(=O)N[C@H](CC(C)C)C(=O)N[C@H](CC(C)C)C(=O)N[C@H](CC(C)C)C(=O)N(C)[C@H](C)C(=O)N[C@@H](CC(C)C)C(=O)N2CCC[C@@H]2C(=O)O[C@@H]1C,L1_8.2.2.2.4.1,6669,-6.12,10,7,Lariat,0.166584,0.0993624,-28.9221,11.504,9.79,1.714,0.123005,0.064752,10.995,9.331,1.664,86,74,train,test,train,train,train,train,test,test,val,train,,train,-0.06,0.0685503
6666,2021_Kelly,CC(=O)N1CCC[C@@H]1C(=O)N(C)[C@H](CC(C)C)C(=O)N[C@@H]1C(=O)N[C@H](CC(C)C)C(=O)N[C@H](CC(C)C)C(=O)N[C@@H](CC(C)C)C(=O)N[C@@H](C)C(=O)N[C@@H](CC(C)C)C(=O)N2CCC[C@@H]2C(=O)O[C@@H]1C,L1_8.2.2.1.1.1,6666,-7.82,10,7,Lariat,0.289927,0.224728,-31.8707,11.319,9.404,1.915,0.127692,0.0662303,10.454,9.053,1.401,25,16,test,train,train,train,train,test,train,test,train,train,,test,-0.91,-0.37707138
6662,2021_Kelly,CC(=O)N1CCC[C@@H]1C(=O)N(C)[C@H](CC(C)C)C(=O)N[C@@H]1C(=O)N[C@@H](CC(C)C)C(=O)N(C)[C@@H](CC(C)C)C(=O)N[C@@H](CC(C)C)C(=O)N(C)[C@@H](C)C(=O)N[C@@H](CC(C)C)C(=O)N2CCC[C@@H]2C(=O)O[C@@H]1C,L1_8.1.3.1.3.1,6662,-5.46,10,7,Lariat,0.251426,0.156234,-29.9781,11.683,9.651,2.032,0.183886,0.117557,11.573,9.89,1.683,15,9,val,train,test,train,train,train,train,test,train,test,,val,0.27,0.2413384
6659,2021_Kelly,CC(=O)N1CCC[C@@H]1C(=O)N(C)[C@H](CC(C)C)C(=O)N[C@@H]1C(=O)N[C@@H](CC(C)C)C(=O)N[C@H](CC(C)C)C(=O)N(C)[C@@H](CC(C)C)C(=O)N(C)[C@@H](C)C(=O)N[C@@H](CC(C)C)C(=O)N2CCC[C@@H]2C(=O)O[C@@H]1C,L1_8.1.2.3.3.1,6659,-5.22,10,7,Lariat,0.135826,0.0875248,-24.7215,11.232,9.525,1.707,0.178882,0.127413,10.829,9.368,1.461,96,20,train,train,val,test,train,test,train,test,train,val,,train,0.3900000000000001,0.072334185
6656,2021_Kelly,CC(=O)N1CCC[C@@H]1C(=O)N(C)[C@H](CC(C)C)C(=O)N[C@@H]1C(=O)N[C@@H](CC(C)C)C(=O)N[C@@H](CC(C)C)C(=O)N(C)[C@@H](CC(C)C)C(=O)N(C)[C@@H](C)C(=O)N[C@@H](CC(C)C)C(=O)N2CCC[C@@H]2C(=O)O[C@@H]1C,L1_8.1.1.3.3.1,6656,-6.31,10,7,Lariat,0.181831,0.107495,-31.7847,11.882,10.009,1.873,0.147078,0.0876092,11.762,9.974,1.788,33,21,train,train,train,train,train,train,train,test,train,train,,train,-0.1549999999999998,-0.320368
6648,2021_Kelly,CC(=O)N1CCC[C@@H]1C(=O)N(C)[C@H](CC(C)C)C(=O)N[C@@H]1C(=O)N(C)[C@H](CC(C)C)C(=O)N[C@H](CC(C)C)C(=O)N(C)[C@@H](CC(C)C)C(=O)N(C)[C@H](C)C(=O)N[C@@H](CC(C)C)C(=O)N2CCC[C@H]2C(=O)O[C@@H]1C,L1_7.4.2.3.4.1,6648,-5.51,10,7,Lariat,0.146927,0.0846227,-19.7039,11.059,9.653,1.406,0.144197,0.0940106,11.087,9.638,1.449,58,71,val,val,test,test,val,train,train,test,train,train,,val,0.2450000000000001,0.36135274
6647,2021_Kelly,CC(=O)N1CCC[C@@H]1C(=O)N(C)[C@H](CC(C)C)C(=O)N[C@@H]1C(=O)N(C)[C@H](CC(C)C)C(=O)N[C@H](CC(C)C)C(=O)N(C)[C@@H](CC(C)C)C(=O)N(C)[C@@H](C)C(=O)N[C@@H](CC(C)C)C(=O)N2CCC[C@H]2C(=O)O[C@@H]1C,L1_7.4.2.3.3.1,6647,-5.58,10,7,Lariat,0.112897,0.0562685,-21.5147,11.107,9.65,1.457,0.134101,0.0862048,10.888,9.49,1.398,2,80,train,train,test,train,train,train,train,test,train,train,,train,0.2099999999999999,0.30083707
6644,2021_Kelly,CC(=O)N1CCC[C@@H]1C(=O)N(C)[C@H](CC(C)C)C(=O)N[C@@H]1C(=O)N(C)[C@H](CC(C)C)C(=O)N[C@@H](CC(C)C)C(=O)N(C)[C@H](CC(C)C)C(=O)N(C)[C@H](C)C(=O)N[C@@H](CC(C)C)C(=O)N2CCC[C@H]2C(=O)O[C@@H]1C,L1_7.4.1.4.4.1,6644,-5.55,10,7,Lariat,0.248687,0.155886,-36.275,11.655,9.805,1.85,0.0915868,0.0516016,10.863,9.47,1.393,48,80,train,train,train,train,train,test,train,test,train,train,,train,0.2250000000000001,0.1840139
6638,2021_Kelly,CC(=O)N1CCC[C@@H]1C(=O)N(C)[C@H](CC(C)C)C(=O)N[C@@H]1C(=O)N(C)[C@@H](CC(C)C)C(=O)N(C)[C@H](CC(C)C)C(=O)N[C@H](CC(C)C)C(=O)N(C)[C@H](C)C(=O)N[C@@H](CC(C)C)C(=O)N2CCC[C@H]2C(=O)O[C@@H]1C,L1_7.3.4.2.4.1,6638,-6.45,10,7,Lariat,0.308922,0.201377,-27.5275,12.063,10.379,1.684,0.17064,0.10236,11.387,9.87,1.517,84,92,train,train,train,train,test,train,train,test,train,test,,train,-0.2250000000000001,0.18296742
6608,2021_Kelly,CC(=O)N1CCC[C@@H]1C(=O)N(C)[C@H](CC(C)C)C(=O)N[C@@H]1C(=O)N[C@@H](CC(C)C)C(=O)N(C)[C@H](CC(C)C)C(=O)N(C)[C@@H](CC(C)C)C(=O)N[C@@H](C)C(=O)N[C@@H](CC(C)C)C(=O)N2CCC[C@H]2C(=O)O[C@@H]1C,L1_7.1.4.3.1.1,6608,-6.34,10,7,Lariat,0.18356,0.11124,-30.872,11.513,9.814,1.699,0.119333,0.0619396,11.191,9.628,1.563,61,100,train,train,train,train,train,train,train,test,test,train,,train,-0.1699999999999999,-0.15671447
6600,2021_Kelly,CC(=O)N1CCC[C@@H]1C(=O)N(C)[C@H](CC(C)C)C(=O)N[C@@H]1C(=O)N[C@@H](CC(C)C)C(=O)N[C@@H](CC(C)C)C(=O)N(C)[C@H](CC(C)C)C(=O)N(C)[C@H](C)C(=O)N[C@@H](CC(C)C)C(=O)N2CCC[C@H]2C(=O)O[C@@H]1C,L1_7.1.1.4.4.1,6600,-5.85,10,7,Lariat,0.293014,0.181328,-34.2652,11.931,9.998,1.933,0.182135,0.120257,11.288,9.752,1.536,6,44,train,train,train,val,train,train,train,test,train,train,,train,0.0750000000000001,-0.16631904
6564,2021_Kelly,CC(=O)N1CCC[C@H]1C(=O)N(C)[C@H](CC(C)C)C(=O)N[C@@H]1C(=O)N[C@H](CC(C)C)C(=O)N[C@@H](CC(C)C)C(=O)N(C)[C@@H](CC(C)C)C(=O)N(C)[C@@H](C)C(=O)N[C@@H](CC(C)C)C(=O)N2CCC[C@@H]2C(=O)O[C@@H]1C,L1_6.2.1.3.3.1,6564,-5.34,10,7,Lariat,0.192188,0.118841,-31.0059,11.053,9.345,1.708,0.261775,0.187935,10.638,9.256,1.382,33,13,train,train,train,train,train,train,train,test,test,test,,train,0.33,0.384724
6560,2021_Kelly,CC(=O)N1CCC[C@H]1C(=O)N(C)[C@H](CC(C)C)C(=O)N[C@@H]1C(=O)N[C@@H](CC(C)C)C(=O)N(C)[C@H](CC(C)C)C(=O)N(C)[C@H](CC(C)C)C(=O)N(C)[C@@H](C)C(=O)N[C@@H](CC(C)C)C(=O)N2CCC[C@@H]2C(=O)O[C@@H]1C,L1_6.1.4.4.3.1,6560,-5.49,10,7,Lariat,0.229044,0.161178,-27.5264,12.094,10.083,2.011,0.165398,0.12215,11.752,9.996,1.756,76,93,train,train,train,test,train,train,train,test,train,train,,train,0.2549999999999999,0.23625961
6545,2021_Kelly,CC(=O)N1CCC[C@H]1C(=O)N(C)[C@H](CC(C)C)C(=O)N[C@@H]1C(=O)N[C@@H](CC(C)C)C(=O)N[C@@H](CC(C)C)C(=O)N(C)[C@@H](CC(C)C)C(=O)N(C)[C@@H](C)C(=O)N[C@@H](CC(C)C)C(=O)N2CCC[C@@H]2C(=O)O[C@@H]1C,L1_6.1.1.3.3.1,6545,-5.69,10,7,Lariat,0.158649,0.0931781,-34.6448,11.918,10.031,1.887,0.158312,0.105734,11.821,10.013,1.808,56,32,val,train,train,train,train,val,train,test,train,train,,val,0.1549999999999998,-0.19882333
6539,2021_Kelly,CC(=O)N1CCC[C@H]1C(=O)N(C)[C@H](CC(C)C)C(=O)N[C@@H]1C(=O)N(C)[C@H](CC(C)C)C(=O)N[C@H](CC(C)C)C(=O)N(C)[C@H](CC(C)C)C(=O)N(C)[C@H](C)C(=O)N[C@@H](CC(C)C)C(=O)N2CCC[C@H]2C(=O)O[C@@H]1C,L1_5.4.2.4.4.1,6539,-5.1,10,7,Lariat,0.107558,0.0588435,-28.0741,11.15,9.489,1.661,0.11424,0.0858446,10.631,9.024,1.607,90,53,train,test,test,train,train,train,train,test,train,train,,train,0.4500000000000002,0.40778318
6533,2021_Kelly,CC(=O)N1CCC[C@H]1C(=O)N(C)[C@H](CC(C)C)C(=O)N[C@@H]1C(=O)N(C)[C@H](CC(C)C)C(=O)N[C@@H](CC(C)C)C(=O)N(C)[C@H](CC(C)C)C(=O)N(C)[C@H](C)C(=O)N[C@@H](CC(C)C)C(=O)N2CCC[C@H]2C(=O)O[C@@H]1C,L1_5.4.1.4.4.1,6533,-5.17,10,7,Lariat,0.188318,0.123529,-26.2539,11.916,10.349,1.567,0.116572,0.0741628,10.715,9.468,1.247,28,73,train,train,train,train,train,train,test,test,train,train,,train,0.415,0.45569128
6530,2021_Kelly,CC(=O)N1CCC[C@H]1C(=O)N(C)[C@H](CC(C)C)C(=O)N[C@@H]1C(=O)N(C)[C@@H](CC(C)C)C(=O)N(C)[C@H](CC(C)C)C(=O)N(C)[C@H](CC(C)C)C(=O)N(C)[C@H](C)C(=O)N[C@@H](CC(C)C)C(=O)N2CCC[C@H]2C(=O)O[C@@H]1C,L1_5.3.4.4.4.1,6530,-5.58,10,7,Lariat,0.172977,0.109173,-21.9373,11.764,9.975,1.789,0.14025,0.0986723,11.595,9.919,1.676,79,50,train,train,test,test,train,train,train,test,train,train,,train,0.2099999999999999,0.24092665
6522,2021_Kelly,CC(=O)N1CCC[C@H]1C(=O)N(C)[C@H](CC(C)C)C(=O)N[C@@H]1C(=O)N(C)[C@@H](CC(C)C)C(=O)N[C@H](CC(C)C)C(=O)N[C@@H](CC(C)C)C(=O)N[C@@H](C)C(=O)N[C@@H](CC(C)C)C(=O)N2CCC[C@H]2C(=O)O[C@@H]1C,L1_5.3.2.1.1.1,6522,-6.5,10,7,Lariat,0.172852,0.0938692,-28.2663,10.602,8.986,1.616,0.0862924,0.0545274,10.135,8.762,1.373,43,64,train,test,test,train,val,train,train,test,train,val,,train,-0.25,-0.3497172
6521,2021_Kelly,CC(=O)N1CCC[C@H]1C(=O)N(C)[C@H](CC(C)C)C(=O)N[C@@H]1C(=O)N(C)[C@@H](CC(C)C)C(=O)N[C@@H](CC(C)C)C(=O)N(C)[C@H](CC(C)C)C(=O)N(C)[C@H](C)C(=O)N[C@@H](CC(C)C)C(=O)N2CCC[C@H]2C(=O)O[C@@H]1C,L1_5.3.1.4.4.1,6521,-5.13,10,7,Lariat,0.136407,0.0876328,-29.4957,11.255,9.356,1.899,0.202499,0.140902,11.456,9.875,1.581,27,100,train,train,train,train,train,train,train,test,train,test,,train,0.435,0.43235594
6510,2021_Kelly,CC(=O)N1CCC[C@H]1C(=O)N(C)[C@H](CC(C)C)C(=O)N[C@@H]1C(=O)N[C@H](CC(C)C)C(=O)N(C)[C@H](CC(C)C)C(=O)N[C@H](CC(C)C)C(=O)N(C)[C@H](C)C(=O)N[C@@H](CC(C)C)C(=O)N2CCC[C@H]2C(=O)O[C@@H]1C,L1_5.2.4.2.4.1,6510,-5.4,10,7,Lariat,0.2684,0.162518,-24.5872,11.051,9.428,1.623,0.233376,0.143758,11.722,10.033,1.689,45,36,test,train,val,test,train,train,train,test,train,train,,test,0.2999999999999998,0.3907112
6503,2021_Kelly,CC(=O)N1CCC[C@H]1C(=O)N(C)[C@H](CC(C)C)C(=O)N[C@@H]1C(=O)N[C@H](CC(C)C)C(=O)N[C@H](CC(C)C)C(=O)N(C)[C@H](CC(C)C)C(=O)N(C)[C@@H](C)C(=O)N[C@@H](CC(C)C)C(=O)N2CCC[C@H]2C(=O)O[C@@H]1C,L1_5.2.2.4.3.1,6503,-5.69,10,7,Lariat,0.174904,0.110574,-30.7232,11.545,9.793,1.752,0.221033,0.1424,11.641,9.901,1.74,100,56,test,train,train,train,train,train,val,test,val,train,,test,0.1549999999999998,0.33069015
6485,2021_Kelly,CC(=O)N1CCC[C@H]1C(=O)N(C)[C@H](CC(C)C)C(=O)N[C@@H]1C(=O)N[C@@H](CC(C)C)C(=O)N[C@H](CC(C)C)C(=O)N(C)[C@@H](CC(C)C)C(=O)N[C@@H](C)C(=O)N[C@@H](CC(C)C)C(=O)N2CCC[C@H]2C(=O)O[C@@H]1C,L1_5.1.2.3.1.1,6485,-6.45,10,7,Lariat,0.22594,0.153883,-41.5898,11.93,9.774,2.156,0.112267,0.0665375,10.607,9.304,1.303,65,53,train,train,train,train,train,train,train,test,train,train,,train,-0.2250000000000001,0.086461455
6465,2021_Kelly,CC(=O)N1CCC[C@@H]1C(=O)N(C)[C@@H](CC(C)C)C(=O)N[C@@H]1C(=O)N(C)[C@H](CC(C)C)C(=O)N(C)[C@@H](CC(C)C)C(=O)N[C@H](CC(C)C)C(=O)N(C)[C@H](C)C(=O)N[C@@H](CC(C)C)C(=O)N2CCC[C@@H]2C(=O)O[C@@H]1C,L1_4.4.3.2.4.1,6465,-5.03,10,7,Lariat,0.150646,0.0860411,-25.1345,11.528,9.761,1.767,0.193514,0.132032,11.316,9.629,1.687,62,71,train,train,train,test,train,train,train,test,train,test,,train,0.4849999999999999,0.27463588
6456,2021_Kelly,CC(=O)N1CCC[C@@H]1C(=O)N(C)[C@@H](CC(C)C)C(=O)N[C@@H]1C(=O)N(C)[C@H](CC(C)C)C(=O)N[C@@H](CC(C)C)C(=O)N(C)[C@@H](CC(C)C)C(=O)N(C)[C@H](C)C(=O)N[C@@H](CC(C)C)C(=O)N2CCC[C@@H]2C(=O)O[C@@H]1C,L1_4.4.1.3.4.1,6456,-5.17,10,7,Lariat,0.131894,0.0691485,-23.5715,11.097,9.323,1.774,0.128701,0.0813456,10.679,9.293,1.386,65,83,train,val,train,train,train,val,train,test,train,train,,train,0.415,0.16122696
6452,2021_Kelly,CC(=O)N1CCC[C@@H]1C(=O)N(C)[C@@H](CC(C)C)C(=O)N[C@@H]1C(=O)N(C)[C@@H](CC(C)C)C(=O)N(C)[C@@H](CC(C)C)C(=O)N(C)[C@H](CC(C)C)C(=O)N(C)[C@H](C)C(=O)N[C@@H](CC(C)C)C(=O)N2CCC[C@@H]2C(=O)O[C@@H]1C,L1_4.3.3.4.4.1,6452,-5.05,10,7,Lariat,0.221791,0.154622,-32.9276,12.302,10.45,1.852,0.153865,0.111253,11.388,10.002,1.386,53,29,train,test,train,train,train,train,train,test,train,train,,train,0.4750000000000001,0.3000015
6428,2021_Kelly,CC(=O)N1CCC[C@@H]1C(=O)N(C)[C@@H](CC(C)C)C(=O)N[C@@H]1C(=O)N[C@H](CC(C)C)C(=O)N[C@H](CC(C)C)C(=O)N(C)[C@H](CC(C)C)C(=O)N[C@H](C)C(=O)N[C@@H](CC(C)C)C(=O)N2CCC[C@@H]2C(=O)O[C@@H]1C,L1_4.2.2.4.2.1,6428,-5.48,10,7,Lariat,0.259488,0.193407,-32.1153,11.723,9.849,1.874,0.210655,0.143439,11.131,9.532,1.599,17,39,train,train,train,train,train,train,train,test,train,train,,train,0.2599999999999998,0.046296667
6426,2021_Kelly,CC(=O)N1CCC[C@@H]1C(=O)N(C)[C@@H](CC(C)C)C(=O)N[C@@H]1C(=O)N[C@H](CC(C)C)C(=O)N[C@H](CC(C)C)C(=O)N(C)[C@@H](CC(C)C)C(=O)N(C)[C@@H](C)C(=O)N[C@@H](CC(C)C)C(=O)N2CCC[C@@H]2C(=O)O[C@@H]1C,L1_4.2.2.3.3.1,6426,-5.58,10,7,Lariat,0.134529,0.0950054,-32.0467,10.929,9.432,1.497,0.110157,0.0579216,10.576,9.203,1.373,89,54,train,train,train,val,train,train,val,test,train,val,,train,0.2099999999999999,0.07426719
6419,2021_Kelly,CC(=O)N1CCC[C@@H]1C(=O)N(C)[C@@H](CC(C)C)C(=O)N[C@@H]1C(=O)N[C@H](CC(C)C)C(=O)N[C@@H](CC(C)C)C(=O)N(C)[C@H](CC(C)C)C(=O)N[C@@H](C)C(=O)N[C@@H](CC(C)C)C(=O)N2CCC[C@@H]2C(=O)O[C@@H]1C,L1_4.2.1.4.1.1,6419,-5.4,10,7,Lariat,0.116835,0.0597995,-22.2908,10.832,9.245,1.587,0.133885,0.0683298,10.563,9.359,1.204,24,35,val,train,train,train,train,train,test,test,train,train,,val,0.2999999999999998,0.38995728
6401,2021_Kelly,CC(=O)N1CCC[C@@H]1C(=O)N(C)[C@@H](CC(C)C)C(=O)N[C@@H]1C(=O)N[C@@H](CC(C)C)C(=O)N[C@H](CC(C)C)C(=O)N(C)[C@H](CC(C)C)C(=O)N[C@@H](C)C(=O)N[C@@H](CC(C)C)C(=O)N2CCC[C@@H]2C(=O)O[C@@H]1C,L1_4.1.2.4.1.1,6401,-5.87,10,7,Lariat,0.182794,0.111113,-42.2144,12.217,10.263,1.954,0.184871,0.132265,11.584,9.815,1.769,58,23,train,val,val,train,test,train,train,test,train,train,,train,0.0649999999999999,-0.25144145
6375,2021_Kelly,CC(=O)N1CCC[C@@H]1C(=O)N(C)[C@@H](CC(C)C)C(=O)N[C@@H]1C(=O)N(C)[C@H](CC(C)C)C(=O)N[C@H](CC(C)C)C(=O)N[C@H](CC(C)C)C(=O)N[C@@H](C)C(=O)N[C@@H](CC(C)C)C(=O)N2CCC[C@H]2C(=O)O[C@@H]1C,L1_3.4.2.2.1.1,6375,-6.5,10,7,Lariat,0.273079,0.18777,-27.5993,11.694,9.714,1.98,0.116282,0.0736976,10.067,8.821,1.246,57,73,test,train,train,train,val,test,train,test,train,train,,test,-0.25,-0.114026524
6370,2021_Kelly,CC(=O)N1CCC[C@@H]1C(=O)N(C)[C@@H](CC(C)C)C(=O)N[C@@H]1C(=O)N(C)[C@H](CC(C)C)C(=O)N[C@@H](CC(C)C)C(=O)N(C)[C@@H](CC(C)C)C(=O)N[C@@H](C)C(=O)N[C@@H](CC(C)C)C(=O)N2CCC[C@H]2C(=O)O[C@@H]1C,L1_3.4.1.3.1.1,6370,-5.62,10,7,Lariat,0.149588,0.0904189,-33.2438,11.734,9.794,1.94,0.118145,0.0687105,11.28,9.499,1.781,40,20,train,train,train,train,train,train,train,test,train,train,,train,0.1899999999999999,0.29599094
6360,2021_Kelly,CC(=O)N1CCC[C@@H]1C(=O)N(C)[C@@H](CC(C)C)C(=O)N[C@@H]1C(=O)N(C)[C@@H](CC(C)C)C(=O)N(C)[C@@H](CC(C)C)C(=O)N(C)[C@H](CC(C)C)C(=O)N(C)[C@@H](C)C(=O)N[C@@H](CC(C)C)C(=O)N2CCC[C@H]2C(=O)O[C@@H]1C,L1_3.3.3.4.3.1,6360,-5.53,10,7,Lariat,0.171297,0.107563,-21.457,12.173,10.379,1.794,0.231913,0.180722,11.66,9.955,1.705,43,77,train,train,train,train,train,train,train,test,train,train,,train,0.2349999999999998,0.3598684
6342,2021_Kelly,CC(=O)N1CCC[C@@H]1C(=O)N(C)[C@@H](CC(C)C)C(=O)N[C@@H]1C(=O)N[C@H](CC(C)C)C(=O)N[C@H](CC(C)C)C(=O)N(C)[C@H](CC(C)C)C(=O)N(C)[C@@H](C)C(=O)N[C@@H](CC(C)C)C(=O)N2CCC[C@H]2C(=O)O[C@@H]1C,L1_3.2.2.4.3.1,6342,-5.82,10,7,Lariat,0.183541,0.1314,-28.619,10.974,9.295,1.679,0.256322,0.194097,11.059,9.478,1.581,82,28,train,train,train,val,train,train,val,test,train,train,,train,0.0899999999999998,0.20034912
6326,2021_Kelly,CC(=O)N1CCC[C@@H]1C(=O)N(C)[C@@H](CC(C)C)C(=O)N[C@@H]1C(=O)N[C@@H](CC(C)C)C(=O)N[C@H](CC(C)C)C(=O)N(C)[C@H](CC(C)C)C(=O)N[C@@H](C)C(=O)N[C@@H](CC(C)C)C(=O)N2CCC[C@H]2C(=O)O[C@@H]1C,L1_3.1.2.4.1.1,6326,-6.85,10,7,Lariat,0.209263,0.134434,-24.0375,11.484,9.567,1.917,0.147644,0.0906591,11.301,9.578,1.723,49,45,train,train,train,train,test,train,train,test,train,test,,train,-0.4249999999999998,-0.4695199
6302,2021_Kelly,CC(=O)N1CCC[C@H]1C(=O)N(C)[C@@H](CC(C)C)C(=O)N[C@@H]1C(=O)N(C)[C@H](CC(C)C)C(=O)N[C@@H](CC(C)C)C(=O)N(C)[C@H](CC(C)C)C(=O)N(C)[C@H](C)C(=O)N[C@@H](CC(C)C)C(=O)N2CCC[C@@H]2C(=O)O[C@@H]1C,L1_2.4.1.4.4.1,6302,-5.59,10,7,Lariat,0.190946,0.12461,-24.3087,11.578,9.998,1.58,0.15522,0.103437,11.332,9.906,1.426,16,99,train,train,test,train,train,train,train,test,train,train,,train,0.205,0.22687125
6295,2021_Kelly,CC(=O)N1CCC[C@H]1C(=O)N(C)[C@@H](CC(C)C)C(=O)N[C@@H]1C(=O)N(C)[C@@H](CC(C)C)C(=O)N(C)[C@@H](CC(C)C)C(=O)N(C)[C@H](CC(C)C)C(=O)N(C)[C@H](C)C(=O)N[C@@H](CC(C)C)C(=O)N2CCC[C@@H]2C(=O)O[C@@H]1C,L1_2.3.3.4.4.1,6295,-5.5,10,7,Lariat,0.239927,0.153802,-30.2866,11.967,10.129,1.838,0.116053,0.0589266,10.705,9.394,1.311,100,99,train,train,train,train,train,test,train,test,train,val,,train,0.25,0.320802
6290,2021_Kelly,CC(=O)N1CCC[C@H]1C(=O)N(C)[C@@H](CC(C)C)C(=O)N[C@@H]1C(=O)N[C@H](CC(C)C)C(=O)N(C)[C@H](CC(C)C)C(=O)N[C@H](CC(C)C)C(=O)N(C)[C@H](C)C(=O)N[C@@H](CC(C)C)C(=O)N2CCC[C@@H]2C(=O)O[C@@H]1C,L1_2.2.4.2.4.1,6290,-5.29,10,7,Lariat,0.139352,0.069326,-22.5197,10.97,9.56,1.41,0.272375,0.198836,11.06,9.439,1.621,61,20,train,train,train,test,train,train,train,test,val,train,,train,0.355,0.4297961
6279,2021_Kelly,CC(=O)N1CCC[C@H]1C(=O)N(C)[C@@H](CC(C)C)C(=O)N[C@@H]1C(=O)N[C@H](CC(C)C)C(=O)N[C@@H](CC(C)C)C(=O)N(C)[C@H](CC(C)C)C(=O)N[C@H](C)C(=O)N[C@@H](CC(C)C)C(=O)N2CCC[C@@H]2C(=O)O[C@@H]1C,L1_2.2.1.4.2.1,6279,-5.34,10,7,Lariat,0.227064,0.133239,-41.9162,11.94,9.717,2.223,0.170273,0.100124,11.529,9.983,1.546,39,69,train,train,train,test,train,train,val,test,train,train,,train,0.33,0.27607217
6263,2021_Kelly,CC(=O)N1CCC[C@H]1C(=O)N(C)[C@@H](CC(C)C)C(=O)N[C@@H]1C(=O)N[C@@H](CC(C)C)C(=O)N(C)[C@@H](CC(C)C)C(=O)N[C@H](CC(C)C)C(=O)N(C)[C@@H](C)C(=O)N[C@@H](CC(C)C)C(=O)N2CCC[C@@H]2C(=O)O[C@@H]1C,L1_2.1.3.2.3.1,6263,-5.66,10,7,Lariat,0.178712,0.103212,-40.7821,12.344,10.383,1.961,0.153106,0.0963684,11.162,9.442,1.72,73,54,train,train,train,test,test,val,train,test,train,train,,train,0.1699999999999999,0.5224641
6258,2021_Kelly,CC(=O)N1CCC[C@H]1C(=O)N(C)[C@@H](CC(C)C)C(=O)N[C@@H]1C(=O)N[C@@H](CC(C)C)C(=O)N[C@@H](CC(C)C)C(=O)N[C@H](CC(C)C)C(=O)N[C@H](C)C(=O)N[C@@H](CC(C)C)C(=O)N2CCC[C@@H]2C(=O)O[C@@H]1C,L1_2.1.1.2.2.1,6258,-6.7,10,7,Lariat,0.14387,0.0857819,-31.5278,11.036,9.283,1.753,0.162281,0.0968668,10.466,8.953,1.513,96,42,train,train,train,val,train,train,train,test,test,train,,train,-0.3500000000000001,-0.38578758
6256,2021_Kelly,CC(=O)N1CCC[C@@H]1C(=O)N(C)[C@H](CC(C)C)C(=O)N[C@@H]1C(=O)N(C)[C@H](CC(C)C)C(=O)N(C)[C@H](CC(C)C)C(=O)N[C@@H](CC(C)C)C(=O)N(C)[C@@H](C)C(=O)N[C@H](CC(C)C)C(=O)N2CCC[C@@H]2C(=O)O[C@@H]1C,L1_16.4.4.1.3.2,6256,-4.98,10,7,Lariat,0.134978,0.0723483,-29.9345,11.622,10.119,1.503,0.132016,0.0813667,11.149,9.661,1.488,59,43,test,train,train,train,train,train,train,test,test,train,,test,0.5099999999999998,0.31346598
6243,2021_Kelly,CC(=O)N1CCC[C@@H]1C(=O)N(C)[C@H](CC(C)C)C(=O)N[C@@H]1C(=O)N(C)[C@@H](CC(C)C)C(=O)N(C)[C@H](CC(C)C)C(=O)N(C)[C@@H](CC(C)C)C(=O)N(C)[C@@H](C)C(=O)N[C@H](CC(C)C)C(=O)N2CCC[C@@H]2C(=O)O[C@@H]1C,L1_16.3.4.3.3.2,6243,-5.22,10,7,Lariat,0.266818,0.187634,-25.5613,12.017,10.324,1.693,0.170977,0.110303,11.945,10.36,1.585,84,67,val,train,train,val,train,train,train,test,train,train,,val,0.3900000000000001,0.30885798
6229,2021_Kelly,CC(=O)N1CCC[C@@H]1C(=O)N(C)[C@H](CC(C)C)C(=O)N[C@@H]1C(=O)N(C)[C@@H](CC(C)C)C(=O)N[C@@H](CC(C)C)C(=O)N[C@@H](CC(C)C)C(=O)N[C@H](C)C(=O)N[C@H](CC(C)C)C(=O)N2CCC[C@@H]2C(=O)O[C@@H]1C,L1_16.3.1.1.2.2,6229,-6.95,10,7,Lariat,0.228826,0.156913,-30.065,10.881,9.224,1.657,0.202303,0.135836,11.08,9.422,1.658,75,91,test,train,train,test,train,val,train,test,test,train,,test,-0.4750000000000001,-0.5178282
6223,2021_Kelly,CC(=O)N1CCC[C@@H]1C(=O)N(C)[C@H](CC(C)C)C(=O)N[C@@H]1C(=O)N[C@H](CC(C)C)C(=O)N(C)[C@H](CC(C)C)C(=O)N[C@H](CC(C)C)C(=O)N[C@H](C)C(=O)N[C@H](CC(C)C)C(=O)N2CCC[C@@H]2C(=O)O[C@@H]1C,L1_16.2.4.2.2.2,6223,-7.15,10,7,Lariat,0.188314,0.117349,-30.1856,11.48,9.721,1.759,0.134268,0.0728682,10.406,9.132,1.274,61,95,val,train,train,train,val,test,train,test,train,train,,val,-0.5750000000000002,-0.41830996
6219,2021_Kelly,CC(=O)N1CCC[C@@H]1C(=O)N(C)[C@H](CC(C)C)C(=O)N[C@@H]1C(=O)N[C@H](CC(C)C)C(=O)N[C@H](CC(C)C)C(=O)N(C)[C@H](CC(C)C)C(=O)N(C)[C@H](C)C(=O)N[C@H](CC(C)C)C(=O)N2CCC[C@@H]2C(=O)O[C@@H]1C,L1_16.2.2.4.4.2,6219,-6.08,10,7,Lariat,0.227243,0.151792,-20.998,11.31,9.789,1.521,0.143774,0.089989,11.137,9.786,1.351,38,68,train,train,train,train,train,train,train,test,train,test,,train,-0.04,-0.08257487
6213,2021_Kelly,CC(=O)N1CCC[C@@H]1C(=O)N(C)[C@H](CC(C)C)C(=O)N[C@@H]1C(=O)N[C@H](CC(C)C)C(=O)N[C@@H](CC(C)C)C(=O)N(C)[C@H](CC(C)C)C(=O)N[C@H](C)C(=O)N[C@H](CC(C)C)C(=O)N2CCC[C@@H]2C(=O)O[C@@H]1C,L1_16.2.1.4.2.2,6213,-6.1,10,7,Lariat,0.280123,0.194199,-29.7792,11.605,9.695,1.91,0.287034,0.208509,11.112,9.344,1.768,20,5,train,train,train,test,train,test,train,test,train,train,,train,-0.0499999999999998,-0.3516832
6212,2021_Kelly,CC(=O)N1CCC[C@@H]1C(=O)N(C)[C@H](CC(C)C)C(=O)N[C@@H]1C(=O)N[C@H](CC(C)C)C(=O)N[C@@H](CC(C)C)C(=O)N[C@H](CC(C)C)C(=O)N(C)[C@H](C)C(=O)N[C@H](CC(C)C)C(=O)N2CCC[C@@H]2C(=O)O[C@@H]1C,L1_16.2.1.2.4.2,6212,-6.13,10,7,Lariat,0.206956,0.143245,-30.4466,11.171,9.254,1.917,0.114574,0.0687561,10.353,8.927,1.426,32,8,train,train,train,train,train,train,train,test,train,train,,train,-0.0649999999999999,-0.2755376
6186,2021_Kelly,CC(=O)N1CCC[C@@H]1C(=O)N(C)[C@H](CC(C)C)C(=O)N[C@@H]1C(=O)N(C)[C@H](CC(C)C)C(=O)N[C@H](CC(C)C)C(=O)N[C@H](CC(C)C)C(=O)N[C@H](C)C(=O)N[C@H](CC(C)C)C(=O)N2CCC[C@H]2C(=O)O[C@@H]1C,L1_15.4.2.2.2.2,6186,-6.74,10,7,Lariat,0.180692,0.112719,-34.4528,11.4,9.401,1.999,0.113337,0.0625066,11.35,9.374,1.976,70,16,train,train,train,train,train,train,test,test,train,train,,train,-0.3700000000000001,-0.30886704
6179,2021_Kelly,CC(=O)N1CCC[C@@H]1C(=O)N(C)[C@H](CC(C)C)C(=O)N[C@@H]1C(=O)N(C)[C@@H](CC(C)C)C(=O)N(C)[C@H](CC(C)C)C(=O)N(C)[C@@H](CC(C)C)C(=O)N(C)[C@@H](C)C(=O)N[C@H](CC(C)C)C(=O)N2CCC[C@H]2C(=O)O[C@@H]1C,L1_15.3.4.3.3.2,6179,-5.19,10,7,Lariat,0.140779,0.0786538,-19.3295,11.617,10.003,1.614,0.133051,0.0868808,11.21,9.737,1.473,11,53,test,train,train,test,train,train,train,test,train,train,,test,0.4049999999999998,0.366462
6174,2021_Kelly,CC(=O)N1CCC[C@@H]1C(=O)N(C)[C@H](CC(C)C)C(=O)N[C@@H]1C(=O)N(C)[C@@H](CC(C)C)C(=O)N(C)[C@@H](CC(C)C)C(=O)N[C@H](CC(C)C)C(=O)N[C@H](C)C(=O)N[C@H](CC(C)C)C(=O)N2CCC[C@H]2C(=O)O[C@@H]1C,L1_15.3.3.2.2.2,6174,-6.47,10,7,Lariat,0.207899,0.127294,-41.5961,11.978,10.076,1.902,0.226569,0.156127,11.605,9.897,1.708,25,94,val,train,train,train,train,train,test,test,test,train,,val,-0.2349999999999998,0.2660663
6152,2021_Kelly,CC(=O)N1CCC[C@@H]1C(=O)N(C)[C@H](CC(C)C)C(=O)N[C@@H]1C(=O)N[C@H](CC(C)C)C(=O)N(C)[C@@H](CC(C)C)C(=O)N(C)[C@H](CC(C)C)C(=O)N(C)[C@@H](C)C(=O)N[C@H](CC(C)C)C(=O)N2CCC[C@H]2C(=O)O[C@@H]1C,L1_15.2.3.4.3.2,6152,-5.3,10,7,Lariat,0.180241,0.101143,-20.4618,11.275,9.602,1.673,0.102817,0.0561947,10.727,9.43,1.297,82,20,train,train,val,train,train,train,train,test,train,train,,train,0.3500000000000001,0.40424794
6146,2021_Kelly,CC(=O)N1CCC[C@@H]1C(=O)N(C)[C@H](CC(C)C)C(=O)N[C@@H]1C(=O)N[C@H](CC(C)C)C(=O)N(C)[C@@H](CC(C)C)C(=O)N[C@@H](CC(C)C)C(=O)N(C)[C@H](C)C(=O)N[C@H](CC(C)C)C(=O)N2CCC[C@H]2C(=O)O[C@@H]1C,L1_15.2.3.1.4.2,6146,-5.62,10,7,Lariat,0.194127,0.12494,-16.3345,11.159,9.812,1.347,0.188499,0.130637,11.121,9.888,1.233,68,40,train,train,val,train,train,train,train,test,train,test,,train,0.1899999999999999,0.04562458
6144,2021_Kelly,CC(=O)N1CCC[C@@H]1C(=O)N(C)[C@H](CC(C)C)C(=O)N[C@@H]1C(=O)N[C@H](CC(C)C)C(=O)N[C@H](CC(C)C)C(=O)N(C)[C@H](CC(C)C)C(=O)N(C)[C@H](C)C(=O)N[C@H](CC(C)C)C(=O)N2CCC[C@H]2C(=O)O[C@@H]1C,L1_15.2.2.4.4.2,6144,-6.79,10,7,Lariat,0.220733,0.147859,-24.8588,10.947,9.31,1.637,0.202406,0.147698,11.033,9.573,1.46,13,78,train,train,train,train,train,train,train,test,train,train,,train,-0.395,0.16910914
6137,2021_Kelly,CC(=O)N1CCC[C@@H]1C(=O)N(C)[C@H](CC(C)C)C(=O)N[C@@H]1C(=O)N[C@H](CC(C)C)C(=O)N[C@H](CC(C)C)C(=O)N[C@H](CC(C)C)C(=O)N(C)[C@H](C)C(=O)N[C@H](CC(C)C)C(=O)N2CCC[C@H]2C(=O)O[C@@H]1C,L1_15.2.2.2.4.2,6137,-6.39,10,7,Lariat,0.219226,0.136296,-35.0948,11.165,9.105,2.06,0.172172,0.111206,10.97,9.224,1.746,61,93,train,train,train,train,train,train,train,test,train,train,,train,-0.1949999999999998,-0.09075122
6133,2021_Kelly,CC(=O)N1CCC[C@@H]1C(=O)N(C)[C@H](CC(C)C)C(=O)N[C@@H]1C(=O)N[C@H](CC(C)C)C(=O)N[C@H](CC(C)C)C(=O)N[C@@H](CC(C)C)C(=O)N(C)[C@H](C)C(=O)N[C@H](CC(C)C)C(=O)N2CCC[C@H]2C(=O)O[C@@H]1C,L1_15.2.2.1.4.2,6133,-5.99,10,7,Lariat,0.298945,0.211265,-32.5218,11.67,9.807,1.863,0.209138,0.144461,10.731,9.309,1.422,28,65,train,test,train,val,train,train,train,test,test,test,,train,0.0049999999999998,-0.021402128
6131,2021_Kelly,CC(=O)N1CCC[C@@H]1C(=O)N(C)[C@H](CC(C)C)C(=O)N[C@@H]1C(=O)N[C@H](CC(C)C)C(=O)N[C@H](CC(C)C)C(=O)N[C@@H](CC(C)C)C(=O)N[C@@H](C)C(=O)N[C@H](CC(C)C)C(=O)N2CCC[C@H]2C(=O)O[C@@H]1C,L1_15.2.2.1.1.2,6131,-6.66,10,7,Lariat,0.136448,0.0795622,-30.4886,11.243,9.318,1.925,0.20688,0.127078,10.46,8.922,1.538,66,31,train,train,train,val,train,train,test,test,train,train,,train,-0.33,-0.40863
6124,2021_Kelly,CC(=O)N1CCC[C@@H]1C(=O)N(C)[C@H](CC(C)C)C(=O)N[C@@H]1C(=O)N[C@H](CC(C)C)C(=O)N[C@@H](CC(C)C)C(=O)N[C@H](CC(C)C)C(=O)N[C@@H](C)C(=O)N[C@H](CC(C)C)C(=O)N2CCC[C@H]2C(=O)O[C@@H]1C,L1_15.2.1.2.1.2,6124,-7.14,10,7,Lariat,0.166778,0.094193,-28.8019,10.662,9.065,1.597,0.147898,0.0905584,11.187,9.54,1.647,39,3,train,test,train,train,test,train,train,test,train,train,,train,-0.5699999999999998,-0.39150488
6113,2021_Kelly,CC(=O)N1CCC[C@@H]1C(=O)N(C)[C@H](CC(C)C)C(=O)N[C@@H]1C(=O)N[C@@H](CC(C)C)C(=O)N[C@H](CC(C)C)C(=O)N(C)[C@@H](CC(C)C)C(=O)N(C)[C@@H](C)C(=O)N[C@H](CC(C)C)C(=O)N2CCC[C@H]2C(=O)O[C@@H]1C,L1_15.1.2.3.3.2,6113,-5.6,10,7,Lariat,0.200659,0.123337,-23.7612,11.274,9.734,1.54,0.0937543,0.049505,10.576,9.287,1.289,76,92,val,train,train,train,train,train,train,test,val,train,,val,0.2000000000000001,0.06927842
6089,2021_Kelly,CC(=O)N1CCC[C@H]1C(=O)N(C)[C@H](CC(C)C)C(=O)N[C@@H]1C(=O)N(C)[C@H](CC(C)C)C(=O)N[C@H](CC(C)C)C(=O)N[C@H](CC(C)C)C(=O)N[C@H](C)C(=O)N[C@H](CC(C)C)C(=O)N2CCC[C@@H]2C(=O)O[C@@H]1C,L1_14.4.2.2.2.2,6089,-6.83,10,7,Lariat,0.17414,0.107303,-47.8542,11.303,9.354,1.949,0.114575,0.072163,10.897,9.015,1.882,36,83,train,train,train,train,train,train,train,test,val,train,,train,-0.415,-0.442801
6088,2021_Kelly,CC(=O)N1CCC[C@H]1C(=O)N(C)[C@H](CC(C)C)C(=O)N[C@@H]1C(=O)N(C)[C@@H](CC(C)C)C(=O)N(C)[C@H](CC(C)C)C(=O)N(C)[C@H](CC(C)C)C(=O)N(C)[C@H](C)C(=O)N[C@H](CC(C)C)C(=O)N2CCC[C@@H]2C(=O)O[C@@H]1C,L1_14.3.4.4.4.2,6088,-5.37,10,7,Lariat,0.161922,0.101355,-24.9243,11.658,9.873,1.785,0.11791,0.0655761,11.559,9.832,1.727,72,16,train,train,train,train,train,test,train,test,val,train,,train,0.3149999999999999,0.3564462
6058,2021_Kelly,CC(=O)N1CCC[C@H]1C(=O)N(C)[C@H](CC(C)C)C(=O)N[C@@H]1C(=O)N[C@H](CC(C)C)C(=O)N[C@@H](CC(C)C)C(=O)N(C)[C@H](CC(C)C)C(=O)N[C@@H](C)C(=O)N[C@H](CC(C)C)C(=O)N2CCC[C@@H]2C(=O)O[C@@H]1C,L1_14.2.1.4.1.2,6058,-5.93,10,7,Lariat,0.228935,0.158051,-35.148,11.506,9.446,2.06,0.173949,0.110802,11.61,9.675,1.935,30,63,test,train,train,train,train,train,train,test,train,val,,test,0.0350000000000001,-0.034757003
6041,2021_Kelly,CC(=O)N1CCC[C@H]1C(=O)N(C)[C@H](CC(C)C)C(=O)N[C@@H]1C(=O)N[C@@H](CC(C)C)C(=O)N[C@@H](CC(C)C)C(=O)N(C)[C@@H](CC(C)C)C(=O)N(C)[C@@H](C)C(=O)N[C@H](CC(C)C)C(=O)N2CCC[C@@H]2C(=O)O[C@@H]1C,L1_14.1.1.3.3.2,6041,-6.36,10,7,Lariat,0.209279,0.134976,-28.1421,10.953,9.185,1.768,0.210111,0.140463,10.896,9.266,1.63,55,78,val,train,test,train,train,train,train,test,train,val,,val,-0.1800000000000001,-0.084703796
6037,2021_Kelly,CC(=O)N1CCC[C@H]1C(=O)N(C)[C@H](CC(C)C)C(=O)N[C@@H]1C(=O)N[C@@H](CC(C)C)C(=O)N[C@@H](CC(C)C)C(=O)N[C@@H](CC(C)C)C(=O)N[C@@H](C)C(=O)N[C@H](CC(C)C)C(=O)N2CCC[C@@H]2C(=O)O[C@@H]1C,L1_14.1.1.1.1.2,6037,-7.68,10,7,Lariat,0.211649,0.132945,-30.7112,11.186,9.275,1.911,0.150339,0.0844242,11.265,9.396,1.869,10,99,test,test,test,train,train,train,train,test,train,train,,test,-0.8399999999999999,-0.65523964
6027,2021_Kelly,CC(=O)N1CCC[C@H]1C(=O)N(C)[C@H](CC(C)C)C(=O)N[C@@H]1C(=O)N(C)[C@H](CC(C)C)C(=O)N[C@H](CC(C)C)C(=O)N(C)[C@@H](CC(C)C)C(=O)N(C)[C@@H](C)C(=O)N[C@H](CC(C)C)C(=O)N2CCC[C@H]2C(=O)O[C@@H]1C,L1_13.4.2.3.3.2,6027,-5.6,10,7,Lariat,0.22871,0.147854,-23.9818,11.349,9.653,1.696,0.100817,0.0518464,10.817,9.354,1.463,49,30,train,val,train,train,val,test,train,test,test,train,,train,0.2000000000000001,0.35443872
6019,2021_Kelly,CC(=O)N1CCC[C@H]1C(=O)N(C)[C@H](CC(C)C)C(=O)N[C@@H]1C(=O)N(C)[C@@H](CC(C)C)C(=O)N(C)[C@@H](CC(C)C)C(=O)N[C@@H](CC(C)C)C(=O)N[C@@H](C)C(=O)N[C@H](CC(C)C)C(=O)N2CCC[C@H]2C(=O)O[C@@H]1C,L1_13.3.3.1.1.2,6019,-6.72,10,7,Lariat,0.177493,0.113661,-30.0611,11.796,9.929,1.867,0.181227,0.129569,11.243,9.592,1.651,88,76,test,train,train,train,train,test,train,test,train,val,,test,-0.3599999999999999,-0.10950073
6009,2021_Kelly,CC(=O)N1CCC[C@H]1C(=O)N(C)[C@H](CC(C)C)C(=O)N[C@@H]1C(=O)N[C@H](CC(C)C)C(=O)N(C)[C@H](CC(C)C)C(=O)N[C@@H](CC(C)C)C(=O)N[C@@H](C)C(=O)N[C@H](CC(C)C)C(=O)N2CCC[C@H]2C(=O)O[C@@H]1C,L1_13.2.4.1.1.2,6009,-5.9,10,7,Lariat,0.14006,0.0833958,-27.5728,11.286,10.023,1.263,0.130112,0.0871917,11.035,9.882,1.153,45,50,test,test,train,train,val,train,val,test,train,train,,test,0.0499999999999998,0.06661013
6002,2021_Kelly,CC(=O)N1CCC[C@H]1C(=O)N(C)[C@H](CC(C)C)C(=O)N[C@@H]1C(=O)N[C@H](CC(C)C)C(=O)N[C@H](CC(C)C)C(=O)N(C)[C@H](CC(C)C)C(=O)N[C@@H](C)C(=O)N[C@H](CC(C)C)C(=O)N2CCC[C@H]2C(=O)O[C@@H]1C,L1_13.2.2.4.1.2,6002,-5.69,10,7,Lariat,0.170633,0.0998292,-37.4465,11.868,9.93,1.938,0.161905,0.104402,10.739,9.172,1.567,52,68,train,train,train,train,train,train,train,test,train,train,,train,0.1549999999999998,0.029470723
6001,2021_Kelly,CC(=O)N1CCC[C@H]1C(=O)N(C)[C@H](CC(C)C)C(=O)N[C@@H]1C(=O)N[C@H](CC(C)C)C(=O)N[C@H](CC(C)C)C(=O)N(C)[C@@H](CC(C)C)C(=O)N(C)[C@@H](C)C(=O)N[C@H](CC(C)C)C(=O)N2CCC[C@H]2C(=O)O[C@@H]1C,L1_13.2.2.3.3.2,6001,-5.86,10,7,Lariat,0.180888,0.106927,-23.0387,10.801,9.222,1.579,0.202579,0.139288,11.052,9.523,1.529,42,63,train,train,train,val,train,train,train,test,test,train,,train,0.0699999999999998,0.33159107
5999,2021_Kelly,CC(=O)N1CCC[C@H]1C(=O)N(C)[C@H](CC(C)C)C(=O)N[C@@H]1C(=O)N[C@H](CC(C)C)C(=O)N[C@H](CC(C)C)C(=O)N[C@H](CC(C)C)C(=O)N[C@@H](C)C(=O)N[C@H](CC(C)C)C(=O)N2CCC[C@H]2C(=O)O[C@@H]1C,L1_13.2.2.2.1.2,5999,-6.38,10,7,Lariat,0.184511,0.108261,-36.9007,11.05,9.315,1.735,0.155642,0.0919204,10.463,8.827,1.636,43,51,train,train,train,train,train,train,train,test,val,train,,train,-0.1899999999999999,-0.3575719
5987,2021_Kelly,CC(=O)N1CCC[C@H]1C(=O)N(C)[C@H](CC(C)C)C(=O)N[C@@H]1C(=O)N[C@@H](CC(C)C)C(=O)N(C)[C@@H](CC(C)C)C(=O)N[C@@H](CC(C)C)C(=O)N(C)[C@H](C)C(=O)N[C@H](CC(C)C)C(=O)N2CCC[C@H]2C(=O)O[C@@H]1C,L1_13.1.3.1.4.2,5987,-5.77,10,7,Lariat,0.199825,0.109886,-27.9421,11.514,9.844,1.67,0.144962,0.0868397,11.507,9.979,1.528,16,20,train,train,train,train,train,test,train,test,val,train,,train,0.1150000000000002,0.05315096
5985,2021_Kelly,CC(=O)N1CCC[C@H]1C(=O)N(C)[C@H](CC(C)C)C(=O)N[C@@H]1C(=O)N[C@@H](CC(C)C)C(=O)N[C@H](CC(C)C)C(=O)N(C)[C@@H](CC(C)C)C(=O)N(C)[C@@H](C)C(=O)N[C@H](CC(C)C)C(=O)N2CCC[C@H]2C(=O)O[C@@H]1C,L1_13.1.2.3.3.2,5985,-6.0,10,7,Lariat,0.19924,0.128376,-31.7284,12.106,10.079,2.027,0.246855,0.173115,11.46,9.795,1.665,50,54,val,val,test,train,train,test,test,test,val,val,,val,0.0,0.10071245
5963,2021_Kelly,CC(=O)N1CCC[C@@H]1C(=O)N(C)[C@@H](CC(C)C)C(=O)N[C@@H]1C(=O)N(C)[C@H](CC(C)C)C(=O)N[C@@H](CC(C)C)C(=O)N(C)[C@@H](CC(C)C)C(=O)N(C)[C@@H](C)C(=O)N[C@H](CC(C)C)C(=O)N2CCC[C@@H]2C(=O)O[C@@H]1C,L1_12.4.1.3.3.2,5963,-5.66,10,7,Lariat,0.19901,0.131585,-30.0553,11.791,9.913,1.878,0.196733,0.128273,11.933,10.111,1.822,66,44,val,train,train,val,train,train,train,test,train,train,,val,0.1699999999999999,0.2672326
5954,2021_Kelly,CC(=O)N1CCC[C@@H]1C(=O)N(C)[C@@H](CC(C)C)C(=O)N[C@@H]1C(=O)N(C)[C@@H](CC(C)C)C(=O)N[C@@H](CC(C)C)C(=O)N(C)[C@@H](CC(C)C)C(=O)N(C)[C@H](C)C(=O)N[C@H](CC(C)C)C(=O)N2CCC[C@@H]2C(=O)O[C@@H]1C,L1_12.3.1.3.4.2,5954,-5.33,10,7,Lariat,0.240033,0.176609,-30.4311,11.87,9.844,2.026,0.238145,0.182496,11.29,9.547,1.743,41,93,train,test,train,test,train,train,train,test,train,train,,train,0.3349999999999999,0.31818938
5922,2021_Kelly,CC(=O)N1CCC[C@@H]1C(=O)N(C)[C@@H](CC(C)C)C(=O)N[C@@H]1C(=O)N(C)[C@H](CC(C)C)C(=O)N(C)[C@@H](CC(C)C)C(=O)N(C)[C@H](CC(C)C)C(=O)N(C)[C@@H](C)C(=O)N[C@H](CC(C)C)C(=O)N2CCC[C@H]2C(=O)O[C@@H]1C,L1_11.4.3.4.3.2,5922,-5.35,10,7,Lariat,0.220381,0.141286,-26.7403,12.293,10.569,1.724,0.236241,0.157601,11.71,10.237,1.473,91,46,train,train,train,test,test,train,train,test,val,train,,train,0.3250000000000002,0.40057522
5900,2021_Kelly,CC(=O)N1CCC[C@@H]1C(=O)N(C)[C@@H](CC(C)C)C(=O)N[C@@H]1C(=O)N(C)[C@@H](CC(C)C)C(=O)N[C@@H](CC(C)C)C(=O)N(C)[C@@H](CC(C)C)C(=O)N(C)[C@H](C)C(=O)N[C@H](CC(C)C)C(=O)N2CCC[C@H]2C(=O)O[C@@H]1C,L1_11.3.1.3.4.2,5900,-6.15,10,7,Lariat,0.168319,0.0965262,-23.7551,11.765,9.945,1.82,0.139784,0.0802473,11.43,9.736,1.694,41,36,train,train,train,train,train,train,train,test,train,val,,train,-0.0750000000000001,0.100391224
5879,2021_Kelly,CC(=O)N1CCC[C@@H]1C(=O)N(C)[C@@H](CC(C)C)C(=O)N[C@@H]1C(=O)N[C@H](CC(C)C)C(=O)N(C)[C@@H](CC(C)C)C(=O)N[C@@H](CC(C)C)C(=O)N[C@@H](C)C(=O)N[C@H](CC(C)C)C(=O)N2CCC[C@H]2C(=O)O[C@@H]1C,L1_11.2.3.1.1.2,5879,-6.12,10,7,Lariat,0.168279,0.0985931,-34.6834,11.261,9.479,1.782,0.162449,0.107842,11.301,9.827,1.474,3,4,train,train,train,train,train,train,val,test,train,train,,train,-0.06,-0.08724647
5845,2021_Kelly,CC(=O)N1CCC[C@@H]1C(=O)N(C)[C@@H](CC(C)C)C(=O)N[C@@H]1C(=O)N[C@@H](CC(C)C)C(=O)N[C@@H](CC(C)C)C(=O)N[C@@H](CC(C)C)C(=O)N(C)[C@@H](C)C(=O)N[C@H](CC(C)C)C(=O)N2CCC[C@H]2C(=O)O[C@@H]1C,L1_11.1.1.1.3.2,5845,-6.43,10,7,Lariat,0.167548,0.10372,-40.6687,11.589,9.774,1.815,0.0993158,0.0433424,10.055,8.856,1.199,55,32,train,train,train,train,train,train,train,test,train,train,,train,-0.2149999999999998,-0.23596573
5844,2021_Kelly,CC(=O)N1CCC[C@@H]1C(=O)N(C)[C@@H](CC(C)C)C(=O)N[C@@H]1C(=O)N[C@@H](CC(C)C)C(=O)N[C@@H](CC(C)C)C(=O)N[C@@H](CC(C)C)C(=O)N[C@@H](C)C(=O)N[C@H](CC(C)C)C(=O)N2CCC[C@H]2C(=O)O[C@@H]1C,L1_11.1.1.1.1.2,5844,-6.86,10,7,Lariat,0.250032,0.17411,-31.8614,11.225,9.265,1.96,0.115973,0.0689673,11.009,9.369,1.64,38,81,train,val,val,train,train,train,train,test,train,train,,train,-0.4300000000000001,-0.5703018
5841,2021_Kelly,CC(=O)N1CCC[C@H]1C(=O)N(C)[C@@H](CC(C)C)C(=O)N[C@@H]1C(=O)N(C)[C@H](CC(C)C)C(=O)N(C)[C@H](CC(C)C)C(=O)N[C@H](CC(C)C)C(=O)N(C)[C@@H](C)C(=O)N[C@H](CC(C)C)C(=O)N2CCC[C@@H]2C(=O)O[C@@H]1C,L1_10.4.4.2.3.2,5841,-5.84,10,7,Lariat,0.142383,0.0764978,-22.6995,10.916,9.006,1.91,0.197074,0.135305,10.852,9.263,1.589,4,34,train,val,train,train,train,train,train,test,train,train,,train,0.08,-0.23935217
5834,2021_Kelly,CC(=O)N1CCC[C@H]1C(=O)N(C)[C@@H](CC(C)C)C(=O)N[C@@H]1C(=O)N(C)[C@H](CC(C)C)C(=O)N[C@H](CC(C)C)C(=O)N(C)[C@H](CC(C)C)C(=O)N(C)[C@H](C)C(=O)N[C@H](CC(C)C)C(=O)N2CCC[C@@H]2C(=O)O[C@@H]1C,L1_10.4.2.4.4.2,5834,-6.04,10,7,Lariat,0.179506,0.10418,-16.637,10.82,9.328,1.492,0.124146,0.0692808,10.638,9.298,1.34,42,48,train,val,train,train,train,train,train,test,train,train,,train,-0.02,-0.16158554
5824,2021_Kelly,CC(=O)N1CCC[C@H]1C(=O)N(C)[C@@H](CC(C)C)C(=O)N[C@@H]1C(=O)N(C)[C@H](CC(C)C)C(=O)N[C@@H](CC(C)C)C(=O)N[C@@H](CC(C)C)C(=O)N(C)[C@@H](C)C(=O)N[C@H](CC(C)C)C(=O)N2CCC[C@@H]2C(=O)O[C@@H]1C,L1_10.4.1.1.3.2,5824,-6.11,10,7,Lariat,0.163056,0.0971075,-25.3501,11.105,9.499,1.606,0.184899,0.129373,11.123,9.433,1.69,63,36,train,train,train,val,train,train,train,test,val,train,,train,-0.0550000000000001,-0.33216068
5820,2021_Kelly,CC(=O)N1CCC[C@H]1C(=O)N(C)[C@@H](CC(C)C)C(=O)N[C@@H]1C(=O)N(C)[C@@H](CC(C)C)C(=O)N(C)[C@H](CC(C)C)C(=O)N(C)[C@@H](CC(C)C)C(=O)N[C@@H](C)C(=O)N[C@H](CC(C)C)C(=O)N2CCC[C@@H]2C(=O)O[C@@H]1C,L1_10.3.4.3.1.2,5820,-5.34,10,7,Lariat,0.186613,0.105004,-19.5355,11.012,9.349,1.663,0.101069,0.0594,10.24,8.732,1.508,94,79,val,train,train,train,val,train,train,test,train,test,,val,0.33,0.0052282102
5819,2021_Kelly,CC(=O)N1CCC[C@H]1C(=O)N(C)[C@@H](CC(C)C)C(=O)N[C@@H]1C(=O)N(C)[C@@H](CC(C)C)C(=O)N(C)[C@H](CC(C)C)C(=O)N[C@H](CC(C)C)C(=O)N(C)[C@H](C)C(=O)N[C@H](CC(C)C)C(=O)N2CCC[C@@H]2C(=O)O[C@@H]1C,L1_10.3.4.2.4.2,5819,-6.54,10,7,Lariat,0.143893,0.0793287,-26.293,11.072,9.46,1.612,0.139167,0.090571,11.442,9.75,1.692,12,60,train,train,train,train,train,val,train,test,val,train,,train,-0.27,-0.082307406
5811,2021_Kelly,CC(=O)N1CCC[C@H]1C(=O)N(C)[C@@H](CC(C)C)C(=O)N[C@@H]1C(=O)N(C)[C@@H](CC(C)C)C(=O)N(C)[C@@H](CC(C)C)C(=O)N[C@@H](CC(C)C)C(=O)N(C)[C@H](C)C(=O)N[C@H](CC(C)C)C(=O)N2CCC[C@@H]2C(=O)O[C@@H]1C,L1_10.3.3.1.4.2,5811,-5.89,10,7,Lariat,0.162504,0.0985205,-19.5504,11.63,9.858,1.772,0.116506,0.0741237,11.389,9.656,1.733,3,4,train,test,val,train,train,test,train,test,train,train,,train,0.0550000000000001,0.2372899
5808,2021_Kelly,CC(=O)N1CCC[C@H]1C(=O)N(C)[C@@H](CC(C)C)C(=O)N[C@@H]1C(=O)N(C)[C@@H](CC(C)C)C(=O)N[C@H](CC(C)C)C(=O)N(C)[C@@H](CC(C)C)C(=O)N(C)[C@H](C)C(=O)N[C@H](CC(C)C)C(=O)N2CCC[C@@H]2C(=O)O[C@@H]1C,L1_10.3.2.3.4.2,5808,-5.4,10,7,Lariat,0.246626,0.174029,-25.4044,11.46,9.689,1.771,0.124594,0.0620238,10.806,9.515,1.291,42,13,train,train,train,train,train,train,train,test,train,val,,train,0.2999999999999998,-0.0070489123
5801,2021_Kelly,CC(=O)N1CCC[C@H]1C(=O)N(C)[C@@H](CC(C)C)C(=O)N[C@@H]1C(=O)N(C)[C@@H](CC(C)C)C(=O)N[C@@H](CC(C)C)C(=O)N[C@@H](CC(C)C)C(=O)N[C@@H](C)C(=O)N[C@H](CC(C)C)C(=O)N2CCC[C@@H]2C(=O)O[C@@H]1C,L1_10.3.1.1.1.2,5801,-9.0,10,7,Lariat,0.198262,0.121386,-37.4934,11.709,9.708,2.001,0.141394,0.0834626,11.26,9.393,1.867,34,37,train,train,train,train,train,train,train,test,train,train,,train,-1.0,-1.0195342
5790,2021_Kelly,CC(=O)N1CCC[C@H]1C(=O)N(C)[C@@H](CC(C)C)C(=O)N[C@@H]1C(=O)N[C@H](CC(C)C)C(=O)N[C@H](CC(C)C)C(=O)N(C)[C@H](CC(C)C)C(=O)N[C@H](C)C(=O)N[C@H](CC(C)C)C(=O)N2CCC[C@@H]2C(=O)O[C@@H]1C,L1_10.2.2.4.2.2,5790,-6.85,10,7,Lariat,0.185007,0.108404,-38.9069,11.524,9.436,2.088,0.143818,0.0835708,11.46,9.577,1.883,95,3,test,train,train,train,val,train,train,test,train,train,,test,-0.4249999999999998,-0.37242335
5783,2021_Kelly,CC(=O)N1CCC[C@H]1C(=O)N(C)[C@@H](CC(C)C)C(=O)N[C@@H]1C(=O)N[C@H](CC(C)C)C(=O)N[C@@H](CC(C)C)C(=O)N(C)[C@H](CC(C)C)C(=O)N(C)[C@@H](C)C(=O)N[C@H](CC(C)C)C(=O)N2CCC[C@@H]2C(=O)O[C@@H]1C,L1_10.2.1.4.3.2,5783,-5.4,10,7,Lariat,0.118384,0.0652399,-19.4906,10.619,9.161,1.458,0.109115,0.0614512,10.786,9.393,1.393,9,72,train,test,train,train,train,train,val,test,test,train,,train,0.2999999999999998,0.17984281
5782,2021_Kelly,CC(=O)N1CCC[C@H]1C(=O)N(C)[C@@H](CC(C)C)C(=O)N[C@@H]1C(=O)N[C@H](CC(C)C)C(=O)N[C@@H](CC(C)C)C(=O)N(C)[C@H](CC(C)C)C(=O)N[C@H](C)C(=O)N[C@H](CC(C)C)C(=O)N2CCC[C@@H]2C(=O)O[C@@H]1C,L1_10.2.1.4.2.2,5782,-6.41,10,7,Lariat,0.268775,0.170619,-36.6197,11.169,9.383,1.786,0.166513,0.108503,11.349,9.823,1.526,55,22,train,train,val,val,train,train,train,test,train,val,,train,-0.205,-0.1485906
5780,2021_Kelly,CC(=O)N1CCC[C@H]1C(=O)N(C)[C@@H](CC(C)C)C(=O)N[C@@H]1C(=O)N[C@H](CC(C)C)C(=O)N[C@@H](CC(C)C)C(=O)N[C@H](CC(C)C)C(=O)N(C)[C@H](C)C(=O)N[C@H](CC(C)C)C(=O)N2CCC[C@@H]2C(=O)O[C@@H]1C,L1_10.2.1.2.4.2,5780,-7.16,10,7,Lariat,0.137377,0.077802,-34.9044,11.206,9.252,1.954,0.141635,0.0863627,11.387,9.411,1.976,72,92,train,train,train,test,train,train,train,test,train,train,,train,-0.5800000000000001,-0.10684844
5771,2021_Kelly,CC(=O)N1CCC[C@H]1C(=O)N(C)[C@@H](CC(C)C)C(=O)N[C@@H]1C(=O)N[C@@H](CC(C)C)C(=O)N[C@H](CC(C)C)C(=O)N[C@H](CC(C)C)C(=O)N[C@H](C)C(=O)N[C@H](CC(C)C)C(=O)N2CCC[C@@H]2C(=O)O[C@@H]1C,L1_10.1.2.2.2.2,5771,-7.2,10,7,Lariat,0.102138,0.0541259,-14.7968,9.671,8.079,1.592,0.105653,0.0585341,9.757,8.339,1.418,25,94,test,train,val,train,train,train,train,test,test,train,,test,-0.6000000000000001,-0.85340565
5763,2021_Kelly,CC(=O)N1CCC[C@H]1C(=O)N(C)[C@@H](CC(C)C)C(=O)N[C@@H]1C(=O)N(C)[C@H](CC(C)C)C(=O)N(C)[C@H](CC(C)C)C(=O)N(C)[C@H](CC(C)C)C(=O)N(C)[C@H](C)C(=O)N[C@@H](CC(C)C)C(=O)N2CCC[C@H]2C(=O)O[C@@H]1C,L1_1.4.4.4.4.1,5763,-5.19,10,7,Lariat,0.100803,0.0434641,-12.0388,10.41,9.094,1.316,0.0881686,0.0442364,10.291,9.044,1.247,65,54,train,train,train,train,test,train,val,test,val,train,,train,0.4049999999999998,0.5536055
5747,2021_Kelly,CC(=O)N1CCC[C@H]1C(=O)N(C)[C@@H](CC(C)C)C(=O)N[C@@H]1C(=O)N(C)[C@H](CC(C)C)C(=O)N[C@H](CC(C)C)C(=O)N[C@@H](CC(C)C)C(=O)N(C)[C@@H](C)C(=O)N[C@@H](CC(C)C)C(=O)N2CCC[C@H]2C(=O)O[C@@H]1C,L1_1.4.2.1.3.1,5747,-6.45,10,7,Lariat,0.136448,0.0736696,-24.937,11.137,9.414,1.723,0.121217,0.0805862,11.045,9.408,1.637,68,61,train,train,train,test,train,train,val,test,train,val,,train,-0.2250000000000001,-0.27419603
5738,2021_Kelly,CC(=O)N1CCC[C@H]1C(=O)N(C)[C@@H](CC(C)C)C(=O)N[C@@H]1C(=O)N(C)[C@@H](CC(C)C)C(=O)N(C)[C@@H](CC(C)C)C(=O)N(C)[C@H](CC(C)C)C(=O)N(C)[C@@H](C)C(=O)N[C@@H](CC(C)C)C(=O)N2CCC[C@H]2C(=O)O[C@@H]1C,L1_1.3.3.4.3.1,5738,-5.29,10,7,Lariat,0.175362,0.105783,-24.7854,11.508,9.536,1.972,0.328064,0.262939,11.084,9.586,1.498,31,22,train,train,train,test,train,train,train,test,val,train,,train,0.355,0.34791845
5734,2021_Kelly,CC(=O)N1CCC[C@H]1C(=O)N(C)[C@@H](CC(C)C)C(=O)N[C@@H]1C(=O)N(C)[C@@H](CC(C)C)C(=O)N[C@H](CC(C)C)C(=O)N(C)[C@H](CC(C)C)C(=O)N[C@@H](C)C(=O)N[C@@H](CC(C)C)C(=O)N2CCC[C@H]2C(=O)O[C@@H]1C,L1_1.3.2.4.1.1,5734,-6.23,10,7,Lariat,0.189167,0.117855,-38.9267,12.2,10.073,2.127,0.206593,0.142536,11.622,9.821,1.801,27,99,train,test,train,val,val,train,train,test,train,val,,train,-0.1150000000000002,-0.47968322
5725,2021_Kelly,CC(=O)N1CCC[C@H]1C(=O)N(C)[C@@H](CC(C)C)C(=O)N[C@@H]1C(=O)N(C)[C@@H](CC(C)C)C(=O)N[C@@H](CC(C)C)C(=O)N[C@H](CC(C)C)C(=O)N(C)[C@@H](C)C(=O)N[C@@H](CC(C)C)C(=O)N2CCC[C@H]2C(=O)O[C@@H]1C,L1_1.3.1.2.3.1,5725,-5.25,10,7,Lariat,0.229847,0.150216,-35.002,11.594,9.393,2.201,0.185929,0.124961,11.805,9.917,1.888,34,23,train,val,train,test,test,train,train,test,train,train,,train,0.375,0.32561696
5712,2021_Kelly,CC(=O)N1CCC[C@H]1C(=O)N(C)[C@@H](CC(C)C)C(=O)N[C@@H]1C(=O)N[C@H](CC(C)C)C(=O)N(C)[C@@H](CC(C)C)C(=O)N[C@@H](CC(C)C)C(=O)N(C)[C@@H](C)C(=O)N[C@@H](CC(C)C)C(=O)N2CCC[C@H]2C(=O)O[C@@H]1C,L1_1.2.3.1.3.1,5712,-5.96,10,7,Lariat,0.155328,0.100608,-26.196,11.202,9.608,1.594,0.147475,0.098388,11.836,9.965,1.871,29,75,train,test,train,train,train,train,train,test,train,test,,train,0.02,0.06519912
5705,2021_Kelly,CC(=O)N1CCC[C@H]1C(=O)N(C)[C@@H](CC(C)C)C(=O)N[C@@H]1C(=O)N[C@H](CC(C)C)C(=O)N[C@H](CC(C)C)C(=O)N(C)[C@@H](CC(C)C)C(=O)N[C@@H](C)C(=O)N[C@@H](CC(C)C)C(=O)N2CCC[C@H]2C(=O)O[C@@H]1C,L1_1.2.2.3.1.1,5705,-6.09,10,7,Lariat,0.236407,0.157354,-27.3529,11.294,9.37,1.924,0.156266,0.1043,11.44,9.651,1.789,43,2,train,train,train,train,val,train,train,test,train,train,,train,-0.0449999999999999,0.1089372
5591,2020_Townsend,CC(C)C[C@H]1C(=O)N2CCC[C@@H]2C(=O)N(C)[C@H](CC(C)C)C(=O)N[C@@H](Cc2ccccc2)C(=O)N2CCC[C@H]2C(=O)N(C)[C@@H](C)C(=O)N(Cc2ccccc2)CC(=O)N1C,hepta_2014,5591,-10.0,7,7,Circle,0.150226,0.0420687,-33.6632,9.176,8.028,1.148,0.130434,0.0413209,9.238,8.179,1.059,26,25,train,train,train,val,test,train,train,test,train,train,,train,-1.0,0.24706972
5576,2020_Townsend,CC(C)C[C@H]1C(=O)N2CCC[C@@H]2C(=O)N[C@H](CC(C)C)C(=O)N[C@@H](Cc2ccccc2)C(=O)N2CCC[C@H]2C(=O)N(C)[C@@H](C)C(=O)N(Cc2ccccc2)CC(=O)N1C,hepta_1999,5576,-10.0,7,7,Circle,0.164124,0.0388506,-35.0756,9.253,8.071,1.182,0.130986,0.0449244,9.152,8.012,1.14,57,51,train,test,val,val,val,test,test,test,train,test,,train,-1.0,-0.37471265
5564,2020_Townsend,CC(C)C[C@@H]1NC(=O)[C@@H](CC(C)C)NC(=O)[C@H](C)N(C)C(=O)[C@@H]2CCCN2C(=O)[C@H](Cc2ccccc2)NC(=O)CN(Cc2ccccc2)C(=O)[C@H]2CCCN2C1=O,hepta_1987,5564,-10.0,7,7,Circle,0.265589,0.127621,-35.5978,9.181,7.965,1.216,0.209052,0.0951669,8.894,7.784,1.11,39,4,train,train,train,train,train,train,train,test,test,train,,train,-1.0,-0.21948329
5551,2020_Townsend,CC(C)C[C@@H]1NC(=O)[C@H](C)N(C)C(=O)[C@@H]2CCCN2C(=O)[C@H](Cc2ccccc2)NC(=O)[C@H](CC(C)C)N(C)C(=O)[C@H]2CCCN2C(=O)[C@@H](CC(C)C)NC1=O,hepta_1974,5551,-5.47,7,7,Circle,0.140185,0.0495947,-23.7782,8.926,7.561,1.365,0.118614,0.0455628,8.798,7.567,1.231,52,21,train,train,train,train,train,train,val,test,test,train,,train,0.2650000000000001,0.108268835
5517,2020_Townsend,C[C@@H]1NC(=O)[C@@H]2CCCN2C(=O)[C@H](Cc2ccccc2)NC(=O)CN(Cc2ccccc2)C(=O)[C@@H]2CCCN2C(=O)C[C@H](Cc2ccccc2)NC(=O)CN(Cc2ccccc2)C1=O,hepta_1940,5517,-6.41,7,7,Circle,0.15328,0.0458808,-35.0385,9.012,7.708,1.304,0.153807,0.0387925,8.97,7.66,1.31,88,21,train,val,test,val,train,train,train,test,train,train,,train,-0.205,-0.14825222
5512,2020_Townsend,CC(C)C[C@H]1C(=O)N[C@@H](Cc2ccccc2)CC(=O)N2CCC[C@H]2C(=O)N(C)[C@@H](CC(C)C)C(=O)N[C@@H](Cc2ccccc2)C(=O)N2CCC[C@H]2C(=O)N[C@@H](C)C(=O)N1C,hepta_1935,5512,-5.78,7,7,Circle,0.137119,0.0486284,-27.5748,9.24,7.89,1.35,0.15216,0.0738765,9.363,8.094,1.269,63,69,train,train,test,train,val,train,train,test,val,train,,train,0.1099999999999998,0.26322547
5486,2020_Townsend,CC(C)C[C@@H]1NC(=O)[C@H](C)NC(=O)[C@@H]2CCCN2C(=O)[C@H](Cc2ccccc2)NC(=O)[C@@H](CC(C)C)N(C)C(=O)[C@@H]2CCCN2C(=O)CN(Cc2ccccc2)C1=O,hepta_1909,5486,-5.94,7,7,Circle,0.164211,0.0526978,-27.7976,9.013,7.928,1.085,0.111341,0.0357134,9.107,7.969,1.138,7,61,test,train,train,train,train,train,train,test,train,val,,test,0.0299999999999998,0.05321612
5481,2020_Townsend,CC(C)C[C@H]1C(=O)N(C)[C@H](CC(C)C)C(=O)N2CCC[C@H]2C(=O)N(C)[C@@H](CC(C)C)C(=O)N[C@@H](Cc2ccccc2)C(=O)N2CCC[C@H]2C(=O)N[C@@H](C)C(=O)N1C,hepta_1904,5481,-5.02,7,7,Circle,0.135768,0.0595324,-24.6796,9.18,7.981,1.199,0.146578,0.051329,9.233,8.029,1.204,76,68,test,train,train,train,train,train,train,test,train,train,,test,0.4900000000000002,0.27330798
5480,2020_Townsend,CC(C)C[C@H]1NC(=O)[C@@H]2CCCN2C(=O)CN(Cc2ccccc2)C(=O)[C@@H](CC(C)C)N(C)C(=O)[C@H](C)NC(=O)[C@@H]2CCCN2C(=O)[C@H](Cc2ccccc2)NC1=O,hepta_1903,5480,-5.9,7,7,Circle,0.136325,0.0478687,-33.2976,9.255,8.03,1.225,0.150899,0.0552945,8.644,7.379,1.265,63,93,train,val,train,train,train,train,val,test,test,train,,train,0.0499999999999998,-0.14188093
5479,2020_Townsend,CC(C)C[C@H]1NC(=O)[C@@H](CC(C)C)N(C)C(=O)[C@H](C)NC(=O)[C@@H]2CCCN2C(=O)[C@H](Cc2ccccc2)NC(=O)CN(Cc2ccccc2)C(=O)[C@@H]2CCCN2C1=O,hepta_1902,5479,-6.03,7,7,Circle,0.18244,0.0702085,-32.8264,9.279,8.021,1.258,0.14902,0.0486378,9.167,7.746,1.421,94,52,test,train,val,train,train,train,test,test,train,train,,test,-0.0150000000000001,-0.027522698
5473,2020_Townsend,CC(C)C[C@@H]1NC(=O)[C@H](C)NC(=O)[C@@H]2CCCN2C(=O)[C@H](Cc2ccccc2)NC(=O)CN(Cc2ccccc2)C(=O)[C@@H]2CCCN2C(=O)[C@H](CC(C)C)NC1=O,hepta_1896,5473,-5.6,7,7,Circle,0.127134,0.0540628,-39.8925,8.875,7.366,1.509,0.109678,0.0330862,8.527,7.226,1.301,65,19,val,train,train,train,train,train,test,test,train,train,,val,0.2000000000000001,-0.09409904
5461,2020_Townsend,CC(C)C[C@@H]1NC(=O)[C@H](C)NC(=O)[C@@H]2CCCN2C(=O)[C@H](Cc2ccccc2)NC(=O)[C@H](CC(C)C)N(C)C(=O)[C@@H]2CCCN2C(=O)[C@@H](CC(C)C)N(C)C1=O,hepta_1884,5461,-6.74,7,7,Circle,0.151482,0.0539091,-33.6093,9.084,7.782,1.302,0.136424,0.0651363,9.038,7.697,1.341,100,35,train,train,train,val,val,train,train,test,train,val,,train,-0.3700000000000001,-0.0040903017
5456,2020_Townsend,CC(C)C[C@H]1C(=O)N[C@H](CC(C)C)C(=O)N2CCC[C@H]2C(=O)N(C)[C@H](CC(C)C)C(=O)N[C@@H](Cc2ccccc2)C(=O)N2CCC[C@H]2C(=O)N[C@@H](C)C(=O)N1C,hepta_1879,5456,-5.06,7,7,Circle,0.122539,0.0603774,-35.556,9.171,7.872,1.299,0.128616,0.0576833,9.23,7.824,1.406,55,47,train,train,train,train,train,train,train,test,train,train,,train,0.4700000000000002,0.25160712
5443,2020_Townsend,CC(C)C[C@@H]1NC(=O)[C@H](C)NC(=O)[C@@H]2CCCN2C(=O)[C@H](Cc2ccccc2)NC(=O)[C@@H](CC(C)C)N(C)C(=O)[C@@H]2CCCN2C(=O)[C@@H](CC(C)C)NC1=O,hepta_1866,5443,-5.83,7,7,Circle,0.163446,0.0619961,-23.0811,8.646,7.456,1.19,0.113621,0.0555812,8.656,7.497,1.159,27,71,train,train,val,train,val,train,train,test,train,train,,train,0.0849999999999999,0.36408243
5423,2020_Townsend,CC(C)C[C@@H]1NC(=O)C[C@H](Cc2ccccc2)NC(=O)[C@@H]2CCCN2C(=O)[C@H](Cc2ccccc2)NC(=O)CN(Cc2ccccc2)C(=O)[C@H]2CCCN2C(=O)C[C@H](Cc2ccccc2)NC1=O,hepta_1846,5423,-10.0,7,7,Circle,0.183322,0.0458367,-30.5679,9.799,8.789,1.01,0.150146,0.0376353,9.946,8.98,0.966,7,94,train,train,test,train,train,train,train,test,train,test,,train,-1.0,0.20887166
5411,2020_Townsend,CC(C)C[C@H]1C(=O)N(Cc2ccccc2)CC(=O)N2CCC[C@@H]2C(=O)N(C)[C@H](CC(C)C)C(=O)N[C@@H](Cc2ccccc2)C(=O)N2CCC[C@H]2C(=O)N[C@@H](Cc2ccccc2)CC(=O)N1C,hepta_1834,5411,-5.65,7,7,Circle,0.170099,0.0512924,-28.2534,9.592,8.395,1.197,0.161811,0.0422592,9.456,8.369,1.087,11,11,train,train,train,train,train,train,train,test,train,test,,train,0.1749999999999998,-0.17322025
5401,2020_Townsend,CC(C)C[C@H]1C(=O)N[C@@H](Cc2ccccc2)C(=O)N2CCC[C@H]2C(=O)N[C@@H](Cc2ccccc2)CC(=O)N(Cc2ccccc2)CC(=O)N[C@H](CC(C)C)C(=O)N2CCC[C@@H]2C(=O)N1C,hepta_1824,5401,-5.6,7,7,Circle,0.190095,0.0664165,-25.6554,9.649,8.517,1.132,0.144113,0.0523008,9.749,8.597,1.152,14,60,train,train,train,test,train,train,train,test,train,train,,train,0.2000000000000001,0.31077057
5389,2020_Townsend,CC(C)C[C@H]1C(=O)N(C)[C@H](CC(C)C)C(=O)N2CCC[C@@H]2C(=O)N(C)[C@H](CC(C)C)C(=O)N[C@@H](Cc2ccccc2)C(=O)N2CCC[C@H]2C(=O)N[C@@H](Cc2ccccc2)CC(=O)N1C,hepta_1812,5389,-5.62,7,7,Circle,0.150867,0.0435022,-23.1693,9.613,8.52,1.093,0.170662,0.051914,10.011,8.976,1.035,75,83,train,train,train,train,train,train,val,test,train,train,,train,0.1899999999999999,0.3300483
5378,2020_Townsend,CC(C)C[C@@H]1NC(=O)[C@H](CC(C)C)N(C)C(=O)C[C@H](Cc2ccccc2)NC(=O)[C@@H]2CCCN2C(=O)[C@H](Cc2ccccc2)NC(=O)[C@@H](CC(C)C)N(C)C(=O)[C@H]2CCCN2C1=O,hepta_1801,5378,-5.56,7,7,Circle,0.199876,0.0634684,-30.7893,10.654,9.408,1.246,0.1861,0.0459315,9.871,8.613,1.258,16,43,train,train,train,train,train,train,test,test,val,train,,train,0.2200000000000002,0.24643895
5358,2020_Townsend,CC(C)C[C@@H]1NC(=O)C[C@H](Cc2ccccc2)NC(=O)[C@@H]2CCCN2C(=O)[C@H](Cc2ccccc2)NC(=O)[C@@H](CC(C)C)NC(=O)[C@H]2CCCN2C(=O)[C@@H](CC(C)C)N(C)C1=O,hepta_1781,5358,-5.49,7,7,Circle,0.179295,0.0576558,-30.8683,10.082,8.793,1.289,0.196153,0.0769268,9.542,8.333,1.209,94,41,train,train,train,train,val,train,train,test,train,train,,train,0.2549999999999999,0.09834392
5332,2020_Townsend,CCCN1CC(=O)N[C@H](CC(C)C)C(=O)N(Cc2ccccc2)CC(=O)N2CCC[C@H]2C(=O)N(Cc2ccccc2)CC(=O)N[C@@H](Cc2ccccc2)C(=O)N2CCC[C@H]2C1=O,hepta_1755,5332,-5.81,7,7,Circle,0.181049,0.0667518,-32.5261,9.201,8.041,1.16,0.135427,0.0550065,9.104,8.031,1.073,13,73,test,train,train,val,train,val,train,test,train,val,,test,0.0950000000000002,0.025758754
5323,2020_Townsend,CCCN1CC(=O)N(Cc2ccccc2)CC(=O)N[C@@H](CC(C)C)C(=O)N2CCC[C@H]2C(=O)N(C)[C@@H](CC(C)C)C(=O)N[C@@H](Cc2ccccc2)C(=O)N2CCC[C@H]2C1=O,hepta_1746,5323,-5.37,7,7,Circle,0.1604,0.0596112,-40.0482,9.755,8.515,1.24,0.131668,0.0381532,8.778,7.725,1.053,95,37,train,train,train,train,train,val,train,test,train,train,,train,0.3149999999999999,0.18297607
5316,2020_Townsend,CCCN1CC(=O)N(Cc2ccccc2)CC(=O)N[C@H](CC(C)C)C(=O)N2CCC[C@H]2C(=O)N(C)[C@@H](CC(C)C)C(=O)N[C@@H](Cc2ccccc2)C(=O)N2CCC[C@H]2C1=O,hepta_1739,5316,-5.4,7,7,Circle,0.175273,0.0847956,-31.3185,9.339,8.128,1.211,0.109412,0.0380929,8.724,7.694,1.03,59,61,val,train,train,train,train,train,train,test,train,train,,val,0.2999999999999998,0.09253434
5311,2020_Townsend,CCCN1CC(=O)N(C)[C@H](CC(C)C)C(=O)N(C)[C@@H](CC(C)C)C(=O)N2CCC[C@H]2C(=O)N(C)[C@@H](CC(C)C)C(=O)N[C@@H](Cc2ccccc2)C(=O)N2CCC[C@H]2C1=O,hepta_1734,5311,-5.08,7,7,Circle,0.114878,0.0382068,-21.4394,9.576,8.602,0.974,0.118257,0.0453259,9.552,8.597,0.955,97,11,test,train,train,train,train,train,train,test,val,train,,test,0.4599999999999999,0.4646839
5306,2020_Townsend,CCCN1CC(=O)N(C)[C@H](CC(C)C)C(=O)N(C)[C@@H](CC(C)C)C(=O)N2CCC[C@H]2C(=O)N(C)[C@H](CC(C)C)C(=O)N[C@@H](Cc2ccccc2)C(=O)N2CCC[C@H]2C1=O,hepta_1729,5306,-5.41,7,7,Circle,0.134434,0.0483765,-20.7498,9.712,8.729,0.983,0.133589,0.0357365,9.034,8.085,0.949,7,54,train,val,train,train,train,train,train,test,train,train,,train,0.2949999999999999,0.3344648
5288,2020_Townsend,CCCN1CC(=O)N(C)[C@H](CC(C)C)C(=O)N[C@H](CC(C)C)C(=O)N2CCC[C@H]2C(=O)N(C)[C@@H](CC(C)C)C(=O)N[C@@H](Cc2ccccc2)C(=O)N2CCC[C@H]2C1=O,hepta_1711,5288,-4.96,7,7,Circle,0.144356,0.0491572,-19.0092,9.223,8.177,1.046,0.131015,0.0408512,9.18,8.125,1.055,41,75,train,train,train,train,test,train,test,test,train,train,,train,0.52,0.4779335
5283,2020_Townsend,CCCN1CC(=O)N(C)[C@H](CC(C)C)C(=O)N[C@H](CC(C)C)C(=O)N2CCC[C@H]2C(=O)N(C)[C@H](CC(C)C)C(=O)N[C@@H](Cc2ccccc2)C(=O)N2CCC[C@H]2C1=O,hepta_1706,5283,-5.04,7,7,Circle,0.23477,0.111902,-30.7365,9.23,7.959,1.271,0.162577,0.0852825,8.787,7.833,0.954,33,60,train,train,train,train,train,train,train,test,train,train,,train,0.48,0.39188224
5267,2020_Townsend,CCCN1CC(=O)N(C)[C@@H](CC(C)C)C(=O)N[C@H](CC(C)C)C(=O)N2CCC[C@H]2C(=O)N[C@H](CC(C)C)C(=O)N[C@@H](Cc2ccccc2)C(=O)N2CCC[C@H]2C1=O,hepta_1690,5267,-5.89,7,7,Circle,0.124149,0.0469277,-28.7581,9.487,8.309,1.178,0.133865,0.046163,9.114,8.068,1.046,49,21,train,train,train,train,val,train,train,test,train,train,,train,0.0550000000000001,-0.10766841
5230,2020_Townsend,CC(C)C[C@H]1C(=O)N(Cc2ccccc2)CC(=O)N2CCC[C@H]2C(=O)N[C@H](CC(C)C)C(=O)N[C@@H](Cc2ccccc2)C(=O)N2CCC[C@H]2C(=O)N[C@@H](Cc2ccccc2)CC(=O)N1C,hepta_1653,5230,-5.85,7,7,Circle,0.149636,0.0515433,-36.0359,10.268,8.942,1.326,0.157098,0.0515117,10.023,9.054,0.969,70,51,train,train,val,train,val,train,train,test,train,train,,train,0.0750000000000001,0.12474905
5218,2020_Townsend,CC(C)C[C@@H]1NC(=O)C[C@H](Cc2ccccc2)NC(=O)[C@@H]2CCCN2C(=O)[C@H](Cc2ccccc2)NC(=O)[C@H](CC(C)C)N(C)C(=O)[C@@H]2CCCN2C(=O)[C@H](CC(C)C)N(C)C1=O,hepta_1641,5218,-5.28,7,7,Circle,0.116171,0.0445362,-36.1039,10.282,8.998,1.284,0.312891,0.170613,9.508,8.548,0.96,77,75,train,train,test,train,test,train,train,test,test,train,,train,0.3599999999999999,0.28101292
5212,2020_Townsend,CC(C)C[C@H]1C(=O)N[C@@H](Cc2ccccc2)C(=O)N2CCC[C@H]2C(=O)N[C@@H](Cc2ccccc2)CC(=O)N[C@H](CC(C)C)C(=O)N(C)[C@@H](CC(C)C)C(=O)N2CCC[C@H]2C(=O)N1C,hepta_1635,5212,-5.84,7,7,Circle,0.189864,0.069065,-28.212,9.57,8.322,1.248,0.158522,0.0617446,9.428,8.395,1.033,12,46,train,train,train,test,train,train,train,test,train,train,,train,0.08,0.033638053
5201,2020_Townsend,CC(C)C[C@@H]1NC(=O)[C@@H](CC(C)C)N(C)C(=O)C[C@H](Cc2ccccc2)NC(=O)[C@@H]2CCCN2C(=O)[C@H](Cc2ccccc2)NC(=O)[C@@H](CC(C)C)N(C)C(=O)[C@@H]2CCCN2C1=O,hepta_1624,5201,-5.3,7,7,Circle,0.182157,0.048638,-34.0622,10.243,8.956,1.287,0.133904,0.0395326,9.705,8.527,1.178,16,13,train,train,train,train,train,train,train,test,train,train,,train,0.3500000000000001,0.036059655
5197,2020_Townsend,CC(C)C[C@@H]1NC(=O)[C@@H]2CCCN2C(=O)[C@H](CC(C)C)N(C)C(=O)[C@H](CC(C)C)NC(=O)C[C@H](Cc2ccccc2)NC(=O)[C@@H]2CCCN2C(=O)[C@H](Cc2ccccc2)NC1=O,hepta_1620,5197,-6.3,7,7,Circle,0.168364,0.067162,-24.6658,10.163,8.836,1.327,0.148214,0.0504807,9.955,8.766,1.189,90,37,train,train,test,test,train,train,train,test,train,train,,train,-0.1499999999999999,0.33799267
5195,2020_Townsend,CC(C)C[C@@H]1NC(=O)[C@@H]2CCCN2C(=O)[C@@H](CC(C)C)N(C)C(=O)[C@H](CC(C)C)NC(=O)C[C@H](Cc2ccccc2)NC(=O)[C@@H]2CCCN2C(=O)[C@H](Cc2ccccc2)NC1=O,hepta_1618,5195,-5.33,7,7,Circle,0.124676,0.0476887,-41.4457,10.202,8.787,1.415,0.141801,0.0412778,9.412,8.265,1.147,36,81,train,train,train,train,train,train,train,test,train,train,,train,0.3349999999999999,0.26165763
5180,2020_Townsend,CC(C)C[C@@H]1NC(=O)C[C@H](Cc2ccccc2)NC(=O)[C@@H]2CCCN2C(=O)[C@H](Cc2ccccc2)NC(=O)[C@H](CC(C)C)NC(=O)[C@@H]2CCCN2C(=O)[C@@H](CC(C)C)NC1=O,hepta_1603,5180,-6.29,7,7,Circle,0.166318,0.0539682,-27.6837,9.743,8.433,1.31,0.227526,0.0798357,9.442,8.222,1.22,26,84,train,train,train,val,val,train,train,test,train,train,,train,-0.145,0.29345468
5175,2020_Townsend,CC(C)C[C@H]1NC(=O)C[C@H](Cc2ccccc2)NC(=O)[C@@H]2CCCN2C(=O)[C@H](Cc2ccccc2)NC(=O)[C@@H](CC(C)C)NC(=O)[C@@H]2CCCN2C(=O)[C@@H](CC(C)C)NC1=O,hepta_1598,5175,-5.78,7,7,Circle,0.167758,0.0500364,-41.0236,10.036,8.534,1.502,0.152475,0.0475821,9.469,8.323,1.146,19,39,train,train,train,val,train,train,train,test,train,train,,train,0.1099999999999998,0.29436305
5158,2020_Townsend,CCCN1CC(=O)N(C)[C@H](CC(C)C)C(=O)N(Cc2ccccc2)CC(=O)N2CCC[C@@H]2C(=O)N(C)[C@@H](CC(C)C)C(=O)N[C@@H](Cc2ccccc2)C(=O)N2CCC[C@@H]2C1=O,hepta_1581,5158,-5.67,7,7,Circle,0.152616,0.0462516,-23.1906,9.561,8.444,1.117,0.141694,0.0451013,9.05,8.006,1.044,21,36,train,train,train,train,train,train,val,test,train,train,,train,0.165,0.4656877
5153,2020_Townsend,CCCN1CC(=O)N[C@H](CC(C)C)C(=O)N[C@@H](Cc2ccccc2)CC(=O)N2CCC[C@@H]2C(=O)N(C)[C@H](CC(C)C)C(=O)N[C@@H](Cc2ccccc2)C(=O)N2CCC[C@@H]2C1=O,hepta_1576,5153,-5.48,7,7,Circle,0.208411,0.0876859,-22.707,9.392,8.297,1.095,0.169643,0.0625948,9.772,8.552,1.22,13,62,train,train,test,test,train,train,train,test,train,train,,train,0.2599999999999998,0.029427122
5128,2020_Townsend,CCCN1CC(=O)N(C)[C@@H](CC(C)C)C(=O)N(C)[C@H](CC(C)C)C(=O)N2CCC[C@@H]2C(=O)N(C)[C@H](CC(C)C)C(=O)N[C@@H](Cc2ccccc2)C(=O)N2CCC[C@@H]2C1=O,hepta_1551,5128,-5.29,7,7,Circle,0.156671,0.0611184,-25.5196,9.764,8.545,1.219,0.105765,0.0382833,9.505,8.483,1.022,55,65,train,val,val,train,train,train,train,test,train,train,,train,0.355,0.31375968
5099,2020_Townsend,CCCN1CC(=O)N[C@@H](CC(C)C)C(=O)N[C@H](CC(C)C)C(=O)N2CCC[C@@H]2C(=O)N(C)[C@@H](CC(C)C)C(=O)N[C@@H](Cc2ccccc2)C(=O)N2CCC[C@@H]2C1=O,hepta_1522,5099,-5.34,7,7,Circle,0.125396,0.0446956,-17.4984,9.018,7.93,1.088,0.098639,0.0390085,8.896,7.794,1.102,54,81,train,train,train,train,train,train,train,test,train,train,,train,0.33,0.2826714
5092,2020_Townsend,CCCN1CC(=O)N[C@@H](CC(C)C)C(=O)N(C)[C@H](CC(C)C)C(=O)N2CCC[C@@H]2C(=O)N[C@H](CC(C)C)C(=O)N[C@@H](Cc2ccccc2)C(=O)N2CCC[C@@H]2C1=O,hepta_1515,5092,-5.33,7,7,Circle,0.191722,0.0837336,-36.7026,9.577,8.368,1.209,0.121636,0.0562895,9.358,8.151,1.207,44,37,train,train,train,train,train,train,train,test,train,train,,train,0.3349999999999999,0.24279845
5089,2020_Townsend,CCCN1CC(=O)N(C)[C@H](CC(C)C)C(=O)N[C@H](CC(C)C)C(=O)N2CCC[C@@H]2C(=O)N[C@H](CC(C)C)C(=O)N[C@@H](Cc2ccccc2)C(=O)N2CCC[C@@H]2C1=O,hepta_1512,5089,-5.65,7,7,Circle,0.184741,0.0731082,-28.9242,9.378,8.118,1.26,0.0872439,0.038295,9.09,8.04,1.05,81,47,train,train,train,val,train,train,train,test,train,test,,train,0.1749999999999998,0.29390803
5065,2020_Townsend,CC(C)C[C@H]1C(=O)N(Cc2ccccc2)CC(=O)N2CCC[C@@H]2C(=O)N(C)[C@H](CC(C)C)C(=O)N[C@@H](Cc2ccccc2)C(=O)N2CCC[C@@H]2C(=O)N[C@@H](Cc2ccccc2)CC(=O)N1C,hepta_1488,5065,-5.43,7,7,Circle,0.208236,0.0640858,-27.9921,9.727,8.426,1.301,0.154373,0.0428393,9.684,8.376,1.308,49,50,test,train,val,train,train,train,train,test,train,train,,test,0.2850000000000001,0.2587392
5041,2020_Townsend,CC(C)C[C@@H]1NC(=O)[C@H]2CCCN2C(=O)CN(Cc2ccccc2)C(=O)[C@H](CC(C)C)NC(=O)C[C@H](Cc2ccccc2)NC(=O)[C@H]2CCCN2C(=O)[C@H](Cc2ccccc2)NC1=O,hepta_1464,5041,-6.27,7,7,Circle,0.217775,0.0780032,-32.0106,9.699,8.623,1.076,0.1418,0.0392718,9.655,8.363,1.292,46,90,train,train,train,train,train,train,val,test,train,train,,train,-0.1349999999999998,-0.0017214194
5038,2020_Townsend,CC(C)C[C@@H]1NC(=O)C[C@H](Cc2ccccc2)NC(=O)[C@H]2CCCN2C(=O)[C@H](Cc2ccccc2)NC(=O)[C@@H](CC(C)C)NC(=O)[C@H]2CCCN2C(=O)CN(Cc2ccccc2)C1=O,hepta_1461,5038,-5.75,7,7,Circle,0.173596,0.0435155,-26.352,9.307,8.203,1.104,0.180117,0.0529532,9.7,8.562,1.138,53,25,val,train,train,train,train,val,train,test,train,val,,val,0.125,0.20499021
5031,2020_Townsend,CC(C)C[C@@H]1NC(=O)C[C@H](Cc2ccccc2)NC(=O)[C@H]2CCCN2C(=O)[C@H](Cc2ccccc2)NC(=O)[C@@H](CC(C)C)N(C)C(=O)[C@H]2CCCN2C(=O)[C@H](CC(C)C)N(C)C1=O,hepta_1454,5031,-5.78,7,7,Circle,0.167621,0.0575437,-22.2743,9.459,8.244,1.215,0.178596,0.0552092,9.81,8.691,1.119,95,96,train,train,train,train,train,train,train,test,train,train,,train,0.1099999999999998,0.23153111
5029,2020_Townsend,CC(C)C[C@H]1NC(=O)C[C@H](Cc2ccccc2)NC(=O)[C@H]2CCCN2C(=O)[C@H](Cc2ccccc2)NC(=O)CN(Cc2ccccc2)C(=O)[C@H]2CCCN2C(=O)[C@@H](CC(C)C)NC1=O,hepta_1452,5029,-6.25,7,7,Circle,0.172713,0.0606945,-46.1633,10.024,8.559,1.465,0.183311,0.0553873,9.628,8.442,1.186,96,50,train,train,train,train,train,train,train,test,val,test,,train,-0.125,0.16565469
5027,2020_Townsend,CC(C)C[C@H]1C(=O)N2CCC[C@@H]2C(=O)N(C)[C@H](CC(C)C)C(=O)N[C@@H](Cc2ccccc2)C(=O)N2CCC[C@@H]2C(=O)N[C@@H](Cc2ccccc2)CC(=O)N[C@H](CC(C)C)C(=O)N1C,hepta_1450,5027,-5.26,7,7,Circle,0.179393,0.0513853,-33.4757,10.233,8.814,1.419,0.152431,0.0443673,9.922,8.823,1.099,21,73,val,train,train,train,val,train,train,test,train,train,,val,0.3700000000000001,0.29935142
5009,2020_Townsend,CC(C)C[C@H]1C(=O)N[C@@H](Cc2ccccc2)C(=O)N2CCC[C@@H]2C(=O)N[C@@H](Cc2ccccc2)CC(=O)N[C@H](CC(C)C)C(=O)N[C@H](CC(C)C)C(=O)N2CCC[C@@H]2C(=O)N1C,hepta_1432,5009,-6.01,7,7,Circle,0.225856,0.0874208,-38.92,9.899,8.57,1.329,0.136613,0.0501259,9.254,8.181,1.073,27,98,train,train,train,train,train,train,train,test,train,train,,train,-0.0049999999999998,0.16659442
4976,2020_Townsend,CC(C)C[C@@H]1NC(=O)[C@@H]2CCCN2C(=O)C[C@H](Cc2ccccc2)NC(=O)[C@@H](CC(C)C)N(C)C(=O)C[C@H](Cc2ccccc2)NC(=O)[C@H]2CCCN2C(=O)[C@H](Cc2ccccc2)NC1=O,hepta_1399,4976,-5.94,7,7,Circle,0.193752,0.0551598,-34.1017,10.373,9.153,1.22,0.156116,0.0489384,10.369,9.142,1.227,4,63,train,train,train,train,train,val,train,test,train,train,,train,0.0299999999999998,0.21623358
4965,2020_Townsend,CC(C)C[C@@H]1NC(=O)[C@@H](CC(C)C)N(C)C(=O)C[C@H](Cc2ccccc2)NC(=O)[C@H]2CCCN2C(=O)[C@H](Cc2ccccc2)NC(=O)CN(Cc2ccccc2)C(=O)[C@@H]2CCCN2C1=O,hepta_1388,4965,-5.25,7,7,Circle,0.168447,0.0532353,-32.8962,9.853,8.649,1.204,0.156633,0.0432675,9.937,8.652,1.285,95,53,train,train,train,train,train,train,val,test,test,test,,train,0.375,0.23008749
4945,2020_Townsend,CC(C)C[C@@H]1NC(=O)[C@H](CC(C)C)N(C)C(=O)C[C@H](Cc2ccccc2)NC(=O)[C@H]2CCCN2C(=O)[C@H](Cc2ccccc2)NC(=O)[C@H](CC(C)C)N(C)C(=O)[C@@H]2CCCN2C1=O,hepta_1368,4945,-5.17,7,7,Circle,0.167909,0.0571793,-23.8401,9.704,8.416,1.288,0.16525,0.0413974,9.565,8.4,1.165,25,10,train,train,train,train,test,train,test,test,train,train,,train,0.415,0.32529494
4937,2020_Townsend,CC(C)C[C@@H]1NC(=O)[C@H](CC(C)C)N(C)C(=O)C[C@H](Cc2ccccc2)NC(=O)[C@H]2CCCN2C(=O)[C@H](Cc2ccccc2)NC(=O)[C@@H](CC(C)C)N(C)C(=O)[C@@H]2CCCN2C1=O,hepta_1360,4937,-5.64,7,7,Circle,0.216816,0.077932,-30.4271,10.255,8.882,1.373,0.190453,0.0826316,9.633,8.509,1.124,70,15,train,train,train,train,test,train,train,test,train,train,,train,0.1800000000000001,0.24087813
4924,2020_Townsend,CC(C)C[C@@H]1NC(=O)[C@@H]2CCCN2C(=O)[C@H](CC(C)C)N(C)C(=O)[C@H](CC(C)C)NC(=O)C[C@H](Cc2ccccc2)NC(=O)[C@H]2CCCN2C(=O)[C@H](Cc2ccccc2)NC1=O,hepta_1347,4924,-5.45,7,7,Circle,0.148315,0.0526497,-24.6058,9.623,8.549,1.074,0.155445,0.0419818,9.615,8.559,1.056,73,81,train,train,train,train,train,train,test,test,val,train,,train,0.2749999999999999,0.22522408
4915,2020_Townsend,CC(C)C[C@@H]1NC(=O)[C@@H]2CCCN2C(=O)[C@@H](CC(C)C)NC(=O)[C@@H](CC(C)C)N(C)C(=O)C[C@H](Cc2ccccc2)NC(=O)[C@H]2CCCN2C(=O)[C@H](Cc2ccccc2)NC1=O,hepta_1338,4915,-5.71,7,7,Circle,0.162145,0.0508527,-26.9115,9.618,8.343,1.275,0.181847,0.0539172,9.694,8.373,1.321,37,12,train,train,train,train,train,train,train,test,val,train,,train,0.145,0.24077564
4910,2020_Townsend,CC(C)C[C@H]1C(=O)N[C@@H](Cc2ccccc2)C(=O)N2CCC[C@@H]2C(=O)N[C@@H](Cc2ccccc2)CC(=O)N[C@H](CC(C)C)C(=O)N[C@H](CC(C)C)C(=O)N2CCC[C@H]2C(=O)N1C,hepta_1333,4910,-5.48,7,7,Circle,0.171117,0.0557859,-17.8141,9.533,8.544,0.989,0.13014,0.0412868,9.584,8.568,1.016,85,57,train,train,train,train,train,train,train,test,train,train,,train,0.2599999999999998,0.20960373
4874,2020_Townsend,CC(C)C[C@@H]1NC(=O)CN(Cc2ccccc2)C(=O)[C@@H](C)N(C)C(=O)[C@@H]2CCCN2C(=O)[C@H](Cc2ccccc2)NC(=O)[C@H](CC(C)C)N(C)C(=O)[C@H]2CCCN2C1=O,hepta_1297,4874,-5.35,7,7,Circle,0.135597,0.035532,-37.214,9.444,8.299,1.145,0.160701,0.0636048,8.835,7.786,1.049,18,25,train,val,train,train,train,train,train,test,train,train,,train,0.3250000000000002,-0.098160766
4872,2020_Townsend,CC(C)C[C@@H]1NC(=O)[C@@H](C)N(C)C(=O)[C@@H]2CCCN2C(=O)[C@H](Cc2ccccc2)NC(=O)[C@H](CC(C)C)N(C)C(=O)[C@H]2CCCN2C(=O)CN(Cc2ccccc2)C1=O,hepta_1295,4872,-5.7,7,7,Circle,0.126619,0.0372922,-30.7145,9.096,7.987,1.109,0.118501,0.0422284,8.66,7.719,0.941,94,34,train,train,train,train,train,val,train,test,val,train,,train,0.1499999999999999,-0.002634935
4860,2020_Townsend,CC(C)C[C@H]1NC(=O)[C@H]2CCCN2C(=O)CN(Cc2ccccc2)C(=O)[C@@H](CC(C)C)N(C)C(=O)[C@@H](C)N(C)C(=O)[C@@H]2CCCN2C(=O)[C@H](Cc2ccccc2)NC1=O,hepta_1283,4860,-5.54,7,7,Circle,0.18077,0.0530021,-33.89,9.351,8.249,1.102,0.11729,0.0420831,9.222,8.114,1.108,44,98,train,train,train,train,test,train,train,test,train,train,,train,0.2299999999999999,0.1018409
4831,2020_Townsend,CC(C)C[C@@H]1NC(=O)[C@@H](CC(C)C)NC(=O)[C@@H](C)N(C)C(=O)[C@@H]2CCCN2C(=O)[C@H](Cc2ccccc2)NC(=O)[C@H](CC(C)C)N(C)C(=O)[C@H]2CCCN2C1=O,hepta_1254,4831,-5.24,7,7,Circle,0.121057,0.0484106,-19.3881,8.982,7.811,1.171,0.130655,0.0437194,8.815,7.683,1.132,80,11,val,train,val,train,train,train,val,test,train,train,,val,0.3799999999999999,0.35569286
4828,2020_Townsend,CC(C)C[C@@H]1NC(=O)[C@@H](C)N(C)C(=O)[C@@H]2CCCN2C(=O)[C@H](Cc2ccccc2)NC(=O)[C@@H](CC(C)C)N(C)C(=O)[C@H]2CCCN2C(=O)[C@H](CC(C)C)NC1=O,hepta_1251,4828,-5.91,7,7,Circle,0.155066,0.0602407,-26.4426,9.141,7.887,1.254,0.150852,0.0628904,8.981,7.827,1.154,35,53,train,train,train,train,train,val,test,test,train,train,,train,0.0449999999999999,0.05833011
4812,2020_Townsend,C[C@@H]1C(=O)N(Cc2ccccc2)CC(=O)N[C@@H](Cc2ccccc2)CC(=O)N2CCC[C@H]2C(=O)N(Cc2ccccc2)CC(=O)N[C@@H](Cc2ccccc2)C(=O)N2CCC[C@H]2C(=O)N1C,hepta_1235,4812,-6.42,7,7,Circle,0.157832,0.0448466,-38.0466,9.344,8.001,1.343,0.152876,0.0441827,9.626,8.395,1.231,12,24,train,val,test,train,train,train,train,test,test,train,,train,-0.2099999999999999,0.005667422
4788,2020_Townsend,CC(C)C[C@H]1C(=O)N[C@@H](Cc2ccccc2)CC(=O)N2CCC[C@H]2C(=O)N[C@H](CC(C)C)C(=O)N[C@@H](Cc2ccccc2)C(=O)N2CCC[C@H]2C(=O)N(C)[C@H](C)C(=O)N1C,hepta_1211,4788,-6.27,7,7,Circle,0.249991,0.126204,-34.2395,9.353,8.081,1.272,0.173518,0.0716171,9.179,7.992,1.187,79,67,train,train,train,train,test,train,train,test,train,train,,train,-0.1349999999999998,-0.33434188
4782,2020_Townsend,CC(C)C[C@H]1C(=O)N2CCC[C@H]2C(=O)N(C)[C@@H](CC(C)C)C(=O)N[C@@H](Cc2ccccc2)C(=O)N2CCC[C@H]2C(=O)N(C)[C@H](C)C(=O)N(C)[C@@H](CC(C)C)C(=O)N1C,hepta_1205,4782,-5.34,7,7,Circle,0.133331,0.0454303,-42.2804,9.618,8.593,1.025,0.107083,0.0337018,9.152,8.162,0.99,47,65,train,train,train,train,test,train,train,test,train,train,,train,0.33,0.27453095
4781,2020_Townsend,CC(C)C[C@@H]1NC(=O)[C@@H](C)N(C)C(=O)[C@@H]2CCCN2C(=O)[C@H](Cc2ccccc2)NC(=O)CN(Cc2ccccc2)C(=O)[C@@H]2CCCN2C(=O)[C@@H](CC(C)C)N(C)C1=O,hepta_1204,4781,-5.89,7,7,Circle,0.161666,0.0553548,-26.5328,9.203,8.179,1.024,0.138797,0.0426975,9.268,8.204,1.064,83,19,test,train,train,test,val,train,train,test,train,train,,test,0.0550000000000001,0.26437768
4780,2020_Townsend,CC(C)C[C@H]1C(=O)N[C@@H](Cc2ccccc2)C(=O)N2CCC[C@H]2C(=O)N(C)[C@H](C)C(=O)N(Cc2ccccc2)CC(=O)N[C@H](CC(C)C)C(=O)N2CCC[C@H]2C(=O)N1C,hepta_1203,4780,-5.2,7,7,Circle,0.190039,0.0714301,-33.0195,9.396,8.197,1.199,0.0978611,0.0370102,8.614,7.655,0.959,26,2,train,test,train,train,train,train,train,test,train,train,,train,0.3999999999999999,0.3193438
4776,2020_Townsend,CC(C)C[C@@H]1NC(=O)[C@@H]2CCCN2C(=O)CN(Cc2ccccc2)C(=O)[C@@H](CC(C)C)N(C)C(=O)[C@@H](C)N(C)C(=O)[C@@H]2CCCN2C(=O)[C@H](Cc2ccccc2)NC1=O,hepta_1199,4776,-6.71,7,7,Circle,0.139907,0.0463367,-31.9068,9.276,8.048,1.228,0.132159,0.038785,9.052,7.772,1.28,28,54,test,train,test,train,train,val,test,test,train,test,,test,-0.355,-0.045104034
4773,2020_Townsend,CC(C)C[C@H]1C(=O)N2CCC[C@H]2C(=O)N(C)[C@H](CC(C)C)C(=O)N[C@@H](Cc2ccccc2)C(=O)N2CCC[C@H]2C(=O)N(C)[C@H](C)C(=O)N(C)[C@@H](CC(C)C)C(=O)N1C,hepta_1196,4773,-5.41,7,7,Circle,0.135059,0.0415142,-29.0492,9.5,8.327,1.173,0.0800621,0.0345633,9.006,7.891,1.115,99,14,train,train,train,val,train,train,train,test,train,train,,train,0.2949999999999999,0.25230113
4749,2020_Townsend,CC(C)C[C@H]1NC(=O)[C@@H]2CCCN2C(=O)CN(Cc2ccccc2)C(=O)[C@@H](CC(C)C)NC(=O)[C@@H](C)N(C)C(=O)[C@@H]2CCCN2C(=O)[C@H](Cc2ccccc2)NC1=O,hepta_1172,4749,-5.98,7,7,Circle,0.169709,0.0712361,-46.5324,9.574,8.278,1.296,0.142975,0.071028,8.844,7.758,1.086,85,90,train,train,train,train,train,test,train,test,test,train,,train,0.0099999999999997,-0.24997538
4745,2020_Townsend,CC(C)C[C@@H]1NC(=O)[C@@H](C)N(C)C(=O)[C@@H]2CCCN2C(=O)[C@H](Cc2ccccc2)NC(=O)[C@@H](CC(C)C)N(C)C(=O)[C@@H]2CCCN2C(=O)[C@@H](CC(C)C)N(C)C1=O,hepta_1168,4745,-5.67,7,7,Circle,0.135478,0.0353582,-26.1168,9.112,7.847,1.265,0.143665,0.0510438,9.227,8.094,1.133,99,32,val,train,train,train,train,train,train,test,val,train,,val,0.165,0.15324086
4740,2020_Townsend,CC(C)C[C@H]1NC(=O)[C@@H]2CCCN2C(=O)[C@@H](CC(C)C)N(C)C(=O)[C@@H](CC(C)C)N(C)C(=O)[C@@H](C)N(C)C(=O)[C@@H]2CCCN2C(=O)[C@H](Cc2ccccc2)NC1=O,hepta_1163,4740,-5.1,7,7,Circle,0.139326,0.0393718,-24.9082,9.287,8.086,1.201,0.140144,0.0539698,8.992,7.892,1.1,95,11,train,train,test,train,train,val,train,test,train,train,,train,0.4500000000000002,0.15516949
4725,2020_Townsend,CC(C)C[C@H]1NC(=O)[C@@H]2CCCN2C(=O)[C@@H](CC(C)C)NC(=O)[C@@H](CC(C)C)N(C)C(=O)[C@@H](C)N(C)C(=O)[C@@H]2CCCN2C(=O)[C@H](Cc2ccccc2)NC1=O,hepta_1148,4725,-5.52,7,7,Circle,0.14089,0.0520447,-22.8748,9.014,7.897,1.117,0.143863,0.051985,8.999,7.885,1.114,80,68,train,train,train,train,test,train,train,test,train,val,,train,0.2400000000000002,0.20017394
4724,2020_Townsend,CC(C)C[C@H]1NC(=O)[C@@H](C)N(C)C(=O)[C@@H]2CCCN2C(=O)[C@H](Cc2ccccc2)NC(=O)[C@@H](CC(C)C)N(C)C(=O)[C@@H]2CCCN2C(=O)[C@@H](CC(C)C)NC1=O,hepta_1147,4724,-5.67,7,7,Circle,0.164887,0.056244,-29.8901,9.416,8.209,1.207,0.147533,0.0496716,9.212,8.078,1.134,27,32,train,train,train,train,val,train,train,test,train,test,,train,0.165,0.0468367
4723,2020_Townsend,CC(C)C[C@@H]1NC(=O)[C@@H]2CCCN2C(=O)[C@H](CC(C)C)NC(=O)[C@H](CC(C)C)NC(=O)[C@@H](C)N(C)C(=O)[C@@H]2CCCN2C(=O)[C@H](Cc2ccccc2)NC1=O,hepta_1146,4723,-6.52,7,7,Circle,0.183592,0.10397,-34.872,8.785,7.461,1.324,0.122125,0.0606886,8.544,7.385,1.159,84,53,train,test,train,train,train,train,val,test,train,train,,train,-0.2599999999999998,-0.080536716
4713,2020_Townsend,CC(C)C[C@@H]1C(=O)N(Cc2ccccc2)CC(=O)N2CCC[C@H]2C(=O)N(Cc2ccccc2)CC(=O)N[C@@H](Cc2ccccc2)C(=O)N2CCC[C@H]2C(=O)N(C)[C@@H](C)C(=O)N1C,hepta_1136,4713,-5.92,7,7,Circle,0.145756,0.0451,-28.7971,9.287,8.145,1.142,0.180077,0.0651946,9.246,8.106,1.14,74,53,train,test,train,train,train,train,val,test,train,train,,train,0.04,-0.23176587
4699,2020_Townsend,CC(C)C[C@H]1C(=O)N(Cc2ccccc2)CC(=O)N2CCC[C@H]2C(=O)N(C)[C@H](CC(C)C)C(=O)N[C@@H](Cc2ccccc2)C(=O)N2CCC[C@H]2C(=O)N(C)[C@@H](C)C(=O)N1C,hepta_1122,4699,-5.98,7,7,Circle,0.166941,0.0570965,-33.6737,9.549,8.368,1.181,0.133869,0.0559252,9.134,8.028,1.106,13,4,train,train,train,train,train,train,train,test,train,train,,train,0.0099999999999997,0.17285469
4690,2020_Townsend,CC(C)C[C@H]1C(=O)N[C@@H](Cc2ccccc2)C(=O)N2CCC[C@H]2C(=O)N(C)[C@@H](C)C(=O)N(Cc2ccccc2)CC(=O)N[C@H](CC(C)C)C(=O)N2CCC[C@H]2C(=O)N1C,hepta_1113,4690,-5.17,7,7,Circle,0.133773,0.062095,-31.8089,9.375,8.222,1.153,0.109332,0.0361155,8.695,7.702,0.993,63,53,test,train,train,train,train,train,train,test,train,train,,test,0.415,0.20581672
4678,2020_Townsend,CC(C)C[C@H]1NC(=O)[C@@H](CC(C)C)N(C)C(=O)[C@H](C)N(C)C(=O)[C@@H]2CCCN2C(=O)[C@H](Cc2ccccc2)NC(=O)CN(Cc2ccccc2)C(=O)[C@@H]2CCCN2C1=O,hepta_1101,4678,-5.17,7,7,Circle,0.184359,0.0590538,-20.3818,9.274,8.229,1.045,0.166468,0.0471618,9.156,8.115,1.041,45,84,val,train,train,train,train,test,val,test,train,train,,val,0.415,0.050097205
4673,2020_Townsend,CC(C)C[C@H]1C(=O)N2CCC[C@H]2C(=O)N(C)[C@H](CC(C)C)C(=O)N[C@@H](Cc2ccccc2)C(=O)N2CCC[C@H]2C(=O)N(C)[C@@H](C)C(=O)N(C)[C@H](CC(C)C)C(=O)N1C,hepta_1096,4673,-5.73,7,7,Circle,0.141351,0.0434703,-27.6631,9.46,8.324,1.136,0.12511,0.0352595,9.268,8.293,0.975,96,65,train,test,train,train,train,test,train,test,train,train,,train,0.1349999999999998,0.20037657
4658,2020_Townsend,CC(C)C[C@H]1NC(=O)[C@H](C)N(C)C(=O)[C@@H]2CCCN2C(=O)[C@H](Cc2ccccc2)NC(=O)CN(Cc2ccccc2)C(=O)[C@@H]2CCCN2C(=O)[C@@H](CC(C)C)NC1=O,hepta_1081,4658,-6.38,7,7,Circle,0.126456,0.0448477,-48.6734,9.5,8.296,1.204,0.0914264,0.035524,8.854,7.793,1.061,28,87,train,val,train,val,train,train,train,test,train,val,,train,-0.1899999999999999,0.06942917
4657,2020_Townsend,CC(C)C[C@@H]1NC(=O)[C@@H](CC(C)C)N(C)C(=O)[C@H](C)N(C)C(=O)[C@@H]2CCCN2C(=O)[C@H](Cc2ccccc2)NC(=O)[C@@H](CC(C)C)N(C)C(=O)[C@@H]2CCCN2C1=O,hepta_1080,4657,-5.47,7,7,Circle,0.146047,0.0443097,-34.3799,9.242,8.037,1.205,0.129893,0.0337454,9.323,8.221,1.102,12,100,train,train,train,train,train,train,train,test,train,train,,train,0.2650000000000001,0.16269748
4648,2020_Townsend,CC(C)C[C@H]1NC(=O)[C@@H]2CCCN2C(=O)[C@@H](CC(C)C)N(C)C(=O)[C@@H](CC(C)C)N(C)C(=O)[C@H](C)N(C)C(=O)[C@@H]2CCCN2C(=O)[C@H](Cc2ccccc2)NC1=O,hepta_1071,4648,-6.49,7,7,Circle,0.130336,0.0534931,-26.7916,9.153,8.02,1.133,0.124699,0.0453516,9.037,7.926,1.111,58,12,train,train,train,train,train,train,train,test,val,train,,train,-0.2450000000000001,0.13189664
4627,2020_Townsend,CC(C)C[C@@H]1C(=O)N[C@@H](Cc2ccccc2)C(=O)N2CCC[C@H]2C(=O)N[C@@H](C)C(=O)N(Cc2ccccc2)CC(=O)N[C@@H](Cc2ccccc2)CC(=O)N2CCC[C@@H]2C(=O)N1C,hepta_1050,4627,-5.15,7,7,Circle,0.124704,0.0406881,-28.3414,9.214,7.908,1.306,0.198528,0.0725987,9.145,7.716,1.429,94,35,train,train,train,train,train,test,train,test,train,train,,train,0.4249999999999998,0.013174579
4626,2020_Townsend,CC(C)C[C@H]1C(=O)N[C@@H](Cc2ccccc2)CC(=O)N2CCC[C@@H]2C(=O)N(C)[C@H](CC(C)C)C(=O)N[C@@H](Cc2ccccc2)C(=O)N2CCC[C@H]2C(=O)N[C@@H](C)C(=O)N1C,hepta_1049,4626,-5.07,7,7,Circle,0.127441,0.0463104,-34.3546,9.571,8.157,1.414,0.133107,0.0628745,9.097,7.666,1.431,75,85,test,train,train,val,train,train,train,test,train,train,,test,0.4649999999999998,0.106654145
4616,2020_Townsend,CC(C)C[C@@H]1NC(=O)[C@H]2CCCN2C(=O)C[C@H](Cc2ccccc2)NC(=O)[C@@H](CC(C)C)N(C)C(=O)[C@H](C)NC(=O)[C@@H]2CCCN2C(=O)[C@H](Cc2ccccc2)NC1=O,hepta_1039,4616,-6.08,7,7,Circle,0.154147,0.0866729,-38.8753,9.056,7.792,1.264,0.219164,0.111398,9.333,7.997,1.336,100,46,train,train,train,train,train,train,train,test,train,train,,train,-0.04,-0.3723809
4614,2020_Townsend,CC(C)C[C@H]1NC(=O)[C@H](C)NC(=O)[C@@H]2CCCN2C(=O)[C@H](Cc2ccccc2)NC(=O)[C@@H](CC(C)C)N(C)C(=O)[C@H]2CCCN2C(=O)C[C@H](Cc2ccccc2)NC1=O,hepta_1037,4614,-10.0,7,7,Circle,0.173548,0.0711482,-30.5154,9.33,8.047,1.283,0.149121,0.0459813,9.138,7.897,1.241,75,73,train,train,train,train,train,train,train,test,train,train,,train,-1.0,-0.38000822
4612,2020_Townsend,CC(C)C[C@@H]1NC(=O)[C@H](C)NC(=O)[C@@H]2CCCN2C(=O)[C@H](Cc2ccccc2)NC(=O)CN(Cc2ccccc2)C(=O)[C@H]2CCCN2C(=O)[C@H](CC(C)C)N(C)C1=O,hepta_1035,4612,-6.57,7,7,Circle,0.170565,0.0471299,-54.7606,9.805,8.544,1.261,0.115577,0.0476418,9.048,7.794,1.254,95,100,train,train,train,val,train,val,train,test,train,test,,train,-0.2850000000000001,-0.1747241
4598,2020_Townsend,CC(C)C[C@H]1C(=O)N2CCC[C@@H]2C(=O)N(C)[C@H](CC(C)C)C(=O)N[C@@H](Cc2ccccc2)C(=O)N2CCC[C@H]2C(=O)N[C@@H](C)C(=O)N(C)[C@H](CC(C)C)C(=O)N1C,hepta_1021,4598,-5.59,7,7,Circle,0.104514,0.0347103,-19.8228,8.851,7.712,1.139,0.119398,0.0373171,8.942,7.844,1.098,51,100,train,train,train,train,train,train,train,test,train,train,,train,0.205,0.33382377
4586,2020_Townsend,CC(C)C[C@H]1NC(=O)[C@H]2CCCN2C(=O)CN(Cc2ccccc2)C(=O)[C@@H](CC(C)C)NC(=O)[C@H](C)NC(=O)[C@@H]2CCCN2C(=O)[C@H](Cc2ccccc2)NC1=O,hepta_1009,4586,-10.0,7,7,Circle,0.182831,0.0583591,-40.0351,9.266,7.9,1.366,0.154879,0.0628625,9.106,7.826,1.28,12,45,val,val,train,train,train,train,train,test,train,train,,val,-1.0,0.010518044
4563,2020_Townsend,CC(C)C[C@@H]1NC(=O)[C@H](C)NC(=O)[C@@H]2CCCN2C(=O)[C@H](Cc2ccccc2)NC(=O)[C@@H](CC(C)C)NC(=O)[C@H]2CCCN2C(=O)[C@H](CC(C)C)NC1=O,hepta_986,4563,-10.0,7,7,Circle,0.178824,0.081233,-28.1402,8.761,7.486,1.275,0.115037,0.0483869,8.678,7.156,1.522,63,26,train,train,train,train,train,train,train,test,val,train,,train,-1.0,0.26606175
4548,2020_Townsend,CC(C)C[C@@H]1NC(=O)[C@@H](C)NC(=O)[C@@H]2CCCN2C(=O)[C@H](Cc2ccccc2)NC(=O)CN(Cc2ccccc2)C(=O)[C@@H]2CCCN2C(=O)CN(Cc2ccccc2)C1=O,hepta_971,4548,-6.48,7,7,Circle,0.172656,0.0698871,-34.2366,8.863,7.701,1.162,0.143033,0.0482606,8.922,7.858,1.064,33,32,test,train,train,train,train,train,train,test,train,train,,test,-0.2400000000000002,-0.00037274137
4542,2020_Townsend,CC(C)C[C@H]1C(=O)N2CCC[C@H]2C(=O)N(C)[C@H](CC(C)C)C(=O)N[C@@H](Cc2ccccc2)C(=O)N2CCC[C@H]2C(=O)N[C@H](C)C(=O)N(Cc2ccccc2)CC(=O)N1C,hepta_965,4542,-5.24,7,7,Circle,0.25703,0.117285,-32.4816,9.438,8.253,1.185,0.115526,0.039981,9.167,8.27,0.897,38,12,train,val,train,train,train,train,val,test,train,train,,train,0.3799999999999999,-0.00324779
4540,2020_Townsend,CC(C)C[C@H]1C(=O)N(Cc2ccccc2)CC(=O)N2CCC[C@H]2C(=O)N(C)[C@H](CC(C)C)C(=O)N[C@@H](Cc2ccccc2)C(=O)N2CCC[C@H]2C(=O)N[C@H](C)C(=O)N1C,hepta_963,4540,-5.9,7,7,Circle,0.144933,0.0487697,-34.7862,9.351,8.259,1.092,0.193944,0.0771866,9.361,8.199,1.162,51,70,train,train,train,train,test,train,train,test,train,train,,train,0.0499999999999998,0.13284537
4529,2020_Townsend,CC(C)C[C@@H]1NC(=O)[C@@H](C)NC(=O)[C@@H]2CCCN2C(=O)[C@H](Cc2ccccc2)NC(=O)CN(Cc2ccccc2)C(=O)[C@@H]2CCCN2C(=O)[C@@H](CC(C)C)N(C)C1=O,hepta_952,4529,-6.07,7,7,Circle,0.233463,0.114395,-38.336,9.493,8.146,1.347,0.130227,0.0416544,8.65,7.475,1.175,36,32,train,val,train,train,test,train,train,test,val,train,,train,-0.0350000000000001,-0.035600923
4487,2020_Townsend,CC(C)C[C@H]1C(=O)N2CCC[C@H]2C(=O)N[C@H](CC(C)C)C(=O)N[C@@H](Cc2ccccc2)C(=O)N2CCC[C@H]2C(=O)N[C@H](C)C(=O)N[C@H](CC(C)C)C(=O)N1C,hepta_910,4487,-6.51,7,7,Circle,0.137511,0.0489218,-36.123,9.142,7.86,1.282,0.136632,0.0648342,8.693,7.476,1.217,27,55,train,test,train,train,train,train,train,test,train,val,,train,-0.2549999999999999,0.015387066
4481,2020_Townsend,CC(C)C[C@@H]1NC(=O)[C@@H](C)NC(=O)[C@@H]2CCCN2C(=O)[C@H](Cc2ccccc2)NC(=O)[C@@H](CC(C)C)NC(=O)[C@@H]2CCCN2C(=O)[C@H](CC(C)C)NC1=O,hepta_904,4481,-10.0,7,7,Circle,0.220828,0.100747,-30.6882,8.707,7.356,1.351,0.126234,0.0424968,8.434,7.146,1.288,95,63,train,train,train,train,train,train,val,test,train,train,,train,-1.0,0.016149856
4470,2020_Townsend,CCCN1CC(=O)N(Cc2ccccc2)CC(=O)N(C)[C@@H](CC(C)C)C(=O)N2CCC[C@@H]2C(=O)N(C)[C@@H](CC(C)C)C(=O)N[C@@H](Cc2ccccc2)C(=O)N2CCC[C@H]2C1=O,hepta_893,4470,-5.25,7,7,Circle,0.149604,0.0535128,-29.8697,9.803,8.778,1.025,0.136314,0.0548318,9.417,8.347,1.07,37,8,train,train,train,test,val,train,val,test,test,train,,train,0.375,0.39786598
4465,2020_Townsend,CCCN1CC(=O)N(C)[C@H](CC(C)C)C(=O)N(C)[C@@H](CC(C)C)C(=O)N2CCC[C@@H]2C(=O)N(Cc2ccccc2)CC(=O)N[C@@H](Cc2ccccc2)C(=O)N2CCC[C@H]2C1=O,hepta_888,4465,-5.38,7,7,Circle,0.154318,0.054754,-28.2769,9.229,8.015,1.214,0.14626,0.052075,9.084,7.951,1.133,30,24,train,train,train,train,train,test,train,test,train,train,,train,0.31,0.34367847
4464,2020_Townsend,CCCN1CC(=O)N(Cc2ccccc2)CC(=O)N(C)[C@@H](CC(C)C)C(=O)N2CCC[C@@H]2C(=O)N(C)[C@H](CC(C)C)C(=O)N[C@@H](Cc2ccccc2)C(=O)N2CCC[C@H]2C1=O,hepta_887,4464,-5.34,7,7,Circle,0.142161,0.0478548,-33.1329,9.165,8.027,1.138,0.149134,0.0638365,9.293,8.151,1.142,56,81,train,train,val,train,train,train,train,test,train,train,,train,0.33,0.3166443
4461,2020_Townsend,CCCN1CC(=O)N(C)[C@H](CC(C)C)C(=O)N(Cc2ccccc2)CC(=O)N2CCC[C@@H]2C(=O)N(C)[C@@H](CC(C)C)C(=O)N[C@@H](Cc2ccccc2)C(=O)N2CCC[C@H]2C1=O,hepta_884,4461,-6.0,7,7,Circle,0.158292,0.0438816,-37.9355,9.263,8.114,1.149,0.1234,0.0418623,9.106,8.148,0.958,68,36,train,test,train,train,train,val,val,test,train,val,,train,0.0,0.3320163
4448,2020_Townsend,CCCN1CC(=O)N(C)[C@@H](CC(C)C)C(=O)N[C@H](CC(C)C)C(=O)N2CCC[C@@H]2C(=O)N(Cc2ccccc2)CC(=O)N[C@@H](Cc2ccccc2)C(=O)N2CCC[C@H]2C1=O,hepta_871,4448,-5.22,7,7,Circle,0.174571,0.0677698,-32.232,9.503,8.259,1.244,0.145159,0.049685,9.167,8.048,1.119,9,88,train,train,val,test,train,test,train,test,train,train,,train,0.3900000000000001,0.3381192
4443,2020_Townsend,CCCN1CC(=O)N[C@@H](CC(C)C)C(=O)N[C@@H](Cc2ccccc2)CC(=O)N2CCC[C@@H]2C(=O)N[C@H](CC(C)C)C(=O)N[C@@H](Cc2ccccc2)C(=O)N2CCC[C@H]2C1=O,hepta_866,4443,-6.5,7,7,Circle,0.21159,0.0823973,-29.5649,9.188,7.866,1.322,0.134298,0.0384048,8.824,7.52,1.304,4,53,test,train,train,test,test,val,train,test,train,train,,test,-0.25,-0.58343524
4437,2020_Townsend,CCCN1CC(=O)N(C)[C@H](CC(C)C)C(=O)N[C@H](CC(C)C)C(=O)N2CCC[C@@H]2C(=O)N(Cc2ccccc2)CC(=O)N[C@@H](Cc2ccccc2)C(=O)N2CCC[C@H]2C1=O,hepta_860,4437,-5.21,7,7,Circle,0.167451,0.0595818,-25.5011,8.962,7.719,1.243,0.126607,0.0374274,8.884,7.65,1.234,81,83,train,train,train,train,train,train,train,test,train,test,,train,0.395,0.29885802
4436,2020_Townsend,CCCN1CC(=O)N(C)[C@H](CC(C)C)C(=O)N(Cc2ccccc2)CC(=O)N2CCC[C@@H]2C(=O)N[C@H](CC(C)C)C(=O)N[C@@H](Cc2ccccc2)C(=O)N2CCC[C@H]2C1=O,hepta_859,4436,-5.64,7,7,Circle,0.173642,0.0784808,-26.8161,9.189,8.008,1.181,0.158096,0.0626407,9.099,7.962,1.137,61,43,train,train,train,train,train,train,train,test,train,train,,train,0.1800000000000001,-0.08472442
4405,2020_Townsend,CCCN1CC(=O)N(C)[C@H](CC(C)C)C(=O)N(C)[C@H](CC(C)C)C(=O)N2CCC[C@@H]2C(=O)N[C@H](CC(C)C)C(=O)N[C@@H](Cc2ccccc2)C(=O)N2CCC[C@H]2C1=O,hepta_828,4405,-5.88,7,7,Circle,0.127188,0.0415756,-24.5993,9.092,7.892,1.2,0.12291,0.0490255,8.958,7.798,1.16,83,48,train,train,train,train,train,train,train,test,train,train,,train,0.06,0.4025642
4389,2020_Townsend,CCCN1CC(=O)N(C)[C@H](CC(C)C)C(=O)N[C@H](CC(C)C)C(=O)N2CCC[C@@H]2C(=O)N[C@H](CC(C)C)C(=O)N[C@@H](Cc2ccccc2)C(=O)N2CCC[C@H]2C1=O,hepta_812,4389,-6.26,7,7,Circle,0.148608,0.0564355,-22.9294,9.279,8.096,1.183,0.12836,0.0434923,9.076,7.938,1.138,34,63,train,train,train,test,train,train,train,test,val,test,,train,-0.1299999999999999,0.017893955
4364,2020_Townsend,CC(C)C[C@@H]1NC(=O)[C@@H](C)N(C)C(=O)[C@H]2CCCN2C(=O)[C@H](Cc2ccccc2)NC(=O)[C@@H](CC(C)C)N(C)C(=O)[C@H]2CCCN2C(=O)C[C@H](Cc2ccccc2)NC1=O,hepta_787,4364,-6.25,7,7,Circle,0.151206,0.0478048,-19.9102,9.172,8.195,0.977,0.157208,0.060829,9.222,8.206,1.016,16,65,train,test,train,val,train,train,train,test,test,test,,train,-0.125,0.07010426
4358,2020_Townsend,CC(C)C[C@H]1NC(=O)[C@H]2CCCN2C(=O)C[C@H](Cc2ccccc2)NC(=O)[C@@H](CC(C)C)N(C)C(=O)[C@@H](C)N(C)C(=O)[C@H]2CCCN2C(=O)[C@H](Cc2ccccc2)NC1=O,hepta_781,4358,-6.18,7,7,Circle,0.258247,0.110863,-32.7338,9.645,8.551,1.094,0.144511,0.0605993,9.561,8.43,1.131,74,61,train,train,train,test,train,train,train,test,train,test,,train,-0.0899999999999998,-0.1977565
4326,2020_Townsend,CC(C)C[C@@H]1NC(=O)[C@H]2CCCN2C(=O)[C@H](CC(C)C)N(C)C(=O)[C@H](CC(C)C)N(C)C(=O)[C@@H](C)N(C)C(=O)[C@H]2CCCN2C(=O)[C@H](Cc2ccccc2)NC1=O,hepta_749,4326,-10.0,7,7,Circle,0.169206,0.0735724,-35.332,9.563,8.412,1.151,0.174769,0.0878703,9.181,8.131,1.05,59,74,test,train,test,train,test,train,train,test,train,train,,test,-1.0,-0.010672055
4320,2020_Townsend,CC(C)C[C@@H]1NC(=O)[C@@H](C)N(C)C(=O)[C@H]2CCCN2C(=O)[C@H](Cc2ccccc2)NC(=O)[C@@H](CC(C)C)N(C)C(=O)[C@H]2CCCN2C(=O)[C@H](CC(C)C)N(C)C1=O,hepta_743,4320,-5.16,7,7,Circle,0.184464,0.0670722,-37.0457,9.668,8.473,1.195,0.123968,0.0457474,8.961,8.071,0.89,27,29,train,train,val,val,train,train,train,test,test,train,,train,0.4199999999999999,0.31458312
4317,2020_Townsend,CC(C)C[C@@H]1NC(=O)[C@H]2CCCN2C(=O)[C@@H](CC(C)C)N(C)C(=O)[C@H](CC(C)C)N(C)C(=O)[C@@H](C)N(C)C(=O)[C@H]2CCCN2C(=O)[C@H](Cc2ccccc2)NC1=O,hepta_740,4317,-6.78,7,7,Circle,0.14735,0.0436948,-29.9053,9.566,8.278,1.288,0.127044,0.047433,9.371,8.199,1.172,43,3,train,train,train,train,train,train,test,test,train,val,,train,-0.3900000000000001,-0.39048532
4290,2020_Townsend,CC(C)C[C@@H]1NC(=O)[C@@H](C)N(C)C(=O)[C@H]2CCCN2C(=O)[C@H](Cc2ccccc2)NC(=O)[C@H](CC(C)C)NC(=O)[C@H]2CCCN2C(=O)[C@H](CC(C)C)NC1=O,hepta_713,4290,-6.61,7,7,Circle,0.100232,0.0342827,-27.7545,8.773,7.697,1.076,0.103312,0.0334472,8.755,7.758,0.997,30,79,train,test,test,train,train,train,test,test,train,train,,train,-0.3050000000000001,0.013335872
4284,2020_Townsend,CC(C)C[C@H]1C(=O)N[C@@H](Cc2ccccc2)CC(=O)N2CCC[C@@H]2C(=O)N(Cc2ccccc2)CC(=O)N[C@@H](Cc2ccccc2)C(=O)N2CCC[C@@H]2C(=O)N(C)[C@@H](C)C(=O)N1C,hepta_707,4284,-5.8,7,7,Circle,0.168028,0.049332,-28.1645,9.628,8.439,1.189,0.161772,0.0418526,9.89,8.606,1.284,97,32,train,test,train,train,train,train,test,test,train,test,,train,0.1,-0.33415413
4281,2020_Townsend,CC(C)C[C@@H]1NC(=O)[C@H](C)N(C)C(=O)[C@H]2CCCN2C(=O)[C@H](Cc2ccccc2)NC(=O)CN(Cc2ccccc2)C(=O)[C@H]2CCCN2C(=O)C[C@H](Cc2ccccc2)NC1=O,hepta_704,4281,-5.94,7,7,Circle,0.202278,0.0719395,-28.9563,9.352,8.07,1.282,0.15067,0.0514702,9.154,7.981,1.173,22,99,train,train,train,train,train,train,train,test,train,train,,train,0.0299999999999998,-0.32577863
4272,2020_Townsend,CC(C)C[C@H]1C(=O)N(Cc2ccccc2)CC(=O)N2CCC[C@@H]2C(=O)N(C)[C@@H](CC(C)C)C(=O)N[C@@H](Cc2ccccc2)C(=O)N2CCC[C@@H]2C(=O)N(C)[C@@H](C)C(=O)N1C,hepta_695,4272,-5.62,7,7,Circle,0.156901,0.0465338,-27.4053,9.466,8.456,1.01,0.164762,0.0582952,9.285,8.257,1.028,14,9,train,train,train,train,train,train,train,test,test,train,,train,0.1899999999999999,0.36113274
4245,2020_Townsend,CC(C)C[C@@H]1NC(=O)[C@H](C)N(C)C(=O)[C@H]2CCCN2C(=O)[C@H](Cc2ccccc2)NC(=O)[C@@H](CC(C)C)NC(=O)[C@H]2CCCN2C(=O)C[C@H](Cc2ccccc2)NC1=O,hepta_668,4245,-6.26,7,7,Circle,0.172919,0.0431965,-29.7649,9.623,8.131,1.492,0.133468,0.0473873,8.806,7.736,1.07,58,37,train,train,train,val,train,train,train,test,train,test,,train,-0.1299999999999999,-0.3997289
4242,2020_Townsend,CC(C)C[C@H]1C(=O)N2CCC[C@@H]2C(=O)N(C)[C@@H](CC(C)C)C(=O)N[C@@H](Cc2ccccc2)C(=O)N2CCC[C@@H]2C(=O)N(C)[C@@H](C)C(=O)N(C)[C@H](CC(C)C)C(=O)N1C,hepta_665,4242,-4.96,7,7,Circle,0.108701,0.0404286,-19.9596,9.168,8.183,0.985,0.128439,0.0611688,9.369,8.295,1.074,79,84,train,train,train,train,val,train,val,test,test,train,,train,0.52,0.31883588
4200,2020_Townsend,CC(C)C[C@@H]1NC(=O)[C@H](C)N(C)C(=O)[C@H]2CCCN2C(=O)[C@H](Cc2ccccc2)NC(=O)[C@@H](CC(C)C)N(C)C(=O)[C@H]2CCCN2C(=O)[C@H](CC(C)C)NC1=O,hepta_623,4200,-5.64,7,7,Circle,0.121096,0.057413,-41.4041,9.361,8.094,1.267,0.0922239,0.0392514,8.671,7.727,0.944,100,98,train,train,train,train,train,train,train,test,train,test,,train,0.1800000000000001,0.21963474
4197,2020_Townsend,CC(C)C[C@@H]1NC(=O)[C@H]2CCCN2C(=O)[C@H](CC(C)C)NC(=O)[C@@H](CC(C)C)N(C)C(=O)[C@H](C)N(C)C(=O)[C@H]2CCCN2C(=O)[C@H](Cc2ccccc2)NC1=O,hepta_620,4197,-6.09,7,7,Circle,0.148455,0.0523442,-22.9101,9.14,7.907,1.233,0.140561,0.0453265,9.315,8.225,1.09,6,31,train,train,train,train,val,train,test,test,val,train,,train,-0.0449999999999999,0.0124490075
4180,2020_Townsend,CC(C)C[C@@H]1C(=O)N[C@@H](Cc2ccccc2)CC(=O)N2CCC[C@H]2C(=O)N(Cc2ccccc2)CC(=O)N[C@@H](Cc2ccccc2)C(=O)N2CCC[C@@H]2C(=O)N(C)[C@H](C)C(=O)N1C,hepta_603,4180,-5.8,7,7,Circle,0.16422,0.0448701,-23.366,9.222,8.278,0.944,0.240003,0.108011,9.587,8.508,1.079,47,79,train,train,train,train,train,train,train,test,train,train,,train,0.1,0.08924003
4175,2020_Townsend,CC(C)C[C@@H]1C(=O)N[C@@H](Cc2ccccc2)C(=O)N2CCC[C@@H]2C(=O)N(C)[C@H](C)C(=O)N(Cc2ccccc2)CC(=O)N(Cc2ccccc2)CC(=O)N2CCC[C@H]2C(=O)N1C,hepta_598,4175,-5.47,7,7,Circle,0.22112,0.0782958,-43.1698,9.914,8.669,1.245,0.137086,0.0489631,8.932,8.105,0.827,84,84,train,val,train,train,test,train,train,test,train,train,,train,0.2650000000000001,0.02037213
4161,2020_Townsend,CC(C)C[C@@H]1C(=O)N[C@@H](Cc2ccccc2)C(=O)N2CCC[C@@H]2C(=O)N(C)[C@H](C)C(=O)N(C)[C@H](CC(C)C)C(=O)N(Cc2ccccc2)CC(=O)N2CCC[C@H]2C(=O)N1C,hepta_584,4161,-5.66,7,7,Circle,0.125532,0.0390618,-29.2863,9.324,8.069,1.255,0.174944,0.0638184,9.174,8.129,1.045,45,25,test,train,val,train,train,train,train,test,val,test,,test,0.1699999999999999,-0.019069783
4160,2020_Townsend,CC(C)C[C@@H]1C(=O)N2CCC[C@H]2C(=O)N(C)[C@H](CC(C)C)C(=O)N[C@@H](Cc2ccccc2)C(=O)N2CCC[C@@H]2C(=O)N(C)[C@H](C)C(=O)N(Cc2ccccc2)CC(=O)N1C,hepta_583,4160,-5.75,7,7,Circle,0.150284,0.0523616,-28.3749,9.799,8.416,1.383,0.116458,0.0410557,8.99,7.856,1.134,6,48,train,train,train,train,test,val,train,test,train,train,,train,0.125,0.22027373
4152,2020_Townsend,CC(C)C[C@@H]1NC(=O)[C@@H](C)N(C)C(=O)[C@H]2CCCN2C(=O)[C@H](Cc2ccccc2)NC(=O)CN(Cc2ccccc2)C(=O)[C@@H]2CCCN2C(=O)[C@@H](CC(C)C)N(C)C1=O,hepta_575,4152,-5.37,7,7,Circle,0.162427,0.0451522,-30.2456,9.567,8.305,1.262,0.144349,0.0420683,9.532,8.299,1.233,31,57,train,train,test,train,train,train,val,test,train,train,,train,0.3149999999999999,0.06381002
4142,2020_Townsend,CC(C)C[C@H]1NC(=O)[C@@H]2CCCN2C(=O)CN(Cc2ccccc2)C(=O)[C@@H](CC(C)C)N(C)C(=O)[C@@H](C)N(C)C(=O)[C@H]2CCCN2C(=O)[C@H](Cc2ccccc2)NC1=O,hepta_565,4142,-6.22,7,7,Circle,0.138886,0.0410379,-26.3865,8.617,7.587,1.03,0.112994,0.0344634,8.823,7.919,0.904,6,26,train,train,train,test,train,train,train,test,train,train,,train,-0.1099999999999998,-0.110119425
4138,2020_Townsend,CC(C)C[C@@H]1C(=O)N[C@@H](Cc2ccccc2)C(=O)N2CCC[C@@H]2C(=O)N(C)[C@H](C)C(=O)N(C)[C@H](CC(C)C)C(=O)N(C)[C@H](CC(C)C)C(=O)N2CCC[C@H]2C(=O)N1C,hepta_561,4138,-6.21,7,7,Circle,0.116993,0.0371867,-23.9293,9.139,7.964,1.175,0.139937,0.0580642,9.295,8.22,1.075,42,62,train,train,val,train,train,train,train,test,train,train,,train,-0.1049999999999999,0.512652
4114,2020_Townsend,CC(C)C[C@H]1NC(=O)[C@@H](CC(C)C)N(C)C(=O)[C@@H](C)N(C)C(=O)[C@H]2CCCN2C(=O)[C@H](Cc2ccccc2)NC(=O)[C@@H](CC(C)C)N(C)C(=O)[C@@H]2CCCN2C1=O,hepta_537,4114,-4.96,7,7,Circle,0.162513,0.0569299,-26.6102,9.626,8.513,1.113,0.1312,0.0478138,8.939,8.034,0.905,2,66,test,train,train,train,train,train,train,test,train,train,,test,0.52,0.4691623
4112,2020_Townsend,CC(C)C[C@@H]1NC(=O)[C@@H](C)N(C)C(=O)[C@H]2CCCN2C(=O)[C@H](Cc2ccccc2)NC(=O)[C@H](CC(C)C)N(C)C(=O)[C@@H]2CCCN2C(=O)[C@H](CC(C)C)NC1=O,hepta_535,4112,-5.45,7,7,Circle,0.152075,0.0468887,-32.6833,9.41,7.922,1.488,0.189091,0.0786068,8.985,7.76,1.225,67,41,train,val,train,train,test,train,train,test,train,train,,train,0.2749999999999999,0.07472602
4107,2020_Townsend,CC(C)C[C@@H]1NC(=O)[C@@H](C)N(C)C(=O)[C@H]2CCCN2C(=O)[C@H](Cc2ccccc2)NC(=O)[C@H](CC(C)C)N(C)C(=O)[C@@H]2CCCN2C(=O)[C@@H](CC(C)C)NC1=O,hepta_530,4107,-5.38,7,7,Circle,0.125964,0.0412489,-15.2558,8.827,7.887,0.94,0.106648,0.0349884,8.549,7.678,0.871,68,85,train,train,test,train,train,train,test,test,train,test,,train,0.31,0.3434477
4096,2020_Townsend,CC(C)C[C@H]1NC(=O)[C@@H](C)N(C)C(=O)[C@H]2CCCN2C(=O)[C@H](Cc2ccccc2)NC(=O)[C@@H](CC(C)C)N(C)C(=O)[C@@H]2CCCN2C(=O)[C@@H](CC(C)C)NC1=O,hepta_519,4096,-5.78,7,7,Circle,0.155647,0.0637274,-34.5883,9.231,7.922,1.309,0.105375,0.0557752,8.82,7.78,1.04,81,58,train,train,train,train,train,train,train,test,train,train,,train,0.1099999999999998,-0.10187454
4082,2020_Townsend,CC(C)C[C@@H]1C(=O)N2CCC[C@H]2C(=O)N(Cc2ccccc2)CC(=O)N[C@@H](Cc2ccccc2)C(=O)N2CCC[C@@H]2C(=O)N(C)[C@@H](C)C(=O)N(Cc2ccccc2)CC(=O)N1C,hepta_505,4082,-5.77,7,7,Circle,0.150661,0.043668,-33.6209,9.33,8.036,1.294,0.120398,0.0505637,9.025,7.713,1.312,67,86,train,train,train,train,val,train,train,test,train,train,,train,0.1150000000000002,-0.30432028
4070,2020_Townsend,CC(C)C[C@H]1C(=O)N2CCC[C@H]2C(=O)N(Cc2ccccc2)CC(=O)N[C@@H](Cc2ccccc2)C(=O)N2CCC[C@@H]2C(=O)N(C)[C@@H](C)C(=O)N(C)[C@H](CC(C)C)C(=O)N1C,hepta_493,4070,-5.27,7,7,Circle,0.165479,0.0461699,-24.1318,9.365,8.259,1.106,0.129509,0.0371574,9.542,8.379,1.163,19,91,train,train,train,train,train,train,train,test,train,train,,train,0.3650000000000002,0.43059698
4060,2020_Townsend,CC(C)C[C@H]1NC(=O)[C@H](C)N(C)C(=O)[C@H]2CCCN2C(=O)[C@H](Cc2ccccc2)NC(=O)[C@@H](CC(C)C)N(C)C(=O)[C@@H]2CCCN2C(=O)C[C@H](Cc2ccccc2)NC1=O,hepta_483,4060,-5.95,7,7,Circle,0.186948,0.0754467,-31.5885,9.771,8.365,1.406,0.206957,0.0836675,9.565,8.296,1.269,37,39,train,train,train,train,train,train,train,test,train,train,,train,0.0249999999999999,0.079409406
4040,2020_Townsend,CC(C)C[C@H]1C(=O)N(C)[C@@H](CC(C)C)C(=O)N2CCC[C@H]2C(=O)N(C)[C@H](CC(C)C)C(=O)N[C@@H](Cc2ccccc2)C(=O)N2CCC[C@@H]2C(=O)N(C)[C@@H](C)C(=O)N1C,hepta_463,4040,-5.19,7,7,Circle,0.131234,0.0393002,-24.1291,9.655,8.486,1.169,0.136363,0.0496081,9.523,8.478,1.045,58,61,train,train,train,train,train,train,train,test,train,train,,train,0.4049999999999998,0.34931463
4024,2020_Townsend,CC(C)C[C@@H]1NC(=O)[C@H](C)N(C)C(=O)[C@H]2CCCN2C(=O)[C@H](Cc2ccccc2)NC(=O)[C@H](CC(C)C)N(C)C(=O)[C@@H]2CCCN2C(=O)[C@@H](CC(C)C)N(C)C1=O,hepta_447,4024,-5.19,7,7,Circle,0.159801,0.0535958,-19.0015,9.232,7.969,1.263,0.139335,0.049215,9.252,7.972,1.28,93,31,train,train,train,train,train,train,test,test,train,train,,train,0.4049999999999998,0.4419588
4014,2020_Townsend,CC(C)C[C@@H]1NC(=O)[C@@H](CC(C)C)N(C)C(=O)[C@H](C)N(C)C(=O)[C@H]2CCCN2C(=O)[C@H](Cc2ccccc2)NC(=O)[C@@H](CC(C)C)N(C)C(=O)[C@@H]2CCCN2C1=O,hepta_437,4014,-5.04,7,7,Circle,0.181877,0.0642167,-28.2169,9.484,8.267,1.217,0.170097,0.0652475,9.083,8.071,1.012,65,57,train,train,train,train,train,test,train,test,train,test,,train,0.48,0.38672203
4007,2020_Townsend,CC(C)C[C@H]1NC(=O)[C@@H](CC(C)C)N(C)C(=O)[C@H](C)N(C)C(=O)[C@H]2CCCN2C(=O)[C@H](Cc2ccccc2)NC(=O)[C@@H](CC(C)C)N(C)C(=O)[C@@H]2CCCN2C1=O,hepta_430,4007,-5.66,7,7,Circle,0.146527,0.0493064,-22.4039,9.478,8.258,1.22,0.153312,0.0743132,9.283,8.172,1.111,26,78,val,train,train,test,train,train,train,test,train,train,,val,0.1699999999999999,0.34045133
3993,2020_Townsend,CC(C)C[C@@H]1NC(=O)[C@@H](CC(C)C)NC(=O)[C@H](C)N(C)C(=O)[C@H]2CCCN2C(=O)[C@H](Cc2ccccc2)NC(=O)[C@@H](CC(C)C)N(C)C(=O)[C@@H]2CCCN2C1=O,hepta_416,3993,-5.67,7,7,Circle,0.125688,0.041892,-32.2789,9.142,7.933,1.209,0.154985,0.089008,8.868,7.818,1.05,80,58,test,train,train,train,train,train,train,test,train,test,,test,0.165,0.16499309
3963,2020_Townsend,CC(C)C[C@H]1C(=O)N2CCC[C@@H]2C(=O)N(Cc2ccccc2)CC(=O)N[C@@H](Cc2ccccc2)C(=O)N2CCC[C@@H]2C(=O)N[C@H](C)C(=O)N(C)[C@H](CC(C)C)C(=O)N1C,hepta_386,3963,-5.64,7,7,Circle,0.152782,0.0451284,-40.1813,9.532,8.258,1.274,0.152885,0.0451068,9.272,8.215,1.057,45,56,val,train,test,train,train,train,train,test,train,test,,val,0.1800000000000001,0.08991039
3956,2020_Townsend,CC(C)C[C@H]1NC(=O)[C@H]2CCCN2C(=O)C[C@H](Cc2ccccc2)NC(=O)[C@@H](CC(C)C)N(C)C(=O)[C@@H](C)NC(=O)[C@H]2CCCN2C(=O)[C@H](Cc2ccccc2)NC1=O,hepta_379,3956,-6.07,7,7,Circle,0.156532,0.0678735,-30.9281,9.419,8.092,1.327,0.141797,0.0412266,9.152,7.977,1.175,42,88,train,train,train,train,train,train,train,test,train,train,,train,-0.0350000000000001,-0.09089599
3942,2020_Townsend,CC(C)C[C@H]1C(=O)N2CCC[C@@H]2C(=O)N(C)[C@@H](CC(C)C)C(=O)N[C@@H](Cc2ccccc2)C(=O)N2CCC[C@@H]2C(=O)N[C@H](C)C(=O)N(C)[C@H](CC(C)C)C(=O)N1C,hepta_365,3942,-5.5,7,7,Circle,0.157464,0.0726086,-20.5401,9.115,8.046,1.069,0.0803983,0.0365716,8.92,7.857,1.063,79,56,train,val,train,train,train,val,train,test,train,train,,train,0.25,0.48211658
3932,2020_Townsend,CC(C)C[C@@H]1NC(=O)[C@@H](C)NC(=O)[C@H]2CCCN2C(=O)[C@H](Cc2ccccc2)NC(=O)[C@H](CC(C)C)N(C)C(=O)[C@H]2CCCN2C(=O)[C@H](CC(C)C)N(C)C1=O,hepta_355,3932,-5.48,7,7,Circle,0.175998,0.0752009,-26.5247,8.988,7.92,1.068,0.105247,0.0461956,8.857,7.793,1.064,27,45,train,train,train,train,train,train,train,test,train,train,,train,0.2599999999999998,0.19015732
3915,2020_Townsend,CC(C)C[C@H]1C(=O)N[C@H](CC(C)C)C(=O)N2CCC[C@@H]2C(=O)N(C)[C@H](CC(C)C)C(=O)N[C@@H](Cc2ccccc2)C(=O)N2CCC[C@@H]2C(=O)N[C@H](C)C(=O)N1C,hepta_338,3915,-6.85,7,7,Circle,0.157272,0.0551183,-30.0121,9.429,7.999,1.43,0.111473,0.0551345,9.214,7.893,1.321,25,44,train,train,train,train,train,test,train,test,train,val,,train,-0.4249999999999998,0.171583
3909,2020_Townsend,CC(C)C[C@@H]1NC(=O)[C@@H](CC(C)C)NC(=O)[C@@H](C)NC(=O)[C@H]2CCCN2C(=O)[C@H](Cc2ccccc2)NC(=O)[C@H](CC(C)C)N(C)C(=O)[C@H]2CCCN2C1=O,hepta_332,3909,-6.0,7,7,Circle,0.208636,0.0816616,-29.5709,9.227,7.844,1.383,0.169722,0.0618224,8.959,7.712,1.247,75,76,train,train,train,train,train,val,train,test,test,train,,train,0.0,0.13996324
3900,2020_Townsend,CC(C)C[C@@H]1NC(=O)[C@@H](C)NC(=O)[C@H]2CCCN2C(=O)[C@H](Cc2ccccc2)NC(=O)[C@@H](CC(C)C)NC(=O)[C@H]2CCCN2C(=O)[C@@H](CC(C)C)N(C)C1=O,hepta_323,3900,-5.87,7,7,Circle,0.177197,0.0646252,-37.3802,9.307,7.915,1.392,0.097004,0.045855,9.135,7.824,1.311,26,7,train,train,train,train,train,train,train,test,train,train,,train,0.0649999999999999,0.19387254
3886,2020_Townsend,CC(C)C[C@H]1C(=O)N[C@@H](Cc2ccccc2)C(=O)N2CCC[C@@H]2C(=O)N[C@@H](C)C(=O)N(Cc2ccccc2)CC(=O)N[C@@H](Cc2ccccc2)CC(=O)N2CCC[C@@H]2C(=O)N1C,hepta_309,3886,-10.0,7,7,Circle,0.224961,0.0747048,-29.6115,9.335,8.079,1.256,0.137499,0.0505441,9.0,7.977,1.023,88,43,train,train,train,train,train,train,train,test,train,train,,train,-1.0,0.1270645
3881,2020_Townsend,CC(C)C[C@@H]1C(=O)N[C@@H](Cc2ccccc2)CC(=O)N2CCC[C@@H]2C(=O)N(C)[C@H](CC(C)C)C(=O)N[C@@H](Cc2ccccc2)C(=O)N2CCC[C@@H]2C(=O)N[C@@H](C)C(=O)N1C,hepta_304,3881,-5.52,7,7,Circle,0.246073,0.108472,-31.8091,9.601,8.205,1.396,0.165278,0.0416495,9.119,8.037,1.082,3,73,train,train,train,train,test,train,test,test,train,train,,train,0.2400000000000002,0.13522258
3879,2020_Townsend,CC(C)C[C@@H]1NC(=O)[C@H]2CCCN2C(=O)CN(Cc2ccccc2)C(=O)CN(Cc2ccccc2)C(=O)[C@H](C)NC(=O)[C@H]2CCCN2C(=O)[C@H](Cc2ccccc2)NC1=O,hepta_302,3879,-6.76,7,7,Circle,0.13976,0.0427215,-37.1758,8.871,7.543,1.328,0.167091,0.0441053,8.857,7.636,1.221,46,85,train,test,train,train,train,train,train,test,train,train,,train,-0.3799999999999999,-0.9105971
3862,2020_Townsend,CC(C)C[C@H]1NC(=O)[C@H](C)NC(=O)[C@H]2CCCN2C(=O)[C@H](Cc2ccccc2)NC(=O)[C@@H](CC(C)C)N(C)C(=O)[C@H]2CCCN2C(=O)CN(Cc2ccccc2)C1=O,hepta_285,3862,-5.62,7,7,Circle,0.136013,0.0437581,-43.1071,9.625,8.307,1.318,0.118572,0.0391385,8.969,7.83,1.139,86,35,test,train,train,val,train,train,train,test,train,train,,test,0.1899999999999999,0.14885142
3857,2020_Townsend,CC(C)C[C@@H]1NC(=O)[C@H](C)NC(=O)[C@H]2CCCN2C(=O)[C@H](Cc2ccccc2)NC(=O)CN(Cc2ccccc2)C(=O)[C@H]2CCCN2C(=O)[C@H](CC(C)C)NC1=O,hepta_280,3857,-5.76,7,7,Circle,0.212301,0.0910348,-39.3703,9.128,7.685,1.443,0.137425,0.0429591,9.189,7.92,1.269,76,61,train,train,train,train,val,train,train,test,test,test,,train,0.1200000000000001,0.010989744
3838,2020_Townsend,CC(C)C[C@H]1NC(=O)[C@@H](CC(C)C)N(C)C(=O)[C@H](C)NC(=O)[C@H]2CCCN2C(=O)[C@H](Cc2ccccc2)NC(=O)[C@@H](CC(C)C)N(C)C(=O)[C@H]2CCCN2C1=O,hepta_261,3838,-5.31,7,7,Circle,0.128222,0.0481389,-27.3257,8.991,7.725,1.266,0.152808,0.0512883,8.944,7.867,1.077,50,53,train,val,train,train,train,train,train,test,train,train,,train,0.3450000000000002,0.24062166
3832,2020_Townsend,CC(C)C[C@@H]1NC(=O)[C@H](C)NC(=O)[C@H]2CCCN2C(=O)[C@H](Cc2ccccc2)NC(=O)[C@H](CC(C)C)N(C)C(=O)[C@H]2CCCN2C(=O)[C@@H](CC(C)C)NC1=O,hepta_255,3832,-6.68,7,7,Circle,0.125203,0.042207,-24.5444,8.846,7.674,1.172,0.116247,0.0401067,8.873,7.756,1.117,35,100,val,train,train,train,train,test,train,test,test,train,,val,-0.3399999999999998,-0.3847376
3828,2020_Townsend,CC(C)C[C@@H]1NC(=O)[C@H]2CCCN2C(=O)[C@H](CC(C)C)N(C)C(=O)[C@@H](CC(C)C)NC(=O)[C@H](C)NC(=O)[C@H]2CCCN2C(=O)[C@H](Cc2ccccc2)NC1=O,hepta_251,3828,-6.95,7,7,Circle,0.140413,0.0572936,-29.6209,9.154,7.702,1.452,0.0942734,0.038187,8.419,7.18,1.239,49,39,val,train,train,val,train,train,train,test,train,val,,val,-0.4750000000000001,-0.4211903
3808,2020_Townsend,CC(C)C[C@H]1C(=O)N[C@@H](Cc2ccccc2)C(=O)N2CCC[C@@H]2C(=O)N[C@H](C)C(=O)N(C)[C@H](CC(C)C)C(=O)N[C@@H](Cc2ccccc2)CC(=O)N2CCC[C@H]2C(=O)N1C,hepta_231,3808,-5.04,7,7,Circle,0.172118,0.0518437,-22.1594,9.52,8.31,1.21,0.142909,0.0533644,9.295,7.992,1.303,97,82,train,val,train,train,train,train,train,test,train,val,,train,0.48,0.39751068
3804,2020_Townsend,CC(C)C[C@@H]1NC(=O)CN(Cc2ccccc2)C(=O)[C@@H](C)NC(=O)[C@H]2CCCN2C(=O)[C@H](Cc2ccccc2)NC(=O)CN(Cc2ccccc2)C(=O)[C@@H]2CCCN2C1=O,hepta_227,3804,-6.24,7,7,Circle,0.191593,0.0602851,-40.457,8.935,7.724,1.211,0.262438,0.121923,9.007,7.888,1.119,39,87,train,val,train,train,train,test,test,test,train,test,,train,-0.1200000000000001,-0.04596751
3801,2020_Townsend,CC(C)C[C@H]1NC(=O)[C@@H](C)NC(=O)[C@H]2CCCN2C(=O)[C@H](Cc2ccccc2)NC(=O)CN(Cc2ccccc2)C(=O)[C@@H]2CCCN2C(=O)CN(Cc2ccccc2)C1=O,hepta_224,3801,-6.54,7,7,Circle,0.19385,0.0817791,-40.7764,9.275,7.896,1.379,0.141086,0.0369268,9.275,7.89,1.385,50,100,train,train,train,train,val,train,train,test,train,test,,train,-0.27,0.07000837
3799,2020_Townsend,CC(C)C[C@@H]1NC(=O)[C@@H](C)NC(=O)[C@H]2CCCN2C(=O)[C@H](Cc2ccccc2)NC(=O)[C@@H](CC(C)C)N(C)C(=O)[C@@H]2CCCN2C(=O)C[C@H](Cc2ccccc2)NC1=O,hepta_222,3799,-10.0,7,7,Circle,0.176214,0.0426901,-29.9512,8.839,7.475,1.364,0.0788334,0.0352802,8.855,7.828,1.027,73,41,val,train,train,train,train,train,train,test,train,val,,val,-1.0,0.045631606
3795,2020_Townsend,CC(C)C[C@@H]1NC(=O)[C@@H]2CCCN2C(=O)C[C@H](Cc2ccccc2)NC(=O)[C@@H](CC(C)C)N(C)C(=O)[C@@H](C)NC(=O)[C@H]2CCCN2C(=O)[C@H](Cc2ccccc2)NC1=O,hepta_218,3795,-6.25,7,7,Circle,0.157251,0.0465425,-31.0606,9.241,7.975,1.266,0.134199,0.0474279,9.101,7.73,1.371,47,46,train,train,val,val,train,train,train,test,train,train,,train,-0.125,-0.16001016
3792,2020_Townsend,CC(C)C[C@@H]1NC(=O)[C@@H](C)NC(=O)[C@H]2CCCN2C(=O)[C@H](Cc2ccccc2)NC(=O)[C@H](CC(C)C)N(C)C(=O)[C@@H]2CCCN2C(=O)CN(Cc2ccccc2)C1=O,hepta_215,3792,-5.9,7,7,Circle,0.138115,0.045938,-46.0557,9.698,8.38,1.318,0.119715,0.0462975,9.109,7.848,1.261,4,80,train,train,train,train,train,train,test,test,val,train,,train,0.0499999999999998,0.28945902
3787,2020_Townsend,CC(C)C[C@@H]1NC(=O)[C@@H](C)NC(=O)[C@H]2CCCN2C(=O)[C@H](Cc2ccccc2)NC(=O)[C@@H](CC(C)C)N(C)C(=O)[C@@H]2CCCN2C(=O)CN(Cc2ccccc2)C1=O,hepta_210,3787,-5.75,7,7,Circle,0.167184,0.0704507,-41.0716,9.24,7.834,1.406,0.136835,0.0632972,8.851,7.463,1.388,2,71,test,train,train,train,train,train,train,test,train,train,,test,0.125,-0.122593634
3771,2020_Townsend,CC(C)C[C@@H]1NC(=O)[C@H](CC(C)C)N(C)C(=O)[C@@H](C)NC(=O)[C@H]2CCCN2C(=O)[C@H](Cc2ccccc2)NC(=O)[C@H](CC(C)C)N(C)C(=O)[C@@H]2CCCN2C1=O,hepta_194,3771,-5.72,7,7,Circle,0.254343,0.0973913,-33.8771,9.389,8.045,1.344,0.113456,0.0461654,8.948,7.807,1.141,4,80,train,train,train,train,train,train,test,test,train,test,,train,0.1400000000000001,0.2504804
3760,2020_Townsend,CC(C)C[C@H]1C(=O)N[C@@H](Cc2ccccc2)C(=O)N2CCC[C@@H]2C(=O)N[C@H](C)C(=O)N[C@H](CC(C)C)C(=O)N(C)[C@@H](CC(C)C)C(=O)N2CCC[C@H]2C(=O)N1C,hepta_183,3760,-5.78,7,7,Circle,0.121026,0.0414336,-24.1545,8.842,7.769,1.073,0.121651,0.0507135,8.666,7.488,1.178,46,78,train,train,train,train,train,val,train,test,train,train,,train,0.1099999999999998,-0.2568338
3751,2020_Townsend,CC(C)C[C@H]1C(=O)N[C@@H](Cc2ccccc2)C(=O)N2CCC[C@@H]2C(=O)N[C@H](C)C(=O)N(C)[C@H](CC(C)C)C(=O)N[C@H](CC(C)C)C(=O)N2CCC[C@H]2C(=O)N1C,hepta_174,3751,-6.2,7,7,Circle,0.126217,0.0397747,-27.018,9.004,7.819,1.185,0.111444,0.045378,8.764,7.63,1.134,72,55,train,train,train,train,val,train,train,test,train,train,,train,-0.1,0.16839768
3726,2020_Townsend,CC(C)C[C@H]1C(=O)N[C@@H](Cc2ccccc2)C(=O)N2CCC[C@@H]2C(=O)N[C@@H](C)C(=O)N(Cc2ccccc2)CC(=O)N[C@@H](Cc2ccccc2)CC(=O)N2CCC[C@H]2C(=O)N1C,hepta_149,3726,-5.63,7,7,Circle,0.16075,0.0589701,-27.2397,9.015,7.766,1.249,0.148099,0.046844,8.995,7.731,1.264,57,66,train,train,train,train,train,train,val,test,train,train,,train,0.185,0.15276289
3719,2020_Townsend,CC(C)C[C@H]1C(=O)N[C@@H](Cc2ccccc2)C(=O)N2CCC[C@@H]2C(=O)N[C@@H](C)C(=O)N(C)[C@H](CC(C)C)C(=O)N[C@@H](Cc2ccccc2)CC(=O)N2CCC[C@H]2C(=O)N1C,hepta_142,3719,-5.94,7,7,Circle,0.167081,0.0516301,-19.1261,9.167,7.911,1.256,0.132789,0.0399984,9.279,8.019,1.26,50,38,train,train,train,train,test,train,train,test,train,val,,train,0.0299999999999998,0.2306084
3711,2020_Townsend,CC(C)C[C@H]1C(=O)N[C@@H](Cc2ccccc2)C(=O)N2CCC[C@@H]2C(=O)N[C@@H](C)C(=O)N(C)[C@H](CC(C)C)C(=O)N(Cc2ccccc2)CC(=O)N2CCC[C@H]2C(=O)N1C,hepta_134,3711,-5.56,7,7,Circle,0.17197,0.0651076,-34.2457,9.341,8.219,1.122,0.10359,0.0401503,8.709,7.538,1.171,16,54,train,val,train,train,train,train,train,test,train,val,,train,0.2200000000000002,0.22114149
3709,2020_Townsend,CC(C)C[C@@H]1C(=O)N(Cc2ccccc2)CC(=O)N2CCC[C@H]2C(=O)N(C)[C@H](CC(C)C)C(=O)N[C@@H](Cc2ccccc2)C(=O)N2CCC[C@@H]2C(=O)N[C@@H](C)C(=O)N1C,hepta_132,3709,-5.81,7,7,Circle,0.197382,0.0835868,-38.4677,9.466,8.122,1.344,0.135579,0.0619208,8.682,7.487,1.195,12,53,train,train,test,train,train,train,train,test,train,train,,train,0.0950000000000002,0.2673434
3690,2020_Townsend,CC(C)C[C@@H]1NC(=O)[C@@H]2CCCN2C(=O)CN(Cc2ccccc2)C(=O)[C@H](CC(C)C)NC(=O)[C@H](C)NC(=O)[C@H]2CCCN2C(=O)[C@H](Cc2ccccc2)NC1=O,hepta_113,3690,-6.17,7,7,Circle,0.213974,0.0921817,-32.6696,9.075,7.697,1.378,0.146307,0.0467644,8.405,7.321,1.084,13,33,train,train,train,val,train,train,train,test,train,train,,train,-0.0849999999999999,0.06213861
3679,2020_Townsend,CC(C)C[C@@H]1NC(=O)[C@H](C)NC(=O)[C@H]2CCCN2C(=O)[C@H](Cc2ccccc2)NC(=O)[C@@H](CC(C)C)N(C)C(=O)[C@@H]2CCCN2C(=O)[C@@H](CC(C)C)N(C)C1=O,hepta_102,3679,-6.1,7,7,Circle,0.155363,0.0493567,-27.0605,9.259,7.941,1.318,0.136393,0.0406616,9.141,7.873,1.268,38,71,val,train,train,train,train,val,train,test,train,val,,val,-0.0499999999999998,-0.33267677
3675,2020_Townsend,CC(C)C[C@H]1NC(=O)[C@@H]2CCCN2C(=O)[C@@H](CC(C)C)N(C)C(=O)[C@@H](CC(C)C)N(C)C(=O)[C@H](C)NC(=O)[C@H]2CCCN2C(=O)[C@H](Cc2ccccc2)NC1=O,hepta_98,3675,-6.22,7,7,Circle,0.167743,0.0682495,-21.5141,8.859,7.653,1.206,0.116769,0.0509063,9.1,7.867,1.233,49,14,test,train,train,test,test,train,test,test,train,train,,test,-0.1099999999999998,0.08249442
3669,2020_Townsend,CC(C)C[C@@H]1NC(=O)[C@@H](CC(C)C)NC(=O)[C@H](C)NC(=O)[C@H]2CCCN2C(=O)[C@H](Cc2ccccc2)NC(=O)[C@H](CC(C)C)N(C)C(=O)[C@@H]2CCCN2C1=O,hepta_92,3669,-6.34,7,7,Circle,0.146635,0.0453074,-37.7525,9.276,7.791,1.485,0.11608,0.03934,8.687,7.518,1.169,55,68,val,train,train,train,train,train,train,test,test,train,,val,-0.1699999999999999,-0.28799284
3666,2020_Townsend,CC(C)C[C@@H]1NC(=O)[C@@H](CC(C)C)N(C)C(=O)[C@H](C)NC(=O)[C@H]2CCCN2C(=O)[C@H](Cc2ccccc2)NC(=O)[C@@H](CC(C)C)NC(=O)[C@@H]2CCCN2C1=O,hepta_89,3666,-6.08,7,7,Circle,0.130932,0.0517835,-23.0409,8.675,7.422,1.253,0.119557,0.0408467,8.782,7.557,1.225,18,85,train,train,train,test,train,train,train,test,train,train,,train,-0.04,-0.12750724
3655,2020_Townsend,CC(C)C[C@@H]1NC(=O)[C@@H](CC(C)C)NC(=O)[C@H](C)NC(=O)[C@H]2CCCN2C(=O)[C@H](Cc2ccccc2)NC(=O)[C@@H](CC(C)C)NC(=O)[C@@H]2CCCN2C1=O,hepta_78,3655,-10.0,7,7,Circle,0.150941,0.0579433,-26.4437,8.689,7.318,1.371,0.136827,0.0482748,8.354,7.091,1.263,82,48,train,train,train,train,train,val,train,test,val,train,,train,-1.0,-1.0686538
3622,2020_Townsend,CCCN1CC(=O)N[C@H](CC(C)C)C(=O)N(C)[C@@H](CC(C)C)C(=O)N2CCC[C@H]2C(=O)N(Cc2ccccc2)CC(=O)N[C@@H](Cc2ccccc2)C(=O)N2CCC[C@@H]2C1=O,hepta_45,3622,-5.36,7,7,Circle,0.253605,0.126821,-35.3465,9.724,8.489,1.235,0.12231,0.0415025,9.21,8.209,1.001,8,97,train,train,train,train,train,train,train,test,train,test,,train,0.3199999999999998,0.12778737
3617,2020_Townsend,CCCN1CC(=O)N(C)[C@H](CC(C)C)C(=O)N(C)[C@@H](CC(C)C)C(=O)N2CCC[C@H]2C(=O)N(C)[C@H](CC(C)C)C(=O)N[C@@H](Cc2ccccc2)C(=O)N2CCC[C@@H]2C1=O,hepta_40,3617,-4.94,7,7,Circle,0.155093,0.0593809,-18.4624,9.718,8.606,1.112,0.134937,0.0405336,9.147,8.026,1.121,60,23,test,val,train,train,train,train,train,test,train,train,,test,0.5299999999999998,0.53821546
3596,2020_Townsend,CCCN1CC(=O)N(C)[C@H](CC(C)C)C(=O)N(C)[C@H](CC(C)C)C(=O)N2CCC[C@H]2C(=O)N[C@H](CC(C)C)C(=O)N[C@@H](Cc2ccccc2)C(=O)N2CCC[C@@H]2C1=O,hepta_19,3596,-5.81,7,7,Circle,0.17854,0.0579344,-42.587,10.019,8.785,1.234,0.129658,0.04614,9.55,8.564,0.986,13,3,train,train,train,train,train,train,train,test,train,test,,train,0.0950000000000002,-0.3706479
3589,2020_Townsend,CCCN1CC(=O)N(C)[C@@H](CC(C)C)C(=O)N[C@H](CC(C)C)C(=O)N2CCC[C@H]2C(=O)N[C@@H](CC(C)C)C(=O)N[C@@H](Cc2ccccc2)C(=O)N2CCC[C@@H]2C1=O,hepta_12,3589,-6.69,7,7,Circle,0.191973,0.0654496,-32.8749,9.671,8.391,1.28,0.148516,0.0453635,9.285,8.068,1.217,26,55,train,train,train,train,train,train,test,test,val,train,,train,-0.3450000000000002,-0.0698768
3575,2020_Townsend,CC(C)C[C@@H]1C(=O)N[C@@H](Cc2ccccc2)C(=O)N(C)[C@H](C)C(=O)N(Cc2ccccc2)CC(=O)N[C@@H](Cc2ccccc2)CC(=O)N2CCC[C@@H]2C(=O)N1C,hexa_1061,3575,-10.0,6,6,Circle,0.183613,0.0708599,-25.5206,8.681,7.51,1.171,0.146436,0.0420344,8.763,7.784,0.979,42,45,train,train,train,train,train,train,train,test,val,train,,train,-1.0,0.15518704
3567,2020_Townsend,CC(C)C[C@@H]1C(=O)N[C@@H](Cc2ccccc2)CC(=O)N2CCC[C@@H]2C(=O)N(C)[C@H](CC(C)C)C(=O)N[C@@H](Cc2ccccc2)C(=O)N(C)[C@H](C)C(=O)N1C,hexa_1053,3567,-5.58,6,6,Circle,0.195516,0.0515285,-21.9112,8.864,7.871,0.993,0.146054,0.0395829,8.604,7.626,0.978,56,83,train,val,test,train,train,train,train,test,train,train,,train,0.2099999999999999,0.3134768
3566,2020_Townsend,CC(C)C[C@@H]1NC(=O)[C@@H](C)N(C)C(=O)[C@H](Cc2ccccc2)NC(=O)CN(Cc2ccccc2)C(=O)[C@H]2CCCN2C(=O)CN(Cc2ccccc2)C1=O,hexa_1052,3566,-5.72,6,6,Circle,0.169779,0.0643523,-24.9217,8.322,7.313,1.009,0.159403,0.0472875,8.421,7.257,1.164,71,37,val,val,train,train,train,train,train,test,train,val,,val,0.1400000000000001,0.20764503
3564,2020_Townsend,CC(C)C[C@H]1C(=O)N2CCC[C@@H]2C(=O)N(Cc2ccccc2)CC(=O)N[C@@H](Cc2ccccc2)C(=O)N(C)[C@H](C)C(=O)N(C)[C@H](CC(C)C)C(=O)N1C,hexa_1050,3564,-5.43,6,6,Circle,0.141887,0.0361044,-20.2518,8.499,7.518,0.981,0.126008,0.0386272,8.349,7.468,0.881,30,33,train,train,train,train,train,val,train,test,train,train,,train,0.2850000000000001,0.26367018
3537,2020_Townsend,CC(C)C[C@@H]1NC(=O)[C@@H](C)N(C)C(=O)[C@H](Cc2ccccc2)NC(=O)[C@H](CC(C)C)N(C)C(=O)[C@H]2CCCN2C(=O)[C@H](CC(C)C)N(C)C1=O,hexa_1023,3537,-4.87,6,6,Circle,0.135933,0.0486409,-21.1719,8.455,7.39,1.065,0.100491,0.0415242,8.368,7.369,0.999,66,97,test,test,train,train,train,train,test,test,train,train,,test,0.565,0.6012597
3526,2020_Townsend,CC(C)C[C@@H]1NC(=O)[C@H]2CCCN2C(=O)[C@H](CC(C)C)N(C)C(=O)[C@@H](CC(C)C)N(C)C(=O)[C@@H](C)N(C)C(=O)[C@H](Cc2ccccc2)NC1=O,hexa_1012,3526,-5.55,6,6,Circle,0.178632,0.0654896,-22.2402,8.4,7.288,1.112,0.140131,0.0374866,8.373,7.295,1.078,74,84,train,train,train,train,train,train,train,test,test,train,,train,0.2250000000000001,0.19747648
3523,2020_Townsend,CC(C)C[C@@H]1NC(=O)[C@@H](CC(C)C)N(C)C(=O)[C@@H](C)N(C)C(=O)[C@H](Cc2ccccc2)NC(=O)[C@@H](CC(C)C)N(C)C(=O)[C@H]2CCCN2C1=O,hexa_1009,3523,-5.06,6,6,Circle,0.161573,0.0629513,-27.9457,8.431,7.29,1.141,0.106202,0.0393448,8.328,7.152,1.176,45,35,test,train,train,train,test,train,train,test,train,test,,test,0.4700000000000002,0.44564155
3522,2020_Townsend,CC(C)C[C@H]1C(=O)N2CCC[C@@H]2C(=O)N[C@H](CC(C)C)C(=O)N[C@@H](Cc2ccccc2)C(=O)N(C)[C@H](C)C(=O)N(C)[C@H](CC(C)C)C(=O)N1C,hexa_1008,3522,-5.04,6,6,Circle,0.17245,0.0624618,-21.0086,8.49,7.364,1.126,0.172211,0.079277,8.458,7.277,1.181,4,15,train,train,train,val,train,train,train,test,val,train,,train,0.48,0.40255266
3498,2020_Townsend,CC(C)C[C@@H]1NC(=O)[C@@H](C)N(C)C(=O)[C@H](Cc2ccccc2)NC(=O)[C@H](CC(C)C)NC(=O)[C@H]2CCCN2C(=O)[C@H](CC(C)C)NC1=O,hexa_984,3498,-7.2,6,6,Circle,0.145396,0.044139,-26.045,8.271,7.103,1.168,0.121911,0.0292588,7.941,7.022,0.919,76,95,train,train,train,train,train,val,val,test,train,train,,train,-0.6000000000000001,-0.16730651
3493,2020_Townsend,CC(C)C[C@@H]1NC(=O)[C@@H](C)N(C)C(=O)[C@H](Cc2ccccc2)NC(=O)[C@@H](CC(C)C)NC(=O)[C@H]2CCCN2C(=O)[C@@H](CC(C)C)NC1=O,hexa_979,3493,-6.13,6,6,Circle,0.169079,0.085109,-37.8545,8.27,6.962,1.308,0.146488,0.0561883,8.149,7.12,1.029,72,98,train,val,val,train,train,train,train,test,train,train,,train,-0.0649999999999999,-0.11699126
3474,2020_Townsend,CC(C)C[C@H]1C(=O)N(Cc2ccccc2)CC(=O)N2CCC[C@@H]2C(=O)N(C)[C@H](CC(C)C)C(=O)N[C@@H](Cc2ccccc2)C(=O)N(C)[C@@H](C)C(=O)N1C,hexa_960,3474,-5.44,6,6,Circle,0.159961,0.0405049,-21.9724,8.613,7.513,1.1,0.11853,0.0352897,8.602,7.558,1.044,44,87,train,train,train,train,train,train,train,test,train,train,,train,0.2799999999999998,0.2536569
3440,2020_Townsend,CC(C)C[C@H]1NC(=O)[C@H](C)N(C)C(=O)[C@H](Cc2ccccc2)NC(=O)CN(Cc2ccccc2)C(=O)[C@H]2CCCN2C(=O)[C@@H](CC(C)C)NC1=O,hexa_926,3440,-6.02,6,6,Circle,0.173846,0.0521748,-30.9546,8.338,7.017,1.321,0.1298,0.0443756,8.159,6.873,1.286,35,27,train,val,val,train,train,train,train,test,train,val,,train,-0.0099999999999997,-0.21029735
3423,2020_Townsend,CC(C)C[C@H]1C(=O)N[C@@H](Cc2ccccc2)C(=O)N(C)[C@@H](C)C(=O)N[C@H](CC(C)C)C(=O)N[C@H](CC(C)C)C(=O)N2CCC[C@@H]2C(=O)N1C,hexa_909,3423,-6.18,6,6,Circle,0.167947,0.0680049,-25.0814,8.509,7.237,1.272,0.145809,0.0665208,8.494,7.26,1.234,4,97,train,train,train,train,train,test,train,test,test,train,-6.24,test,-0.0899999999999998,0.005822189
3422,2020_Townsend,CC(C)C[C@@H]1NC(=O)[C@H]2CCCN2C(=O)[C@@H](CC(C)C)NC(=O)[C@@H](CC(C)C)N(C)C(=O)[C@H](C)N(C)C(=O)[C@H](Cc2ccccc2)NC1=O,hexa_908,3422,-5.59,6,6,Circle,0.145678,0.038723,-32.2737,8.603,7.375,1.228,0.228057,0.112821,8.364,7.049,1.315,2,8,train,train,train,train,train,train,train,test,train,train,,train,0.205,0.068384424
3411,2020_Townsend,CC(C)C[C@H]1NC(=O)[C@H](C)N(C)C(=O)[C@H](Cc2ccccc2)NC(=O)[C@@H](CC(C)C)NC(=O)[C@H]2CCCN2C(=O)[C@@H](CC(C)C)NC1=O,hexa_897,3411,-5.06,6,6,Circle,0.168446,0.0704409,-30.2541,8.33,7.066,1.264,0.110067,0.027982,7.917,6.854,1.063,83,42,train,train,train,train,train,train,train,test,train,train,,train,0.4700000000000002,-0.32217473
3404,2020_Townsend,CC(C)C[C@H]1C(=O)N[C@@H](Cc2ccccc2)C(=O)N(C)[C@H](C)C(=O)N(C)[C@@H](CC(C)C)C(=O)N[C@@H](Cc2ccccc2)CC(=O)N2CCC[C@H]2C(=O)N1C,hexa_890,3404,-5.1,6,6,Circle,0.233502,0.0884504,-19.796,8.819,7.769,1.05,0.14399,0.0495329,8.615,7.639,0.976,28,66,test,train,train,train,train,train,train,test,train,test,,test,0.4500000000000002,0.5864775
3402,2020_Townsend,CC(C)C[C@H]1NC(=O)[C@@H](C)N(C)C(=O)[C@H](Cc2ccccc2)NC(=O)CN(Cc2ccccc2)C(=O)[C@@H]2CCCN2C(=O)C[C@H](Cc2ccccc2)NC1=O,hexa_888,3402,-5.9,6,6,Circle,0.226795,0.0710555,-42.9899,9.047,7.99,1.057,0.16683,0.042765,8.445,7.388,1.057,31,84,train,train,val,test,train,test,train,test,train,train,,train,0.0499999999999998,-0.09969693
3371,2020_Townsend,CC(C)C[C@H]1NC(=O)[C@@H]2CCCN2C(=O)CN(Cc2ccccc2)C(=O)[C@@H](CC(C)C)N(C)C(=O)[C@@H](C)N(C)C(=O)[C@H](Cc2ccccc2)NC1=O,hexa_857,3371,-6.22,6,6,Circle,0.132254,0.0339188,-28.9055,8.472,7.318,1.154,0.146084,0.0496907,8.239,7.159,1.08,2,24,train,train,train,train,train,train,train,test,train,train,,train,-0.1099999999999998,0.38311294
3352,2020_Townsend,CC(C)C[C@H]1C(=O)N[C@@H](Cc2ccccc2)C(=O)N(C)[C@H](C)C(=O)N(C)[C@H](CC(C)C)C(=O)N[C@H](CC(C)C)C(=O)N2CCC[C@H]2C(=O)N1C,hexa_838,3352,-4.85,6,6,Circle,0.118043,0.0358086,-13.4662,8.37,7.461,0.909,0.120751,0.0379167,8.627,7.393,1.234,54,96,train,train,train,train,test,train,train,test,test,test,,train,0.5750000000000002,0.55809844
3332,2020_Townsend,CC(C)C[C@@H]1NC(=O)[C@@H](C)N(C)C(=O)[C@H](Cc2ccccc2)NC(=O)[C@@H](CC(C)C)NC(=O)[C@@H]2CCCN2C(=O)[C@@H](CC(C)C)N(C)C1=O,hexa_818,3332,-5.14,6,6,Circle,0.158367,0.0466579,-24.3753,8.508,7.204,1.304,0.136506,0.0472624,8.281,7.185,1.096,65,49,train,train,val,train,train,train,val,test,train,train,,train,0.4300000000000001,0.1483284
3326,2020_Townsend,CC(C)C[C@@H]1NC(=O)[C@@H]2CCCN2C(=O)[C@H](CC(C)C)NC(=O)[C@H](CC(C)C)NC(=O)[C@@H](C)N(C)C(=O)[C@H](Cc2ccccc2)NC1=O,hexa_812,3326,-6.26,6,6,Circle,0.122874,0.0325984,-24.4975,8.156,6.963,1.193,0.144231,0.0508799,8.292,7.029,1.263,84,7,train,train,test,train,test,test,test,test,train,test,,train,-0.1299999999999999,0.08079772
3314,2020_Townsend,CC(C)C[C@@H]1NC(=O)[C@H](C)N(C)C(=O)[C@H](Cc2ccccc2)NC(=O)CN(Cc2ccccc2)C(=O)[C@@H]2CCCN2C(=O)C[C@H](Cc2ccccc2)NC1=O,hexa_800,3314,-5.75,6,6,Circle,0.194904,0.0613559,-22.9719,8.592,7.565,1.027,0.136699,0.0348853,8.625,7.645,0.98,70,66,test,train,train,train,val,train,train,test,test,train,,test,0.125,-0.21736711
3303,2020_Townsend,CC(C)C[C@H]1C(=O)N(C)[C@@H](CC(C)C)C(=O)N2CCC[C@H]2C(=O)N(Cc2ccccc2)CC(=O)N[C@@H](Cc2ccccc2)C(=O)N(C)[C@@H](C)C(=O)N1C,hexa_789,3303,-5.75,6,6,Circle,0.171238,0.0389496,-24.2243,8.444,7.387,1.057,0.121267,0.0363419,8.197,7.335,0.862,72,59,train,train,train,train,train,train,train,test,train,train,,train,0.125,0.53333443
3293,2020_Townsend,CC(C)C[C@H]1NC(=O)[C@H](C)N(C)C(=O)[C@H](Cc2ccccc2)NC(=O)[C@@H](CC(C)C)N(C)C(=O)[C@@H]2CCCN2C(=O)C[C@H](Cc2ccccc2)NC1=O,hexa_779,3293,-5.86,6,6,Circle,0.240217,0.0822407,-23.675,8.838,7.571,1.267,0.187309,0.0755018,8.692,7.63,1.062,21,63,train,train,train,train,val,train,train,test,train,test,,train,0.0699999999999998,0.1636777
3291,2020_Townsend,CC(C)C[C@@H]1NC(=O)[C@H](CC(C)C)N(C)C(=O)[C@H](C)N(C)C(=O)[C@H](Cc2ccccc2)NC(=O)CN(Cc2ccccc2)C(=O)[C@@H]2CCCN2C1=O,hexa_777,3291,-4.77,6,6,Circle,0.13999,0.0497036,-31.3582,8.469,7.27,1.199,0.135748,0.0392734,8.391,7.168,1.223,76,58,train,train,train,train,train,val,train,test,train,train,,train,0.6150000000000002,0.31215155
3283,2020_Townsend,CC(C)C[C@H]1C(=O)N(Cc2ccccc2)CC(=O)N2CCC[C@H]2C(=O)N[C@H](CC(C)C)C(=O)N[C@@H](Cc2ccccc2)C(=O)N(C)[C@@H](C)C(=O)N1C,hexa_769,3283,-5.27,6,6,Circle,0.228477,0.0861416,-27.9571,8.42,7.292,1.128,0.126564,0.0347317,8.028,6.948,1.08,71,9,train,train,train,train,val,train,train,test,train,train,,train,0.3650000000000002,0.25600272
3282,2020_Townsend,CC(C)C[C@@H]1NC(=O)[C@@H]2CCCN2C(=O)CN(Cc2ccccc2)C(=O)[C@@H](CC(C)C)N(C)C(=O)[C@H](C)N(C)C(=O)[C@H](Cc2ccccc2)NC1=O,hexa_768,3282,-10.0,6,6,Circle,0.198122,0.0638909,-22.6211,8.102,7.134,0.968,0.143235,0.033578,8.342,7.517,0.825,39,59,val,train,train,train,train,val,train,test,val,train,,val,-1.0,0.095239036
3279,2020_Townsend,CC(C)C[C@H]1C(=O)N(C)[C@H](CC(C)C)C(=O)N2CCC[C@H]2C(=O)N(C)[C@@H](CC(C)C)C(=O)N[C@@H](Cc2ccccc2)C(=O)N(C)[C@@H](C)C(=O)N1C,hexa_765,3279,-4.72,6,6,Circle,0.192918,0.073539,-13.9742,8.446,7.469,0.977,0.130881,0.0457385,8.278,7.297,0.981,63,33,train,train,train,train,train,train,train,test,test,train,,train,0.6400000000000001,0.8875269
3277,2020_Townsend,CC(C)C[C@H]1C(=O)N(C)[C@@H](CC(C)C)C(=O)N2CCC[C@H]2C(=O)N(C)[C@H](CC(C)C)C(=O)N[C@@H](Cc2ccccc2)C(=O)N(C)[C@@H](C)C(=O)N1C,hexa_763,3277,-4.84,6,6,Circle,0.151936,0.0508789,-27.471,8.763,7.85,0.913,0.175328,0.0529854,8.454,7.606,0.848,14,59,train,train,train,train,train,train,train,test,train,train,,train,0.5800000000000001,0.60394603
3272,2020_Townsend,CC(C)C[C@H]1C(=O)N2CCC[C@H]2C(=O)N(C)[C@H](CC(C)C)C(=O)N[C@@H](Cc2ccccc2)C(=O)N(C)[C@@H](C)C(=O)N(C)[C@H](CC(C)C)C(=O)N1C,hexa_758,3272,-4.0,6,6,Circle,0.142542,0.0386346,-16.4109,8.551,7.5,1.051,0.13094,0.036705,8.661,7.653,1.008,51,3,train,train,train,train,test,train,train,test,train,train,,train,1.0,0.77246827
3253,2020_Townsend,CC(C)C[C@@H]1NC(=O)[C@@H](CC(C)C)N(C)C(=O)[C@H](C)N(C)C(=O)[C@H](Cc2ccccc2)NC(=O)[C@@H](CC(C)C)N(C)C(=O)[C@@H]2CCCN2C1=O,hexa_739,3253,-4.0,6,6,Circle,0.147656,0.0412406,-17.4143,8.671,7.541,1.13,0.141985,0.0393595,8.621,7.499,1.122,72,12,train,test,train,train,train,train,train,test,train,val,,train,1.0,0.79973644
3248,2020_Townsend,CC(C)C[C@H]1C(=O)N[C@@H](Cc2ccccc2)C(=O)N(C)[C@@H](C)C(=O)N(C)[C@H](CC(C)C)C(=O)N[C@H](CC(C)C)C(=O)N2CCC[C@H]2C(=O)N1C,hexa_734,3248,-4.74,6,6,Circle,0.162136,0.0589113,-19.5156,8.478,7.28,1.198,0.148112,0.0482987,8.485,7.275,1.21,65,43,train,train,test,train,train,train,train,test,train,test,,train,0.6299999999999999,0.90153974
3245,2020_Townsend,CC(C)C[C@H]1NC(=O)[C@H](C)N(C)C(=O)[C@H](Cc2ccccc2)NC(=O)[C@@H](CC(C)C)N(C)C(=O)[C@@H]2CCCN2C(=O)[C@@H](CC(C)C)N(C)C1=O,hexa_731,3245,-4.86,6,6,Circle,0.147295,0.0450599,-23.7808,8.721,7.529,1.192,0.151334,0.039779,8.606,7.546,1.06,4,15,train,train,train,train,train,val,train,test,train,train,,train,0.5699999999999998,0.7613873
3227,2020_Townsend,CC(C)C[C@@H]1NC(=O)[C@@H]2CCCN2C(=O)[C@@H](CC(C)C)NC(=O)[C@@H](CC(C)C)N(C)C(=O)[C@H](C)N(C)C(=O)[C@H](Cc2ccccc2)NC1=O,hexa_713,3227,-6.01,6,6,Circle,0.200877,0.0833617,-26.2959,8.303,7.058,1.245,0.134425,0.0419135,8.073,6.865,1.208,10,53,train,train,train,test,train,train,train,test,train,train,,train,-0.0049999999999998,0.35950577
3222,2020_Townsend,CC(C)C[C@@H]1NC(=O)[C@H](C)N(C)C(=O)[C@H](Cc2ccccc2)NC(=O)[C@H](CC(C)C)NC(=O)[C@@H]2CCCN2C(=O)[C@@H](CC(C)C)NC1=O,hexa_708,3222,-5.42,6,6,Circle,0.145425,0.0433841,-39.2371,8.191,6.75,1.441,0.193024,0.0647066,8.168,6.971,1.197,95,60,train,train,test,train,train,train,train,test,train,train,,train,0.29,0.119761415
3219,2020_Townsend,CC(C)C[C@@H]1NC(=O)[C@H](C)N(C)C(=O)[C@H](Cc2ccccc2)NC(=O)[C@@H](CC(C)C)NC(=O)[C@@H]2CCCN2C(=O)[C@@H](CC(C)C)NC1=O,hexa_705,3219,-5.61,6,6,Circle,0.173481,0.0639317,-34.7139,8.434,7.112,1.322,0.0950692,0.0390986,7.917,6.661,1.256,2,82,train,train,train,train,train,train,train,test,train,val,,train,0.1949999999999998,-0.21608955
3209,2020_Townsend,CC(C)C[C@H]1C(=O)N[C@@H](Cc2ccccc2)C(=O)N[C@H](C)C(=O)N(C)[C@H](CC(C)C)C(=O)N[C@@H](Cc2ccccc2)CC(=O)N2CCC[C@@H]2C(=O)N1C,hexa_695,3209,-5.3,6,6,Circle,0.163603,0.0384853,-33.484,8.725,7.726,0.999,0.142642,0.0547226,8.624,7.363,1.261,40,4,train,val,train,train,train,test,train,test,train,train,,train,0.3500000000000001,0.36910778
3208,2020_Townsend,CC(C)C[C@@H]1NC(=O)[C@@H](C)NC(=O)[C@H](Cc2ccccc2)NC(=O)CN(Cc2ccccc2)C(=O)[C@H]2CCCN2C(=O)CN(Cc2ccccc2)C1=O,hexa_694,3208,-5.74,6,6,Circle,0.215415,0.0890809,-27.3017,8.395,7.292,1.103,0.132321,0.0465211,8.206,7.015,1.191,45,88,train,val,train,train,train,train,train,test,train,train,,train,0.1299999999999999,0.29826295
3205,2020_Townsend,CC(C)C[C@H]1C(=O)N(Cc2ccccc2)CC(=O)N2CCC[C@@H]2C(=O)N(C)[C@@H](CC(C)C)C(=O)N[C@@H](Cc2ccccc2)C(=O)N[C@H](C)C(=O)N1C,hexa_691,3205,-5.34,6,6,Circle,0.151458,0.0496687,-24.0381,8.579,7.574,1.005,0.129702,0.0373349,7.702,6.623,1.079,95,7,train,train,train,train,test,train,train,test,train,train,,train,0.33,0.3666054
3201,2020_Townsend,CC(C)C[C@H]1C(=O)N(Cc2ccccc2)CC(=O)N2CCC[C@@H]2C(=O)N(C)[C@H](CC(C)C)C(=O)N[C@@H](Cc2ccccc2)C(=O)N[C@H](C)C(=O)N1C,hexa_687,3201,-5.25,6,6,Circle,0.147416,0.0451031,-28.7269,8.384,7.243,1.141,0.105392,0.0369797,8.268,7.366,0.902,61,46,val,train,train,train,val,train,train,test,val,train,,val,0.375,0.15444943
3176,2020_Townsend,CC(C)C[C@H]1NC(=O)[C@@H](C)NC(=O)[C@H](Cc2ccccc2)NC(=O)[C@@H](CC(C)C)NC(=O)[C@H]2CCCN2C(=O)C[C@H](Cc2ccccc2)NC1=O,hexa_662,3176,-6.01,6,6,Circle,0.184883,0.047395,-30.8872,8.535,7.313,1.222,0.161204,0.0439706,8.662,7.522,1.14,35,98,train,train,train,train,train,train,train,test,train,train,,train,-0.0049999999999998,0.46726847
3164,2020_Townsend,CC(C)C[C@@H]1NC(=O)[C@@H](C)NC(=O)[C@H](Cc2ccccc2)NC(=O)CN(Cc2ccccc2)C(=O)[C@H]2CCCN2C(=O)[C@@H](CC(C)C)NC1=O,hexa_650,3164,-5.89,6,6,Circle,0.14706,0.0343972,-29.7026,7.81,6.646,1.164,0.175623,0.0464702,8.444,7.167,1.277,22,87,train,train,train,test,test,val,train,test,train,train,,train,0.0550000000000001,-0.19452587
3160,2020_Townsend,CC(C)C[C@@H]1NC(=O)[C@H](CC(C)C)N(C)C(=O)[C@@H](C)NC(=O)[C@H](Cc2ccccc2)NC(=O)[C@@H](CC(C)C)N(C)C(=O)[C@H]2CCCN2C1=O,hexa_646,3160,-4.88,6,6,Circle,0.147366,0.0475642,-23.5163,8.368,7.256,1.112,0.127174,0.0384573,8.298,7.307,0.991,88,44,train,train,train,train,test,test,train,test,val,train,,train,0.56,0.35560033
3158,2020_Townsend,CC(C)C[C@@H]1NC(=O)[C@@H](C)NC(=O)[C@H](Cc2ccccc2)NC(=O)[C@H](CC(C)C)N(C)C(=O)[C@H]2CCCN2C(=O)[C@@H](CC(C)C)N(C)C1=O,hexa_644,3158,-5.47,6,6,Circle,0.136643,0.0417209,-24.4636,8.195,7.025,1.17,0.0919765,0.0325116,8.251,7.181,1.07,35,91,train,train,train,train,train,train,train,test,val,train,,train,0.2650000000000001,-0.07185643
3123,2020_Townsend,CC(C)C[C@@H]1NC(=O)[C@@H](C)NC(=O)[C@H](Cc2ccccc2)NC(=O)[C@@H](CC(C)C)NC(=O)[C@H]2CCCN2C(=O)[C@H](CC(C)C)NC1=O,hexa_609,3123,-6.34,6,6,Circle,0.176182,0.0677346,-26.9756,8.196,6.944,1.252,0.114573,0.0547684,8.067,6.922,1.145,83,97,train,val,train,train,train,train,train,test,train,val,,train,-0.1699999999999999,0.19144383
3107,2020_Townsend,CC(C)C[C@H]1C(=O)N2CCC[C@@H]2C(=O)N(Cc2ccccc2)CC(=O)N[C@@H](Cc2ccccc2)C(=O)N[C@@H](C)C(=O)N(C)[C@H](CC(C)C)C(=O)N1C,hexa_593,3107,-5.28,6,6,Circle,0.186165,0.0887146,-23.1163,8.339,7.171,1.168,0.166846,0.0724833,8.276,7.223,1.053,25,66,train,train,test,train,train,train,train,test,train,train,,train,0.3599999999999999,0.3625192
3103,2020_Townsend,CC(C)C[C@@H]1NC(=O)[C@H](C)NC(=O)[C@H](Cc2ccccc2)NC(=O)[C@@H](CC(C)C)N(C)C(=O)[C@H]2CCCN2C(=O)C[C@H](Cc2ccccc2)NC1=O,hexa_589,3103,-5.99,6,6,Circle,0.173832,0.0394525,-23.5236,8.499,7.333,1.166,0.130891,0.0386081,8.557,7.445,1.112,74,22,train,train,train,train,train,train,train,test,train,train,,train,0.0049999999999998,-0.08598105
3094,2020_Townsend,CC(C)C[C@@H]1NC(=O)[C@H]2CCCN2C(=O)CN(Cc2ccccc2)C(=O)[C@H](CC(C)C)N(C)C(=O)[C@H](C)NC(=O)[C@H](Cc2ccccc2)NC1=O,hexa_580,3094,-10.0,6,6,Circle,0.168594,0.0462064,-27.8287,8.164,7.071,1.093,0.157976,0.0397242,8.112,7.043,1.069,23,39,test,test,val,train,train,train,train,test,train,train,,test,-1.0,-0.8608052
3093,2020_Townsend,CC(C)C[C@@H]1NC(=O)[C@@H](CC(C)C)N(C)C(=O)[C@H](C)NC(=O)[C@H](Cc2ccccc2)NC(=O)CN(Cc2ccccc2)C(=O)[C@H]2CCCN2C1=O,hexa_579,3093,-5.09,6,6,Circle,0.171941,0.0734757,-26.2545,8.369,7.255,1.114,0.163696,0.0580426,8.291,7.267,1.024,99,44,train,train,train,train,test,train,train,test,train,train,,train,0.455,0.2087445
3083,2020_Townsend,CC(C)C[C@H]1NC(=O)[C@H](C)NC(=O)[C@H](Cc2ccccc2)NC(=O)CN(Cc2ccccc2)C(=O)[C@H]2CCCN2C(=O)[C@@H](CC(C)C)N(C)C1=O,hexa_569,3083,-6.23,6,6,Circle,0.207379,0.0757323,-28.8855,8.164,7.004,1.16,0.119924,0.029401,8.189,6.967,1.222,71,78,train,train,train,train,train,test,train,test,test,train,,train,-0.1150000000000002,-1.1328897
3074,2020_Townsend,CC(C)C[C@@H]1NC(=O)[C@@H](CC(C)C)NC(=O)[C@H](C)NC(=O)[C@H](Cc2ccccc2)NC(=O)CN(Cc2ccccc2)C(=O)[C@H]2CCCN2C1=O,hexa_560,3074,-5.56,6,6,Circle,0.166349,0.0616507,-29.0373,8.182,6.955,1.227,0.111817,0.0297849,8.215,7.107,1.108,55,77,train,train,train,train,train,train,train,test,train,train,,train,0.2200000000000002,0.14588341
3072,2020_Townsend,CC(C)C[C@@H]1NC(=O)[C@H](C)NC(=O)[C@H](Cc2ccccc2)NC(=O)CN(Cc2ccccc2)C(=O)[C@H]2CCCN2C(=O)[C@@H](CC(C)C)NC1=O,hexa_558,3072,-6.32,6,6,Circle,0.13114,0.0377055,-32.2648,8.275,7.105,1.17,0.121826,0.032113,8.196,6.953,1.243,25,55,train,train,train,train,train,train,val,test,train,train,,train,-0.1600000000000001,-0.38505813
3071,2020_Townsend,CC(C)C[C@@H]1NC(=O)[C@H](C)NC(=O)[C@H](Cc2ccccc2)NC(=O)[C@@H](CC(C)C)NC(=O)[C@H]2CCCN2C(=O)CN(Cc2ccccc2)C1=O,hexa_557,3071,-6.69,6,6,Circle,0.120272,0.0397451,-33.5694,8.25,6.915,1.335,0.141187,0.0312191,7.894,6.856,1.038,47,11,train,val,train,test,train,train,train,test,test,train,,train,-0.3450000000000002,0.11622639
3068,2020_Townsend,CC(C)C[C@@H]1NC(=O)[C@H](C)NC(=O)[C@H](Cc2ccccc2)NC(=O)[C@@H](CC(C)C)N(C)C(=O)[C@H]2CCCN2C(=O)[C@H](CC(C)C)N(C)C1=O,hexa_554,3068,-5.41,6,6,Circle,0.135353,0.040686,-25.6123,8.288,7.103,1.185,0.135318,0.0414313,7.94,6.821,1.119,26,100,train,train,train,test,test,train,train,test,train,train,,train,0.2949999999999999,-0.19724154
3063,2020_Townsend,CC(C)C[C@H]1NC(=O)[C@H](C)NC(=O)[C@H](Cc2ccccc2)NC(=O)CN(Cc2ccccc2)C(=O)[C@H]2CCCN2C(=O)[C@@H](CC(C)C)NC1=O,hexa_549,3063,-6.67,6,6,Circle,0.177344,0.0435172,-36.3639,8.541,7.185,1.356,0.191822,0.0688941,8.329,7.024,1.305,8,34,train,train,train,train,train,val,train,test,train,train,,train,-0.3349999999999999,-0.62927395
3058,2020_Townsend,CC(C)C[C@H]1C(=O)N[C@@H](Cc2ccccc2)C(=O)N[C@@H](C)C(=O)N[C@H](CC(C)C)C(=O)N(C)[C@H](CC(C)C)C(=O)N2CCC[C@@H]2C(=O)N1C,hexa_544,3058,-5.65,6,6,Circle,0.139506,0.0416254,-23.6951,8.58,7.336,1.244,0.11743,0.0510366,8.287,7.363,0.924,42,71,train,train,val,train,val,train,val,test,train,train,,train,0.1749999999999998,-0.24062973
3045,2020_Townsend,CC(C)C[C@@H]1NC(=O)[C@H]2CCCN2C(=O)[C@@H](CC(C)C)NC(=O)[C@H](CC(C)C)N(C)C(=O)[C@H](C)NC(=O)[C@H](Cc2ccccc2)NC1=O,hexa_531,3045,-6.21,6,6,Circle,0.165317,0.0535062,-21.0025,8.155,7.014,1.141,0.102617,0.0326251,8.317,7.221,1.096,9,52,train,train,train,train,train,train,val,test,train,train,,train,-0.1049999999999999,-0.010386236
3036,2020_Townsend,CC(C)C[C@@H]1NC(=O)[C@H](C)NC(=O)[C@H](Cc2ccccc2)NC(=O)[C@@H](CC(C)C)NC(=O)[C@H]2CCCN2C(=O)[C@@H](CC(C)C)N(C)C1=O,hexa_522,3036,-10.0,6,6,Circle,0.171651,0.063811,-26.0034,8.262,7.101,1.161,0.12959,0.0547173,8.029,6.904,1.125,39,50,train,test,train,test,train,train,train,test,train,train,,train,-1.0,-0.2082969
3027,2020_Townsend,CC(C)C[C@@H]1NC(=O)[C@H](C)NC(=O)[C@H](Cc2ccccc2)NC(=O)[C@@H](CC(C)C)NC(=O)[C@H]2CCCN2C(=O)[C@@H](CC(C)C)NC1=O,hexa_513,3027,-10.0,6,6,Circle,0.129184,0.0392756,-24.7156,8.058,6.764,1.294,0.112527,0.0447905,7.883,6.567,1.316,49,93,train,train,val,train,train,train,train,test,train,train,,train,-1.0,-0.28544548
3023,2020_Townsend,CC(C)C[C@H]1C(=O)N[C@@H](Cc2ccccc2)C(=O)N[C@H](C)C(=O)N(Cc2ccccc2)CC(=O)N[C@@H](Cc2ccccc2)CC(=O)N2CCC[C@H]2C(=O)N1C,hexa_509,3023,-5.53,6,6,Circle,0.165452,0.0419306,-28.1777,8.535,7.462,1.073,0.139923,0.0334925,8.631,7.566,1.065,100,14,train,train,train,train,test,test,test,test,train,val,,train,0.2349999999999998,0.27092752
3021,2020_Townsend,CC(C)C[C@H]1C(=O)N(Cc2ccccc2)CC(=O)N2CCC[C@H]2C(=O)N(Cc2ccccc2)CC(=O)N[C@@H](Cc2ccccc2)C(=O)N[C@H](C)C(=O)N1C,hexa_507,3021,-5.34,6,6,Circle,0.176227,0.0384386,-33.0913,8.719,7.637,1.082,0.132314,0.0417395,8.37,7.431,0.939,30,29,train,train,train,train,val,train,train,test,val,train,,train,0.33,0.20839295
3019,2020_Townsend,CC(C)C[C@@H]1NC(=O)[C@@H]2CCCN2C(=O)C[C@H](Cc2ccccc2)NC(=O)CN(Cc2ccccc2)C(=O)[C@@H](C)NC(=O)[C@H](Cc2ccccc2)NC1=O,hexa_505,3019,-6.07,6,6,Circle,0.179812,0.0511838,-26.9041,8.348,7.226,1.122,0.14088,0.0387451,8.561,7.488,1.073,48,73,train,val,train,train,train,train,test,test,train,test,,train,-0.0350000000000001,-0.016997896
3017,2020_Townsend,CC(C)C[C@H]1NC(=O)[C@@H]2CCCN2C(=O)C[C@H](Cc2ccccc2)NC(=O)CN(Cc2ccccc2)C(=O)[C@@H](C)NC(=O)[C@H](Cc2ccccc2)NC1=O,hexa_503,3017,-6.33,6,6,Circle,0.21977,0.0817625,-26.4453,8.296,7.121,1.175,0.157743,0.0408672,8.574,7.487,1.087,100,99,train,train,train,test,train,train,train,test,train,train,,train,-0.165,-0.28161734
3001,2020_Townsend,CC(C)C[C@@H]1C(=O)N[C@@H](Cc2ccccc2)C(=O)N[C@H](C)C(=O)N(C)[C@H](CC(C)C)C(=O)N(Cc2ccccc2)CC(=O)N2CCC[C@H]2C(=O)N1C,hexa_487,3001,-5.89,6,6,Circle,0.127067,0.0469233,-28.7524,8.344,7.183,1.161,0.104107,0.0343914,8.57,7.539,1.031,23,99,train,train,train,train,train,train,train,test,train,train,,train,0.0550000000000001,0.11370453
2987,2020_Townsend,CC(C)C[C@H]1C(=O)N[C@@H](Cc2ccccc2)C(=O)N[C@H](C)C(=O)N(C)[C@@H](CC(C)C)C(=O)N(C)[C@H](CC(C)C)C(=O)N2CCC[C@H]2C(=O)N1C,hexa_473,2987,-5.28,6,6,Circle,0.140603,0.039844,-20.8876,8.422,7.327,1.095,0.119751,0.0392171,8.441,7.407,1.034,63,82,train,train,train,train,train,train,train,test,test,train,,train,0.3599999999999999,0.41002497
2983,2020_Townsend,CC(C)C[C@H]1C(=O)N[C@@H](Cc2ccccc2)C(=O)N[C@H](C)C(=O)N(C)[C@H](CC(C)C)C(=O)N(C)[C@H](CC(C)C)C(=O)N2CCC[C@H]2C(=O)N1C,hexa_469,2983,-5.35,6,6,Circle,0.123541,0.0410741,-19.5444,8.252,7.166,1.086,0.140078,0.0509163,8.29,7.26,1.03,89,92,train,train,train,train,train,train,train,test,val,train,,train,0.3250000000000002,0.5351637
2972,2020_Townsend,CC(C)C[C@@H]1NC(=O)[C@@H]2CCCN2C(=O)CN(Cc2ccccc2)C(=O)[C@@H](CC(C)C)NC(=O)[C@@H](C)NC(=O)[C@H](Cc2ccccc2)NC1=O,hexa_458,2972,-6.21,6,6,Circle,0.223374,0.0791412,-27.9139,8.145,6.954,1.191,0.164675,0.0421355,8.079,6.978,1.101,95,42,train,train,train,test,train,test,train,test,val,train,,train,-0.1049999999999999,-0.3207017
2970,2020_Townsend,CC(C)C[C@@H]1NC(=O)[C@@H](CC(C)C)N(C)C(=O)[C@@H](C)NC(=O)[C@H](Cc2ccccc2)NC(=O)[C@H](CC(C)C)N(C)C(=O)[C@@H]2CCCN2C1=O,hexa_456,2970,-5.3,6,6,Circle,0.176505,0.0669007,-18.8316,8.432,7.297,1.135,0.144916,0.0624509,8.156,7.071,1.085,28,34,train,train,train,train,train,train,train,test,test,train,,train,0.3500000000000001,0.39753482
2957,2020_Townsend,CC(C)C[C@H]1C(=O)N[C@@H](Cc2ccccc2)C(=O)N[C@H](C)C(=O)N[C@H](CC(C)C)C(=O)N(C)[C@H](CC(C)C)C(=O)N2CCC[C@H]2C(=O)N1C,hexa_443,2957,-5.92,6,6,Circle,0.133017,0.0391109,-23.9705,8.357,7.147,1.21,0.120941,0.0475151,8.449,7.262,1.187,91,14,train,val,train,train,val,train,train,test,train,train,,train,0.04,-0.01807177
2954,2020_Townsend,CC(C)C[C@H]1NC(=O)[C@@H](C)NC(=O)[C@H](Cc2ccccc2)NC(=O)[C@@H](CC(C)C)N(C)C(=O)[C@@H]2CCCN2C(=O)[C@@H](CC(C)C)N(C)C1=O,hexa_440,2954,-6.37,6,6,Circle,0.139362,0.0340968,-24.4166,8.401,7.178,1.223,0.128796,0.0400934,8.133,7.101,1.032,85,94,train,train,test,val,train,train,val,test,train,val,,train,-0.185,-0.012628302
2949,2020_Townsend,CC(C)C[C@@H]1NC(=O)[C@@H](C)NC(=O)[C@H](Cc2ccccc2)NC(=O)[C@@H](CC(C)C)N(C)C(=O)[C@@H]2CCCN2C(=O)[C@H](CC(C)C)NC1=O,hexa_435,2949,-6.33,6,6,Circle,0.148077,0.0418298,-25.0699,8.291,7.117,1.174,0.135363,0.0456549,8.139,6.912,1.227,79,6,train,val,train,train,test,train,train,test,train,train,,train,-0.165,-0.3154565
2945,2020_Townsend,CC(C)C[C@@H]1NC(=O)[C@@H](CC(C)C)N(C)C(=O)[C@@H](C)NC(=O)[C@H](Cc2ccccc2)NC(=O)[C@@H](CC(C)C)NC(=O)[C@@H]2CCCN2C1=O,hexa_431,2945,-5.8,6,6,Circle,0.206748,0.0738387,-24.9235,8.395,7.118,1.277,0.125711,0.0506859,8.34,7.127,1.213,36,82,train,train,test,train,train,train,train,test,train,train,,train,0.1,0.1497725
2940,2020_Townsend,CC(C)C[C@@H]1NC(=O)[C@@H]2CCCN2C(=O)[C@@H](CC(C)C)N(C)C(=O)[C@@H](CC(C)C)NC(=O)[C@@H](C)NC(=O)[C@H](Cc2ccccc2)NC1=O,hexa_426,2940,-5.67,6,6,Circle,0.168985,0.0491981,-26.4696,8.244,6.952,1.292,0.121231,0.0414263,8.102,7.033,1.069,39,68,train,train,train,train,train,train,train,test,train,train,,train,0.165,0.011258986
2930,2020_Townsend,CC(C)C[C@H]1NC(=O)[C@@H]2CCCN2C(=O)[C@@H](CC(C)C)NC(=O)[C@@H](CC(C)C)NC(=O)[C@@H](C)NC(=O)[C@H](Cc2ccccc2)NC1=O,hexa_416,2930,-6.7,6,6,Circle,0.147619,0.046023,-31.3791,8.278,6.875,1.403,0.139189,0.0405074,7.736,6.645,1.091,29,74,train,train,train,train,train,train,train,test,train,test,,train,-0.3500000000000001,-0.40952948
2912,2020_Townsend,CC(C)C[C@H]1NC(=O)[C@H](C)NC(=O)[C@H](Cc2ccccc2)NC(=O)[C@@H](CC(C)C)N(C)C(=O)[C@@H]2CCCN2C(=O)C[C@H](Cc2ccccc2)NC1=O,hexa_398,2912,-10.0,6,6,Circle,0.181545,0.0361304,-25.2426,8.443,7.095,1.348,0.186865,0.0685892,8.045,6.852,1.193,100,98,train,test,val,train,train,train,train,test,train,train,,train,-1.0,-0.19726151
2904,2020_Townsend,CC(C)C[C@H]1C(=O)N2CCC[C@H]2C(=O)N(Cc2ccccc2)CC(=O)N[C@@H](Cc2ccccc2)C(=O)N[C@@H](C)C(=O)N[C@H](CC(C)C)C(=O)N1C,hexa_390,2904,-5.65,6,6,Circle,0.178897,0.0503461,-23.9818,8.369,7.266,1.103,0.158233,0.0421881,8.323,7.225,1.098,41,43,train,test,train,train,val,train,train,test,train,val,,train,0.1749999999999998,0.11748401
2901,2020_Townsend,CC(C)C[C@@H]1NC(=O)[C@@H]2CCCN2C(=O)CN(Cc2ccccc2)C(=O)[C@@H](CC(C)C)N(C)C(=O)[C@H](C)NC(=O)[C@H](Cc2ccccc2)NC1=O,hexa_387,2901,-5.91,6,6,Circle,0.202695,0.0860019,-27.1993,8.252,7.125,1.127,0.178019,0.059748,8.239,7.003,1.236,2,100,train,train,train,train,train,train,train,test,train,train,,train,0.0449999999999999,0.112550154
2893,2020_Townsend,CC(C)C[C@H]1NC(=O)[C@@H](CC(C)C)N(C)C(=O)[C@H](C)NC(=O)[C@H](Cc2ccccc2)NC(=O)CN(Cc2ccccc2)C(=O)[C@@H]2CCCN2C1=O,hexa_379,2893,-5.22,6,6,Circle,0.177636,0.0532768,-28.6668,8.764,7.629,1.135,0.122355,0.0371227,8.146,6.909,1.237,67,33,train,val,test,train,val,train,train,test,train,val,,train,0.3900000000000001,0.35402447
2890,2020_Townsend,CC(C)C[C@H]1NC(=O)[C@@H]2CCCN2C(=O)CN(Cc2ccccc2)C(=O)[C@@H](CC(C)C)N(C)C(=O)[C@H](C)NC(=O)[C@H](Cc2ccccc2)NC1=O,hexa_376,2890,-6.4,6,6,Circle,0.172785,0.0593415,-31.3648,8.409,7.103,1.306,0.127911,0.0515577,8.257,7.134,1.123,26,74,train,train,train,test,train,train,train,test,train,train,,train,-0.2000000000000001,-0.062054083
2874,2020_Townsend,CC(C)C[C@@H]1NC(=O)[C@H](C)NC(=O)[C@H](Cc2ccccc2)NC(=O)[C@H](CC(C)C)N(C)C(=O)[C@@H]2CCCN2C(=O)[C@@H](CC(C)C)N(C)C1=O,hexa_360,2874,-5.48,6,6,Circle,0.130214,0.0507478,-21.8192,8.247,7.162,1.085,0.093174,0.039264,8.121,7.06,1.061,35,49,train,train,train,train,train,train,train,test,train,train,,train,0.2599999999999998,-0.04623398
2872,2020_Townsend,CC(C)C[C@H]1NC(=O)[C@@H]2CCCN2C(=O)CN(Cc2ccccc2)C(=O)[C@@H](CC(C)C)NC(=O)[C@H](C)NC(=O)[C@H](Cc2ccccc2)NC1=O,hexa_358,2872,-6.1,6,6,Circle,0.210506,0.0849118,-35.8725,8.227,6.89,1.337,0.120653,0.0471192,8.293,7.048,1.245,32,75,train,train,train,train,train,train,train,test,train,train,,train,-0.0499999999999998,-0.22394115
2865,2020_Townsend,CC(C)C[C@H]1C(=O)N2CCC[C@H]2C(=O)N[C@H](CC(C)C)C(=O)N[C@@H](Cc2ccccc2)C(=O)N[C@@H](C)C(=O)N(C)[C@H](CC(C)C)C(=O)N1C,hexa_351,2865,-5.61,6,6,Circle,0.11707,0.034706,-23.1098,8.365,7.205,1.16,0.113353,0.0390869,8.339,7.265,1.074,61,20,train,val,train,train,test,train,train,test,train,test,,train,0.1949999999999998,0.29839092
2857,2020_Townsend,CC(C)C[C@@H]1NC(=O)[C@H](CC(C)C)N(C)C(=O)[C@H](C)NC(=O)[C@H](Cc2ccccc2)NC(=O)[C@@H](CC(C)C)NC(=O)[C@@H]2CCCN2C1=O,hexa_343,2857,-6.12,6,6,Circle,0.135793,0.041708,-20.9253,8.23,7.05,1.18,0.128848,0.0415651,8.441,7.182,1.259,53,13,train,train,train,train,train,train,train,test,train,val,,train,-0.06,-0.3724283
2848,2020_Townsend,CC(C)C[C@@H]1NC(=O)[C@@H]2CCCN2C(=O)[C@@H](CC(C)C)N(C)C(=O)[C@@H](CC(C)C)NC(=O)[C@H](C)NC(=O)[C@H](Cc2ccccc2)NC1=O,hexa_334,2848,-6.31,6,6,Circle,0.17773,0.0720531,-30.3285,8.275,7.038,1.237,0.107346,0.0336176,7.77,6.7,1.07,65,89,test,train,train,train,val,train,train,test,train,train,,test,-0.1549999999999998,-0.22210395
2823,2020_Townsend,CCCN1CC(=O)N[C@@H](CC(C)C)C(=O)N(Cc2ccccc2)CC(=O)N2CCC[C@H]2C(=O)N(C)[C@@H](CC(C)C)C(=O)N[C@@H](Cc2ccccc2)C1=O,hexa_309,2823,-4.87,6,6,Circle,0.19428,0.0711366,-28.2273,8.694,7.659,1.035,0.188062,0.0711918,8.717,7.781,0.936,81,37,train,train,test,test,train,val,train,test,train,train,,train,0.565,0.48308858
2818,2020_Townsend,CCCN1CC(=O)N[C@@H](CC(C)C)C(=O)N(Cc2ccccc2)CC(=O)N2CCC[C@H]2C(=O)N(C)[C@H](CC(C)C)C(=O)N[C@@H](Cc2ccccc2)C1=O,hexa_304,2818,-4.83,6,6,Circle,0.178693,0.0579617,-29.4066,8.843,7.761,1.082,0.110239,0.0387755,8.484,7.34,1.144,45,54,train,train,test,test,train,train,train,test,train,train,,train,0.585,0.39325154
2817,2020_Townsend,CCCN1CC(=O)N[C@H](CC(C)C)C(=O)N(Cc2ccccc2)CC(=O)N2CCC[C@H]2C(=O)N(C)[C@@H](CC(C)C)C(=O)N[C@@H](Cc2ccccc2)C1=O,hexa_303,2817,-4.88,6,6,Circle,0.147677,0.052271,-23.2411,8.654,7.588,1.066,0.143644,0.0512539,8.699,7.662,1.037,89,28,train,test,train,train,train,train,train,test,train,train,,train,0.56,0.33932382
2810,2020_Townsend,CCCN1CC(=O)N(C)[C@H](CC(C)C)C(=O)N(Cc2ccccc2)CC(=O)N2CCC[C@H]2C(=O)N[C@H](CC(C)C)C(=O)N[C@@H](Cc2ccccc2)C1=O,hexa_296,2810,-6.23,6,6,Circle,0.17226,0.0615629,-28.3397,8.696,7.524,1.172,0.135182,0.0380087,8.417,7.455,0.962,91,3,test,val,train,val,train,train,train,test,train,train,,test,-0.1150000000000002,0.3976112
2807,2020_Townsend,CCCN1CC(=O)N(C)[C@H](CC(C)C)C(=O)N(C)[C@H](CC(C)C)C(=O)N2CCC[C@H]2C(=O)N(C)[C@H](CC(C)C)C(=O)N[C@@H](Cc2ccccc2)C1=O,hexa_293,2807,-4.84,6,6,Circle,0.121133,0.0366018,-23.4657,8.99,8.09,0.9,0.140223,0.0414571,8.758,7.865,0.893,25,48,train,train,train,train,train,train,val,test,train,train,,train,0.5800000000000001,0.63394594
2770,2020_Townsend,CCCN1CC(=O)N[C@H](CC(C)C)C(=O)N[C@H](CC(C)C)C(=O)N2CCC[C@H]2C(=O)N[C@@H](CC(C)C)C(=O)N[C@@H](Cc2ccccc2)C1=O,hexa_256,2770,-5.08,6,6,Circle,0.157795,0.0448752,-22.6135,8.236,7.073,1.163,0.205994,0.104068,8.17,7.106,1.064,93,8,val,train,train,val,val,train,test,test,val,test,,val,0.4599999999999999,0.122900404
2760,2020_Townsend,CCCN1CC(=O)N(C)[C@@H](CC(C)C)C(=O)N(C)[C@@H](CC(C)C)C(=O)N2CCC[C@@H]2C(=O)N(Cc2ccccc2)CC(=O)N[C@@H](Cc2ccccc2)C1=O,hexa_246,2760,-5.19,6,6,Circle,0.1956,0.0936588,-18.7272,8.695,7.681,1.014,0.126096,0.0367152,8.74,7.676,1.064,95,87,train,train,train,val,train,train,train,test,train,train,,train,0.4049999999999998,0.4097886
2756,2020_Townsend,CCCN1CC(=O)N(C)[C@H](CC(C)C)C(=O)N(Cc2ccccc2)CC(=O)N2CCC[C@@H]2C(=O)N(C)[C@@H](CC(C)C)C(=O)N[C@@H](Cc2ccccc2)C1=O,hexa_242,2756,-5.59,6,6,Circle,0.152234,0.0384664,-16.7132,8.493,7.397,1.096,0.100496,0.0351734,8.39,7.609,0.781,11,42,train,train,train,train,train,train,train,test,train,train,,train,0.205,0.4708854
2750,2020_Townsend,CCCN1CC(=O)N[C@@H](CC(C)C)C(=O)N(C)[C@@H](CC(C)C)C(=O)N2CCC[C@@H]2C(=O)N(Cc2ccccc2)CC(=O)N[C@@H](Cc2ccccc2)C1=O,hexa_236,2750,-5.13,6,6,Circle,0.133827,0.0475531,-19.8222,8.368,7.318,1.05,0.134257,0.0401818,8.286,7.34,0.946,85,71,train,train,val,train,train,test,val,test,train,train,,train,0.435,0.4009441
2747,2020_Townsend,CCCN1CC(=O)N[C@@H](CC(C)C)C(=O)N(C)[C@H](CC(C)C)C(=O)N2CCC[C@@H]2C(=O)N(Cc2ccccc2)CC(=O)N[C@@H](Cc2ccccc2)C1=O,hexa_233,2747,-5.13,6,6,Circle,0.138702,0.043807,-18.6356,8.341,7.333,1.008,0.126972,0.0350434,8.413,7.442,0.971,89,15,train,train,train,train,train,train,val,test,train,train,,train,0.435,0.10151246
2737,2020_Townsend,CCCN1CC(=O)N(C)[C@H](CC(C)C)C(=O)N(C)[C@H](CC(C)C)C(=O)N2CCC[C@@H]2C(=O)N(C)[C@H](CC(C)C)C(=O)N[C@@H](Cc2ccccc2)C1=O,hexa_223,2737,-5.28,6,6,Circle,0.159802,0.0683529,-24.8496,8.798,7.853,0.945,0.124846,0.0376778,8.625,7.704,0.921,2,100,val,train,train,train,train,test,train,test,train,train,,val,0.3599999999999999,0.34960514
2736,2020_Townsend,CCCN1CC(=O)N[C@@H](CC(C)C)C(=O)N[C@@H](CC(C)C)C(=O)N2CCC[C@@H]2C(=O)N(Cc2ccccc2)CC(=O)N[C@@H](Cc2ccccc2)C1=O,hexa_222,2736,-5.39,6,6,Circle,0.200764,0.0712462,-29.1972,8.608,7.446,1.162,0.161358,0.0499888,8.35,7.33,1.02,27,44,test,train,train,test,train,train,train,test,train,train,,test,0.3050000000000001,0.32320666
2728,2020_Townsend,CCCN1CC(=O)N(C)[C@H](CC(C)C)C(=O)N[C@@H](CC(C)C)C(=O)N2CCC[C@@H]2C(=O)N(C)[C@@H](CC(C)C)C(=O)N[C@@H](Cc2ccccc2)C1=O,hexa_214,2728,-5.05,6,6,Circle,0.149482,0.053182,-17.9123,8.522,7.414,1.108,0.137605,0.0452191,8.76,7.933,0.827,83,7,train,train,train,train,train,train,train,test,train,train,,train,0.4750000000000001,0.5293306
2719,2020_Townsend,CCCN1CC(=O)N(C)[C@H](CC(C)C)C(=O)N[C@@H](CC(C)C)C(=O)N2CCC[C@@H]2C(=O)N(C)[C@H](CC(C)C)C(=O)N[C@@H](Cc2ccccc2)C1=O,hexa_205,2719,-4.96,6,6,Circle,0.181942,0.0731854,-26.5966,8.832,7.854,0.978,0.13635,0.0475344,8.745,7.788,0.957,30,85,train,train,train,train,train,test,train,test,train,train,,train,0.52,0.48688745
2710,2020_Townsend,CCCN1CC(=O)N(C)[C@@H](CC(C)C)C(=O)N[C@@H](CC(C)C)C(=O)N2CCC[C@@H]2C(=O)N[C@H](CC(C)C)C(=O)N[C@@H](Cc2ccccc2)C1=O,hexa_196,2710,-5.0,6,6,Circle,0.160149,0.0578391,-21.4955,8.766,7.615,1.151,0.14928,0.0472477,8.374,7.375,0.999,98,48,train,train,train,train,test,val,train,test,test,train,,train,0.5,0.1508615
2666,2020_Townsend,CC(C)C[C@H]1NC(=O)C[C@H](Cc2ccccc2)NC(=O)[C@H](Cc2ccccc2)NC(=O)[C@@H](CC(C)C)N(C)C(=O)[C@@H]2CCCN2C(=O)C[C@H](Cc2ccccc2)NC1=O,hexa_152,2666,-5.88,6,6,Circle,0.253007,0.0741591,-25.274,9.638,8.638,1.0,0.140878,0.0395235,8.66,7.661,0.999,74,23,train,test,train,train,train,train,train,test,train,train,,train,0.06,0.013732202
2661,2020_Townsend,CC(C)C[C@@H]1NC(=O)C[C@H](Cc2ccccc2)NC(=O)[C@H](Cc2ccccc2)NC(=O)[C@H](CC(C)C)NC(=O)[C@@H]2CCCN2C(=O)C[C@H](Cc2ccccc2)NC1=O,hexa_147,2661,-5.93,6,6,Circle,0.145248,0.0457888,-32.6366,9.133,7.93,1.203,0.156909,0.0410346,8.654,7.443,1.211,27,97,train,train,test,train,train,test,train,test,train,train,,train,0.0350000000000001,-0.1643604
2653,2020_Townsend,CC(C)C[C@@H]1NC(=O)[C@@H]2CCCN2C(=O)C[C@H](Cc2ccccc2)NC(=O)[C@@H](CC(C)C)NC(=O)C[C@H](Cc2ccccc2)NC(=O)[C@H](Cc2ccccc2)NC1=O,hexa_139,2653,-5.69,6,6,Circle,0.143679,0.0374897,-30.9607,9.155,8.004,1.151,0.241833,0.0813431,9.166,8.065,1.101,26,93,val,train,train,train,train,train,train,test,val,val,,val,0.1549999999999998,0.07769684
2650,2020_Townsend,CC(C)C[C@H]1C(=O)N[C@@H](Cc2ccccc2)C(=O)N[C@@H](Cc2ccccc2)CC(=O)N(C)[C@H](CC(C)C)C(=O)N(C)[C@@H](CC(C)C)C(=O)N2CCC[C@H]2C(=O)N1C,hexa_136,2650,-5.19,6,6,Circle,0.160627,0.0486376,-23.1615,9.047,8.192,0.855,0.139011,0.0423631,9.069,8.238,0.831,61,87,train,train,train,val,train,train,train,test,test,train,,train,0.4049999999999998,0.4615776
2646,2020_Townsend,CC(C)C[C@H]1C(=O)N(C)[C@H](CC(C)C)C(=O)N2CCC[C@H]2C(=O)N(C)[C@H](CC(C)C)C(=O)N[C@@H](Cc2ccccc2)C(=O)N[C@@H](Cc2ccccc2)CC(=O)N1C,hexa_132,2646,-5.29,6,6,Circle,0.23726,0.0754236,-19.0558,9.249,8.166,1.083,0.175128,0.0587789,9.279,8.289,0.99,4,95,train,train,train,train,train,train,val,test,train,train,-6.54,test,0.355,0.42832148
2605,2020_Townsend,CC(C)C[C@H]1C(=O)N[C@@H](Cc2ccccc2)C(=O)N[C@@H](Cc2ccccc2)CC(=O)N[C@H](CC(C)C)C(=O)N[C@H](CC(C)C)C(=O)N2CCC[C@H]2C(=O)N1C,hexa_91,2605,-5.13,6,6,Circle,0.148517,0.0444602,-13.8185,8.522,7.566,0.956,0.135828,0.0306132,8.684,7.699,0.985,63,80,train,train,train,train,train,train,test,test,train,train,,train,0.435,0.23107696
2602,2020_Townsend,CC(C)C[C@H]1NC(=O)C[C@H](Cc2ccccc2)NC(=O)[C@H](Cc2ccccc2)NC(=O)[C@@H](CC(C)C)N(C)C(=O)[C@@H]2CCCN2C(=O)[C@@H](CC(C)C)NC1=O,hexa_88,2602,-5.36,6,6,Circle,0.19338,0.0601373,-25.4785,9.164,7.939,1.225,0.192748,0.0663354,8.731,7.602,1.129,90,86,val,train,train,train,train,val,train,test,train,train,,val,0.3199999999999998,0.4201051
2592,2020_Townsend,O=C1CN(Cc2ccccc2)C(=O)[C@H]2CCCN2C(=O)CN(Cc2ccccc2)C(=O)CN(Cc2ccccc2)C(=O)C[C@H](Cc2ccccc2)NC(=O)[C@H](Cc2ccccc2)N1,hexa_78,2592,-5.86,6,6,Circle,0.24057,0.0746044,-38.7196,9.501,8.412,1.089,0.198056,0.0550224,9.254,8.314,0.94,90,63,train,train,test,train,train,train,test,test,train,train,,train,0.0699999999999998,0.0028590523
2591,2020_Townsend,CC(C)C[C@H]1C(=O)N(Cc2ccccc2)CC(=O)N2CCC[C@@H]2C(=O)N(Cc2ccccc2)CC(=O)N[C@@H](Cc2ccccc2)C(=O)N[C@@H](Cc2ccccc2)CC(=O)N1C,hexa_77,2591,-5.83,6,6,Circle,0.215888,0.0657511,-33.8411,9.277,8.209,1.068,0.178913,0.0352773,9.148,8.109,1.039,87,93,train,train,val,test,train,val,train,test,val,train,,train,0.0849999999999999,0.24578583
2579,2020_Townsend,CC(C)C[C@@H]1NC(=O)C[C@H](Cc2ccccc2)NC(=O)[C@H](Cc2ccccc2)NC(=O)[C@@H](CC(C)C)N(C)C(=O)[C@H]2CCCN2C(=O)C[C@H](Cc2ccccc2)NC1=O,hexa_65,2579,-5.54,6,6,Circle,0.124998,0.038403,-34.0226,9.517,8.117,1.4,0.138733,0.0443564,8.597,7.389,1.208,59,87,train,train,train,train,train,train,train,test,train,train,,train,0.2299999999999999,0.25784627
2577,2020_Townsend,CC(C)C[C@H]1NC(=O)C[C@H](Cc2ccccc2)NC(=O)[C@H](Cc2ccccc2)NC(=O)[C@@H](CC(C)C)N(C)C(=O)[C@H]2CCCN2C(=O)C[C@H](Cc2ccccc2)NC1=O,hexa_63,2577,-5.55,6,6,Circle,0.167332,0.052603,-29.3818,9.43,8.142,1.288,0.271744,0.10236,9.201,8.061,1.14,100,35,train,train,test,train,val,train,test,test,train,val,,train,0.2250000000000001,0.3488329
2568,2020_Townsend,CC(C)C[C@H]1C(=O)N[C@H](CC(C)C)C(=O)N2CCC[C@@H]2C(=O)N(Cc2ccccc2)CC(=O)N[C@@H](Cc2ccccc2)C(=O)N[C@@H](Cc2ccccc2)CC(=O)N1C,hexa_54,2568,-6.19,6,6,Circle,0.263642,0.0748616,-27.0345,9.604,8.439,1.165,0.174295,0.043888,9.165,7.997,1.168,31,9,test,train,test,test,train,train,train,test,train,train,,test,-0.0950000000000002,0.4554901
2545,2020_Townsend,CC(C)C[C@H]1NC(=O)[C@H]2CCCN2C(=O)[C@@H](CC(C)C)NC(=O)CN(Cc2ccccc2)C(=O)C[C@H](Cc2ccccc2)NC(=O)[C@H](Cc2ccccc2)NC1=O,hexa_31,2545,-5.98,6,6,Circle,0.15868,0.045454,-24.3914,8.447,7.313,1.134,0.13451,0.0375161,8.836,7.914,0.922,69,50,train,train,test,train,val,train,train,test,train,train,,train,0.0099999999999997,0.28059927
2538,2020_Townsend,CC(C)C[C@H]1NC(=O)[C@@H](CC(C)C)N(C)C(=O)C[C@H](Cc2ccccc2)NC(=O)[C@H](Cc2ccccc2)NC(=O)[C@@H](CC(C)C)N(C)C(=O)[C@H]2CCCN2C1=O,hexa_24,2538,-5.09,6,6,Circle,0.146094,0.0393725,-18.0976,9.187,8.138,1.049,0.137495,0.0337973,9.024,8.041,0.983,93,60,train,train,train,train,train,val,train,test,train,val,,train,0.455,0.3783614
2521,2020_Townsend,CC(C)C[C@@H]1NC(=O)C[C@H](Cc2ccccc2)NC(=O)[C@H](Cc2ccccc2)NC(=O)[C@H](CC(C)C)NC(=O)[C@H]2CCCN2C(=O)[C@H](CC(C)C)NC1=O,hexa_7,2521,-5.14,6,6,Circle,0.198505,0.0654687,-22.963,8.98,7.845,1.135,0.185369,0.0443344,9.189,7.977,1.212,29,64,train,val,train,train,train,test,train,test,train,train,,train,0.4300000000000001,0.22590622
2518,2020_Townsend,CC(C)C[C@@H]1NC(=O)C[C@H](Cc2ccccc2)NC(=O)[C@H](Cc2ccccc2)NC(=O)[C@H](CC(C)C)NC(=O)[C@H]2CCCN2C(=O)[C@@H](CC(C)C)NC1=O,hexa_4,2518,-5.77,6,6,Circle,0.170682,0.0546782,-21.5149,8.698,7.529,1.169,0.149052,0.0461225,8.774,7.693,1.081,42,70,val,val,train,train,train,train,train,test,train,train,,val,0.1150000000000002,0.031320598
2365,2018_Naylor,CC(C)C[C@@H]1NC(=O)[C@H](CC(C)C)N(C)C(=O)[C@@H](C)N(C)C(=O)[C@H](CC(C)C)NC(=O)[C@H](Cc2ccccc2)N(C)C(=O)[C@@H](C)N(C)C1=O,1NMe3-25Ala6F(72),2365,-5.07,6,6,Circle,0.148713,0.0538456,-23.8392,8.42,7.174,1.246,0.135256,0.0531196,8.467,7.469,0.998,13,33,train,train,test,train,train,train,train,test,train,train,,train,0.4649999999999998,0.2306974
2345,2018_Naylor,CC[C@H]1NC(=O)[C@H](CC(C)C)NC(=O)[C@H](Cc2ccc(O)cc2)NC(=O)[C@H]2CCCN2C(=O)[C@H](CC(C)C)NC(=O)[C@H](CC(C)C)NC1=O,1NMe3perNH-2Abu6Y(51),2345,-6.26,6,6,Circle,0.158503,0.0415353,-29.9097,8.356,6.96,1.396,0.113034,0.031784,8.285,7.092,1.193,67,41,val,train,test,train,train,train,train,test,train,train,,val,-0.1299999999999999,-0.09893104
2342,2018_Naylor,CCC[C@H]1NC(=O)[C@H](CC(C)C)NC(=O)[C@H](Cc2ccccc2)NC(=O)[C@H]2CCCN2C(=O)[C@H](CC2CCCCC2)NC(=O)[C@H](CC2CCCCC2)NC1=O,1NMe3perNH-2Nva34Cha6F(48),2342,-5.53,6,6,Circle,0.133035,0.0473876,-27.0561,8.993,7.701,1.292,0.154589,0.0305673,9.15,8.025,1.125,94,76,test,train,test,train,val,train,train,test,train,val,,test,0.2349999999999998,0.18343791
2324,2018_Naylor,CC[C@H]1C(=O)N[C@@H](CC(C)C)C(=O)N2CCC[C@@H]2C(=O)N(C)[C@@H](Cc2ccc(O)cc2)C(=O)N[C@@H](CC(C)C)C(=O)N(C)[C@H](CC)C(=O)N1C,1NMe3-23Abu(30),2324,-5.1,6,6,Circle,0.174224,0.0632176,-30.7479,8.466,7.486,0.98,0.18059,0.0882452,8.414,7.503,0.911,97,21,train,train,train,val,train,train,train,test,train,train,,train,0.4500000000000002,0.18926543
1820,2016_Furukawa,CCCC[C@@H]1NC(=O)[C@@H](CC(C)C)NC(=O)CN(CC2CCCCC2)C(=O)[C@@H](Cc2ccccc2)NC(=O)CN(Cc2ccc3c(c2)OCO3)C(=O)[C@H]2CCCN2C1=O,2.8-17H,1820,-8.27,6,6,Circle,0.160071,0.0376332,-27.7568,8.943,7.568,1.375,0.157783,0.0656355,9.107,7.725,1.382,40,65,train,train,test,test,val,test,train,test,train,train,-6.49,test,-1.0,0.24556118
1808,2016_Furukawa,CCCCCN1CC(=O)N[C@H](CC(C)C)C(=O)N[C@@H](CCCC)C(=O)N2CCC[C@@H]2C(=O)N(CC)CC(=O)N[C@H](Cc2ccccc2)C1=O,2.8-05H,1808,-5.22,6,6,Circle,0.153771,0.0544662,-23.6256,8.108,6.854,1.254,0.113189,0.0318268,8.162,7.014,1.148,100,11,train,train,train,train,train,test,train,test,train,train,,train,0.3900000000000001,0.36838028
1804,2016_Furukawa,CCCCCN1CC(=O)N[C@H](CC(C)C)C(=O)N[C@@H](CCCC)C(=O)N2CCC[C@@H]2C(=O)N(CC)CC(=O)N[C@H](C)C1=O,2.8-01H,1804,-6.36,6,6,Circle,0.123755,0.0524612,-23.9696,7.214,5.915,1.299,0.090118,0.0340238,7.286,6.05,1.236,67,99,train,test,train,train,train,train,train,test,train,train,,train,-0.1800000000000001,-0.30658066
1789,2016_Furukawa,CCCCCN1CC(=O)N(C)[C@H](CC(C)C)C(=O)N[C@@H](CCCC)C(=O)N2CCC[C@@H]2C(=O)N(CCCOC(C)C)CC(=O)N[C@H](C)C1=O,2.8-04Me,1789,-5.38,6,6,Circle,0.160054,0.0553024,-23.5928,8.209,7.117,1.092,0.112349,0.0357234,8.451,7.424,1.027,60,36,train,train,train,train,test,train,train,test,train,train,,train,0.31,0.18447816
1786,2016_Furukawa,CCCCCN1CC(=O)N(C)[C@H](CC(C)C)C(=O)N[C@@H](CCCC)C(=O)N2CCC[C@@H]2C(=O)N(CC)CC(=O)N[C@H](C)C1=O,2.8-01Me,1786,-5.99,6,6,Circle,0.106152,0.0385433,-26.4022,7.391,6.246,1.145,0.105158,0.0394242,7.472,6.315,1.157,94,91,test,train,train,train,train,test,train,test,test,train,,test,0.0049999999999998,0.0761255
1781,2016_Furukawa,CCCC[C@@H]1NC(=O)[C@@H](CC(C)C)NC(=O)CN(CC2CCCCC2)C(=O)[C@@H](Cc2ccccc2)NC(=O)CN(CCCOC(C)C)C(=O)[C@@H]2CCCN2C1=O,2.7-14H,1781,-4.87,6,6,Circle,0.137707,0.0389937,-23.6084,9.382,8.173,1.209,0.147151,0.0436803,8.705,7.717,0.988,26,42,train,train,train,train,train,train,train,test,train,train,,train,0.565,0.5131505
1775,2016_Furukawa,CCCC[C@@H]1NC(=O)[C@@H](CC(C)C)NC(=O)CN(CC2CCCCC2)C(=O)[C@@H](Cc2ccccc2)NC(=O)CN(CC)C(=O)[C@@H]2CCCN2C1=O,2.7-08H,1775,-5.04,6,6,Circle,0.156078,0.0482966,-21.8123,8.311,7.177,1.134,0.189083,0.0748915,8.35,7.184,1.166,30,30,train,train,test,train,val,train,test,test,train,train,,train,0.48,0.37505707
1773,2016_Furukawa,CCCC[C@@H]1NC(=O)[C@@H](CC(C)C)NC(=O)CN(CC2CCCCC2)C(=O)[C@@H](C)NC(=O)CN(CCCOC(C)C)C(=O)[C@@H]2CCCN2C1=O,2.7-06H,1773,-5.81,6,6,Circle,0.1469,0.0367886,-22.189,8.538,7.29,1.248,0.119505,0.0510628,8.039,6.972,1.067,14,88,train,train,train,train,train,test,train,test,train,train,,train,0.0950000000000002,0.095757335
1769,2016_Furukawa,CCCC[C@@H]1NC(=O)[C@@H](CC(C)C)NC(=O)CN(CC2CCCCC2)C(=O)[C@@H](C)NC(=O)CN(CC)C(=O)[C@@H]2CCCN2C1=O,2.7-02H,1769,-6.34,6,6,Circle,0.124394,0.0537803,-22.4412,7.563,6.347,1.216,0.121938,0.0579728,7.544,6.35,1.194,14,60,test,train,train,train,val,train,train,test,train,train,,test,-0.1699999999999999,-0.2379961
1768,2016_Furukawa,CCCCCN1CC(=O)N[C@H](CC(C)C)C(=O)N[C@@H](CCCC)C(=O)N2CCC[C@H]2C(=O)N(CC)CC(=O)N[C@H](C)C1=O,2.7-01H,1768,-6.71,6,6,Circle,0.162054,0.0702825,-22.3305,7.543,6.281,1.262,0.169113,0.0688951,7.419,6.184,1.235,46,65,val,train,test,train,train,train,train,test,train,test,,val,-0.355,-0.3660514
1760,2016_Furukawa,CCCC[C@@H]1NC(=O)[C@@H](CC(C)C)N(C)C(=O)CN(CC2CCCCC2)C(=O)[C@@H](C)NC(=O)CN(Cc2ccc3c(c2)OCO3)C(=O)[C@@H]2CCCN2C1=O,2.7-11Me,1760,-5.1,6,6,Circle,0.130175,0.0444818,-29.1481,8.963,7.693,1.27,0.148744,0.0368558,9.141,7.733,1.408,73,26,train,train,train,train,train,test,train,test,train,train,,train,0.4500000000000002,0.5564331
1750,2016_Furukawa,CCCCCN1CC(=O)N(C)[C@H](CC(C)C)C(=O)N[C@@H](CCCC)C(=O)N2CCC[C@H]2C(=O)N(CC)CC(=O)N[C@H](C)C1=O,2.7-01Me,1750,-6.26,6,6,Circle,0.111143,0.0387833,-24.448,7.64,6.473,1.167,0.0991744,0.0316205,7.938,6.777,1.161,3,11,train,train,train,test,train,train,test,test,train,train,,train,-0.1299999999999999,-0.059985854
1748,2016_Furukawa,CCCC[C@@H]1NC(=O)[C@@H](CC(C)C)NC(=O)CN(CC2CCCCC2)C(=O)[C@H](Cc2ccccc2)NC(=O)CN(Cc2ccc3c(c2)OCO3)C(=O)[C@H]2CCCN2C1=O,2.6-17H,1748,-5.89,6,6,Circle,0.193542,0.060283,-24.5839,9.075,7.716,1.359,0.139412,0.0443393,9.274,7.991,1.283,88,68,train,train,test,train,train,train,test,test,train,train,,train,0.0550000000000001,-0.01122608
1744,2016_Furukawa,CCCCCN1CC(=O)N[C@H](CC(C)C)C(=O)N[C@@H](CCCC)C(=O)N2CCC[C@@H]2C(=O)N(CCCOC(C)C)CC(=O)N[C@@H](Cc2ccccc2)C1=O,2.6-13H,1744,-4.81,6,6,Circle,0.150891,0.0348838,-20.528,9.485,8.447,1.038,0.142834,0.0375374,9.578,8.468,1.11,87,94,test,val,val,train,train,train,train,test,train,train,,test,0.5950000000000002,0.5440486
1732,2016_Furukawa,CCCCCN1CC(=O)N[C@H](CC(C)C)C(=O)N[C@@H](CCCC)C(=O)N2CCC[C@@H]2C(=O)N(CC)CC(=O)N[C@@H](C)C1=O,2.6-01H,1732,-5.99,6,6,Circle,0.165559,0.0697754,-20.8834,7.496,6.238,1.258,0.121127,0.0538242,7.573,6.341,1.232,39,100,train,train,test,train,train,train,train,test,test,train,,train,0.0049999999999998,0.17458946
1715,2016_Furukawa,CCCC[C@@H]1NC(=O)[C@@H](CC(C)C)N(C)C(=O)CN(CC2CCCCC2)C(=O)[C@H](C)NC(=O)CN(CC)C(=O)[C@H]2CCCN2C1=O,2.6-02Me,1715,-4.91,6,6,Circle,0.140488,0.0598492,-19.819,7.935,6.836,1.099,0.12151,0.051039,7.853,6.718,1.135,21,85,train,val,train,train,train,train,train,test,train,train,,train,0.5449999999999999,0.5812203
1708,2016_Furukawa,CCCCCN1CC(=O)N[C@H](CC(C)C)C(=O)N[C@@H](CCCC)C(=O)N2CCC[C@H]2C(=O)N(CCCOC(C)C)CC(=O)N[C@@H](Cc2ccccc2)C1=O,2.5-13H,1708,-4.94,6,6,Circle,0.197959,0.0551227,-21.4461,9.266,8.079,1.187,0.189747,0.0592185,9.407,8.191,1.216,23,33,train,train,train,train,train,train,train,test,train,train,,train,0.5299999999999998,0.5888067
1702,2016_Furukawa,CCCC[C@@H]1NC(=O)[C@@H](CC(C)C)NC(=O)CN(CC2CCOCC2)C(=O)[C@H](C)NC(=O)CN(CCCOC(C)C)C(=O)[C@@H]2CCCN2C1=O,2.5-07H,1702,-6.81,6,6,Circle,0.168382,0.0606714,-26.7246,8.682,7.291,1.391,0.150623,0.0487168,8.761,7.324,1.437,85,52,train,train,test,train,train,train,train,test,train,train,,train,-0.4049999999999998,-0.49872893
1698,2016_Furukawa,CCCC[C@@H]1NC(=O)[C@@H](CC(C)C)NC(=O)CN(CC2CCOCC2)C(=O)[C@H](C)NC(=O)CN(CC)C(=O)[C@@H]2CCCN2C1=O,2.5-03H,1698,-7.48,6,6,Circle,0.151068,0.0623408,-26.4859,7.725,6.336,1.389,0.097101,0.0436666,7.438,6.126,1.312,30,49,train,train,val,val,train,train,train,test,train,train,,train,-0.7400000000000002,-0.7254011
1688,2016_Furukawa,CCCC[C@@H]1NC(=O)[C@@H](CC(C)C)N(C)C(=O)CN(CC2CCCCC2)C(=O)[C@H](C)NC(=O)CN(Cc2ccc3c(c2)OCO3)C(=O)[C@@H]2CCCN2C1=O,2.5-11Me,1688,-4.99,6,6,Circle,0.131227,0.0382972,-24.0153,8.729,7.525,1.204,0.167088,0.0492957,8.805,7.566,1.239,100,95,train,train,train,train,train,train,train,test,train,val,,train,0.5049999999999999,0.43046466
1687,2016_Furukawa,CCCCCN1CC(=O)N(C)[C@H](CC(C)C)C(=O)N[C@@H](CCCC)C(=O)N2CCC[C@H]2C(=O)N(Cc2ccc3c(c2)OCO3)CC(=O)N[C@@H](C)C1=O,2.5-10Me,1687,-4.84,6,6,Circle,0.144173,0.0360327,-26.0444,8.609,7.413,1.196,0.185239,0.0495478,8.544,7.314,1.23,52,37,train,train,train,train,val,train,train,test,val,train,,train,0.5800000000000001,0.5683839
1682,2016_Furukawa,CCCCCN1CC(=O)N(C)[C@H](CC(C)C)C(=O)N[C@@H](CCCC)C(=O)N2CCC[C@H]2C(=O)N(CC)CC(=O)N[C@@H](Cc2ccccc2)C1=O,2.5-05Me,1682,-4.85,6,6,Circle,0.158906,0.051317,-17.347,8.646,7.694,0.952,0.138868,0.035302,8.409,7.512,0.897,11,10,train,train,train,test,train,train,train,test,test,train,,train,0.5750000000000002,0.4988644
1678,2016_Furukawa,CCCCCN1CC(=O)N(C)[C@H](CC(C)C)C(=O)N[C@@H](CCCC)C(=O)N2CCC[C@H]2C(=O)N(CC)CC(=O)N[C@@H](C)C1=O,2.5-01Me,1678,-5.3,6,6,Circle,0.125076,0.0445464,-19.17,7.948,6.868,1.08,0.0984728,0.0357729,7.73,6.684,1.046,95,42,train,train,train,test,train,train,test,test,train,train,,train,0.3500000000000001,0.31888545
1676,2016_Furukawa,CCCC[C@@H]1NC(=O)[C@H](CC(C)C)NC(=O)CN(CC2CCCCC2)C(=O)[C@@H](Cc2ccccc2)NC(=O)CN(Cc2ccc3c(c2)OCO3)C(=O)[C@H]2CCCN2C1=O,2.4-17H,1676,-5.62,6,6,Circle,0.210538,0.0677472,-29.5949,9.326,7.774,1.552,0.201979,0.0436241,9.244,7.988,1.256,74,69,train,train,train,train,train,train,train,test,train,test,,train,0.1899999999999999,0.2468751
1675,2016_Furukawa,CCCCCN1CC(=O)N[C@@H](CC(C)C)C(=O)N[C@@H](CCCC)C(=O)N2CCC[C@@H]2C(=O)N(Cc2ccc3c(c2)OCO3)CC(=O)N[C@H](Cc2ccccc2)C1=O,2.4-16H,1675,-5.43,6,6,Circle,0.196095,0.0798054,-33.2789,9.321,7.866,1.455,0.205,0.0647797,9.245,7.922,1.323,27,92,train,train,train,train,train,train,train,test,train,train,,train,0.2850000000000001,0.29357266
1655,2016_Furukawa,CCCC[C@@H]1NC(=O)[C@H](CC(C)C)N(C)C(=O)CN(CC2CCCCC2)C(=O)[C@@H](Cc2ccccc2)NC(=O)CN(CCCOC(C)C)C(=O)[C@H]2CCCN2C1=O,2.4-14Me,1655,-5.15,6,6,Circle,0.186455,0.0649768,-23.5472,9.239,8.141,1.098,0.133772,0.0390824,9.363,8.283,1.08,38,87,train,train,train,train,train,train,train,test,train,val,,train,0.4249999999999998,0.300739
1653,2016_Furukawa,CCCC[C@@H]1NC(=O)[C@H](CC(C)C)N(C)C(=O)CN(CC2CCOCC2)C(=O)[C@@H](C)NC(=O)CN(Cc2ccc3c(c2)OCO3)C(=O)[C@H]2CCCN2C1=O,2.4-12Me,1653,-6.66,6,6,Circle,0.134113,0.0399004,-28.2558,8.663,7.326,1.337,0.11938,0.0444674,8.438,7.146,1.292,82,87,train,train,train,train,train,train,val,test,train,train,,train,-0.33,-0.32257408
1650,2016_Furukawa,CCCC[C@@H]1NC(=O)[C@H](CC(C)C)N(C)C(=O)CN(CC2CCOCC2)C(=O)[C@@H](Cc2ccccc2)NC(=O)CN(CC)C(=O)[C@H]2CCCN2C1=O,2.4-09Me,1650,-6.92,6,6,Circle,0.136172,0.0540475,-28.1864,8.162,6.845,1.317,0.16291,0.0537595,8.744,7.549,1.195,50,47,train,train,train,train,train,train,train,test,train,train,,train,-0.4599999999999999,-0.4487825
1638,2016_Furukawa,CCCC[C@@H]1NC(=O)[C@H](CC(C)C)NC(=O)CN(CC2CCOCC2)C(=O)[C@@H](Cc2ccccc2)NC(=O)CN(CCCOC(C)C)C(=O)[C@@H]2CCCN2C1=O,2.3-15H,1638,-6.85,6,6,Circle,0.174573,0.0374463,-32.3819,9.156,7.849,1.307,0.136914,0.0297228,9.354,8.041,1.313,17,41,train,train,train,train,train,train,train,test,train,train,,train,-0.4249999999999998,-0.27056134
1629,2016_Furukawa,CCCC[C@@H]1NC(=O)[C@H](CC(C)C)NC(=O)CN(CC2CCCCC2)C(=O)[C@@H](C)NC(=O)CN(CCCOC(C)C)C(=O)[C@@H]2CCCN2C1=O,2.3-06H,1629,-5.96,6,6,Circle,0.142613,0.0431356,-25.0426,9.108,7.721,1.387,0.1747,0.0642571,8.491,7.431,1.06,37,28,train,val,train,train,train,val,train,test,val,test,,train,0.02,0.18459886
1622,2016_Furukawa,CCCC[C@@H]1NC(=O)[C@H](CC(C)C)N(C)C(=O)CN(CC2CCCCC2)C(=O)[C@@H](Cc2ccccc2)NC(=O)CN(Cc2ccc3c(c2)OCO3)C(=O)[C@@H]2CCCN2C1=O,2.3-17Me,1622,-5.95,6,6,Circle,0.138373,0.0352112,-24.5147,8.61,7.175,1.435,0.136915,0.0422405,8.69,7.315,1.375,47,65,train,test,train,train,train,train,train,test,train,train,-6.39,test,0.0249999999999999,-0.29394662
1594,2016_Furukawa,CCCC[C@@H]1NC(=O)[C@H](CC(C)C)NC(=O)CN(CC2CCOCC2)C(=O)[C@H](C)NC(=O)CN(CCCOC(C)C)C(=O)[C@H]2CCCN2C1=O,2.2-08H,1594,-7.0,6,6,Circle,0.136167,0.0502019,-22.1848,8.356,7.075,1.281,0.116685,0.0431598,8.38,7.113,1.267,52,70,val,train,train,train,train,train,train,test,train,train,,val,-0.5,-0.56989115
1593,2016_Furukawa,CCCC[C@@H]1NC(=O)[C@H](CC(C)C)NC(=O)CN(CC2CCCCC2)C(=O)[C@H](C)NC(=O)CN(CCCOC(C)C)C(=O)[C@H]2CCCN2C1=O,2.2-07H,1593,-5.49,6,6,Circle,0.146508,0.0572719,-18.7939,8.425,7.261,1.164,0.126225,0.0470303,8.421,7.257,1.164,11,20,train,train,train,train,train,train,train,test,train,train,,train,0.2549999999999999,0.3233286
1551,2016_Furukawa,CCCC[C@@H]1NC(=O)[C@H](CC(C)C)N(C)C(=O)CN(CC2CCOCC2)C(=O)[C@H](Cc2ccccc2)NC(=O)CN(Cc2ccc3c(c2)OCO3)C(=O)[C@@H]2CCCN2C1=O,2.1-18Me,1551,-5.03,6,6,Circle,0.170063,0.0484441,-27.3244,9.057,7.736,1.321,0.221396,0.0584913,9.071,7.801,1.27,33,20,train,train,test,train,train,train,train,test,train,test,,train,0.4849999999999999,0.452562
1549,2016_Furukawa,CCCCCN1CC(=O)N(C)[C@@H](CC(C)C)C(=O)N[C@@H](CCCC)C(=O)N2CCC[C@H]2C(=O)N(Cc2ccc3c(c2)OCO3)CC(=O)N[C@@H](Cc2ccccc2)C1=O,2.1-16Me,1549,-6.06,6,6,Circle,0.204492,0.0539699,-24.1541,9.146,7.962,1.184,0.196204,0.041784,9.372,8.085,1.287,53,52,train,train,test,test,train,val,train,test,train,train,,train,-0.0299999999999998,0.10154148
1540,2016_Furukawa,CCCC[C@@H]1NC(=O)[C@H](CC(C)C)N(C)C(=O)CN(CC2CCOCC2)C(=O)[C@H](C)NC(=O)CN(CCCOC(C)C)C(=O)[C@@H]2CCCN2C1=O,2.1-07Me,1540,-6.61,6,6,Circle,0.169823,0.0537426,-23.1693,8.774,7.546,1.228,0.151591,0.0533691,8.415,7.268,1.147,49,83,train,train,train,train,train,val,train,test,train,test,,train,-0.3050000000000001,-0.27091724
1521,2016_Furukawa,CCCC[C@@H]1NC(=O)[C@H](CC(C)C)N(C)C(=O)CN(CCCc2ccccc2)C(=O)[C@H](Cc2ccccc2)NC(=O)CN(Cc2ccccc2Cn2cccn2)C(=O)[C@H]2CCCN2C1=O,1.10-28,1521,-10.0,6,6,Circle,0.219046,0.057501,-26.8712,9.913,8.853,1.06,0.202448,0.0442135,10.368,9.23,1.138,3,87,train,train,val,train,test,train,train,test,train,train,-7.99,test,-1.0,-0.47373587
1516,2016_Furukawa,CCCC[C@@H]1NC(=O)[C@H](CC(C)C)N(C)C(=O)CN(CCCN2CCCC2=O)C(=O)[C@H](CC(C)C)NC(=O)CN(Cc2ccccc2Cn2cccn2)C(=O)[C@H]2CCCN2C1=O,1.10-23,1516,-6.3,6,6,Circle,0.211677,0.0491749,-33.9323,10.217,8.726,1.491,0.171997,0.0429449,9.462,8.142,1.32,48,78,train,train,train,train,train,val,train,test,train,test,,train,-0.1499999999999999,-0.15166709
1492,2016_Furukawa,CCCC[C@@H]1NC(=O)[C@H](CC(C)C)N(C)C(=O)CN(CCCc2cnn(C)c2)C(=O)[C@H](Cc2ccc3ccccc3c2)NC(=O)CN(Cc2cc(CC(C)C)on2)C(=O)[C@H]2CCCN2C1=O,1.9-39,1492,-6.85,6,6,Circle,0.249247,0.0461005,-27.1732,10.261,8.818,1.443,0.168779,0.0394446,9.599,8.373,1.226,57,74,train,train,train,train,train,train,train,test,train,train,,train,-0.4249999999999998,-0.5557569
1491,2016_Furukawa,CCCC[C@@H]1NC(=O)[C@H](CC(C)C)N(C)C(=O)CN(CCOc2ccccc2)C(=O)[C@H](Cc2ccc3ccccc3c2)NC(=O)CN(Cc2cc(CC(C)C)on2)C(=O)[C@H]2CCCN2C1=O,1.9-38,1491,-8.27,6,6,Circle,0.235536,0.0436535,-22.7207,10.148,8.825,1.323,0.145264,0.0371527,9.591,8.4,1.191,35,85,train,train,test,test,train,train,train,test,train,train,,train,-1.0,-0.8754451
1490,2016_Furukawa,CCCC[C@@H]1NC(=O)[C@H](CC(C)C)N(C)C(=O)CN(CCCc2ccccc2)C(=O)[C@H](Cc2ccc3ccccc3c2)NC(=O)CN(Cc2cc(CC(C)C)on2)C(=O)[C@H]2CCCN2C1=O,1.9-37,1490,-10.0,6,6,Circle,0.256783,0.0456356,-19.7781,10.132,8.893,1.239,0.203302,0.0409387,9.849,8.693,1.156,56,37,train,train,train,test,train,train,train,test,train,train,,train,-1.0,-1.026572
1462,2016_Furukawa,CCCC[C@@H]1NC(=O)[C@H](CC(C)C)N(C)C(=O)CN(CCCc2ccccc2)C(=O)[C@H](C)NC(=O)CN(Cc2cc(CC(C)C)on2)C(=O)[C@H]2CCCN2C1=O,1.9-09,1462,-5.32,6,6,Circle,0.25342,0.056155,-23.3553,9.479,8.049,1.43,0.163731,0.0414803,8.792,7.541,1.251,63,82,train,train,train,val,test,val,train,test,train,train,,train,0.3399999999999998,0.3850909
1460,2016_Furukawa,CCCC[C@@H]1NC(=O)[C@H](CC(C)C)N(C)C(=O)CN(CCc2cccnc2)C(=O)[C@H](C)NC(=O)CN(Cc2cc(CC(C)C)on2)C(=O)[C@H]2CCCN2C1=O,1.9-07,1460,-5.84,6,6,Circle,0.198518,0.0554806,-25.2789,8.864,7.464,1.4,0.219049,0.0461673,8.761,7.385,1.376,36,67,train,val,train,test,train,train,train,test,train,train,,train,0.08,0.047953717
1451,2016_Furukawa,CCCC[C@@H]1NC(=O)[C@H](CC(C)C)N(C)C(=O)CN(CCOc2ccccc2)C(=O)[C@H](Cc2ccc3ccccc3c2)NC(=O)CN(Cc2ccc3c(c2)OCO3)C(=O)[C@H]2CCCN2C1=O,1.8-38,1451,-8.88,6,6,Circle,0.175084,0.0397157,-25.6954,9.746,8.526,1.22,0.219966,0.0454436,9.804,8.569,1.235,45,46,val,train,train,test,train,train,train,test,val,train,,val,-1.0,-0.9709056
1450,2016_Furukawa,CCCC[C@@H]1NC(=O)[C@H](CC(C)C)N(C)C(=O)CN(CCCc2ccccc2)C(=O)[C@H](Cc2ccc3ccccc3c2)NC(=O)CN(Cc2ccc3c(c2)OCO3)C(=O)[C@H]2CCCN2C1=O,1.8-37,1450,-9.29,6,6,Circle,0.225046,0.0459176,-24.7858,9.95,8.758,1.192,0.160139,0.0401784,10.198,8.931,1.267,33,73,train,val,train,train,train,train,train,test,train,train,,train,-1.0,-0.9925727
1447,2016_Furukawa,CCCC[C@@H]1NC(=O)[C@H](CC(C)C)N(C)C(=O)CN(CC2CCCCC2)C(=O)[C@H](Cc2ccc3ccccc3c2)NC(=O)CN(Cc2ccc3c(c2)OCO3)C(=O)[C@H]2CCCN2C1=O,1.8-34,1447,-9.12,6,6,Circle,0.17961,0.0391611,-22.1815,9.594,8.457,1.137,0.16586,0.0435218,9.855,8.572,1.283,70,10,train,test,train,train,train,val,train,test,train,val,,train,-1.0,-0.98760456
1430,2016_Furukawa,CCCCCN1CC(=O)N(C)[C@@H](CC(C)C)C(=O)N[C@@H](CCCC)C(=O)N2CCC[C@@H]2C(=O)N(Cc2ccc3c(c2)OCO3)CC(=O)N[C@@H](Cc2ccccc2)C1=O,1.8-17,1430,-7.41,6,6,Circle,0.213015,0.0581202,-24.2209,9.343,8.102,1.241,0.133083,0.039966,8.992,7.825,1.167,87,93,train,train,train,train,train,test,train,test,train,train,,train,-0.7050000000000001,-0.36515445
1424,2016_Furukawa,CCCC[C@@H]1NC(=O)[C@H](CC(C)C)N(C)C(=O)CN(CCCc2cnn(C)c2)C(=O)[C@H](C)NC(=O)CN(Cc2ccc3c(c2)OCO3)C(=O)[C@H]2CCCN2C1=O,1.8-11,1424,-6.23,6,6,Circle,0.180757,0.0485419,-28.3257,8.763,7.426,1.337,0.13046,0.0409652,8.481,7.195,1.286,48,53,train,train,train,train,val,test,train,test,train,train,,train,-0.1150000000000002,-0.16826078
1417,2016_Furukawa,CCCC[C@@H]1NC(=O)[C@H](CC(C)C)N(C)C(=O)CN(CC2CCCCC2)C(=O)[C@H](C)NC(=O)CN(Cc2ccc3c(c2)OCO3)C(=O)[C@H]2CCCN2C1=O,1.8-04,1417,-5.25,6,6,Circle,0.141958,0.0371409,-22.1752,8.626,7.36,1.266,0.102155,0.0404979,8.469,7.234,1.235,22,55,test,train,test,train,train,train,train,test,test,train,,test,0.375,0.41700822
1410,2016_Furukawa,CCCC[C@@H]1NC(=O)[C@H](CC(C)C)N(C)C(=O)CN(CCCc2ccccc2)C(=O)[C@H](Cc2ccc3ccccc3c2)NC(=O)CN(CCCCc2ccccc2)C(=O)[C@H]2CCCN2C1=O,1.7-37,1410,-9.27,6,6,Circle,0.243796,0.043457,-23.3949,10.672,9.643,1.029,0.16473,0.038761,9.99,9.14,0.85,5,47,train,train,train,train,train,test,train,test,train,train,,train,-1.0,-1.0049318
1381,2016_Furukawa,CCCCCN1CC(=O)N(C)[C@@H](CC(C)C)C(=O)N[C@@H](CCCC)C(=O)N2CCC[C@@H]2C(=O)N(CCCCc2ccccc2)CC(=O)N[C@@H](CC(C)C)C1=O,1.7-08,1381,-6.71,6,6,Circle,0.216521,0.0473659,-17.1181,9.712,8.634,1.078,0.185122,0.0452704,9.743,8.667,1.076,3,6,train,train,train,train,train,train,train,test,val,train,,train,-0.355,-0.7923059
1377,2016_Furukawa,CCCC[C@@H]1NC(=O)[C@H](CC(C)C)N(C)C(=O)CN(CC2CCCCC2)C(=O)[C@H](C)NC(=O)CN(CCCCc2ccccc2)C(=O)[C@H]2CCCN2C1=O,1.7-04,1377,-6.24,6,6,Circle,0.181422,0.0393747,-17.424,9.026,7.972,1.054,0.1568,0.0331448,8.67,7.743,0.927,32,47,train,train,train,test,train,train,train,test,train,train,,train,-0.1200000000000001,-0.08643819
1375,2016_Furukawa,CCCCCN1CC(=O)N(C)[C@@H](CC(C)C)C(=O)N[C@@H](CCCC)C(=O)N2CCC[C@@H]2C(=O)N(CCCCc2ccccc2)CC(=O)N[C@@H](C)C1=O,1.7-02,1375,-5.6,6,6,Circle,0.20213,0.0608185,-20.6146,9.283,8.053,1.23,0.151597,0.0342763,8.716,7.745,0.971,99,20,train,train,train,train,train,train,test,test,train,train,,train,0.2000000000000001,0.2914841
1374,2016_Furukawa,CCCC[C@@H]1NC(=O)[C@H](CC(C)C)N(C)C(=O)CN(CCOC)C(=O)[C@H](C)NC(=O)CN(CCCCc2ccccc2)C(=O)[C@H]2CCCN2C1=O,1.7-01,1374,-5.19,6,6,Circle,0.158104,0.0415459,-20.4968,8.523,7.421,1.102,0.108813,0.0333046,8.241,7.212,1.029,42,89,train,train,train,train,train,train,train,test,train,train,,train,0.4049999999999998,0.43494153
1366,2016_Furukawa,CCCC[C@@H]1NC(=O)[C@H](CC(C)C)N(C)C(=O)CN(Cc2ccccc2)C(=O)[C@H](Cc2ccc3ccccc3c2)NC(=O)CN(Cc2ccc(Cl)cc2)C(=O)[C@H]2CCCN2C1=O,1.6-33,1366,-9.46,6,6,Circle,0.15645,0.0451081,-19.6438,9.431,8.448,0.983,0.134375,0.0372964,9.777,8.766,1.011,89,58,train,train,val,train,train,train,train,test,test,train,,train,-1.0,-1.0240954
1322,2016_Furukawa,CCCC[C@@H]1NC(=O)[C@H](CC(C)C)N(C)C(=O)CN(CCOc2ccccc2)C(=O)[C@H](Cc2ccccc2)NC(=O)CN(CCN2CCOCC2)C(=O)[C@H]2CCCN2C1=O,1.5-29,1322,-5.76,6,6,Circle,0.21194,0.0549488,-28.3309,9.862,8.641,1.221,0.178637,0.0434057,9.558,8.398,1.16,49,17,train,test,train,train,train,train,train,test,test,train,,train,0.1200000000000001,0.23070431
1316,2016_Furukawa,CCCC[C@@H]1NC(=O)[C@H](CC(C)C)N(C)C(=O)CN(CCCN2CCCC2=O)C(=O)[C@H](CC(C)C)NC(=O)CN(CCN2CCOCC2)C(=O)[C@H]2CCCN2C1=O,1.5-23,1316,-7.77,6,6,Circle,0.185349,0.0572226,-31.7182,9.619,8.082,1.537,0.167083,0.0451345,9.008,7.771,1.237,84,8,train,train,train,train,train,train,train,test,train,train,,train,-0.8849999999999998,-1.0105842
1312,2016_Furukawa,CCCC[C@@H]1NC(=O)[C@H](CC(C)C)N(C)C(=O)CN(CCCc2ccccc2)C(=O)[C@H](CC(C)C)NC(=O)CN(CCN2CCOCC2)C(=O)[C@H]2CCCN2C1=O,1.5-19,1312,-5.31,6,6,Circle,0.187062,0.0529399,-24.4831,9.53,8.357,1.173,0.1469,0.0360684,9.222,8.186,1.036,6,99,train,train,train,train,test,train,train,test,train,train,,train,0.3450000000000002,0.272409
1305,2016_Furukawa,CCCC[C@@H]1NC(=O)[C@H](CC(C)C)N(C)C(=O)CN(CCCN2CCCC2=O)C(=O)[C@H](C)NC(=O)CN(CCN2CCOCC2)C(=O)[C@H]2CCCN2C1=O,1.5-12,1305,-9.0,6,6,Circle,0.176287,0.0464475,-32.3228,9.175,7.599,1.576,0.120736,0.043637,8.565,7.278,1.287,14,99,train,train,val,train,test,train,train,test,train,val,,train,-1.0,-1.3306744
1271,2016_Furukawa,CCCC[C@@H]1NC(=O)[C@H](CC(C)C)N(C)C(=O)CN(CCc2cccnc2)C(=O)[C@H](CC(C)C)NC(=O)CN(CCCOC(C)C)C(=O)[C@H]2CCCN2C1=O,1.4-18,1271,-5.48,6,6,Circle,0.159274,0.0424923,-25.9744,9.205,7.984,1.221,0.170486,0.0457864,9.002,7.937,1.065,13,94,train,val,train,train,train,train,train,test,val,train,,train,0.2599999999999998,0.25623646
1260,2016_Furukawa,CCCC[C@@H]1NC(=O)[C@H](CC(C)C)N(C)C(=O)CN(CCc2cccnc2)C(=O)[C@H](C)NC(=O)CN(CCCOC(C)C)C(=O)[C@H]2CCCN2C1=O,1.4-07,1260,-6.74,6,6,Circle,0.164218,0.0490934,-26.6056,8.824,7.583,1.241,0.168687,0.0374958,8.583,7.474,1.109,72,25,train,train,train,test,train,train,test,test,train,train,,train,-0.3700000000000001,-0.344831
1256,2016_Furukawa,CCCC[C@@H]1NC(=O)[C@H](CC(C)C)N(C)C(=O)CN(Cc2ccccc2)C(=O)[C@H](C)NC(=O)CN(CCCOC(C)C)C(=O)[C@H]2CCCN2C1=O,1.4-03,1256,-4.97,6,6,Circle,0.170683,0.0561734,-23.298,8.859,7.668,1.191,0.161588,0.0373844,8.445,7.391,1.054,21,28,train,train,train,train,test,train,train,test,train,train,,train,0.5150000000000001,0.4962511
1253,2016_Furukawa,CCCC[C@@H]1NC(=O)[C@H](CC(C)C)N(C)C(=O)CN(CCCN2CCCC2=O)C(=O)[C@H](Cc2ccc3ccccc3c2)NC(=O)CN(CC(C)C)C(=O)[C@H]2CCCN2C1=O,1.3-40,1253,-5.69,6,6,Circle,0.174283,0.0386988,-26.828,9.623,8.309,1.314,0.16164,0.0501724,9.397,8.181,1.216,30,47,train,train,train,train,train,train,train,test,train,train,,train,0.1549999999999998,0.11408345
1248,2016_Furukawa,CCCC[C@@H]1NC(=O)[C@H](CC(C)C)N(C)C(=O)CN(CC2CCOCC2)C(=O)[C@H](Cc2ccc3ccccc3c2)NC(=O)CN(CC(C)C)C(=O)[C@H]2CCCN2C1=O,1.3-35,1248,-5.53,6,6,Circle,0.153414,0.0399786,-21.1328,9.264,8.066,1.198,0.103407,0.0368238,9.364,8.123,1.241,4,8,train,val,train,train,test,train,train,test,train,val,,train,0.2349999999999998,0.21646374
1245,2016_Furukawa,CCCC[C@@H]1NC(=O)[C@H](CC(C)C)N(C)C(=O)CN(CCCN2CCCC2=O)C(=O)[C@H](Cc2ccccc2)NC(=O)CN(CC(C)C)C(=O)[C@H]2CCCN2C1=O,1.3-32,1245,-6.03,6,6,Circle,0.20214,0.0521737,-27.62,9.442,8.187,1.255,0.144269,0.040171,9.19,7.917,1.273,13,18,train,train,train,train,train,train,train,test,val,train,,train,-0.0150000000000001,-0.045327164
1229,2016_Furukawa,CCCC[C@@H]1NC(=O)[C@H](CC(C)C)N(C)C(=O)CN(CC2CCOCC2)C(=O)[C@H](CC(C)C)NC(=O)CN(CC(C)C)C(=O)[C@H]2CCCN2C1=O,1.3-16,1229,-5.07,6,6,Circle,0.160548,0.0571958,-19.5808,8.846,7.606,1.24,0.112309,0.0430922,8.83,7.598,1.232,12,40,train,train,train,test,train,train,train,test,train,train,,train,0.4649999999999998,0.4311484
1214,2016_Furukawa,CCCC[C@@H]1NC(=O)[C@H](CC(C)C)N(C)C(=O)CN(CCOC)C(=O)[C@H](C)NC(=O)CN(CC(C)C)C(=O)[C@H]2CCCN2C1=O,1.3-01,1214,-6.08,6,6,Circle,0.11258,0.0515876,-24.2308,7.952,6.596,1.356,0.101927,0.0380437,8.035,6.765,1.27,66,96,train,train,val,train,test,train,val,test,train,train,,train,-0.04,-0.064988844
1213,2016_Furukawa,CCCC[C@@H]1NC(=O)[C@H](CC(C)C)N(C)C(=O)CN(CCCN2CCCC2=O)C(=O)[C@H](Cc2ccc3ccccc3c2)NC(=O)CN(CCC)C(=O)[C@H]2CCCN2C1=O,1.2-40,1213,-5.76,6,6,Circle,0.208494,0.0416243,-26.3387,9.342,8.07,1.272,0.0971118,0.0368408,9.162,7.991,1.171,36,6,train,train,train,train,train,train,train,test,train,test,,train,0.1200000000000001,0.08908678
1187,2016_Furukawa,CCCC[C@@H]1NC(=O)[C@H](CC(C)C)N(C)C(=O)CN(CCOC)C(=O)[C@H](Cc2ccccc2)NC(=O)CN(CCC)C(=O)[C@H]2CCCN2C1=O,1.2-14,1187,-5.12,6,6,Circle,0.158279,0.060715,-21.4865,8.602,7.433,1.169,0.145365,0.0389824,8.535,7.397,1.138,42,55,train,train,train,train,train,train,train,test,train,train,,train,0.4399999999999999,0.41452906
1182,2016_Furukawa,CCCC[C@@H]1NC(=O)[C@H](CC(C)C)N(C)C(=O)CN(CCCc2ccccc2)C(=O)[C@H](C)NC(=O)CN(CCC)C(=O)[C@H]2CCCN2C1=O,1.2-09,1182,-4.96,6,6,Circle,0.169766,0.0520378,-23.3257,8.456,7.289,1.167,0.151824,0.0427557,8.505,7.375,1.13,100,21,train,test,train,train,val,train,train,test,train,train,,train,0.52,0.49831215
1170,2016_Furukawa,CCCC[C@@H]1NC(=O)[C@H](CC(C)C)N(C)C(=O)CN(CCCc2ccccc2)C(=O)[C@H](Cc2ccc3ccccc3c2)NC(=O)CN(CC)C(=O)[C@H]2CCCN2C1=O,1.1-37,1170,-7.08,6,6,Circle,0.205216,0.0435869,-20.6158,9.2,8.194,1.006,0.201691,0.0399834,9.189,8.22,0.969,85,40,train,train,train,train,val,train,train,test,test,train,,train,-0.54,-0.21938163
1164,2016_Furukawa,CCCC[C@@H]1NC(=O)[C@H](CC(C)C)N(C)C(=O)CN(CCCc2cnn(C)c2)C(=O)[C@H](Cc2ccccc2)NC(=O)CN(CC)C(=O)[C@H]2CCCN2C1=O,1.1-31,1164,-5.7,6,6,Circle,0.183503,0.0600505,-25.4676,8.713,7.587,1.126,0.138265,0.0386006,8.398,7.426,0.972,43,86,train,test,train,train,train,train,train,test,val,val,,train,0.1499999999999999,0.10198559
1163,2016_Furukawa,CCCCCN1CC(=O)N(C)[C@@H](CC(C)C)C(=O)N[C@@H](CCCC)C(=O)N2CCC[C@@H]2C(=O)N(CC)CC(=O)N[C@@H](Cc2ccc3ccccc3c2)C1=O,1.1-30,1163,-6.49,6,6,Circle,0.167328,0.0419218,-18.1828,8.883,7.818,1.065,0.173125,0.0403023,8.769,7.781,0.988,67,56,train,train,train,train,train,train,val,test,val,train,,train,-0.2450000000000001,-0.107457615
1139,2016_Furukawa,CCCC[C@@H]1NC(=O)[C@H](CC(C)C)N(C)C(=O)CN(CCOC)C(=O)[C@H](CC(C)C)NC(=O)CN(CC)C(=O)[C@H]2CCCN2C1=O,1.1-06,1139,-5.55,6,6,Circle,0.134286,0.0586409,-21.4605,7.992,6.784,1.208,0.128448,0.0466577,8.156,6.889,1.267,42,96,test,train,train,train,train,train,train,test,val,train,,test,0.2250000000000001,0.23595378
1105,2015_Wang,CC(C)C[C@@H]1NC(=O)[C@H](Cc2ccccc2)NC(=O)[C@H]([C@@H](C)O)NC(=O)CN(C)C(=O)[C@H]([C@@H](C)O)NC(=O)[C@H](Cc2ccc(O)cc2)NC1=O,Compound.61,1105,-7.7,6,6,Circle,0.148783,0.0384882,-47.8753,8.035,6.67,1.365,0.125861,0.0716813,7.918,6.463,1.455,4,88,train,train,test,train,train,train,train,test,train,train,,train,-0.8500000000000001,-0.8151657
1095,2015_Wang,CC(C)C[C@@H]1NC(=O)[C@H](C(C)C)NC(=O)[C@H](Cc2cc3ccccc3[nH]2)NC(=O)[C@H](Cc2ccccc2)NC(=O)[C@H](Cc2ccccc2)NC(=O)[C@@H]2CCCN2C1=O,Compound.51,1095,-6.43,6,6,Circle,0.16579,0.0610463,-32.7881,8.777,7.405,1.372,0.16408,0.0596099,8.609,7.226,1.383,90,8,test,train,train,train,train,train,train,test,train,train,,test,-0.2149999999999998,-0.83013034
1088,2015_Wang,CC(C)C[C@H]1NC(=O)[C@@H](Cc2ccccc2)NC(=O)CN(C)C(=O)[C@H](C)N(C)C(=O)[C@H](Cc2ccc(O)cc2)NC(=O)[C@@H]2CCCN2C1=O,Compound.44,1088,-7.52,6,6,Circle,0.236992,0.0976238,-43.5462,7.815,6.481,1.334,0.186849,0.059719,7.475,6.092,1.383,31,66,train,train,test,train,test,train,train,test,train,train,,train,-0.7599999999999998,-0.9470075
1083,2015_Wang,CC(C)C[C@@H]1NC(=O)[C@H](Cc2ccccc2)NC(=O)CNC(=O)[C@@H](C)NC(=O)[C@H](Cc2ccc(O)cc2)NC(=O)[C@@H]2CCCN2C1=O,Compound.39,1083,-7.52,6,6,Circle,0.165334,0.0404434,-45.593,7.74,6.208,1.532,0.217293,0.108287,7.274,5.906,1.368,2,72,train,test,train,train,val,train,train,test,train,train,,train,-0.7599999999999998,-1.0360652
1074,2015_Wang,CC(C)C[C@@H]1NC(=O)[C@H](Cc2cc3ccccc3[nH]2)NC(=O)[C@H]2CCCN2C(=O)[C@H](CC(C)C)NC(=O)[C@H](Cc2cc3ccccc3[nH]2)NC(=O)[C@@H](CC(C)C)NC1=O,Compound.30,1074,-10.0,6,6,Circle,0.168194,0.0412098,-30.1441,9.337,7.949,1.388,0.106694,0.0389486,9.154,7.809,1.345,70,49,train,test,val,train,train,train,test,test,test,train,-8.0,test,-1.0,-0.667164
1057,2015_Wang,CC(C)C[C@H]1C(=O)N(C)[C@H](CC(C)C)C(=O)N[C@H](CC(C)C)C(=O)N[C@H](CC(C)C)C(=O)N2CCC[C@H]2C(=O)N[C@@H](Cc2ccc(O)cc2)C(=O)N1C,Compound.13,1057,-5.42,6,6,Circle,0.165786,0.0384514,-29.9377,8.882,7.606,1.276,0.0832019,0.0304489,8.389,7.291,1.098,35,83,train,train,train,test,train,train,train,test,val,train,,train,0.29,-0.12053574
1047,2015_Wang,CC(C)C[C@@H]1NC(=O)[C@@H](CC(C)C)NC(=O)[C@@H](CC(C)C)NC(=O)[C@@H](CC(C)C)NC(=O)[C@H](Cc2ccc(O)cc2)NC(=O)[C@@H]2CCCN2C1=O,Compound.3,1047,-6.96,6,6,Circle,0.165952,0.0417074,-29.6008,8.69,7.346,1.344,0.151691,0.0420466,8.524,7.242,1.282,52,64,train,train,train,train,train,val,train,test,val,train,,train,-0.48,-0.34372643
