CycPeptMPDB_ID,Source,SMILES,Original_Name_in_Source_Literature,Structurally_Unique_ID,PAMPA,Monomer_Length,Monomer_Length_in_Main_Chain,Molecule_Shape,Water_avgRMSD_All,Water_avgRMSD_BackBone,Desolvation_Free_Energy,Water_3D_SASA,Water_3D_NPSA,Water_3D_PSA,Hexane_avgRMSD_All,Hexane_avgRMSD_BackBone,Hexane_3D_SASA,Hexane_3D_NPSA,Hexane_3D_PSA,Water_RepFrame,Hexane_RepFrame,split_0,split_1,split_2,split_3,split_4,split_5,split_6,split_7,split_8,split_9,PAMPA_WuXi,split_wuxi,Normalized_PAMPA,Pred_4
7066,2021_Kelly,CC(=O)N[C@@H]1C(=O)N2CCC[C@H]2C(=O)N(C)[C@H](CC(C)C)C(=O)N(C)[C@H](CC(C)C)C(=O)N(C)[C@H](CC(C)C)C(=O)N(C)[C@H](CC(C)C)C(=O)N(C)[C@@H](C)C(=O)N[C@@H](CC(C)C)C(=O)N2CCC[C@@H]2C(=O)O[C@@H]1C,L4_4.4.4.3.1,7066,-5.4,10,9,Lariat,0.125209,0.0716574,-29.2808,11.299,9.801,1.498,0.109254,0.0710536,11.558,10.116,1.442,12,84,train,train,train,test,test,train,test,train,train,val,,train,0.2999999999999998,0.16353685
7062,2021_Kelly,CC(=O)N[C@@H]1C(=O)N2CCC[C@H]2C(=O)N(C)[C@H](CC(C)C)C(=O)N(C)[C@H](CC(C)C)C(=O)N(C)[C@@H](CC(C)C)C(=O)N(C)[C@H](CC(C)C)C(=O)N(C)[C@@H](C)C(=O)N[C@@H](CC(C)C)C(=O)N2CCC[C@@H]2C(=O)O[C@@H]1C,L4_4.3.4.3.1,7062,-5.3,10,9,Lariat,0.157394,0.0951869,-23.3097,11.501,9.756,1.745,0.14275,0.0831483,11.295,9.642,1.653,18,97,test,train,test,train,test,train,train,train,train,val,,test,0.3500000000000001,0.39178342
7051,2021_Kelly,CC(=O)N[C@@H]1C(=O)N2CCC[C@H]2C(=O)N(C)[C@H](CC(C)C)C(=O)N(C)[C@@H](CC(C)C)C(=O)N(C)[C@H](CC(C)C)C(=O)N(C)[C@H](CC(C)C)C(=O)N(C)[C@H](C)C(=O)N[C@@H](CC(C)C)C(=O)N2CCC[C@@H]2C(=O)O[C@@H]1C,L4_3.4.4.4.1,7051,-4.98,10,9,Lariat,0.112933,0.0597866,-31.3287,11.343,9.808,1.535,0.0922443,0.0538103,11.649,10.078,1.571,64,39,train,test,val,train,test,train,train,train,train,train,,train,0.5099999999999998,0.4434604
7050,2021_Kelly,CC(=O)N[C@@H]1C(=O)N2CCC[C@H]2C(=O)N(C)[C@H](CC(C)C)C(=O)N(C)[C@@H](CC(C)C)C(=O)N(C)[C@H](CC(C)C)C(=O)N(C)[C@@H](CC(C)C)C(=O)N(C)[C@H](C)C(=O)N[C@@H](CC(C)C)C(=O)N2CCC[C@@H]2C(=O)O[C@@H]1C,L4_3.4.3.4.1,7050,-5.1,10,9,Lariat,0.126156,0.0591898,-13.51,11.168,9.868,1.3,0.11103,0.0603637,11.334,10.083,1.251,74,94,train,train,train,train,test,train,train,train,train,train,,train,0.4500000000000002,0.37596384
7029,2021_Kelly,CC(=O)N[C@@H]1C(=O)N2CCC[C@H]2C(=O)N(C)[C@H](CC(C)C)C(=O)N[C@H](CC(C)C)C(=O)N(C)[C@@H](CC(C)C)C(=O)N[C@H](CC(C)C)C(=O)N(C)[C@H](C)C(=O)N[C@@H](CC(C)C)C(=O)N2CCC[C@@H]2C(=O)O[C@@H]1C,L4_2.3.2.4.1,7029,-5.93,10,9,Lariat,0.167251,0.107503,-38.8823,11.986,10.118,1.868,0.208996,0.13698,11.11,9.49,1.62,52,41,train,train,test,train,test,train,train,train,train,train,,train,0.0350000000000001,0.30829993
7026,2021_Kelly,CC(=O)N[C@@H]1C(=O)N2CCC[C@H]2C(=O)N(C)[C@H](CC(C)C)C(=O)N[C@H](CC(C)C)C(=O)N[C@H](CC(C)C)C(=O)N(C)[C@H](CC(C)C)C(=O)N(C)[C@H](C)C(=O)N[C@@H](CC(C)C)C(=O)N2CCC[C@@H]2C(=O)O[C@@H]1C,L4_2.2.4.4.1,7026,-6.09,10,9,Lariat,0.161987,0.0916826,-36.7151,11.656,9.974,1.682,0.121506,0.067414,11.119,9.789,1.33,24,40,train,train,train,train,test,train,train,train,train,train,,train,-0.0449999999999999,-0.3072409
7017,2021_Kelly,CC(=O)N[C@@H]1C(=O)N2CCC[C@H]2C(=O)N(C)[C@H](CC(C)C)C(=O)N[C@H](CC(C)C)C(=O)N[C@H](CC(C)C)C(=O)N[C@@H](CC(C)C)C(=O)N(C)[C@@H](C)C(=O)N[C@@H](CC(C)C)C(=O)N2CCC[C@@H]2C(=O)O[C@@H]1C,L4_2.2.1.3.1,7017,-6.78,10,9,Lariat,0.214322,0.133901,-34.3098,11.392,9.51,1.882,0.306439,0.201192,10.789,9.257,1.532,53,77,train,train,train,train,test,train,val,train,train,train,,train,-0.3900000000000001,-0.20056272
7015,2021_Kelly,CC(=O)N[C@@H]1C(=O)N2CCC[C@H]2C(=O)N(C)[C@H](CC(C)C)C(=O)N[C@H](CC(C)C)C(=O)N[C@H](CC(C)C)C(=O)N[C@@H](CC(C)C)C(=O)N[C@@H](C)C(=O)N[C@@H](CC(C)C)C(=O)N2CCC[C@@H]2C(=O)O[C@@H]1C,L4_2.2.1.1.1,7015,-7.3,10,9,Lariat,0.145674,0.0842582,-41.1252,11.474,9.493,1.981,0.136663,0.0743602,10.753,9.281,1.472,75,89,test,train,train,train,test,val,train,train,train,val,,test,-0.6499999999999999,-0.5243412
6994,2021_Kelly,CC(=O)N[C@@H]1C(=O)N2CCC[C@H]2C(=O)N(C)[C@H](CC(C)C)C(=O)N[C@@H](CC(C)C)C(=O)N[C@H](CC(C)C)C(=O)N[C@H](CC(C)C)C(=O)N[C@@H](C)C(=O)N[C@@H](CC(C)C)C(=O)N2CCC[C@@H]2C(=O)O[C@@H]1C,L4_1.2.2.1.1,6994,-7.45,10,9,Lariat,0.124685,0.0686513,-37.8963,11.489,9.431,2.058,0.135374,0.0693537,11.096,9.019,2.077,97,80,train,train,train,train,test,test,train,train,train,train,,train,-0.7250000000000001,-0.6635412
6986,2021_Kelly,CC(=O)N[C@@H]1C(=O)N2CCC[C@H]2C(=O)N(C)[C@H](CC(C)C)C(=O)N[C@@H](CC(C)C)C(=O)N[C@@H](CC(C)C)C(=O)N[C@H](CC(C)C)C(=O)N[C@H](C)C(=O)N[C@@H](CC(C)C)C(=O)N2CCC[C@@H]2C(=O)O[C@@H]1C,L4_1.1.2.2.1,6986,-7.12,10,9,Lariat,0.191042,0.115013,-41.2624,11.817,9.815,2.002,0.12531,0.0718824,11.025,9.357,1.668,57,79,test,val,train,train,test,train,train,train,train,train,,test,-0.56,-0.54428816
6983,2021_Kelly,CC(=O)N[C@@H]1C(=O)N2CCC[C@H]2C(=O)N(C)[C@H](CC(C)C)C(=O)N[C@@H](CC(C)C)C(=O)N[C@@H](CC(C)C)C(=O)N[C@@H](CC(C)C)C(=O)N[C@H](C)C(=O)N[C@@H](CC(C)C)C(=O)N2CCC[C@@H]2C(=O)O[C@@H]1C,L4_1.1.1.2.1,6983,-7.16,10,9,Lariat,0.240569,0.133909,-34.7358,11.0,8.863,2.137,0.106059,0.0597334,10.704,8.782,1.922,19,74,train,train,val,test,test,train,train,train,val,train,,train,-0.5800000000000001,-0.5393477
6970,2021_Kelly,CC(=O)N1CCC[C@H]1C(=O)N[C@@H]1C(=O)N[C@H](CC(C)C)C(=O)N(C)[C@H](CC(C)C)C(=O)N(C)[C@@H](CC(C)C)C(=O)N(C)[C@@H](CC(C)C)C(=O)N(C)[C@@H](C)C(=O)N[C@@H](CC(C)C)C(=O)N2CCC[C@@H]2C(=O)O[C@@H]1C,L3_4.3.3.3.1,6970,-5.07,10,8,Lariat,0.121322,0.071732,-27.8316,11.308,9.664,1.644,0.103464,0.0527103,11.106,9.695,1.411,81,64,train,test,test,val,test,test,train,train,train,train,,train,0.4649999999999998,0.47621286
6960,2021_Kelly,CC(=O)N1CCC[C@H]1C(=O)N[C@@H]1C(=O)N[C@H](CC(C)C)C(=O)N(C)[C@H](CC(C)C)C(=O)N[C@H](CC(C)C)C(=O)N[C@H](CC(C)C)C(=O)N(C)[C@@H](C)C(=O)N[C@@H](CC(C)C)C(=O)N2CCC[C@@H]2C(=O)O[C@@H]1C,L3_4.2.2.3.1,6960,-4.88,10,8,Lariat,0.172164,0.10441,-30.2423,11.106,9.282,1.824,0.145015,0.0769652,11.231,9.618,1.613,24,62,train,train,train,train,test,train,train,train,train,val,,train,0.56,0.3847391
6957,2021_Kelly,CC(=O)N1CCC[C@H]1C(=O)N[C@@H]1C(=O)N[C@H](CC(C)C)C(=O)N(C)[C@H](CC(C)C)C(=O)N[C@@H](CC(C)C)C(=O)N(C)[C@H](CC(C)C)C(=O)N(C)[C@H](C)C(=O)N[C@@H](CC(C)C)C(=O)N2CCC[C@@H]2C(=O)O[C@@H]1C,L3_4.1.4.4.1,6957,-5.35,10,8,Lariat,0.117441,0.048344,-25.828,11.037,9.196,1.841,0.10968,0.0439639,10.924,9.206,1.718,6,86,train,train,train,train,test,train,train,train,train,test,,train,0.3250000000000002,0.32227895
6953,2021_Kelly,CC(=O)N1CCC[C@H]1C(=O)N[C@@H]1C(=O)N[C@H](CC(C)C)C(=O)N(C)[C@H](CC(C)C)C(=O)N[C@@H](CC(C)C)C(=O)N(C)[C@@H](CC(C)C)C(=O)N(C)[C@@H](C)C(=O)N[C@@H](CC(C)C)C(=O)N2CCC[C@@H]2C(=O)O[C@@H]1C,L3_4.1.3.3.1,6953,-5.01,10,8,Lariat,0.130587,0.0784518,-30.7364,10.824,9.114,1.71,0.0993118,0.0558398,10.663,9.127,1.536,81,56,train,train,train,train,test,train,train,train,train,val,,train,0.4950000000000001,0.29480886
6949,2021_Kelly,CC(=O)N1CCC[C@H]1C(=O)N[C@@H]1C(=O)N[C@H](CC(C)C)C(=O)N(C)[C@H](CC(C)C)C(=O)N[C@@H](CC(C)C)C(=O)N[C@H](CC(C)C)C(=O)N[C@@H](C)C(=O)N[C@@H](CC(C)C)C(=O)N2CCC[C@@H]2C(=O)O[C@@H]1C,L3_4.1.2.1.1,6949,-5.21,10,8,Lariat,0.277975,0.169685,-28.3174,10.81,9.052,1.758,0.101676,0.0511785,10.828,9.29,1.538,58,83,train,val,val,train,test,train,train,val,train,train,,train,0.395,0.41439384
6948,2021_Kelly,CC(=O)N1CCC[C@H]1C(=O)N[C@@H]1C(=O)N[C@H](CC(C)C)C(=O)N(C)[C@H](CC(C)C)C(=O)N[C@@H](CC(C)C)C(=O)N[C@@H](CC(C)C)C(=O)N[C@H](C)C(=O)N[C@@H](CC(C)C)C(=O)N2CCC[C@@H]2C(=O)O[C@@H]1C,L3_4.1.1.2.1,6948,-6.28,10,8,Lariat,0.162951,0.0914755,-22.948,10.572,8.922,1.65,0.101224,0.0433531,10.246,8.878,1.368,90,29,test,train,train,train,test,train,train,train,train,test,,test,-0.1400000000000001,-0.03214635
6946,2021_Kelly,CC(=O)N1CCC[C@H]1C(=O)N[C@@H]1C(=O)N[C@H](CC(C)C)C(=O)N(C)[C@@H](CC(C)C)C(=O)N(C)[C@H](CC(C)C)C(=O)N(C)[C@@H](CC(C)C)C(=O)N(C)[C@@H](C)C(=O)N[C@@H](CC(C)C)C(=O)N2CCC[C@@H]2C(=O)O[C@@H]1C,L3_3.4.3.3.1,6946,-5.12,10,8,Lariat,0.168277,0.111075,-27.5564,11.656,9.739,1.917,0.122808,0.0687478,11.625,9.799,1.826,5,64,train,train,train,train,test,train,train,train,train,train,,train,0.4399999999999999,0.46931627
6940,2021_Kelly,CC(=O)N1CCC[C@H]1C(=O)N[C@@H]1C(=O)N[C@H](CC(C)C)C(=O)N(C)[C@@H](CC(C)C)C(=O)N(C)[C@@H](CC(C)C)C(=O)N(C)[C@@H](CC(C)C)C(=O)N(C)[C@H](C)C(=O)N[C@@H](CC(C)C)C(=O)N2CCC[C@@H]2C(=O)O[C@@H]1C,L3_3.3.3.4.1,6940,-5.01,10,8,Lariat,0.186877,0.116362,-28.7913,11.814,9.952,1.862,0.128077,0.0874274,11.884,10.142,1.742,6,52,train,train,train,test,test,train,train,train,train,val,,train,0.4950000000000001,0.41709393
6927,2021_Kelly,CC(=O)N1CCC[C@H]1C(=O)N[C@@H]1C(=O)N[C@H](CC(C)C)C(=O)N(C)[C@@H](CC(C)C)C(=O)N[C@@H](CC(C)C)C(=O)N[C@@H](CC(C)C)C(=O)N(C)[C@@H](C)C(=O)N[C@@H](CC(C)C)C(=O)N2CCC[C@@H]2C(=O)O[C@@H]1C,L3_3.1.1.3.1,6927,-5.8,10,8,Lariat,0.0988382,0.0531114,-27.2304,11.208,9.708,1.5,0.141379,0.0745078,11.158,9.798,1.36,91,53,train,train,train,train,test,test,train,train,train,val,,train,0.1,0.24643263
6917,2021_Kelly,CC(=O)N1CCC[C@H]1C(=O)N[C@@H]1C(=O)N[C@H](CC(C)C)C(=O)N[C@H](CC(C)C)C(=O)N(C)[C@H](CC(C)C)C(=O)N[C@@H](CC(C)C)C(=O)N[C@@H](C)C(=O)N[C@@H](CC(C)C)C(=O)N2CCC[C@@H]2C(=O)O[C@@H]1C,L3_2.4.1.1.1,6917,-5.57,10,8,Lariat,0.120799,0.0594448,-25.3747,11.047,9.303,1.744,0.111348,0.05248,10.775,9.289,1.486,51,99,test,val,train,train,test,train,train,train,val,train,,test,0.2149999999999998,0.10774058
6900,2021_Kelly,CC(=O)N1CCC[C@H]1C(=O)N[C@@H]1C(=O)N[C@H](CC(C)C)C(=O)N[C@H](CC(C)C)C(=O)N[C@H](CC(C)C)C(=O)N[C@@H](CC(C)C)C(=O)N[C@H](C)C(=O)N[C@@H](CC(C)C)C(=O)N2CCC[C@@H]2C(=O)O[C@@H]1C,L3_2.2.1.2.1,6900,-6.64,10,8,Lariat,0.162065,0.0870269,-27.3128,10.136,8.626,1.51,0.159177,0.109957,10.256,8.859,1.397,34,15,train,train,test,train,test,train,train,train,val,val,,train,-0.3199999999999998,-0.27271348
6899,2021_Kelly,CC(=O)N1CCC[C@H]1C(=O)N[C@@H]1C(=O)N[C@H](CC(C)C)C(=O)N[C@H](CC(C)C)C(=O)N[C@H](CC(C)C)C(=O)N[C@@H](CC(C)C)C(=O)N[C@@H](C)C(=O)N[C@@H](CC(C)C)C(=O)N2CCC[C@@H]2C(=O)O[C@@H]1C,L3_2.2.1.1.1,6899,-6.65,10,8,Lariat,0.141558,0.0675721,-28.7792,10.537,8.696,1.841,0.104451,0.0466126,10.057,8.682,1.375,49,74,train,val,val,train,test,train,train,train,train,train,,train,-0.3250000000000002,-0.23549402
6879,2021_Kelly,CC(=O)N1CCC[C@H]1C(=O)N[C@@H]1C(=O)N[C@H](CC(C)C)C(=O)N[C@@H](CC(C)C)C(=O)N(C)[C@@H](CC(C)C)C(=O)N[C@H](CC(C)C)C(=O)N[C@H](C)C(=O)N[C@@H](CC(C)C)C(=O)N2CCC[C@@H]2C(=O)O[C@@H]1C,L3_1.3.2.2.1,6879,-5.08,10,8,Lariat,0.182858,0.108735,-37.2298,11.635,9.713,1.922,0.157368,0.0924025,11.019,9.552,1.467,32,59,train,train,train,val,test,train,train,test,train,train,,train,0.4599999999999999,0.3824884
6861,2021_Kelly,CC(=O)N1CCC[C@H]1C(=O)N[C@@H]1C(=O)N[C@H](CC(C)C)C(=O)N[C@@H](CC(C)C)C(=O)N[C@@H](CC(C)C)C(=O)N[C@H](CC(C)C)C(=O)N(C)[C@H](C)C(=O)N[C@@H](CC(C)C)C(=O)N2CCC[C@@H]2C(=O)O[C@@H]1C,L3_1.1.2.4.1,6861,-5.01,10,8,Lariat,0.180325,0.111566,-33.8202,11.224,9.401,1.823,0.191604,0.114061,11.037,9.428,1.609,34,35,test,train,train,train,test,train,val,train,test,train,,test,0.4950000000000001,0.03395416
6858,2021_Kelly,CC(=O)N1CCC[C@H]1C(=O)N[C@@H]1C(=O)N[C@H](CC(C)C)C(=O)N[C@@H](CC(C)C)C(=O)N[C@@H](CC(C)C)C(=O)N[C@H](CC(C)C)C(=O)N[C@@H](C)C(=O)N[C@@H](CC(C)C)C(=O)N2CCC[C@@H]2C(=O)O[C@@H]1C,L3_1.1.2.1.1,6858,-6.05,10,8,Lariat,0.200455,0.144333,-41.5677,11.47,9.237,2.233,0.167868,0.0960096,10.826,8.983,1.843,13,70,train,train,train,train,test,train,train,train,train,train,,train,-0.0249999999999999,-0.18321535
6851,2021_Kelly,CC(=O)N1CCC[C@H]1C(=O)N[C@@H]1C(=O)N(C)[C@H](CC(C)C)C(=O)N(C)[C@H](CC(C)C)C(=O)N(C)[C@H](CC(C)C)C(=O)N[C@@H](CC(C)C)C(=O)N(C)[C@@H](C)C(=O)N[C@@H](CC(C)C)C(=O)N2CCC[C@@H]2C(=O)O[C@@H]1C,L2_4.4.1.3.1,6851,-5.14,10,8,Lariat,0.1357,0.0698313,-27.6563,11.463,9.938,1.525,0.111964,0.0657172,11.265,9.919,1.346,70,75,train,train,train,test,test,val,train,val,train,val,,train,0.4300000000000001,0.45235312
6842,2021_Kelly,CC(=O)N1CCC[C@H]1C(=O)N[C@@H]1C(=O)N(C)[C@H](CC(C)C)C(=O)N(C)[C@H](CC(C)C)C(=O)N[C@@H](CC(C)C)C(=O)N(C)[C@@H](CC(C)C)C(=O)N(C)[C@H](C)C(=O)N[C@@H](CC(C)C)C(=O)N2CCC[C@@H]2C(=O)O[C@@H]1C,L2_4.1.3.4.1,6842,-4.92,10,8,Lariat,0.149063,0.087255,-27.8449,11.079,9.471,1.608,0.127482,0.0714661,10.94,9.409,1.531,34,20,val,train,test,train,test,val,train,val,train,train,,val,0.54,0.008523725
6839,2021_Kelly,CC(=O)N1CCC[C@H]1C(=O)N[C@@H]1C(=O)N(C)[C@H](CC(C)C)C(=O)N(C)[C@@H](CC(C)C)C(=O)N(C)[C@H](CC(C)C)C(=O)N(C)[C@@H](CC(C)C)C(=O)N(C)[C@@H](C)C(=O)N[C@@H](CC(C)C)C(=O)N2CCC[C@@H]2C(=O)O[C@@H]1C,L2_3.4.3.3.1,6839,-4.81,10,8,Lariat,0.145869,0.0907738,-18.2653,11.081,9.708,1.373,0.10042,0.0539887,11.385,9.967,1.418,74,50,test,train,test,val,test,train,train,train,train,val,,test,0.5950000000000002,0.40009674
6830,2021_Kelly,CC(=O)N1CCC[C@H]1C(=O)N[C@@H]1C(=O)N(C)[C@H](CC(C)C)C(=O)N(C)[C@@H](CC(C)C)C(=O)N(C)[C@@H](CC(C)C)C(=O)N(C)[C@@H](CC(C)C)C(=O)N(C)[C@H](C)C(=O)N[C@@H](CC(C)C)C(=O)N2CCC[C@@H]2C(=O)O[C@@H]1C,L2_3.3.3.4.1,6830,-5.09,10,8,Lariat,0.160637,0.102139,-23.9927,11.664,10.073,1.591,0.193609,0.113452,11.085,9.758,1.327,44,13,train,val,train,val,test,train,train,train,train,test,,train,0.455,0.43106383
6806,2021_Kelly,CC(=O)N1CCC[C@H]1C(=O)N[C@@H]1C(=O)N(C)[C@H](CC(C)C)C(=O)N[C@H](CC(C)C)C(=O)N[C@H](CC(C)C)C(=O)N(C)[C@H](CC(C)C)C(=O)N(C)[C@H](C)C(=O)N[C@@H](CC(C)C)C(=O)N2CCC[C@@H]2C(=O)O[C@@H]1C,L2_2.2.4.4.1,6806,-7.13,10,8,Lariat,0.17428,0.109132,-29.549,11.295,9.545,1.75,0.12239,0.0647842,11.295,9.625,1.67,93,35,train,train,test,train,test,train,val,train,train,train,,train,-0.565,-0.08961632
6797,2021_Kelly,CC(=O)N1CCC[C@H]1C(=O)N[C@@H]1C(=O)N(C)[C@H](CC(C)C)C(=O)N[C@H](CC(C)C)C(=O)N[C@H](CC(C)C)C(=O)N[C@H](CC(C)C)C(=O)N[C@@H](C)C(=O)N[C@@H](CC(C)C)C(=O)N2CCC[C@@H]2C(=O)O[C@@H]1C,L2_2.2.2.1.1,6797,-7.85,10,8,Lariat,0.147838,0.0800926,-35.5644,11.186,9.134,2.052,0.269884,0.187609,10.326,8.832,1.494,92,32,train,train,train,train,test,val,train,train,val,train,,train,-0.9249999999999998,-0.47608772
6792,2021_Kelly,CC(=O)N1CCC[C@H]1C(=O)N[C@@H]1C(=O)N(C)[C@H](CC(C)C)C(=O)N[C@H](CC(C)C)C(=O)N[C@@H](CC(C)C)C(=O)N(C)[C@H](CC(C)C)C(=O)N[C@H](C)C(=O)N[C@@H](CC(C)C)C(=O)N2CCC[C@@H]2C(=O)O[C@@H]1C,L2_2.1.4.2.1,6792,-5.53,10,8,Lariat,0.174055,0.115894,-25.7578,10.924,9.049,1.875,0.114754,0.0660075,10.417,9.02,1.397,88,66,train,test,train,val,test,train,train,train,train,test,,train,0.2349999999999998,0.29439673
6783,2021_Kelly,CC(=O)N1CCC[C@H]1C(=O)N[C@@H]1C(=O)N(C)[C@H](CC(C)C)C(=O)N[C@@H](CC(C)C)C(=O)N(C)[C@H](CC(C)C)C(=O)N(C)[C@@H](CC(C)C)C(=O)N(C)[C@H](C)C(=O)N[C@@H](CC(C)C)C(=O)N2CCC[C@@H]2C(=O)O[C@@H]1C,L2_1.4.3.4.1,6783,-5.4,10,8,Lariat,0.189417,0.120443,-31.6445,11.929,9.909,2.02,0.152109,0.0875558,11.199,9.459,1.74,35,43,train,train,train,train,test,train,train,train,train,train,,train,0.2999999999999998,0.38937223
6760,2021_Kelly,CC(=O)N1CCC[C@H]1C(=O)N(C)[C@@H](CC(C)C)C(=O)N[C@@H]1C(=O)N(C)[C@H](CC(C)C)C(=O)N(C)[C@@H](CC(C)C)C(=O)N(C)[C@@H](CC(C)C)C(=O)N[C@@H](C)C(=O)N[C@H](CC(C)C)C(=O)N2CCC[C@H]2C(=O)O[C@@H]1C,L1_9.4.3.3.1.2,6760,-5.01,10,7,Lariat,0.122745,0.0622518,-21.8214,11.137,9.598,1.539,0.176695,0.110607,10.576,9.375,1.201,74,38,train,train,train,train,test,val,val,test,train,train,,train,0.4950000000000001,0.41292858
6759,2021_Kelly,CC(=O)N1CCC[C@H]1C(=O)N(C)[C@@H](CC(C)C)C(=O)N[C@@H]1C(=O)N(C)[C@H](CC(C)C)C(=O)N(C)[C@@H](CC(C)C)C(=O)N[C@H](CC(C)C)C(=O)N[C@@H](C)C(=O)N[C@H](CC(C)C)C(=O)N2CCC[C@H]2C(=O)O[C@@H]1C,L1_9.4.3.2.1.2,6759,-5.33,10,7,Lariat,0.172695,0.115525,-19.8394,10.88,9.386,1.494,0.0916687,0.044539,10.595,9.326,1.269,46,45,train,train,train,train,test,train,train,train,train,train,,train,0.3349999999999999,-0.10242645
6751,2021_Kelly,CC(=O)N1CCC[C@H]1C(=O)N(C)[C@@H](CC(C)C)C(=O)N[C@@H]1C(=O)N(C)[C@@H](CC(C)C)C(=O)N(C)[C@H](CC(C)C)C(=O)N(C)[C@H](CC(C)C)C(=O)N(C)[C@@H](C)C(=O)N[C@H](CC(C)C)C(=O)N2CCC[C@H]2C(=O)O[C@@H]1C,L1_9.3.4.4.3.2,6751,-5.3,10,7,Lariat,0.213951,0.13055,-21.5974,12.016,10.367,1.649,0.213002,0.154853,12.105,10.414,1.691,60,34,test,train,train,train,test,train,train,train,train,val,,test,0.3500000000000001,0.21597522
6749,2021_Kelly,CC(=O)N1CCC[C@H]1C(=O)N(C)[C@@H](CC(C)C)C(=O)N[C@@H]1C(=O)N(C)[C@@H](CC(C)C)C(=O)N(C)[C@H](CC(C)C)C(=O)N(C)[C@@H](CC(C)C)C(=O)N(C)[C@@H](C)C(=O)N[C@H](CC(C)C)C(=O)N2CCC[C@H]2C(=O)O[C@@H]1C,L1_9.3.4.3.3.2,6749,-5.21,10,7,Lariat,0.257973,0.166878,-24.4726,11.726,9.804,1.922,0.225989,0.159271,11.737,10.06,1.677,100,62,val,train,train,train,test,test,train,val,train,train,,val,0.395,0.27432588
6743,2021_Kelly,CC(=O)N1CCC[C@H]1C(=O)N(C)[C@@H](CC(C)C)C(=O)N[C@@H]1C(=O)N(C)[C@@H](CC(C)C)C(=O)N(C)[C@@H](CC(C)C)C(=O)N[C@H](CC(C)C)C(=O)N(C)[C@H](C)C(=O)N[C@H](CC(C)C)C(=O)N2CCC[C@H]2C(=O)O[C@@H]1C,L1_9.3.3.2.4.2,6743,-6.78,10,7,Lariat,0.109297,0.0631527,-30.1379,10.974,9.523,1.451,0.152774,0.089353,11.47,9.726,1.744,57,17,train,train,train,train,test,train,val,train,train,val,,train,-0.3900000000000001,-0.12232405
6741,2021_Kelly,CC(=O)N1CCC[C@H]1C(=O)N(C)[C@@H](CC(C)C)C(=O)N[C@@H]1C(=O)N(C)[C@@H](CC(C)C)C(=O)N(C)[C@@H](CC(C)C)C(=O)N[C@H](CC(C)C)C(=O)N[C@H](C)C(=O)N[C@H](CC(C)C)C(=O)N2CCC[C@H]2C(=O)O[C@@H]1C,L1_9.3.3.2.2.2,6741,-6.51,10,7,Lariat,0.238082,0.147927,-32.2713,11.635,9.739,1.896,0.21857,0.160714,11.605,9.713,1.892,71,10,train,train,train,train,test,train,test,train,train,train,,train,-0.2549999999999999,-0.23272255
6738,2021_Kelly,CC(=O)N1CCC[C@H]1C(=O)N(C)[C@@H](CC(C)C)C(=O)N[C@@H]1C(=O)N(C)[C@@H](CC(C)C)C(=O)N[C@H](CC(C)C)C(=O)N(C)[C@@H](CC(C)C)C(=O)N(C)[C@@H](C)C(=O)N[C@H](CC(C)C)C(=O)N2CCC[C@H]2C(=O)O[C@@H]1C,L1_9.3.2.3.3.2,6738,-5.69,10,7,Lariat,0.150692,0.0967814,-22.2615,11.649,10.16,1.489,0.105418,0.050347,11.098,9.799,1.299,75,21,val,train,train,train,test,test,train,train,test,train,,val,0.1549999999999998,-0.14881074
6731,2021_Kelly,CC(=O)N1CCC[C@H]1C(=O)N(C)[C@@H](CC(C)C)C(=O)N[C@@H]1C(=O)N[C@H](CC(C)C)C(=O)N(C)[C@H](CC(C)C)C(=O)N(C)[C@@H](CC(C)C)C(=O)N(C)[C@@H](C)C(=O)N[C@H](CC(C)C)C(=O)N2CCC[C@H]2C(=O)O[C@@H]1C,L1_9.2.4.3.3.2,6731,-5.3,10,7,Lariat,0.137345,0.0788542,-25.5663,11.34,9.726,1.614,0.126466,0.0805237,11.061,9.641,1.42,88,7,train,train,train,train,test,train,train,train,val,train,,train,0.3500000000000001,0.29514694
6724,2021_Kelly,CC(=O)N1CCC[C@H]1C(=O)N(C)[C@@H](CC(C)C)C(=O)N[C@@H]1C(=O)N[C@H](CC(C)C)C(=O)N(C)[C@@H](CC(C)C)C(=O)N(C)[C@@H](CC(C)C)C(=O)N(C)[C@H](C)C(=O)N[C@H](CC(C)C)C(=O)N2CCC[C@H]2C(=O)O[C@@H]1C,L1_9.2.3.3.4.2,6724,-5.48,10,7,Lariat,0.171592,0.105256,-31.3596,11.659,9.807,1.852,0.167085,0.109385,12.063,10.327,1.736,84,92,train,train,test,train,test,test,test,train,train,test,,train,0.2599999999999998,0.18046302
6720,2021_Kelly,CC(=O)N1CCC[C@H]1C(=O)N(C)[C@@H](CC(C)C)C(=O)N[C@@H]1C(=O)N[C@H](CC(C)C)C(=O)N(C)[C@@H](CC(C)C)C(=O)N[C@@H](CC(C)C)C(=O)N(C)[C@H](C)C(=O)N[C@H](CC(C)C)C(=O)N2CCC[C@H]2C(=O)O[C@@H]1C,L1_9.2.3.1.4.2,6720,-5.61,10,7,Lariat,0.18365,0.118072,-25.638,11.594,9.826,1.768,0.121453,0.0734705,11.584,10.038,1.546,54,72,test,val,test,val,test,val,train,train,train,train,,test,0.1949999999999998,0.305238
6699,2021_Kelly,CC(=O)N1CCC[C@H]1C(=O)N(C)[C@@H](CC(C)C)C(=O)N[C@@H]1C(=O)N[C@@H](CC(C)C)C(=O)N[C@H](CC(C)C)C(=O)N[C@H](CC(C)C)C(=O)N(C)[C@H](C)C(=O)N[C@H](CC(C)C)C(=O)N2CCC[C@H]2C(=O)O[C@@H]1C,L1_9.1.2.2.4.2,6699,-6.9,10,7,Lariat,0.273099,0.163103,-39.9285,12.012,9.937,2.075,0.169986,0.102363,11.734,9.892,1.842,64,41,train,train,train,train,test,train,train,train,train,train,,train,-0.4500000000000002,-0.33275148
6685,2021_Kelly,CC(=O)N1CCC[C@@H]1C(=O)N(C)[C@H](CC(C)C)C(=O)N[C@@H]1C(=O)N(C)[C@@H](CC(C)C)C(=O)N(C)[C@H](CC(C)C)C(=O)N[C@@H](CC(C)C)C(=O)N[C@@H](C)C(=O)N[C@@H](CC(C)C)C(=O)N2CCC[C@@H]2C(=O)O[C@@H]1C,L1_8.3.4.1.1.1,6685,-6.72,10,7,Lariat,0.23619,0.167183,-32.4027,11.541,9.69,1.851,0.258889,0.187516,11.223,9.559,1.664,18,3,train,train,train,train,test,train,train,test,train,train,,train,-0.3599999999999999,-0.25782767
6678,2021_Kelly,CC(=O)N1CCC[C@@H]1C(=O)N(C)[C@H](CC(C)C)C(=O)N[C@@H]1C(=O)N(C)[C@@H](CC(C)C)C(=O)N[C@@H](CC(C)C)C(=O)N[C@@H](CC(C)C)C(=O)N(C)[C@@H](C)C(=O)N[C@@H](CC(C)C)C(=O)N2CCC[C@@H]2C(=O)O[C@@H]1C,L1_8.3.1.1.3.1,6678,-6.57,10,7,Lariat,0.320319,0.205936,-34.7695,11.78,9.738,2.042,0.223445,0.166388,11.588,9.761,1.827,19,54,train,train,test,train,test,train,train,train,train,train,,train,-0.2850000000000001,-0.33510166
6651,2021_Kelly,CC(=O)N1CCC[C@@H]1C(=O)N(C)[C@H](CC(C)C)C(=O)N[C@@H]1C(=O)N(C)[C@H](CC(C)C)C(=O)N(C)[C@@H](CC(C)C)C(=O)N(C)[C@@H](CC(C)C)C(=O)N(C)[C@@H](C)C(=O)N[C@@H](CC(C)C)C(=O)N2CCC[C@H]2C(=O)O[C@@H]1C,L1_7.4.3.3.3.1,6651,-5.79,10,7,Lariat,0.118119,0.0658313,-19.0035,10.908,9.41,1.498,0.13426,0.0799246,10.794,9.246,1.548,15,17,test,train,train,train,test,train,test,train,train,val,,test,0.1049999999999999,0.2073189
6638,2021_Kelly,CC(=O)N1CCC[C@@H]1C(=O)N(C)[C@H](CC(C)C)C(=O)N[C@@H]1C(=O)N(C)[C@@H](CC(C)C)C(=O)N(C)[C@H](CC(C)C)C(=O)N[C@H](CC(C)C)C(=O)N(C)[C@H](C)C(=O)N[C@@H](CC(C)C)C(=O)N2CCC[C@H]2C(=O)O[C@@H]1C,L1_7.3.4.2.4.1,6638,-6.45,10,7,Lariat,0.308922,0.201377,-27.5275,12.063,10.379,1.684,0.17064,0.10236,11.387,9.87,1.517,84,92,train,train,train,train,test,train,train,test,train,test,,train,-0.2250000000000001,0.08470506
6628,2021_Kelly,CC(=O)N1CCC[C@@H]1C(=O)N(C)[C@H](CC(C)C)C(=O)N[C@@H]1C(=O)N[C@H](CC(C)C)C(=O)N(C)[C@@H](CC(C)C)C(=O)N(C)[C@H](CC(C)C)C(=O)N(C)[C@H](C)C(=O)N[C@@H](CC(C)C)C(=O)N2CCC[C@H]2C(=O)O[C@@H]1C,L1_7.2.3.4.4.1,6628,-5.49,10,7,Lariat,0.250287,0.172733,-27.8052,11.444,9.672,1.772,0.113328,0.0563423,11.306,9.816,1.49,19,67,test,val,train,train,test,train,train,train,train,val,,test,0.2549999999999999,0.19200328
6620,2021_Kelly,CC(=O)N1CCC[C@@H]1C(=O)N(C)[C@H](CC(C)C)C(=O)N[C@@H]1C(=O)N[C@H](CC(C)C)C(=O)N[C@H](CC(C)C)C(=O)N[C@H](CC(C)C)C(=O)N(C)[C@@H](C)C(=O)N[C@@H](CC(C)C)C(=O)N2CCC[C@H]2C(=O)O[C@@H]1C,L1_7.2.2.2.3.1,6620,-6.09,10,7,Lariat,0.245236,0.168864,-24.7998,10.985,9.329,1.656,0.252973,0.180038,10.539,9.26,1.279,64,20,train,train,test,train,test,train,train,train,train,train,,train,-0.0449999999999999,-0.39159602
6581,2021_Kelly,CC(=O)N1CCC[C@H]1C(=O)N(C)[C@H](CC(C)C)C(=O)N[C@@H]1C(=O)N(C)[C@@H](CC(C)C)C(=O)N[C@@H](CC(C)C)C(=O)N[C@@H](CC(C)C)C(=O)N(C)[C@@H](C)C(=O)N[C@@H](CC(C)C)C(=O)N2CCC[C@@H]2C(=O)O[C@@H]1C,L1_6.3.1.1.3.1,6581,-6.23,10,7,Lariat,0.176845,0.107444,-28.8932,11.704,10.095,1.609,0.181518,0.127461,11.434,10.139,1.295,87,98,val,train,train,train,test,train,train,train,val,train,,val,-0.1150000000000002,-0.060472
6576,2021_Kelly,CC(=O)N1CCC[C@H]1C(=O)N(C)[C@H](CC(C)C)C(=O)N[C@@H]1C(=O)N[C@H](CC(C)C)C(=O)N(C)[C@H](CC(C)C)C(=O)N[C@H](CC(C)C)C(=O)N[C@@H](C)C(=O)N[C@@H](CC(C)C)C(=O)N2CCC[C@@H]2C(=O)O[C@@H]1C,L1_6.2.4.2.1.1,6576,-5.3,10,7,Lariat,0.203434,0.123193,-34.7282,11.503,9.366,2.137,0.206441,0.14096,10.973,9.371,1.602,81,6,train,train,train,val,test,train,train,train,train,train,,train,0.3500000000000001,0.078200944
6563,2021_Kelly,CC(=O)N1CCC[C@H]1C(=O)N(C)[C@H](CC(C)C)C(=O)N[C@@H]1C(=O)N[C@H](CC(C)C)C(=O)N[C@@H](CC(C)C)C(=O)N(C)[C@@H](CC(C)C)C(=O)N[C@@H](C)C(=O)N[C@@H](CC(C)C)C(=O)N2CCC[C@@H]2C(=O)O[C@@H]1C,L1_6.2.1.3.1.1,6563,-5.21,10,7,Lariat,0.244271,0.176338,-37.8123,11.952,9.885,2.067,0.13691,0.0843517,11.097,9.595,1.502,38,85,train,train,train,train,test,train,train,train,train,train,,train,0.395,0.38261938
6559,2021_Kelly,CC(=O)N1CCC[C@H]1C(=O)N(C)[C@H](CC(C)C)C(=O)N[C@@H]1C(=O)N[C@@H](CC(C)C)C(=O)N(C)[C@H](CC(C)C)C(=O)N(C)[C@H](CC(C)C)C(=O)N[C@H](C)C(=O)N[C@@H](CC(C)C)C(=O)N2CCC[C@@H]2C(=O)O[C@@H]1C,L1_6.1.4.4.2.1,6559,-5.33,10,7,Lariat,0.18879,0.122004,-30.9995,11.921,10.109,1.812,0.184556,0.134535,11.525,9.882,1.643,18,46,train,train,train,train,test,train,train,train,train,train,,train,0.3349999999999999,0.4569078
6543,2021_Kelly,CC(=O)N1CCC[C@H]1C(=O)N(C)[C@H](CC(C)C)C(=O)N[C@@H]1C(=O)N[C@@H](CC(C)C)C(=O)N[C@@H](CC(C)C)C(=O)N[C@@H](CC(C)C)C(=O)N(C)[C@@H](C)C(=O)N[C@@H](CC(C)C)C(=O)N2CCC[C@@H]2C(=O)O[C@@H]1C,L1_6.1.1.1.3.1,6543,-6.31,10,7,Lariat,0.284339,0.192279,-35.3725,11.737,9.777,1.96,0.183504,0.125962,11.235,9.822,1.413,85,74,train,train,test,train,test,train,train,train,train,test,,train,-0.1549999999999998,-0.28830543
6534,2021_Kelly,CC(=O)N1CCC[C@H]1C(=O)N(C)[C@H](CC(C)C)C(=O)N[C@@H]1C(=O)N(C)[C@H](CC(C)C)C(=O)N[C@H](CC(C)C)C(=O)N[C@@H](CC(C)C)C(=O)N[C@@H](C)C(=O)N[C@@H](CC(C)C)C(=O)N2CCC[C@H]2C(=O)O[C@@H]1C,L1_5.4.2.1.1.1,6534,-6.5,10,7,Lariat,0.198974,0.127486,-29.7603,11.128,9.354,1.774,0.155331,0.0972564,11.933,9.904,2.029,29,44,train,train,test,train,test,train,train,train,train,train,,train,-0.25,0.004721198
6528,2021_Kelly,CC(=O)N1CCC[C@H]1C(=O)N(C)[C@H](CC(C)C)C(=O)N[C@@H]1C(=O)N(C)[C@@H](CC(C)C)C(=O)N(C)[C@H](CC(C)C)C(=O)N(C)[C@@H](CC(C)C)C(=O)N(C)[C@H](C)C(=O)N[C@@H](CC(C)C)C(=O)N2CCC[C@H]2C(=O)O[C@@H]1C,L1_5.3.4.3.4.1,6528,-5.31,10,7,Lariat,0.122823,0.0662126,-21.812,11.276,9.871,1.405,0.121815,0.0755201,11.253,9.878,1.375,85,94,train,val,train,train,test,train,train,train,test,test,,train,0.3450000000000002,0.20801625
6520,2021_Kelly,CC(=O)N1CCC[C@H]1C(=O)N(C)[C@H](CC(C)C)C(=O)N[C@@H]1C(=O)N(C)[C@@H](CC(C)C)C(=O)N[C@@H](CC(C)C)C(=O)N(C)[C@H](CC(C)C)C(=O)N(C)[C@@H](C)C(=O)N[C@@H](CC(C)C)C(=O)N2CCC[C@H]2C(=O)O[C@@H]1C,L1_5.3.1.4.3.1,6520,-5.2,10,7,Lariat,0.152623,0.099652,-22.8638,11.778,10.095,1.683,0.1796,0.129143,11.493,10.051,1.442,94,54,train,train,train,train,test,train,train,train,train,train,,train,0.3999999999999999,0.45853555
6517,2021_Kelly,CC(=O)N1CCC[C@H]1C(=O)N(C)[C@H](CC(C)C)C(=O)N[C@@H]1C(=O)N(C)[C@@H](CC(C)C)C(=O)N[C@@H](CC(C)C)C(=O)N(C)[C@@H](CC(C)C)C(=O)N[C@@H](C)C(=O)N[C@@H](CC(C)C)C(=O)N2CCC[C@H]2C(=O)O[C@@H]1C,L1_5.3.1.3.1.1,6517,-5.18,10,7,Lariat,0.166453,0.0940205,-34.8137,11.595,9.566,2.029,0.134786,0.0870006,11.464,9.711,1.753,37,78,train,train,train,train,test,train,train,train,train,train,,train,0.4100000000000001,0.40510252
6508,2021_Kelly,CC(=O)N1CCC[C@H]1C(=O)N(C)[C@H](CC(C)C)C(=O)N[C@@H]1C(=O)N[C@H](CC(C)C)C(=O)N(C)[C@@H](CC(C)C)C(=O)N(C)[C@H](CC(C)C)C(=O)N(C)[C@H](C)C(=O)N[C@@H](CC(C)C)C(=O)N2CCC[C@H]2C(=O)O[C@@H]1C,L1_5.2.3.4.4.1,6508,-5.22,10,7,Lariat,0.13238,0.0704906,-27.2449,11.461,9.622,1.839,0.169729,0.113019,11.726,9.948,1.778,92,2,train,train,train,train,test,train,train,train,train,train,,train,0.3900000000000001,0.24990088
6492,2021_Kelly,CC(=O)N1CCC[C@H]1C(=O)N(C)[C@H](CC(C)C)C(=O)N[C@@H]1C(=O)N[C@@H](CC(C)C)C(=O)N(C)[C@H](CC(C)C)C(=O)N[C@@H](CC(C)C)C(=O)N(C)[C@H](C)C(=O)N[C@@H](CC(C)C)C(=O)N2CCC[C@H]2C(=O)O[C@@H]1C,L1_5.1.4.1.4.1,6492,-5.89,10,7,Lariat,0.242716,0.155936,-39.6798,11.7,9.9,1.8,0.224011,0.153198,10.934,9.492,1.442,26,38,train,val,train,train,test,test,train,train,train,train,,train,0.0550000000000001,0.07185445
6487,2021_Kelly,CC(=O)N1CCC[C@H]1C(=O)N(C)[C@H](CC(C)C)C(=O)N[C@@H]1C(=O)N[C@@H](CC(C)C)C(=O)N[C@H](CC(C)C)C(=O)N(C)[C@H](CC(C)C)C(=O)N[C@@H](C)C(=O)N[C@@H](CC(C)C)C(=O)N2CCC[C@H]2C(=O)O[C@@H]1C,L1_5.1.2.4.1.1,6487,-6.83,10,7,Lariat,0.201572,0.129897,-23.3775,11.438,9.582,1.856,0.155631,0.102805,11.288,9.599,1.689,75,91,train,train,train,train,test,train,train,train,val,train,,train,-0.415,-0.50735474
6482,2021_Kelly,CC(=O)N1CCC[C@H]1C(=O)N(C)[C@H](CC(C)C)C(=O)N[C@@H]1C(=O)N[C@@H](CC(C)C)C(=O)N[C@H](CC(C)C)C(=O)N[C@@H](CC(C)C)C(=O)N[C@@H](C)C(=O)N[C@@H](CC(C)C)C(=O)N2CCC[C@H]2C(=O)O[C@@H]1C,L1_5.1.2.1.1.1,6482,-7.26,10,7,Lariat,0.104542,0.0592857,-38.4671,10.925,9.126,1.799,0.135882,0.0801293,10.399,8.91,1.489,78,43,val,train,train,train,test,train,test,train,train,val,,val,-0.6299999999999999,-0.33116144
6466,2021_Kelly,CC(=O)N1CCC[C@@H]1C(=O)N(C)[C@@H](CC(C)C)C(=O)N[C@@H]1C(=O)N(C)[C@H](CC(C)C)C(=O)N(C)[C@@H](CC(C)C)C(=O)N(C)[C@H](CC(C)C)C(=O)N[C@@H](C)C(=O)N[C@@H](CC(C)C)C(=O)N2CCC[C@@H]2C(=O)O[C@@H]1C,L1_4.4.3.4.1.1,6466,-5.14,10,7,Lariat,0.11931,0.062338,-35.9399,11.658,9.838,1.82,0.108971,0.061924,10.881,9.437,1.444,27,93,train,train,val,train,test,train,train,train,val,train,,train,0.4300000000000001,0.2399387
6432,2021_Kelly,CC(=O)N1CCC[C@@H]1C(=O)N(C)[C@@H](CC(C)C)C(=O)N[C@@H]1C(=O)N[C@H](CC(C)C)C(=O)N(C)[C@@H](CC(C)C)C(=O)N(C)[C@@H](CC(C)C)C(=O)N(C)[C@@H](C)C(=O)N[C@@H](CC(C)C)C(=O)N2CCC[C@@H]2C(=O)O[C@@H]1C,L1_4.2.3.3.3.1,6432,-5.85,10,7,Lariat,0.155887,0.0995553,-26.8919,11.064,9.424,1.64,0.162091,0.0933848,11.287,9.757,1.53,36,52,train,train,train,train,test,train,train,train,train,test,,train,0.0750000000000001,0.3678024
6411,2021_Kelly,CC(=O)N1CCC[C@@H]1C(=O)N(C)[C@@H](CC(C)C)C(=O)N[C@@H]1C(=O)N[C@@H](CC(C)C)C(=O)N(C)[C@H](CC(C)C)C(=O)N(C)[C@@H](CC(C)C)C(=O)N[C@@H](C)C(=O)N[C@@H](CC(C)C)C(=O)N2CCC[C@@H]2C(=O)O[C@@H]1C,L1_4.1.4.3.1.1,6411,-5.58,10,7,Lariat,0.270117,0.207313,-32.4633,11.959,10.011,1.948,0.208918,0.137283,11.062,9.614,1.448,31,100,train,train,train,train,test,train,train,train,train,train,,train,0.2099999999999999,0.23740405
6409,2021_Kelly,CC(=O)N1CCC[C@@H]1C(=O)N(C)[C@@H](CC(C)C)C(=O)N[C@@H]1C(=O)N[C@@H](CC(C)C)C(=O)N(C)[C@H](CC(C)C)C(=O)N[C@H](CC(C)C)C(=O)N[C@H](C)C(=O)N[C@@H](CC(C)C)C(=O)N2CCC[C@@H]2C(=O)O[C@@H]1C,L1_4.1.4.2.2.1,6409,-5.61,10,7,Lariat,0.247915,0.173731,-37.7839,11.764,9.742,2.022,0.233058,0.166603,10.844,9.454,1.39,47,2,train,train,train,train,test,train,test,train,train,test,,train,0.1949999999999998,0.29933795
6402,2021_Kelly,CC(=O)N1CCC[C@@H]1C(=O)N(C)[C@@H](CC(C)C)C(=O)N[C@@H]1C(=O)N[C@@H](CC(C)C)C(=O)N[C@H](CC(C)C)C(=O)N(C)[C@H](CC(C)C)C(=O)N(C)[C@H](C)C(=O)N[C@@H](CC(C)C)C(=O)N2CCC[C@@H]2C(=O)O[C@@H]1C,L1_4.1.2.4.4.1,6402,-6.69,10,7,Lariat,0.132918,0.0707637,-28.3281,10.963,9.233,1.73,0.196274,0.135198,11.557,9.765,1.792,15,24,train,train,train,train,test,train,train,train,train,train,,train,-0.3450000000000002,0.12064075
6401,2021_Kelly,CC(=O)N1CCC[C@@H]1C(=O)N(C)[C@@H](CC(C)C)C(=O)N[C@@H]1C(=O)N[C@@H](CC(C)C)C(=O)N[C@H](CC(C)C)C(=O)N(C)[C@H](CC(C)C)C(=O)N[C@@H](C)C(=O)N[C@@H](CC(C)C)C(=O)N2CCC[C@@H]2C(=O)O[C@@H]1C,L1_4.1.2.4.1.1,6401,-5.87,10,7,Lariat,0.182794,0.111113,-42.2144,12.217,10.263,1.954,0.184871,0.132265,11.584,9.815,1.769,58,23,train,val,val,train,test,train,train,test,train,train,,train,0.0649999999999999,0.12825197
6400,2021_Kelly,CC(=O)N1CCC[C@@H]1C(=O)N(C)[C@@H](CC(C)C)C(=O)N[C@@H]1C(=O)N[C@@H](CC(C)C)C(=O)N[C@H](CC(C)C)C(=O)N(C)[C@@H](CC(C)C)C(=O)N[C@@H](C)C(=O)N[C@@H](CC(C)C)C(=O)N2CCC[C@@H]2C(=O)O[C@@H]1C,L1_4.1.2.3.1.1,6400,-5.86,10,7,Lariat,0.159968,0.103243,-28.8107,11.588,9.652,1.936,0.123642,0.0654924,10.824,9.452,1.372,42,40,train,train,val,train,test,train,train,train,train,train,,train,0.0699999999999998,0.1525603
6392,2021_Kelly,CC(=O)N1CCC[C@@H]1C(=O)N(C)[C@@H](CC(C)C)C(=O)N[C@@H]1C(=O)N[C@@H](CC(C)C)C(=O)N[C@@H](CC(C)C)C(=O)N[C@@H](CC(C)C)C(=O)N[C@@H](C)C(=O)N[C@@H](CC(C)C)C(=O)N2CCC[C@@H]2C(=O)O[C@@H]1C,L1_4.1.1.1.1.1,6392,-6.92,10,7,Lariat,0.245529,0.169631,-42.1495,11.432,9.375,2.057,0.204037,0.129803,11.142,9.347,1.795,11,59,train,train,train,train,test,train,train,train,train,test,,train,-0.4599999999999999,-0.46155635
6388,2021_Kelly,CC(=O)N1CCC[C@@H]1C(=O)N(C)[C@@H](CC(C)C)C(=O)N[C@@H]1C(=O)N(C)[C@H](CC(C)C)C(=O)N(C)[C@H](CC(C)C)C(=O)N(C)[C@@H](CC(C)C)C(=O)N(C)[C@@H](C)C(=O)N[C@@H](CC(C)C)C(=O)N2CCC[C@H]2C(=O)O[C@@H]1C,L1_3.4.4.3.3.1,6388,-5.27,10,7,Lariat,0.148624,0.0854352,-21.4378,11.251,9.54,1.711,0.150359,0.0957472,11.659,10.098,1.561,16,3,train,train,train,train,test,train,train,train,train,val,,train,0.3650000000000002,0.33935177
6364,2021_Kelly,CC(=O)N1CCC[C@@H]1C(=O)N(C)[C@@H](CC(C)C)C(=O)N[C@@H]1C(=O)N(C)[C@@H](CC(C)C)C(=O)N(C)[C@H](CC(C)C)C(=O)N(C)[C@@H](CC(C)C)C(=O)N(C)[C@H](C)C(=O)N[C@@H](CC(C)C)C(=O)N2CCC[C@H]2C(=O)O[C@@H]1C,L1_3.3.4.3.4.1,6364,-5.51,10,7,Lariat,0.178741,0.12191,-20.9461,11.894,10.126,1.768,0.156735,0.102844,11.654,9.927,1.727,89,60,train,train,train,train,test,train,train,val,train,val,,train,0.2450000000000001,0.23581952
6326,2021_Kelly,CC(=O)N1CCC[C@@H]1C(=O)N(C)[C@@H](CC(C)C)C(=O)N[C@@H]1C(=O)N[C@@H](CC(C)C)C(=O)N[C@H](CC(C)C)C(=O)N(C)[C@H](CC(C)C)C(=O)N[C@@H](C)C(=O)N[C@@H](CC(C)C)C(=O)N2CCC[C@H]2C(=O)O[C@@H]1C,L1_3.1.2.4.1.1,6326,-6.85,10,7,Lariat,0.209263,0.134434,-24.0375,11.484,9.567,1.917,0.147644,0.0906591,11.301,9.578,1.723,49,45,train,train,train,train,test,train,train,test,train,test,,train,-0.4249999999999998,-0.18069893
6305,2021_Kelly,CC(=O)N1CCC[C@H]1C(=O)N(C)[C@@H](CC(C)C)C(=O)N[C@@H]1C(=O)N(C)[C@H](CC(C)C)C(=O)N(C)[C@@H](CC(C)C)C(=O)N[C@@H](CC(C)C)C(=O)N(C)[C@H](C)C(=O)N[C@@H](CC(C)C)C(=O)N2CCC[C@@H]2C(=O)O[C@@H]1C,L1_2.4.3.1.4.1,6305,-6.09,10,7,Lariat,0.219084,0.134406,-35.1001,11.964,10.021,1.943,0.139335,0.0872298,12.021,10.169,1.852,19,14,test,train,train,train,test,train,train,train,train,train,,test,-0.0449999999999999,0.061948545
6304,2021_Kelly,CC(=O)N1CCC[C@H]1C(=O)N(C)[C@@H](CC(C)C)C(=O)N[C@@H]1C(=O)N(C)[C@H](CC(C)C)C(=O)N[C@H](CC(C)C)C(=O)N(C)[C@H](CC(C)C)C(=O)N[C@@H](C)C(=O)N[C@@H](CC(C)C)C(=O)N2CCC[C@@H]2C(=O)O[C@@H]1C,L1_2.4.2.4.1.1,6304,-6.96,10,7,Lariat,0.206402,0.133615,-31.728,11.245,9.45,1.795,0.329951,0.240528,10.8,9.202,1.598,33,39,train,train,train,train,test,train,train,train,val,train,,train,-0.48,-0.16205233
6297,2021_Kelly,CC(=O)N1CCC[C@H]1C(=O)N(C)[C@@H](CC(C)C)C(=O)N[C@@H]1C(=O)N(C)[C@@H](CC(C)C)C(=O)N(C)[C@H](CC(C)C)C(=O)N(C)[C@@H](CC(C)C)C(=O)N(C)[C@@H](C)C(=O)N[C@@H](CC(C)C)C(=O)N2CCC[C@@H]2C(=O)O[C@@H]1C,L1_2.3.4.3.3.1,6297,-5.49,10,7,Lariat,0.1211,0.0482623,-14.8664,11.159,9.599,1.56,0.112559,0.0508068,11.223,9.717,1.506,77,4,train,train,train,val,test,train,train,train,train,train,,train,0.2549999999999999,0.2089667
6263,2021_Kelly,CC(=O)N1CCC[C@H]1C(=O)N(C)[C@@H](CC(C)C)C(=O)N[C@@H]1C(=O)N[C@@H](CC(C)C)C(=O)N(C)[C@@H](CC(C)C)C(=O)N[C@H](CC(C)C)C(=O)N(C)[C@@H](C)C(=O)N[C@@H](CC(C)C)C(=O)N2CCC[C@@H]2C(=O)O[C@@H]1C,L1_2.1.3.2.3.1,6263,-5.66,10,7,Lariat,0.178712,0.103212,-40.7821,12.344,10.383,1.961,0.153106,0.0963684,11.162,9.442,1.72,73,54,train,train,train,test,test,val,train,test,train,train,,train,0.1699999999999999,0.15768424
6259,2021_Kelly,CC(=O)N1CCC[C@H]1C(=O)N(C)[C@@H](CC(C)C)C(=O)N[C@@H]1C(=O)N[C@@H](CC(C)C)C(=O)N[C@@H](CC(C)C)C(=O)N(C)[C@@H](CC(C)C)C(=O)N[C@@H](C)C(=O)N[C@@H](CC(C)C)C(=O)N2CCC[C@@H]2C(=O)O[C@@H]1C,L1_2.1.1.3.1.1,6259,-5.23,10,7,Lariat,0.158884,0.0916974,-28.7781,11.424,9.593,1.831,0.112654,0.0593451,10.895,9.25,1.645,26,28,train,train,train,train,test,train,train,train,train,train,,train,0.3849999999999998,-0.13917816
6251,2021_Kelly,CC(=O)N1CCC[C@@H]1C(=O)N(C)[C@H](CC(C)C)C(=O)N[C@@H]1C(=O)N(C)[C@H](CC(C)C)C(=O)N(C)[C@@H](CC(C)C)C(=O)N[C@@H](CC(C)C)C(=O)N(C)[C@@H](C)C(=O)N[C@H](CC(C)C)C(=O)N2CCC[C@@H]2C(=O)O[C@@H]1C,L1_16.4.3.1.3.2,6251,-5.02,10,7,Lariat,0.206386,0.127118,-22.7958,11.692,9.974,1.718,0.193299,0.126325,11.556,9.981,1.575,22,42,val,train,val,train,test,train,train,val,train,train,,val,0.4900000000000002,0.45743138
6228,2021_Kelly,CC(=O)N1CCC[C@@H]1C(=O)N(C)[C@H](CC(C)C)C(=O)N[C@@H]1C(=O)N(C)[C@@H](CC(C)C)C(=O)N[C@@H](CC(C)C)C(=O)N[C@@H](CC(C)C)C(=O)N[C@@H](C)C(=O)N[C@H](CC(C)C)C(=O)N2CCC[C@@H]2C(=O)O[C@@H]1C,L1_16.3.1.1.1.2,6228,-8.7,10,7,Lariat,0.282821,0.205931,-31.5496,11.312,9.404,1.908,0.169276,0.111144,11.581,9.588,1.993,63,52,train,test,train,train,test,val,train,train,train,train,,train,-1.0,-0.6756148
6224,2021_Kelly,CC(=O)N1CCC[C@@H]1C(=O)N(C)[C@H](CC(C)C)C(=O)N[C@@H]1C(=O)N[C@H](CC(C)C)C(=O)N(C)[C@H](CC(C)C)C(=O)N[C@H](CC(C)C)C(=O)N(C)[C@@H](C)C(=O)N[C@H](CC(C)C)C(=O)N2CCC[C@@H]2C(=O)O[C@@H]1C,L1_16.2.4.2.3.2,6224,-5.94,10,7,Lariat,0.195734,0.107076,-29.7998,11.332,9.426,1.906,0.157058,0.100335,11.576,9.938,1.638,89,11,train,val,train,train,test,train,train,train,train,train,,train,0.0299999999999998,0.13045609
6220,2021_Kelly,CC(=O)N1CCC[C@@H]1C(=O)N(C)[C@H](CC(C)C)C(=O)N[C@@H]1C(=O)N[C@H](CC(C)C)C(=O)N(C)[C@@H](CC(C)C)C(=O)N[C@@H](CC(C)C)C(=O)N[C@@H](C)C(=O)N[C@H](CC(C)C)C(=O)N2CCC[C@@H]2C(=O)O[C@@H]1C,L1_16.2.3.1.1.2,6220,-6.53,10,7,Lariat,0.238674,0.159399,-30.0393,11.164,9.485,1.679,0.188088,0.12382,10.76,9.226,1.534,14,92,train,train,train,val,test,train,train,train,val,train,,train,-0.2650000000000001,-0.17620495
6214,2021_Kelly,CC(=O)N1CCC[C@@H]1C(=O)N(C)[C@H](CC(C)C)C(=O)N[C@@H]1C(=O)N[C@H](CC(C)C)C(=O)N[C@H](CC(C)C)C(=O)N[C@H](CC(C)C)C(=O)N[C@@H](C)C(=O)N[C@H](CC(C)C)C(=O)N2CCC[C@@H]2C(=O)O[C@@H]1C,L1_16.2.2.2.1.2,6214,-7.44,10,7,Lariat,0.154605,0.091312,-41.5124,11.37,9.129,2.241,0.141277,0.0829777,11.402,9.41,1.992,38,21,train,test,train,val,test,val,train,val,test,train,,train,-0.7200000000000002,-0.90073645
6196,2021_Kelly,CC(=O)N1CCC[C@@H]1C(=O)N(C)[C@H](CC(C)C)C(=O)N[C@@H]1C(=O)N[C@@H](CC(C)C)C(=O)N[C@@H](CC(C)C)C(=O)N(C)[C@@H](CC(C)C)C(=O)N(C)[C@@H](C)C(=O)N[C@H](CC(C)C)C(=O)N2CCC[C@@H]2C(=O)O[C@@H]1C,L1_16.1.1.3.3.2,6196,-6.78,10,7,Lariat,0.235272,0.143924,-26.9024,10.981,9.377,1.604,0.0925209,0.0536951,10.149,8.745,1.404,53,29,train,train,train,train,test,train,train,train,train,train,,train,-0.3900000000000001,-0.20353389
6191,2021_Kelly,CC(=O)N1CCC[C@@H]1C(=O)N(C)[C@H](CC(C)C)C(=O)N[C@@H]1C(=O)N(C)[C@H](CC(C)C)C(=O)N(C)[C@H](CC(C)C)C(=O)N(C)[C@@H](CC(C)C)C(=O)N(C)[C@H](C)C(=O)N[C@H](CC(C)C)C(=O)N2CCC[C@H]2C(=O)O[C@@H]1C,L1_15.4.4.3.4.2,6191,-5.2,10,7,Lariat,0.184744,0.119511,-25.5664,11.668,10.209,1.459,0.202387,0.142635,11.509,9.892,1.617,86,85,train,test,train,train,test,train,train,train,train,train,,train,0.3999999999999999,0.38515082
6176,2021_Kelly,CC(=O)N1CCC[C@@H]1C(=O)N(C)[C@H](CC(C)C)C(=O)N[C@@H]1C(=O)N(C)[C@@H](CC(C)C)C(=O)N(C)[C@@H](CC(C)C)C(=O)N(C)[C@H](CC(C)C)C(=O)N(C)[C@@H](C)C(=O)N[C@H](CC(C)C)C(=O)N2CCC[C@H]2C(=O)O[C@@H]1C,L1_15.3.3.4.3.2,6176,-6.05,10,7,Lariat,0.172139,0.108297,-26.2927,11.58,9.876,1.704,0.173784,0.107253,11.105,9.689,1.416,46,91,train,train,val,train,test,train,train,train,train,train,,train,-0.0249999999999999,0.16012451
6167,2021_Kelly,CC(=O)N1CCC[C@@H]1C(=O)N(C)[C@H](CC(C)C)C(=O)N[C@@H]1C(=O)N(C)[C@@H](CC(C)C)C(=O)N[C@@H](CC(C)C)C(=O)N[C@H](CC(C)C)C(=O)N[C@H](C)C(=O)N[C@H](CC(C)C)C(=O)N2CCC[C@H]2C(=O)O[C@@H]1C,L1_15.3.1.2.2.2,6167,-6.69,10,7,Lariat,0.206154,0.125514,-32.6816,11.177,9.337,1.84,0.129624,0.0662162,10.77,9.191,1.579,2,33,train,train,train,train,test,val,train,train,train,train,,train,-0.3450000000000002,-0.35798854
6155,2021_Kelly,CC(=O)N1CCC[C@@H]1C(=O)N(C)[C@H](CC(C)C)C(=O)N[C@@H]1C(=O)N[C@H](CC(C)C)C(=O)N(C)[C@H](CC(C)C)C(=O)N[C@@H](CC(C)C)C(=O)N(C)[C@@H](C)C(=O)N[C@H](CC(C)C)C(=O)N2CCC[C@H]2C(=O)O[C@@H]1C,L1_15.2.4.1.3.2,6155,-5.12,10,7,Lariat,0.198076,0.112726,-29.07,11.398,9.5,1.898,0.121968,0.0702728,10.373,8.934,1.439,40,20,train,train,test,train,test,train,train,train,train,train,,train,0.4399999999999999,0.45564562
6135,2021_Kelly,CC(=O)N1CCC[C@@H]1C(=O)N(C)[C@H](CC(C)C)C(=O)N[C@@H]1C(=O)N[C@H](CC(C)C)C(=O)N[C@H](CC(C)C)C(=O)N[C@H](CC(C)C)C(=O)N[C@H](C)C(=O)N[C@H](CC(C)C)C(=O)N2CCC[C@H]2C(=O)O[C@@H]1C,L1_15.2.2.2.2.2,6135,-6.44,10,7,Lariat,0.181922,0.11295,-42.7324,11.196,9.357,1.839,0.100112,0.0500001,10.482,9.247,1.235,73,89,train,val,train,train,test,train,test,train,train,train,,train,-0.2200000000000002,-0.41041213
6127,2021_Kelly,CC(=O)N1CCC[C@@H]1C(=O)N(C)[C@H](CC(C)C)C(=O)N[C@@H]1C(=O)N[C@H](CC(C)C)C(=O)N[C@@H](CC(C)C)C(=O)N(C)[C@@H](CC(C)C)C(=O)N[C@@H](C)C(=O)N[C@H](CC(C)C)C(=O)N2CCC[C@H]2C(=O)O[C@@H]1C,L1_15.2.1.3.1.2,6127,-5.89,10,7,Lariat,0.329208,0.223564,-31.6881,11.318,9.552,1.766,0.154732,0.0911382,10.982,9.402,1.58,94,9,train,train,val,train,test,test,train,val,train,train,,train,0.0550000000000001,0.08765675
6124,2021_Kelly,CC(=O)N1CCC[C@@H]1C(=O)N(C)[C@H](CC(C)C)C(=O)N[C@@H]1C(=O)N[C@H](CC(C)C)C(=O)N[C@@H](CC(C)C)C(=O)N[C@H](CC(C)C)C(=O)N[C@@H](C)C(=O)N[C@H](CC(C)C)C(=O)N2CCC[C@H]2C(=O)O[C@@H]1C,L1_15.2.1.2.1.2,6124,-7.14,10,7,Lariat,0.166778,0.094193,-28.8019,10.662,9.065,1.597,0.147898,0.0905584,11.187,9.54,1.647,39,3,train,test,train,train,test,train,train,test,train,train,,train,-0.5699999999999998,-0.469526
6119,2021_Kelly,CC(=O)N1CCC[C@@H]1C(=O)N(C)[C@H](CC(C)C)C(=O)N[C@@H]1C(=O)N[C@@H](CC(C)C)C(=O)N(C)[C@@H](CC(C)C)C(=O)N(C)[C@H](CC(C)C)C(=O)N(C)[C@@H](C)C(=O)N[C@H](CC(C)C)C(=O)N2CCC[C@H]2C(=O)O[C@@H]1C,L1_15.1.3.4.3.2,6119,-6.51,10,7,Lariat,0.140136,0.0769064,-21.176,11.101,9.609,1.492,0.11498,0.061937,10.926,9.569,1.357,64,4,train,train,train,train,test,train,train,train,train,test,,train,-0.2549999999999999,-0.085875
6117,2021_Kelly,CC(=O)N1CCC[C@@H]1C(=O)N(C)[C@H](CC(C)C)C(=O)N[C@@H]1C(=O)N[C@@H](CC(C)C)C(=O)N(C)[C@@H](CC(C)C)C(=O)N(C)[C@@H](CC(C)C)C(=O)N[C@@H](C)C(=O)N[C@H](CC(C)C)C(=O)N2CCC[C@H]2C(=O)O[C@@H]1C,L1_15.1.3.3.1.2,6117,-6.47,10,7,Lariat,0.222267,0.137624,-34.4502,11.713,9.907,1.806,0.255726,0.183013,11.553,9.862,1.691,93,2,test,train,train,train,test,train,train,train,train,train,,test,-0.2349999999999998,-0.39705205
6085,2021_Kelly,CC(=O)N1CCC[C@H]1C(=O)N(C)[C@H](CC(C)C)C(=O)N[C@@H]1C(=O)N(C)[C@@H](CC(C)C)C(=O)N(C)[C@H](CC(C)C)C(=O)N(C)[C@@H](CC(C)C)C(=O)N(C)[C@@H](C)C(=O)N[C@H](CC(C)C)C(=O)N2CCC[C@@H]2C(=O)O[C@@H]1C,L1_14.3.4.3.3.2,6085,-5.29,10,7,Lariat,0.153472,0.089102,-29.8168,11.72,9.964,1.756,0.197261,0.118514,11.362,9.727,1.635,100,28,train,train,val,train,test,train,train,train,train,train,,train,0.355,0.30593082
6068,2021_Kelly,CC(=O)N1CCC[C@H]1C(=O)N(C)[C@H](CC(C)C)C(=O)N[C@@H]1C(=O)N[C@H](CC(C)C)C(=O)N(C)[C@H](CC(C)C)C(=O)N[C@@H](CC(C)C)C(=O)N(C)[C@H](C)C(=O)N[C@H](CC(C)C)C(=O)N2CCC[C@@H]2C(=O)O[C@@H]1C,L1_14.2.4.1.4.2,6068,-5.33,10,7,Lariat,0.191378,0.12838,-27.3217,11.968,10.092,1.876,0.184751,0.130343,11.248,9.772,1.476,7,82,train,train,train,train,test,train,train,train,test,train,,train,0.3349999999999999,0.2816375
6053,2021_Kelly,CC(=O)N1CCC[C@H]1C(=O)N(C)[C@H](CC(C)C)C(=O)N[C@@H]1C(=O)N[C@@H](CC(C)C)C(=O)N(C)[C@H](CC(C)C)C(=O)N(C)[C@H](CC(C)C)C(=O)N(C)[C@H](C)C(=O)N[C@H](CC(C)C)C(=O)N2CCC[C@@H]2C(=O)O[C@@H]1C,L1_14.1.4.4.4.2,6053,-5.74,10,7,Lariat,0.131554,0.074853,-32.3418,11.731,9.532,2.199,0.207905,0.146421,11.834,9.974,1.86,77,18,train,train,train,test,test,val,val,train,train,test,,train,0.1299999999999999,0.13381603
6048,2021_Kelly,CC(=O)N1CCC[C@H]1C(=O)N(C)[C@H](CC(C)C)C(=O)N[C@@H]1C(=O)N[C@@H](CC(C)C)C(=O)N(C)[C@H](CC(C)C)C(=O)N[C@H](CC(C)C)C(=O)N[C@H](C)C(=O)N[C@H](CC(C)C)C(=O)N2CCC[C@@H]2C(=O)O[C@@H]1C,L1_14.1.4.2.2.2,6048,-6.68,10,7,Lariat,0.212155,0.128901,-36.0405,11.143,9.31,1.833,0.154164,0.0922387,11.181,9.661,1.52,51,41,train,val,train,test,test,train,train,train,train,val,,train,-0.3399999999999998,-0.2020404
6047,2021_Kelly,CC(=O)N1CCC[C@H]1C(=O)N(C)[C@H](CC(C)C)C(=O)N[C@@H]1C(=O)N[C@@H](CC(C)C)C(=O)N(C)[C@@H](CC(C)C)C(=O)N(C)[C@H](CC(C)C)C(=O)N(C)[C@H](C)C(=O)N[C@H](CC(C)C)C(=O)N2CCC[C@@H]2C(=O)O[C@@H]1C,L1_14.1.3.4.4.2,6047,-5.48,10,7,Lariat,0.12841,0.0616428,-26.7173,11.375,9.664,1.711,0.163781,0.0978604,11.846,9.925,1.921,91,36,train,test,train,train,test,train,train,train,train,train,,train,0.2599999999999998,0.08171693
6020,2021_Kelly,CC(=O)N1CCC[C@H]1C(=O)N(C)[C@H](CC(C)C)C(=O)N[C@@H]1C(=O)N(C)[C@@H](CC(C)C)C(=O)N(C)[C@@H](CC(C)C)C(=O)N(C)[C@H](CC(C)C)C(=O)N(C)[C@@H](C)C(=O)N[C@H](CC(C)C)C(=O)N2CCC[C@H]2C(=O)O[C@@H]1C,L1_13.3.3.4.3.2,6020,-6.03,10,7,Lariat,0.238423,0.150932,-21.7513,11.651,10.036,1.615,0.241311,0.167484,11.518,9.913,1.605,66,2,train,train,train,test,test,train,train,val,train,val,,train,-0.0150000000000001,0.26317757
6012,2021_Kelly,CC(=O)N1CCC[C@H]1C(=O)N(C)[C@H](CC(C)C)C(=O)N[C@@H]1C(=O)N[C@H](CC(C)C)C(=O)N(C)[C@H](CC(C)C)C(=O)N(C)[C@@H](CC(C)C)C(=O)N[C@@H](C)C(=O)N[C@H](CC(C)C)C(=O)N2CCC[C@H]2C(=O)O[C@@H]1C,L1_13.2.4.3.1.2,6012,-5.94,10,7,Lariat,0.204196,0.140937,-32.3318,11.469,9.848,1.621,0.208407,0.145907,10.984,9.628,1.356,89,31,train,train,train,train,test,train,test,val,train,train,,train,0.0299999999999998,-0.20614192
6008,2021_Kelly,CC(=O)N1CCC[C@H]1C(=O)N(C)[C@H](CC(C)C)C(=O)N[C@@H]1C(=O)N[C@H](CC(C)C)C(=O)N(C)[C@@H](CC(C)C)C(=O)N(C)[C@H](CC(C)C)C(=O)N(C)[C@H](C)C(=O)N[C@H](CC(C)C)C(=O)N2CCC[C@H]2C(=O)O[C@@H]1C,L1_13.2.3.4.4.2,6008,-5.3,10,7,Lariat,0.133676,0.0718341,-24.5048,11.241,9.619,1.622,0.109287,0.0609905,11.434,9.927,1.507,33,14,train,train,train,train,test,train,train,train,test,train,,train,0.3500000000000001,0.36983687
5995,2021_Kelly,CC(=O)N1CCC[C@H]1C(=O)N(C)[C@H](CC(C)C)C(=O)N[C@@H]1C(=O)N[C@H](CC(C)C)C(=O)N[C@@H](CC(C)C)C(=O)N(C)[C@H](CC(C)C)C(=O)N(C)[C@H](C)C(=O)N[C@H](CC(C)C)C(=O)N2CCC[C@H]2C(=O)O[C@@H]1C,L1_13.2.1.4.4.2,5995,-5.47,10,7,Lariat,0.175639,0.105203,-32.1202,10.841,9.188,1.653,0.180489,0.12426,11.184,9.742,1.442,53,79,train,train,train,train,test,val,train,train,test,val,,train,0.2650000000000001,0.28559148
5977,2021_Kelly,CC(=O)N1CCC[C@H]1C(=O)N(C)[C@H](CC(C)C)C(=O)N[C@@H]1C(=O)N[C@@H](CC(C)C)C(=O)N[C@@H](CC(C)C)C(=O)N[C@@H](CC(C)C)C(=O)N(C)[C@@H](C)C(=O)N[C@H](CC(C)C)C(=O)N2CCC[C@H]2C(=O)O[C@@H]1C,L1_13.1.1.1.3.2,5977,-6.21,10,7,Lariat,0.141982,0.0857864,-27.5598,11.157,9.425,1.732,0.129084,0.0884465,10.975,9.382,1.593,53,99,train,train,train,val,test,test,train,train,train,train,,train,-0.1049999999999999,-0.022065632
5952,2021_Kelly,CC(=O)N1CCC[C@@H]1C(=O)N(C)[C@@H](CC(C)C)C(=O)N[C@@H]1C(=O)N(C)[C@@H](CC(C)C)C(=O)N[C@@H](CC(C)C)C(=O)N(C)[C@@H](CC(C)C)C(=O)N[C@@H](C)C(=O)N[C@H](CC(C)C)C(=O)N2CCC[C@@H]2C(=O)O[C@@H]1C,L1_12.3.1.3.1.2,5952,-6.43,10,7,Lariat,0.189331,0.119211,-25.4841,11.282,9.505,1.777,0.244882,0.163488,11.453,9.743,1.71,20,7,train,train,val,train,test,train,train,train,val,train,,train,-0.2149999999999998,-0.120737724
5948,2021_Kelly,CC(=O)N1CCC[C@@H]1C(=O)N(C)[C@@H](CC(C)C)C(=O)N[C@@H]1C(=O)N[C@H](CC(C)C)C(=O)N[C@H](CC(C)C)C(=O)N(C)[C@H](CC(C)C)C(=O)N(C)[C@H](C)C(=O)N[C@H](CC(C)C)C(=O)N2CCC[C@@H]2C(=O)O[C@@H]1C,L1_12.2.2.4.4.2,5948,-5.82,10,7,Lariat,0.174024,0.110581,-23.0665,11.085,9.432,1.653,0.126405,0.0792257,10.183,8.812,1.371,93,51,test,train,val,train,test,test,train,train,train,train,,test,0.0899999999999998,0.027535021
5945,2021_Kelly,CC(=O)N1CCC[C@@H]1C(=O)N(C)[C@@H](CC(C)C)C(=O)N[C@@H]1C(=O)N[C@H](CC(C)C)C(=O)N[C@H](CC(C)C)C(=O)N[C@H](CC(C)C)C(=O)N(C)[C@H](C)C(=O)N[C@H](CC(C)C)C(=O)N2CCC[C@@H]2C(=O)O[C@@H]1C,L1_12.2.2.2.4.2,5945,-6.05,10,7,Lariat,0.160941,0.102195,-37.0404,10.871,9.041,1.83,0.192987,0.132906,10.397,8.881,1.516,90,43,train,val,train,test,test,test,train,train,train,train,,train,-0.0249999999999999,-0.21976838
5934,2021_Kelly,CC(=O)N1CCC[C@@H]1C(=O)N(C)[C@@H](CC(C)C)C(=O)N[C@@H]1C(=O)N[C@@H](CC(C)C)C(=O)N[C@@H](CC(C)C)C(=O)N(C)[C@H](CC(C)C)C(=O)N[C@@H](C)C(=O)N[C@H](CC(C)C)C(=O)N2CCC[C@@H]2C(=O)O[C@@H]1C,L1_12.1.1.4.1.2,5934,-6.39,10,7,Lariat,0.316951,0.22148,-32.1469,11.848,9.759,2.089,0.126802,0.0727925,10.727,9.231,1.496,21,65,train,train,train,train,test,train,test,train,train,train,,train,-0.1949999999999998,-0.31878078
5928,2021_Kelly,CC(=O)N1CCC[C@@H]1C(=O)N(C)[C@@H](CC(C)C)C(=O)N[C@@H]1C(=O)N(C)[C@H](CC(C)C)C(=O)N(C)[C@H](CC(C)C)C(=O)N(C)[C@@H](CC(C)C)C(=O)N(C)[C@H](C)C(=O)N[C@H](CC(C)C)C(=O)N2CCC[C@H]2C(=O)O[C@@H]1C,L1_11.4.4.3.4.2,5928,-5.2,10,7,Lariat,0.156742,0.0946984,-20.0259,11.388,9.785,1.603,0.106138,0.0649232,10.676,9.443,1.233,95,25,test,train,train,train,test,train,train,train,train,val,,test,0.3999999999999999,0.44694948
5922,2021_Kelly,CC(=O)N1CCC[C@@H]1C(=O)N(C)[C@@H](CC(C)C)C(=O)N[C@@H]1C(=O)N(C)[C@H](CC(C)C)C(=O)N(C)[C@@H](CC(C)C)C(=O)N(C)[C@H](CC(C)C)C(=O)N(C)[C@@H](C)C(=O)N[C@H](CC(C)C)C(=O)N2CCC[C@H]2C(=O)O[C@@H]1C,L1_11.4.3.4.3.2,5922,-5.35,10,7,Lariat,0.220381,0.141286,-26.7403,12.293,10.569,1.724,0.236241,0.157601,11.71,10.237,1.473,91,46,train,train,train,test,test,train,train,test,val,train,,train,0.3250000000000002,0.32413158
5887,2021_Kelly,CC(=O)N1CCC[C@@H]1C(=O)N(C)[C@@H](CC(C)C)C(=O)N[C@@H]1C(=O)N[C@H](CC(C)C)C(=O)N(C)[C@@H](CC(C)C)C(=O)N(C)[C@H](CC(C)C)C(=O)N(C)[C@H](C)C(=O)N[C@H](CC(C)C)C(=O)N2CCC[C@H]2C(=O)O[C@@H]1C,L1_11.2.3.4.4.2,5887,-5.41,10,7,Lariat,0.174322,0.113377,-17.4944,11.693,10.168,1.525,0.125034,0.0752049,11.501,10.245,1.256,55,42,train,test,train,train,test,train,test,train,train,train,,train,0.2949999999999999,0.3207018
5882,2021_Kelly,CC(=O)N1CCC[C@@H]1C(=O)N(C)[C@@H](CC(C)C)C(=O)N[C@@H]1C(=O)N[C@H](CC(C)C)C(=O)N(C)[C@@H](CC(C)C)C(=O)N(C)[C@@H](CC(C)C)C(=O)N[C@@H](C)C(=O)N[C@H](CC(C)C)C(=O)N2CCC[C@H]2C(=O)O[C@@H]1C,L1_11.2.3.3.1.2,5882,-5.46,10,7,Lariat,0.253665,0.174244,-29.1283,11.681,9.853,1.828,0.151894,0.100163,11.235,9.652,1.583,49,91,train,train,val,train,test,train,train,train,train,train,,train,0.27,0.2392388
5855,2021_Kelly,CC(=O)N1CCC[C@@H]1C(=O)N(C)[C@@H](CC(C)C)C(=O)N[C@@H]1C(=O)N[C@@H](CC(C)C)C(=O)N[C@H](CC(C)C)C(=O)N(C)[C@H](CC(C)C)C(=O)N(C)[C@@H](C)C(=O)N[C@H](CC(C)C)C(=O)N2CCC[C@H]2C(=O)O[C@@H]1C,L1_11.1.2.4.3.2,5855,-5.89,10,7,Lariat,0.161894,0.104274,-28.3747,11.582,9.765,1.817,0.113111,0.0634928,10.757,9.368,1.389,81,70,train,train,test,train,test,train,test,train,train,val,,train,0.0550000000000001,0.10794872
5851,2021_Kelly,CC(=O)N1CCC[C@@H]1C(=O)N(C)[C@@H](CC(C)C)C(=O)N[C@@H]1C(=O)N[C@@H](CC(C)C)C(=O)N[C@H](CC(C)C)C(=O)N[C@H](CC(C)C)C(=O)N[C@@H](C)C(=O)N[C@H](CC(C)C)C(=O)N2CCC[C@H]2C(=O)O[C@@H]1C,L1_11.1.2.2.1.2,5851,-6.73,10,7,Lariat,0.145942,0.086399,-36.8752,11.384,9.415,1.969,0.113412,0.0551746,10.542,9.021,1.521,92,16,test,train,val,train,test,train,val,train,test,train,,test,-0.3650000000000002,-0.46544954
5843,2021_Kelly,CC(=O)N1CCC[C@H]1C(=O)N(C)[C@@H](CC(C)C)C(=O)N[C@@H]1C(=O)N(C)[C@H](CC(C)C)C(=O)N(C)[C@H](CC(C)C)C(=O)N(C)[C@@H](CC(C)C)C(=O)N(C)[C@H](C)C(=O)N[C@H](CC(C)C)C(=O)N2CCC[C@@H]2C(=O)O[C@@H]1C,L1_10.4.4.3.4.2,5843,-5.93,10,7,Lariat,0.162855,0.100301,-21.9834,11.087,9.553,1.534,0.144853,0.0890416,11.1,9.515,1.585,47,77,train,train,val,train,test,train,train,train,train,test,,train,0.0350000000000001,0.47836682
5794,2021_Kelly,CC(=O)N1CCC[C@H]1C(=O)N(C)[C@@H](CC(C)C)C(=O)N[C@@H]1C(=O)N[C@H](CC(C)C)C(=O)N(C)[C@@H](CC(C)C)C(=O)N(C)[C@H](CC(C)C)C(=O)N[C@@H](C)C(=O)N[C@H](CC(C)C)C(=O)N2CCC[C@@H]2C(=O)O[C@@H]1C,L1_10.2.3.4.1.2,5794,-6.25,10,7,Lariat,0.17336,0.11321,-32.5047,11.928,9.839,2.089,0.128921,0.08507,11.613,9.778,1.835,34,40,train,train,train,val,test,train,train,val,train,train,,train,-0.125,-0.16537896
5778,2021_Kelly,CC(=O)N1CCC[C@H]1C(=O)N(C)[C@@H](CC(C)C)C(=O)N[C@@H]1C(=O)N[C@@H](CC(C)C)C(=O)N(C)[C@H](CC(C)C)C(=O)N(C)[C@H](CC(C)C)C(=O)N(C)[C@H](C)C(=O)N[C@H](CC(C)C)C(=O)N2CCC[C@@H]2C(=O)O[C@@H]1C,L1_10.1.4.4.4.2,5778,-6.13,10,7,Lariat,0.156116,0.0897312,-40.6603,12.072,10.065,2.007,0.129337,0.0758064,11.834,10.052,1.782,98,19,test,train,test,train,test,test,train,train,train,train,,test,-0.0649999999999999,0.122169025
5777,2021_Kelly,CC(=O)N1CCC[C@H]1C(=O)N(C)[C@@H](CC(C)C)C(=O)N[C@@H]1C(=O)N[C@@H](CC(C)C)C(=O)N(C)[C@H](CC(C)C)C(=O)N(C)[C@H](CC(C)C)C(=O)N[C@H](C)C(=O)N[C@H](CC(C)C)C(=O)N2CCC[C@@H]2C(=O)O[C@@H]1C,L1_10.1.4.4.2.2,5777,-6.85,10,7,Lariat,0.169706,0.102825,-24.2583,11.197,9.501,1.696,0.150427,0.0958358,11.468,9.744,1.724,20,89,train,train,train,train,test,train,train,train,test,test,,train,-0.4249999999999998,-0.049903877
5763,2021_Kelly,CC(=O)N1CCC[C@H]1C(=O)N(C)[C@@H](CC(C)C)C(=O)N[C@@H]1C(=O)N(C)[C@H](CC(C)C)C(=O)N(C)[C@H](CC(C)C)C(=O)N(C)[C@H](CC(C)C)C(=O)N(C)[C@H](C)C(=O)N[C@@H](CC(C)C)C(=O)N2CCC[C@H]2C(=O)O[C@@H]1C,L1_1.4.4.4.4.1,5763,-5.19,10,7,Lariat,0.100803,0.0434641,-12.0388,10.41,9.094,1.316,0.0881686,0.0442364,10.291,9.044,1.247,65,54,train,train,train,train,test,train,val,test,val,train,,train,0.4049999999999998,0.4139028
5761,2021_Kelly,CC(=O)N1CCC[C@H]1C(=O)N(C)[C@@H](CC(C)C)C(=O)N[C@@H]1C(=O)N(C)[C@H](CC(C)C)C(=O)N(C)[C@H](CC(C)C)C(=O)N[C@H](CC(C)C)C(=O)N(C)[C@@H](C)C(=O)N[C@@H](CC(C)C)C(=O)N2CCC[C@H]2C(=O)O[C@@H]1C,L1_1.4.4.2.3.1,5761,-5.3,10,7,Lariat,0.17202,0.108169,-37.3934,12.149,10.315,1.834,0.118714,0.0632993,11.225,9.602,1.623,48,13,train,val,train,train,test,train,train,train,train,val,,train,0.3500000000000001,0.28587222
5742,2021_Kelly,CC(=O)N1CCC[C@H]1C(=O)N(C)[C@@H](CC(C)C)C(=O)N[C@@H]1C(=O)N(C)[C@@H](CC(C)C)C(=O)N(C)[C@H](CC(C)C)C(=O)N(C)[C@@H](CC(C)C)C(=O)N(C)[C@@H](C)C(=O)N[C@@H](CC(C)C)C(=O)N2CCC[C@H]2C(=O)O[C@@H]1C,L1_1.3.4.3.3.1,5742,-5.47,10,7,Lariat,0.185292,0.109935,-25.0548,11.965,10.202,1.763,0.133575,0.0916772,11.781,10.14,1.641,87,76,train,train,test,train,test,test,train,train,train,train,,train,0.2650000000000001,0.277973
5736,2021_Kelly,CC(=O)N1CCC[C@H]1C(=O)N(C)[C@@H](CC(C)C)C(=O)N[C@@H]1C(=O)N(C)[C@@H](CC(C)C)C(=O)N(C)[C@@H](CC(C)C)C(=O)N[C@@H](CC(C)C)C(=O)N(C)[C@H](C)C(=O)N[C@@H](CC(C)C)C(=O)N2CCC[C@H]2C(=O)O[C@@H]1C,L1_1.3.3.1.4.1,5736,-6.05,10,7,Lariat,0.227579,0.149899,-26.0595,11.926,10.029,1.897,0.168186,0.109196,11.99,10.257,1.733,99,28,train,train,train,val,test,train,train,train,val,train,,train,-0.0249999999999999,0.20307717
5728,2021_Kelly,CC(=O)N1CCC[C@H]1C(=O)N(C)[C@@H](CC(C)C)C(=O)N[C@@H]1C(=O)N(C)[C@@H](CC(C)C)C(=O)N[C@@H](CC(C)C)C(=O)N(C)[C@@H](CC(C)C)C(=O)N(C)[C@H](C)C(=O)N[C@@H](CC(C)C)C(=O)N2CCC[C@H]2C(=O)O[C@@H]1C,L1_1.3.1.3.4.1,5728,-5.31,10,7,Lariat,0.144854,0.0798276,-29.3253,11.327,9.502,1.825,0.132584,0.0808378,11.134,9.45,1.684,47,48,train,val,val,test,test,train,train,train,val,train,,train,0.3450000000000002,0.3553338
5725,2021_Kelly,CC(=O)N1CCC[C@H]1C(=O)N(C)[C@@H](CC(C)C)C(=O)N[C@@H]1C(=O)N(C)[C@@H](CC(C)C)C(=O)N[C@@H](CC(C)C)C(=O)N[C@H](CC(C)C)C(=O)N(C)[C@@H](C)C(=O)N[C@@H](CC(C)C)C(=O)N2CCC[C@H]2C(=O)O[C@@H]1C,L1_1.3.1.2.3.1,5725,-5.25,10,7,Lariat,0.229847,0.150216,-35.002,11.594,9.393,2.201,0.185929,0.124961,11.805,9.917,1.888,34,23,train,val,train,test,test,train,train,test,train,train,,train,0.375,0.32862243
5724,2021_Kelly,CC(=O)N1CCC[C@H]1C(=O)N(C)[C@@H](CC(C)C)C(=O)N[C@@H]1C(=O)N(C)[C@@H](CC(C)C)C(=O)N[C@@H](CC(C)C)C(=O)N[C@H](CC(C)C)C(=O)N[C@@H](C)C(=O)N[C@@H](CC(C)C)C(=O)N2CCC[C@H]2C(=O)O[C@@H]1C,L1_1.3.1.2.1.1,5724,-5.77,10,7,Lariat,0.187577,0.114076,-33.3203,11.745,9.655,2.09,0.224957,0.154645,11.244,9.4,1.844,80,64,train,train,train,train,test,train,train,val,train,train,,train,0.1150000000000002,-0.3894067
5722,2021_Kelly,CC(=O)N1CCC[C@H]1C(=O)N(C)[C@@H](CC(C)C)C(=O)N[C@@H]1C(=O)N[C@H](CC(C)C)C(=O)N(C)[C@H](CC(C)C)C(=O)N(C)[C@H](CC(C)C)C(=O)N(C)[C@@H](C)C(=O)N[C@@H](CC(C)C)C(=O)N2CCC[C@H]2C(=O)O[C@@H]1C,L1_1.2.4.4.3.1,5722,-5.6,10,7,Lariat,0.173578,0.105834,-31.9332,12.166,10.259,1.907,0.141371,0.0946586,11.892,9.981,1.911,9,57,val,train,train,train,test,train,test,train,test,train,,val,0.2000000000000001,0.22148249
5721,2021_Kelly,CC(=O)N1CCC[C@H]1C(=O)N(C)[C@@H](CC(C)C)C(=O)N[C@@H]1C(=O)N[C@H](CC(C)C)C(=O)N(C)[C@H](CC(C)C)C(=O)N(C)[C@@H](CC(C)C)C(=O)N(C)[C@H](C)C(=O)N[C@@H](CC(C)C)C(=O)N2CCC[C@H]2C(=O)O[C@@H]1C,L1_1.2.4.3.4.1,5721,-5.46,10,7,Lariat,0.245436,0.159309,-24.6113,11.836,9.932,1.904,0.122354,0.076222,11.022,9.556,1.466,100,24,train,train,train,train,test,train,train,train,train,train,,train,0.27,0.42734104
5704,2021_Kelly,CC(=O)N1CCC[C@H]1C(=O)N(C)[C@@H](CC(C)C)C(=O)N[C@@H]1C(=O)N[C@H](CC(C)C)C(=O)N[C@H](CC(C)C)C(=O)N[C@H](CC(C)C)C(=O)N(C)[C@H](C)C(=O)N[C@@H](CC(C)C)C(=O)N2CCC[C@H]2C(=O)O[C@@H]1C,L1_1.2.2.2.4.1,5704,-6.24,10,7,Lariat,0.168352,0.097863,-40.6865,11.479,9.311,2.168,0.133677,0.0804884,10.778,9.085,1.693,53,82,train,train,train,train,test,train,train,train,train,test,,train,-0.1200000000000001,0.089643
5693,2021_Kelly,CC(=O)N1CCC[C@H]1C(=O)N(C)[C@@H](CC(C)C)C(=O)N[C@@H]1C(=O)N[C@@H](CC(C)C)C(=O)N(C)[C@H](CC(C)C)C(=O)N[C@H](CC(C)C)C(=O)N[C@@H](C)C(=O)N[C@@H](CC(C)C)C(=O)N2CCC[C@H]2C(=O)O[C@@H]1C,L1_1.1.4.2.1.1,5693,-6.68,10,7,Lariat,0.200523,0.122427,-34.6131,11.973,9.981,1.992,0.170744,0.107199,11.705,9.924,1.781,14,61,train,train,train,train,test,val,val,train,train,train,,train,-0.3399999999999998,-0.39546
5692,2021_Kelly,CC(=O)N1CCC[C@H]1C(=O)N(C)[C@@H](CC(C)C)C(=O)N[C@@H]1C(=O)N[C@@H](CC(C)C)C(=O)N(C)[C@H](CC(C)C)C(=O)N[C@@H](CC(C)C)C(=O)N(C)[C@H](C)C(=O)N[C@@H](CC(C)C)C(=O)N2CCC[C@H]2C(=O)O[C@@H]1C,L1_1.1.4.1.4.1,5692,-6.1,10,7,Lariat,0.115739,0.060156,-14.9711,10.877,9.349,1.528,0.108899,0.0556098,10.85,9.421,1.429,41,75,train,train,val,train,test,test,val,train,train,train,,train,-0.0499999999999998,0.11931128
5681,2021_Kelly,CC(=O)N1CCC[C@H]1C(=O)N(C)[C@@H](CC(C)C)C(=O)N[C@@H]1C(=O)N[C@@H](CC(C)C)C(=O)N[C@H](CC(C)C)C(=O)N[C@H](CC(C)C)C(=O)N[C@@H](C)C(=O)N[C@@H](CC(C)C)C(=O)N2CCC[C@H]2C(=O)O[C@@H]1C,L1_1.1.2.2.1.1,5681,-7.31,10,7,Lariat,0.147007,0.0803446,-29.3145,11.314,9.356,1.958,0.190024,0.12744,11.17,9.378,1.792,56,31,train,train,val,train,test,train,train,train,train,train,,train,-0.6549999999999998,-0.5612434
5680,2021_Kelly,CC(=O)N1CCC[C@H]1C(=O)N(C)[C@@H](CC(C)C)C(=O)N[C@@H]1C(=O)N[C@@H](CC(C)C)C(=O)N[C@H](CC(C)C)C(=O)N[C@@H](CC(C)C)C(=O)N[C@@H](C)C(=O)N[C@@H](CC(C)C)C(=O)N2CCC[C@H]2C(=O)O[C@@H]1C,L1_1.1.2.1.1.1,5680,-7.3,10,7,Lariat,0.189704,0.124288,-43.7203,11.194,9.012,2.182,0.186367,0.12087,11.337,9.424,1.913,26,4,train,test,train,val,test,train,train,train,test,train,,train,-0.6499999999999999,-0.3024583
5674,2021_Kelly,CC(=O)N1CCC[C@H]1C(=O)N(C)[C@@H](CC(C)C)C(=O)N[C@@H]1C(=O)N[C@@H](CC(C)C)C(=O)N[C@@H](CC(C)C)C(=O)N[C@H](CC(C)C)C(=O)N(C)[C@H](C)C(=O)N[C@@H](CC(C)C)C(=O)N2CCC[C@H]2C(=O)O[C@@H]1C,L1_1.1.1.2.4.1,5674,-5.63,10,7,Lariat,0.158163,0.0926795,-44.876,11.913,9.911,2.002,0.203243,0.127474,11.802,10.018,1.784,27,88,train,train,train,train,test,test,test,train,train,val,,train,0.185,0.15611613
5672,2021_Kelly,CC(=O)N1CCC[C@H]1C(=O)N(C)[C@@H](CC(C)C)C(=O)N[C@@H]1C(=O)N[C@@H](CC(C)C)C(=O)N[C@@H](CC(C)C)C(=O)N[C@H](CC(C)C)C(=O)N[C@@H](C)C(=O)N[C@@H](CC(C)C)C(=O)N2CCC[C@H]2C(=O)O[C@@H]1C,L1_1.1.1.2.1.1,5672,-6.69,10,7,Lariat,0.135003,0.0757569,-29.1365,11.228,9.239,1.989,0.136259,0.0852844,11.36,9.38,1.98,61,48,test,train,train,train,test,train,test,train,val,test,,test,-0.3450000000000002,-0.3412946
5591,2020_Townsend,CC(C)C[C@H]1C(=O)N2CCC[C@@H]2C(=O)N(C)[C@H](CC(C)C)C(=O)N[C@@H](Cc2ccccc2)C(=O)N2CCC[C@H]2C(=O)N(C)[C@@H](C)C(=O)N(Cc2ccccc2)CC(=O)N1C,hepta_2014,5591,-10.0,7,7,Circle,0.150226,0.0420687,-33.6632,9.176,8.028,1.148,0.130434,0.0413209,9.238,8.179,1.059,26,25,train,train,train,val,test,train,train,test,train,train,,train,-1.0,-0.07082918
5569,2020_Townsend,CC(C)C[C@H]1NC(=O)[C@H](C)N(C)C(=O)[C@@H]2CCCN2C(=O)[C@H](Cc2ccccc2)NC(=O)[C@@H](CC(C)C)N(C)C(=O)[C@H]2CCCN2C(=O)CN(Cc2ccccc2)C1=O,hepta_1992,5569,-10.0,7,7,Circle,0.161318,0.0573855,-36.1116,9.116,7.918,1.198,0.134976,0.0578577,9.129,7.944,1.185,62,40,train,train,val,train,test,val,train,train,train,train,,train,-1.0,0.27841654
5562,2020_Townsend,CC(C)C[C@@H]1NC(=O)[C@H](C)N(C)C(=O)[C@@H]2CCCN2C(=O)[C@H](Cc2ccccc2)NC(=O)[C@@H](CC(C)C)NC(=O)[C@H]2CCCN2C(=O)CN(Cc2ccccc2)C1=O,hepta_1985,5562,-5.77,7,7,Circle,0.131042,0.0483887,-33.9599,9.265,8.086,1.179,0.141042,0.0393605,8.715,7.527,1.188,98,17,val,train,val,train,test,train,val,train,train,train,,val,0.1150000000000002,-1.0834359
5553,2020_Townsend,CC(C)C[C@H]1NC(=O)[C@@H](CC(C)C)N(C)C(=O)[C@H](C)N(C)C(=O)[C@@H]2CCCN2C(=O)[C@H](Cc2ccccc2)NC(=O)[C@@H](CC(C)C)N(C)C(=O)[C@H]2CCCN2C1=O,hepta_1976,5553,-5.1,7,7,Circle,0.124272,0.0427883,-23.914,9.084,7.975,1.109,0.106018,0.0439941,9.219,8.003,1.216,99,28,train,val,train,val,test,test,train,train,train,val,,train,0.4500000000000002,0.17945737
5548,2020_Townsend,CC(C)C[C@@H]1NC(=O)[C@@H](CC(C)C)NC(=O)[C@H](C)N(C)C(=O)[C@@H]2CCCN2C(=O)[C@H](Cc2ccccc2)NC(=O)[C@@H](CC(C)C)N(C)C(=O)[C@H]2CCCN2C1=O,hepta_1971,5548,-5.24,7,7,Circle,0.132078,0.0379404,-26.364,8.926,7.749,1.177,0.13425,0.0368822,8.543,7.652,0.891,97,90,train,train,train,train,test,train,train,train,train,train,,train,0.3799999999999999,-0.012883633
5546,2020_Townsend,CC(C)C[C@@H]1NC(=O)[C@H](C)N(C)C(=O)[C@@H]2CCCN2C(=O)[C@H](Cc2ccccc2)NC(=O)[C@@H](CC(C)C)NC(=O)[C@H]2CCCN2C(=O)[C@@H](CC(C)C)N(C)C1=O,hepta_1969,5546,-5.82,7,7,Circle,0.144059,0.0489005,-28.5066,9.098,7.824,1.274,0.148483,0.0490731,8.758,7.656,1.102,17,37,test,train,train,train,test,train,train,train,train,train,,test,0.0899999999999998,-0.30075333
5526,2020_Townsend,CC(C)C[C@@H]1NC(=O)[C@@H](CC(C)C)NC(=O)[C@@H](C)NC(=O)[C@@H]2CCCN2C(=O)[C@H](Cc2ccccc2)NC(=O)CN(Cc2ccccc2)C(=O)[C@H]2CCCN2C1=O,hepta_1949,5526,-10.0,7,7,Circle,0.150887,0.0578396,-26.8014,8.932,7.712,1.22,0.116312,0.0392932,8.806,7.716,1.09,69,23,train,train,train,train,test,train,train,train,train,train,,train,-1.0,-0.22967333
5523,2020_Townsend,CC(C)C[C@@H]1NC(=O)[C@@H](C)NC(=O)[C@@H]2CCCN2C(=O)[C@H](Cc2ccccc2)NC(=O)[C@@H](CC(C)C)N(C)C(=O)[C@H]2CCCN2C(=O)[C@H](CC(C)C)N(C)C1=O,hepta_1946,5523,-10.0,7,7,Circle,0.161101,0.0525043,-22.1387,8.91,7.695,1.215,0.127168,0.0379003,8.917,7.8,1.117,16,25,train,train,train,train,test,train,test,val,train,train,,train,-1.0,-0.0040896684
5519,2020_Townsend,CC(C)C[C@H]1C(=O)N2CCC[C@@H]2C(=O)N[C@H](CC(C)C)C(=O)N[C@@H](Cc2ccccc2)C(=O)N2CCC[C@H]2C(=O)N[C@H](C)C(=O)N[C@H](CC(C)C)C(=O)N1C,hepta_1942,5519,-5.64,7,7,Circle,0.148919,0.047057,-39.1864,9.066,7.613,1.453,0.125934,0.031872,8.563,7.44,1.123,80,89,train,train,train,train,test,test,train,train,train,test,,train,0.1800000000000001,-0.35339022
5511,2020_Townsend,CC(C)C[C@@H]1C(=O)N2CCC[C@H]2C(=O)N(Cc2ccccc2)CC(=O)N[C@@H](Cc2ccccc2)C(=O)N2CCC[C@H]2C(=O)N[C@@H](C)C(=O)N(Cc2ccccc2)CC(=O)N1C,hepta_1934,5511,-6.24,7,7,Circle,0.193963,0.0751791,-32.7773,9.051,7.735,1.316,0.183243,0.0674755,8.912,7.574,1.338,95,37,train,test,train,train,test,train,train,train,train,val,,train,-0.1200000000000001,0.0730686
5493,2020_Townsend,CC(C)C[C@@H]1NC(=O)[C@H](C)NC(=O)[C@@H]2CCCN2C(=O)[C@H](Cc2ccccc2)NC(=O)[C@H](CC(C)C)NC(=O)[C@@H]2CCCN2C(=O)C[C@H](Cc2ccccc2)NC1=O,hepta_1916,5493,-6.49,7,7,Circle,0.173262,0.0644786,-30.4451,8.882,7.627,1.255,0.149154,0.0428665,8.676,7.46,1.216,73,48,train,train,train,train,test,train,train,train,val,train,,train,-0.2450000000000001,-0.28687897
5490,2020_Townsend,CC(C)C[C@@H]1NC(=O)[C@@H](CC(C)C)N(C)C(=O)[C@H](C)NC(=O)[C@@H]2CCCN2C(=O)[C@H](Cc2ccccc2)NC(=O)CN(Cc2ccccc2)C(=O)[C@@H]2CCCN2C1=O,hepta_1913,5490,-5.69,7,7,Circle,0.199455,0.0697602,-44.3135,9.369,8.031,1.338,0.172209,0.0559466,9.145,7.896,1.249,37,9,train,train,train,train,test,test,train,train,val,train,,train,0.1549999999999998,0.018394664
5488,2020_Townsend,CC(C)C[C@H]1C(=O)N[C@@H](Cc2ccccc2)C(=O)N2CCC[C@H]2C(=O)N[C@@H](C)C(=O)N[C@H](CC(C)C)C(=O)N(Cc2ccccc2)CC(=O)N2CCC[C@H]2C(=O)N1C,hepta_1911,5488,-5.53,7,7,Circle,0.110998,0.0397109,-31.9101,8.586,7.466,1.12,0.156301,0.0706354,8.917,7.703,1.214,7,61,val,test,train,train,test,train,train,train,train,train,,val,0.2349999999999998,0.11286241
5451,2020_Townsend,CC(C)C[C@H]1NC(=O)[C@@H]2CCCN2C(=O)[C@@H](CC(C)C)N(C)C(=O)[C@@H](CC(C)C)N(C)C(=O)[C@H](C)NC(=O)[C@@H]2CCCN2C(=O)[C@H](Cc2ccccc2)NC1=O,hepta_1874,5451,-5.7,7,7,Circle,0.11546,0.0411369,-30.9391,9.208,7.918,1.29,0.134425,0.0466581,8.937,7.697,1.24,6,60,train,train,val,train,test,train,train,train,train,train,,train,0.1499999999999999,0.111408025
5448,2020_Townsend,CC(C)C[C@@H]1NC(=O)[C@H](C)NC(=O)[C@@H]2CCCN2C(=O)[C@H](Cc2ccccc2)NC(=O)[C@@H](CC(C)C)N(C)C(=O)[C@@H]2CCCN2C(=O)[C@H](CC(C)C)NC1=O,hepta_1871,5448,-5.45,7,7,Circle,0.127795,0.0429233,-30.4627,8.952,7.63,1.322,0.105668,0.036226,8.607,7.278,1.329,95,48,train,train,train,val,test,train,train,train,train,test,,train,0.2749999999999999,0.71124065
5442,2020_Townsend,CC(C)C[C@@H]1NC(=O)[C@@H](CC(C)C)NC(=O)[C@H](C)NC(=O)[C@@H]2CCCN2C(=O)[C@H](Cc2ccccc2)NC(=O)[C@@H](CC(C)C)N(C)C(=O)[C@@H]2CCCN2C1=O,hepta_1865,5442,-5.65,7,7,Circle,0.144633,0.0474208,-28.6778,9.06,7.669,1.391,0.0947741,0.0414903,8.777,7.688,1.089,41,68,train,train,train,train,test,train,train,train,train,train,,train,0.1749999999999998,0.47465485
5418,2020_Townsend,CC(C)C[C@@H]1NC(=O)C[C@H](Cc2ccccc2)NC(=O)[C@@H]2CCCN2C(=O)[C@H](Cc2ccccc2)NC(=O)CN(Cc2ccccc2)C(=O)[C@H]2CCCN2C(=O)CN(Cc2ccccc2)C1=O,hepta_1841,5418,-5.87,7,7,Circle,0.190229,0.0525032,-39.6376,9.761,8.472,1.289,0.151449,0.0387167,10.253,9.18,1.073,3,96,test,train,train,train,test,train,test,train,val,train,,test,0.0649999999999999,-0.3037694
5414,2020_Townsend,CC(C)C[C@H]1NC(=O)C[C@H](Cc2ccccc2)NC(=O)[C@@H]2CCCN2C(=O)[C@H](Cc2ccccc2)NC(=O)CN(Cc2ccccc2)C(=O)[C@H]2CCCN2C(=O)CN(Cc2ccccc2)C1=O,hepta_1837,5414,-6.07,7,7,Circle,0.205802,0.0668043,-42.0013,9.911,8.64,1.271,0.169541,0.047338,9.575,8.329,1.246,71,81,train,train,test,train,test,train,train,val,train,train,,train,-0.0350000000000001,-0.15695497
5413,2020_Townsend,CC(C)C[C@H]1NC(=O)[C@H]2CCCN2C(=O)CN(Cc2ccccc2)C(=O)CN(Cc2ccccc2)C(=O)C[C@H](Cc2ccccc2)NC(=O)[C@@H]2CCCN2C(=O)[C@H](Cc2ccccc2)NC1=O,hepta_1836,5413,-6.36,7,7,Circle,0.162606,0.0474898,-37.301,9.314,8.137,1.177,0.136418,0.0415482,9.586,8.596,0.99,18,76,train,train,train,train,test,train,train,train,train,train,,train,-0.1800000000000001,-0.44151568
5405,2020_Townsend,CC(C)C[C@H]1C(=O)N(C)[C@@H](CC(C)C)C(=O)N2CCC[C@@H]2C(=O)N(C)[C@@H](CC(C)C)C(=O)N[C@@H](Cc2ccccc2)C(=O)N2CCC[C@H]2C(=O)N[C@@H](Cc2ccccc2)CC(=O)N1C,hepta_1828,5405,-5.5,7,7,Circle,0.18467,0.0636002,-26.6398,9.929,8.866,1.063,0.16909,0.07384,10.113,9.137,0.976,17,40,train,train,train,test,test,train,test,train,train,train,,train,0.25,0.3557045
5348,2020_Townsend,CCCN1CC(=O)N(C)[C@@H](CC(C)C)C(=O)N[C@@H](Cc2ccccc2)CC(=O)N2CCC[C@H]2C(=O)N(Cc2ccccc2)CC(=O)N[C@@H](Cc2ccccc2)C(=O)N2CCC[C@H]2C1=O,hepta_1771,5348,-5.67,7,7,Circle,0.155654,0.0367637,-38.5555,9.743,8.349,1.394,0.125688,0.0437164,9.673,8.363,1.31,31,17,train,test,test,val,test,val,train,train,train,train,,train,0.165,0.08392187
5344,2020_Townsend,CCCN1CC(=O)N(Cc2ccccc2)CC(=O)N[C@@H](Cc2ccccc2)CC(=O)N2CCC[C@H]2C(=O)N[C@@H](CC(C)C)C(=O)N[C@@H](Cc2ccccc2)C(=O)N2CCC[C@H]2C1=O,hepta_1767,5344,-6.28,7,7,Circle,0.159567,0.0441091,-49.8002,9.698,8.371,1.327,0.15241,0.045141,9.438,8.2,1.238,59,29,train,test,train,train,test,train,train,train,train,train,,train,-0.1400000000000001,-0.1912094
5320,2020_Townsend,CCCN1CC(=O)N[C@@H](CC(C)C)C(=O)N(C)[C@H](CC(C)C)C(=O)N2CCC[C@H]2C(=O)N(Cc2ccccc2)CC(=O)N[C@@H](Cc2ccccc2)C(=O)N2CCC[C@H]2C1=O,hepta_1743,5320,-5.83,7,7,Circle,0.203703,0.0902873,-38.8188,9.411,8.235,1.176,0.13717,0.0379085,9.348,8.228,1.12,53,80,train,train,val,train,test,train,train,train,train,test,,train,0.0849999999999999,0.19555089
5317,2020_Townsend,CCCN1CC(=O)N[C@@H](CC(C)C)C(=O)N(Cc2ccccc2)CC(=O)N2CCC[C@H]2C(=O)N(C)[C@H](CC(C)C)C(=O)N[C@@H](Cc2ccccc2)C(=O)N2CCC[C@H]2C1=O,hepta_1740,5317,-5.41,7,7,Circle,0.212294,0.0750475,-32.8951,9.562,8.369,1.193,0.174276,0.0647908,9.428,8.245,1.183,27,51,train,train,train,train,test,train,train,train,train,val,,train,0.2949999999999999,0.21418649
5288,2020_Townsend,CCCN1CC(=O)N(C)[C@H](CC(C)C)C(=O)N[C@H](CC(C)C)C(=O)N2CCC[C@H]2C(=O)N(C)[C@@H](CC(C)C)C(=O)N[C@@H](Cc2ccccc2)C(=O)N2CCC[C@H]2C1=O,hepta_1711,5288,-4.96,7,7,Circle,0.144356,0.0491572,-19.0092,9.223,8.177,1.046,0.131015,0.0408512,9.18,8.125,1.055,41,75,train,train,train,train,test,train,test,test,train,train,,train,0.52,0.339009
5278,2020_Townsend,CCCN1CC(=O)N[C@@H](CC(C)C)C(=O)N(C)[C@@H](CC(C)C)C(=O)N2CCC[C@H]2C(=O)N[C@@H](CC(C)C)C(=O)N[C@@H](Cc2ccccc2)C(=O)N2CCC[C@H]2C1=O,hepta_1701,5278,-5.77,7,7,Circle,0.0990417,0.037971,-36.0128,8.857,7.497,1.36,0.108672,0.0434622,8.964,7.901,1.063,100,19,train,train,train,train,test,train,train,train,train,train,,train,0.1150000000000002,0.124300085
5271,2020_Townsend,CCCN1CC(=O)N[C@@H](CC(C)C)C(=O)N(C)[C@@H](CC(C)C)C(=O)N2CCC[C@H]2C(=O)N[C@H](CC(C)C)C(=O)N[C@@H](Cc2ccccc2)C(=O)N2CCC[C@H]2C1=O,hepta_1694,5271,-6.14,7,7,Circle,0.121518,0.046856,-40.5423,9.297,7.873,1.424,0.104312,0.0472158,8.771,7.781,0.99,99,78,train,train,train,train,test,val,train,train,train,train,,train,-0.0699999999999998,-0.22310573
5269,2020_Townsend,CCCN1CC(=O)N[C@H](CC(C)C)C(=O)N[C@@H](CC(C)C)C(=O)N2CCC[C@H]2C(=O)N(C)[C@H](CC(C)C)C(=O)N[C@@H](Cc2ccccc2)C(=O)N2CCC[C@H]2C1=O,hepta_1692,5269,-5.79,7,7,Circle,0.195096,0.0848074,-28.6378,9.336,8.047,1.289,0.122627,0.043913,9.244,7.998,1.246,90,74,train,train,train,train,test,train,train,train,train,test,,train,0.1049999999999999,0.19085467
5266,2020_Townsend,CCCN1CC(=O)N[C@H](CC(C)C)C(=O)N[C@H](CC(C)C)C(=O)N2CCC[C@H]2C(=O)N(C)[C@H](CC(C)C)C(=O)N[C@@H](Cc2ccccc2)C(=O)N2CCC[C@H]2C1=O,hepta_1689,5266,-5.51,7,7,Circle,0.130262,0.0487418,-20.9442,8.955,7.822,1.133,0.115373,0.0468089,9.022,7.917,1.105,61,55,train,val,val,val,test,train,val,train,train,train,,train,0.2450000000000001,0.22558677
5260,2020_Townsend,CCCN1CC(=O)N[C@H](CC(C)C)C(=O)N[C@H](CC(C)C)C(=O)N2CCC[C@H]2C(=O)N[C@H](CC(C)C)C(=O)N[C@@H](Cc2ccccc2)C(=O)N2CCC[C@H]2C1=O,hepta_1683,5260,-5.88,7,7,Circle,0.147426,0.0563058,-23.8748,9.134,7.937,1.197,0.134122,0.0589534,8.839,7.672,1.167,8,61,train,train,train,train,test,train,train,train,train,train,,train,0.06,-0.7437938
5246,2020_Townsend,CC(C)C[C@H]1C(=O)N(Cc2ccccc2)CC(=O)N2CCC[C@H]2C(=O)N(C)[C@@H](CC(C)C)C(=O)N[C@@H](Cc2ccccc2)C(=O)N2CCC[C@H]2C(=O)N[C@@H](Cc2ccccc2)CC(=O)N1C,hepta_1669,5246,-5.69,7,7,Circle,0.183706,0.0562485,-38.5021,10.419,9.294,1.125,0.177385,0.0638807,10.339,9.161,1.178,50,95,train,train,train,train,test,val,val,val,train,train,,train,0.1549999999999998,0.19344589
5241,2020_Townsend,CC(C)C[C@H]1NC(=O)[C@@H]2CCCN2C(=O)C[C@H](Cc2ccccc2)NC(=O)[C@@H](CC(C)C)N(C)C(=O)C[C@H](Cc2ccccc2)NC(=O)[C@@H]2CCCN2C(=O)[C@H](Cc2ccccc2)NC1=O,hepta_1664,5241,-5.68,7,7,Circle,0.150717,0.0359446,-25.3304,9.611,8.676,0.935,0.193437,0.0770209,9.816,8.819,0.997,100,90,train,train,train,test,test,train,train,train,train,train,,train,0.1600000000000001,0.0012129787
5231,2020_Townsend,CC(C)C[C@@H]1NC(=O)C[C@H](Cc2ccccc2)NC(=O)[C@@H]2CCCN2C(=O)[C@H](Cc2ccccc2)NC(=O)[C@@H](CC(C)C)N(C)C(=O)[C@@H]2CCCN2C(=O)CN(Cc2ccccc2)C1=O,hepta_1654,5231,-5.65,7,7,Circle,0.180211,0.0619728,-39.7699,10.598,9.25,1.348,0.201803,0.0720228,10.066,9.008,1.058,31,55,train,train,train,val,test,train,train,train,train,train,,train,0.1749999999999998,0.317724
5226,2020_Townsend,CC(C)C[C@H]1NC(=O)C[C@H](Cc2ccccc2)NC(=O)[C@@H]2CCCN2C(=O)[C@H](Cc2ccccc2)NC(=O)[C@@H](CC(C)C)N(C)C(=O)[C@@H]2CCCN2C(=O)CN(Cc2ccccc2)C1=O,hepta_1649,5226,-6.05,7,7,Circle,0.185384,0.0522335,-32.7848,10.255,8.953,1.302,0.141065,0.0542614,9.496,8.301,1.195,74,35,val,train,train,train,test,train,train,train,train,train,,val,-0.0249999999999999,0.13500106
5218,2020_Townsend,CC(C)C[C@@H]1NC(=O)C[C@H](Cc2ccccc2)NC(=O)[C@@H]2CCCN2C(=O)[C@H](Cc2ccccc2)NC(=O)[C@H](CC(C)C)N(C)C(=O)[C@@H]2CCCN2C(=O)[C@H](CC(C)C)N(C)C1=O,hepta_1641,5218,-5.28,7,7,Circle,0.116171,0.0445362,-36.1039,10.282,8.998,1.284,0.312891,0.170613,9.508,8.548,0.96,77,75,train,train,test,train,test,train,train,test,test,train,,train,0.3599999999999999,0.4300727
5215,2020_Townsend,CC(C)C[C@@H]1NC(=O)[C@@H]2CCCN2C(=O)CN(Cc2ccccc2)C(=O)[C@@H](CC(C)C)NC(=O)C[C@H](Cc2ccccc2)NC(=O)[C@@H]2CCCN2C(=O)[C@H](Cc2ccccc2)NC1=O,hepta_1638,5215,-10.0,7,7,Circle,0.187901,0.0397641,-27.5259,9.666,8.508,1.158,0.169847,0.0435403,9.213,7.996,1.217,40,70,test,train,train,val,test,train,train,train,val,train,,test,-1.0,0.1380446
5214,2020_Townsend,CC(C)C[C@@H]1NC(=O)C[C@H](Cc2ccccc2)NC(=O)[C@@H]2CCCN2C(=O)[C@H](Cc2ccccc2)NC(=O)[C@@H](CC(C)C)NC(=O)[C@@H]2CCCN2C(=O)CN(Cc2ccccc2)C1=O,hepta_1637,5214,-5.68,7,7,Circle,0.190081,0.0697243,-42.6778,10.346,9.012,1.334,0.210386,0.0843238,9.618,8.467,1.151,27,6,train,train,train,train,test,val,train,train,val,train,,train,0.1600000000000001,-0.084113725
5206,2020_Townsend,CC(C)C[C@H]1NC(=O)[C@@H]2CCCN2C(=O)[C@@H](CC(C)C)NC(=O)CN(Cc2ccccc2)C(=O)C[C@H](Cc2ccccc2)NC(=O)[C@@H]2CCCN2C(=O)[C@H](Cc2ccccc2)NC1=O,hepta_1629,5206,-5.82,7,7,Circle,0.194536,0.0666886,-36.1858,9.975,8.646,1.329,0.141023,0.0366187,9.288,8.05,1.238,70,72,train,train,train,train,test,train,train,train,train,train,,train,0.0899999999999998,0.040901102
5196,2020_Townsend,CC(C)C[C@@H]1NC(=O)[C@@H]2CCCN2C(=O)[C@H](CC(C)C)NC(=O)[C@@H](CC(C)C)N(C)C(=O)C[C@H](Cc2ccccc2)NC(=O)[C@@H]2CCCN2C(=O)[C@H](Cc2ccccc2)NC1=O,hepta_1619,5196,-5.8,7,7,Circle,0.144309,0.036703,-17.2537,9.525,8.395,1.13,0.138781,0.0334496,9.541,8.404,1.137,62,10,train,train,train,train,test,train,val,train,train,val,,train,0.1,0.26598883
5152,2020_Townsend,CCCN1CC(=O)N(C)[C@H](CC(C)C)C(=O)N[C@@H](Cc2ccccc2)CC(=O)N2CCC[C@@H]2C(=O)N[C@H](CC(C)C)C(=O)N[C@@H](Cc2ccccc2)C(=O)N2CCC[C@@H]2C1=O,hepta_1575,5152,-5.8,7,7,Circle,0.197385,0.0790323,-26.9434,9.643,8.531,1.112,0.143079,0.0412326,8.864,7.89,0.974,63,16,train,train,train,val,test,train,train,train,train,train,,train,0.1,0.22445908
5144,2020_Townsend,CCCN1CC(=O)N(C)[C@@H](CC(C)C)C(=O)N(C)[C@@H](CC(C)C)C(=O)N2CCC[C@@H]2C(=O)N(C)[C@@H](CC(C)C)C(=O)N[C@@H](Cc2ccccc2)C(=O)N2CCC[C@@H]2C1=O,hepta_1567,5144,-4.87,7,7,Circle,0.155309,0.0565439,-17.4754,9.492,8.43,1.062,0.10435,0.0476574,9.098,8.157,0.941,6,17,val,val,train,train,test,test,train,train,train,train,,val,0.565,0.5987488
5131,2020_Townsend,CCCN1CC(=O)N[C@H](CC(C)C)C(=O)N[C@@H](Cc2ccccc2)CC(=O)N2CCC[C@@H]2C(=O)N[C@H](CC(C)C)C(=O)N[C@@H](Cc2ccccc2)C(=O)N2CCC[C@@H]2C1=O,hepta_1554,5131,-5.76,7,7,Circle,0.161358,0.0559296,-20.626,8.961,7.753,1.208,0.143031,0.0520258,9.206,7.864,1.342,46,9,train,test,train,train,test,train,train,train,test,test,,train,0.1200000000000001,-0.053969134
5129,2020_Townsend,CCCN1CC(=O)N(C)[C@H](CC(C)C)C(=O)N(C)[C@H](CC(C)C)C(=O)N2CCC[C@@H]2C(=O)N(C)[C@@H](CC(C)C)C(=O)N[C@@H](Cc2ccccc2)C(=O)N2CCC[C@@H]2C1=O,hepta_1552,5129,-4.84,7,7,Circle,0.182573,0.0697845,-32.8375,9.888,8.823,1.065,0.129751,0.0370497,9.463,8.615,0.848,46,100,train,val,val,train,test,train,val,val,train,val,,train,0.5800000000000001,0.43181044
5113,2020_Townsend,CCCN1CC(=O)N(C)[C@@H](CC(C)C)C(=O)N(C)[C@H](CC(C)C)C(=O)N2CCC[C@@H]2C(=O)N[C@@H](CC(C)C)C(=O)N[C@@H](Cc2ccccc2)C(=O)N2CCC[C@@H]2C1=O,hepta_1536,5113,-5.9,7,7,Circle,0.172434,0.0882863,-28.1621,9.674,8.451,1.223,0.104098,0.0394043,9.65,8.378,1.272,6,27,train,train,train,train,test,train,train,train,train,train,,train,0.0499999999999998,0.14740708
5107,2020_Townsend,CCCN1CC(=O)N(C)[C@@H](CC(C)C)C(=O)N[C@H](CC(C)C)C(=O)N2CCC[C@@H]2C(=O)N(C)[C@H](CC(C)C)C(=O)N[C@@H](Cc2ccccc2)C(=O)N2CCC[C@@H]2C1=O,hepta_1530,5107,-5.32,7,7,Circle,0.125891,0.0412187,-29.7997,9.918,8.771,1.147,0.112361,0.0548681,9.411,8.281,1.13,60,94,train,train,val,train,test,train,train,train,test,train,,train,0.3399999999999998,0.13098514
5068,2020_Townsend,CC(C)C[C@H]1C(=O)N(Cc2ccccc2)CC(=O)N2CCC[C@@H]2C(=O)N(C)[C@@H](CC(C)C)C(=O)N[C@@H](Cc2ccccc2)C(=O)N2CCC[C@@H]2C(=O)N[C@@H](Cc2ccccc2)CC(=O)N1C,hepta_1491,5068,-5.37,7,7,Circle,0.217241,0.0756445,-28.8812,9.897,8.739,1.158,0.18278,0.0615264,9.868,8.759,1.109,90,39,train,test,train,train,test,train,test,train,val,train,,train,0.3149999999999999,0.37033236
5047,2020_Townsend,CC(C)C[C@H]1NC(=O)[C@@H](CC(C)C)N(C)C(=O)C[C@H](Cc2ccccc2)NC(=O)[C@H]2CCCN2C(=O)[C@H](Cc2ccccc2)NC(=O)CN(Cc2ccccc2)C(=O)[C@H]2CCCN2C1=O,hepta_1470,5047,-5.91,7,7,Circle,0.180768,0.0574616,-42.5791,10.36,8.997,1.363,0.148749,0.0444508,9.989,8.762,1.227,75,41,train,test,test,train,test,train,train,train,train,train,,train,0.0449999999999999,-0.024160162
5021,2020_Townsend,CC(C)C[C@@H]1NC(=O)[C@H]2CCCN2C(=O)[C@H](CC(C)C)NC(=O)[C@H](CC(C)C)N(C)C(=O)C[C@H](Cc2ccccc2)NC(=O)[C@H]2CCCN2C(=O)[C@H](Cc2ccccc2)NC1=O,hepta_1444,5021,-5.6,7,7,Circle,0.209733,0.102349,-28.8285,9.817,8.389,1.428,0.124529,0.0454041,9.595,8.321,1.274,20,53,val,train,train,test,test,train,val,train,val,train,,val,0.2000000000000001,0.30318624
5007,2020_Townsend,CC(C)C[C@@H]1NC(=O)[C@H]2CCCN2C(=O)[C@@H](CC(C)C)NC(=O)[C@@H](CC(C)C)N(C)C(=O)C[C@H](Cc2ccccc2)NC(=O)[C@H]2CCCN2C(=O)[C@H](Cc2ccccc2)NC1=O,hepta_1430,5007,-5.99,7,7,Circle,0.177329,0.0603255,-39.5809,9.973,8.637,1.336,0.139673,0.0340146,9.494,8.256,1.238,35,50,test,train,train,train,test,train,train,train,train,train,,test,0.0049999999999998,0.14568645
4994,2020_Townsend,CC(C)C[C@H]1C(=O)N[C@@H](Cc2ccccc2)CC(=O)N2CCC[C@H]2C(=O)N(Cc2ccccc2)CC(=O)N[C@@H](Cc2ccccc2)C(=O)N2CCC[C@@H]2C(=O)N[C@@H](Cc2ccccc2)CC(=O)N1C,hepta_1417,4994,-5.76,7,7,Circle,0.213938,0.0710234,-29.9679,10.204,8.995,1.209,0.225557,0.0684546,9.934,8.829,1.105,92,4,train,train,train,train,test,train,train,train,train,train,,train,0.1200000000000001,-0.07695151
4978,2020_Townsend,CC(C)C[C@H]1C(=O)N[C@@H](Cc2ccccc2)C(=O)N2CCC[C@@H]2C(=O)N[C@@H](Cc2ccccc2)CC(=O)N(C)[C@H](CC(C)C)C(=O)N(Cc2ccccc2)CC(=O)N2CCC[C@H]2C(=O)N1C,hepta_1401,4978,-5.64,7,7,Circle,0.174974,0.0800733,-31.4922,9.65,8.456,1.194,0.113355,0.0358088,9.454,8.273,1.181,85,56,train,train,train,train,test,train,train,train,train,train,,train,0.1800000000000001,0.39502037
4974,2020_Townsend,CC(C)C[C@H]1NC(=O)C[C@H](Cc2ccccc2)NC(=O)[C@H]2CCCN2C(=O)[C@H](Cc2ccccc2)NC(=O)[C@@H](CC(C)C)N(C)C(=O)[C@@H]2CCCN2C(=O)C[C@H](Cc2ccccc2)NC1=O,hepta_1397,4974,-5.74,7,7,Circle,0.147203,0.0426961,-28.6384,9.706,8.673,1.033,0.144554,0.0351146,9.799,8.845,0.954,99,81,train,test,train,train,test,train,train,train,train,train,,train,0.1299999999999999,0.13641939
4961,2020_Townsend,CC(C)C[C@@H]1NC(=O)C[C@H](Cc2ccccc2)NC(=O)[C@H]2CCCN2C(=O)[C@H](Cc2ccccc2)NC(=O)CN(Cc2ccccc2)C(=O)[C@@H]2CCCN2C(=O)[C@@H](CC(C)C)N(C)C1=O,hepta_1384,4961,-5.69,7,7,Circle,0.19385,0.0827731,-31.0472,9.944,8.707,1.237,0.142389,0.0452436,9.963,8.868,1.095,83,56,train,train,val,val,test,train,val,train,train,train,,train,0.1549999999999998,0.21144298
4957,2020_Townsend,CC(C)C[C@H]1C(=O)N(C)[C@@H](CC(C)C)C(=O)N2CCC[C@H]2C(=O)N(C)[C@H](CC(C)C)C(=O)N[C@@H](Cc2ccccc2)C(=O)N2CCC[C@@H]2C(=O)N[C@@H](Cc2ccccc2)CC(=O)N1C,hepta_1380,4957,-5.2,7,7,Circle,0.180951,0.0564291,-23.4773,10.005,8.813,1.192,0.177579,0.0750535,9.902,8.82,1.082,81,7,train,train,train,train,test,train,train,train,train,train,,train,0.3999999999999999,0.36059123
4954,2020_Townsend,CC(C)C[C@H]1NC(=O)C[C@H](Cc2ccccc2)NC(=O)[C@H]2CCCN2C(=O)[C@H](Cc2ccccc2)NC(=O)[C@@H](CC(C)C)N(C)C(=O)[C@@H]2CCCN2C(=O)CN(Cc2ccccc2)C1=O,hepta_1377,4954,-5.68,7,7,Circle,0.215393,0.0637124,-42.6212,10.231,8.96,1.271,0.173686,0.0592301,9.497,8.119,1.378,11,8,train,train,train,train,test,train,train,train,train,train,,train,0.1600000000000001,0.21151102
4951,2020_Townsend,CC(C)C[C@H]1C(=O)N(C)[C@H](CC(C)C)C(=O)N2CCC[C@H]2C(=O)N(C)[C@H](CC(C)C)C(=O)N[C@@H](Cc2ccccc2)C(=O)N2CCC[C@@H]2C(=O)N[C@@H](Cc2ccccc2)CC(=O)N1C,hepta_1374,4951,-5.52,7,7,Circle,0.157693,0.0555336,-17.561,9.551,8.418,1.133,0.131922,0.04602,9.697,8.523,1.174,98,76,train,train,train,train,test,train,test,train,train,test,,train,0.2400000000000002,0.35998112
4945,2020_Townsend,CC(C)C[C@@H]1NC(=O)[C@H](CC(C)C)N(C)C(=O)C[C@H](Cc2ccccc2)NC(=O)[C@H]2CCCN2C(=O)[C@H](Cc2ccccc2)NC(=O)[C@H](CC(C)C)N(C)C(=O)[C@@H]2CCCN2C1=O,hepta_1368,4945,-5.17,7,7,Circle,0.167909,0.0571793,-23.8401,9.704,8.416,1.288,0.16525,0.0413974,9.565,8.4,1.165,25,10,train,train,train,train,test,train,test,test,train,train,,train,0.415,0.39417195
4941,2020_Townsend,CC(C)C[C@@H]1NC(=O)C[C@H](Cc2ccccc2)NC(=O)[C@H]2CCCN2C(=O)[C@H](Cc2ccccc2)NC(=O)CN(Cc2ccccc2)C(=O)[C@@H]2CCCN2C(=O)[C@@H](CC(C)C)NC1=O,hepta_1364,4941,-5.85,7,7,Circle,0.255468,0.0853804,-27.8004,9.758,8.47,1.288,0.162891,0.0500048,9.546,8.347,1.199,38,42,train,test,test,train,test,val,train,train,test,train,,train,0.0750000000000001,0.024382975
4939,2020_Townsend,CC(C)C[C@@H]1NC(=O)[C@@H](CC(C)C)N(C)C(=O)C[C@H](Cc2ccccc2)NC(=O)[C@H]2CCCN2C(=O)[C@H](Cc2ccccc2)NC(=O)[C@H](CC(C)C)N(C)C(=O)[C@@H]2CCCN2C1=O,hepta_1362,4939,-5.52,7,7,Circle,0.194826,0.048722,-27.6234,9.827,8.607,1.22,0.191352,0.0632058,9.815,8.672,1.143,49,3,train,test,train,train,test,train,train,train,train,train,,train,0.2400000000000002,0.3214221
4937,2020_Townsend,CC(C)C[C@@H]1NC(=O)[C@H](CC(C)C)N(C)C(=O)C[C@H](Cc2ccccc2)NC(=O)[C@H]2CCCN2C(=O)[C@H](Cc2ccccc2)NC(=O)[C@@H](CC(C)C)N(C)C(=O)[C@@H]2CCCN2C1=O,hepta_1360,4937,-5.64,7,7,Circle,0.216816,0.077932,-30.4271,10.255,8.882,1.373,0.190453,0.0826316,9.633,8.509,1.124,70,15,train,train,train,train,test,train,train,test,train,train,,train,0.1800000000000001,0.35357308
4934,2020_Townsend,CC(C)C[C@H]1NC(=O)C[C@H](Cc2ccccc2)NC(=O)[C@H]2CCCN2C(=O)[C@H](Cc2ccccc2)NC(=O)CN(Cc2ccccc2)C(=O)[C@@H]2CCCN2C(=O)[C@@H](CC(C)C)NC1=O,hepta_1357,4934,-5.76,7,7,Circle,0.172107,0.0554182,-21.5718,9.37,8.294,1.076,0.175118,0.0628515,9.744,8.665,1.079,54,43,train,train,val,train,test,train,train,train,train,val,,train,0.1200000000000001,-0.000877494
4932,2020_Townsend,CC(C)C[C@@H]1NC(=O)[C@@H](CC(C)C)N(C)C(=O)C[C@H](Cc2ccccc2)NC(=O)[C@H]2CCCN2C(=O)[C@H](Cc2ccccc2)NC(=O)[C@@H](CC(C)C)N(C)C(=O)[C@@H]2CCCN2C1=O,hepta_1355,4932,-5.31,7,7,Circle,0.173828,0.0632005,-36.3409,10.117,8.868,1.249,0.224053,0.0817589,10.587,9.23,1.357,91,90,train,train,train,train,test,train,train,train,val,train,,train,0.3450000000000002,0.39420336
4930,2020_Townsend,CC(C)C[C@@H]1NC(=O)C[C@H](Cc2ccccc2)NC(=O)[C@H]2CCCN2C(=O)[C@H](Cc2ccccc2)NC(=O)[C@@H](CC(C)C)N(C)C(=O)[C@@H]2CCCN2C(=O)[C@@H](CC(C)C)N(C)C1=O,hepta_1353,4930,-5.42,7,7,Circle,0.146559,0.0550022,-26.242,9.75,8.398,1.352,0.135963,0.0564636,9.745,8.415,1.33,88,99,train,train,train,train,test,test,train,train,train,train,,train,0.29,0.29593822
4927,2020_Townsend,CC(C)C[C@H]1NC(=O)[C@@H](CC(C)C)N(C)C(=O)C[C@H](Cc2ccccc2)NC(=O)[C@H]2CCCN2C(=O)[C@H](Cc2ccccc2)NC(=O)[C@@H](CC(C)C)N(C)C(=O)[C@@H]2CCCN2C1=O,hepta_1350,4927,-5.11,7,7,Circle,0.197342,0.0798874,-27.9414,10.1,8.871,1.229,0.20784,0.0690407,9.811,8.813,0.998,83,36,train,train,train,val,test,train,train,train,train,train,,train,0.4449999999999998,0.31882265
4925,2020_Townsend,CC(C)C[C@@H]1NC(=O)[C@@H]2CCCN2C(=O)[C@H](CC(C)C)NC(=O)[C@H](CC(C)C)N(C)C(=O)C[C@H](Cc2ccccc2)NC(=O)[C@H]2CCCN2C(=O)[C@H](Cc2ccccc2)NC1=O,hepta_1348,4925,-5.45,7,7,Circle,0.167756,0.068057,-28.7516,9.798,8.34,1.458,0.154839,0.0577041,9.768,8.341,1.427,9,93,train,train,train,test,test,test,val,train,train,val,,train,0.2749999999999999,0.29908484
4919,2020_Townsend,CC(C)C[C@@H]1NC(=O)C[C@H](Cc2ccccc2)NC(=O)[C@H]2CCCN2C(=O)[C@H](Cc2ccccc2)NC(=O)[C@H](CC(C)C)N(C)C(=O)[C@@H]2CCCN2C(=O)[C@@H](CC(C)C)NC1=O,hepta_1342,4919,-5.79,7,7,Circle,0.175619,0.0710091,-18.4149,9.547,8.456,1.091,0.144457,0.0533847,9.502,8.424,1.078,31,81,train,train,train,val,test,train,train,train,train,train,,train,0.1049999999999999,0.20450756
4894,2020_Townsend,CC(C)C[C@H]1C(=O)N(Cc2ccccc2)CC(=O)N2CCC[C@@H]2C(=O)N(Cc2ccccc2)CC(=O)N[C@@H](Cc2ccccc2)C(=O)N2CCC[C@H]2C(=O)N(C)[C@H](C)C(=O)N1C,hepta_1317,4894,-5.5,7,7,Circle,0.168448,0.0540578,-31.5792,9.118,8.013,1.105,0.171383,0.0495406,8.892,7.845,1.047,99,31,train,train,train,train,test,val,val,train,train,train,,train,0.25,0.080688454
4881,2020_Townsend,CC(C)C[C@H]1C(=O)N[C@@H](Cc2ccccc2)C(=O)N2CCC[C@H]2C(=O)N(C)[C@H](C)C(=O)N(C)[C@H](CC(C)C)C(=O)N(Cc2ccccc2)CC(=O)N2CCC[C@@H]2C(=O)N1C,hepta_1304,4881,-5.25,7,7,Circle,0.105418,0.0364337,-28.7662,8.981,7.82,1.161,0.136958,0.0549394,9.152,8.118,1.034,53,33,train,train,test,test,test,train,test,train,train,val,,train,0.375,0.15287611
4868,2020_Townsend,CC(C)C[C@H]1C(=O)N2CCC[C@@H]2C(=O)N(Cc2ccccc2)CC(=O)N[C@@H](Cc2ccccc2)C(=O)N2CCC[C@H]2C(=O)N(C)[C@H](C)C(=O)N[C@H](CC(C)C)C(=O)N1C,hepta_1291,4868,-5.4,7,7,Circle,0.203897,0.0836851,-33.1693,8.921,7.679,1.242,0.107696,0.041302,8.722,7.588,1.134,23,93,train,train,train,train,test,train,train,train,train,train,,train,0.2999999999999998,-0.2918539
4860,2020_Townsend,CC(C)C[C@H]1NC(=O)[C@H]2CCCN2C(=O)CN(Cc2ccccc2)C(=O)[C@@H](CC(C)C)N(C)C(=O)[C@@H](C)N(C)C(=O)[C@@H]2CCCN2C(=O)[C@H](Cc2ccccc2)NC1=O,hepta_1283,4860,-5.54,7,7,Circle,0.18077,0.0530021,-33.89,9.351,8.249,1.102,0.11729,0.0420831,9.222,8.114,1.108,44,98,train,train,train,train,test,train,train,test,train,train,,train,0.2299999999999999,0.05993621
4853,2020_Townsend,CC(C)C[C@@H]1NC(=O)[C@H]2CCCN2C(=O)CN(Cc2ccccc2)C(=O)[C@H](CC(C)C)NC(=O)[C@@H](C)N(C)C(=O)[C@@H]2CCCN2C(=O)[C@H](Cc2ccccc2)NC1=O,hepta_1276,4853,-5.73,7,7,Circle,0.170221,0.0462411,-43.8671,9.393,8.106,1.287,0.239406,0.0945967,9.039,7.851,1.188,3,21,train,train,train,test,test,train,train,train,train,test,,train,0.1349999999999998,0.06935647
4852,2020_Townsend,CC(C)C[C@@H]1NC(=O)[C@@H](C)N(C)C(=O)[C@@H]2CCCN2C(=O)[C@H](Cc2ccccc2)NC(=O)CN(Cc2ccccc2)C(=O)[C@H]2CCCN2C(=O)[C@H](CC(C)C)NC1=O,hepta_1275,4852,-5.95,7,7,Circle,0.12333,0.0454095,-30.9371,8.623,7.38,1.243,0.135068,0.0385833,8.699,7.684,1.015,79,69,train,train,test,train,test,train,train,val,train,train,,train,0.0249999999999999,0.2160201
4850,2020_Townsend,CC(C)C[C@@H]1NC(=O)[C@@H](C)N(C)C(=O)[C@@H]2CCCN2C(=O)[C@H](Cc2ccccc2)NC(=O)[C@H](CC(C)C)N(C)C(=O)[C@H]2CCCN2C(=O)[C@H](CC(C)C)N(C)C1=O,hepta_1273,4850,-5.13,7,7,Circle,0.215238,0.0878439,-28.9401,9.326,8.179,1.147,0.169126,0.076328,9.246,8.164,1.082,3,18,train,train,test,train,test,train,train,train,train,train,,train,0.435,0.37922812
4848,2020_Townsend,CC(C)C[C@@H]1NC(=O)[C@@H](CC(C)C)NC(=O)[C@@H](C)N(C)C(=O)[C@@H]2CCCN2C(=O)[C@H](Cc2ccccc2)NC(=O)CN(Cc2ccccc2)C(=O)[C@H]2CCCN2C1=O,hepta_1271,4848,-5.66,7,7,Circle,0.242408,0.112584,-24.788,8.87,7.71,1.16,0.170953,0.0778543,8.624,7.638,0.986,100,76,train,train,train,val,test,train,train,train,train,train,,train,0.1699999999999999,-0.37472898
4838,2020_Townsend,CC(C)C[C@H]1C(=O)N[C@H](CC(C)C)C(=O)N2CCC[C@@H]2C(=O)N(C)[C@H](CC(C)C)C(=O)N[C@@H](Cc2ccccc2)C(=O)N2CCC[C@H]2C(=O)N(C)[C@H](C)C(=O)N1C,hepta_1261,4838,-5.07,7,7,Circle,0.110123,0.0454571,-22.4255,8.968,7.82,1.148,0.117584,0.0456462,9.043,7.955,1.088,24,31,train,train,train,train,test,train,test,train,train,train,,train,0.4649999999999998,0.22651061
4837,2020_Townsend,CC(C)C[C@H]1C(=O)N(C)[C@H](CC(C)C)C(=O)N2CCC[C@@H]2C(=O)N[C@H](CC(C)C)C(=O)N[C@@H](Cc2ccccc2)C(=O)N2CCC[C@H]2C(=O)N(C)[C@H](C)C(=O)N1C,hepta_1260,4837,-5.21,7,7,Circle,0.143925,0.0493602,-23.3878,9.263,8.171,1.092,0.142332,0.0630742,8.89,7.756,1.134,96,42,train,train,train,test,test,train,train,train,train,train,,train,0.395,0.04184835
4813,2020_Townsend,CC(C)C[C@H]1NC(=O)[C@@H](C)N(C)C(=O)[C@@H]2CCCN2C(=O)[C@H](Cc2ccccc2)NC(=O)[C@@H](CC(C)C)NC(=O)[C@H]2CCCN2C(=O)[C@@H](CC(C)C)NC1=O,hepta_1236,4813,-6.53,7,7,Circle,0.15498,0.063832,-24.2362,8.746,7.445,1.301,0.133506,0.0585494,8.721,7.438,1.283,93,100,train,train,test,train,test,train,train,train,train,train,,train,-0.2650000000000001,0.06258547
4801,2020_Townsend,CC(C)C[C@H]1C(=O)N[C@@H](Cc2ccccc2)CC(=O)N2CCC[C@H]2C(=O)N(C)[C@H](CC(C)C)C(=O)N[C@@H](Cc2ccccc2)C(=O)N2CCC[C@H]2C(=O)N(C)[C@H](C)C(=O)N1C,hepta_1224,4801,-5.71,7,7,Circle,0.170534,0.072468,-21.9538,9.567,8.469,1.098,0.105174,0.0435472,9.013,7.672,1.341,58,88,train,train,train,val,test,train,train,train,test,train,,train,0.145,0.29954898
4797,2020_Townsend,CC(C)C[C@H]1C(=O)N2CCC[C@H]2C(=O)N(Cc2ccccc2)CC(=O)N[C@@H](Cc2ccccc2)C(=O)N2CCC[C@H]2C(=O)N(C)[C@H](C)C(=O)N(C)[C@@H](CC(C)C)C(=O)N1C,hepta_1220,4797,-5.55,7,7,Circle,0.137192,0.0440873,-25.6185,9.244,8.11,1.134,0.142509,0.0382451,9.488,8.495,0.993,28,48,train,train,train,val,test,train,val,train,train,train,,train,0.2250000000000001,0.20982426
4788,2020_Townsend,CC(C)C[C@H]1C(=O)N[C@@H](Cc2ccccc2)CC(=O)N2CCC[C@H]2C(=O)N[C@H](CC(C)C)C(=O)N[C@@H](Cc2ccccc2)C(=O)N2CCC[C@H]2C(=O)N(C)[C@H](C)C(=O)N1C,hepta_1211,4788,-6.27,7,7,Circle,0.249991,0.126204,-34.2395,9.353,8.081,1.272,0.173518,0.0716171,9.179,7.992,1.187,79,67,train,train,train,train,test,train,train,test,train,train,,train,-0.1349999999999998,-0.02230654
4782,2020_Townsend,CC(C)C[C@H]1C(=O)N2CCC[C@H]2C(=O)N(C)[C@@H](CC(C)C)C(=O)N[C@@H](Cc2ccccc2)C(=O)N2CCC[C@H]2C(=O)N(C)[C@H](C)C(=O)N(C)[C@@H](CC(C)C)C(=O)N1C,hepta_1205,4782,-5.34,7,7,Circle,0.133331,0.0454303,-42.2804,9.618,8.593,1.025,0.107083,0.0337018,9.152,8.162,0.99,47,65,train,train,train,train,test,train,train,test,train,train,,train,0.33,0.49807376
4768,2020_Townsend,CC(C)C[C@H]1NC(=O)[C@@H](C)N(C)C(=O)[C@@H]2CCCN2C(=O)[C@H](Cc2ccccc2)NC(=O)[C@@H](CC(C)C)N(C)C(=O)[C@@H]2CCCN2C(=O)CN(Cc2ccccc2)C1=O,hepta_1191,4768,-6.02,7,7,Circle,0.147234,0.0635159,-29.0488,9.331,8.177,1.154,0.123864,0.057554,9.184,8.046,1.138,72,30,train,train,val,train,test,train,test,train,train,train,,train,-0.0099999999999997,-0.26192597
4725,2020_Townsend,CC(C)C[C@H]1NC(=O)[C@@H]2CCCN2C(=O)[C@@H](CC(C)C)NC(=O)[C@@H](CC(C)C)N(C)C(=O)[C@@H](C)N(C)C(=O)[C@@H]2CCCN2C(=O)[C@H](Cc2ccccc2)NC1=O,hepta_1148,4725,-5.52,7,7,Circle,0.14089,0.0520447,-22.8748,9.014,7.897,1.117,0.143863,0.051985,8.999,7.885,1.114,80,68,train,train,train,train,test,train,train,test,train,val,,train,0.2400000000000002,0.17607218
4721,2020_Townsend,CC(C)C[C@@H]1NC(=O)[C@@H]2CCCN2C(=O)[C@H](CC(C)C)NC(=O)[C@@H](CC(C)C)NC(=O)[C@@H](C)N(C)C(=O)[C@@H]2CCCN2C(=O)[C@H](Cc2ccccc2)NC1=O,hepta_1144,4721,-4.0,7,7,Circle,0.160108,0.0570258,-26.7048,8.807,7.567,1.24,0.133876,0.0421296,8.719,7.563,1.156,74,13,test,train,train,test,test,train,train,train,val,train,,test,1.0,-0.19402725
4715,2020_Townsend,CC(C)C[C@@H]1NC(=O)[C@H](C)N(C)C(=O)[C@@H]2CCCN2C(=O)[C@H](Cc2ccccc2)NC(=O)CN(Cc2ccccc2)C(=O)[C@@H]2CCCN2C(=O)C[C@H](Cc2ccccc2)NC1=O,hepta_1138,4715,-6.1,7,7,Circle,0.174052,0.0678708,-29.6909,9.201,7.964,1.237,0.143007,0.0390584,9.067,7.87,1.197,70,80,train,train,train,train,test,test,train,val,train,train,,train,-0.0499999999999998,-0.15717474
4708,2020_Townsend,CC(C)C[C@@H]1NC(=O)[C@H](C)N(C)C(=O)[C@@H]2CCCN2C(=O)[C@H](Cc2ccccc2)NC(=O)CN(Cc2ccccc2)C(=O)[C@@H]2CCCN2C(=O)CN(Cc2ccccc2)C1=O,hepta_1131,4708,-6.13,7,7,Circle,0.21178,0.0631951,-45.9137,9.733,8.527,1.206,0.158917,0.0719715,8.945,7.915,1.03,2,87,train,train,train,val,test,train,train,train,val,train,,train,-0.0649999999999999,-0.15674877
4698,2020_Townsend,CC(C)C[C@H]1C(=O)N[C@@H](Cc2ccccc2)C(=O)N2CCC[C@H]2C(=O)N(C)[C@@H](C)C(=O)N[C@H](CC(C)C)C(=O)N[C@@H](Cc2ccccc2)CC(=O)N2CCC[C@H]2C(=O)N1C,hepta_1121,4698,-5.58,7,7,Circle,0.141786,0.0597378,-33.9805,9.309,7.983,1.326,0.14008,0.0538477,9.027,7.874,1.153,88,19,test,test,train,train,test,train,train,train,train,train,,test,0.2099999999999999,0.112299085
4661,2020_Townsend,CC(C)C[C@@H]1NC(=O)[C@@H]2CCCN2C(=O)[C@H](CC(C)C)N(C)C(=O)[C@@H](CC(C)C)N(C)C(=O)[C@H](C)N(C)C(=O)[C@@H]2CCCN2C(=O)[C@H](Cc2ccccc2)NC1=O,hepta_1084,4661,-6.41,7,7,Circle,0.111681,0.042869,-25.5184,9.226,8.135,1.091,0.131749,0.041086,9.158,8.054,1.104,49,2,train,train,test,train,test,train,val,train,train,train,,train,-0.205,-0.6825918
4656,2020_Townsend,CC(C)C[C@H]1C(=O)N[C@@H](Cc2ccccc2)C(=O)N2CCC[C@H]2C(=O)N(C)[C@@H](C)C(=O)N(C)[C@H](CC(C)C)C(=O)N[C@H](CC(C)C)C(=O)N2CCC[C@H]2C(=O)N1C,hepta_1079,4656,-5.03,7,7,Circle,0.112857,0.0455422,-19.6735,9.025,7.983,1.042,0.121321,0.0355621,8.913,7.933,0.98,56,92,train,train,train,train,test,train,train,train,train,train,,train,0.4849999999999999,0.3359051
4651,2020_Townsend,CC(C)C[C@H]1C(=O)N2CCC[C@H]2C(=O)N[C@H](CC(C)C)C(=O)N[C@@H](Cc2ccccc2)C(=O)N2CCC[C@H]2C(=O)N(C)[C@@H](C)C(=O)N(C)[C@H](CC(C)C)C(=O)N1C,hepta_1074,4651,-6.51,7,7,Circle,0.116722,0.048314,-33.281,9.289,7.984,1.305,0.142531,0.0610972,9.196,8.003,1.193,79,85,train,val,train,test,test,train,train,train,train,train,,train,-0.2549999999999999,-0.44434753
4639,2020_Townsend,CC(C)C[C@@H]1NC(=O)[C@H](C)N(C)C(=O)[C@@H]2CCCN2C(=O)[C@H](Cc2ccccc2)NC(=O)[C@@H](CC(C)C)N(C)C(=O)[C@@H]2CCCN2C(=O)[C@@H](CC(C)C)NC1=O,hepta_1062,4639,-5.56,7,7,Circle,0.13553,0.0603669,-26.0676,9.099,7.774,1.325,0.134322,0.0548735,8.623,7.538,1.085,63,24,train,train,train,val,test,train,train,train,train,train,,train,0.2200000000000002,0.15626183
4635,2020_Townsend,CC(C)C[C@H]1NC(=O)[C@@H]2CCCN2C(=O)[C@@H](CC(C)C)NC(=O)[C@@H](CC(C)C)N(C)C(=O)[C@H](C)N(C)C(=O)[C@@H]2CCCN2C(=O)[C@H](Cc2ccccc2)NC1=O,hepta_1058,4635,-5.55,7,7,Circle,0.149331,0.0560362,-24.1524,8.918,7.786,1.132,0.138621,0.0542996,8.896,7.791,1.105,75,79,train,train,train,train,test,train,train,train,train,train,,train,0.2250000000000001,-0.13731077
4620,2020_Townsend,CC(C)C[C@@H]1NC(=O)[C@H](C)NC(=O)[C@@H]2CCCN2C(=O)[C@H](Cc2ccccc2)NC(=O)[C@H](CC(C)C)N(C)C(=O)[C@H]2CCCN2C(=O)C[C@H](Cc2ccccc2)NC1=O,hepta_1043,4620,-10.0,7,7,Circle,0.144283,0.0524932,-31.2587,9.241,7.91,1.331,0.142617,0.0609574,8.896,7.528,1.368,58,8,train,train,train,train,test,train,train,train,train,train,,train,-1.0,-0.16994861
4619,2020_Townsend,CC(C)C[C@@H]1NC(=O)[C@H]2CCCN2C(=O)C[C@H](Cc2ccccc2)NC(=O)[C@H](CC(C)C)N(C)C(=O)[C@H](C)NC(=O)[C@@H]2CCCN2C(=O)[C@H](Cc2ccccc2)NC1=O,hepta_1042,4619,-10.0,7,7,Circle,0.132236,0.054143,-35.5828,9.275,8.018,1.257,0.148946,0.0552234,9.413,8.125,1.288,3,20,train,train,train,train,test,test,train,train,train,train,,train,-1.0,-0.782707
4618,2020_Townsend,CC(C)C[C@H]1C(=O)N[C@@H](Cc2ccccc2)C(=O)N2CCC[C@H]2C(=O)N[C@@H](C)C(=O)N(C)[C@H](CC(C)C)C(=O)N(Cc2ccccc2)CC(=O)N2CCC[C@@H]2C(=O)N1C,hepta_1041,4618,-10.0,7,7,Circle,0.152033,0.0626561,-43.7256,9.125,8.016,1.109,0.131067,0.0385026,8.897,7.968,0.929,63,33,train,train,train,test,test,train,train,train,val,train,,train,-1.0,-0.10756483
4611,2020_Townsend,CC(C)C[C@@H]1NC(=O)[C@H]2CCCN2C(=O)CN(Cc2ccccc2)C(=O)[C@H](CC(C)C)N(C)C(=O)[C@H](C)NC(=O)[C@@H]2CCCN2C(=O)[C@H](Cc2ccccc2)NC1=O,hepta_1034,4611,-10.0,7,7,Circle,0.152768,0.0608677,-33.5239,9.247,7.966,1.281,0.163354,0.0552786,9.166,7.855,1.311,75,98,train,train,val,val,test,train,train,train,train,train,,train,-1.0,-0.67094
4599,2020_Townsend,CC(C)C[C@H]1NC(=O)[C@H](C)NC(=O)[C@@H]2CCCN2C(=O)[C@H](Cc2ccccc2)NC(=O)[C@@H](CC(C)C)NC(=O)[C@H]2CCCN2C(=O)C[C@H](Cc2ccccc2)NC1=O,hepta_1022,4599,-6.56,7,7,Circle,0.180031,0.0586918,-28.7582,8.852,7.561,1.291,0.201698,0.0961668,9.178,7.921,1.257,52,77,train,train,val,train,test,train,train,train,train,train,,train,-0.2799999999999998,-0.45554322
4574,2020_Townsend,CC(C)C[C@@H]1NC(=O)[C@H](C)NC(=O)[C@@H]2CCCN2C(=O)[C@H](Cc2ccccc2)NC(=O)[C@H](CC(C)C)N(C)C(=O)[C@H]2CCCN2C(=O)[C@@H](CC(C)C)NC1=O,hepta_997,4574,-6.59,7,7,Circle,0.159664,0.0550937,-31.7099,9.1,7.674,1.426,0.124643,0.046029,9.036,7.666,1.37,33,98,train,train,train,train,test,test,train,val,test,train,,train,-0.2949999999999999,-0.27585196
4570,2020_Townsend,CC(C)C[C@@H]1NC(=O)[C@@H](CC(C)C)N(C)C(=O)[C@H](C)NC(=O)[C@@H]2CCCN2C(=O)[C@H](Cc2ccccc2)NC(=O)[C@@H](CC(C)C)NC(=O)[C@H]2CCCN2C1=O,hepta_993,4570,-5.92,7,7,Circle,0.143981,0.0819613,-32.0132,9.092,7.829,1.263,0.115575,0.0385973,8.601,7.462,1.139,39,54,train,train,train,train,test,train,train,train,train,train,,train,0.04,-0.22911197
4567,2020_Townsend,CC(C)C[C@@H]1NC(=O)[C@H](C)NC(=O)[C@@H]2CCCN2C(=O)[C@H](Cc2ccccc2)NC(=O)[C@@H](CC(C)C)N(C)C(=O)[C@H]2CCCN2C(=O)[C@@H](CC(C)C)NC1=O,hepta_990,4567,-6.36,7,7,Circle,0.129023,0.0476247,-32.4114,9.414,7.921,1.493,0.146082,0.0487926,8.876,7.505,1.371,10,61,test,train,train,train,test,train,train,val,val,train,,test,-0.1800000000000001,-0.11780886
4540,2020_Townsend,CC(C)C[C@H]1C(=O)N(Cc2ccccc2)CC(=O)N2CCC[C@H]2C(=O)N(C)[C@H](CC(C)C)C(=O)N[C@@H](Cc2ccccc2)C(=O)N2CCC[C@H]2C(=O)N[C@H](C)C(=O)N1C,hepta_963,4540,-5.9,7,7,Circle,0.144933,0.0487697,-34.7862,9.351,8.259,1.092,0.193944,0.0771866,9.361,8.199,1.162,51,70,train,train,train,train,test,train,train,test,train,train,,train,0.0499999999999998,-0.16360804
4531,2020_Townsend,CC(C)C[C@H]1C(=O)N2CCC[C@H]2C(=O)N(C)[C@@H](CC(C)C)C(=O)N[C@@H](Cc2ccccc2)C(=O)N2CCC[C@H]2C(=O)N[C@H](C)C(=O)N(C)[C@@H](CC(C)C)C(=O)N1C,hepta_954,4531,-5.28,7,7,Circle,0.175274,0.0820913,-30.7403,9.074,8.018,1.056,0.135479,0.0431188,9.03,7.986,1.044,42,37,train,train,train,test,test,test,train,train,train,train,,train,0.3599999999999999,0.25700828
4529,2020_Townsend,CC(C)C[C@@H]1NC(=O)[C@@H](C)NC(=O)[C@@H]2CCCN2C(=O)[C@H](Cc2ccccc2)NC(=O)CN(Cc2ccccc2)C(=O)[C@@H]2CCCN2C(=O)[C@@H](CC(C)C)N(C)C1=O,hepta_952,4529,-6.07,7,7,Circle,0.233463,0.114395,-38.336,9.493,8.146,1.347,0.130227,0.0416544,8.65,7.475,1.175,36,32,train,val,train,train,test,train,train,test,val,train,,train,-0.0350000000000001,-0.08951173
4527,2020_Townsend,CC(C)C[C@H]1C(=O)N[C@@H](Cc2ccccc2)C(=O)N2CCC[C@H]2C(=O)N[C@H](C)C(=O)N(C)[C@@H](CC(C)C)C(=O)N(C)[C@H](CC(C)C)C(=O)N2CCC[C@H]2C(=O)N1C,hepta_950,4527,-5.2,7,7,Circle,0.135433,0.0455807,-22.1612,9.354,8.1,1.254,0.138066,0.0575843,9.274,8.112,1.162,67,71,train,train,test,train,test,test,train,train,train,val,,train,0.3999999999999999,0.2637415
4502,2020_Townsend,CC(C)C[C@@H]1NC(=O)[C@@H](C)NC(=O)[C@@H]2CCCN2C(=O)[C@H](Cc2ccccc2)NC(=O)[C@@H](CC(C)C)N(C)C(=O)[C@@H]2CCCN2C(=O)[C@@H](CC(C)C)N(C)C1=O,hepta_925,4502,-5.68,7,7,Circle,0.137131,0.0423973,-30.2151,9.035,7.895,1.14,0.146289,0.0637819,8.948,7.798,1.15,55,70,train,train,train,train,test,train,test,train,train,train,,train,0.1600000000000001,-0.33540303
4501,2020_Townsend,CC(C)C[C@H]1C(=O)N2CCC[C@H]2C(=O)N(C)[C@H](CC(C)C)C(=O)N[C@@H](Cc2ccccc2)C(=O)N2CCC[C@H]2C(=O)N[C@H](C)C(=O)N[C@H](CC(C)C)C(=O)N1C,hepta_924,4501,-6.09,7,7,Circle,0.156736,0.0628532,-23.5362,9.071,7.669,1.402,0.141993,0.0474483,8.838,7.691,1.147,95,93,train,train,train,train,test,train,train,train,val,test,,train,-0.0449999999999999,0.09535058
4486,2020_Townsend,CC(C)C[C@H]1C(=O)N[C@@H](Cc2ccccc2)C(=O)N2CCC[C@H]2C(=O)N[C@H](C)C(=O)N[C@H](CC(C)C)C(=O)N[C@H](CC(C)C)C(=O)N2CCC[C@H]2C(=O)N1C,hepta_909,4486,-10.0,7,7,Circle,0.148216,0.0560856,-32.4912,8.835,7.853,0.982,0.116956,0.0430706,8.829,7.683,1.146,40,41,val,train,test,val,test,val,test,train,train,train,,val,-1.0,-0.23302072
4475,2020_Townsend,CCCN1CC(=O)N(Cc2ccccc2)CC(=O)N(Cc2ccccc2)CC(=O)N2CCC[C@@H]2C(=O)N(C)[C@@H](CC(C)C)C(=O)N[C@@H](Cc2ccccc2)C(=O)N2CCC[C@H]2C1=O,hepta_898,4475,-6.59,7,7,Circle,0.186877,0.064377,-35.6452,9.664,8.414,1.25,0.136961,0.0392881,8.94,7.767,1.173,13,74,train,train,train,train,test,train,test,train,train,train,,train,-0.2949999999999999,-0.25725153
4443,2020_Townsend,CCCN1CC(=O)N[C@@H](CC(C)C)C(=O)N[C@@H](Cc2ccccc2)CC(=O)N2CCC[C@@H]2C(=O)N[C@H](CC(C)C)C(=O)N[C@@H](Cc2ccccc2)C(=O)N2CCC[C@H]2C1=O,hepta_866,4443,-6.5,7,7,Circle,0.21159,0.0823973,-29.5649,9.188,7.866,1.322,0.134298,0.0384048,8.824,7.52,1.304,4,53,test,train,train,test,test,val,train,test,train,train,,test,-0.25,-0.5216248
4422,2020_Townsend,CCCN1CC(=O)N[C@H](CC(C)C)C(=O)N(Cc2ccccc2)CC(=O)N2CCC[C@@H]2C(=O)N[C@@H](CC(C)C)C(=O)N[C@@H](Cc2ccccc2)C(=O)N2CCC[C@H]2C1=O,hepta_845,4422,-10.0,7,7,Circle,0.146204,0.0596051,-36.4413,9.399,8.082,1.317,0.12126,0.042057,8.629,7.414,1.215,74,68,train,train,train,train,test,train,train,train,train,train,,train,-1.0,-0.2771797
4407,2020_Townsend,CCCN1CC(=O)N[C@@H](CC(C)C)C(=O)N(C)[C@H](CC(C)C)C(=O)N2CCC[C@@H]2C(=O)N(C)[C@H](CC(C)C)C(=O)N[C@@H](Cc2ccccc2)C(=O)N2CCC[C@H]2C1=O,hepta_830,4407,-6.01,7,7,Circle,0.156308,0.0571687,-24.1185,8.941,7.765,1.176,0.133384,0.039258,9.022,8.008,1.014,5,22,train,train,train,train,test,train,train,train,train,test,,train,-0.0049999999999998,0.20919928
4399,2020_Townsend,CCCN1CC(=O)N[C@H](CC(C)C)C(=O)N(C)[C@@H](CC(C)C)C(=O)N2CCC[C@@H]2C(=O)N[C@@H](CC(C)C)C(=O)N[C@@H](Cc2ccccc2)C(=O)N2CCC[C@H]2C1=O,hepta_822,4399,-5.99,7,7,Circle,0.117001,0.0447866,-19.671,8.629,7.412,1.217,0.117217,0.0400276,8.726,7.555,1.171,36,68,train,train,train,val,test,train,train,train,train,train,,train,0.0049999999999998,0.24402437
4386,2020_Townsend,CCCN1CC(=O)N[C@@H](CC(C)C)C(=O)N[C@H](CC(C)C)C(=O)N2CCC[C@@H]2C(=O)N[C@@H](CC(C)C)C(=O)N[C@@H](Cc2ccccc2)C(=O)N2CCC[C@H]2C1=O,hepta_809,4386,-6.48,7,7,Circle,0.0848004,0.0440006,-24.9841,8.67,7.278,1.392,0.125651,0.04833,8.812,7.43,1.382,91,95,train,test,val,train,test,test,train,train,train,val,,train,-0.2400000000000002,-0.57206786
4385,2020_Townsend,CCCN1CC(=O)N[C@H](CC(C)C)C(=O)N[C@@H](CC(C)C)C(=O)N2CCC[C@@H]2C(=O)N[C@H](CC(C)C)C(=O)N[C@@H](Cc2ccccc2)C(=O)N2CCC[C@H]2C1=O,hepta_808,4385,-6.95,7,7,Circle,0.10847,0.048818,-19.9646,8.614,7.428,1.186,0.141289,0.0551666,8.962,7.715,1.247,37,96,train,train,val,train,test,train,train,train,train,val,,train,-0.4750000000000001,-0.07461537
4369,2020_Townsend,CC(C)C[C@H]1C(=O)N2CCC[C@@H]2C(=O)N(Cc2ccccc2)CC(=O)N[C@@H](Cc2ccccc2)C(=O)N2CCC[C@@H]2C(=O)N(C)[C@H](C)C(=O)N(C)[C@@H](CC(C)C)C(=O)N1C,hepta_792,4369,-5.71,7,7,Circle,0.153868,0.0444626,-33.8764,9.777,8.826,0.951,0.139143,0.0359801,9.384,8.411,0.973,35,89,train,train,train,train,test,val,val,train,val,train,,train,0.145,-0.329549
4368,2020_Townsend,CC(C)C[C@@H]1NC(=O)[C@@H](C)N(C)C(=O)[C@H]2CCCN2C(=O)[C@H](Cc2ccccc2)NC(=O)[C@H](CC(C)C)N(C)C(=O)[C@H]2CCCN2C(=O)C[C@H](Cc2ccccc2)NC1=O,hepta_791,4368,-5.58,7,7,Circle,0.163946,0.0389822,-29.3557,9.513,8.305,1.208,0.109613,0.0376079,9.075,8.175,0.9,51,45,train,train,train,train,test,test,train,val,train,train,,train,0.2099999999999999,-0.050360706
4366,2020_Townsend,CC(C)C[C@@H]1NC(=O)[C@H]2CCCN2C(=O)C[C@H](Cc2ccccc2)NC(=O)[C@H](CC(C)C)N(C)C(=O)[C@@H](C)N(C)C(=O)[C@H]2CCCN2C(=O)[C@H](Cc2ccccc2)NC1=O,hepta_789,4366,-10.0,7,7,Circle,0.210819,0.0640694,-32.5241,9.744,8.456,1.288,0.129765,0.0485322,9.531,8.415,1.116,22,36,val,test,train,val,test,val,train,train,train,train,,val,-1.0,-0.73182416
4365,2020_Townsend,CC(C)C[C@H]1NC(=O)[C@@H](C)N(C)C(=O)[C@H]2CCCN2C(=O)[C@H](Cc2ccccc2)NC(=O)CN(Cc2ccccc2)C(=O)[C@H]2CCCN2C(=O)CN(Cc2ccccc2)C1=O,hepta_788,4365,-6.76,7,7,Circle,0.184562,0.0678798,-36.6161,9.324,8.151,1.173,0.105699,0.0442558,8.716,7.669,1.047,75,44,train,train,test,train,test,train,train,train,train,train,,train,-0.3799999999999999,-0.14407057
4357,2020_Townsend,CC(C)C[C@@H]1C(=O)N(Cc2ccccc2)CC(=O)N2CCC[C@@H]2C(=O)N(C)[C@H](CC(C)C)C(=O)N[C@@H](Cc2ccccc2)C(=O)N2CCC[C@@H]2C(=O)N(C)[C@H](C)C(=O)N1C,hepta_780,4357,-6.26,7,7,Circle,0.158678,0.0695116,-30.9604,9.393,8.27,1.123,0.113381,0.035883,9.112,8.145,0.967,29,41,train,train,train,train,test,train,train,train,train,val,,train,-0.1299999999999999,0.3958361
4335,2020_Townsend,CC(C)C[C@H]1NC(=O)[C@@H](C)N(C)C(=O)[C@H]2CCCN2C(=O)[C@H](Cc2ccccc2)NC(=O)[C@@H](CC(C)C)N(C)C(=O)[C@H]2CCCN2C(=O)CN(Cc2ccccc2)C1=O,hepta_758,4335,-6.01,7,7,Circle,0.143912,0.0701413,-32.542,9.091,7.809,1.282,0.161293,0.0826217,8.921,7.72,1.201,41,58,test,train,train,test,test,train,train,train,train,val,,test,-0.0049999999999998,0.27702948
4330,2020_Townsend,CC(C)C[C@@H]1NC(=O)[C@@H](C)N(C)C(=O)[C@H]2CCCN2C(=O)[C@H](Cc2ccccc2)NC(=O)CN(Cc2ccccc2)C(=O)[C@H]2CCCN2C(=O)[C@H](CC(C)C)NC1=O,hepta_753,4330,-6.3,7,7,Circle,0.165805,0.0458106,-36.031,9.705,8.479,1.226,0.113782,0.0414698,8.813,7.837,0.976,4,76,train,test,train,train,test,train,train,train,train,test,,train,-0.1499999999999999,0.10111064
4326,2020_Townsend,CC(C)C[C@@H]1NC(=O)[C@H]2CCCN2C(=O)[C@H](CC(C)C)N(C)C(=O)[C@H](CC(C)C)N(C)C(=O)[C@@H](C)N(C)C(=O)[C@H]2CCCN2C(=O)[C@H](Cc2ccccc2)NC1=O,hepta_749,4326,-10.0,7,7,Circle,0.169206,0.0735724,-35.332,9.563,8.412,1.151,0.174769,0.0878703,9.181,8.131,1.05,59,74,test,train,test,train,test,train,train,test,train,train,,test,-1.0,-0.31512934
4324,2020_Townsend,CC(C)C[C@@H]1NC(=O)[C@@H](C)N(C)C(=O)[C@H]2CCCN2C(=O)[C@H](Cc2ccccc2)NC(=O)[C@@H](CC(C)C)NC(=O)[C@H]2CCCN2C(=O)CN(Cc2ccccc2)C1=O,hepta_747,4324,-6.15,7,7,Circle,0.181745,0.0629149,-44.4603,9.451,8.112,1.339,0.146896,0.0525983,8.803,7.877,0.926,25,30,train,train,val,train,test,train,train,train,train,test,,train,-0.0750000000000001,0.24019378
4322,2020_Townsend,CC(C)C[C@@H]1NC(=O)[C@@H](CC(C)C)N(C)C(=O)[C@@H](C)N(C)C(=O)[C@H]2CCCN2C(=O)[C@H](Cc2ccccc2)NC(=O)[C@H](CC(C)C)N(C)C(=O)[C@H]2CCCN2C1=O,hepta_745,4322,-5.78,7,7,Circle,0.145659,0.0568875,-23.5582,9.22,8.123,1.097,0.117031,0.0383336,8.925,7.929,0.996,76,11,train,train,train,train,test,train,train,train,test,train,,train,0.1099999999999998,0.32020387
4321,2020_Townsend,CC(C)C[C@H]1C(=O)N2CCC[C@@H]2C(=O)N(C)[C@@H](CC(C)C)C(=O)N[C@@H](Cc2ccccc2)C(=O)N2CCC[C@@H]2C(=O)N(C)[C@H](C)C(=O)N[C@H](CC(C)C)C(=O)N1C,hepta_744,4321,-5.83,7,7,Circle,0.23081,0.110987,-26.7456,8.961,8.054,0.907,0.143705,0.0743888,9.129,8.059,1.07,36,41,train,train,val,train,test,train,train,train,train,train,,train,0.0849999999999999,0.54139495
4315,2020_Townsend,CC(C)C[C@H]1NC(=O)[C@@H](C)N(C)C(=O)[C@H]2CCCN2C(=O)[C@H](Cc2ccccc2)NC(=O)CN(Cc2ccccc2)C(=O)[C@H]2CCCN2C(=O)[C@@H](CC(C)C)NC1=O,hepta_738,4315,-5.92,7,7,Circle,0.161895,0.0542445,-24.608,8.905,7.785,1.12,0.124716,0.036166,8.882,7.799,1.083,47,43,train,val,train,train,test,train,train,train,val,val,,train,0.04,0.2518493
4312,2020_Townsend,CC(C)C[C@H]1C(=O)N[C@H](CC(C)C)C(=O)N2CCC[C@@H]2C(=O)N(C)[C@H](CC(C)C)C(=O)N[C@@H](Cc2ccccc2)C(=O)N2CCC[C@@H]2C(=O)N(C)[C@H](C)C(=O)N1C,hepta_735,4312,-5.95,7,7,Circle,0.152099,0.0532328,-23.5105,9.15,7.976,1.174,0.0962781,0.0420974,9.077,7.963,1.114,6,94,train,train,train,train,test,train,val,train,train,train,,train,0.0249999999999999,0.111778356
4296,2020_Townsend,CC(C)C[C@@H]1NC(=O)[C@@H](C)N(C)C(=O)[C@H]2CCCN2C(=O)[C@H](Cc2ccccc2)NC(=O)[C@@H](CC(C)C)N(C)C(=O)[C@H]2CCCN2C(=O)[C@@H](CC(C)C)NC1=O,hepta_719,4296,-5.82,7,7,Circle,0.158105,0.0492389,-23.8657,8.966,7.754,1.212,0.0963458,0.0346669,8.682,7.619,1.063,15,90,train,val,train,train,test,val,train,train,train,val,,train,0.0899999999999998,0.3211961
4282,2020_Townsend,CC(C)C[C@H]1C(=O)N[C@@H](Cc2ccccc2)C(=O)N2CCC[C@@H]2C(=O)N(C)[C@@H](C)C(=O)N(Cc2ccccc2)CC(=O)N(Cc2ccccc2)CC(=O)N2CCC[C@@H]2C(=O)N1C,hepta_705,4282,-5.89,7,7,Circle,0.167484,0.0494053,-31.0428,9.497,8.252,1.245,0.165292,0.0703488,9.097,8.017,1.08,63,100,train,train,train,val,test,train,train,train,train,train,,train,0.0550000000000001,0.021638848
4230,2020_Townsend,CC(C)C[C@@H]1NC(=O)[C@H]2CCCN2C(=O)CN(Cc2ccccc2)C(=O)[C@H](CC(C)C)NC(=O)[C@H](C)N(C)C(=O)[C@H]2CCCN2C(=O)[C@H](Cc2ccccc2)NC1=O,hepta_653,4230,-6.41,7,7,Circle,0.162895,0.0459318,-28.7732,8.88,7.697,1.183,0.150261,0.0598294,8.75,7.646,1.104,67,87,train,train,train,train,test,val,test,val,val,train,,train,-0.205,-0.3120765
4224,2020_Townsend,CC(C)C[C@@H]1NC(=O)[C@H]2CCCN2C(=O)[C@@H](CC(C)C)NC(=O)CN(Cc2ccccc2)C(=O)[C@H](C)N(C)C(=O)[C@H]2CCCN2C(=O)[C@H](Cc2ccccc2)NC1=O,hepta_647,4224,-6.35,7,7,Circle,0.143856,0.0434945,-35.9916,9.017,7.813,1.204,0.144279,0.0494299,8.666,7.451,1.215,23,60,train,train,train,train,test,train,train,train,val,train,,train,-0.1749999999999998,-0.115564644
4221,2020_Townsend,CC(C)C[C@@H]1NC(=O)[C@H](C)N(C)C(=O)[C@H]2CCCN2C(=O)[C@H](Cc2ccccc2)NC(=O)[C@@H](CC(C)C)N(C)C(=O)[C@H]2CCCN2C(=O)[C@H](CC(C)C)N(C)C1=O,hepta_644,4221,-5.27,7,7,Circle,0.192748,0.0772053,-32.0545,9.667,8.458,1.209,0.111982,0.0400627,8.947,7.9,1.047,53,25,test,train,train,train,test,train,train,train,train,train,,test,0.3650000000000002,0.456052
4199,2020_Townsend,CC(C)C[C@@H]1NC(=O)[C@H](C)N(C)C(=O)[C@H]2CCCN2C(=O)[C@H](Cc2ccccc2)NC(=O)[C@H](CC(C)C)N(C)C(=O)[C@H]2CCCN2C(=O)[C@@H](CC(C)C)NC1=O,hepta_622,4199,-5.35,7,7,Circle,0.115297,0.0498451,-38.2654,9.246,7.969,1.277,0.0952835,0.0378285,8.911,7.938,0.973,7,39,val,train,test,test,test,train,val,train,train,train,,val,0.3250000000000002,0.1978471
4196,2020_Townsend,CC(C)C[C@@H]1NC(=O)[C@H](C)N(C)C(=O)[C@H]2CCCN2C(=O)[C@H](Cc2ccccc2)NC(=O)[C@@H](CC(C)C)NC(=O)[C@H]2CCCN2C(=O)[C@H](CC(C)C)N(C)C1=O,hepta_619,4196,-5.78,7,7,Circle,0.150445,0.0411948,-34.1011,9.657,8.353,1.304,0.0963044,0.0388004,8.76,7.802,0.958,42,5,train,val,train,train,test,train,val,train,train,train,,train,0.1099999999999998,0.00713915
4179,2020_Townsend,CC(C)C[C@@H]1C(=O)N[C@@H](Cc2ccccc2)C(=O)N2CCC[C@@H]2C(=O)N(C)[C@H](C)C(=O)N(Cc2ccccc2)CC(=O)N[C@@H](Cc2ccccc2)CC(=O)N2CCC[C@H]2C(=O)N1C,hepta_602,4179,-5.63,7,7,Circle,0.194694,0.0530522,-28.1243,9.394,8.23,1.164,0.161105,0.046918,9.243,8.228,1.015,10,83,train,train,train,train,test,train,train,train,train,train,,train,0.185,-0.09181731
4175,2020_Townsend,CC(C)C[C@@H]1C(=O)N[C@@H](Cc2ccccc2)C(=O)N2CCC[C@@H]2C(=O)N(C)[C@H](C)C(=O)N(Cc2ccccc2)CC(=O)N(Cc2ccccc2)CC(=O)N2CCC[C@H]2C(=O)N1C,hepta_598,4175,-5.47,7,7,Circle,0.22112,0.0782958,-43.1698,9.914,8.669,1.245,0.137086,0.0489631,8.932,8.105,0.827,84,84,train,val,train,train,test,train,train,test,train,train,,train,0.2650000000000001,-0.24257213
4174,2020_Townsend,CC(C)C[C@@H]1C(=O)N(Cc2ccccc2)CC(=O)N2CCC[C@H]2C(=O)N(Cc2ccccc2)CC(=O)N[C@@H](Cc2ccccc2)C(=O)N2CCC[C@@H]2C(=O)N(C)[C@H](C)C(=O)N1C,hepta_597,4174,-5.84,7,7,Circle,0.207436,0.0759087,-31.3544,9.477,8.419,1.058,0.126152,0.0409026,8.905,7.75,1.155,70,26,test,val,test,train,test,train,train,train,train,train,,test,0.08,-0.17542073
4173,2020_Townsend,CC(C)C[C@H]1NC(=O)[C@@H](C)N(C)C(=O)[C@H]2CCCN2C(=O)[C@H](Cc2ccccc2)NC(=O)CN(Cc2ccccc2)C(=O)[C@@H]2CCCN2C(=O)C[C@H](Cc2ccccc2)NC1=O,hepta_596,4173,-6.23,7,7,Circle,0.173423,0.0520364,-24.5992,9.451,8.492,0.959,0.20417,0.0562167,9.457,8.472,0.985,50,47,train,val,train,test,test,train,train,train,test,train,,train,-0.1150000000000002,-0.0005412642
4166,2020_Townsend,CC(C)C[C@H]1C(=O)N(C)[C@H](CC(C)C)C(=O)N2CCC[C@H]2C(=O)N(Cc2ccccc2)CC(=O)N[C@@H](Cc2ccccc2)C(=O)N2CCC[C@@H]2C(=O)N(C)[C@H](C)C(=O)N1C,hepta_589,4166,-5.42,7,7,Circle,0.171924,0.0410196,-25.4885,9.505,8.377,1.128,0.139432,0.0382161,9.515,8.41,1.105,89,72,train,train,val,train,test,train,val,train,test,train,,train,0.29,0.0072345063
4163,2020_Townsend,CC(C)C[C@H]1C(=O)N[C@@H](Cc2ccccc2)C(=O)N2CCC[C@@H]2C(=O)N(C)[C@H](C)C(=O)N[C@H](CC(C)C)C(=O)N[C@@H](Cc2ccccc2)CC(=O)N2CCC[C@H]2C(=O)N1C,hepta_586,4163,-5.92,7,7,Circle,0.145139,0.0432435,-23.7695,8.835,7.514,1.321,0.173607,0.0633702,9.18,8.159,1.021,83,100,train,train,val,train,test,train,test,train,train,train,,train,0.04,0.18390733
4160,2020_Townsend,CC(C)C[C@@H]1C(=O)N2CCC[C@H]2C(=O)N(C)[C@H](CC(C)C)C(=O)N[C@@H](Cc2ccccc2)C(=O)N2CCC[C@@H]2C(=O)N(C)[C@H](C)C(=O)N(Cc2ccccc2)CC(=O)N1C,hepta_583,4160,-5.75,7,7,Circle,0.150284,0.0523616,-28.3749,9.799,8.416,1.383,0.116458,0.0410557,8.99,7.856,1.134,6,48,train,train,train,train,test,val,train,test,train,train,,train,0.125,0.15296438
4149,2020_Townsend,CC(C)C[C@H]1C(=O)N(Cc2ccccc2)CC(=O)N2CCC[C@H]2C(=O)N[C@H](CC(C)C)C(=O)N[C@@H](Cc2ccccc2)C(=O)N2CCC[C@@H]2C(=O)N(C)[C@H](C)C(=O)N1C,hepta_572,4149,-10.0,7,7,Circle,0.214769,0.0867002,-31.0173,9.126,7.94,1.186,0.194456,0.0954771,9.382,8.177,1.205,89,98,train,train,train,val,test,train,val,val,train,train,,train,-1.0,-0.40579948
4124,2020_Townsend,CC(C)C[C@H]1NC(=O)[C@@H](C)N(C)C(=O)[C@H]2CCCN2C(=O)[C@H](Cc2ccccc2)NC(=O)CN(Cc2ccccc2)C(=O)[C@@H]2CCCN2C(=O)[C@@H](CC(C)C)NC1=O,hepta_547,4124,-5.98,7,7,Circle,0.15681,0.0493182,-22.3405,9.116,8.103,1.013,0.100605,0.0391115,8.961,8.012,0.949,72,74,train,train,train,train,test,train,train,train,train,train,,train,0.0099999999999997,0.031137127
4120,2020_Townsend,CC(C)C[C@H]1C(=O)N[C@@H](Cc2ccccc2)C(=O)N2CCC[C@@H]2C(=O)N(C)[C@H](C)C(=O)N(C)[C@H](CC(C)C)C(=O)N[C@H](CC(C)C)C(=O)N2CCC[C@H]2C(=O)N1C,hepta_543,4120,-4.9,7,7,Circle,0.146117,0.0514473,-21.5066,9.365,8.407,0.958,0.100214,0.0377026,8.699,7.896,0.803,25,87,val,train,train,train,test,train,val,train,train,train,,val,0.5499999999999998,0.32902646
4112,2020_Townsend,CC(C)C[C@@H]1NC(=O)[C@@H](C)N(C)C(=O)[C@H]2CCCN2C(=O)[C@H](Cc2ccccc2)NC(=O)[C@H](CC(C)C)N(C)C(=O)[C@@H]2CCCN2C(=O)[C@H](CC(C)C)NC1=O,hepta_535,4112,-5.45,7,7,Circle,0.152075,0.0468887,-32.6833,9.41,7.922,1.488,0.189091,0.0786068,8.985,7.76,1.225,67,41,train,val,train,train,test,train,train,test,train,train,,train,0.2749999999999999,0.10358331
4106,2020_Townsend,CC(C)C[C@@H]1NC(=O)[C@@H](CC(C)C)NC(=O)[C@@H](C)N(C)C(=O)[C@H]2CCCN2C(=O)[C@H](Cc2ccccc2)NC(=O)[C@H](CC(C)C)N(C)C(=O)[C@@H]2CCCN2C1=O,hepta_529,4106,-5.32,7,7,Circle,0.144192,0.0403271,-39.0532,9.42,7.974,1.446,0.222216,0.127664,8.94,7.853,1.087,51,39,train,val,train,train,test,val,train,train,train,train,,train,0.3399999999999998,0.1461012
4089,2020_Townsend,CC(C)C[C@H]1C(=O)N[C@@H](Cc2ccccc2)CC(=O)N2CCC[C@H]2C(=O)N(Cc2ccccc2)CC(=O)N[C@@H](Cc2ccccc2)C(=O)N2CCC[C@@H]2C(=O)N(C)[C@@H](C)C(=O)N1C,hepta_512,4089,-5.76,7,7,Circle,0.199968,0.0680489,-33.495,9.794,8.448,1.346,0.147248,0.0408191,9.631,8.479,1.152,73,67,train,train,train,train,test,train,train,val,train,train,,train,0.1200000000000001,-0.1184296
4087,2020_Townsend,CC(C)C[C@H]1C(=O)N[C@@H](Cc2ccccc2)C(=O)N2CCC[C@@H]2C(=O)N(C)[C@@H](C)C(=O)N(Cc2ccccc2)CC(=O)N(Cc2ccccc2)CC(=O)N2CCC[C@H]2C(=O)N1C,hepta_510,4087,-5.19,7,7,Circle,0.149365,0.0397503,-32.7364,9.627,8.449,1.178,0.155048,0.0477,9.372,8.113,1.259,73,19,train,train,test,train,test,test,train,val,train,train,,train,0.4049999999999998,0.23747697
4086,2020_Townsend,CC(C)C[C@@H]1NC(=O)[C@H](C)N(C)C(=O)[C@H]2CCCN2C(=O)[C@H](Cc2ccccc2)NC(=O)CN(Cc2ccccc2)C(=O)[C@@H]2CCCN2C(=O)C[C@H](Cc2ccccc2)NC1=O,hepta_509,4086,-5.95,7,7,Circle,0.165835,0.0543049,-28.2778,9.467,8.073,1.394,0.177227,0.0630462,9.291,8.055,1.236,78,6,train,train,train,train,test,train,train,train,test,train,,train,0.0249999999999999,0.09967644
4078,2020_Townsend,CC(C)C[C@@H]1NC(=O)[C@@H]2CCCN2C(=O)CN(Cc2ccccc2)C(=O)CN(Cc2ccccc2)C(=O)[C@H](C)N(C)C(=O)[C@H]2CCCN2C(=O)[C@H](Cc2ccccc2)NC1=O,hepta_501,4078,-10.0,7,7,Circle,0.129443,0.0436834,-40.6686,8.99,7.636,1.354,0.161659,0.0457042,8.581,7.431,1.15,84,66,train,test,train,train,test,train,test,train,test,train,,train,-1.0,-0.6032816
4074,2020_Townsend,CC(C)C[C@H]1C(=O)N(C)[C@@H](CC(C)C)C(=O)N2CCC[C@H]2C(=O)N(Cc2ccccc2)CC(=O)N[C@@H](Cc2ccccc2)C(=O)N2CCC[C@@H]2C(=O)N(C)[C@@H](C)C(=O)N1C,hepta_497,4074,-5.03,7,7,Circle,0.160609,0.0525624,-25.9097,9.501,8.355,1.146,0.121975,0.0521338,9.313,8.194,1.119,29,56,val,train,test,train,test,train,train,train,train,train,,val,0.4849999999999999,0.4097069
4072,2020_Townsend,CC(C)C[C@H]1NC(=O)[C@H](C)N(C)C(=O)[C@H]2CCCN2C(=O)[C@H](Cc2ccccc2)NC(=O)CN(Cc2ccccc2)C(=O)[C@@H]2CCCN2C(=O)CN(Cc2ccccc2)C1=O,hepta_495,4072,-5.87,7,7,Circle,0.209684,0.0945821,-36.6085,9.163,7.898,1.265,0.148693,0.0698901,9.072,8.104,0.968,45,42,train,test,train,train,test,train,train,train,train,val,,train,0.0649999999999999,0.15604332
4066,2020_Townsend,CC(C)C[C@H]1C(=O)N(Cc2ccccc2)CC(=O)N2CCC[C@H]2C(=O)N(C)[C@H](CC(C)C)C(=O)N[C@@H](Cc2ccccc2)C(=O)N2CCC[C@@H]2C(=O)N(C)[C@@H](C)C(=O)N1C,hepta_489,4066,-5.85,7,7,Circle,0.166174,0.053234,-28.2937,9.74,8.502,1.238,0.151069,0.0452647,9.642,8.451,1.191,18,11,train,train,val,test,test,test,train,train,train,val,,train,0.0750000000000001,0.1375969
4032,2020_Townsend,CC(C)C[C@H]1C(=O)N(C)[C@H](CC(C)C)C(=O)N2CCC[C@H]2C(=O)N(C)[C@H](CC(C)C)C(=O)N[C@@H](Cc2ccccc2)C(=O)N2CCC[C@@H]2C(=O)N(C)[C@@H](C)C(=O)N1C,hepta_455,4032,-5.85,7,7,Circle,0.14887,0.0517983,-24.3509,9.611,8.397,1.214,0.122967,0.047576,9.321,8.161,1.16,25,97,train,train,train,train,test,train,test,train,train,train,,train,0.0750000000000001,0.4049633
4017,2020_Townsend,CC(C)C[C@H]1NC(=O)[C@@H]2CCCN2C(=O)CN(Cc2ccccc2)C(=O)[C@@H](CC(C)C)NC(=O)[C@H](C)N(C)C(=O)[C@H]2CCCN2C(=O)[C@H](Cc2ccccc2)NC1=O,hepta_440,4017,-5.97,7,7,Circle,0.174624,0.0633258,-43.557,9.537,8.025,1.512,0.137057,0.0567052,8.498,7.221,1.277,76,42,val,train,train,train,test,train,train,val,train,train,,val,0.0150000000000001,-0.05036214
4011,2020_Townsend,CC(C)C[C@H]1C(=O)N2CCC[C@H]2C(=O)N[C@H](CC(C)C)C(=O)N[C@@H](Cc2ccccc2)C(=O)N2CCC[C@@H]2C(=O)N(C)[C@@H](C)C(=O)N(C)[C@H](CC(C)C)C(=O)N1C,hepta_434,4011,-5.33,7,7,Circle,0.120022,0.0427831,-24.235,9.121,7.92,1.201,0.119144,0.0562113,8.849,7.908,0.941,33,90,train,train,train,train,test,test,train,train,train,test,,train,0.3349999999999999,-0.032618463
4009,2020_Townsend,CC(C)C[C@H]1C(=O)N[C@H](CC(C)C)C(=O)N2CCC[C@H]2C(=O)N(C)[C@H](CC(C)C)C(=O)N[C@@H](Cc2ccccc2)C(=O)N2CCC[C@@H]2C(=O)N(C)[C@@H](C)C(=O)N1C,hepta_432,4009,-5.73,7,7,Circle,0.128732,0.0463598,-25.7856,9.584,8.223,1.361,0.112049,0.0492454,9.636,8.277,1.359,36,100,train,train,train,val,test,train,train,val,train,val,,train,0.1349999999999998,0.02674117
3992,2020_Townsend,CC(C)C[C@H]1C(=O)N2CCC[C@H]2C(=O)N[C@H](CC(C)C)C(=O)N[C@@H](Cc2ccccc2)C(=O)N2CCC[C@@H]2C(=O)N(C)[C@@H](C)C(=O)N[C@H](CC(C)C)C(=O)N1C,hepta_415,3992,-5.85,7,7,Circle,0.101929,0.0413567,-28.1391,8.779,7.663,1.116,0.102851,0.0354472,8.6,7.59,1.01,58,87,train,train,train,train,test,train,train,train,train,train,,train,0.0750000000000001,0.12663823
3976,2020_Townsend,CC(C)C[C@H]1NC(=O)[C@H]2CCCN2C(=O)C[C@H](Cc2ccccc2)NC(=O)CN(Cc2ccccc2)C(=O)[C@@H](C)NC(=O)[C@H]2CCCN2C(=O)[C@H](Cc2ccccc2)NC1=O,hepta_399,3976,-5.9,7,7,Circle,0.265011,0.101639,-43.6222,9.576,8.111,1.465,0.17693,0.0698426,9.501,8.18,1.321,86,2,train,train,train,train,test,train,train,train,test,train,,train,0.0499999999999998,-0.073510356
3973,2020_Townsend,CC(C)C[C@H]1C(=O)N[C@@H](Cc2ccccc2)C(=O)N2CCC[C@@H]2C(=O)N[C@H](C)C(=O)N(C)[C@H](CC(C)C)C(=O)N[C@@H](Cc2ccccc2)CC(=O)N2CCC[C@@H]2C(=O)N1C,hepta_396,3973,-5.18,7,7,Circle,0.144014,0.0370927,-22.9132,9.158,8.084,1.074,0.106207,0.0366577,9.314,8.238,1.076,63,71,train,train,train,train,test,val,train,train,train,train,,train,0.4100000000000001,0.17346984
3965,2020_Townsend,CC(C)C[C@H]1C(=O)N(C)[C@H](CC(C)C)C(=O)N2CCC[C@@H]2C(=O)N(Cc2ccccc2)CC(=O)N[C@@H](Cc2ccccc2)C(=O)N2CCC[C@@H]2C(=O)N[C@H](C)C(=O)N1C,hepta_388,3965,-5.79,7,7,Circle,0.164927,0.0577466,-32.1734,9.474,8.307,1.167,0.112293,0.0409094,9.267,8.097,1.17,76,73,train,train,val,val,test,train,val,train,train,train,,train,0.1049999999999999,0.124233566
3951,2020_Townsend,CC(C)C[C@@H]1NC(=O)[C@H]2CCCN2C(=O)CN(Cc2ccccc2)C(=O)[C@H](CC(C)C)N(C)C(=O)[C@@H](C)NC(=O)[C@H]2CCCN2C(=O)[C@H](Cc2ccccc2)NC1=O,hepta_374,3951,-6.77,7,7,Circle,0.191103,0.0643531,-33.1316,9.182,7.877,1.305,0.155503,0.0777016,8.763,7.565,1.198,48,100,train,train,train,test,test,train,train,train,train,train,,train,-0.3849999999999998,-0.7712729
3934,2020_Townsend,CC(C)C[C@@H]1NC(=O)[C@H]2CCCN2C(=O)CN(Cc2ccccc2)C(=O)[C@H](CC(C)C)NC(=O)[C@@H](C)NC(=O)[C@H]2CCCN2C(=O)[C@H](Cc2ccccc2)NC1=O,hepta_357,3934,-6.14,7,7,Circle,0.196383,0.0881494,-26.491,8.622,7.335,1.287,0.179573,0.059167,8.57,7.442,1.128,100,86,val,train,train,train,test,test,train,train,train,train,,val,-0.0699999999999998,-0.5242097
3926,2020_Townsend,CC(C)C[C@@H]1NC(=O)[C@@H](C)NC(=O)[C@H]2CCCN2C(=O)[C@H](Cc2ccccc2)NC(=O)[C@H](CC(C)C)N(C)C(=O)[C@H]2CCCN2C(=O)[C@@H](CC(C)C)N(C)C1=O,hepta_349,3926,-5.76,7,7,Circle,0.10956,0.0331108,-27.8788,9.061,7.69,1.371,0.129958,0.0477452,8.916,7.651,1.265,20,37,train,test,train,train,test,val,val,train,test,test,,train,0.1200000000000001,0.24624911
3924,2020_Townsend,CC(C)C[C@H]1C(=O)N2CCC[C@@H]2C(=O)N(C)[C@@H](CC(C)C)C(=O)N[C@@H](Cc2ccccc2)C(=O)N2CCC[C@@H]2C(=O)N[C@H](C)C(=O)N[C@H](CC(C)C)C(=O)N1C,hepta_347,3924,-5.86,7,7,Circle,0.162126,0.0662996,-35.6887,9.288,7.945,1.343,0.096132,0.040622,8.731,7.608,1.123,81,65,val,train,train,train,test,train,train,val,train,train,,val,0.0699999999999998,0.07494036
3923,2020_Townsend,CC(C)C[C@@H]1NC(=O)[C@H](CC(C)C)N(C)C(=O)[C@@H](C)NC(=O)[C@H]2CCCN2C(=O)[C@H](Cc2ccccc2)NC(=O)[C@@H](CC(C)C)N(C)C(=O)[C@H]2CCCN2C1=O,hepta_346,3923,-5.38,7,7,Circle,0.151878,0.0581676,-29.1279,9.201,7.89,1.311,0.119283,0.043907,8.752,7.643,1.109,40,8,val,test,train,test,test,train,train,train,train,train,,val,0.31,0.16466829
3922,2020_Townsend,CC(C)C[C@@H]1NC(=O)[C@@H](C)NC(=O)[C@H]2CCCN2C(=O)[C@H](Cc2ccccc2)NC(=O)[C@@H](CC(C)C)N(C)C(=O)[C@H]2CCCN2C(=O)[C@H](CC(C)C)N(C)C1=O,hepta_345,3922,-5.75,7,7,Circle,0.158486,0.057643,-32.2716,9.41,8.125,1.285,0.130276,0.0443302,8.847,7.824,1.023,88,38,train,train,train,train,test,train,test,val,train,train,,train,0.125,-0.3156445
3918,2020_Townsend,CC(C)C[C@H]1C(=O)N(C)[C@H](CC(C)C)C(=O)N2CCC[C@@H]2C(=O)N[C@H](CC(C)C)C(=O)N[C@@H](Cc2ccccc2)C(=O)N2CCC[C@@H]2C(=O)N[C@H](C)C(=O)N1C,hepta_341,3918,-5.98,7,7,Circle,0.148998,0.0458157,-32.693,9.08,7.712,1.368,0.131046,0.0782757,8.957,7.7,1.257,96,13,train,train,train,val,test,train,train,train,train,test,,train,0.0099999999999997,0.26520994
3881,2020_Townsend,CC(C)C[C@@H]1C(=O)N[C@@H](Cc2ccccc2)CC(=O)N2CCC[C@@H]2C(=O)N(C)[C@H](CC(C)C)C(=O)N[C@@H](Cc2ccccc2)C(=O)N2CCC[C@@H]2C(=O)N[C@@H](C)C(=O)N1C,hepta_304,3881,-5.52,7,7,Circle,0.246073,0.108472,-31.8091,9.601,8.205,1.396,0.165278,0.0416495,9.119,8.037,1.082,3,73,train,train,train,train,test,train,test,test,train,train,,train,0.2400000000000002,0.20140064
3869,2020_Townsend,CC(C)C[C@@H]1NC(=O)[C@@H](CC(C)C)N(C)C(=O)[C@H](C)NC(=O)[C@H]2CCCN2C(=O)[C@H](Cc2ccccc2)NC(=O)CN(Cc2ccccc2)C(=O)[C@H]2CCCN2C1=O,hepta_292,3869,-5.51,7,7,Circle,0.144135,0.0460778,-31.8543,8.712,7.602,1.11,0.15234,0.0743191,8.891,7.802,1.089,65,57,train,train,train,test,test,val,train,train,train,train,,train,0.2450000000000001,0.13176748
3864,2020_Townsend,CC(C)C[C@H]1C(=O)N2CCC[C@@H]2C(=O)N(C)[C@@H](CC(C)C)C(=O)N[C@@H](Cc2ccccc2)C(=O)N2CCC[C@@H]2C(=O)N[C@@H](C)C(=O)N(C)[C@H](CC(C)C)C(=O)N1C,hepta_287,3864,-4.93,7,7,Circle,0.192193,0.0959662,-28.288,9.206,8.017,1.189,0.102885,0.0404971,8.926,8.005,0.921,11,69,train,test,train,train,test,train,train,val,train,train,,train,0.5350000000000001,0.45888788
3861,2020_Townsend,CC(C)C[C@H]1NC(=O)[C@H](C)NC(=O)[C@H]2CCCN2C(=O)[C@H](Cc2ccccc2)NC(=O)CN(Cc2ccccc2)C(=O)[C@H]2CCCN2C(=O)[C@@H](CC(C)C)N(C)C1=O,hepta_284,3861,-6.16,7,7,Circle,0.150568,0.0472348,-36.2845,9.092,7.813,1.279,0.104387,0.0336422,8.694,7.553,1.141,53,65,test,val,test,train,test,train,train,train,train,train,,test,-0.08,-0.12016492
3853,2020_Townsend,CC(C)C[C@@H]1NC(=O)[C@@H](CC(C)C)NC(=O)[C@H](C)NC(=O)[C@H]2CCCN2C(=O)[C@H](Cc2ccccc2)NC(=O)CN(Cc2ccccc2)C(=O)[C@H]2CCCN2C1=O,hepta_276,3853,-6.81,7,7,Circle,0.218924,0.0866406,-43.1644,9.439,7.861,1.578,0.14659,0.0487276,9.101,7.959,1.142,74,82,train,train,train,train,test,train,train,train,train,train,,train,-0.4049999999999998,0.0025186222
3851,2020_Townsend,CC(C)C[C@@H]1NC(=O)[C@H](C)NC(=O)[C@H]2CCCN2C(=O)[C@H](Cc2ccccc2)NC(=O)[C@@H](CC(C)C)NC(=O)[C@H]2CCCN2C(=O)CN(Cc2ccccc2)C1=O,hepta_274,3851,-10.0,7,7,Circle,0.185551,0.0614147,-43.5989,9.286,7.868,1.418,0.128211,0.0349233,8.56,7.332,1.228,44,21,test,train,train,train,test,train,train,train,train,train,,test,-1.0,-1.1511585
3833,2020_Townsend,CC(C)C[C@@H]1NC(=O)[C@H](C)NC(=O)[C@H]2CCCN2C(=O)[C@H](Cc2ccccc2)NC(=O)[C@@H](CC(C)C)N(C)C(=O)[C@H]2CCCN2C(=O)[C@H](CC(C)C)NC1=O,hepta_256,3833,-5.96,7,7,Circle,0.16744,0.0841973,-33.9192,9.078,7.716,1.362,0.0870832,0.0374862,8.579,7.468,1.111,76,8,train,train,val,train,test,train,train,train,val,test,,train,0.02,-0.2928501
3827,2020_Townsend,CC(C)C[C@@H]1NC(=O)[C@@H](CC(C)C)NC(=O)[C@H](C)NC(=O)[C@H]2CCCN2C(=O)[C@H](Cc2ccccc2)NC(=O)[C@@H](CC(C)C)N(C)C(=O)[C@H]2CCCN2C1=O,hepta_250,3827,-5.89,7,7,Circle,0.173629,0.0608789,-47.1817,9.542,8.008,1.534,0.10626,0.0384132,8.813,7.625,1.188,51,52,train,train,train,train,test,train,train,train,train,val,,train,0.0550000000000001,-0.23758271
3769,2020_Townsend,CC(C)C[C@@H]1NC(=O)[C@@H]2CCCN2C(=O)[C@H](CC(C)C)N(C)C(=O)[C@H](CC(C)C)N(C)C(=O)[C@@H](C)NC(=O)[C@H]2CCCN2C(=O)[C@H](Cc2ccccc2)NC1=O,hepta_192,3769,-5.61,7,7,Circle,0.143797,0.0517478,-27.6821,9.059,7.722,1.337,0.129427,0.0373977,9.284,7.906,1.378,13,51,test,val,train,test,test,val,train,train,train,train,,test,0.1949999999999998,0.0007431209
3766,2020_Townsend,CC(C)C[C@@H]1NC(=O)[C@@H](C)NC(=O)[C@H]2CCCN2C(=O)[C@H](Cc2ccccc2)NC(=O)[C@@H](CC(C)C)NC(=O)[C@@H]2CCCN2C(=O)CN(Cc2ccccc2)C1=O,hepta_189,3766,-6.69,7,7,Circle,0.16941,0.0577773,-46.6468,9.581,8.053,1.528,0.132684,0.052404,8.496,7.377,1.119,30,18,train,train,test,train,test,train,train,train,test,train,,train,-0.3450000000000002,-0.4293431
3740,2020_Townsend,CC(C)C[C@@H]1NC(=O)[C@@H](C)NC(=O)[C@H]2CCCN2C(=O)[C@H](Cc2ccccc2)NC(=O)[C@@H](CC(C)C)N(C)C(=O)[C@@H]2CCCN2C(=O)[C@@H](CC(C)C)NC1=O,hepta_163,3740,-6.38,7,7,Circle,0.147559,0.0611238,-41.4725,9.403,7.942,1.461,0.190194,0.0955027,8.849,7.647,1.202,42,4,train,train,test,val,test,train,test,train,train,train,,train,-0.1899999999999999,-0.5853808
3738,2020_Townsend,CC(C)C[C@@H]1NC(=O)[C@@H](CC(C)C)NC(=O)[C@@H](C)NC(=O)[C@H]2CCCN2C(=O)[C@H](Cc2ccccc2)NC(=O)[C@@H](CC(C)C)N(C)C(=O)[C@@H]2CCCN2C1=O,hepta_161,3738,-6.54,7,7,Circle,0.158041,0.0744187,-31.2468,8.952,7.763,1.189,0.0910603,0.0372484,8.555,7.513,1.042,71,10,train,train,train,train,test,train,train,train,val,train,,train,-0.27,-0.1432926
3721,2020_Townsend,CC(C)C[C@H]1NC(=O)[C@@H]2CCCN2C(=O)C[C@H](Cc2ccccc2)NC(=O)CN(Cc2ccccc2)C(=O)[C@H](C)NC(=O)[C@H]2CCCN2C(=O)[C@H](Cc2ccccc2)NC1=O,hepta_144,3721,-6.97,7,7,Circle,0.248004,0.117358,-33.5272,9.243,7.886,1.357,0.118246,0.0443944,8.948,7.785,1.163,34,27,val,train,val,train,test,train,train,val,val,val,,val,-0.4849999999999999,-0.55592763
3719,2020_Townsend,CC(C)C[C@H]1C(=O)N[C@@H](Cc2ccccc2)C(=O)N2CCC[C@@H]2C(=O)N[C@@H](C)C(=O)N(C)[C@H](CC(C)C)C(=O)N[C@@H](Cc2ccccc2)CC(=O)N2CCC[C@H]2C(=O)N1C,hepta_142,3719,-5.94,7,7,Circle,0.167081,0.0516301,-19.1261,9.167,7.911,1.256,0.132789,0.0399984,9.279,8.019,1.26,50,38,train,train,train,train,test,train,train,test,train,val,,train,0.0299999999999998,0.230385
3703,2020_Townsend,CC(C)C[C@H]1C(=O)N2CCC[C@H]2C(=O)N(Cc2ccccc2)CC(=O)N[C@@H](Cc2ccccc2)C(=O)N2CCC[C@@H]2C(=O)N[C@@H](C)C(=O)N[C@H](CC(C)C)C(=O)N1C,hepta_126,3703,-6.02,7,7,Circle,0.161489,0.0408636,-30.9317,8.911,7.635,1.276,0.131418,0.044118,8.738,7.487,1.251,88,3,train,train,train,train,test,train,train,train,train,val,,train,-0.0099999999999997,0.084765784
3702,2020_Townsend,CC(C)C[C@H]1C(=O)N(Cc2ccccc2)CC(=O)N2CCC[C@H]2C(=O)N[C@H](CC(C)C)C(=O)N[C@@H](Cc2ccccc2)C(=O)N2CCC[C@@H]2C(=O)N[C@@H](C)C(=O)N1C,hepta_125,3702,-6.04,7,7,Circle,0.157617,0.0475944,-38.4006,9.484,8.09,1.394,0.179708,0.094429,8.922,7.639,1.283,13,58,train,val,train,train,test,train,train,train,train,train,,train,-0.02,-0.0524873
3685,2020_Townsend,CC(C)C[C@@H]1NC(=O)[C@@H](CC(C)C)N(C)C(=O)[C@H](C)NC(=O)[C@H]2CCCN2C(=O)[C@H](Cc2ccccc2)NC(=O)[C@H](CC(C)C)N(C)C(=O)[C@@H]2CCCN2C1=O,hepta_108,3685,-5.36,7,7,Circle,0.161669,0.0602827,-39.1574,9.401,8.096,1.305,0.0905171,0.0323996,8.35,7.404,0.946,26,57,train,train,train,train,test,train,train,train,train,train,,train,0.3199999999999998,-0.0035552103
3675,2020_Townsend,CC(C)C[C@H]1NC(=O)[C@@H]2CCCN2C(=O)[C@@H](CC(C)C)N(C)C(=O)[C@@H](CC(C)C)N(C)C(=O)[C@H](C)NC(=O)[C@H]2CCCN2C(=O)[C@H](Cc2ccccc2)NC1=O,hepta_98,3675,-6.22,7,7,Circle,0.167743,0.0682495,-21.5141,8.859,7.653,1.206,0.116769,0.0509063,9.1,7.867,1.233,49,14,test,train,train,test,test,train,test,test,train,train,,test,-0.1099999999999998,0.107260816
3674,2020_Townsend,CC(C)C[C@@H]1NC(=O)[C@@H]2CCCN2C(=O)[C@H](CC(C)C)N(C)C(=O)[C@H](CC(C)C)NC(=O)[C@H](C)NC(=O)[C@H]2CCCN2C(=O)[C@H](Cc2ccccc2)NC1=O,hepta_97,3674,-6.21,7,7,Circle,0.192088,0.0949025,-32.0009,8.873,7.5,1.373,0.171559,0.0601239,8.419,7.265,1.154,84,31,train,train,train,train,test,train,train,val,val,train,,train,-0.1049999999999999,0.03478828
3664,2020_Townsend,CC(C)C[C@@H]1NC(=O)[C@H](C)NC(=O)[C@H]2CCCN2C(=O)[C@H](Cc2ccccc2)NC(=O)[C@@H](CC(C)C)N(C)C(=O)[C@@H]2CCCN2C(=O)[C@@H](CC(C)C)NC1=O,hepta_87,3664,-6.44,7,7,Circle,0.168886,0.0733347,-28.0731,9.154,7.862,1.292,0.134401,0.0553447,8.619,7.533,1.086,90,8,train,train,train,train,test,test,train,train,test,train,,train,-0.2200000000000002,-0.06291969
3603,2020_Townsend,CCCN1CC(=O)N[C@H](CC(C)C)C(=O)N[C@H](CC(C)C)C(=O)N2CCC[C@H]2C(=O)N(Cc2ccccc2)CC(=O)N[C@@H](Cc2ccccc2)C(=O)N2CCC[C@@H]2C1=O,hepta_26,3603,-5.98,7,7,Circle,0.158618,0.0600653,-42.0859,9.678,8.302,1.376,0.163321,0.0549517,8.994,7.831,1.163,96,80,train,train,train,train,test,train,train,train,train,train,,train,0.0099999999999997,0.0896065
3587,2020_Townsend,CCCN1CC(=O)N[C@H](CC(C)C)C(=O)N[C@@H](CC(C)C)C(=O)N2CCC[C@H]2C(=O)N(C)[C@H](CC(C)C)C(=O)N[C@@H](Cc2ccccc2)C(=O)N2CCC[C@@H]2C1=O,hepta_10,3587,-5.63,7,7,Circle,0.209376,0.0820441,-29.1274,9.388,8.083,1.305,0.195848,0.0886743,9.408,8.133,1.275,7,19,train,train,train,train,test,train,train,train,val,train,,train,0.185,0.29554164
3576,2020_Townsend,C[C@@H]1C(=O)N(Cc2ccccc2)CC(=O)N(Cc2ccccc2)CC(=O)N2CCC[C@@H]2C(=O)N(Cc2ccccc2)CC(=O)N[C@@H](Cc2ccccc2)C(=O)N1C,hexa_1062,3576,-6.28,6,6,Circle,0.203356,0.0601596,-32.8218,8.585,7.573,1.012,0.151652,0.0388464,8.356,7.436,0.92,45,92,train,train,train,val,test,train,test,train,test,train,,train,-0.1400000000000001,-0.08779887
3553,2020_Townsend,CC(C)C[C@H]1C(=O)N2CCC[C@@H]2C(=O)N(Cc2ccccc2)CC(=O)N[C@@H](Cc2ccccc2)C(=O)N(C)[C@H](C)C(=O)N[C@H](CC(C)C)C(=O)N1C,hexa_1039,3553,-5.25,6,6,Circle,0.147095,0.051159,-29.2418,8.275,7.259,1.016,0.120563,0.0342636,8.375,7.355,1.02,24,48,train,train,val,train,test,train,test,train,train,train,,train,0.375,0.3431921
3545,2020_Townsend,CC(C)C[C@H]1C(=O)N(C)[C@H](CC(C)C)C(=O)N2CCC[C@@H]2C(=O)N(C)[C@@H](CC(C)C)C(=O)N[C@@H](Cc2ccccc2)C(=O)N(C)[C@H](C)C(=O)N1C,hexa_1031,3545,-4.87,6,6,Circle,0.118988,0.0376728,-19.9879,8.473,7.44,1.033,0.118704,0.0385528,8.49,7.572,0.918,34,42,train,train,train,val,test,train,test,train,test,train,,train,0.565,0.51635814
3534,2020_Townsend,CC(C)C[C@@H]1NC(=O)[C@@H](CC(C)C)NC(=O)[C@@H](C)N(C)C(=O)[C@H](Cc2ccccc2)NC(=O)CN(Cc2ccccc2)C(=O)[C@H]2CCCN2C1=O,hexa_1020,3534,-5.28,6,6,Circle,0.161189,0.0497083,-28.3495,8.424,7.22,1.204,0.160131,0.0456131,8.399,7.247,1.152,9,71,val,test,val,train,test,test,train,train,train,train,,val,0.3599999999999999,0.09910373
3523,2020_Townsend,CC(C)C[C@@H]1NC(=O)[C@@H](CC(C)C)N(C)C(=O)[C@@H](C)N(C)C(=O)[C@H](Cc2ccccc2)NC(=O)[C@@H](CC(C)C)N(C)C(=O)[C@H]2CCCN2C1=O,hexa_1009,3523,-5.06,6,6,Circle,0.161573,0.0629513,-27.9457,8.431,7.29,1.141,0.106202,0.0393448,8.328,7.152,1.176,45,35,test,train,train,train,test,train,train,test,train,test,,test,0.4700000000000002,0.49251652
3517,2020_Townsend,CC(C)C[C@H]1NC(=O)[C@@H](CC(C)C)N(C)C(=O)[C@@H](C)N(C)C(=O)[C@H](Cc2ccccc2)NC(=O)[C@@H](CC(C)C)N(C)C(=O)[C@H]2CCCN2C1=O,hexa_1003,3517,-4.83,6,6,Circle,0.157464,0.0586307,-29.5384,8.403,7.381,1.022,0.0935149,0.0288797,8.223,7.305,0.918,60,28,train,train,train,train,test,train,val,train,train,train,,train,0.585,0.6020059
3515,2020_Townsend,CC(C)C[C@@H]1NC(=O)[C@H]2CCCN2C(=O)[C@H](CC(C)C)NC(=O)[C@H](CC(C)C)N(C)C(=O)[C@@H](C)N(C)C(=O)[C@H](Cc2ccccc2)NC1=O,hexa_1001,3515,-5.4,6,6,Circle,0.154847,0.0592887,-23.792,8.371,7.39,0.981,0.158261,0.0595404,8.308,7.27,1.038,10,36,train,train,train,val,test,train,train,train,train,train,,train,0.2999999999999998,0.20706442
3510,2020_Townsend,CC(C)C[C@@H]1NC(=O)[C@H]2CCCN2C(=O)[C@@H](CC(C)C)N(C)C(=O)[C@H](CC(C)C)NC(=O)[C@@H](C)N(C)C(=O)[C@H](Cc2ccccc2)NC1=O,hexa_996,3510,-5.41,6,6,Circle,0.157272,0.0436094,-24.7126,8.523,7.296,1.227,0.11503,0.0312791,8.41,7.358,1.052,47,48,train,train,train,train,test,test,train,train,train,train,,train,0.2949999999999999,0.3330553
3509,2020_Townsend,CC(C)C[C@@H]1NC(=O)[C@H]2CCCN2C(=O)[C@H](CC(C)C)N(C)C(=O)[C@@H](CC(C)C)NC(=O)[C@@H](C)N(C)C(=O)[C@H](Cc2ccccc2)NC1=O,hexa_995,3509,-5.53,6,6,Circle,0.141779,0.0504126,-21.0355,8.231,7.189,1.042,0.110728,0.0482904,8.202,7.119,1.083,51,66,train,train,test,train,test,train,train,train,train,train,,train,0.2349999999999998,0.051176444
3480,2020_Townsend,CC(C)C[C@@H]1NC(=O)[C@H](C)N(C)C(=O)[C@H](Cc2ccccc2)NC(=O)CN(Cc2ccccc2)C(=O)[C@H]2CCCN2C(=O)CN(Cc2ccccc2)C1=O,hexa_966,3480,-10.0,6,6,Circle,0.153308,0.0573919,-39.457,8.207,7.005,1.202,0.198035,0.0718047,8.456,7.223,1.233,40,60,train,train,train,train,test,train,test,train,train,train,,train,-1.0,0.22361064
3445,2020_Townsend,CC(C)C[C@H]1C(=O)N2CCC[C@@H]2C(=O)N(C)[C@@H](CC(C)C)C(=O)N[C@@H](Cc2ccccc2)C(=O)N(C)[C@@H](C)C(=O)N[C@H](CC(C)C)C(=O)N1C,hexa_931,3445,-4.96,6,6,Circle,0.125116,0.0474024,-21.0976,8.453,7.221,1.232,0.147287,0.0646833,8.297,7.276,1.021,89,40,train,train,train,test,test,train,val,train,train,train,,train,0.52,0.44661668
3435,2020_Townsend,CC(C)C[C@@H]1NC(=O)[C@H]2CCCN2C(=O)[C@H](CC(C)C)N(C)C(=O)[C@H](CC(C)C)NC(=O)[C@H](C)N(C)C(=O)[C@H](Cc2ccccc2)NC1=O,hexa_921,3435,-5.04,6,6,Circle,0.14845,0.0494863,-38.5814,8.403,7.101,1.302,0.141374,0.045777,8.225,7.042,1.183,50,20,train,test,train,val,test,train,train,train,train,test,,train,0.48,0.18987232
3434,2020_Townsend,CC(C)C[C@@H]1NC(=O)[C@H](C)N(C)C(=O)[C@H](Cc2ccccc2)NC(=O)[C@H](CC(C)C)N(C)C(=O)[C@H]2CCCN2C(=O)[C@H](CC(C)C)NC1=O,hexa_920,3434,-5.43,6,6,Circle,0.139851,0.0352998,-17.0514,8.137,7.03,1.107,0.112651,0.0372175,8.474,7.352,1.122,11,3,train,train,train,test,test,train,train,train,train,train,,train,0.2850000000000001,0.26685414
3409,2020_Townsend,CC(C)C[C@H]1C(=O)N[C@@H](Cc2ccccc2)CC(=O)N2CCC[C@H]2C(=O)N(Cc2ccccc2)CC(=O)N[C@@H](Cc2ccccc2)C(=O)N(C)[C@H](C)C(=O)N1C,hexa_895,3409,-5.36,6,6,Circle,0.195803,0.0504636,-39.8677,9.155,8.034,1.121,0.144356,0.0291656,8.787,7.82,0.967,23,98,train,train,train,train,test,train,test,train,train,train,,train,0.3199999999999998,0.18963617
3393,2020_Townsend,CC(C)C[C@H]1C(=O)N(Cc2ccccc2)CC(=O)N2CCC[C@H]2C(=O)N(C)[C@H](CC(C)C)C(=O)N[C@@H](Cc2ccccc2)C(=O)N(C)[C@H](C)C(=O)N1C,hexa_879,3393,-5.3,6,6,Circle,0.167977,0.0627304,-23.3159,8.653,7.595,1.058,0.156257,0.0568703,8.31,7.294,1.016,76,38,train,train,train,test,test,train,train,train,test,train,,train,0.3500000000000001,0.4378702
3390,2020_Townsend,CC(C)C[C@@H]1C(=O)N2CCC[C@H]2C(=O)N(C)[C@H](CC(C)C)C(=O)N[C@@H](Cc2ccccc2)C(=O)N(C)[C@H](C)C(=O)N(Cc2ccccc2)CC(=O)N1C,hexa_876,3390,-4.97,6,6,Circle,0.184248,0.0534013,-17.6152,8.579,7.531,1.048,0.166048,0.0457854,8.347,7.358,0.989,64,11,train,test,train,val,test,train,train,train,train,test,,train,0.5150000000000001,0.53793484
3385,2020_Townsend,CC(C)C[C@@H]1NC(=O)[C@@H](C)N(C)C(=O)[C@H](Cc2ccccc2)NC(=O)CN(Cc2ccccc2)C(=O)[C@@H]2CCCN2C(=O)[C@H](CC(C)C)N(C)C1=O,hexa_871,3385,-5.07,6,6,Circle,0.197538,0.0938348,-27.3588,8.525,7.446,1.079,0.170628,0.0417279,8.388,7.289,1.099,54,20,val,test,train,train,test,train,train,train,test,train,,val,0.4649999999999998,0.55723894
3375,2020_Townsend,CC(C)C[C@H]1NC(=O)[C@@H](CC(C)C)N(C)C(=O)[C@@H](C)N(C)C(=O)[C@H](Cc2ccccc2)NC(=O)CN(Cc2ccccc2)C(=O)[C@@H]2CCCN2C1=O,hexa_861,3375,-4.94,6,6,Circle,0.162386,0.0317071,-29.4857,8.796,7.66,1.136,0.134888,0.0447653,8.446,7.557,0.889,30,78,train,train,val,train,test,train,val,train,train,train,,train,0.5299999999999998,0.5922649
3373,2020_Townsend,CC(C)C[C@H]1NC(=O)[C@@H](C)N(C)C(=O)[C@H](Cc2ccccc2)NC(=O)[C@@H](CC(C)C)N(C)C(=O)[C@@H]2CCCN2C(=O)CN(Cc2ccccc2)C1=O,hexa_859,3373,-5.3,6,6,Circle,0.211374,0.0842484,-25.2002,8.393,7.366,1.027,0.187724,0.0723781,8.436,7.429,1.007,15,74,train,train,val,train,test,train,train,train,train,train,,train,0.3500000000000001,-0.028673656
3355,2020_Townsend,CC(C)C[C@H]1C(=O)N[C@@H](Cc2ccccc2)C(=O)N(C)[C@H](C)C(=O)N[C@H](CC(C)C)C(=O)N(C)[C@@H](CC(C)C)C(=O)N2CCC[C@H]2C(=O)N1C,hexa_841,3355,-4.86,6,6,Circle,0.137512,0.0390099,-16.4345,8.467,7.49,0.977,0.111905,0.0324328,8.438,7.516,0.922,6,5,train,train,train,train,test,train,train,train,train,train,,train,0.5699999999999998,0.49245596
3352,2020_Townsend,CC(C)C[C@H]1C(=O)N[C@@H](Cc2ccccc2)C(=O)N(C)[C@H](C)C(=O)N(C)[C@H](CC(C)C)C(=O)N[C@H](CC(C)C)C(=O)N2CCC[C@H]2C(=O)N1C,hexa_838,3352,-4.85,6,6,Circle,0.118043,0.0358086,-13.4662,8.37,7.461,0.909,0.120751,0.0379167,8.627,7.393,1.234,54,96,train,train,train,train,test,train,train,test,test,test,,train,0.5750000000000002,0.683319
3343,2020_Townsend,CC(C)C[C@@H]1NC(=O)[C@@H](C)N(C)C(=O)[C@H](Cc2ccccc2)NC(=O)[C@H](CC(C)C)N(C)C(=O)[C@@H]2CCCN2C(=O)[C@H](CC(C)C)NC1=O,hexa_829,3343,-5.4,6,6,Circle,0.151932,0.0746774,-22.5604,8.318,7.244,1.074,0.114827,0.0327511,8.116,7.043,1.073,14,15,train,train,train,val,test,train,val,train,train,train,,train,0.2999999999999998,0.2934554
3338,2020_Townsend,CC(C)C[C@@H]1NC(=O)[C@@H](C)N(C)C(=O)[C@H](Cc2ccccc2)NC(=O)[C@@H](CC(C)C)N(C)C(=O)[C@@H]2CCCN2C(=O)[C@H](CC(C)C)NC1=O,hexa_824,3338,-5.37,6,6,Circle,0.134105,0.0478425,-18.2865,8.397,7.288,1.109,0.110054,0.0421154,8.492,7.376,1.116,37,51,train,train,train,train,test,train,val,train,train,train,,train,0.3149999999999999,0.29304805
3326,2020_Townsend,CC(C)C[C@@H]1NC(=O)[C@@H]2CCCN2C(=O)[C@H](CC(C)C)NC(=O)[C@H](CC(C)C)NC(=O)[C@@H](C)N(C)C(=O)[C@H](Cc2ccccc2)NC1=O,hexa_812,3326,-6.26,6,6,Circle,0.122874,0.0325984,-24.4975,8.156,6.963,1.193,0.144231,0.0508799,8.292,7.029,1.263,84,7,train,train,test,train,test,test,test,test,train,test,,train,-0.1299999999999999,-0.11220295
3316,2020_Townsend,CC(C)C[C@H]1C(=O)N[C@@H](Cc2ccccc2)CC(=O)N2CCC[C@H]2C(=O)N(Cc2ccccc2)CC(=O)N[C@@H](Cc2ccccc2)C(=O)N(C)[C@@H](C)C(=O)N1C,hexa_802,3316,-4.9,6,6,Circle,0.171007,0.0517672,-23.203,8.757,7.704,1.053,0.174311,0.0361746,8.85,7.708,1.142,23,50,train,val,train,train,test,train,train,val,train,train,,train,0.5499999999999998,0.20208585
3313,2020_Townsend,CC(C)C[C@@H]1NC(=O)[C@@H]2CCCN2C(=O)C[C@H](Cc2ccccc2)NC(=O)CN(Cc2ccccc2)C(=O)[C@H](C)N(C)C(=O)[C@H](Cc2ccccc2)NC1=O,hexa_799,3313,-6.11,6,6,Circle,0.156023,0.0419533,-28.6879,8.632,7.559,1.073,0.149544,0.0360386,8.119,7.125,0.994,11,47,train,train,train,train,test,train,train,train,train,test,,train,-0.0550000000000001,-0.080670975
3305,2020_Townsend,CC(C)C[C@@H]1NC(=O)[C@H](C)N(C)C(=O)[C@H](Cc2ccccc2)NC(=O)CN(Cc2ccccc2)C(=O)[C@@H]2CCCN2C(=O)CN(Cc2ccccc2)C1=O,hexa_791,3305,-5.48,6,6,Circle,0.199604,0.0673176,-26.194,8.479,7.448,1.031,0.14268,0.0402211,8.399,7.265,1.134,77,45,train,val,train,val,test,train,train,train,train,train,,train,0.2599999999999998,0.020830382
3304,2020_Townsend,CC(C)C[C@H]1C(=O)N(Cc2ccccc2)CC(=O)N2CCC[C@H]2C(=O)N(C)[C@@H](CC(C)C)C(=O)N[C@@H](Cc2ccccc2)C(=O)N(C)[C@@H](C)C(=O)N1C,hexa_790,3304,-4.81,6,6,Circle,0.183881,0.0505871,-20.5181,8.451,7.372,1.079,0.130606,0.0487524,8.124,7.113,1.011,55,62,val,val,train,train,test,train,train,train,train,train,,val,0.5950000000000002,0.5206022
3295,2020_Townsend,CC(C)C[C@@H]1C(=O)N(Cc2ccccc2)CC(=O)N2CCC[C@H]2C(=O)N(C)[C@H](CC(C)C)C(=O)N[C@@H](Cc2ccccc2)C(=O)N(C)[C@@H](C)C(=O)N1C,hexa_781,3295,-4.67,6,6,Circle,0.148936,0.0480636,-29.1985,8.537,7.399,1.138,0.145328,0.0402616,8.45,7.393,1.057,66,60,val,train,train,test,test,train,train,train,train,train,,val,0.665,0.4976545
3294,2020_Townsend,CC(C)C[C@@H]1C(=O)N(C)[C@H](CC(C)C)C(=O)N2CCC[C@H]2C(=O)N(Cc2ccccc2)CC(=O)N[C@@H](Cc2ccccc2)C(=O)N(C)[C@@H](C)C(=O)N1C,hexa_780,3294,-4.67,6,6,Circle,0.163479,0.0329172,-23.1996,8.555,7.499,1.056,0.13379,0.0342033,8.412,7.67,0.742,3,18,train,train,train,train,test,train,train,train,train,train,,train,0.665,0.7009114
3287,2020_Townsend,CC(C)C[C@@H]1NC(=O)[C@@H](CC(C)C)N(C)C(=O)[C@H](C)N(C)C(=O)[C@H](Cc2ccccc2)NC(=O)CN(Cc2ccccc2)C(=O)[C@@H]2CCCN2C1=O,hexa_773,3287,-4.94,6,6,Circle,0.146,0.0429327,-39.8602,8.482,7.196,1.286,0.127955,0.0354033,8.516,7.258,1.258,95,36,train,test,train,train,test,train,train,train,val,train,,train,0.5299999999999998,0.7234361
3281,2020_Townsend,CC(C)C[C@@H]1NC(=O)[C@H](C)N(C)C(=O)[C@H](Cc2ccccc2)NC(=O)[C@@H](CC(C)C)NC(=O)[C@@H]2CCCN2C(=O)C[C@H](Cc2ccccc2)NC1=O,hexa_767,3281,-10.0,6,6,Circle,0.318875,0.134676,-26.1575,8.824,7.637,1.187,0.133946,0.0414876,8.429,7.423,1.006,88,43,test,train,train,train,test,train,train,train,train,train,,test,-1.0,-0.117958166
3272,2020_Townsend,CC(C)C[C@H]1C(=O)N2CCC[C@H]2C(=O)N(C)[C@H](CC(C)C)C(=O)N[C@@H](Cc2ccccc2)C(=O)N(C)[C@@H](C)C(=O)N(C)[C@H](CC(C)C)C(=O)N1C,hexa_758,3272,-4.0,6,6,Circle,0.142542,0.0386346,-16.4109,8.551,7.5,1.051,0.13094,0.036705,8.661,7.653,1.008,51,3,train,train,train,train,test,train,train,test,train,train,,train,1.0,0.6901425
3243,2020_Townsend,CC(C)C[C@@H]1NC(=O)[C@@H]2CCCN2C(=O)[C@H](CC(C)C)NC(=O)[C@H](CC(C)C)N(C)C(=O)[C@H](C)N(C)C(=O)[C@H](Cc2ccccc2)NC1=O,hexa_729,3243,-5.97,6,6,Circle,0.137828,0.0429903,-19.1456,8.365,7.334,1.031,0.135391,0.041404,8.226,7.227,0.999,85,91,train,train,train,train,test,train,train,train,train,train,,train,0.0150000000000001,0.117061876
3225,2020_Townsend,CC(C)C[C@H]1NC(=O)[C@@H]2CCCN2C(=O)[C@@H](CC(C)C)N(C)C(=O)[C@@H](CC(C)C)NC(=O)[C@H](C)N(C)C(=O)[C@H](Cc2ccccc2)NC1=O,hexa_711,3225,-4.68,6,6,Circle,0.174714,0.0563664,-22.5734,8.307,7.166,1.141,0.133219,0.0419667,7.997,7.074,0.923,87,33,train,val,train,train,test,val,val,train,train,train,,train,0.6600000000000001,0.62954795
3215,2020_Townsend,C[C@H]1NC(=O)[C@H](Cc2ccccc2)NC(=O)CN(Cc2ccccc2)C(=O)[C@H]2CCCN2C(=O)CN(Cc2ccccc2)C(=O)CN(Cc2ccccc2)C1=O,hexa_701,3215,-6.17,6,6,Circle,0.243944,0.0721689,-42.0009,8.622,7.455,1.167,0.143867,0.0467167,8.441,7.403,1.038,43,23,train,train,train,train,test,train,train,val,train,train,,train,-0.0849999999999999,0.111130364
3207,2020_Townsend,CC(C)C[C@H]1C(=O)N2CCC[C@@H]2C(=O)N(Cc2ccccc2)CC(=O)N[C@@H](Cc2ccccc2)C(=O)N[C@H](C)C(=O)N(C)[C@@H](CC(C)C)C(=O)N1C,hexa_693,3207,-5.37,6,6,Circle,0.176877,0.0408438,-25.2709,8.444,7.42,1.024,0.122724,0.0425613,8.217,7.215,1.002,50,90,train,train,train,train,test,train,train,train,test,train,,train,0.3149999999999999,0.39508352
3205,2020_Townsend,CC(C)C[C@H]1C(=O)N(Cc2ccccc2)CC(=O)N2CCC[C@@H]2C(=O)N(C)[C@@H](CC(C)C)C(=O)N[C@@H](Cc2ccccc2)C(=O)N[C@H](C)C(=O)N1C,hexa_691,3205,-5.34,6,6,Circle,0.151458,0.0496687,-24.0381,8.579,7.574,1.005,0.129702,0.0373349,7.702,6.623,1.079,95,7,train,train,train,train,test,train,train,test,train,train,,train,0.33,0.20207572
3198,2020_Townsend,CC(C)C[C@@H]1C(=O)N(Cc2ccccc2)CC(=O)N2CCC[C@@H]2C(=O)N(C)[C@H](CC(C)C)C(=O)N[C@@H](Cc2ccccc2)C(=O)N[C@H](C)C(=O)N1C,hexa_684,3198,-5.69,6,6,Circle,0.14555,0.0425019,-26.0122,8.489,7.374,1.115,0.120558,0.0458341,8.407,7.482,0.925,61,21,train,train,train,train,test,train,train,train,train,train,,train,0.1549999999999998,0.42335656
3187,2020_Townsend,CC(C)C[C@H]1C(=O)N[C@@H](Cc2ccccc2)C(=O)N[C@H](C)C(=O)N[C@H](CC(C)C)C(=O)N(Cc2ccccc2)CC(=O)N2CCC[C@@H]2C(=O)N1C,hexa_673,3187,-5.89,6,6,Circle,0.176149,0.060657,-27.9907,8.507,7.421,1.086,0.144342,0.047819,7.951,7.033,0.918,18,56,train,train,train,train,test,train,test,train,train,train,,train,0.0550000000000001,0.1318979
3179,2020_Townsend,CC(C)C[C@H]1NC(=O)[C@H]2CCCN2C(=O)CN(Cc2ccccc2)C(=O)[C@@H](CC(C)C)N(C)C(=O)[C@@H](C)NC(=O)[C@H](Cc2ccccc2)NC1=O,hexa_665,3179,-5.2,6,6,Circle,0.188507,0.0920187,-24.6304,8.189,7.127,1.062,0.136127,0.0463174,8.388,7.346,1.042,8,24,train,train,train,train,test,train,test,train,train,train,,train,0.3999999999999999,0.048313566
3167,2020_Townsend,CC(C)C[C@@H]1NC(=O)[C@H]2CCCN2C(=O)[C@H](CC(C)C)N(C)C(=O)[C@H](CC(C)C)N(C)C(=O)[C@@H](C)NC(=O)[C@H](Cc2ccccc2)NC1=O,hexa_653,3167,-5.57,6,6,Circle,0.176022,0.0700012,-29.4214,8.306,7.196,1.11,0.111756,0.0464946,8.351,7.21,1.141,95,21,train,test,val,train,test,train,train,train,train,train,,train,0.2149999999999998,0.049910173
3164,2020_Townsend,CC(C)C[C@@H]1NC(=O)[C@@H](C)NC(=O)[C@H](Cc2ccccc2)NC(=O)CN(Cc2ccccc2)C(=O)[C@H]2CCCN2C(=O)[C@@H](CC(C)C)NC1=O,hexa_650,3164,-5.89,6,6,Circle,0.14706,0.0343972,-29.7026,7.81,6.646,1.164,0.175623,0.0464702,8.444,7.167,1.277,22,87,train,train,train,test,test,val,train,test,train,train,,train,0.0550000000000001,-0.16033569
3161,2020_Townsend,CC(C)C[C@@H]1NC(=O)[C@@H](C)NC(=O)[C@H](Cc2ccccc2)NC(=O)[C@@H](CC(C)C)N(C)C(=O)[C@H]2CCCN2C(=O)[C@H](CC(C)C)N(C)C1=O,hexa_647,3161,-10.0,6,6,Circle,0.146412,0.0522415,-25.4749,8.292,7.045,1.247,0.114916,0.050218,8.217,7.104,1.113,51,52,train,val,train,train,test,train,train,train,train,train,,train,-1.0,0.35652325
3160,2020_Townsend,CC(C)C[C@@H]1NC(=O)[C@H](CC(C)C)N(C)C(=O)[C@@H](C)NC(=O)[C@H](Cc2ccccc2)NC(=O)[C@@H](CC(C)C)N(C)C(=O)[C@H]2CCCN2C1=O,hexa_646,3160,-4.88,6,6,Circle,0.147366,0.0475642,-23.5163,8.368,7.256,1.112,0.127174,0.0384573,8.298,7.307,0.991,88,44,train,train,train,train,test,test,train,test,val,train,,train,0.56,0.5684283
3147,2020_Townsend,CC(C)C[C@@H]1NC(=O)[C@@H](C)NC(=O)[C@H](Cc2ccccc2)NC(=O)[C@@H](CC(C)C)N(C)C(=O)[C@H]2CCCN2C(=O)[C@@H](CC(C)C)N(C)C1=O,hexa_633,3147,-6.27,6,6,Circle,0.10825,0.0380168,-34.6527,8.303,7.109,1.194,0.0901926,0.0357273,8.236,7.184,1.052,61,39,train,train,train,train,test,train,train,train,train,train,,train,-0.1349999999999998,-0.060994938
3135,2020_Townsend,CC(C)C[C@@H]1NC(=O)[C@@H](CC(C)C)N(C)C(=O)[C@@H](C)NC(=O)[C@H](Cc2ccccc2)NC(=O)[C@@H](CC(C)C)NC(=O)[C@H]2CCCN2C1=O,hexa_621,3135,-5.24,6,6,Circle,0.205604,0.0787698,-27.6444,8.221,6.949,1.272,0.117487,0.0384925,8.234,7.265,0.969,76,21,train,train,train,val,test,val,train,train,train,train,,train,0.3799999999999999,0.40021074
3127,2020_Townsend,CC(C)C[C@H]1NC(=O)[C@H]2CCCN2C(=O)[C@@H](CC(C)C)NC(=O)[C@@H](CC(C)C)N(C)C(=O)[C@@H](C)NC(=O)[C@H](Cc2ccccc2)NC1=O,hexa_613,3127,-6.2,6,6,Circle,0.161199,0.0499171,-19.7288,8.101,7.036,1.065,0.117243,0.0418001,8.112,7.134,0.978,49,9,train,train,train,train,test,train,train,val,test,train,,train,-0.1,-0.33096543
3098,2020_Townsend,CC(C)C[C@H]1NC(=O)[C@H](C)NC(=O)[C@H](Cc2ccccc2)NC(=O)[C@@H](CC(C)C)N(C)C(=O)[C@H]2CCCN2C(=O)C[C@H](Cc2ccccc2)NC1=O,hexa_584,3098,-6.29,6,6,Circle,0.165651,0.0371314,-29.0268,8.717,7.412,1.305,0.138858,0.0385237,8.292,7.197,1.095,61,40,train,train,train,train,test,train,train,train,train,train,,train,-0.145,-0.120834514
3093,2020_Townsend,CC(C)C[C@@H]1NC(=O)[C@@H](CC(C)C)N(C)C(=O)[C@H](C)NC(=O)[C@H](Cc2ccccc2)NC(=O)CN(Cc2ccccc2)C(=O)[C@H]2CCCN2C1=O,hexa_579,3093,-5.09,6,6,Circle,0.171941,0.0734757,-26.2545,8.369,7.255,1.114,0.163696,0.0580426,8.291,7.267,1.024,99,44,train,train,train,train,test,train,train,test,train,train,,train,0.455,0.23580366
3091,2020_Townsend,CC(C)C[C@H]1C(=O)N[C@@H](Cc2ccccc2)C(=O)N[C@@H](C)C(=O)N[C@H](CC(C)C)C(=O)N(Cc2ccccc2)CC(=O)N2CCC[C@@H]2C(=O)N1C,hexa_577,3091,-5.77,6,6,Circle,0.160822,0.058811,-27.0841,8.294,7.119,1.175,0.177006,0.0625281,8.228,7.191,1.037,58,100,train,train,train,test,test,train,val,train,train,test,,train,0.1150000000000002,0.2733621
3086,2020_Townsend,CC(C)C[C@H]1C(=O)N2CCC[C@@H]2C(=O)N(C)[C@@H](CC(C)C)C(=O)N[C@@H](Cc2ccccc2)C(=O)N[C@@H](C)C(=O)N(C)[C@H](CC(C)C)C(=O)N1C,hexa_572,3086,-5.0,6,6,Circle,0.134332,0.0593831,-20.1424,8.259,7.148,1.111,0.252192,0.120898,8.398,7.34,1.058,46,17,train,train,train,train,test,train,train,train,train,train,,train,0.5,0.41962564
3077,2020_Townsend,CC(C)C[C@@H]1NC(=O)[C@H]2CCCN2C(=O)CN(Cc2ccccc2)C(=O)[C@H](CC(C)C)NC(=O)[C@H](C)NC(=O)[C@H](Cc2ccccc2)NC1=O,hexa_563,3077,-6.54,6,6,Circle,0.174504,0.0488331,-30.914,8.103,6.861,1.242,0.193852,0.0795289,7.969,6.779,1.19,49,6,train,train,train,train,test,val,val,val,train,train,,train,-0.27,-0.18325105
3068,2020_Townsend,CC(C)C[C@@H]1NC(=O)[C@H](C)NC(=O)[C@H](Cc2ccccc2)NC(=O)[C@@H](CC(C)C)N(C)C(=O)[C@H]2CCCN2C(=O)[C@H](CC(C)C)N(C)C1=O,hexa_554,3068,-5.41,6,6,Circle,0.135353,0.040686,-25.6123,8.288,7.103,1.185,0.135318,0.0414313,7.94,6.821,1.119,26,100,train,train,train,test,test,train,train,test,train,train,,train,0.2949999999999999,0.28898692
3046,2020_Townsend,CC(C)C[C@@H]1NC(=O)[C@H]2CCCN2C(=O)[C@H](CC(C)C)N(C)C(=O)[C@@H](CC(C)C)NC(=O)[C@H](C)NC(=O)[C@H](Cc2ccccc2)NC1=O,hexa_532,3046,-6.27,6,6,Circle,0.142995,0.0459822,-29.5429,8.288,7.039,1.249,0.111333,0.0390159,8.204,7.041,1.163,44,59,train,train,train,test,test,train,val,train,train,test,,train,-0.1349999999999998,-0.08922332
3044,2020_Townsend,CC(C)C[C@@H]1NC(=O)[C@H](C)NC(=O)[C@H](Cc2ccccc2)NC(=O)[C@H](CC(C)C)N(C)C(=O)[C@H]2CCCN2C(=O)[C@@H](CC(C)C)NC1=O,hexa_530,3044,-6.55,6,6,Circle,0.176184,0.0966825,-29.2529,8.109,6.882,1.227,0.136488,0.0354683,8.226,6.955,1.271,48,16,test,train,train,train,test,test,train,train,train,train,,test,-0.2749999999999999,-0.048026655
3026,2020_Townsend,CC(C)C[C@H]1NC(=O)[C@H](C)NC(=O)[C@H](Cc2ccccc2)NC(=O)[C@@H](CC(C)C)NC(=O)[C@H]2CCCN2C(=O)[C@@H](CC(C)C)NC1=O,hexa_512,3026,-6.67,6,6,Circle,0.162079,0.075616,-29.1426,8.136,6.7,1.436,0.102364,0.0309364,7.658,6.553,1.105,42,19,train,train,val,train,test,train,train,train,test,train,,train,-0.3349999999999999,-0.6616111
3023,2020_Townsend,CC(C)C[C@H]1C(=O)N[C@@H](Cc2ccccc2)C(=O)N[C@H](C)C(=O)N(Cc2ccccc2)CC(=O)N[C@@H](Cc2ccccc2)CC(=O)N2CCC[C@H]2C(=O)N1C,hexa_509,3023,-5.53,6,6,Circle,0.165452,0.0419306,-28.1777,8.535,7.462,1.073,0.139923,0.0334925,8.631,7.566,1.065,100,14,train,train,train,train,test,test,test,test,train,val,,train,0.2349999999999998,0.30280575
3015,2020_Townsend,CC(C)C[C@H]1C(=O)N[C@@H](Cc2ccccc2)C(=O)N[C@H](C)C(=O)N(C)[C@H](CC(C)C)C(=O)N[C@@H](Cc2ccccc2)CC(=O)N2CCC[C@H]2C(=O)N1C,hexa_501,3015,-5.41,6,6,Circle,0.15854,0.0375381,-26.8752,8.782,7.615,1.167,0.141732,0.0376258,8.618,7.483,1.135,17,3,val,train,train,train,test,train,train,train,train,train,,val,0.2949999999999999,0.26466554
3008,2020_Townsend,CC(C)C[C@H]1NC(=O)[C@@H](C)NC(=O)[C@H](Cc2ccccc2)NC(=O)CN(Cc2ccccc2)C(=O)[C@@H]2CCCN2C(=O)CN(Cc2ccccc2)C1=O,hexa_494,3008,-6.22,6,6,Circle,0.208026,0.0709959,-35.2023,8.519,7.278,1.241,0.135961,0.0430459,8.26,7.12,1.14,65,28,train,train,train,val,test,train,train,train,train,test,,train,-0.1099999999999998,-0.24785325
3003,2020_Townsend,CC(C)C[C@@H]1C(=O)N(C)[C@H](CC(C)C)C(=O)N2CCC[C@H]2C(=O)N(Cc2ccccc2)CC(=O)N[C@@H](Cc2ccccc2)C(=O)N[C@H](C)C(=O)N1C,hexa_489,3003,-5.37,6,6,Circle,0.154067,0.0373427,-27.3905,8.66,7.496,1.164,0.178386,0.0594145,8.411,7.312,1.099,83,60,train,train,test,train,test,test,train,train,train,train,,train,0.3149999999999999,0.23472163
2976,2020_Townsend,CC(C)C[C@@H]1NC(=O)[C@@H](C)NC(=O)[C@H](Cc2ccccc2)NC(=O)[C@H](CC(C)C)N(C)C(=O)[C@@H]2CCCN2C(=O)[C@H](CC(C)C)N(C)C1=O,hexa_462,2976,-6.02,6,6,Circle,0.144998,0.0487661,-19.4508,8.205,7.118,1.087,0.132502,0.0515458,8.147,7.124,1.023,100,69,train,train,train,train,test,train,test,train,train,train,,train,-0.0099999999999997,0.17292744
2974,2020_Townsend,CC(C)C[C@@H]1NC(=O)[C@@H](CC(C)C)NC(=O)[C@@H](C)NC(=O)[C@H](Cc2ccccc2)NC(=O)CN(Cc2ccccc2)C(=O)[C@@H]2CCCN2C1=O,hexa_460,2974,-6.34,6,6,Circle,0.142547,0.0454487,-26.6279,8.453,7.182,1.271,0.158139,0.0728224,8.29,7.066,1.224,39,45,train,train,train,val,test,train,val,train,train,train,,train,-0.1699999999999999,-0.36950076
2956,2020_Townsend,CC(C)C[C@H]1NC(=O)[C@@H]2CCCN2C(=O)[C@@H](CC(C)C)N(C)C(=O)[C@@H](CC(C)C)N(C)C(=O)[C@@H](C)NC(=O)[C@H](Cc2ccccc2)NC1=O,hexa_442,2956,-5.18,6,6,Circle,0.155741,0.0422469,-27.087,8.163,6.986,1.177,0.115413,0.0330143,7.974,7.029,0.945,76,46,train,train,val,train,test,train,train,train,val,train,,train,0.4100000000000001,-0.035473548
2949,2020_Townsend,CC(C)C[C@@H]1NC(=O)[C@@H](C)NC(=O)[C@H](Cc2ccccc2)NC(=O)[C@@H](CC(C)C)N(C)C(=O)[C@@H]2CCCN2C(=O)[C@H](CC(C)C)NC1=O,hexa_435,2949,-6.33,6,6,Circle,0.148077,0.0418298,-25.0699,8.291,7.117,1.174,0.135363,0.0456549,8.139,6.912,1.227,79,6,train,val,train,train,test,train,train,test,train,train,,train,-0.165,-0.042228386
2942,2020_Townsend,CC(C)C[C@@H]1NC(=O)[C@@H](CC(C)C)NC(=O)[C@@H](C)NC(=O)[C@H](Cc2ccccc2)NC(=O)[C@@H](CC(C)C)N(C)C(=O)[C@@H]2CCCN2C1=O,hexa_428,2942,-5.85,6,6,Circle,0.142959,0.0439289,-23.3951,8.285,7.059,1.226,0.130349,0.044346,8.246,7.016,1.23,53,44,test,train,train,train,test,val,train,train,train,train,,test,0.0750000000000001,-0.19731835
2939,2020_Townsend,CC(C)C[C@H]1C(=O)N[C@@H](Cc2ccccc2)C(=O)N[C@H](C)C(=O)N[C@H](CC(C)C)C(=O)N[C@H](CC(C)C)C(=O)N2CCC[C@H]2C(=O)N1C,hexa_425,2939,-6.79,6,6,Circle,0.197894,0.0839128,-27.9845,8.386,7.1,1.286,0.196002,0.103359,8.054,6.902,1.152,11,12,train,train,train,train,test,train,train,train,train,train,,train,-0.395,-0.13363144
2937,2020_Townsend,CC(C)C[C@H]1NC(=O)[C@@H]2CCCN2C(=O)[C@@H](CC(C)C)NC(=O)[C@@H](CC(C)C)N(C)C(=O)[C@@H](C)NC(=O)[C@H](Cc2ccccc2)NC1=O,hexa_423,2937,-5.88,6,6,Circle,0.165532,0.0504002,-29.8108,8.43,7.134,1.296,0.134824,0.0424701,8.15,7.106,1.044,35,26,train,train,train,train,test,train,train,train,train,train,,train,0.06,-0.13047105
2933,2020_Townsend,CC(C)C[C@@H]1NC(=O)[C@@H]2CCCN2C(=O)[C@H](CC(C)C)NC(=O)[C@@H](CC(C)C)NC(=O)[C@@H](C)NC(=O)[C@H](Cc2ccccc2)NC1=O,hexa_419,2933,-7.26,6,6,Circle,0.161008,0.0564541,-25.7247,8.244,6.898,1.346,0.112232,0.0325554,7.897,6.703,1.194,62,89,train,train,train,train,test,train,train,train,train,test,,train,-0.6299999999999999,-0.45947745
2921,2020_Townsend,CC(C)C[C@@H]1NC(=O)[C@H](C)NC(=O)[C@H](Cc2ccccc2)NC(=O)[C@H](CC(C)C)N(C)C(=O)[C@@H]2CCCN2C(=O)C[C@H](Cc2ccccc2)NC1=O,hexa_407,2921,-5.58,6,6,Circle,0.201586,0.083766,-28.4927,8.537,7.323,1.214,0.148057,0.0426246,8.669,7.533,1.136,93,70,train,train,train,train,test,train,train,train,train,train,,train,0.2099999999999999,0.082127534
2913,2020_Townsend,CC(C)C[C@H]1C(=O)N[C@@H](Cc2ccccc2)CC(=O)N2CCC[C@H]2C(=O)N[C@H](CC(C)C)C(=O)N[C@@H](Cc2ccccc2)C(=O)N[C@@H](C)C(=O)N1C,hexa_399,2913,-6.89,6,6,Circle,0.285308,0.125175,-28.6777,8.837,7.592,1.245,0.10397,0.0366833,7.965,6.921,1.044,27,45,val,train,train,train,test,train,test,val,train,train,,val,-0.4449999999999998,-0.051671095
2895,2020_Townsend,CC(C)C[C@H]1C(=O)N[C@@H](Cc2ccccc2)C(=O)N[C@@H](C)C(=O)N(C)[C@H](CC(C)C)C(=O)N(C)[C@@H](CC(C)C)C(=O)N2CCC[C@H]2C(=O)N1C,hexa_381,2895,-5.0,6,6,Circle,0.126894,0.0437798,-17.349,8.374,7.336,1.038,0.109052,0.0330245,8.479,7.499,0.98,52,63,train,train,train,val,test,train,train,train,train,train,,train,0.5,0.46697026
2888,2020_Townsend,CC(C)C[C@H]1C(=O)N[C@@H](Cc2ccccc2)C(=O)N[C@@H](C)C(=O)N(C)[C@H](CC(C)C)C(=O)N(C)[C@H](CC(C)C)C(=O)N2CCC[C@H]2C(=O)N1C,hexa_374,2888,-5.16,6,6,Circle,0.135189,0.0540731,-26.0774,8.476,7.402,1.074,0.188663,0.0793157,8.332,7.282,1.05,66,57,train,train,val,train,test,train,train,train,train,train,,train,0.4199999999999999,0.3581113
2865,2020_Townsend,CC(C)C[C@H]1C(=O)N2CCC[C@H]2C(=O)N[C@H](CC(C)C)C(=O)N[C@@H](Cc2ccccc2)C(=O)N[C@@H](C)C(=O)N(C)[C@H](CC(C)C)C(=O)N1C,hexa_351,2865,-5.61,6,6,Circle,0.11707,0.034706,-23.1098,8.365,7.205,1.16,0.113353,0.0390869,8.339,7.265,1.074,61,20,train,val,train,train,test,train,train,test,train,test,,train,0.1949999999999998,-0.015467308
2864,2020_Townsend,CC(C)C[C@H]1NC(=O)[C@@H](CC(C)C)N(C)C(=O)[C@H](C)NC(=O)[C@H](Cc2ccccc2)NC(=O)[C@@H](CC(C)C)N(C)C(=O)[C@@H]2CCCN2C1=O,hexa_350,2864,-5.22,6,6,Circle,0.228361,0.0747855,-31.6794,8.323,7.192,1.131,0.152839,0.0472816,8.376,7.263,1.113,25,64,test,test,train,train,test,train,train,train,train,val,,test,0.3900000000000001,0.3814286
2859,2020_Townsend,CC(C)C[C@@H]1NC(=O)[C@@H](CC(C)C)NC(=O)[C@H](C)NC(=O)[C@H](Cc2ccccc2)NC(=O)[C@H](CC(C)C)N(C)C(=O)[C@@H]2CCCN2C1=O,hexa_345,2859,-5.88,6,6,Circle,0.132109,0.05922,-22.5303,8.004,6.83,1.174,0.101284,0.0439361,8.213,7.014,1.199,90,77,train,train,train,val,test,train,test,train,train,train,,train,0.06,0.07585202
2852,2020_Townsend,CC(C)C[C@@H]1NC(=O)[C@@H](CC(C)C)NC(=O)[C@H](C)NC(=O)[C@H](Cc2ccccc2)NC(=O)[C@@H](CC(C)C)N(C)C(=O)[C@@H]2CCCN2C1=O,hexa_338,2852,-5.94,6,6,Circle,0.178744,0.0813126,-24.9936,8.447,7.165,1.282,0.159909,0.0631611,8.344,7.135,1.209,74,43,train,train,train,train,test,train,train,train,train,train,,train,0.0299999999999998,0.0010878723
2849,2020_Townsend,CC(C)C[C@@H]1NC(=O)[C@H](C)NC(=O)[C@H](Cc2ccccc2)NC(=O)[C@@H](CC(C)C)NC(=O)[C@@H]2CCCN2C(=O)[C@@H](CC(C)C)N(C)C1=O,hexa_335,2849,-6.1,6,6,Circle,0.116856,0.0385193,-23.7745,7.967,6.878,1.089,0.13397,0.0302871,7.613,6.553,1.06,52,54,train,train,test,train,test,train,train,train,test,val,,train,-0.0499999999999998,0.046728335
2846,2020_Townsend,CC(C)C[C@H]1NC(=O)[C@@H]2CCCN2C(=O)[C@@H](CC(C)C)NC(=O)[C@@H](CC(C)C)N(C)C(=O)[C@H](C)NC(=O)[C@H](Cc2ccccc2)NC1=O,hexa_332,2846,-5.95,6,6,Circle,0.234923,0.0912547,-26.6526,7.781,6.658,1.123,0.165837,0.0584284,8.038,6.886,1.152,17,71,train,val,val,train,test,train,train,train,train,train,,train,0.0249999999999999,0.120871596
2835,2020_Townsend,CCCN1CC(=O)N[C@H](CC(C)C)C(=O)N[C@@H](Cc2ccccc2)CC(=O)N2CCC[C@H]2C(=O)N(Cc2ccccc2)CC(=O)N[C@@H](Cc2ccccc2)C1=O,hexa_321,2835,-6.07,6,6,Circle,0.168196,0.0321126,-31.4951,8.693,7.486,1.207,0.179344,0.0404813,8.786,7.608,1.178,2,77,train,train,train,train,test,train,train,train,train,train,,train,-0.0350000000000001,0.20842749
2827,2020_Townsend,CCCN1CC(=O)N(C)[C@H](CC(C)C)C(=O)N[C@@H](Cc2ccccc2)CC(=O)N2CCC[C@H]2C(=O)N[C@@H](CC(C)C)C(=O)N[C@@H](Cc2ccccc2)C1=O,hexa_313,2827,-5.56,6,6,Circle,0.190039,0.0568565,-30.5329,8.81,7.557,1.253,0.158406,0.0432542,8.667,7.751,0.916,60,51,train,train,test,train,test,train,train,train,train,train,,train,0.2200000000000002,0.12400218
2822,2020_Townsend,CCCN1CC(=O)N[C@@H](CC(C)C)C(=O)N(C)[C@@H](CC(C)C)C(=O)N2CCC[C@H]2C(=O)N(Cc2ccccc2)CC(=O)N[C@@H](Cc2ccccc2)C1=O,hexa_308,2822,-4.99,6,6,Circle,0.138788,0.0447661,-27.1499,8.769,7.627,1.142,0.180982,0.0430188,8.563,7.579,0.984,60,29,train,train,train,train,test,train,test,train,train,train,,train,0.5049999999999999,0.5466012
2819,2020_Townsend,CCCN1CC(=O)N[C@@H](CC(C)C)C(=O)N(C)[C@H](CC(C)C)C(=O)N2CCC[C@H]2C(=O)N(Cc2ccccc2)CC(=O)N[C@@H](Cc2ccccc2)C1=O,hexa_305,2819,-4.98,6,6,Circle,0.159527,0.0517397,-29.0032,8.912,7.906,1.006,0.132345,0.0330119,8.825,7.737,1.088,26,84,train,test,val,train,test,train,val,train,val,train,,train,0.5099999999999998,0.33528858
2806,2020_Townsend,CCCN1CC(=O)N[C@@H](CC(C)C)C(=O)N[C@@H](CC(C)C)C(=O)N2CCC[C@H]2C(=O)N(Cc2ccccc2)CC(=O)N[C@@H](Cc2ccccc2)C1=O,hexa_292,2806,-5.42,6,6,Circle,0.175128,0.0604524,-25.9921,8.597,7.473,1.124,0.1069,0.0385782,8.475,7.4,1.075,66,93,val,train,train,train,test,val,train,train,val,train,,val,0.29,0.25226218
2785,2020_Townsend,CCCN1CC(=O)N[C@@H](CC(C)C)C(=O)N[C@@H](CC(C)C)C(=O)N2CCC[C@H]2C(=O)N(C)[C@@H](CC(C)C)C(=O)N[C@@H](Cc2ccccc2)C1=O,hexa_271,2785,-5.03,6,6,Circle,0.144239,0.0353712,-17.3793,8.287,7.272,1.015,0.137591,0.046358,8.452,7.363,1.089,30,14,val,train,train,train,test,train,train,train,val,train,,val,0.4849999999999999,0.36518306
2776,2020_Townsend,CCCN1CC(=O)N(C)[C@H](CC(C)C)C(=O)N[C@H](CC(C)C)C(=O)N2CCC[C@H]2C(=O)N[C@H](CC(C)C)C(=O)N[C@@H](Cc2ccccc2)C1=O,hexa_262,2776,-4.89,6,6,Circle,0.174286,0.0658777,-28.604,8.689,7.504,1.185,0.163542,0.056695,8.509,7.438,1.071,19,56,train,test,train,val,test,val,val,train,test,train,,train,0.5550000000000002,0.21978793
2763,2020_Townsend,CCCN1CC(=O)N(C)[C@@H](CC(C)C)C(=O)N[C@@H](Cc2ccccc2)CC(=O)N2CCC[C@@H]2C(=O)N(C)[C@H](CC(C)C)C(=O)N[C@@H](Cc2ccccc2)C1=O,hexa_249,2763,-5.38,6,6,Circle,0.144007,0.0430949,-20.1926,9.006,7.701,1.305,0.156619,0.0519589,9.079,8.219,0.86,87,91,train,train,train,train,test,val,train,val,val,train,,train,0.31,0.38777524
2759,2020_Townsend,CCCN1CC(=O)N(C)[C@H](CC(C)C)C(=O)N(C)[C@@H](CC(C)C)C(=O)N2CCC[C@@H]2C(=O)N(Cc2ccccc2)CC(=O)N[C@@H](Cc2ccccc2)C1=O,hexa_245,2759,-5.15,6,6,Circle,0.136074,0.0395591,-22.3081,8.804,7.77,1.034,0.184619,0.0564853,8.909,7.872,1.037,67,71,train,train,val,train,test,val,train,train,train,val,,train,0.4249999999999998,0.27180117
2749,2020_Townsend,CCCN1CC(=O)N[C@H](CC(C)C)C(=O)N(Cc2ccccc2)CC(=O)N2CCC[C@@H]2C(=O)N(C)[C@@H](CC(C)C)C(=O)N[C@@H](Cc2ccccc2)C1=O,hexa_235,2749,-5.04,6,6,Circle,0.150686,0.0447077,-25.3574,8.797,7.808,0.989,0.149039,0.0397834,8.619,7.751,0.868,6,93,train,train,train,train,test,train,train,train,train,train,,train,0.48,0.33720273
2720,2020_Townsend,CCCN1CC(=O)N[C@H](CC(C)C)C(=O)N[C@H](CC(C)C)C(=O)N2CCC[C@@H]2C(=O)N(Cc2ccccc2)CC(=O)N[C@@H](Cc2ccccc2)C1=O,hexa_206,2720,-5.93,6,6,Circle,0.164205,0.0427733,-35.2234,8.685,7.486,1.199,0.160674,0.0393552,8.338,7.279,1.059,55,36,train,train,val,train,test,train,train,train,train,train,,train,0.0350000000000001,0.19663459
2717,2020_Townsend,CCCN1CC(=O)N(C)[C@H](CC(C)C)C(=O)N(C)[C@@H](CC(C)C)C(=O)N2CCC[C@@H]2C(=O)N[C@H](CC(C)C)C(=O)N[C@@H](Cc2ccccc2)C1=O,hexa_203,2717,-5.04,6,6,Circle,0.146347,0.04368,-22.0378,8.461,7.32,1.141,0.148886,0.0639083,8.659,7.604,1.055,29,44,train,train,train,train,test,train,train,train,test,train,,train,0.48,0.3636391
2716,2020_Townsend,CCCN1CC(=O)N(C)[C@@H](CC(C)C)C(=O)N(C)[C@H](CC(C)C)C(=O)N2CCC[C@@H]2C(=O)N[C@H](CC(C)C)C(=O)N[C@@H](Cc2ccccc2)C1=O,hexa_202,2716,-5.05,6,6,Circle,0.159821,0.0510338,-27.1891,8.733,7.694,1.039,0.130075,0.0426324,8.376,7.512,0.864,84,19,train,train,test,train,test,train,train,train,val,train,,train,0.4750000000000001,0.4227045
2714,2020_Townsend,CCCN1CC(=O)N(C)[C@H](CC(C)C)C(=O)N[C@H](CC(C)C)C(=O)N2CCC[C@@H]2C(=O)N(C)[C@H](CC(C)C)C(=O)N[C@@H](Cc2ccccc2)C1=O,hexa_200,2714,-5.1,6,6,Circle,0.119744,0.0407207,-25.2792,8.504,7.426,1.078,0.109047,0.0381281,8.471,7.672,0.799,98,6,train,train,train,test,test,train,train,train,train,train,,train,0.4500000000000002,0.2811039
2710,2020_Townsend,CCCN1CC(=O)N(C)[C@@H](CC(C)C)C(=O)N[C@@H](CC(C)C)C(=O)N2CCC[C@@H]2C(=O)N[C@H](CC(C)C)C(=O)N[C@@H](Cc2ccccc2)C1=O,hexa_196,2710,-5.0,6,6,Circle,0.160149,0.0578391,-21.4955,8.766,7.615,1.151,0.14928,0.0472477,8.374,7.375,0.999,98,48,train,train,train,train,test,val,train,test,test,train,,train,0.5,0.22049409
2709,2020_Townsend,CCCN1CC(=O)N[C@@H](CC(C)C)C(=O)N[C@@H](CC(C)C)C(=O)N2CCC[C@@H]2C(=O)N(C)[C@H](CC(C)C)C(=O)N[C@@H](Cc2ccccc2)C1=O,hexa_195,2709,-5.15,6,6,Circle,0.146116,0.0582229,-26.7599,8.741,7.579,1.162,0.137556,0.0422056,8.385,7.421,0.964,51,35,val,train,train,train,test,train,train,train,train,train,,val,0.4249999999999998,0.56873584
2696,2020_Townsend,CCCN1CC(=O)N[C@@H](CC(C)C)C(=O)N[C@@H](CC(C)C)C(=O)N2CCC[C@@H]2C(=O)N[C@@H](CC(C)C)C(=O)N[C@@H](Cc2ccccc2)C1=O,hexa_182,2696,-6.62,6,6,Circle,0.152585,0.057535,-27.0042,8.538,7.424,1.114,0.167077,0.0700035,8.434,7.29,1.144,99,36,train,val,val,train,test,train,train,train,train,val,,train,-0.31,0.17841762
2693,2020_Townsend,CCCN1CC(=O)N[C@@H](CC(C)C)C(=O)N[C@H](CC(C)C)C(=O)N2CCC[C@@H]2C(=O)N[C@H](CC(C)C)C(=O)N[C@@H](Cc2ccccc2)C1=O,hexa_179,2693,-6.04,6,6,Circle,0.157919,0.0503034,-31.2542,8.403,7.186,1.217,0.132055,0.0382619,8.408,7.211,1.197,65,28,train,train,train,train,test,train,train,train,train,train,,train,-0.02,0.10160808
2690,2020_Townsend,O=C1CN(Cc2ccccc2)C(=O)C[C@H](Cc2ccccc2)NC(=O)[C@H](Cc2ccccc2)NC(=O)CN(Cc2ccccc2)C(=O)[C@@H]2CCCN2C(=O)C[C@H](Cc2ccccc2)N1,hexa_176,2690,-5.81,6,6,Circle,0.271148,0.0860653,-26.3723,9.472,8.459,1.013,0.174892,0.0430278,9.548,8.387,1.161,16,86,train,train,train,train,test,train,train,train,train,train,,train,0.0950000000000002,-0.06768493
2688,2020_Townsend,CC(C)C[C@H]1C(=O)N[C@@H](Cc2ccccc2)CC(=O)N2CCC[C@H]2C(=O)N(Cc2ccccc2)CC(=O)N[C@@H](Cc2ccccc2)C(=O)N[C@@H](Cc2ccccc2)CC(=O)N1C,hexa_174,2688,-5.54,6,6,Circle,0.213306,0.0735756,-25.7485,9.285,8.301,0.984,0.202064,0.0570669,9.308,8.127,1.181,52,8,train,train,train,train,test,val,train,train,train,train,,train,0.2299999999999999,0.085140094
2687,2020_Townsend,CC(C)C[C@@H]1C(=O)N[C@@H](Cc2ccccc2)CC(=O)N2CCC[C@H]2C(=O)N(Cc2ccccc2)CC(=O)N[C@@H](Cc2ccccc2)C(=O)N[C@@H](Cc2ccccc2)CC(=O)N1C,hexa_173,2687,-5.56,6,6,Circle,0.154947,0.049483,-24.9345,9.223,8.112,1.111,0.248669,0.078788,9.573,8.468,1.105,86,68,train,train,val,train,test,train,train,train,train,train,,train,0.2200000000000002,0.07716385
2667,2020_Townsend,CC(C)C[C@@H]1C(=O)N(Cc2ccccc2)CC(=O)N2CCC[C@H]2C(=O)N(C)[C@H](CC(C)C)C(=O)N[C@@H](Cc2ccccc2)C(=O)N[C@@H](Cc2ccccc2)CC(=O)N1C,hexa_153,2667,-5.49,6,6,Circle,0.166414,0.0535044,-19.5587,9.124,8.187,0.937,0.13343,0.041332,9.15,8.303,0.847,75,38,train,val,train,train,test,train,train,train,train,train,,train,0.2549999999999999,-0.5502181
2638,2020_Townsend,CC(C)C[C@@H]1NC(=O)C[C@H](Cc2ccccc2)NC(=O)[C@H](Cc2ccccc2)NC(=O)CN(Cc2ccccc2)C(=O)[C@@H]2CCCN2C(=O)[C@@H](CC(C)C)NC1=O,hexa_124,2638,-5.57,6,6,Circle,0.16316,0.052288,-18.9783,8.869,7.8,1.069,0.177609,0.0638622,8.769,7.614,1.155,94,30,train,train,train,test,test,test,train,train,train,train,,train,0.2149999999999998,0.15885255
2626,2020_Townsend,CC(C)C[C@H]1C(=O)N[C@@H](Cc2ccccc2)C(=O)N[C@@H](Cc2ccccc2)CC(=O)N(C)[C@H](CC(C)C)C(=O)N[C@H](CC(C)C)C(=O)N2CCC[C@H]2C(=O)N1C,hexa_112,2626,-5.11,6,6,Circle,0.184002,0.0614884,-19.838,8.923,7.967,0.956,0.18341,0.0393034,9.098,8.156,0.942,29,61,val,train,train,train,test,val,train,train,train,test,,val,0.4449999999999998,0.19654238
2598,2020_Townsend,CC(C)C[C@@H]1NC(=O)[C@@H]2CCCN2C(=O)[C@H](CC(C)C)NC(=O)[C@@H](CC(C)C)NC(=O)C[C@H](Cc2ccccc2)NC(=O)[C@H](Cc2ccccc2)NC1=O,hexa_84,2598,-5.78,6,6,Circle,0.171225,0.0361222,-29.2776,8.651,7.564,1.087,0.137683,0.0460307,8.862,7.531,1.331,34,85,train,train,train,train,test,train,train,train,train,train,,train,0.1099999999999998,0.2641151
2595,2020_Townsend,CC(C)C[C@@H]1NC(=O)C[C@H](Cc2ccccc2)NC(=O)[C@H](Cc2ccccc2)NC(=O)[C@@H](CC(C)C)NC(=O)[C@@H]2CCCN2C(=O)[C@@H](CC(C)C)NC1=O,hexa_81,2595,-5.56,6,6,Circle,0.207378,0.0673218,-28.547,9.103,7.807,1.296,0.198226,0.0559149,8.821,7.616,1.205,67,36,train,val,val,train,test,train,train,train,train,train,,train,0.2200000000000002,0.24126899
2547,2020_Townsend,CC(C)C[C@H]1NC(=O)[C@H]2CCCN2C(=O)CN(Cc2ccccc2)C(=O)[C@@H](CC(C)C)NC(=O)C[C@H](Cc2ccccc2)NC(=O)[C@H](Cc2ccccc2)NC1=O,hexa_33,2547,-5.3,6,6,Circle,0.28792,0.0847744,-26.0453,8.851,7.774,1.077,0.19673,0.0578931,8.953,7.946,1.007,81,96,train,train,train,test,test,train,train,train,train,train,,train,0.3500000000000001,0.22236755
2546,2020_Townsend,CC(C)C[C@H]1NC(=O)C[C@H](Cc2ccccc2)NC(=O)[C@H](Cc2ccccc2)NC(=O)CN(Cc2ccccc2)C(=O)[C@H]2CCCN2C(=O)[C@@H](CC(C)C)NC1=O,hexa_32,2546,-5.82,6,6,Circle,0.158221,0.0497291,-22.6528,8.615,7.481,1.134,0.148858,0.0350657,9.059,8.027,1.032,72,82,train,train,train,train,test,train,train,train,train,train,,train,0.0899999999999998,0.07782522
2541,2020_Townsend,CC(C)C[C@H]1C(=O)N[C@H](CC(C)C)C(=O)N2CCC[C@@H]2C(=O)N(C)[C@H](CC(C)C)C(=O)N[C@@H](Cc2ccccc2)C(=O)N[C@@H](Cc2ccccc2)CC(=O)N1C,hexa_27,2541,-5.0,6,6,Circle,0.159407,0.0470258,-20.2252,8.821,7.797,1.024,0.123496,0.0426624,8.856,7.734,1.122,72,62,train,test,train,train,test,train,train,train,train,train,,train,0.5,0.38020077
2533,2020_Townsend,CC(C)C[C@@H]1NC(=O)[C@H]2CCCN2C(=O)[C@H](CC(C)C)NC(=O)[C@@H](CC(C)C)N(C)C(=O)C[C@H](Cc2ccccc2)NC(=O)[C@H](Cc2ccccc2)NC1=O,hexa_19,2533,-5.26,6,6,Circle,0.15802,0.0414034,-30.3414,9.35,8.231,1.119,0.187018,0.0424277,9.028,8.051,0.977,82,22,val,train,val,train,test,train,train,train,train,train,,val,0.3700000000000001,0.47493184
2339,2018_Naylor,CC(C)C[C@@H]1NC(=O)[C@H](Cc2ccccc2)NC(=O)[C@H]2CCCN2C(=O)[C@H](CC2CCCCC2)NC(=O)[C@H](CC2CCCCC2)NC(=O)[C@@H](C)NC1=O,1NMe3perNH-2Ala34Cha6F(45),2339,-5.34,6,6,Circle,0.140785,0.05713,-29.8145,8.553,7.23,1.323,0.156876,0.0296405,8.8,7.643,1.157,6,72,train,test,train,train,test,train,train,train,train,train,,train,0.33,0.328354
2331,2018_Naylor,CC[C@@H]1C(=O)N(C)[C@@H](CC2CCCCC2)C(=O)N[C@@H](CC2CCCCC2)C(=O)N2CCC[C@@H]2C(=O)N(C)[C@@H](Cc2ccc(O)cc2)C(=O)N[C@@H](CC(C)C)C(=O)N1C,1NMe3-2Abu34Cha6Y(37),2331,-6.67,6,6,Circle,0.14059,0.0388057,-37.0251,9.401,8.286,1.115,0.16421,0.0365702,9.351,8.349,1.002,18,86,test,train,train,train,test,train,train,train,train,train,,test,-0.3349999999999999,-0.7387779
2322,2018_Naylor,CC(C)C[C@@H]1NC(=O)[C@H](Cc2ccc(O)cc2)N(C)C(=O)[C@H]2CCCN2C(=O)[C@H](CC(C)C)NC(=O)[C@H](C)N(C)C(=O)[C@@H](C)N(C)C1=O,1NMe3-23Ala(28),2322,-5.49,6,6,Circle,0.149326,0.0449894,-32.4658,8.024,6.927,1.097,0.101897,0.0408146,8.107,7.039,1.068,27,2,test,train,train,train,test,test,train,train,train,train,,test,0.2549999999999999,0.40434754
2321,2018_Naylor,CC(C)C[C@@H]1NC(=O)[C@H](Cc2ccccc2)N(C)C(=O)[C@H]2CCCN2C(=O)[C@H](CC2CCCCC2)NC(=O)[C@H](CC2CCCCC2)N(C)C(=O)[C@@H](CC(C)C)N(C)C1=O,1NMe3-34Cha6F(27),2321,-7.85,6,6,Circle,0.147649,0.0409352,-19.7631,9.668,8.727,0.941,0.134001,0.0330397,9.915,9.04,0.875,81,8,train,val,train,train,test,train,train,train,val,val,,train,-0.9249999999999998,-0.9270255
2310,2018_Naylor,CC[C@H]1C(=O)N[C@@H](CC(C)C)C(=O)N2CCC[C@@H]2C(=O)N(C)[C@@H](Cc2ccccc2)C(=O)N[C@@H](CC(C)C)C(=O)N(C)[C@H](CC)C(=O)N1C,1NMe3-23Abu6F(16),2310,-4.98,6,6,Circle,0.135522,0.0400278,-31.4207,8.173,7.056,1.117,0.133034,0.0370932,8.052,7.07,0.982,20,87,train,train,train,train,test,val,train,train,train,train,,train,0.5099999999999998,0.3060748
2304,2018_Naylor,CC[C@@H]1C(=O)N(C)[C@@H](C)C(=O)N[C@@H](CC(C)C)C(=O)N2CCC[C@@H]2C(=O)N(C)[C@@H](C)C(=O)N[C@@H](CC(C)C)C(=O)N1C,1NMe3-2Abu36Ala(10),2304,-5.62,6,6,Circle,0.132714,0.0614523,-26.3169,7.333,6.205,1.128,0.0833372,0.0433819,7.344,6.239,1.105,70,96,train,train,val,train,test,train,train,train,train,train,-6.2,test,0.1899999999999999,0.48343122
1821,2016_Furukawa,CCCC[C@@H]1NC(=O)[C@@H](CC(C)C)NC(=O)CN(CC2CCOCC2)C(=O)[C@@H](Cc2ccccc2)NC(=O)CN(Cc2ccc3c(c2)OCO3)C(=O)[C@H]2CCCN2C1=O,2.8-18H,1821,-5.27,6,6,Circle,0.156047,0.0398267,-30.9912,8.917,7.413,1.504,0.126562,0.055753,8.815,7.344,1.471,74,88,test,train,train,train,test,val,train,train,train,train,,test,0.3650000000000002,0.24244782
1813,2016_Furukawa,CCCCCN1CC(=O)N[C@H](CC(C)C)C(=O)N[C@@H](CCCC)C(=O)N2CCC[C@@H]2C(=O)N(Cc2ccc3c(c2)OCO3)CC(=O)N[C@H](C)C1=O,2.8-10H,1813,-5.31,6,6,Circle,0.152386,0.071341,-26.9594,8.081,6.561,1.52,0.11275,0.0312041,8.136,6.595,1.541,44,25,train,train,train,test,test,train,train,val,train,train,,train,0.3450000000000002,0.12892556
1809,2016_Furukawa,CCCC[C@@H]1NC(=O)[C@@H](CC(C)C)NC(=O)CN(CC2CCCCC2)C(=O)[C@@H](C)NC(=O)CN(CCCOC(C)C)C(=O)[C@H]2CCCN2C1=O,2.8-06H,1809,-5.44,6,6,Circle,0.121332,0.0393208,-21.311,8.066,6.882,1.184,0.107122,0.0390687,8.247,7.081,1.166,14,63,val,train,train,train,test,train,train,train,train,train,,val,0.2799999999999998,0.123100914
1801,2016_Furukawa,CCCCCN1CC(=O)N(C)[C@H](CC(C)C)C(=O)N[C@@H](CCCC)C(=O)N2CCC[C@@H]2C(=O)N(Cc2ccc3c(c2)OCO3)CC(=O)N[C@H](Cc2ccccc2)C1=O,2.8-16Me,1801,-10.0,6,6,Circle,0.235863,0.0815341,-28.1868,9.159,7.848,1.311,0.171448,0.0374124,9.343,8.05,1.293,98,17,train,train,train,test,test,train,train,train,train,val,-7.03,test,-1.0,0.18211544
1791,2016_Furukawa,CCCC[C@@H]1NC(=O)[C@@H](CC(C)C)N(C)C(=O)CN(CC2CCCCC2)C(=O)[C@@H](C)NC(=O)CN(CCCOC(C)C)C(=O)[C@H]2CCCN2C1=O,2.8-06Me,1791,-5.09,6,6,Circle,0.150261,0.050172,-21.7198,8.529,7.42,1.109,0.106806,0.0338918,8.568,7.543,1.025,34,19,train,train,train,train,test,train,train,train,test,train,,train,0.455,0.44403523
1789,2016_Furukawa,CCCCCN1CC(=O)N(C)[C@H](CC(C)C)C(=O)N[C@@H](CCCC)C(=O)N2CCC[C@@H]2C(=O)N(CCCOC(C)C)CC(=O)N[C@H](C)C1=O,2.8-04Me,1789,-5.38,6,6,Circle,0.160054,0.0553024,-23.5928,8.209,7.117,1.092,0.112349,0.0357234,8.451,7.424,1.027,60,36,train,train,train,train,test,train,train,test,train,train,,train,0.31,0.12759957
1785,2016_Furukawa,CCCC[C@@H]1NC(=O)[C@@H](CC(C)C)NC(=O)CN(CC2CCOCC2)C(=O)[C@@H](Cc2ccccc2)NC(=O)CN(Cc2ccc3c(c2)OCO3)C(=O)[C@@H]2CCCN2C1=O,2.7-18H,1785,-6.0,6,6,Circle,0.208986,0.0472798,-31.2443,9.222,7.728,1.494,0.161531,0.0520488,9.349,7.796,1.553,73,62,train,train,train,train,test,train,train,val,train,train,,train,0.0,0.24234092
1783,2016_Furukawa,CCCCCN1CC(=O)N[C@H](CC(C)C)C(=O)N[C@@H](CCCC)C(=O)N2CCC[C@H]2C(=O)N(Cc2ccc3c(c2)OCO3)CC(=O)N[C@H](Cc2ccccc2)C1=O,2.7-16H,1783,-5.12,6,6,Circle,0.191192,0.0421243,-34.4445,9.137,7.831,1.306,0.232998,0.0695748,8.954,7.579,1.375,56,76,train,train,train,train,test,train,val,train,train,test,,train,0.4399999999999999,0.41047975
1745,2016_Furukawa,CCCC[C@@H]1NC(=O)[C@@H](CC(C)C)NC(=O)CN(CC2CCCCC2)C(=O)[C@H](Cc2ccccc2)NC(=O)CN(CCCOC(C)C)C(=O)[C@H]2CCCN2C1=O,2.6-14H,1745,-4.97,6,6,Circle,0.215521,0.0746391,-23.46,9.457,8.334,1.123,0.135018,0.0392654,9.57,8.454,1.116,73,52,train,train,train,train,test,train,train,train,train,train,,train,0.5150000000000001,0.27517942
1717,2016_Furukawa,CCCCCN1CC(=O)N(C)[C@H](CC(C)C)C(=O)N[C@@H](CCCC)C(=O)N2CCC[C@@H]2C(=O)N(CCCOC(C)C)CC(=O)N[C@@H](C)C1=O,2.6-04Me,1717,-4.85,6,6,Circle,0.155966,0.0514268,-17.4612,8.487,7.455,1.032,0.137755,0.0463023,8.429,7.44,0.989,21,22,val,train,train,train,test,train,train,train,train,train,,val,0.5750000000000002,0.42790854
1695,2016_Furukawa,CCCC[C@@H]1NC(=O)[C@@H](CC(C)C)N(C)C(=O)CN(CC2CCOCC2)C(=O)[C@H](Cc2ccccc2)NC(=O)CN(Cc2ccc3c(c2)OCO3)C(=O)[C@@H]2CCCN2C1=O,2.5-18Me,1695,-5.0,6,6,Circle,0.166329,0.0404393,-27.6964,9.313,8.066,1.247,0.11973,0.0466059,9.011,7.773,1.238,71,53,train,train,test,train,test,train,train,train,train,train,,train,0.5,0.4609505
1691,2016_Furukawa,CCCC[C@@H]1NC(=O)[C@@H](CC(C)C)N(C)C(=O)CN(CC2CCCCC2)C(=O)[C@H](Cc2ccccc2)NC(=O)CN(CCCOC(C)C)C(=O)[C@@H]2CCCN2C1=O,2.5-14Me,1691,-5.35,6,6,Circle,0.202222,0.0504504,-18.6614,9.775,8.745,1.03,0.140994,0.0365982,8.913,8.159,0.754,44,91,train,train,train,train,test,train,val,train,val,train,,train,0.3250000000000002,0.43942228
1689,2016_Furukawa,CCCC[C@@H]1NC(=O)[C@@H](CC(C)C)N(C)C(=O)CN(CC2CCOCC2)C(=O)[C@H](C)NC(=O)CN(Cc2ccc3c(c2)OCO3)C(=O)[C@@H]2CCCN2C1=O,2.5-12Me,1689,-5.54,6,6,Circle,0.179046,0.0415387,-29.4142,8.89,7.49,1.4,0.122854,0.0440993,8.434,7.149,1.285,75,36,train,train,train,val,test,test,train,train,train,train,,train,0.2299999999999999,-0.053459167
1686,2016_Furukawa,CCCC[C@@H]1NC(=O)[C@@H](CC(C)C)N(C)C(=O)CN(CC2CCOCC2)C(=O)[C@H](Cc2ccccc2)NC(=O)CN(CC)C(=O)[C@@H]2CCCN2C1=O,2.5-09Me,1686,-5.46,6,6,Circle,0.167682,0.050467,-21.0284,8.643,7.557,1.086,0.0977113,0.0358728,8.459,7.459,1.0,28,52,train,train,val,train,test,train,train,train,train,train,,train,0.27,0.4236793
1679,2016_Furukawa,CCCC[C@@H]1NC(=O)[C@@H](CC(C)C)N(C)C(=O)CN(CC2CCCCC2)C(=O)[C@H](C)NC(=O)CN(CC)C(=O)[C@@H]2CCCN2C1=O,2.5-02Me,1679,-5.01,6,6,Circle,0.133563,0.0537887,-17.9639,8.056,6.967,1.089,0.101725,0.0375936,7.787,6.758,1.029,60,61,test,train,train,val,test,train,val,train,train,train,,test,0.4950000000000001,0.35387003
1669,2016_Furukawa,CCCCCN1CC(=O)N[C@@H](CC(C)C)C(=O)N[C@@H](CCCC)C(=O)N2CCC[C@@H]2C(=O)N(Cc2ccc3c(c2)OCO3)CC(=O)N[C@H](C)C1=O,2.4-10H,1669,-5.67,6,6,Circle,0.208304,0.0956331,-31.9366,8.317,6.879,1.438,0.118376,0.0323997,8.811,7.115,1.696,3,14,train,train,train,train,test,train,train,train,val,train,,train,0.165,0.026514634
1660,2016_Furukawa,CCCCCN1CC(=O)N[C@@H](CC(C)C)C(=O)N[C@@H](CCCC)C(=O)N2CCC[C@@H]2C(=O)N(CC)CC(=O)N[C@H](C)C1=O,2.4-01H,1660,-6.84,6,6,Circle,0.126928,0.0541847,-26.4441,7.204,5.942,1.262,0.109425,0.0404464,7.807,6.335,1.472,26,52,val,train,train,train,test,train,val,train,train,train,,val,-0.4199999999999999,-0.25256157
1654,2016_Furukawa,CCCCCN1CC(=O)N(C)[C@@H](CC(C)C)C(=O)N[C@@H](CCCC)C(=O)N2CCC[C@@H]2C(=O)N(CCCOC(C)C)CC(=O)N[C@H](Cc2ccccc2)C1=O,2.4-13Me,1654,-5.16,6,6,Circle,0.176102,0.065025,-24.3928,8.831,7.662,1.169,0.144851,0.0341584,9.224,8.211,1.013,11,64,train,train,val,train,test,train,train,train,train,train,,train,0.4199999999999999,0.4115811
1619,2016_Furukawa,CCCC[C@@H]1NC(=O)[C@H](CC(C)C)N(C)C(=O)CN(CC2CCCCC2)C(=O)[C@@H](Cc2ccccc2)NC(=O)CN(CCCOC(C)C)C(=O)[C@@H]2CCCN2C1=O,2.3-14Me,1619,-5.1,6,6,Circle,0.18978,0.0633115,-18.7454,9.403,8.414,0.989,0.169433,0.0461761,9.04,8.113,0.927,40,55,val,train,train,train,test,train,train,train,train,train,,val,0.4500000000000002,0.4814359
1581,2016_Furukawa,CCCC[C@@H]1NC(=O)[C@H](CC(C)C)N(C)C(=O)CN(CC2CCOCC2)C(=O)[C@H](C)NC(=O)CN(Cc2ccc3c(c2)OCO3)C(=O)[C@H]2CCCN2C1=O,2.2-12Me,1418,-5.54,6,6,Circle,0.117921,0.034382,-24.8589,8.44,7.017,1.423,0.0985371,0.0293797,8.133,6.718,1.415,71,38,train,train,train,train,test,val,train,train,train,train,,train,0.2299999999999999,0.015360344
1576,2016_Furukawa,CCCC[C@@H]1NC(=O)[C@H](CC(C)C)N(C)C(=O)CN(CC2CCOCC2)C(=O)[C@H](C)NC(=O)CN(CCCOC(C)C)C(=O)[C@H]2CCCN2C1=O,2.2-07Me,1258,-6.19,6,6,Circle,0.127102,0.0499653,-23.0841,8.251,7.031,1.22,0.12022,0.041744,8.243,7.056,1.187,95,87,test,train,train,train,test,train,train,train,train,train,,test,-0.0950000000000002,-0.23204142
1570,2016_Furukawa,CCCCCN1CC(=O)N(C)[C@@H](CC(C)C)C(=O)N[C@@H](CCCC)C(=O)N2CCC[C@@H]2C(=O)N(CC)CC(=O)N[C@@H](C)C1=O,2.2-01Me,1135,-5.4,6,6,Circle,0.135029,0.0534357,-16.3872,7.692,6.548,1.144,0.102216,0.0380935,7.634,6.522,1.112,46,28,test,test,val,train,test,train,train,train,test,train,,test,0.2999999999999998,0.24751613
1569,2016_Furukawa,CCCC[C@@H]1NC(=O)[C@H](CC(C)C)NC(=O)CN(CC2CCOCC2)C(=O)[C@H](Cc2ccccc2)NC(=O)CN(Cc2ccc3c(c2)OCO3)C(=O)[C@@H]2CCCN2C1=O,2.1-18H,1569,-5.34,6,6,Circle,0.161978,0.04335,-29.3462,8.93,7.614,1.316,0.155101,0.0322353,9.268,7.835,1.433,76,88,train,train,train,test,test,train,train,val,test,train,,train,0.33,0.21166861
1545,2016_Furukawa,CCCC[C@@H]1NC(=O)[C@H](CC(C)C)N(C)C(=O)CN(CC2CCOCC2)C(=O)[C@H](C)NC(=O)CN(Cc2ccc3c(c2)OCO3)C(=O)[C@@H]2CCCN2C1=O,2.1-12Me,1545,-5.93,6,6,Circle,0.238863,0.0678347,-28.797,8.541,7.111,1.43,0.195913,0.0560624,8.782,7.321,1.461,60,22,train,train,val,train,test,test,train,train,train,train,,train,0.0350000000000001,-0.034293287
1542,2016_Furukawa,CCCC[C@@H]1NC(=O)[C@H](CC(C)C)N(C)C(=O)CN(CC2CCOCC2)C(=O)[C@H](Cc2ccccc2)NC(=O)CN(CC)C(=O)[C@@H]2CCCN2C1=O,2.1-09Me,1542,-5.47,6,6,Circle,0.174775,0.0604706,-22.6222,8.61,7.454,1.156,0.129443,0.0498865,8.379,7.188,1.191,3,64,train,train,train,val,test,test,test,train,train,train,,train,0.2650000000000001,0.3364116
1525,2016_Furukawa,CCCC[C@@H]1NC(=O)[C@H](CC(C)C)N(C)C(=O)CN(CCCN2CCCC2=O)C(=O)[C@H](Cc2ccccc2)NC(=O)CN(Cc2ccccc2Cn2cccn2)C(=O)[C@H]2CCCN2C1=O,1.10-32,1525,-6.01,6,6,Circle,0.223016,0.0476136,-31.969,10.069,8.679,1.39,0.202382,0.0485631,9.472,8.369,1.103,59,48,train,train,train,train,test,train,train,train,train,train,,train,-0.0049999999999998,-0.019646844
1521,2016_Furukawa,CCCC[C@@H]1NC(=O)[C@H](CC(C)C)N(C)C(=O)CN(CCCc2ccccc2)C(=O)[C@H](Cc2ccccc2)NC(=O)CN(Cc2ccccc2Cn2cccn2)C(=O)[C@H]2CCCN2C1=O,1.10-28,1521,-10.0,6,6,Circle,0.219046,0.057501,-26.8712,9.913,8.853,1.06,0.202448,0.0442135,10.368,9.23,1.138,3,87,train,train,val,train,test,train,train,test,train,train,-7.99,test,-1.0,-0.41803882
1515,2016_Furukawa,CCCC[C@@H]1NC(=O)[C@H](CC(C)C)N(C)C(=O)CN(Cc2ccccc2)C(=O)[C@H](Cc2ccccc2)NC(=O)CN(Cc2ccccc2Cn2cccn2)C(=O)[C@H]2CCCN2C1=O,1.10-22,1515,-6.46,6,6,Circle,0.24922,0.0634134,-28.3418,9.893,8.776,1.117,0.20883,0.0499562,9.797,8.719,1.078,26,20,train,test,train,train,test,train,val,train,train,train,,train,-0.2299999999999999,-0.100541644
1487,2016_Furukawa,CCCC[C@@H]1NC(=O)[C@H](CC(C)C)N(C)C(=O)CN(CC2CCCCC2)C(=O)[C@H](Cc2ccc3ccccc3c2)NC(=O)CN(Cc2cc(CC(C)C)on2)C(=O)[C@H]2CCCN2C1=O,1.9-34,1487,-10.0,6,6,Circle,0.240988,0.0448326,-19.6662,10.065,8.784,1.281,0.115805,0.0403794,9.572,8.393,1.179,27,19,train,train,val,train,test,val,train,train,train,train,,train,-1.0,-0.98291916
1479,2016_Furukawa,CCCC[C@@H]1NC(=O)[C@H](CC(C)C)N(C)C(=O)CN(CCc2cccnc2)C(=O)[C@H](Cc2ccccc2)NC(=O)CN(Cc2cc(CC(C)C)on2)C(=O)[C@H]2CCCN2C1=O,1.9-26,1479,-5.57,6,6,Circle,0.217849,0.0540782,-25.4447,9.663,8.329,1.334,0.159399,0.0412634,9.426,8.157,1.269,66,7,train,train,val,val,test,val,train,train,train,train,,train,0.2149999999999998,0.13073659
1477,2016_Furukawa,CCCC[C@@H]1NC(=O)[C@H](CC(C)C)N(C)C(=O)CN(CC2CCCCC2)C(=O)[C@H](Cc2ccccc2)NC(=O)CN(Cc2cc(CC(C)C)on2)C(=O)[C@H]2CCCN2C1=O,1.9-24,1477,-7.35,6,6,Circle,0.203315,0.0466326,-19.4687,9.845,8.54,1.305,0.162259,0.0417781,9.359,8.152,1.207,38,23,test,train,train,train,test,train,train,train,train,train,,test,-0.6749999999999998,-0.47855508
1472,2016_Furukawa,CCCC[C@@H]1NC(=O)[C@H](CC(C)C)N(C)C(=O)CN(CCCc2ccccc2)C(=O)[C@H](CC(C)C)NC(=O)CN(Cc2cc(CC(C)C)on2)C(=O)[C@H]2CCCN2C1=O,1.9-19,1472,-6.97,6,6,Circle,0.226059,0.0544779,-21.5257,9.527,8.218,1.309,0.179022,0.0453694,9.314,8.124,1.19,33,34,train,train,train,train,test,train,train,train,val,train,,train,-0.4849999999999999,-0.37182528
1462,2016_Furukawa,CCCC[C@@H]1NC(=O)[C@H](CC(C)C)N(C)C(=O)CN(CCCc2ccccc2)C(=O)[C@H](C)NC(=O)CN(Cc2cc(CC(C)C)on2)C(=O)[C@H]2CCCN2C1=O,1.9-09,1462,-5.32,6,6,Circle,0.25342,0.056155,-23.3553,9.479,8.049,1.43,0.163731,0.0414803,8.792,7.541,1.251,63,82,train,train,train,val,test,val,train,test,train,train,,train,0.3399999999999998,0.21563417
1457,2016_Furukawa,CCCC[C@@H]1NC(=O)[C@H](CC(C)C)N(C)C(=O)CN(CC2CCCCC2)C(=O)[C@H](C)NC(=O)CN(Cc2cc(CC(C)C)on2)C(=O)[C@H]2CCCN2C1=O,1.9-04,1457,-5.39,6,6,Circle,0.214667,0.0429127,-20.3432,9.244,7.777,1.467,0.120843,0.0409895,8.714,7.398,1.316,100,95,train,train,val,train,test,train,train,train,train,train,,train,0.3050000000000001,0.22400501
1448,2016_Furukawa,CCCC[C@@H]1NC(=O)[C@H](CC(C)C)N(C)C(=O)CN(CC2CCOCC2)C(=O)[C@H](Cc2ccc3ccccc3c2)NC(=O)CN(Cc2ccc3c(c2)OCO3)C(=O)[C@H]2CCCN2C1=O,1.8-35,1448,-7.16,6,6,Circle,0.186934,0.0424344,-25.3754,9.576,8.235,1.341,0.14009,0.0414798,9.854,8.535,1.319,14,55,test,train,train,train,test,train,train,train,train,train,,test,-0.5800000000000001,-0.66783345
1444,2016_Furukawa,CCCC[C@@H]1NC(=O)[C@H](CC(C)C)N(C)C(=O)CN(CCCc2cnn(C)c2)C(=O)[C@H](Cc2ccccc2)NC(=O)CN(Cc2ccc3c(c2)OCO3)C(=O)[C@H]2CCCN2C1=O,1.8-31,1444,-5.73,6,6,Circle,0.14936,0.0435597,-26.393,9.22,8.044,1.176,0.179978,0.0394108,9.163,7.969,1.194,75,27,train,train,train,train,test,train,test,train,train,train,,train,0.1349999999999998,0.16393715
1443,2016_Furukawa,CCCCCN1CC(=O)N(C)[C@@H](CC(C)C)C(=O)N[C@@H](CCCC)C(=O)N2CCC[C@@H]2C(=O)N(Cc2ccc3c(c2)OCO3)CC(=O)N[C@@H](Cc2ccc3ccccc3c2)C1=O,1.8-30,1443,-8.89,6,6,Circle,0.217858,0.0438963,-23.3804,9.685,8.469,1.216,0.159943,0.0428699,9.623,8.388,1.235,79,35,train,train,train,val,test,train,train,train,train,train,,train,-1.0,-0.9340545
1427,2016_Furukawa,CCCC[C@@H]1NC(=O)[C@H](CC(C)C)N(C)C(=O)CN(CCOC)C(=O)[C@H](Cc2ccccc2)NC(=O)CN(Cc2ccc3c(c2)OCO3)C(=O)[C@H]2CCCN2C1=O,1.8-14,1427,-5.36,6,6,Circle,0.209217,0.0574537,-29.4542,9.186,7.799,1.387,0.174006,0.046095,8.846,7.579,1.267,90,23,train,train,val,train,test,train,val,train,train,train,,train,0.3199999999999998,0.28518826
1426,2016_Furukawa,CCCC[C@@H]1NC(=O)[C@H](CC(C)C)N(C)C(=O)CN(Cc2ccccc2)C(=O)[C@H](CC(C)C)NC(=O)CN(Cc2ccc3c(c2)OCO3)C(=O)[C@H]2CCCN2C1=O,1.8-13,1426,-6.67,6,6,Circle,0.213355,0.0623006,-26.5839,9.22,7.889,1.331,0.142966,0.0384702,8.71,7.546,1.164,95,5,train,train,test,test,test,val,train,train,train,train,,train,-0.3349999999999999,-0.5880902
1411,2016_Furukawa,CCCC[C@@H]1NC(=O)[C@H](CC(C)C)N(C)C(=O)CN(CCOc2ccccc2)C(=O)[C@H](Cc2ccc3ccccc3c2)NC(=O)CN(CCCCc2ccccc2)C(=O)[C@H]2CCCN2C1=O,1.7-38,1411,-7.95,6,6,Circle,0.221317,0.0431324,-25.0097,10.582,9.445,1.137,0.198077,0.0388144,10.308,9.358,0.95,76,43,train,train,train,train,test,train,train,train,train,train,,train,-0.975,-0.99139714
1407,2016_Furukawa,CCCC[C@@H]1NC(=O)[C@H](CC(C)C)N(C)C(=O)CN(CC2CCCCC2)C(=O)[C@H](Cc2ccc3ccccc3c2)NC(=O)CN(CCCCc2ccccc2)C(=O)[C@H]2CCCN2C1=O,1.7-34,1407,-8.84,6,6,Circle,0.204964,0.0393234,-19.3461,10.127,9.073,1.054,0.152257,0.0427253,9.792,8.899,0.893,57,83,train,val,train,train,test,train,train,train,test,train,,train,-1.0,-0.9881997
1387,2016_Furukawa,CCCC[C@@H]1NC(=O)[C@H](CC(C)C)N(C)C(=O)CN(CCOC)C(=O)[C@H](Cc2ccccc2)NC(=O)CN(CCCCc2ccccc2)C(=O)[C@H]2CCCN2C1=O,1.7-14,1387,-6.3,6,6,Circle,0.210957,0.0448635,-23.3436,9.729,8.573,1.156,0.169369,0.0400292,9.43,8.415,1.015,47,63,val,train,train,train,test,test,train,val,train,test,,val,-0.1499999999999999,0.043664757
1379,2016_Furukawa,CCCC[C@@H]1NC(=O)[C@H](CC(C)C)N(C)C(=O)CN(CCOC)C(=O)[C@H](CC(C)C)NC(=O)CN(CCCCc2ccccc2)C(=O)[C@H]2CCCN2C1=O,1.7-06,1379,-5.75,6,6,Circle,0.19101,0.0571831,-19.1697,9.102,8.047,1.055,0.161327,0.0381072,8.972,7.985,0.987,22,32,train,train,train,train,test,test,train,train,train,train,,train,0.125,0.26517338
1362,2016_Furukawa,CCCC[C@@H]1NC(=O)[C@H](CC(C)C)N(C)C(=O)CN(CCOc2ccccc2)C(=O)[C@H](Cc2ccccc2)NC(=O)CN(Cc2ccc(Cl)cc2)C(=O)[C@H]2CCCN2C1=O,1.6-29,1362,-8.36,6,6,Circle,0.219652,0.0601708,-22.7685,9.566,8.559,1.007,0.203956,0.0484891,9.666,8.64,1.026,99,4,test,train,train,train,test,test,train,train,train,val,,test,-1.0,-0.97696936
1361,2016_Furukawa,CCCC[C@@H]1NC(=O)[C@H](CC(C)C)N(C)C(=O)CN(CCCc2ccccc2)C(=O)[C@H](Cc2ccccc2)NC(=O)CN(Cc2ccc(Cl)cc2)C(=O)[C@H]2CCCN2C1=O,1.6-28,1361,-8.47,6,6,Circle,0.198493,0.0521916,-21.3978,9.414,8.416,0.998,0.235723,0.0482275,9.555,8.569,0.986,100,70,train,train,train,train,test,train,train,train,test,train,,train,-1.0,-0.97063684
1351,2016_Furukawa,CCCC[C@@H]1NC(=O)[C@H](CC(C)C)N(C)C(=O)CN(CCc2cccnc2)C(=O)[C@H](CC(C)C)NC(=O)CN(Cc2ccc(Cl)cc2)C(=O)[C@H]2CCCN2C1=O,1.6-18,1351,-5.36,6,6,Circle,0.203568,0.0520501,-22.6407,9.22,8.079,1.141,0.205246,0.0485686,9.125,8.023,1.102,41,15,train,train,train,train,test,train,train,train,val,train,,train,0.3199999999999998,0.25539166
1327,2016_Furukawa,CCCC[C@@H]1NC(=O)[C@H](CC(C)C)N(C)C(=O)CN(CC2CCCCC2)C(=O)[C@H](Cc2ccc3ccccc3c2)NC(=O)CN(CCN2CCOCC2)C(=O)[C@H]2CCCN2C1=O,1.5-34,1327,-6.42,6,6,Circle,0.129984,0.0426177,-25.4565,9.987,8.73,1.257,0.148339,0.0415615,9.627,8.547,1.08,8,49,val,test,val,train,test,train,train,val,train,test,,val,-0.2099999999999999,-0.061234776
1315,2016_Furukawa,CCCC[C@@H]1NC(=O)[C@H](CC(C)C)N(C)C(=O)CN(Cc2ccccc2)C(=O)[C@H](Cc2ccccc2)NC(=O)CN(CCN2CCOCC2)C(=O)[C@H]2CCCN2C1=O,1.5-22,1315,-5.42,6,6,Circle,0.188109,0.055298,-26.2775,9.482,8.316,1.166,0.159377,0.044355,9.254,8.215,1.039,32,76,test,val,train,test,test,val,train,train,train,train,,test,0.29,0.17042544
1312,2016_Furukawa,CCCC[C@@H]1NC(=O)[C@H](CC(C)C)N(C)C(=O)CN(CCCc2ccccc2)C(=O)[C@H](CC(C)C)NC(=O)CN(CCN2CCOCC2)C(=O)[C@H]2CCCN2C1=O,1.5-19,1312,-5.31,6,6,Circle,0.187062,0.0529399,-24.4831,9.53,8.357,1.173,0.1469,0.0360684,9.222,8.186,1.036,6,99,train,train,train,train,test,train,train,test,train,train,,train,0.3450000000000002,0.32955045
1305,2016_Furukawa,CCCC[C@@H]1NC(=O)[C@H](CC(C)C)N(C)C(=O)CN(CCCN2CCCC2=O)C(=O)[C@H](C)NC(=O)CN(CCN2CCOCC2)C(=O)[C@H]2CCCN2C1=O,1.5-12,1305,-9.0,6,6,Circle,0.176287,0.0464475,-32.3228,9.175,7.599,1.576,0.120736,0.043637,8.565,7.278,1.287,14,99,train,train,val,train,test,train,train,test,train,val,,train,-1.0,-1.2759227
1293,2016_Furukawa,CCCC[C@@H]1NC(=O)[C@H](CC(C)C)N(C)C(=O)CN(CCCN2CCCC2=O)C(=O)[C@H](Cc2ccc3ccccc3c2)NC(=O)CN(CCCOC(C)C)C(=O)[C@H]2CCCN2C1=O,1.4-40,1293,-5.82,6,6,Circle,0.186477,0.0420666,-28.0589,10.235,8.838,1.397,0.142944,0.0398394,9.555,8.456,1.099,78,45,train,train,train,train,test,train,train,train,train,train,,train,0.0899999999999998,0.16561213
1268,2016_Furukawa,CCCC[C@@H]1NC(=O)[C@H](CC(C)C)N(C)C(=O)CN(CC2CCCCC2)C(=O)[C@H](CC(C)C)NC(=O)CN(CCCOC(C)C)C(=O)[C@H]2CCCN2C1=O,1.4-15,1268,-5.76,6,6,Circle,0.142521,0.0415666,-18.8546,9.707,8.516,1.191,0.144904,0.03915,8.997,8.049,0.948,74,92,train,train,test,train,test,train,test,train,train,train,,train,0.1200000000000001,0.25314718
1267,2016_Furukawa,CCCC[C@@H]1NC(=O)[C@H](CC(C)C)N(C)C(=O)CN(CCOC)C(=O)[C@H](Cc2ccccc2)NC(=O)CN(CCCOC(C)C)C(=O)[C@H]2CCCN2C1=O,1.4-14,1267,-5.08,6,6,Circle,0.180571,0.0513274,-22.7908,9.404,8.223,1.181,0.175092,0.0402216,9.02,7.966,1.054,86,77,train,val,test,train,test,train,train,train,train,train,,train,0.4599999999999999,0.4766415
1256,2016_Furukawa,CCCC[C@@H]1NC(=O)[C@H](CC(C)C)N(C)C(=O)CN(Cc2ccccc2)C(=O)[C@H](C)NC(=O)CN(CCCOC(C)C)C(=O)[C@H]2CCCN2C1=O,1.4-03,1256,-4.97,6,6,Circle,0.170683,0.0561734,-23.298,8.859,7.668,1.191,0.161588,0.0373844,8.445,7.391,1.054,21,28,train,train,train,train,test,train,train,test,train,train,,train,0.5150000000000001,0.52116686
1254,2016_Furukawa,CCCC[C@@H]1NC(=O)[C@H](CC(C)C)N(C)C(=O)CN(CCOC)C(=O)[C@H](C)NC(=O)CN(CCCOC(C)C)C(=O)[C@H]2CCCN2C1=O,1.4-01,1254,-6.32,6,6,Circle,0.160684,0.0612838,-26.1037,8.725,7.352,1.373,0.156796,0.0391322,8.612,7.327,1.285,31,57,test,val,train,train,test,val,train,train,val,train,,test,-0.1600000000000001,-0.23326844
1252,2016_Furukawa,CCCC[C@@H]1NC(=O)[C@H](CC(C)C)N(C)C(=O)CN(CCCc2cnn(C)c2)C(=O)[C@H](Cc2ccc3ccccc3c2)NC(=O)CN(CC(C)C)C(=O)[C@H]2CCCN2C1=O,1.3-39,1252,-5.65,6,6,Circle,0.193751,0.0489158,-23.1018,9.735,8.5,1.235,0.154858,0.0442828,9.44,8.324,1.116,95,76,train,val,train,test,test,train,train,train,train,train,,train,0.1749999999999998,0.12941763
1248,2016_Furukawa,CCCC[C@@H]1NC(=O)[C@H](CC(C)C)N(C)C(=O)CN(CC2CCOCC2)C(=O)[C@H](Cc2ccc3ccccc3c2)NC(=O)CN(CC(C)C)C(=O)[C@H]2CCCN2C1=O,1.3-35,1248,-5.53,6,6,Circle,0.153414,0.0399786,-21.1328,9.264,8.066,1.198,0.103407,0.0368238,9.364,8.123,1.241,4,8,train,val,train,train,test,train,train,test,train,val,,train,0.2349999999999998,0.26332325
1246,2016_Furukawa,CCCC[C@@H]1NC(=O)[C@H](CC(C)C)N(C)C(=O)CN(Cc2ccccc2)C(=O)[C@H](Cc2ccc3ccccc3c2)NC(=O)CN(CC(C)C)C(=O)[C@H]2CCCN2C1=O,1.3-33,1246,-7.78,6,6,Circle,0.121466,0.0391528,-20.1006,9.255,8.256,0.999,0.168089,0.0446476,9.198,8.186,1.012,31,2,train,train,test,test,test,train,test,train,train,train,,train,-0.8900000000000001,-0.78140855
1238,2016_Furukawa,CCCC[C@@H]1NC(=O)[C@H](CC(C)C)N(C)C(=O)CN(CC2CCOCC2)C(=O)[C@H](Cc2ccccc2)NC(=O)CN(CC(C)C)C(=O)[C@H]2CCCN2C1=O,1.3-25,1238,-5.07,6,6,Circle,0.130799,0.0384688,-20.1391,9.173,7.951,1.222,0.145382,0.0419762,9.044,7.827,1.217,6,34,train,train,train,train,test,train,train,train,train,test,,train,0.4649999999999998,0.47917783
1232,2016_Furukawa,CCCC[C@@H]1NC(=O)[C@H](CC(C)C)N(C)C(=O)CN(CCCc2ccccc2)C(=O)[C@H](CC(C)C)NC(=O)CN(CC(C)C)C(=O)[C@H]2CCCN2C1=O,1.3-19,1232,-6.02,6,6,Circle,0.17637,0.0576635,-20.6802,9.146,7.999,1.147,0.156164,0.0379904,8.817,7.88,0.937,4,34,val,train,train,train,test,train,train,train,train,train,,val,-0.0099999999999997,-0.015682295
1214,2016_Furukawa,CCCC[C@@H]1NC(=O)[C@H](CC(C)C)N(C)C(=O)CN(CCOC)C(=O)[C@H](C)NC(=O)CN(CC(C)C)C(=O)[C@H]2CCCN2C1=O,1.3-01,1214,-6.08,6,6,Circle,0.11258,0.0515876,-24.2308,7.952,6.596,1.356,0.101927,0.0380437,8.035,6.765,1.27,66,96,train,train,val,train,test,train,val,test,train,train,,train,-0.04,-0.16091049
1195,2016_Furukawa,CCCC[C@@H]1NC(=O)[C@H](CC(C)C)N(C)C(=O)CN(Cc2ccccc2)C(=O)[C@H](Cc2ccccc2)NC(=O)CN(CCC)C(=O)[C@H]2CCCN2C1=O,1.2-22,1195,-5.63,6,6,Circle,0.183205,0.0562551,-21.0044,8.797,7.72,1.077,0.168872,0.0397182,8.573,7.571,1.002,63,98,train,train,train,train,test,train,train,train,train,train,,train,0.185,0.17822984
1186,2016_Furukawa,CCCC[C@@H]1NC(=O)[C@H](CC(C)C)N(C)C(=O)CN(Cc2ccccc2)C(=O)[C@H](CC(C)C)NC(=O)CN(CCC)C(=O)[C@H]2CCCN2C1=O,1.2-13,1186,-5.2,6,6,Circle,0.157068,0.0579528,-20.4179,8.401,7.334,1.067,0.137075,0.0401122,8.314,7.322,0.992,76,99,val,train,train,train,test,train,train,val,train,train,,val,0.3999999999999999,0.28474128
1180,2016_Furukawa,CCCC[C@@H]1NC(=O)[C@H](CC(C)C)N(C)C(=O)CN(CCc2cccnc2)C(=O)[C@H](C)NC(=O)CN(CCC)C(=O)[C@H]2CCCN2C1=O,1.2-07,1180,-6.94,6,6,Circle,0.150882,0.0591648,-23.9935,7.996,6.831,1.165,0.104041,0.0329337,7.824,6.725,1.099,74,45,train,train,train,train,test,train,train,train,train,train,,train,-0.4700000000000002,-0.48047015
1178,2016_Furukawa,CCCC[C@@H]1NC(=O)[C@H](CC(C)C)N(C)C(=O)CN(CC2CCOCC2)C(=O)[C@H](C)NC(=O)CN(CCC)C(=O)[C@H]2CCCN2C1=O,1.2-05,1178,-6.69,6,6,Circle,0.126251,0.0501975,-21.4433,8.132,6.85,1.282,0.0990007,0.0419986,8.153,6.874,1.279,90,19,train,train,train,train,test,train,train,train,train,train,,train,-0.3450000000000002,-0.27831125
1172,2016_Furukawa,CCCC[C@@H]1NC(=O)[C@H](CC(C)C)N(C)C(=O)CN(CCCc2cnn(C)c2)C(=O)[C@H](Cc2ccc3ccccc3c2)NC(=O)CN(CC)C(=O)[C@H]2CCCN2C1=O,1.1-39,1172,-5.47,6,6,Circle,0.212731,0.0467488,-23.8812,9.262,8.081,1.181,0.189753,0.0423628,9.062,7.952,1.11,27,34,train,train,train,test,test,train,train,train,train,train,,train,0.2650000000000001,0.29511362
1158,2016_Furukawa,CCCC[C@@H]1NC(=O)[C@H](CC(C)C)N(C)C(=O)CN(CC2CCOCC2)C(=O)[C@H](Cc2ccccc2)NC(=O)CN(CC)C(=O)[C@H]2CCCN2C1=O,1.1-25,1158,-5.5,6,6,Circle,0.134848,0.041105,-21.5022,8.779,7.57,1.209,0.120146,0.0425131,8.539,7.414,1.125,32,63,train,train,train,val,test,train,train,train,train,train,,train,0.25,0.40222526
1157,2016_Furukawa,CCCC[C@@H]1NC(=O)[C@H](CC(C)C)N(C)C(=O)CN(CC2CCCCC2)C(=O)[C@H](Cc2ccccc2)NC(=O)CN(CC)C(=O)[C@H]2CCCN2C1=O,1.1-24,1157,-5.54,6,6,Circle,0.112556,0.038019,-17.1862,8.829,7.764,1.065,0.129572,0.0402549,8.626,7.532,1.094,18,59,train,train,train,test,test,train,train,train,train,train,,train,0.2299999999999999,0.3145159
1148,2016_Furukawa,CCCC[C@@H]1NC(=O)[C@H](CC(C)C)N(C)C(=O)CN(CC2CCCCC2)C(=O)[C@H](CC(C)C)NC(=O)CN(CC)C(=O)[C@H]2CCCN2C1=O,1.1-15,1148,-5.17,6,6,Circle,0.111133,0.0419997,-17.1538,8.588,7.459,1.129,0.114814,0.044254,8.49,7.385,1.105,97,53,train,train,train,train,test,train,val,train,train,train,,train,0.415,0.5331983
1147,2016_Furukawa,CCCC[C@@H]1NC(=O)[C@H](CC(C)C)N(C)C(=O)CN(CCOC)C(=O)[C@H](Cc2ccccc2)NC(=O)CN(CC)C(=O)[C@H]2CCCN2C1=O,1.1-14,1147,-5.4,6,6,Circle,0.139574,0.0460418,-21.3838,8.38,7.245,1.135,0.152999,0.0462968,8.242,7.004,1.238,97,43,train,train,train,train,test,val,train,train,train,train,,train,0.2999999999999998,0.39050585
1137,2016_Furukawa,CCCC[C@@H]1NC(=O)[C@H](CC(C)C)N(C)C(=O)CN(CC2CCCCC2)C(=O)[C@H](C)NC(=O)CN(CC)C(=O)[C@H]2CCCN2C1=O,1.1-04,1137,-5.04,6,6,Circle,0.102515,0.0410656,-18.3066,8.132,6.932,1.2,0.0974217,0.0399276,8.041,6.858,1.183,51,99,train,train,train,train,test,val,train,train,train,train,,train,0.48,0.44812125
1135,2016_Furukawa,CCCCCN1CC(=O)N(C)[C@@H](CC(C)C)C(=O)N[C@@H](CCCC)C(=O)N2CCC[C@@H]2C(=O)N(CC)CC(=O)N[C@@H](C)C1=O,1.1-02,1135,-5.32,6,6,Circle,0.141167,0.0587457,-18.6669,7.935,6.716,1.219,0.106318,0.0363796,7.813,6.684,1.129,38,43,train,train,train,train,test,train,train,train,train,train,,train,0.3399999999999998,0.24751613
1097,2015_Wang,CC[C@H](C)[C@@H]1NC(=O)[C@H](C(C)C)NC(=O)[C@H](CC(C)C)NC(=O)CNC(=O)[C@@H]2CCCN2C(=O)[C@H](Cc2ccc(O)cc2)NC1=O,Compound.53,1097,-10.0,6,6,Circle,0.121197,0.0358657,-33.6441,7.499,6.065,1.434,0.0955709,0.029791,7.344,6.175,1.169,49,33,test,train,train,train,test,train,test,train,train,train,-8.0,test,-1.0,-0.7693341
1090,2015_Wang,CC(C)C[C@H]1C(=O)N2CCC[C@H]2C(=O)N[C@@H](Cc2ccc(O)cc2)C(=O)N(C)[C@H](C)C(=O)N(C)CC(=O)N[C@@H](Cc2ccccc2)C(=O)N1C,Compound.46,1090,-10.0,6,6,Circle,0.152026,0.0426173,-33.5101,7.671,6.411,1.26,0.134062,0.037721,8.039,6.81,1.229,40,47,train,val,train,train,test,train,train,train,train,val,-8.0,test,-1.0,-0.27073276
1088,2015_Wang,CC(C)C[C@H]1NC(=O)[C@@H](Cc2ccccc2)NC(=O)CN(C)C(=O)[C@H](C)N(C)C(=O)[C@H](Cc2ccc(O)cc2)NC(=O)[C@@H]2CCCN2C1=O,Compound.44,1088,-7.52,6,6,Circle,0.236992,0.0976238,-43.5462,7.815,6.481,1.334,0.186849,0.059719,7.475,6.092,1.383,31,66,train,train,test,train,test,train,train,test,train,train,,train,-0.7599999999999998,-0.6935973
1060,2015_Wang,CC(C)C[C@@H]1NC(=O)[C@@H](CC(C)C)N(C)C(=O)[C@@H](CC(C)C)N(C)C(=O)[C@H](Cc2ccc(O)cc2)NC(=O)[C@@H]2CCCN2C(=O)[C@@H](CC(C)C)N(C)C1=O,Compound.16,1060,-7.0,6,6,Circle,0.21803,0.0787793,-26.1968,9.115,7.925,1.19,0.249703,0.0840264,8.945,7.751,1.194,8,16,val,train,val,train,test,val,train,train,train,train,-7.95,test,-0.5,0.18725607
