CycPeptMPDB_ID,Source,SMILES,Original_Name_in_Source_Literature,Structurally_Unique_ID,PAMPA,Monomer_Length,Monomer_Length_in_Main_Chain,Molecule_Shape,Water_avgRMSD_All,Water_avgRMSD_BackBone,Desolvation_Free_Energy,Water_3D_SASA,Water_3D_NPSA,Water_3D_PSA,Hexane_avgRMSD_All,Hexane_avgRMSD_BackBone,Hexane_3D_SASA,Hexane_3D_NPSA,Hexane_3D_PSA,Water_RepFrame,Hexane_RepFrame,split_0,split_1,split_2,split_3,split_4,split_5,split_6,split_7,split_8,split_9,PAMPA_WuXi,split_wuxi,Normalized_PAMPA,Pred_3
7066,2021_Kelly,CC(=O)N[C@@H]1C(=O)N2CCC[C@H]2C(=O)N(C)[C@H](CC(C)C)C(=O)N(C)[C@H](CC(C)C)C(=O)N(C)[C@H](CC(C)C)C(=O)N(C)[C@H](CC(C)C)C(=O)N(C)[C@@H](C)C(=O)N[C@@H](CC(C)C)C(=O)N2CCC[C@@H]2C(=O)O[C@@H]1C,L4_4.4.4.3.1,7066,-5.4,10,9,Lariat,0.125209,0.0716574,-29.2808,11.299,9.801,1.498,0.109254,0.0710536,11.558,10.116,1.442,12,84,train,train,train,test,test,train,test,train,train,val,,train,0.2999999999999998,0.21444915
7049,2021_Kelly,CC(=O)N[C@@H]1C(=O)N2CCC[C@H]2C(=O)N(C)[C@H](CC(C)C)C(=O)N(C)[C@@H](CC(C)C)C(=O)N(C)[C@H](CC(C)C)C(=O)N(C)[C@@H](CC(C)C)C(=O)N(C)[C@@H](C)C(=O)N[C@@H](CC(C)C)C(=O)N2CCC[C@@H]2C(=O)O[C@@H]1C,L4_3.4.3.3.1,7049,-5.54,10,9,Lariat,0.133364,0.0734439,-24.9046,11.859,10.011,1.848,0.105527,0.0546771,11.728,10.032,1.696,51,94,train,train,train,test,train,train,train,train,train,train,,train,0.2299999999999999,0.34937966
7042,2021_Kelly,CC(=O)N[C@@H]1C(=O)N2CCC[C@H]2C(=O)N(C)[C@H](CC(C)C)C(=O)N(C)[C@@H](CC(C)C)C(=O)N[C@H](CC(C)C)C(=O)N(C)[C@H](CC(C)C)C(=O)N[C@H](C)C(=O)N[C@@H](CC(C)C)C(=O)N2CCC[C@@H]2C(=O)O[C@@H]1C,L4_3.2.4.2.1,7042,-5.34,10,9,Lariat,0.106641,0.0492214,-23.7851,10.887,9.424,1.463,0.109768,0.049832,10.707,9.6,1.107,99,22,train,train,train,test,train,train,train,train,train,train,,train,0.33,0.088396184
7038,2021_Kelly,CC(=O)N[C@@H]1C(=O)N2CCC[C@H]2C(=O)N(C)[C@H](CC(C)C)C(=O)N(C)[C@@H](CC(C)C)C(=O)N[C@@H](CC(C)C)C(=O)N[C@H](CC(C)C)C(=O)N(C)[C@H](C)C(=O)N[C@@H](CC(C)C)C(=O)N2CCC[C@@H]2C(=O)O[C@@H]1C,L4_3.1.2.4.1,7038,-5.88,10,9,Lariat,0.218159,0.125281,-32.8051,11.418,9.537,1.881,0.0997028,0.0500833,10.434,8.94,1.494,63,34,train,train,train,test,train,train,val,val,train,train,,train,0.06,-0.012817741
7010,2021_Kelly,CC(=O)N[C@@H]1C(=O)N2CCC[C@H]2C(=O)N(C)[C@H](CC(C)C)C(=O)N[C@H](CC(C)C)C(=O)N[C@@H](CC(C)C)C(=O)N(C)[C@@H](CC(C)C)C(=O)N[C@@H](C)C(=O)N[C@@H](CC(C)C)C(=O)N2CCC[C@@H]2C(=O)O[C@@H]1C,L4_2.1.3.1.1,7010,-6.51,10,9,Lariat,0.185751,0.121598,-33.3402,10.828,8.844,1.984,0.122084,0.0655612,11.219,9.342,1.877,91,96,train,train,train,test,train,train,train,train,train,train,,train,-0.2549999999999999,0.02525241
7003,2021_Kelly,CC(=O)N[C@@H]1C(=O)N2CCC[C@H]2C(=O)N(C)[C@H](CC(C)C)C(=O)N[C@@H](CC(C)C)C(=O)N(C)[C@H](CC(C)C)C(=O)N(C)[C@H](CC(C)C)C(=O)N[C@@H](C)C(=O)N[C@@H](CC(C)C)C(=O)N2CCC[C@@H]2C(=O)O[C@@H]1C,L4_1.4.4.1.1,7003,-5.55,10,9,Lariat,0.171731,0.100739,-33.2155,11.569,9.542,2.027,0.108265,0.063111,11.143,9.281,1.862,74,71,train,train,train,test,val,train,train,train,train,train,,train,0.2250000000000001,0.1058361
7000,2021_Kelly,CC(=O)N[C@@H]1C(=O)N2CCC[C@H]2C(=O)N(C)[C@H](CC(C)C)C(=O)N[C@@H](CC(C)C)C(=O)N(C)[C@@H](CC(C)C)C(=O)N(C)[C@@H](CC(C)C)C(=O)N(C)[C@H](C)C(=O)N[C@@H](CC(C)C)C(=O)N2CCC[C@@H]2C(=O)O[C@@H]1C,L4_1.3.3.4.1,7000,-5.47,10,9,Lariat,0.141631,0.085363,-31.2061,12.014,10.227,1.787,0.114087,0.0700508,11.737,10.145,1.592,84,55,train,train,test,test,train,test,train,test,train,train,,train,0.2650000000000001,0.5602627
6989,2021_Kelly,CC(=O)N[C@@H]1C(=O)N2CCC[C@H]2C(=O)N(C)[C@H](CC(C)C)C(=O)N[C@@H](CC(C)C)C(=O)N[C@@H](CC(C)C)C(=O)N(C)[C@H](CC(C)C)C(=O)N[C@@H](C)C(=O)N[C@@H](CC(C)C)C(=O)N2CCC[C@@H]2C(=O)O[C@@H]1C,L4_1.1.4.1.1,6989,-6.5,10,9,Lariat,0.153147,0.0871032,-33.3715,11.143,9.223,1.92,0.123946,0.0633163,10.468,8.844,1.624,54,35,train,train,val,test,train,train,val,train,train,train,,train,-0.25,-0.09663295
6983,2021_Kelly,CC(=O)N[C@@H]1C(=O)N2CCC[C@H]2C(=O)N(C)[C@H](CC(C)C)C(=O)N[C@@H](CC(C)C)C(=O)N[C@@H](CC(C)C)C(=O)N[C@@H](CC(C)C)C(=O)N[C@H](C)C(=O)N[C@@H](CC(C)C)C(=O)N2CCC[C@@H]2C(=O)O[C@@H]1C,L4_1.1.1.2.1,6983,-7.16,10,9,Lariat,0.240569,0.133909,-34.7358,11.0,8.863,2.137,0.106059,0.0597334,10.704,8.782,1.922,19,74,train,train,val,test,test,train,train,train,val,train,,train,-0.5800000000000001,-0.6455542
6978,2021_Kelly,CC(=O)N1CCC[C@H]1C(=O)N[C@@H]1C(=O)N[C@H](CC(C)C)C(=O)N(C)[C@H](CC(C)C)C(=O)N(C)[C@H](CC(C)C)C(=O)N(C)[C@@H](CC(C)C)C(=O)N[C@@H](C)C(=O)N[C@@H](CC(C)C)C(=O)N2CCC[C@@H]2C(=O)O[C@@H]1C,L3_4.4.3.1.1,6978,-5.41,10,8,Lariat,0.119195,0.0655242,-32.2718,11.539,10.047,1.492,0.112836,0.0602396,11.456,9.913,1.543,38,12,train,test,train,test,train,test,train,train,train,train,,train,0.2949999999999999,0.39275587
6977,2021_Kelly,CC(=O)N1CCC[C@H]1C(=O)N[C@@H]1C(=O)N[C@H](CC(C)C)C(=O)N(C)[C@H](CC(C)C)C(=O)N(C)[C@H](CC(C)C)C(=O)N[C@H](CC(C)C)C(=O)N(C)[C@H](C)C(=O)N[C@@H](CC(C)C)C(=O)N2CCC[C@@H]2C(=O)O[C@@H]1C,L3_4.4.2.4.1,6977,-4.99,10,8,Lariat,0.123027,0.0692697,-28.6773,11.083,9.485,1.598,0.102313,0.0505034,10.309,8.997,1.312,89,100,train,train,train,test,train,train,train,train,train,train,,train,0.5049999999999999,0.43132594
6950,2021_Kelly,CC(=O)N1CCC[C@H]1C(=O)N[C@@H]1C(=O)N[C@H](CC(C)C)C(=O)N(C)[C@H](CC(C)C)C(=O)N[C@@H](CC(C)C)C(=O)N[C@H](CC(C)C)C(=O)N(C)[C@@H](C)C(=O)N[C@@H](CC(C)C)C(=O)N2CCC[C@@H]2C(=O)O[C@@H]1C,L3_4.1.2.3.1,6950,-4.92,10,8,Lariat,0.142202,0.0896223,-41.5588,11.012,9.242,1.77,0.10438,0.0487702,10.419,8.984,1.435,44,82,train,train,train,test,train,train,val,train,train,val,,train,0.54,0.46846268
6942,2021_Kelly,CC(=O)N1CCC[C@H]1C(=O)N[C@@H]1C(=O)N[C@H](CC(C)C)C(=O)N(C)[C@@H](CC(C)C)C(=O)N(C)[C@@H](CC(C)C)C(=O)N(C)[C@H](CC(C)C)C(=O)N(C)[C@@H](C)C(=O)N[C@@H](CC(C)C)C(=O)N2CCC[C@@H]2C(=O)O[C@@H]1C,L3_3.3.4.3.1,6942,-5.12,10,8,Lariat,0.127284,0.0696804,-15.6768,10.958,9.418,1.54,0.122059,0.0764191,10.854,9.359,1.495,44,18,test,train,train,test,train,train,val,train,train,train,,test,0.4399999999999999,0.37313735
6940,2021_Kelly,CC(=O)N1CCC[C@H]1C(=O)N[C@@H]1C(=O)N[C@H](CC(C)C)C(=O)N(C)[C@@H](CC(C)C)C(=O)N(C)[C@@H](CC(C)C)C(=O)N(C)[C@@H](CC(C)C)C(=O)N(C)[C@H](C)C(=O)N[C@@H](CC(C)C)C(=O)N2CCC[C@@H]2C(=O)O[C@@H]1C,L3_3.3.3.4.1,6940,-5.01,10,8,Lariat,0.186877,0.116362,-28.7913,11.814,9.952,1.862,0.128077,0.0874274,11.884,10.142,1.742,6,52,train,train,train,test,test,train,train,train,train,val,,train,0.4950000000000001,0.35124865
6931,2021_Kelly,CC(=O)N1CCC[C@H]1C(=O)N[C@@H]1C(=O)N[C@H](CC(C)C)C(=O)N(C)[C@@H](CC(C)C)C(=O)N[C@@H](CC(C)C)C(=O)N(C)[C@H](CC(C)C)C(=O)N[C@@H](C)C(=O)N[C@@H](CC(C)C)C(=O)N2CCC[C@@H]2C(=O)O[C@@H]1C,L3_3.1.4.1.1,6931,-5.09,10,8,Lariat,0.119665,0.0504936,-23.402,10.741,8.968,1.773,0.145795,0.0897092,10.568,9.01,1.558,7,88,train,train,train,test,train,train,train,train,train,train,,train,0.455,0.3866547
6923,2021_Kelly,CC(=O)N1CCC[C@H]1C(=O)N[C@@H]1C(=O)N[C@H](CC(C)C)C(=O)N[C@H](CC(C)C)C(=O)N(C)[C@H](CC(C)C)C(=O)N(C)[C@@H](CC(C)C)C(=O)N(C)[C@H](C)C(=O)N[C@@H](CC(C)C)C(=O)N2CCC[C@@H]2C(=O)O[C@@H]1C,L3_2.4.3.4.1,6923,-5.11,10,8,Lariat,0.178388,0.116902,-23.6611,11.175,9.626,1.549,0.130881,0.0861139,10.773,9.407,1.366,19,77,train,train,test,test,train,train,train,train,train,train,,train,0.4449999999999998,0.19831613
6912,2021_Kelly,CC(=O)N1CCC[C@H]1C(=O)N[C@@H]1C(=O)N[C@H](CC(C)C)C(=O)N[C@H](CC(C)C)C(=O)N(C)[C@@H](CC(C)C)C(=O)N[C@@H](CC(C)C)C(=O)N[C@H](C)C(=O)N[C@@H](CC(C)C)C(=O)N2CCC[C@@H]2C(=O)O[C@@H]1C,L3_2.3.1.2.1,6912,-5.41,10,8,Lariat,0.148005,0.0983861,-48.7757,11.415,9.528,1.887,0.0983242,0.043389,10.253,8.908,1.345,44,41,train,val,train,test,train,train,train,train,train,test,,train,0.2949999999999999,-0.18802604
6874,2021_Kelly,CC(=O)N1CCC[C@H]1C(=O)N[C@@H]1C(=O)N[C@H](CC(C)C)C(=O)N[C@@H](CC(C)C)C(=O)N[C@H](CC(C)C)C(=O)N(C)[C@@H](CC(C)C)C(=O)N[C@@H](C)C(=O)N[C@@H](CC(C)C)C(=O)N2CCC[C@@H]2C(=O)O[C@@H]1C,L3_1.2.3.1.1,6874,-5.83,10,8,Lariat,0.0992094,0.0472598,-25.6918,10.093,8.456,1.637,0.125436,0.0714048,10.652,9.097,1.555,47,78,train,train,train,test,train,val,train,train,train,train,,train,0.0849999999999999,0.08421222
6868,2021_Kelly,CC(=O)N1CCC[C@H]1C(=O)N[C@@H]1C(=O)N[C@H](CC(C)C)C(=O)N[C@@H](CC(C)C)C(=O)N[C@@H](CC(C)C)C(=O)N(C)[C@H](CC(C)C)C(=O)N(C)[C@@H](C)C(=O)N[C@@H](CC(C)C)C(=O)N2CCC[C@@H]2C(=O)O[C@@H]1C,L3_1.1.4.3.1,6868,-5.59,10,8,Lariat,0.167217,0.0993967,-34.5328,11.302,9.386,1.916,0.108669,0.0516515,10.537,8.868,1.669,22,79,train,train,train,test,train,train,test,val,train,val,,train,0.205,-0.12348994
6865,2021_Kelly,CC(=O)N1CCC[C@H]1C(=O)N[C@@H]1C(=O)N[C@H](CC(C)C)C(=O)N[C@@H](CC(C)C)C(=O)N[C@@H](CC(C)C)C(=O)N(C)[C@@H](CC(C)C)C(=O)N(C)[C@H](C)C(=O)N[C@@H](CC(C)C)C(=O)N2CCC[C@@H]2C(=O)O[C@@H]1C,L3_1.1.3.4.1,6865,-5.82,10,8,Lariat,0.174443,0.116995,-26.1981,10.876,9.15,1.726,0.103088,0.0585888,10.607,8.902,1.705,66,96,val,train,train,test,train,train,train,train,train,train,,val,0.0899999999999998,-0.21083999
6852,2021_Kelly,CC(=O)N1CCC[C@H]1C(=O)N[C@@H]1C(=O)N(C)[C@H](CC(C)C)C(=O)N(C)[C@H](CC(C)C)C(=O)N(C)[C@H](CC(C)C)C(=O)N[C@H](CC(C)C)C(=O)N[C@H](C)C(=O)N[C@@H](CC(C)C)C(=O)N2CCC[C@@H]2C(=O)O[C@@H]1C,L2_4.4.2.2.1,6852,-5.64,10,8,Lariat,0.1725,0.120199,-30.1898,11.636,9.936,1.7,0.119614,0.0764772,11.625,9.764,1.861,75,24,train,val,train,test,train,train,train,train,train,train,,train,0.1800000000000001,0.2972894
6851,2021_Kelly,CC(=O)N1CCC[C@H]1C(=O)N[C@@H]1C(=O)N(C)[C@H](CC(C)C)C(=O)N(C)[C@H](CC(C)C)C(=O)N(C)[C@H](CC(C)C)C(=O)N[C@@H](CC(C)C)C(=O)N(C)[C@@H](C)C(=O)N[C@@H](CC(C)C)C(=O)N2CCC[C@@H]2C(=O)O[C@@H]1C,L2_4.4.1.3.1,6851,-5.14,10,8,Lariat,0.1357,0.0698313,-27.6563,11.463,9.938,1.525,0.111964,0.0657172,11.265,9.919,1.346,70,75,train,train,train,test,test,val,train,val,train,val,,train,0.4300000000000001,0.46826383
6848,2021_Kelly,CC(=O)N1CCC[C@H]1C(=O)N[C@@H]1C(=O)N(C)[C@H](CC(C)C)C(=O)N(C)[C@H](CC(C)C)C(=O)N(C)[C@@H](CC(C)C)C(=O)N(C)[C@@H](CC(C)C)C(=O)N(C)[C@H](C)C(=O)N[C@@H](CC(C)C)C(=O)N2CCC[C@@H]2C(=O)O[C@@H]1C,L2_4.3.3.4.1,6848,-5.08,10,8,Lariat,0.152329,0.0883066,-19.9989,11.112,9.576,1.536,0.142211,0.0812382,11.188,9.684,1.504,37,63,train,val,train,test,train,train,train,train,train,test,,train,0.4599999999999999,0.50906706
6841,2021_Kelly,CC(=O)N1CCC[C@H]1C(=O)N[C@@H]1C(=O)N(C)[C@H](CC(C)C)C(=O)N(C)[C@@H](CC(C)C)C(=O)N(C)[C@H](CC(C)C)C(=O)N(C)[C@H](CC(C)C)C(=O)N(C)[C@H](C)C(=O)N[C@@H](CC(C)C)C(=O)N2CCC[C@@H]2C(=O)O[C@@H]1C,L2_3.4.4.4.1,6841,-5.32,10,8,Lariat,0.148245,0.0863977,-24.3315,11.673,10.057,1.616,0.11201,0.0578043,11.093,9.873,1.22,44,41,train,train,train,test,train,train,train,train,train,train,,train,0.3399999999999998,0.46584716
6831,2021_Kelly,CC(=O)N1CCC[C@H]1C(=O)N[C@@H]1C(=O)N(C)[C@H](CC(C)C)C(=O)N(C)[C@@H](CC(C)C)C(=O)N(C)[C@@H](CC(C)C)C(=O)N(C)[C@H](CC(C)C)C(=O)N[C@@H](C)C(=O)N[C@@H](CC(C)C)C(=O)N2CCC[C@@H]2C(=O)O[C@@H]1C,L2_3.3.4.1.1,6831,-5.8,10,8,Lariat,0.205016,0.132077,-24.2413,11.422,9.915,1.507,0.167361,0.115092,11.125,9.795,1.33,36,39,train,train,train,test,val,train,train,test,train,train,,train,0.1,0.5114875
6824,2021_Kelly,CC(=O)N1CCC[C@H]1C(=O)N[C@@H]1C(=O)N(C)[C@H](CC(C)C)C(=O)N(C)[C@@H](CC(C)C)C(=O)N[C@H](CC(C)C)C(=O)N(C)[C@H](CC(C)C)C(=O)N(C)[C@@H](C)C(=O)N[C@@H](CC(C)C)C(=O)N2CCC[C@@H]2C(=O)O[C@@H]1C,L2_3.2.4.3.1,6824,-5.09,10,8,Lariat,0.136249,0.0746094,-18.1037,11.016,9.194,1.822,0.187294,0.111326,10.995,9.417,1.578,40,12,train,train,train,test,train,train,train,val,train,val,,train,0.455,0.16915989
6822,2021_Kelly,CC(=O)N1CCC[C@H]1C(=O)N[C@@H]1C(=O)N(C)[C@H](CC(C)C)C(=O)N(C)[C@@H](CC(C)C)C(=O)N[C@H](CC(C)C)C(=O)N(C)[C@@H](CC(C)C)C(=O)N[C@H](C)C(=O)N[C@@H](CC(C)C)C(=O)N2CCC[C@@H]2C(=O)O[C@@H]1C,L2_3.2.3.2.1,6822,-5.33,10,8,Lariat,0.127574,0.0631118,-20.2997,11.429,9.937,1.492,0.126837,0.0668025,11.388,9.973,1.415,41,58,train,train,train,test,train,train,train,val,train,test,,train,0.3349999999999999,0.54253936
6818,2021_Kelly,CC(=O)N1CCC[C@H]1C(=O)N[C@@H]1C(=O)N(C)[C@H](CC(C)C)C(=O)N[C@H](CC(C)C)C(=O)N(C)[C@H](CC(C)C)C(=O)N(C)[C@H](CC(C)C)C(=O)N[C@@H](C)C(=O)N[C@@H](CC(C)C)C(=O)N2CCC[C@@H]2C(=O)O[C@@H]1C,L2_2.4.4.1.1,6818,-6.92,10,8,Lariat,0.158762,0.09556,-36.9003,11.812,9.73,2.082,0.144648,0.0886498,11.175,9.36,1.815,94,21,train,train,train,test,train,train,train,train,train,train,,train,-0.4599999999999999,-0.20114273
6816,2021_Kelly,CC(=O)N1CCC[C@H]1C(=O)N[C@@H]1C(=O)N(C)[C@H](CC(C)C)C(=O)N[C@H](CC(C)C)C(=O)N(C)[C@H](CC(C)C)C(=O)N(C)[C@@H](CC(C)C)C(=O)N[C@H](C)C(=O)N[C@@H](CC(C)C)C(=O)N2CCC[C@@H]2C(=O)O[C@@H]1C,L2_2.4.3.2.1,6816,-5.19,10,8,Lariat,0.158752,0.0941492,-21.7444,10.928,9.474,1.454,0.210668,0.137724,10.681,9.421,1.26,25,80,train,train,train,test,train,train,val,train,train,train,,train,0.4049999999999998,0.33032647
6802,2021_Kelly,CC(=O)N1CCC[C@H]1C(=O)N[C@@H]1C(=O)N(C)[C@H](CC(C)C)C(=O)N[C@H](CC(C)C)C(=O)N[C@H](CC(C)C)C(=O)N(C)[C@@H](CC(C)C)C(=O)N(C)[C@@H](C)C(=O)N[C@@H](CC(C)C)C(=O)N2CCC[C@@H]2C(=O)O[C@@H]1C,L2_2.2.3.3.1,6802,-6.2,10,8,Lariat,0.150854,0.0927809,-30.931,11.868,9.896,1.972,0.190018,0.126679,11.672,9.8,1.872,59,51,train,val,train,test,train,train,train,train,train,train,,train,-0.1,0.20462109
6796,2021_Kelly,CC(=O)N1CCC[C@H]1C(=O)N[C@@H]1C(=O)N(C)[C@H](CC(C)C)C(=O)N[C@H](CC(C)C)C(=O)N[C@H](CC(C)C)C(=O)N[C@@H](CC(C)C)C(=O)N(C)[C@H](C)C(=O)N[C@@H](CC(C)C)C(=O)N2CCC[C@@H]2C(=O)O[C@@H]1C,L2_2.2.1.4.1,6796,-6.5,10,8,Lariat,0.213963,0.132335,-43.8872,12.192,9.865,2.327,0.142838,0.0754044,10.716,9.037,1.679,55,10,val,train,train,test,train,train,train,train,train,train,,val,-0.25,-0.15687886
6771,2021_Kelly,CC(=O)N1CCC[C@H]1C(=O)N[C@@H]1C(=O)N(C)[C@H](CC(C)C)C(=O)N[C@@H](CC(C)C)C(=O)N[C@@H](CC(C)C)C(=O)N[C@H](CC(C)C)C(=O)N[C@@H](C)C(=O)N[C@@H](CC(C)C)C(=O)N2CCC[C@@H]2C(=O)O[C@@H]1C,L2_1.1.2.1.1,6771,-6.77,10,8,Lariat,0.133988,0.0703138,-19.8362,10.761,9.097,1.664,0.189054,0.11739,10.323,8.816,1.507,51,11,train,train,test,test,val,val,train,val,train,train,,train,-0.3849999999999998,-0.3019506
6747,2021_Kelly,CC(=O)N1CCC[C@H]1C(=O)N(C)[C@@H](CC(C)C)C(=O)N[C@@H]1C(=O)N(C)[C@@H](CC(C)C)C(=O)N(C)[C@H](CC(C)C)C(=O)N[C@H](CC(C)C)C(=O)N(C)[C@@H](C)C(=O)N[C@H](CC(C)C)C(=O)N2CCC[C@H]2C(=O)O[C@@H]1C,L1_9.3.4.2.3.2,6747,-6.05,10,7,Lariat,0.177441,0.109413,-35.0643,11.895,9.893,2.002,0.106073,0.0610456,10.672,9.225,1.447,73,34,train,train,train,test,train,train,train,test,train,train,,train,-0.0249999999999999,-0.16890159
6719,2021_Kelly,CC(=O)N1CCC[C@H]1C(=O)N(C)[C@@H](CC(C)C)C(=O)N[C@@H]1C(=O)N[C@H](CC(C)C)C(=O)N(C)[C@@H](CC(C)C)C(=O)N[C@@H](CC(C)C)C(=O)N(C)[C@@H](C)C(=O)N[C@H](CC(C)C)C(=O)N2CCC[C@H]2C(=O)O[C@@H]1C,L1_9.2.3.1.3.2,6719,-5.31,10,7,Lariat,0.181218,0.117407,-22.4992,11.205,9.404,1.801,0.126533,0.0712976,11.096,9.43,1.666,25,19,train,train,train,test,train,train,train,val,train,train,,train,0.3450000000000002,0.40162575
6714,2021_Kelly,CC(=O)N1CCC[C@H]1C(=O)N(C)[C@@H](CC(C)C)C(=O)N[C@@H]1C(=O)N[C@H](CC(C)C)C(=O)N[C@H](CC(C)C)C(=O)N[C@H](CC(C)C)C(=O)N(C)[C@H](C)C(=O)N[C@H](CC(C)C)C(=O)N2CCC[C@H]2C(=O)O[C@@H]1C,L1_9.2.2.2.4.2,6714,-6.95,10,7,Lariat,0.336552,0.245905,-35.7384,11.756,9.663,2.093,0.176778,0.109681,11.519,9.715,1.804,89,67,test,test,test,test,train,train,train,train,train,train,,test,-0.4750000000000001,-0.28506055
6708,2021_Kelly,CC(=O)N1CCC[C@H]1C(=O)N(C)[C@@H](CC(C)C)C(=O)N[C@@H]1C(=O)N[C@H](CC(C)C)C(=O)N[C@@H](CC(C)C)C(=O)N[C@H](CC(C)C)C(=O)N[C@@H](C)C(=O)N[C@H](CC(C)C)C(=O)N2CCC[C@H]2C(=O)O[C@@H]1C,L1_9.2.1.2.1.2,6708,-6.67,10,7,Lariat,0.149615,0.09177,-36.166,10.957,9.25,1.707,0.232189,0.157865,10.432,8.9,1.532,48,92,train,test,train,test,val,train,train,train,train,train,,train,-0.3349999999999999,-0.54193854
6689,2021_Kelly,CC(=O)N1CCC[C@@H]1C(=O)N(C)[C@H](CC(C)C)C(=O)N[C@@H]1C(=O)N(C)[C@H](CC(C)C)C(=O)N[C@@H](CC(C)C)C(=O)N(C)[C@@H](CC(C)C)C(=O)N(C)[C@H](C)C(=O)N[C@@H](CC(C)C)C(=O)N2CCC[C@@H]2C(=O)O[C@@H]1C,L1_8.4.1.3.4.1,6689,-5.63,10,7,Lariat,0.125877,0.0694328,-20.9975,11.08,9.431,1.649,0.121103,0.0768444,11.07,9.462,1.608,29,69,train,val,train,test,train,train,train,train,train,val,,train,0.185,0.27891323
6687,2021_Kelly,CC(=O)N1CCC[C@@H]1C(=O)N(C)[C@H](CC(C)C)C(=O)N[C@@H]1C(=O)N(C)[C@@H](CC(C)C)C(=O)N(C)[C@H](CC(C)C)C(=O)N(C)[C@@H](CC(C)C)C(=O)N(C)[C@H](C)C(=O)N[C@@H](CC(C)C)C(=O)N2CCC[C@@H]2C(=O)O[C@@H]1C,L1_8.3.4.3.4.1,6687,-5.58,10,7,Lariat,0.19394,0.126154,-27.8969,12.009,10.21,1.799,0.299845,0.22598,11.841,10.231,1.61,47,35,train,train,train,test,train,train,train,train,train,val,,train,0.2099999999999999,0.13077207
6665,2021_Kelly,CC(=O)N1CCC[C@@H]1C(=O)N(C)[C@H](CC(C)C)C(=O)N[C@@H]1C(=O)N[C@H](CC(C)C)C(=O)N[C@@H](CC(C)C)C(=O)N[C@@H](CC(C)C)C(=O)N(C)[C@@H](C)C(=O)N[C@@H](CC(C)C)C(=O)N2CCC[C@@H]2C(=O)O[C@@H]1C,L1_8.2.1.1.3.1,6665,-6.05,10,7,Lariat,0.205523,0.121406,-33.4144,11.485,9.661,1.824,0.127699,0.0770048,11.448,9.778,1.67,90,47,train,train,val,test,train,train,train,train,train,train,,train,-0.0249999999999999,-0.061977364
6663,2021_Kelly,CC(=O)N1CCC[C@@H]1C(=O)N(C)[C@H](CC(C)C)C(=O)N[C@@H]1C(=O)N[C@@H](CC(C)C)C(=O)N(C)[C@@H](CC(C)C)C(=O)N(C)[C@H](CC(C)C)C(=O)N(C)[C@@H](C)C(=O)N[C@@H](CC(C)C)C(=O)N2CCC[C@@H]2C(=O)O[C@@H]1C,L1_8.1.3.4.3.1,6663,-5.73,10,7,Lariat,0.272663,0.181901,-26.96,11.352,9.811,1.541,0.107881,0.0525483,11.413,10.134,1.279,63,9,train,train,train,test,train,val,train,train,val,train,,train,0.1349999999999998,-0.090836994
6659,2021_Kelly,CC(=O)N1CCC[C@@H]1C(=O)N(C)[C@H](CC(C)C)C(=O)N[C@@H]1C(=O)N[C@@H](CC(C)C)C(=O)N[C@H](CC(C)C)C(=O)N(C)[C@@H](CC(C)C)C(=O)N(C)[C@@H](C)C(=O)N[C@@H](CC(C)C)C(=O)N2CCC[C@@H]2C(=O)O[C@@H]1C,L1_8.1.2.3.3.1,6659,-5.22,10,7,Lariat,0.135826,0.0875248,-24.7215,11.232,9.525,1.707,0.178882,0.127413,10.829,9.368,1.461,96,20,train,train,val,test,train,test,train,test,train,val,,train,0.3900000000000001,-0.18180263
6650,2021_Kelly,CC(=O)N1CCC[C@@H]1C(=O)N(C)[C@H](CC(C)C)C(=O)N[C@@H]1C(=O)N(C)[C@H](CC(C)C)C(=O)N(C)[C@@H](CC(C)C)C(=O)N[C@@H](CC(C)C)C(=O)N(C)[C@@H](C)C(=O)N[C@@H](CC(C)C)C(=O)N2CCC[C@H]2C(=O)O[C@@H]1C,L1_7.4.3.1.3.1,6650,-6.45,10,7,Lariat,0.121047,0.0689095,-22.1709,11.07,9.141,1.929,0.113631,0.063772,10.951,9.287,1.664,64,31,train,train,train,test,train,train,train,train,train,train,,train,-0.2250000000000001,0.11284964
6648,2021_Kelly,CC(=O)N1CCC[C@@H]1C(=O)N(C)[C@H](CC(C)C)C(=O)N[C@@H]1C(=O)N(C)[C@H](CC(C)C)C(=O)N[C@H](CC(C)C)C(=O)N(C)[C@@H](CC(C)C)C(=O)N(C)[C@H](C)C(=O)N[C@@H](CC(C)C)C(=O)N2CCC[C@H]2C(=O)O[C@@H]1C,L1_7.4.2.3.4.1,6648,-5.51,10,7,Lariat,0.146927,0.0846227,-19.7039,11.059,9.653,1.406,0.144197,0.0940106,11.087,9.638,1.449,58,71,val,val,test,test,val,train,train,test,train,train,,val,0.2450000000000001,0.11643275
6642,2021_Kelly,CC(=O)N1CCC[C@@H]1C(=O)N(C)[C@H](CC(C)C)C(=O)N[C@@H]1C(=O)N(C)[C@H](CC(C)C)C(=O)N[C@@H](CC(C)C)C(=O)N[C@@H](CC(C)C)C(=O)N(C)[C@@H](C)C(=O)N[C@@H](CC(C)C)C(=O)N2CCC[C@H]2C(=O)O[C@@H]1C,L1_7.4.1.1.3.1,6642,-6.8,10,7,Lariat,0.247928,0.172353,-27.4364,11.515,9.75,1.765,0.141218,0.0906802,11.214,9.479,1.735,81,10,test,train,val,test,train,train,train,train,train,train,,test,-0.3999999999999999,0.031110398
6634,2021_Kelly,CC(=O)N1CCC[C@@H]1C(=O)N(C)[C@H](CC(C)C)C(=O)N[C@@H]1C(=O)N[C@H](CC(C)C)C(=O)N(C)[C@H](CC(C)C)C(=O)N(C)[C@H](CC(C)C)C(=O)N(C)[C@@H](C)C(=O)N[C@@H](CC(C)C)C(=O)N2CCC[C@H]2C(=O)O[C@@H]1C,L1_7.2.4.4.3.1,6634,-5.62,10,7,Lariat,0.258046,0.157812,-19.9029,10.994,9.392,1.602,0.212363,0.160065,10.738,9.331,1.407,46,8,train,train,train,test,train,test,val,train,train,train,,train,0.1899999999999999,0.28994027
6632,2021_Kelly,CC(=O)N1CCC[C@@H]1C(=O)N(C)[C@H](CC(C)C)C(=O)N[C@@H]1C(=O)N[C@H](CC(C)C)C(=O)N(C)[C@H](CC(C)C)C(=O)N(C)[C@H](CC(C)C)C(=O)N[C@@H](C)C(=O)N[C@@H](CC(C)C)C(=O)N2CCC[C@H]2C(=O)O[C@@H]1C,L1_7.2.4.4.1.1,6632,-7.24,10,7,Lariat,0.185831,0.109686,-27.8614,11.786,9.765,2.021,0.132426,0.0855914,11.12,9.414,1.706,15,52,train,train,train,test,train,train,train,train,train,train,,train,-0.6200000000000001,-0.5990763
6606,2021_Kelly,CC(=O)N1CCC[C@@H]1C(=O)N(C)[C@H](CC(C)C)C(=O)N[C@@H]1C(=O)N[C@@H](CC(C)C)C(=O)N(C)[C@@H](CC(C)C)C(=O)N(C)[C@H](CC(C)C)C(=O)N(C)[C@H](C)C(=O)N[C@@H](CC(C)C)C(=O)N2CCC[C@H]2C(=O)O[C@@H]1C,L1_7.1.3.4.4.1,6606,-6.13,10,7,Lariat,0.147745,0.0835514,-18.8398,11.119,9.633,1.486,0.128285,0.085767,11.265,9.833,1.432,65,32,test,train,train,test,train,train,train,train,train,train,,test,-0.0649999999999999,-0.13249356
6597,2021_Kelly,CC(=O)N1CCC[C@@H]1C(=O)N(C)[C@H](CC(C)C)C(=O)N[C@@H]1C(=O)N[C@@H](CC(C)C)C(=O)N[C@@H](CC(C)C)C(=O)N(C)[C@@H](CC(C)C)C(=O)N(C)[C@@H](C)C(=O)N[C@@H](CC(C)C)C(=O)N2CCC[C@H]2C(=O)O[C@@H]1C,L1_7.1.1.3.3.1,6597,-6.31,10,7,Lariat,0.211306,0.138305,-37.1459,11.545,9.518,2.027,0.156882,0.0950472,11.583,9.902,1.681,66,17,val,train,train,test,val,train,train,train,train,train,,val,-0.1549999999999998,-0.1493562
6579,2021_Kelly,CC(=O)N1CCC[C@H]1C(=O)N(C)[C@H](CC(C)C)C(=O)N[C@@H]1C(=O)N[C@H](CC(C)C)C(=O)N(C)[C@H](CC(C)C)C(=O)N(C)[C@@H](CC(C)C)C(=O)N[C@@H](C)C(=O)N[C@@H](CC(C)C)C(=O)N2CCC[C@@H]2C(=O)O[C@@H]1C,L1_6.2.4.3.1.1,6579,-5.89,10,7,Lariat,0.1953,0.117929,-33.7148,11.194,9.457,1.737,0.154541,0.101369,11.4,9.648,1.752,99,72,train,train,train,test,train,test,train,train,train,train,,train,0.0550000000000001,0.33729246
6575,2021_Kelly,CC(=O)N1CCC[C@H]1C(=O)N(C)[C@H](CC(C)C)C(=O)N[C@@H]1C(=O)N[C@H](CC(C)C)C(=O)N(C)[C@H](CC(C)C)C(=O)N[C@@H](CC(C)C)C(=O)N(C)[C@@H](C)C(=O)N[C@@H](CC(C)C)C(=O)N2CCC[C@@H]2C(=O)O[C@@H]1C,L1_6.2.4.1.3.1,6575,-5.4,10,7,Lariat,0.166487,0.103329,-42.6725,11.268,9.362,1.906,0.172984,0.105737,11.59,9.968,1.622,100,82,train,train,train,test,train,train,train,train,train,train,,train,0.2999999999999998,0.4309722
6560,2021_Kelly,CC(=O)N1CCC[C@H]1C(=O)N(C)[C@H](CC(C)C)C(=O)N[C@@H]1C(=O)N[C@@H](CC(C)C)C(=O)N(C)[C@H](CC(C)C)C(=O)N(C)[C@H](CC(C)C)C(=O)N(C)[C@@H](C)C(=O)N[C@@H](CC(C)C)C(=O)N2CCC[C@@H]2C(=O)O[C@@H]1C,L1_6.1.4.4.3.1,6560,-5.49,10,7,Lariat,0.229044,0.161178,-27.5264,12.094,10.083,2.011,0.165398,0.12215,11.752,9.996,1.756,76,93,train,train,train,test,train,train,train,test,train,train,,train,0.2549999999999999,0.07628975
6556,2021_Kelly,CC(=O)N1CCC[C@H]1C(=O)N(C)[C@H](CC(C)C)C(=O)N[C@@H]1C(=O)N[C@@H](CC(C)C)C(=O)N(C)[C@@H](CC(C)C)C(=O)N(C)[C@H](CC(C)C)C(=O)N(C)[C@@H](C)C(=O)N[C@@H](CC(C)C)C(=O)N2CCC[C@@H]2C(=O)O[C@@H]1C,L1_6.1.3.4.3.1,6556,-5.32,10,7,Lariat,0.234801,0.153391,-38.394,11.915,9.978,1.937,0.147161,0.0896426,11.036,9.634,1.402,34,53,train,train,train,test,train,val,train,train,val,test,,train,0.3399999999999998,0.08698978
6530,2021_Kelly,CC(=O)N1CCC[C@H]1C(=O)N(C)[C@H](CC(C)C)C(=O)N[C@@H]1C(=O)N(C)[C@@H](CC(C)C)C(=O)N(C)[C@H](CC(C)C)C(=O)N(C)[C@H](CC(C)C)C(=O)N(C)[C@H](C)C(=O)N[C@@H](CC(C)C)C(=O)N2CCC[C@H]2C(=O)O[C@@H]1C,L1_5.3.4.4.4.1,6530,-5.58,10,7,Lariat,0.172977,0.109173,-21.9373,11.764,9.975,1.789,0.14025,0.0986723,11.595,9.919,1.676,79,50,train,train,test,test,train,train,train,test,train,train,,train,0.2099999999999999,0.37795925
6510,2021_Kelly,CC(=O)N1CCC[C@H]1C(=O)N(C)[C@H](CC(C)C)C(=O)N[C@@H]1C(=O)N[C@H](CC(C)C)C(=O)N(C)[C@H](CC(C)C)C(=O)N[C@H](CC(C)C)C(=O)N(C)[C@H](C)C(=O)N[C@@H](CC(C)C)C(=O)N2CCC[C@H]2C(=O)O[C@@H]1C,L1_5.2.4.2.4.1,6510,-5.4,10,7,Lariat,0.2684,0.162518,-24.5872,11.051,9.428,1.623,0.233376,0.143758,11.722,10.033,1.689,45,36,test,train,val,test,train,train,train,test,train,train,,test,0.2999999999999998,0.53985655
6488,2021_Kelly,CC(=O)N1CCC[C@H]1C(=O)N(C)[C@H](CC(C)C)C(=O)N[C@@H]1C(=O)N[C@@H](CC(C)C)C(=O)N[C@H](CC(C)C)C(=O)N(C)[C@H](CC(C)C)C(=O)N[C@H](C)C(=O)N[C@@H](CC(C)C)C(=O)N2CCC[C@H]2C(=O)O[C@@H]1C,L1_5.1.2.4.2.1,6488,-6.43,10,7,Lariat,0.158063,0.0944482,-35.752,11.526,9.549,1.977,0.173353,0.113245,11.395,9.699,1.696,88,59,test,train,train,test,train,train,train,train,train,train,,test,-0.2149999999999998,-0.20299947
6481,2021_Kelly,CC(=O)N1CCC[C@H]1C(=O)N(C)[C@H](CC(C)C)C(=O)N[C@@H]1C(=O)N[C@@H](CC(C)C)C(=O)N[C@@H](CC(C)C)C(=O)N(C)[C@H](CC(C)C)C(=O)N(C)[C@H](C)C(=O)N[C@@H](CC(C)C)C(=O)N2CCC[C@H]2C(=O)O[C@@H]1C,L1_5.1.1.4.4.1,6481,-5.44,10,7,Lariat,0.250851,0.172894,-23.5612,11.581,9.882,1.699,0.151223,0.0915597,10.826,9.359,1.467,38,90,test,train,train,test,train,train,train,train,train,train,,test,0.2799999999999998,0.15333197
6474,2021_Kelly,CC(=O)N1CCC[C@H]1C(=O)N(C)[C@H](CC(C)C)C(=O)N[C@@H]1C(=O)N[C@@H](CC(C)C)C(=O)N[C@@H](CC(C)C)C(=O)N[C@H](CC(C)C)C(=O)N[C@@H](C)C(=O)N[C@@H](CC(C)C)C(=O)N2CCC[C@H]2C(=O)O[C@@H]1C,L1_5.1.1.2.1.1,6474,-6.35,10,7,Lariat,0.237607,0.150658,-33.9702,11.353,9.424,1.929,0.322524,0.202892,11.403,9.569,1.834,21,28,train,train,train,test,train,train,train,train,train,train,,train,-0.1749999999999998,-0.323265
6465,2021_Kelly,CC(=O)N1CCC[C@@H]1C(=O)N(C)[C@@H](CC(C)C)C(=O)N[C@@H]1C(=O)N(C)[C@H](CC(C)C)C(=O)N(C)[C@@H](CC(C)C)C(=O)N[C@H](CC(C)C)C(=O)N(C)[C@H](C)C(=O)N[C@@H](CC(C)C)C(=O)N2CCC[C@@H]2C(=O)O[C@@H]1C,L1_4.4.3.2.4.1,6465,-5.03,10,7,Lariat,0.150646,0.0860411,-25.1345,11.528,9.761,1.767,0.193514,0.132032,11.316,9.629,1.687,62,71,train,train,train,test,train,train,train,test,train,test,,train,0.4849999999999999,0.29444143
6444,2021_Kelly,CC(=O)N1CCC[C@@H]1C(=O)N(C)[C@@H](CC(C)C)C(=O)N[C@@H]1C(=O)N(C)[C@@H](CC(C)C)C(=O)N[C@H](CC(C)C)C(=O)N[C@@H](CC(C)C)C(=O)N[C@@H](C)C(=O)N[C@@H](CC(C)C)C(=O)N2CCC[C@@H]2C(=O)O[C@@H]1C,L1_4.3.2.1.1.1,6444,-7.06,10,7,Lariat,0.155505,0.0987911,-43.7181,11.815,9.764,2.051,0.143183,0.068719,11.031,9.564,1.467,78,34,train,train,train,test,train,train,train,train,train,train,,train,-0.5299999999999998,-0.29488596
6435,2021_Kelly,CC(=O)N1CCC[C@@H]1C(=O)N(C)[C@@H](CC(C)C)C(=O)N[C@@H]1C(=O)N[C@H](CC(C)C)C(=O)N(C)[C@H](CC(C)C)C(=O)N[C@@H](CC(C)C)C(=O)N[C@@H](C)C(=O)N[C@@H](CC(C)C)C(=O)N2CCC[C@@H]2C(=O)O[C@@H]1C,L1_4.2.4.1.1.1,6435,-5.93,10,7,Lariat,0.205609,0.131182,-34.9473,11.64,9.872,1.768,0.151058,0.100993,11.511,10.036,1.475,66,54,train,test,train,test,train,test,train,train,train,train,,train,0.0350000000000001,0.20909645
6394,2021_Kelly,CC(=O)N1CCC[C@@H]1C(=O)N(C)[C@@H](CC(C)C)C(=O)N[C@@H]1C(=O)N[C@@H](CC(C)C)C(=O)N[C@@H](CC(C)C)C(=O)N[C@H](CC(C)C)C(=O)N[C@@H](C)C(=O)N[C@@H](CC(C)C)C(=O)N2CCC[C@@H]2C(=O)O[C@@H]1C,L1_4.1.1.2.1.1,6394,-6.92,10,7,Lariat,0.14284,0.0788346,-28.9753,11.021,9.332,1.689,0.10148,0.050546,10.236,8.925,1.311,73,92,val,test,train,test,train,train,test,train,train,train,,val,-0.4599999999999999,-0.54394346
6378,2021_Kelly,CC(=O)N1CCC[C@@H]1C(=O)N(C)[C@@H](CC(C)C)C(=O)N[C@@H]1C(=O)N(C)[C@H](CC(C)C)C(=O)N[C@H](CC(C)C)C(=O)N(C)[C@H](CC(C)C)C(=O)N[C@@H](C)C(=O)N[C@@H](CC(C)C)C(=O)N2CCC[C@H]2C(=O)O[C@@H]1C,L1_3.4.2.4.1.1,6378,-5.83,10,7,Lariat,0.158731,0.109928,-26.0291,11.013,9.118,1.895,0.237527,0.185563,10.456,8.907,1.549,37,26,train,train,train,test,train,train,train,train,train,train,,train,0.0849999999999999,-0.11696852
6368,2021_Kelly,CC(=O)N1CCC[C@@H]1C(=O)N(C)[C@@H](CC(C)C)C(=O)N[C@@H]1C(=O)N(C)[C@H](CC(C)C)C(=O)N[C@@H](CC(C)C)C(=O)N[C@H](CC(C)C)C(=O)N(C)[C@@H](C)C(=O)N[C@@H](CC(C)C)C(=O)N2CCC[C@H]2C(=O)O[C@@H]1C,L1_3.4.1.2.3.1,6368,-5.29,10,7,Lariat,0.238066,0.176339,-26.1765,11.052,9.457,1.595,0.0944073,0.0500578,10.555,9.18,1.375,2,34,train,train,train,test,train,train,train,train,train,train,,train,0.355,0.35446948
6366,2021_Kelly,CC(=O)N1CCC[C@@H]1C(=O)N(C)[C@@H](CC(C)C)C(=O)N[C@@H]1C(=O)N(C)[C@@H](CC(C)C)C(=O)N(C)[C@H](CC(C)C)C(=O)N(C)[C@H](CC(C)C)C(=O)N(C)[C@H](C)C(=O)N[C@@H](CC(C)C)C(=O)N2CCC[C@H]2C(=O)O[C@@H]1C,L1_3.3.4.4.4.1,6366,-5.95,10,7,Lariat,0.13542,0.0773472,-28.1478,12.004,10.342,1.662,0.200634,0.142708,11.823,10.262,1.561,39,98,train,train,train,test,train,train,val,train,train,train,,train,0.0249999999999999,0.047431022
6354,2021_Kelly,CC(=O)N1CCC[C@@H]1C(=O)N(C)[C@@H](CC(C)C)C(=O)N[C@@H]1C(=O)N(C)[C@@H](CC(C)C)C(=O)N[C@@H](CC(C)C)C(=O)N(C)[C@@H](CC(C)C)C(=O)N[C@@H](C)C(=O)N[C@@H](CC(C)C)C(=O)N2CCC[C@H]2C(=O)O[C@@H]1C,L1_3.3.1.3.1.1,6354,-5.47,10,7,Lariat,0.148304,0.0832844,-23.8247,11.432,9.739,1.693,0.183384,0.130453,10.912,9.329,1.583,40,95,val,val,train,test,train,val,train,train,train,val,,val,0.2650000000000001,0.09279471
6320,2021_Kelly,CC(=O)N1CCC[C@@H]1C(=O)N(C)[C@@H](CC(C)C)C(=O)N[C@@H]1C(=O)N[C@@H](CC(C)C)C(=O)N[C@@H](CC(C)C)C(=O)N(C)[C@H](CC(C)C)C(=O)N(C)[C@@H](C)C(=O)N[C@@H](CC(C)C)C(=O)N2CCC[C@H]2C(=O)O[C@@H]1C,L1_3.1.1.4.3.1,6320,-6.11,10,7,Lariat,0.194497,0.129365,-27.4269,12.035,10.101,1.934,0.173565,0.111579,11.825,10.085,1.74,41,69,train,val,train,test,train,train,train,train,train,train,,train,-0.0550000000000001,0.10053253
6316,2021_Kelly,CC(=O)N1CCC[C@@H]1C(=O)N(C)[C@@H](CC(C)C)C(=O)N[C@@H]1C(=O)N[C@@H](CC(C)C)C(=O)N[C@@H](CC(C)C)C(=O)N(C)[C@@H](CC(C)C)C(=O)N[C@@H](C)C(=O)N[C@@H](CC(C)C)C(=O)N2CCC[C@H]2C(=O)O[C@@H]1C,L1_3.1.1.3.1.1,6316,-6.09,10,7,Lariat,0.211611,0.141478,-36.1626,11.958,9.919,2.039,0.214949,0.147108,11.479,9.723,1.756,9,59,test,train,train,test,train,train,train,val,val,train,,test,-0.0449999999999999,-0.10391054
6290,2021_Kelly,CC(=O)N1CCC[C@H]1C(=O)N(C)[C@@H](CC(C)C)C(=O)N[C@@H]1C(=O)N[C@H](CC(C)C)C(=O)N(C)[C@H](CC(C)C)C(=O)N[C@H](CC(C)C)C(=O)N(C)[C@H](C)C(=O)N[C@@H](CC(C)C)C(=O)N2CCC[C@@H]2C(=O)O[C@@H]1C,L1_2.2.4.2.4.1,6290,-5.29,10,7,Lariat,0.139352,0.069326,-22.5197,10.97,9.56,1.41,0.272375,0.198836,11.06,9.439,1.621,61,20,train,train,train,test,train,train,train,test,val,train,,train,0.355,0.3006131
6279,2021_Kelly,CC(=O)N1CCC[C@H]1C(=O)N(C)[C@@H](CC(C)C)C(=O)N[C@@H]1C(=O)N[C@H](CC(C)C)C(=O)N[C@@H](CC(C)C)C(=O)N(C)[C@H](CC(C)C)C(=O)N[C@H](C)C(=O)N[C@@H](CC(C)C)C(=O)N2CCC[C@@H]2C(=O)O[C@@H]1C,L1_2.2.1.4.2.1,6279,-5.34,10,7,Lariat,0.227064,0.133239,-41.9162,11.94,9.717,2.223,0.170273,0.100124,11.529,9.983,1.546,39,69,train,train,train,test,train,train,val,test,train,train,,train,0.33,0.28684294
6276,2021_Kelly,CC(=O)N1CCC[C@H]1C(=O)N(C)[C@@H](CC(C)C)C(=O)N[C@@H]1C(=O)N[C@H](CC(C)C)C(=O)N[C@@H](CC(C)C)C(=O)N[C@H](CC(C)C)C(=O)N[C@H](C)C(=O)N[C@@H](CC(C)C)C(=O)N2CCC[C@@H]2C(=O)O[C@@H]1C,L1_2.2.1.2.2.1,6276,-6.88,10,7,Lariat,0.20589,0.130942,-35.8412,11.653,9.562,2.091,0.142271,0.0709633,10.601,9.079,1.522,48,8,train,train,train,test,train,train,train,train,test,train,,train,-0.4399999999999999,-0.17446487
6269,2021_Kelly,CC(=O)N1CCC[C@H]1C(=O)N(C)[C@@H](CC(C)C)C(=O)N[C@@H]1C(=O)N[C@@H](CC(C)C)C(=O)N(C)[C@H](CC(C)C)C(=O)N[C@H](CC(C)C)C(=O)N[C@H](C)C(=O)N[C@@H](CC(C)C)C(=O)N2CCC[C@@H]2C(=O)O[C@@H]1C,L1_2.1.4.2.2.1,6269,-5.89,10,7,Lariat,0.157941,0.090746,-33.5402,11.521,9.748,1.773,0.114965,0.0575437,10.907,9.685,1.222,65,80,train,train,train,test,train,train,val,train,val,train,,train,0.0550000000000001,-0.11208924
6264,2021_Kelly,CC(=O)N1CCC[C@H]1C(=O)N(C)[C@@H](CC(C)C)C(=O)N[C@@H]1C(=O)N[C@@H](CC(C)C)C(=O)N(C)[C@@H](CC(C)C)C(=O)N[C@H](CC(C)C)C(=O)N(C)[C@H](C)C(=O)N[C@@H](CC(C)C)C(=O)N2CCC[C@@H]2C(=O)O[C@@H]1C,L1_2.1.3.2.4.1,6264,-5.02,10,7,Lariat,0.26391,0.157584,-34.5849,11.981,10.109,1.872,0.122535,0.0651424,10.458,9.224,1.234,34,33,test,train,train,test,train,train,train,train,train,train,,test,0.4900000000000002,0.2014288
6263,2021_Kelly,CC(=O)N1CCC[C@H]1C(=O)N(C)[C@@H](CC(C)C)C(=O)N[C@@H]1C(=O)N[C@@H](CC(C)C)C(=O)N(C)[C@@H](CC(C)C)C(=O)N[C@H](CC(C)C)C(=O)N(C)[C@@H](C)C(=O)N[C@@H](CC(C)C)C(=O)N2CCC[C@@H]2C(=O)O[C@@H]1C,L1_2.1.3.2.3.1,6263,-5.66,10,7,Lariat,0.178712,0.103212,-40.7821,12.344,10.383,1.961,0.153106,0.0963684,11.162,9.442,1.72,73,54,train,train,train,test,test,val,train,test,train,train,,train,0.1699999999999999,-0.15424001
6262,2021_Kelly,CC(=O)N1CCC[C@H]1C(=O)N(C)[C@@H](CC(C)C)C(=O)N[C@@H]1C(=O)N[C@@H](CC(C)C)C(=O)N(C)[C@@H](CC(C)C)C(=O)N[C@H](CC(C)C)C(=O)N[C@H](C)C(=O)N[C@@H](CC(C)C)C(=O)N2CCC[C@@H]2C(=O)O[C@@H]1C,L1_2.1.3.2.2.1,6262,-5.24,10,7,Lariat,0.260512,0.172583,-40.2781,11.875,9.835,2.04,0.137657,0.0704501,11.406,9.911,1.495,32,27,train,train,train,test,train,train,test,train,train,train,,train,0.3799999999999999,-0.14301881
6241,2021_Kelly,CC(=O)N1CCC[C@@H]1C(=O)N(C)[C@H](CC(C)C)C(=O)N[C@@H]1C(=O)N(C)[C@@H](CC(C)C)C(=O)N(C)[C@H](CC(C)C)C(=O)N[C@@H](CC(C)C)C(=O)N(C)[C@@H](C)C(=O)N[C@H](CC(C)C)C(=O)N2CCC[C@@H]2C(=O)O[C@@H]1C,L1_16.3.4.1.3.2,6241,-5.06,10,7,Lariat,0.326526,0.237142,-28.1091,11.76,10.0,1.76,0.165588,0.11821,10.831,9.41,1.421,28,15,train,train,train,test,train,val,test,val,train,train,,train,0.4700000000000002,0.42139342
6237,2021_Kelly,CC(=O)N1CCC[C@@H]1C(=O)N(C)[C@H](CC(C)C)C(=O)N[C@@H]1C(=O)N(C)[C@@H](CC(C)C)C(=O)N(C)[C@@H](CC(C)C)C(=O)N[C@H](CC(C)C)C(=O)N(C)[C@@H](C)C(=O)N[C@H](CC(C)C)C(=O)N2CCC[C@@H]2C(=O)O[C@@H]1C,L1_16.3.3.2.3.2,6237,-5.63,10,7,Lariat,0.264568,0.178552,-30.56,11.85,10.169,1.681,0.160444,0.100335,11.448,9.952,1.496,90,54,train,train,train,test,train,train,train,train,train,train,,train,0.185,0.35200396
6229,2021_Kelly,CC(=O)N1CCC[C@@H]1C(=O)N(C)[C@H](CC(C)C)C(=O)N[C@@H]1C(=O)N(C)[C@@H](CC(C)C)C(=O)N[C@@H](CC(C)C)C(=O)N[C@@H](CC(C)C)C(=O)N[C@H](C)C(=O)N[C@H](CC(C)C)C(=O)N2CCC[C@@H]2C(=O)O[C@@H]1C,L1_16.3.1.1.2.2,6229,-6.95,10,7,Lariat,0.228826,0.156913,-30.065,10.881,9.224,1.657,0.202303,0.135836,11.08,9.422,1.658,75,91,test,train,train,test,train,val,train,test,test,train,,test,-0.4750000000000001,-0.99736786
6227,2021_Kelly,CC(=O)N1CCC[C@@H]1C(=O)N(C)[C@H](CC(C)C)C(=O)N[C@@H]1C(=O)N[C@H](CC(C)C)C(=O)N(C)[C@H](CC(C)C)C(=O)N(C)[C@H](CC(C)C)C(=O)N(C)[C@H](C)C(=O)N[C@H](CC(C)C)C(=O)N2CCC[C@@H]2C(=O)O[C@@H]1C,L1_16.2.4.4.4.2,6227,-5.44,10,7,Lariat,0.260688,0.181624,-20.8465,11.402,9.882,1.52,0.0953573,0.0450415,11.018,9.978,1.04,16,82,test,train,train,test,val,train,train,val,train,train,,test,0.2799999999999998,0.046025503
6225,2021_Kelly,CC(=O)N1CCC[C@@H]1C(=O)N(C)[C@H](CC(C)C)C(=O)N[C@@H]1C(=O)N[C@H](CC(C)C)C(=O)N(C)[C@H](CC(C)C)C(=O)N[C@H](CC(C)C)C(=O)N(C)[C@H](C)C(=O)N[C@H](CC(C)C)C(=O)N2CCC[C@@H]2C(=O)O[C@@H]1C,L1_16.2.4.2.4.2,6225,-6.18,10,7,Lariat,0.14238,0.0823066,-33.3513,10.994,9.73,1.264,0.147601,0.10229,11.705,10.039,1.666,41,71,test,train,train,test,train,val,train,train,train,train,,test,-0.0899999999999998,-0.2281734
6216,2021_Kelly,CC(=O)N1CCC[C@@H]1C(=O)N(C)[C@H](CC(C)C)C(=O)N[C@@H]1C(=O)N[C@H](CC(C)C)C(=O)N[C@H](CC(C)C)C(=O)N[C@H](CC(C)C)C(=O)N(C)[C@@H](C)C(=O)N[C@H](CC(C)C)C(=O)N2CCC[C@@H]2C(=O)O[C@@H]1C,L1_16.2.2.2.3.2,6216,-6.34,10,7,Lariat,0.176028,0.0997625,-22.0287,10.681,8.933,1.748,0.12584,0.0775728,10.68,9.115,1.565,88,21,train,val,train,test,train,test,train,train,train,train,,train,-0.1699999999999999,-0.26669186
6213,2021_Kelly,CC(=O)N1CCC[C@@H]1C(=O)N(C)[C@H](CC(C)C)C(=O)N[C@@H]1C(=O)N[C@H](CC(C)C)C(=O)N[C@@H](CC(C)C)C(=O)N(C)[C@H](CC(C)C)C(=O)N[C@H](C)C(=O)N[C@H](CC(C)C)C(=O)N2CCC[C@@H]2C(=O)O[C@@H]1C,L1_16.2.1.4.2.2,6213,-6.1,10,7,Lariat,0.280123,0.194199,-29.7792,11.605,9.695,1.91,0.287034,0.208509,11.112,9.344,1.768,20,5,train,train,train,test,train,test,train,test,train,train,,train,-0.0499999999999998,-0.13506062
6204,2021_Kelly,CC(=O)N1CCC[C@@H]1C(=O)N(C)[C@H](CC(C)C)C(=O)N[C@@H]1C(=O)N[C@@H](CC(C)C)C(=O)N(C)[C@H](CC(C)C)C(=O)N[C@H](CC(C)C)C(=O)N[C@H](C)C(=O)N[C@H](CC(C)C)C(=O)N2CCC[C@@H]2C(=O)O[C@@H]1C,L1_16.1.4.2.2.2,6204,-6.97,10,7,Lariat,0.192582,0.127869,-30.9216,10.781,8.925,1.856,0.219608,0.160474,10.923,9.421,1.502,40,49,test,train,train,test,train,train,test,train,train,train,,test,-0.4849999999999999,-0.39254758
6199,2021_Kelly,CC(=O)N1CCC[C@@H]1C(=O)N(C)[C@H](CC(C)C)C(=O)N[C@@H]1C(=O)N[C@@H](CC(C)C)C(=O)N[C@H](CC(C)C)C(=O)N[C@H](CC(C)C)C(=O)N[C@@H](C)C(=O)N[C@H](CC(C)C)C(=O)N2CCC[C@@H]2C(=O)O[C@@H]1C,L1_16.1.2.2.1.2,6199,-7.16,10,7,Lariat,0.116457,0.0698936,-22.1232,10.009,8.448,1.561,0.149249,0.100546,10.115,8.369,1.746,80,10,train,train,test,test,train,val,train,train,train,train,,train,-0.5800000000000001,-0.7104224
6198,2021_Kelly,CC(=O)N1CCC[C@@H]1C(=O)N(C)[C@H](CC(C)C)C(=O)N[C@@H]1C(=O)N[C@@H](CC(C)C)C(=O)N[C@@H](CC(C)C)C(=O)N(C)[C@H](CC(C)C)C(=O)N(C)[C@@H](C)C(=O)N[C@H](CC(C)C)C(=O)N2CCC[C@@H]2C(=O)O[C@@H]1C,L1_16.1.1.4.3.2,6198,-6.28,10,7,Lariat,0.238247,0.15016,-34.8585,11.307,9.38,1.927,0.142292,0.0834646,10.738,9.207,1.531,85,56,test,train,train,test,train,val,train,train,train,train,,test,-0.1400000000000001,0.009648742
6185,2021_Kelly,CC(=O)N1CCC[C@@H]1C(=O)N(C)[C@H](CC(C)C)C(=O)N[C@@H]1C(=O)N(C)[C@H](CC(C)C)C(=O)N[C@@H](CC(C)C)C(=O)N(C)[C@H](CC(C)C)C(=O)N(C)[C@@H](C)C(=O)N[C@H](CC(C)C)C(=O)N2CCC[C@H]2C(=O)O[C@@H]1C,L1_15.4.1.4.3.2,6185,-5.16,10,7,Lariat,0.260589,0.156741,-31.2491,12.186,10.336,1.85,0.145265,0.083996,11.637,9.779,1.858,79,10,train,train,train,test,train,val,train,train,train,train,,train,0.4199999999999999,0.27913126
6183,2021_Kelly,CC(=O)N1CCC[C@@H]1C(=O)N(C)[C@H](CC(C)C)C(=O)N[C@@H]1C(=O)N(C)[C@H](CC(C)C)C(=O)N[C@@H](CC(C)C)C(=O)N[C@H](CC(C)C)C(=O)N[C@@H](C)C(=O)N[C@H](CC(C)C)C(=O)N2CCC[C@H]2C(=O)O[C@@H]1C,L1_15.4.1.2.1.2,6183,-6.85,10,7,Lariat,0.172333,0.0991521,-35.9409,11.718,9.56,2.158,0.157446,0.0806532,10.48,9.133,1.347,13,65,train,train,train,test,val,train,test,train,train,train,,train,-0.4249999999999998,-0.32979116
6179,2021_Kelly,CC(=O)N1CCC[C@@H]1C(=O)N(C)[C@H](CC(C)C)C(=O)N[C@@H]1C(=O)N(C)[C@@H](CC(C)C)C(=O)N(C)[C@H](CC(C)C)C(=O)N(C)[C@@H](CC(C)C)C(=O)N(C)[C@@H](C)C(=O)N[C@H](CC(C)C)C(=O)N2CCC[C@H]2C(=O)O[C@@H]1C,L1_15.3.4.3.3.2,6179,-5.19,10,7,Lariat,0.140779,0.0786538,-19.3295,11.617,10.003,1.614,0.133051,0.0868808,11.21,9.737,1.473,11,53,test,train,train,test,train,train,train,test,train,train,,test,0.4049999999999998,0.34890005
6163,2021_Kelly,CC(=O)N1CCC[C@@H]1C(=O)N(C)[C@H](CC(C)C)C(=O)N[C@@H]1C(=O)N(C)[C@@H](CC(C)C)C(=O)N[C@@H](CC(C)C)C(=O)N[C@@H](CC(C)C)C(=O)N[C@@H](C)C(=O)N[C@H](CC(C)C)C(=O)N2CCC[C@H]2C(=O)O[C@@H]1C,L1_15.3.1.1.1.2,6163,-7.35,10,7,Lariat,0.283016,0.188626,-31.2618,11.527,9.853,1.674,0.160223,0.0967658,10.986,9.356,1.63,31,70,train,train,train,test,val,train,train,train,train,train,,train,-0.6749999999999998,-0.2635521
6162,2021_Kelly,CC(=O)N1CCC[C@@H]1C(=O)N(C)[C@H](CC(C)C)C(=O)N[C@@H]1C(=O)N[C@H](CC(C)C)C(=O)N(C)[C@H](CC(C)C)C(=O)N(C)[C@H](CC(C)C)C(=O)N[C@@H](C)C(=O)N[C@H](CC(C)C)C(=O)N2CCC[C@H]2C(=O)O[C@@H]1C,L1_15.2.4.4.1.2,6162,-5.75,10,7,Lariat,0.218946,0.145025,-29.5315,11.343,9.703,1.64,0.113959,0.0578518,11.246,9.811,1.435,77,88,train,val,train,test,val,train,train,train,train,test,,train,0.125,-0.054580756
6161,2021_Kelly,CC(=O)N1CCC[C@@H]1C(=O)N(C)[C@H](CC(C)C)C(=O)N[C@@H]1C(=O)N[C@H](CC(C)C)C(=O)N(C)[C@H](CC(C)C)C(=O)N(C)[C@@H](CC(C)C)C(=O)N(C)[C@@H](C)C(=O)N[C@H](CC(C)C)C(=O)N2CCC[C@H]2C(=O)O[C@@H]1C,L1_15.2.4.3.3.2,6161,-5.33,10,7,Lariat,0.133965,0.0712654,-25.667,11.283,9.789,1.494,0.097211,0.058851,11.141,9.849,1.292,84,50,train,train,val,test,train,val,train,train,train,train,,train,0.3349999999999999,0.3158152
6159,2021_Kelly,CC(=O)N1CCC[C@@H]1C(=O)N(C)[C@H](CC(C)C)C(=O)N[C@@H]1C(=O)N[C@H](CC(C)C)C(=O)N(C)[C@H](CC(C)C)C(=O)N[C@H](CC(C)C)C(=O)N(C)[C@H](C)C(=O)N[C@H](CC(C)C)C(=O)N2CCC[C@H]2C(=O)O[C@@H]1C,L1_15.2.4.2.4.2,6159,-5.5,10,7,Lariat,0.215011,0.144059,-21.8801,11.504,9.789,1.715,0.145246,0.0969928,11.664,10.044,1.62,92,67,train,train,train,test,train,train,val,train,test,train,,train,0.25,0.017913613
6142,2021_Kelly,CC(=O)N1CCC[C@@H]1C(=O)N(C)[C@H](CC(C)C)C(=O)N[C@@H]1C(=O)N[C@H](CC(C)C)C(=O)N[C@H](CC(C)C)C(=O)N(C)[C@H](CC(C)C)C(=O)N[C@H](C)C(=O)N[C@H](CC(C)C)C(=O)N2CCC[C@H]2C(=O)O[C@@H]1C,L1_15.2.2.4.2.2,6142,-5.7,10,7,Lariat,0.161005,0.0986307,-25.0053,11.172,9.549,1.623,0.12456,0.0672916,10.199,8.854,1.345,59,15,val,train,train,test,train,train,train,train,train,train,,val,0.1499999999999999,-0.1257801
6116,2021_Kelly,CC(=O)N1CCC[C@@H]1C(=O)N(C)[C@H](CC(C)C)C(=O)N[C@@H]1C(=O)N[C@@H](CC(C)C)C(=O)N(C)[C@@H](CC(C)C)C(=O)N[C@@H](CC(C)C)C(=O)N(C)[C@@H](C)C(=O)N[C@H](CC(C)C)C(=O)N2CCC[C@H]2C(=O)O[C@@H]1C,L1_15.1.3.1.3.2,6116,-6.32,10,7,Lariat,0.141294,0.0688922,-26.7959,11.0,9.454,1.546,0.137094,0.0806234,10.947,9.831,1.116,37,77,train,train,train,test,train,train,val,train,test,train,,train,-0.1600000000000001,-0.14670359
6105,2021_Kelly,CC(=O)N1CCC[C@@H]1C(=O)N(C)[C@H](CC(C)C)C(=O)N[C@@H]1C(=O)N[C@@H](CC(C)C)C(=O)N[C@@H](CC(C)C)C(=O)N(C)[C@H](CC(C)C)C(=O)N(C)[C@@H](C)C(=O)N[C@H](CC(C)C)C(=O)N2CCC[C@H]2C(=O)O[C@@H]1C,L1_15.1.1.4.3.2,6105,-6.1,10,7,Lariat,0.167765,0.0935608,-18.2988,10.642,9.249,1.393,0.152577,0.102553,10.719,9.538,1.181,98,100,train,train,train,test,train,train,train,train,train,train,,train,-0.0499999999999998,-0.10867124
6104,2021_Kelly,CC(=O)N1CCC[C@@H]1C(=O)N(C)[C@H](CC(C)C)C(=O)N[C@@H]1C(=O)N[C@@H](CC(C)C)C(=O)N[C@@H](CC(C)C)C(=O)N(C)[C@@H](CC(C)C)C(=O)N(C)[C@H](C)C(=O)N[C@H](CC(C)C)C(=O)N2CCC[C@H]2C(=O)O[C@@H]1C,L1_15.1.1.3.4.2,6104,-6.42,10,7,Lariat,0.15318,0.083066,-26.8523,11.132,9.141,1.991,0.163743,0.106058,11.336,9.51,1.826,44,74,train,train,train,test,train,val,test,train,train,train,,train,-0.2099999999999999,-0.0011431882
6080,2021_Kelly,CC(=O)N1CCC[C@H]1C(=O)N(C)[C@H](CC(C)C)C(=O)N[C@@H]1C(=O)N(C)[C@@H](CC(C)C)C(=O)N(C)[C@@H](CC(C)C)C(=O)N[C@H](CC(C)C)C(=O)N[C@@H](C)C(=O)N[C@H](CC(C)C)C(=O)N2CCC[C@@H]2C(=O)O[C@@H]1C,L1_14.3.3.2.1.2,6080,-6.04,10,7,Lariat,0.168772,0.103954,-32.4393,11.598,9.954,1.644,0.117513,0.0586324,11.139,9.729,1.41,93,83,train,train,train,test,val,train,test,train,val,val,,train,-0.02,0.04133808
6079,2021_Kelly,CC(=O)N1CCC[C@H]1C(=O)N(C)[C@H](CC(C)C)C(=O)N[C@@H]1C(=O)N(C)[C@@H](CC(C)C)C(=O)N(C)[C@@H](CC(C)C)C(=O)N[C@@H](CC(C)C)C(=O)N(C)[C@@H](C)C(=O)N[C@H](CC(C)C)C(=O)N2CCC[C@@H]2C(=O)O[C@@H]1C,L1_14.3.3.1.3.2,6079,-5.18,10,7,Lariat,0.193855,0.130095,-27.5639,11.949,10.093,1.856,0.170306,0.12022,11.451,9.858,1.593,81,20,train,train,val,test,train,train,train,train,val,train,,train,0.4100000000000001,0.44750223
6073,2021_Kelly,CC(=O)N1CCC[C@H]1C(=O)N(C)[C@H](CC(C)C)C(=O)N[C@@H]1C(=O)N(C)[C@@H](CC(C)C)C(=O)N[C@@H](CC(C)C)C(=O)N(C)[C@@H](CC(C)C)C(=O)N(C)[C@H](C)C(=O)N[C@H](CC(C)C)C(=O)N2CCC[C@@H]2C(=O)O[C@@H]1C,L1_14.3.1.3.4.2,6073,-5.38,10,7,Lariat,0.183969,0.114917,-32.4249,11.525,9.528,1.997,0.181431,0.114859,11.466,9.634,1.832,69,99,train,train,val,test,train,test,train,train,train,train,,train,0.31,0.2772132
6070,2021_Kelly,CC(=O)N1CCC[C@H]1C(=O)N(C)[C@H](CC(C)C)C(=O)N[C@@H]1C(=O)N(C)[C@@H](CC(C)C)C(=O)N[C@@H](CC(C)C)C(=O)N[C@@H](CC(C)C)C(=O)N(C)[C@@H](C)C(=O)N[C@H](CC(C)C)C(=O)N2CCC[C@@H]2C(=O)O[C@@H]1C,L1_14.3.1.1.3.2,6070,-5.78,10,7,Lariat,0.193172,0.125074,-30.6747,11.906,10.127,1.779,0.177396,0.119835,11.643,10.026,1.617,85,24,train,train,test,test,train,train,test,train,train,val,,train,0.1099999999999998,0.09500923
6069,2021_Kelly,CC(=O)N1CCC[C@H]1C(=O)N(C)[C@H](CC(C)C)C(=O)N[C@@H]1C(=O)N(C)[C@@H](CC(C)C)C(=O)N[C@@H](CC(C)C)C(=O)N[C@@H](CC(C)C)C(=O)N[C@@H](C)C(=O)N[C@H](CC(C)C)C(=O)N2CCC[C@@H]2C(=O)O[C@@H]1C,L1_14.3.1.1.1.2,6069,-7.62,10,7,Lariat,0.289486,0.21361,-39.4812,11.636,9.658,1.978,0.117001,0.0531782,10.949,9.445,1.504,62,18,train,val,train,test,val,train,train,train,val,train,,train,-0.81,-0.5318207
6056,2021_Kelly,CC(=O)N1CCC[C@H]1C(=O)N(C)[C@H](CC(C)C)C(=O)N[C@@H]1C(=O)N[C@H](CC(C)C)C(=O)N[C@@H](CC(C)C)C(=O)N[C@@H](CC(C)C)C(=O)N(C)[C@H](C)C(=O)N[C@H](CC(C)C)C(=O)N2CCC[C@@H]2C(=O)O[C@@H]1C,L1_14.2.1.1.4.2,6056,-6.21,10,7,Lariat,0.28997,0.220371,-36.9482,11.673,9.732,1.941,0.157156,0.108109,11.733,9.885,1.848,82,51,train,train,val,test,train,train,train,train,train,train,,train,-0.1049999999999999,0.14948301
6053,2021_Kelly,CC(=O)N1CCC[C@H]1C(=O)N(C)[C@H](CC(C)C)C(=O)N[C@@H]1C(=O)N[C@@H](CC(C)C)C(=O)N(C)[C@H](CC(C)C)C(=O)N(C)[C@H](CC(C)C)C(=O)N(C)[C@H](C)C(=O)N[C@H](CC(C)C)C(=O)N2CCC[C@@H]2C(=O)O[C@@H]1C,L1_14.1.4.4.4.2,6053,-5.74,10,7,Lariat,0.131554,0.074853,-32.3418,11.731,9.532,2.199,0.207905,0.146421,11.834,9.974,1.86,77,18,train,train,train,test,test,val,val,train,train,test,,train,0.1299999999999999,0.045209166
6048,2021_Kelly,CC(=O)N1CCC[C@H]1C(=O)N(C)[C@H](CC(C)C)C(=O)N[C@@H]1C(=O)N[C@@H](CC(C)C)C(=O)N(C)[C@H](CC(C)C)C(=O)N[C@H](CC(C)C)C(=O)N[C@H](C)C(=O)N[C@H](CC(C)C)C(=O)N2CCC[C@@H]2C(=O)O[C@@H]1C,L1_14.1.4.2.2.2,6048,-6.68,10,7,Lariat,0.212155,0.128901,-36.0405,11.143,9.31,1.833,0.154164,0.0922387,11.181,9.661,1.52,51,41,train,val,train,test,test,train,train,train,train,val,,train,-0.3399999999999998,-0.32865164
6042,2021_Kelly,CC(=O)N1CCC[C@H]1C(=O)N(C)[C@H](CC(C)C)C(=O)N[C@@H]1C(=O)N[C@@H](CC(C)C)C(=O)N[C@H](CC(C)C)C(=O)N[C@H](CC(C)C)C(=O)N[C@@H](C)C(=O)N[C@H](CC(C)C)C(=O)N2CCC[C@@H]2C(=O)O[C@@H]1C,L1_14.1.2.2.1.2,6042,-6.85,10,7,Lariat,0.253123,0.16241,-39.8144,11.681,9.518,2.163,0.127975,0.0799482,10.488,8.891,1.597,41,59,test,train,train,test,train,train,val,train,train,train,,test,-0.4249999999999998,-0.7068546
6039,2021_Kelly,CC(=O)N1CCC[C@H]1C(=O)N(C)[C@H](CC(C)C)C(=O)N[C@@H]1C(=O)N[C@@H](CC(C)C)C(=O)N[C@@H](CC(C)C)C(=O)N[C@H](CC(C)C)C(=O)N[C@@H](C)C(=O)N[C@H](CC(C)C)C(=O)N2CCC[C@@H]2C(=O)O[C@@H]1C,L1_14.1.1.2.1.2,6039,-6.59,10,7,Lariat,0.198461,0.124827,-46.1895,12.307,10.21,2.097,0.0779421,0.0437506,9.778,8.334,1.444,25,65,train,val,train,test,train,train,val,train,train,train,,train,-0.2949999999999999,-0.7488181
6032,2021_Kelly,CC(=O)N1CCC[C@H]1C(=O)N(C)[C@H](CC(C)C)C(=O)N[C@@H]1C(=O)N(C)[C@H](CC(C)C)C(=O)N(C)[C@@H](CC(C)C)C(=O)N(C)[C@H](CC(C)C)C(=O)N(C)[C@@H](C)C(=O)N[C@H](CC(C)C)C(=O)N2CCC[C@H]2C(=O)O[C@@H]1C,L1_13.4.3.4.3.2,6032,-5.32,10,7,Lariat,0.208694,0.134508,-28.8294,11.698,9.902,1.796,0.134397,0.0812435,11.63,9.947,1.683,43,70,train,train,train,test,train,train,train,train,train,val,,train,0.3399999999999998,0.2677659
6031,2021_Kelly,CC(=O)N1CCC[C@H]1C(=O)N(C)[C@H](CC(C)C)C(=O)N[C@@H]1C(=O)N(C)[C@H](CC(C)C)C(=O)N(C)[C@@H](CC(C)C)C(=O)N(C)[C@H](CC(C)C)C(=O)N[C@H](C)C(=O)N[C@H](CC(C)C)C(=O)N2CCC[C@H]2C(=O)O[C@@H]1C,L1_13.4.3.4.2.2,6031,-5.28,10,7,Lariat,0.209049,0.125178,-31.0664,11.712,9.841,1.871,0.135315,0.0841086,11.554,9.844,1.71,67,64,train,val,train,test,val,train,train,train,train,train,,train,0.3599999999999999,0.16379829
6020,2021_Kelly,CC(=O)N1CCC[C@H]1C(=O)N(C)[C@H](CC(C)C)C(=O)N[C@@H]1C(=O)N(C)[C@@H](CC(C)C)C(=O)N(C)[C@@H](CC(C)C)C(=O)N(C)[C@H](CC(C)C)C(=O)N(C)[C@@H](C)C(=O)N[C@H](CC(C)C)C(=O)N2CCC[C@H]2C(=O)O[C@@H]1C,L1_13.3.3.4.3.2,6020,-6.03,10,7,Lariat,0.238423,0.150932,-21.7513,11.651,10.036,1.615,0.241311,0.167484,11.518,9.913,1.605,66,2,train,train,train,test,test,train,train,val,train,val,,train,-0.0150000000000001,0.2835345
6018,2021_Kelly,CC(=O)N1CCC[C@H]1C(=O)N(C)[C@H](CC(C)C)C(=O)N[C@@H]1C(=O)N(C)[C@@H](CC(C)C)C(=O)N[C@H](CC(C)C)C(=O)N[C@H](CC(C)C)C(=O)N(C)[C@H](C)C(=O)N[C@H](CC(C)C)C(=O)N2CCC[C@H]2C(=O)O[C@@H]1C,L1_13.3.2.2.4.2,6018,-5.86,10,7,Lariat,0.251231,0.156763,-28.4912,11.886,10.072,1.814,0.110818,0.058178,10.903,9.475,1.428,17,63,train,val,train,test,train,train,train,train,test,train,,train,0.0699999999999998,-0.037974887
6006,2021_Kelly,CC(=O)N1CCC[C@H]1C(=O)N(C)[C@H](CC(C)C)C(=O)N[C@@H]1C(=O)N[C@H](CC(C)C)C(=O)N(C)[C@@H](CC(C)C)C(=O)N[C@@H](CC(C)C)C(=O)N(C)[C@@H](C)C(=O)N[C@H](CC(C)C)C(=O)N2CCC[C@H]2C(=O)O[C@@H]1C,L1_13.2.3.1.3.2,6006,-5.21,10,7,Lariat,0.189637,0.122024,-24.4563,11.015,9.391,1.624,0.0903807,0.048369,10.458,8.938,1.52,31,59,train,train,train,test,train,test,train,train,train,train,,train,0.395,0.3254827
6004,2021_Kelly,CC(=O)N1CCC[C@H]1C(=O)N(C)[C@H](CC(C)C)C(=O)N[C@@H]1C(=O)N[C@H](CC(C)C)C(=O)N[C@H](CC(C)C)C(=O)N(C)[C@H](CC(C)C)C(=O)N(C)[C@H](C)C(=O)N[C@H](CC(C)C)C(=O)N2CCC[C@H]2C(=O)O[C@@H]1C,L1_13.2.2.4.4.2,6004,-6.44,10,7,Lariat,0.164612,0.095421,-23.8656,11.093,9.563,1.53,0.110945,0.0670823,10.641,9.102,1.539,82,22,train,train,train,test,val,train,train,val,train,test,,train,-0.2200000000000002,0.06969612
5993,2021_Kelly,CC(=O)N1CCC[C@H]1C(=O)N(C)[C@H](CC(C)C)C(=O)N[C@@H]1C(=O)N[C@H](CC(C)C)C(=O)N[C@@H](CC(C)C)C(=O)N[C@H](CC(C)C)C(=O)N[C@@H](C)C(=O)N[C@H](CC(C)C)C(=O)N2CCC[C@H]2C(=O)O[C@@H]1C,L1_13.2.1.2.1.2,5993,-6.81,10,7,Lariat,0.175123,0.103288,-37.6182,10.931,9.051,1.88,0.140104,0.100007,11.074,9.365,1.709,58,30,train,train,train,test,train,train,train,train,train,train,,train,-0.4049999999999998,-0.331938
5983,2021_Kelly,CC(=O)N1CCC[C@H]1C(=O)N(C)[C@H](CC(C)C)C(=O)N[C@@H]1C(=O)N[C@@H](CC(C)C)C(=O)N[C@H](CC(C)C)C(=O)N[C@H](CC(C)C)C(=O)N(C)[C@H](C)C(=O)N[C@H](CC(C)C)C(=O)N2CCC[C@H]2C(=O)O[C@@H]1C,L1_13.1.2.2.4.2,5983,-6.41,10,7,Lariat,0.162882,0.0894107,-32.7539,11.443,9.595,1.848,0.194242,0.121868,10.954,9.365,1.589,80,90,train,train,val,test,train,train,train,train,train,train,,train,-0.205,-0.15997273
5972,2021_Kelly,CC(=O)N1CCC[C@@H]1C(=O)N(C)[C@@H](CC(C)C)C(=O)N[C@@H]1C(=O)N(C)[C@H](CC(C)C)C(=O)N(C)[C@H](CC(C)C)C(=O)N[C@@H](CC(C)C)C(=O)N(C)[C@@H](C)C(=O)N[C@H](CC(C)C)C(=O)N2CCC[C@@H]2C(=O)O[C@@H]1C,L1_12.4.4.1.3.2,5972,-5.13,10,7,Lariat,0.255045,0.191185,-28.6151,11.917,10.0,1.917,0.127732,0.08127,11.957,10.182,1.775,81,93,train,test,test,test,train,test,train,train,train,train,,train,0.435,0.5391309
5957,2021_Kelly,CC(=O)N1CCC[C@@H]1C(=O)N(C)[C@@H](CC(C)C)C(=O)N[C@@H]1C(=O)N(C)[C@@H](CC(C)C)C(=O)N[C@H](CC(C)C)C(=O)N[C@H](CC(C)C)C(=O)N(C)[C@H](C)C(=O)N[C@H](CC(C)C)C(=O)N2CCC[C@@H]2C(=O)O[C@@H]1C,L1_12.3.2.2.4.2,5957,-6.19,10,7,Lariat,0.176836,0.114573,-16.5814,11.15,9.536,1.614,0.140133,0.0917451,10.908,9.469,1.439,24,80,train,train,train,test,train,train,val,train,train,train,,train,-0.0950000000000002,0.16772096
5954,2021_Kelly,CC(=O)N1CCC[C@@H]1C(=O)N(C)[C@@H](CC(C)C)C(=O)N[C@@H]1C(=O)N(C)[C@@H](CC(C)C)C(=O)N[C@@H](CC(C)C)C(=O)N(C)[C@@H](CC(C)C)C(=O)N(C)[C@H](C)C(=O)N[C@H](CC(C)C)C(=O)N2CCC[C@@H]2C(=O)O[C@@H]1C,L1_12.3.1.3.4.2,5954,-5.33,10,7,Lariat,0.240033,0.176609,-30.4311,11.87,9.844,2.026,0.238145,0.182496,11.29,9.547,1.743,41,93,train,test,train,test,train,train,train,test,train,train,,train,0.3349999999999999,0.33400413
5945,2021_Kelly,CC(=O)N1CCC[C@@H]1C(=O)N(C)[C@@H](CC(C)C)C(=O)N[C@@H]1C(=O)N[C@H](CC(C)C)C(=O)N[C@H](CC(C)C)C(=O)N[C@H](CC(C)C)C(=O)N(C)[C@H](C)C(=O)N[C@H](CC(C)C)C(=O)N2CCC[C@@H]2C(=O)O[C@@H]1C,L1_12.2.2.2.4.2,5945,-6.05,10,7,Lariat,0.160941,0.102195,-37.0404,10.871,9.041,1.83,0.192987,0.132906,10.397,8.881,1.516,90,43,train,val,train,test,test,test,train,train,train,train,,train,-0.0249999999999999,-0.2151728
5930,2021_Kelly,CC(=O)N1CCC[C@@H]1C(=O)N(C)[C@@H](CC(C)C)C(=O)N[C@@H]1C(=O)N[C@@H](CC(C)C)C(=O)N[C@@H](CC(C)C)C(=O)N[C@@H](CC(C)C)C(=O)N(C)[C@@H](C)C(=O)N[C@H](CC(C)C)C(=O)N2CCC[C@@H]2C(=O)O[C@@H]1C,L1_12.1.1.1.3.2,5930,-5.93,10,7,Lariat,0.250068,0.172619,-31.4725,11.338,9.614,1.724,0.10532,0.0647003,10.44,8.883,1.557,40,72,train,train,val,test,train,train,train,train,test,train,,train,0.0350000000000001,-0.13522401
5922,2021_Kelly,CC(=O)N1CCC[C@@H]1C(=O)N(C)[C@@H](CC(C)C)C(=O)N[C@@H]1C(=O)N(C)[C@H](CC(C)C)C(=O)N(C)[C@@H](CC(C)C)C(=O)N(C)[C@H](CC(C)C)C(=O)N(C)[C@@H](C)C(=O)N[C@H](CC(C)C)C(=O)N2CCC[C@H]2C(=O)O[C@@H]1C,L1_11.4.3.4.3.2,5922,-5.35,10,7,Lariat,0.220381,0.141286,-26.7403,12.293,10.569,1.724,0.236241,0.157601,11.71,10.237,1.473,91,46,train,train,train,test,test,train,train,test,val,train,,train,0.3250000000000002,0.350591
5883,2021_Kelly,CC(=O)N1CCC[C@@H]1C(=O)N(C)[C@@H](CC(C)C)C(=O)N[C@@H]1C(=O)N[C@H](CC(C)C)C(=O)N(C)[C@@H](CC(C)C)C(=O)N(C)[C@@H](CC(C)C)C(=O)N(C)[C@@H](C)C(=O)N[C@H](CC(C)C)C(=O)N2CCC[C@H]2C(=O)O[C@@H]1C,L1_11.2.3.3.3.2,5883,-5.4,10,7,Lariat,0.155181,0.0940438,-26.2481,11.656,9.723,1.933,0.114156,0.0531168,11.05,9.621,1.429,32,83,test,train,train,test,train,train,train,train,train,train,,test,0.2999999999999998,0.22904179
5876,2021_Kelly,CC(=O)N1CCC[C@@H]1C(=O)N(C)[C@@H](CC(C)C)C(=O)N[C@@H]1C(=O)N[C@H](CC(C)C)C(=O)N[C@H](CC(C)C)C(=O)N(C)[C@H](CC(C)C)C(=O)N[C@@H](C)C(=O)N[C@H](CC(C)C)C(=O)N2CCC[C@H]2C(=O)O[C@@H]1C,L1_11.2.2.4.1.2,5876,-5.87,10,7,Lariat,0.15843,0.0924426,-20.6557,10.835,9.099,1.736,0.134837,0.0780108,10.734,9.157,1.577,52,66,val,train,train,test,train,train,train,val,train,train,,val,0.0649999999999999,0.15252373
5868,2021_Kelly,CC(=O)N1CCC[C@@H]1C(=O)N(C)[C@@H](CC(C)C)C(=O)N[C@@H]1C(=O)N[C@H](CC(C)C)C(=O)N[C@H](CC(C)C)C(=O)N[C@@H](CC(C)C)C(=O)N(C)[C@@H](C)C(=O)N[C@H](CC(C)C)C(=O)N2CCC[C@H]2C(=O)O[C@@H]1C,L1_11.2.2.1.3.2,5868,-5.83,10,7,Lariat,0.205869,0.125847,-35.8009,11.671,9.686,1.985,0.118411,0.0697432,10.546,9.204,1.342,100,90,val,train,test,test,train,train,val,train,train,train,,val,0.0849999999999999,-0.13885833
5864,2021_Kelly,CC(=O)N1CCC[C@@H]1C(=O)N(C)[C@@H](CC(C)C)C(=O)N[C@@H]1C(=O)N[C@H](CC(C)C)C(=O)N[C@@H](CC(C)C)C(=O)N(C)[C@@H](CC(C)C)C(=O)N[C@@H](C)C(=O)N[C@H](CC(C)C)C(=O)N2CCC[C@H]2C(=O)O[C@@H]1C,L1_11.2.1.3.1.2,5864,-6.11,10,7,Lariat,0.198084,0.12287,-34.6442,11.706,9.764,1.942,0.179549,0.122738,10.831,9.237,1.594,73,49,train,val,train,test,train,train,train,train,train,train,,train,-0.0550000000000001,0.24641152
5789,2021_Kelly,CC(=O)N1CCC[C@H]1C(=O)N(C)[C@@H](CC(C)C)C(=O)N[C@@H]1C(=O)N[C@H](CC(C)C)C(=O)N[C@H](CC(C)C)C(=O)N(C)[C@@H](CC(C)C)C(=O)N(C)[C@@H](C)C(=O)N[C@H](CC(C)C)C(=O)N2CCC[C@@H]2C(=O)O[C@@H]1C,L1_10.2.2.3.3.2,5789,-6.4,10,7,Lariat,0.137212,0.0568862,-22.4668,11.139,9.511,1.628,0.117294,0.0570453,11.201,9.618,1.583,81,20,train,train,train,test,train,val,train,train,train,train,,train,-0.2000000000000001,-0.021720596
5780,2021_Kelly,CC(=O)N1CCC[C@H]1C(=O)N(C)[C@@H](CC(C)C)C(=O)N[C@@H]1C(=O)N[C@H](CC(C)C)C(=O)N[C@@H](CC(C)C)C(=O)N[C@H](CC(C)C)C(=O)N(C)[C@H](C)C(=O)N[C@H](CC(C)C)C(=O)N2CCC[C@@H]2C(=O)O[C@@H]1C,L1_10.2.1.2.4.2,5780,-7.16,10,7,Lariat,0.137377,0.077802,-34.9044,11.206,9.252,1.954,0.141635,0.0863627,11.387,9.411,1.976,72,92,train,train,train,test,train,train,train,test,train,train,,train,-0.5800000000000001,-0.117584966
5775,2021_Kelly,CC(=O)N1CCC[C@H]1C(=O)N(C)[C@@H](CC(C)C)C(=O)N[C@@H]1C(=O)N[C@@H](CC(C)C)C(=O)N(C)[C@H](CC(C)C)C(=O)N[C@H](CC(C)C)C(=O)N(C)[C@H](C)C(=O)N[C@H](CC(C)C)C(=O)N2CCC[C@@H]2C(=O)O[C@@H]1C,L1_10.1.4.2.4.2,5775,-6.43,10,7,Lariat,0.180943,0.109039,-34.3139,11.663,9.383,2.28,0.160427,0.107,11.52,9.741,1.779,47,32,train,train,train,test,train,train,train,val,train,train,,train,-0.2149999999999998,-0.39776155
5773,2021_Kelly,CC(=O)N1CCC[C@H]1C(=O)N(C)[C@@H](CC(C)C)C(=O)N[C@@H]1C(=O)N[C@@H](CC(C)C)C(=O)N(C)[C@@H](CC(C)C)C(=O)N[C@@H](CC(C)C)C(=O)N(C)[C@H](C)C(=O)N[C@H](CC(C)C)C(=O)N2CCC[C@@H]2C(=O)O[C@@H]1C,L1_10.1.3.1.4.2,5773,-5.49,10,7,Lariat,0.158182,0.0982325,-38.6634,11.376,9.534,1.842,0.123194,0.0717484,11.035,9.558,1.477,53,95,val,train,train,test,train,train,train,train,test,val,,val,0.2549999999999999,0.14008434
5769,2021_Kelly,CC(=O)N1CCC[C@H]1C(=O)N(C)[C@@H](CC(C)C)C(=O)N[C@@H]1C(=O)N[C@@H](CC(C)C)C(=O)N[C@@H](CC(C)C)C(=O)N(C)[C@@H](CC(C)C)C(=O)N(C)[C@H](C)C(=O)N[C@H](CC(C)C)C(=O)N2CCC[C@@H]2C(=O)O[C@@H]1C,L1_10.1.1.3.4.2,5769,-6.36,10,7,Lariat,0.215294,0.127542,-30.9154,11.506,9.436,2.07,0.278769,0.206069,10.995,9.343,1.652,67,74,test,train,train,test,train,train,train,val,val,train,,test,-0.1800000000000001,-0.11271105
5760,2021_Kelly,CC(=O)N1CCC[C@H]1C(=O)N(C)[C@@H](CC(C)C)C(=O)N[C@@H]1C(=O)N(C)[C@H](CC(C)C)C(=O)N(C)[C@H](CC(C)C)C(=O)N[C@@H](CC(C)C)C(=O)N(C)[C@H](C)C(=O)N[C@@H](CC(C)C)C(=O)N2CCC[C@H]2C(=O)O[C@@H]1C,L1_1.4.4.1.4.1,5760,-5.45,10,7,Lariat,0.242384,0.137328,-25.2609,11.927,10.078,1.849,0.0820645,0.0399191,10.415,9.172,1.243,33,14,train,train,test,test,train,train,train,train,val,train,,train,0.2749999999999999,0.27981317
5757,2021_Kelly,CC(=O)N1CCC[C@H]1C(=O)N(C)[C@@H](CC(C)C)C(=O)N[C@@H]1C(=O)N(C)[C@H](CC(C)C)C(=O)N(C)[C@@H](CC(C)C)C(=O)N(C)[C@@H](CC(C)C)C(=O)N(C)[C@H](C)C(=O)N[C@@H](CC(C)C)C(=O)N2CCC[C@H]2C(=O)O[C@@H]1C,L1_1.4.3.3.4.1,5757,-5.32,10,7,Lariat,0.14167,0.0787718,-26.7761,12.066,10.277,1.789,0.136954,0.0830136,11.982,10.278,1.704,68,41,train,test,train,test,train,train,train,train,test,train,,train,0.3399999999999998,0.2850258
5754,2021_Kelly,CC(=O)N1CCC[C@H]1C(=O)N(C)[C@@H](CC(C)C)C(=O)N[C@@H]1C(=O)N(C)[C@H](CC(C)C)C(=O)N[C@H](CC(C)C)C(=O)N(C)[C@H](CC(C)C)C(=O)N(C)[C@H](C)C(=O)N[C@@H](CC(C)C)C(=O)N2CCC[C@H]2C(=O)O[C@@H]1C,L1_1.4.2.4.4.1,5754,-5.24,10,7,Lariat,0.179918,0.112136,-32.4506,11.995,10.002,1.993,0.180954,0.115855,11.666,9.967,1.699,83,43,val,train,train,test,train,train,train,train,train,train,,val,0.3799999999999999,0.28063864
5752,2021_Kelly,CC(=O)N1CCC[C@H]1C(=O)N(C)[C@@H](CC(C)C)C(=O)N[C@@H]1C(=O)N(C)[C@H](CC(C)C)C(=O)N[C@H](CC(C)C)C(=O)N(C)[C@@H](CC(C)C)C(=O)N(C)[C@H](C)C(=O)N[C@@H](CC(C)C)C(=O)N2CCC[C@H]2C(=O)O[C@@H]1C,L1_1.4.2.3.4.1,5752,-5.36,10,7,Lariat,0.173558,0.0955488,-31.2843,11.834,9.932,1.902,0.123849,0.075295,11.629,9.813,1.816,77,35,train,train,train,test,train,train,train,train,test,train,,train,0.3199999999999998,0.27283838
5747,2021_Kelly,CC(=O)N1CCC[C@H]1C(=O)N(C)[C@@H](CC(C)C)C(=O)N[C@@H]1C(=O)N(C)[C@H](CC(C)C)C(=O)N[C@H](CC(C)C)C(=O)N[C@@H](CC(C)C)C(=O)N(C)[C@@H](C)C(=O)N[C@@H](CC(C)C)C(=O)N2CCC[C@H]2C(=O)O[C@@H]1C,L1_1.4.2.1.3.1,5747,-6.45,10,7,Lariat,0.136448,0.0736696,-24.937,11.137,9.414,1.723,0.121217,0.0805862,11.045,9.408,1.637,68,61,train,train,train,test,train,train,val,test,train,val,,train,-0.2250000000000001,-0.31835434
5744,2021_Kelly,CC(=O)N1CCC[C@H]1C(=O)N(C)[C@@H](CC(C)C)C(=O)N[C@@H]1C(=O)N(C)[C@@H](CC(C)C)C(=O)N(C)[C@H](CC(C)C)C(=O)N(C)[C@H](CC(C)C)C(=O)N(C)[C@@H](C)C(=O)N[C@@H](CC(C)C)C(=O)N2CCC[C@H]2C(=O)O[C@@H]1C,L1_1.3.4.4.3.1,5744,-5.61,10,7,Lariat,0.199944,0.125036,-23.6398,11.97,10.089,1.881,0.166533,0.110738,11.727,9.889,1.838,12,18,train,train,train,test,train,train,train,train,train,train,,train,0.1949999999999998,0.26075795
5738,2021_Kelly,CC(=O)N1CCC[C@H]1C(=O)N(C)[C@@H](CC(C)C)C(=O)N[C@@H]1C(=O)N(C)[C@@H](CC(C)C)C(=O)N(C)[C@@H](CC(C)C)C(=O)N(C)[C@H](CC(C)C)C(=O)N(C)[C@@H](C)C(=O)N[C@@H](CC(C)C)C(=O)N2CCC[C@H]2C(=O)O[C@@H]1C,L1_1.3.3.4.3.1,5738,-5.29,10,7,Lariat,0.175362,0.105783,-24.7854,11.508,9.536,1.972,0.328064,0.262939,11.084,9.586,1.498,31,22,train,train,train,test,train,train,train,test,val,train,,train,0.355,0.31144688
5728,2021_Kelly,CC(=O)N1CCC[C@H]1C(=O)N(C)[C@@H](CC(C)C)C(=O)N[C@@H]1C(=O)N(C)[C@@H](CC(C)C)C(=O)N[C@@H](CC(C)C)C(=O)N(C)[C@@H](CC(C)C)C(=O)N(C)[C@H](C)C(=O)N[C@@H](CC(C)C)C(=O)N2CCC[C@H]2C(=O)O[C@@H]1C,L1_1.3.1.3.4.1,5728,-5.31,10,7,Lariat,0.144854,0.0798276,-29.3253,11.327,9.502,1.825,0.132584,0.0808378,11.134,9.45,1.684,47,48,train,val,val,test,test,train,train,train,val,train,,train,0.3450000000000002,0.32615545
5725,2021_Kelly,CC(=O)N1CCC[C@H]1C(=O)N(C)[C@@H](CC(C)C)C(=O)N[C@@H]1C(=O)N(C)[C@@H](CC(C)C)C(=O)N[C@@H](CC(C)C)C(=O)N[C@H](CC(C)C)C(=O)N(C)[C@@H](C)C(=O)N[C@@H](CC(C)C)C(=O)N2CCC[C@H]2C(=O)O[C@@H]1C,L1_1.3.1.2.3.1,5725,-5.25,10,7,Lariat,0.229847,0.150216,-35.002,11.594,9.393,2.201,0.185929,0.124961,11.805,9.917,1.888,34,23,train,val,train,test,test,train,train,test,train,train,,train,0.375,0.41307843
5710,2021_Kelly,CC(=O)N1CCC[C@H]1C(=O)N(C)[C@@H](CC(C)C)C(=O)N[C@@H]1C(=O)N[C@H](CC(C)C)C(=O)N[C@H](CC(C)C)C(=O)N(C)[C@H](CC(C)C)C(=O)N(C)[C@@H](C)C(=O)N[C@@H](CC(C)C)C(=O)N2CCC[C@H]2C(=O)O[C@@H]1C,L1_1.2.2.4.3.1,5710,-5.87,10,7,Lariat,0.303108,0.187487,-30.422,11.489,9.754,1.735,0.183508,0.131567,11.182,9.552,1.63,100,45,train,val,train,test,train,train,train,train,train,train,,train,0.0649999999999999,-0.007367444
5699,2021_Kelly,CC(=O)N1CCC[C@H]1C(=O)N(C)[C@@H](CC(C)C)C(=O)N[C@@H]1C(=O)N[C@H](CC(C)C)C(=O)N[C@@H](CC(C)C)C(=O)N(C)[C@H](CC(C)C)C(=O)N(C)[C@@H](C)C(=O)N[C@@H](CC(C)C)C(=O)N2CCC[C@H]2C(=O)O[C@@H]1C,L1_1.2.1.4.3.1,5699,-5.39,10,7,Lariat,0.217605,0.131384,-37.3094,11.985,9.991,1.994,0.124168,0.0812651,11.434,9.785,1.649,93,83,val,train,train,test,train,train,train,train,val,train,,val,0.3050000000000001,0.23575747
5695,2021_Kelly,CC(=O)N1CCC[C@H]1C(=O)N(C)[C@@H](CC(C)C)C(=O)N[C@@H]1C(=O)N[C@H](CC(C)C)C(=O)N[C@@H](CC(C)C)C(=O)N[C@@H](CC(C)C)C(=O)N(C)[C@@H](C)C(=O)N[C@@H](CC(C)C)C(=O)N2CCC[C@H]2C(=O)O[C@@H]1C,L1_1.2.1.1.3.1,5695,-6.56,10,7,Lariat,0.15354,0.083405,-25.6883,10.652,8.882,1.77,0.124055,0.0732574,10.734,9.038,1.696,2,90,train,test,train,test,train,train,val,train,train,train,,train,-0.2799999999999998,-0.20219184
5676,2021_Kelly,CC(=O)N1CCC[C@H]1C(=O)N(C)[C@@H](CC(C)C)C(=O)N[C@@H]1C(=O)N[C@@H](CC(C)C)C(=O)N[C@@H](CC(C)C)C(=O)N(C)[C@@H](CC(C)C)C(=O)N(C)[C@@H](C)C(=O)N[C@@H](CC(C)C)C(=O)N2CCC[C@H]2C(=O)O[C@@H]1C,L1_1.1.1.3.3.1,5676,-6.5,10,7,Lariat,0.212429,0.140616,-28.102,11.368,9.48,1.888,0.120217,0.0729414,11.465,9.824,1.641,96,31,train,train,val,test,train,train,train,train,train,test,,train,-0.25,-0.30679056
5670,2021_Kelly,CC(=O)N1CCC[C@H]1C(=O)N(C)[C@@H](CC(C)C)C(=O)N[C@@H]1C(=O)N[C@@H](CC(C)C)C(=O)N[C@@H](CC(C)C)C(=O)N[C@@H](CC(C)C)C(=O)N(C)[C@@H](C)C(=O)N[C@@H](CC(C)C)C(=O)N2CCC[C@H]2C(=O)O[C@@H]1C,L1_1.1.1.1.3.1,5670,-6.82,10,7,Lariat,0.168243,0.09787,-33.1154,11.473,9.515,1.958,0.177038,0.108857,11.923,10.097,1.826,59,20,train,train,test,test,train,train,train,train,train,train,,train,-0.4100000000000001,-0.5068595
5578,2020_Townsend,CC(C)C[C@@H]1NC(=O)[C@@H](CC(C)C)N(C)C(=O)[C@H](C)N(C)C(=O)[C@@H]2CCCN2C(=O)[C@H](Cc2ccccc2)NC(=O)CN(Cc2ccccc2)C(=O)[C@H]2CCCN2C1=O,hepta_2001,5578,-5.7,7,7,Circle,0.130318,0.0461431,-27.2022,9.098,8.005,1.093,0.120557,0.0502976,9.017,8.041,0.976,3,40,train,train,test,test,train,train,train,train,train,train,,train,0.1499999999999999,-0.13713239
5549,2020_Townsend,CC(C)C[C@@H]1NC(=O)[C@H]2CCCN2C(=O)[C@H](CC(C)C)N(C)C(=O)[C@@H](CC(C)C)NC(=O)[C@H](C)N(C)C(=O)[C@@H]2CCCN2C(=O)[C@H](Cc2ccccc2)NC1=O,hepta_1972,5549,-6.1,7,7,Circle,0.119101,0.0382579,-28.9339,8.699,7.406,1.293,0.0981639,0.0360605,8.567,7.487,1.08,92,39,train,train,train,test,train,test,train,train,val,test,,train,-0.0499999999999998,-0.3762404
5547,2020_Townsend,CC(C)C[C@@H]1NC(=O)[C@@H](CC(C)C)N(C)C(=O)[C@H](C)N(C)C(=O)[C@@H]2CCCN2C(=O)[C@H](Cc2ccccc2)NC(=O)[C@@H](CC(C)C)NC(=O)[C@H]2CCCN2C1=O,hepta_1970,5547,-5.95,7,7,Circle,0.116456,0.0434529,-26.1116,8.957,7.735,1.222,0.130011,0.0456802,8.922,7.74,1.182,73,96,val,train,train,test,train,train,train,train,train,train,,val,0.0249999999999999,-0.048778363
5535,2020_Townsend,CC(C)C[C@@H]1NC(=O)[C@@H](C)NC(=O)[C@@H]2CCCN2C(=O)[C@H](Cc2ccccc2)NC(=O)CN(Cc2ccccc2)C(=O)[C@H]2CCCN2C(=O)[C@H](CC(C)C)N(C)C1=O,hepta_1958,5535,-6.3,7,7,Circle,0.182745,0.0641151,-31.1041,9.173,7.952,1.221,0.164691,0.0564817,8.986,7.773,1.213,78,21,train,train,train,test,train,train,test,train,train,train,,train,-0.1499999999999999,-1.1441605
5533,2020_Townsend,CC(C)C[C@H]1C(=O)N2CCC[C@@H]2C(=O)N(Cc2ccccc2)CC(=O)N[C@@H](Cc2ccccc2)C(=O)N2CCC[C@H]2C(=O)N[C@H](C)C(=O)N[C@H](CC(C)C)C(=O)N1C,hepta_1956,5533,-5.8,7,7,Circle,0.132526,0.0446432,-45.8448,9.022,7.644,1.378,0.16868,0.0633566,9.117,7.887,1.23,47,2,train,train,test,test,val,train,train,train,train,train,,train,0.1,0.18066652
5532,2020_Townsend,CC(C)C[C@H]1C(=O)N[C@@H](Cc2ccccc2)C(=O)N2CCC[C@H]2C(=O)N[C@H](C)C(=O)N[C@H](CC(C)C)C(=O)N(Cc2ccccc2)CC(=O)N2CCC[C@@H]2C(=O)N1C,hepta_1955,5532,-5.71,7,7,Circle,0.151527,0.0569438,-31.6599,9.086,7.78,1.306,0.116892,0.0573287,9.035,7.793,1.242,44,25,train,train,train,test,train,train,train,train,train,train,,train,0.145,-0.8177807
5528,2020_Townsend,CC(C)C[C@H]1C(=O)N2CCC[C@@H]2C(=O)N(C)[C@@H](CC(C)C)C(=O)N[C@@H](Cc2ccccc2)C(=O)N2CCC[C@H]2C(=O)N[C@H](C)C(=O)N(C)[C@H](CC(C)C)C(=O)N1C,hepta_1951,5528,-5.56,7,7,Circle,0.14091,0.0359804,-30.4862,8.897,7.757,1.14,0.142059,0.0476776,9.08,7.968,1.112,34,87,train,train,val,test,val,train,train,train,train,train,,train,0.2200000000000002,0.16824734
5520,2020_Townsend,CC(C)C[C@@H]1NC(=O)[C@H]2CCCN2C(=O)[C@H](CC(C)C)N(C)C(=O)[C@H](CC(C)C)NC(=O)[C@@H](C)NC(=O)[C@@H]2CCCN2C(=O)[C@H](Cc2ccccc2)NC1=O,hepta_1943,5520,-6.11,7,7,Circle,0.195969,0.0815097,-23.5056,8.578,7.356,1.222,0.109401,0.0507976,8.708,7.519,1.189,7,77,val,test,train,test,train,train,val,train,train,train,,val,-0.0550000000000001,-0.5937335
5518,2020_Townsend,CC(C)C[C@@H]1NC(=O)[C@@H](CC(C)C)NC(=O)[C@@H](C)NC(=O)[C@@H]2CCCN2C(=O)[C@H](Cc2ccccc2)NC(=O)[C@@H](CC(C)C)NC(=O)[C@H]2CCCN2C1=O,hepta_1941,5518,-6.07,7,7,Circle,0.140584,0.0524313,-25.6202,8.692,7.49,1.202,0.104367,0.0419717,8.475,7.363,1.112,61,54,train,train,train,test,train,train,train,train,train,train,,train,-0.0350000000000001,-0.47354484
5503,2020_Townsend,CC(C)C[C@H]1NC(=O)[C@@H]2CCCN2C(=O)CN(Cc2ccccc2)C(=O)CN(Cc2ccccc2)C(=O)[C@H](C)NC(=O)[C@@H]2CCCN2C(=O)[C@H](Cc2ccccc2)NC1=O,hepta_1926,5503,-10.0,7,7,Circle,0.164871,0.0665742,-35.9883,8.982,7.705,1.277,0.163001,0.0642654,8.828,7.428,1.4,49,54,train,train,train,test,train,train,train,train,train,val,,train,-1.0,0.043446258
5502,2020_Townsend,CC(C)C[C@H]1C(=O)N2CCC[C@H]2C(=O)N(Cc2ccccc2)CC(=O)N[C@@H](Cc2ccccc2)C(=O)N2CCC[C@H]2C(=O)N[C@@H](C)C(=O)N(C)[C@H](CC(C)C)C(=O)N1C,hepta_1925,5502,-5.75,7,7,Circle,0.120384,0.0386458,-33.9212,9.091,7.967,1.124,0.132877,0.0477437,8.986,7.86,1.126,31,60,train,val,train,test,train,train,train,train,train,train,,train,0.125,0.21362069
5501,2020_Townsend,CC(C)C[C@H]1C(=O)N[C@@H](Cc2ccccc2)C(=O)N2CCC[C@H]2C(=O)N[C@@H](C)C(=O)N(C)[C@H](CC(C)C)C(=O)N(Cc2ccccc2)CC(=O)N2CCC[C@H]2C(=O)N1C,hepta_1924,5501,-5.8,7,7,Circle,0.15865,0.065934,-41.6839,9.317,8.177,1.14,0.1227,0.0435976,8.799,7.65,1.149,87,40,train,train,test,test,train,train,test,train,val,val,,train,0.1,0.08169145
5491,2020_Townsend,CC(C)C[C@H]1C(=O)N2CCC[C@H]2C(=O)N(Cc2ccccc2)CC(=O)N[C@@H](Cc2ccccc2)C(=O)N2CCC[C@H]2C(=O)N[C@@H](C)C(=O)N[C@H](CC(C)C)C(=O)N1C,hepta_1914,5491,-5.75,7,7,Circle,0.138429,0.0399196,-51.0098,9.633,8.353,1.28,0.165885,0.057176,8.884,7.81,1.074,20,91,train,train,train,test,train,val,train,train,train,train,,train,0.125,0.09543922
5474,2020_Townsend,CC(C)C[C@@H]1C(=O)N(C)[C@H](CC(C)C)C(=O)N2CCC[C@H]2C(=O)N(C)[C@H](CC(C)C)C(=O)N[C@@H](Cc2ccccc2)C(=O)N2CCC[C@H]2C(=O)N[C@@H](C)C(=O)N1C,hepta_1897,5474,-5.2,7,7,Circle,0.137476,0.042774,-28.3225,9.22,8.022,1.198,0.0860901,0.0505995,8.815,7.723,1.092,88,2,train,train,test,test,train,train,train,train,train,train,,train,0.3999999999999999,0.24486007
5447,2020_Townsend,CC(C)C[C@@H]1NC(=O)[C@H](CC(C)C)N(C)C(=O)[C@H](C)NC(=O)[C@@H]2CCCN2C(=O)[C@H](Cc2ccccc2)NC(=O)[C@@H](CC(C)C)NC(=O)[C@@H]2CCCN2C1=O,hepta_1870,5447,-6.14,7,7,Circle,0.152613,0.0517878,-33.896,9.041,7.621,1.42,0.129669,0.0395915,8.596,7.33,1.266,72,24,val,train,train,test,train,train,train,train,test,val,,val,-0.0699999999999998,-0.19374418
5430,2020_Townsend,CC(C)C[C@@H]1NC(=O)[C@@H](CC(C)C)NC(=O)[C@H](C)NC(=O)[C@@H]2CCCN2C(=O)[C@H](Cc2ccccc2)NC(=O)[C@@H](CC(C)C)NC(=O)[C@@H]2CCCN2C1=O,hepta_1853,5430,-6.18,7,7,Circle,0.0956693,0.0393802,-26.9255,8.499,7.236,1.263,0.0930069,0.0315697,8.328,6.996,1.332,83,91,test,train,train,test,train,val,train,train,train,train,,test,-0.0899999999999998,-0.42478442
5405,2020_Townsend,CC(C)C[C@H]1C(=O)N(C)[C@@H](CC(C)C)C(=O)N2CCC[C@@H]2C(=O)N(C)[C@@H](CC(C)C)C(=O)N[C@@H](Cc2ccccc2)C(=O)N2CCC[C@H]2C(=O)N[C@@H](Cc2ccccc2)CC(=O)N1C,hepta_1828,5405,-5.5,7,7,Circle,0.18467,0.0636002,-26.6398,9.929,8.866,1.063,0.16909,0.07384,10.113,9.137,0.976,17,40,train,train,train,test,test,train,test,train,train,train,,train,0.25,0.28860682
5401,2020_Townsend,CC(C)C[C@H]1C(=O)N[C@@H](Cc2ccccc2)C(=O)N2CCC[C@H]2C(=O)N[C@@H](Cc2ccccc2)CC(=O)N(Cc2ccccc2)CC(=O)N[C@H](CC(C)C)C(=O)N2CCC[C@@H]2C(=O)N1C,hepta_1824,5401,-5.6,7,7,Circle,0.190095,0.0664165,-25.6554,9.649,8.517,1.132,0.144113,0.0523008,9.749,8.597,1.152,14,60,train,train,train,test,train,train,train,test,train,train,,train,0.2000000000000001,0.13871756
5393,2020_Townsend,CC(C)C[C@H]1NC(=O)C[C@H](Cc2ccccc2)NC(=O)[C@@H]2CCCN2C(=O)[C@H](Cc2ccccc2)NC(=O)[C@@H](CC(C)C)N(C)C(=O)[C@H]2CCCN2C(=O)CN(Cc2ccccc2)C1=O,hepta_1816,5393,-6.84,7,7,Circle,0.309399,0.126243,-38.5527,10.067,8.741,1.326,0.178337,0.0731601,9.983,8.864,1.119,48,38,train,train,train,test,val,train,val,val,train,test,,train,-0.4199999999999999,0.22899675
5372,2020_Townsend,CC(C)C[C@H]1C(=O)N[C@H](CC(C)C)C(=O)N2CCC[C@@H]2C(=O)N(C)[C@H](CC(C)C)C(=O)N[C@@H](Cc2ccccc2)C(=O)N2CCC[C@H]2C(=O)N[C@@H](Cc2ccccc2)CC(=O)N1C,hepta_1795,5372,-5.41,7,7,Circle,0.170789,0.056909,-27.9104,10.335,8.882,1.453,0.18972,0.0711977,9.992,8.672,1.32,24,24,test,val,val,test,train,test,train,train,train,train,,test,0.2949999999999999,0.35189673
5369,2020_Townsend,CC(C)C[C@H]1NC(=O)[C@@H](CC(C)C)N(C)C(=O)C[C@H](Cc2ccccc2)NC(=O)[C@@H]2CCCN2C(=O)[C@H](Cc2ccccc2)NC(=O)[C@@H](CC(C)C)N(C)C(=O)[C@H]2CCCN2C1=O,hepta_1792,5369,-5.32,7,7,Circle,0.18333,0.0682489,-24.1085,9.883,8.634,1.249,0.156138,0.0498095,9.801,8.679,1.122,59,10,test,train,test,test,train,val,train,val,train,train,,test,0.3399999999999998,0.45182338
5349,2020_Townsend,CCCN1CC(=O)N(Cc2ccccc2)CC(=O)N[C@@H](Cc2ccccc2)CC(=O)N2CCC[C@H]2C(=O)N(C)[C@@H](CC(C)C)C(=O)N[C@@H](Cc2ccccc2)C(=O)N2CCC[C@H]2C1=O,hepta_1772,5349,-5.64,7,7,Circle,0.18923,0.0755553,-28.1037,9.315,8.097,1.218,0.192007,0.057283,9.624,8.447,1.177,69,30,train,train,train,test,train,train,train,train,train,test,,train,0.1800000000000001,-0.10228881
5337,2020_Townsend,CCCN1CC(=O)N(C)[C@@H](CC(C)C)C(=O)N(C)[C@@H](CC(C)C)C(=O)N2CCC[C@H]2C(=O)N(Cc2ccccc2)CC(=O)N[C@@H](Cc2ccccc2)C(=O)N2CCC[C@H]2C1=O,hepta_1760,5337,-5.39,7,7,Circle,0.131289,0.0404831,-41.4202,8.966,7.642,1.324,0.12961,0.0400226,9.143,7.952,1.191,79,60,train,train,train,test,train,train,train,train,train,train,,train,0.3050000000000001,0.39670458
5333,2020_Townsend,CCCN1CC(=O)N(C)[C@@H](CC(C)C)C(=O)N[C@@H](Cc2ccccc2)CC(=O)N2CCC[C@H]2C(=O)N[C@@H](CC(C)C)C(=O)N[C@@H](Cc2ccccc2)C(=O)N2CCC[C@H]2C1=O,hepta_1756,5333,-5.71,7,7,Circle,0.152648,0.0573561,-39.9794,9.496,8.094,1.402,0.149697,0.0390452,9.411,8.212,1.199,75,44,train,train,val,test,train,train,train,train,train,test,,train,0.145,0.1225984
5328,2020_Townsend,CCCN1CC(=O)N[C@H](CC(C)C)C(=O)N[C@@H](Cc2ccccc2)CC(=O)N2CCC[C@H]2C(=O)N(C)[C@@H](CC(C)C)C(=O)N[C@@H](Cc2ccccc2)C(=O)N2CCC[C@H]2C1=O,hepta_1751,5328,-5.5,7,7,Circle,0.178398,0.0476384,-25.3331,9.548,8.348,1.2,0.169359,0.0699899,9.36,8.212,1.148,70,23,train,val,train,test,train,train,train,train,val,train,,train,0.25,0.037377764
5327,2020_Townsend,CCCN1CC(=O)N(C)[C@H](CC(C)C)C(=O)N[C@@H](Cc2ccccc2)CC(=O)N2CCC[C@H]2C(=O)N[C@@H](CC(C)C)C(=O)N[C@@H](Cc2ccccc2)C(=O)N2CCC[C@H]2C1=O,hepta_1750,5327,-5.73,7,7,Circle,0.118917,0.0376774,-25.3282,8.929,7.784,1.145,0.161736,0.0659266,9.267,8.081,1.186,40,12,train,train,train,test,train,train,train,train,train,train,,train,0.1349999999999998,0.15027894
5319,2020_Townsend,CCCN1CC(=O)N[C@H](CC(C)C)C(=O)N(C)[C@@H](CC(C)C)C(=O)N2CCC[C@H]2C(=O)N(Cc2ccccc2)CC(=O)N[C@@H](Cc2ccccc2)C(=O)N2CCC[C@H]2C1=O,hepta_1742,5319,-5.49,7,7,Circle,0.122468,0.0518392,-30.7725,8.837,7.634,1.203,0.158991,0.049633,9.341,8.264,1.077,48,25,train,train,train,test,val,test,train,train,train,train,,train,0.2549999999999999,0.18960121
5305,2020_Townsend,CCCN1CC(=O)N(C)[C@H](CC(C)C)C(=O)N(C)[C@H](CC(C)C)C(=O)N2CCC[C@H]2C(=O)N(C)[C@H](CC(C)C)C(=O)N[C@@H](Cc2ccccc2)C(=O)N2CCC[C@H]2C1=O,hepta_1728,5305,-5.42,7,7,Circle,0.11346,0.0449232,-15.74,9.313,8.245,1.068,0.111608,0.0398104,9.257,8.189,1.068,83,19,train,train,train,test,train,train,test,train,train,train,,train,0.29,0.6039412
5299,2020_Townsend,CCCN1CC(=O)N(Cc2ccccc2)CC(=O)N[C@H](CC(C)C)C(=O)N2CCC[C@H]2C(=O)N[C@@H](CC(C)C)C(=O)N[C@@H](Cc2ccccc2)C(=O)N2CCC[C@H]2C1=O,hepta_1722,5299,-10.0,7,7,Circle,0.264466,0.104588,-30.1565,9.033,7.756,1.277,0.124066,0.0402606,8.655,7.501,1.154,51,47,train,train,train,test,train,train,val,train,train,train,,train,-1.0,0.0029007448
5297,2020_Townsend,CCCN1CC(=O)N(C)[C@H](CC(C)C)C(=O)N[C@@H](CC(C)C)C(=O)N2CCC[C@H]2C(=O)N(C)[C@@H](CC(C)C)C(=O)N[C@@H](Cc2ccccc2)C(=O)N2CCC[C@H]2C1=O,hepta_1720,5297,-5.14,7,7,Circle,0.127953,0.0455547,-30.5436,9.552,8.407,1.145,0.103681,0.0360269,8.997,8.211,0.786,78,33,train,val,train,test,train,train,train,train,train,train,,train,0.4300000000000001,0.49157625
5295,2020_Townsend,CCCN1CC(=O)N(C)[C@@H](CC(C)C)C(=O)N(C)[C@H](CC(C)C)C(=O)N2CCC[C@H]2C(=O)N[C@@H](CC(C)C)C(=O)N[C@@H](Cc2ccccc2)C(=O)N2CCC[C@H]2C1=O,hepta_1718,5295,-5.69,7,7,Circle,0.103141,0.0393315,-24.0801,8.727,7.711,1.016,0.11405,0.0338774,8.78,7.813,0.967,77,92,train,test,train,test,train,train,train,val,test,train,,train,0.1549999999999998,0.09899802
5281,2020_Townsend,CCCN1CC(=O)N[C@H](CC(C)C)C(=O)N(C)[C@H](CC(C)C)C(=O)N2CCC[C@H]2C(=O)N(C)[C@H](CC(C)C)C(=O)N[C@@H](Cc2ccccc2)C(=O)N2CCC[C@H]2C1=O,hepta_1704,5281,-5.23,7,7,Circle,0.140041,0.0492687,-19.3587,9.129,8.012,1.117,0.118477,0.0369356,9.209,8.092,1.117,7,100,val,train,train,test,train,train,test,train,train,train,,val,0.3849999999999998,0.3956709
5275,2020_Townsend,CCCN1CC(=O)N(C)[C@@H](CC(C)C)C(=O)N[C@@H](CC(C)C)C(=O)N2CCC[C@H]2C(=O)N[C@H](CC(C)C)C(=O)N[C@@H](Cc2ccccc2)C(=O)N2CCC[C@H]2C1=O,hepta_1698,5275,-5.62,7,7,Circle,0.113939,0.0415131,-17.1986,8.942,7.812,1.13,0.100187,0.0298784,9.075,8.042,1.033,78,11,train,train,train,test,train,train,train,train,val,test,,train,0.1899999999999999,-0.008503211
5261,2020_Townsend,CCCN1CC(=O)N[C@H](CC(C)C)C(=O)N[C@@H](CC(C)C)C(=O)N2CCC[C@H]2C(=O)N[C@H](CC(C)C)C(=O)N[C@@H](Cc2ccccc2)C(=O)N2CCC[C@H]2C1=O,hepta_1684,5261,-10.0,7,7,Circle,0.117398,0.0532739,-23.997,9.064,7.714,1.35,0.142023,0.0610985,8.723,7.655,1.068,18,4,train,train,test,test,train,train,train,train,train,train,,train,-1.0,-0.18423343
5255,2020_Townsend,CC(C)C[C@@H]1NC(=O)[C@@H]2CCCN2C(=O)C[C@H](Cc2ccccc2)NC(=O)CN(Cc2ccccc2)C(=O)C[C@H](Cc2ccccc2)NC(=O)[C@@H]2CCCN2C(=O)[C@H](Cc2ccccc2)NC1=O,hepta_1678,5255,-6.2,7,7,Circle,0.19619,0.0679693,-39.9882,9.846,8.587,1.259,0.14544,0.0515938,10.151,8.965,1.186,56,28,test,train,train,test,train,val,train,train,train,train,,test,-0.1,-0.017930888
5249,2020_Townsend,CC(C)C[C@H]1C(=O)N(C)[C@@H](CC(C)C)C(=O)N2CCC[C@H]2C(=O)N(Cc2ccccc2)CC(=O)N[C@@H](Cc2ccccc2)C(=O)N2CCC[C@H]2C(=O)N[C@@H](Cc2ccccc2)CC(=O)N1C,hepta_1672,5249,-5.5,7,7,Circle,0.178319,0.0626247,-30.3658,10.147,9.088,1.059,0.205808,0.0633778,10.25,9.332,0.918,41,19,train,test,train,test,train,test,train,train,train,val,,train,0.25,0.25736493
5241,2020_Townsend,CC(C)C[C@H]1NC(=O)[C@@H]2CCCN2C(=O)C[C@H](Cc2ccccc2)NC(=O)[C@@H](CC(C)C)N(C)C(=O)C[C@H](Cc2ccccc2)NC(=O)[C@@H]2CCCN2C(=O)[C@H](Cc2ccccc2)NC1=O,hepta_1664,5241,-5.68,7,7,Circle,0.150717,0.0359446,-25.3304,9.611,8.676,0.935,0.193437,0.0770209,9.816,8.819,0.997,100,90,train,train,train,test,test,train,train,train,train,train,,train,0.1600000000000001,0.11632614
5213,2020_Townsend,CC(C)C[C@@H]1NC(=O)CN(Cc2ccccc2)C(=O)C[C@H](Cc2ccccc2)NC(=O)[C@@H]2CCCN2C(=O)[C@H](Cc2ccccc2)NC(=O)[C@@H](CC(C)C)NC(=O)[C@@H]2CCCN2C1=O,hepta_1636,5213,-6.02,7,7,Circle,0.176759,0.0436733,-44.6454,9.811,8.409,1.402,0.174005,0.0553418,9.531,8.324,1.207,53,41,train,train,test,test,train,train,train,train,train,train,,train,-0.0099999999999997,0.040348686
5212,2020_Townsend,CC(C)C[C@H]1C(=O)N[C@@H](Cc2ccccc2)C(=O)N2CCC[C@H]2C(=O)N[C@@H](Cc2ccccc2)CC(=O)N[C@H](CC(C)C)C(=O)N(C)[C@@H](CC(C)C)C(=O)N2CCC[C@H]2C(=O)N1C,hepta_1635,5212,-5.84,7,7,Circle,0.189864,0.069065,-28.212,9.57,8.322,1.248,0.158522,0.0617446,9.428,8.395,1.033,12,46,train,train,train,test,train,train,train,test,train,train,,train,0.08,0.27197164
5211,2020_Townsend,CC(C)C[C@@H]1NC(=O)[C@H](CC(C)C)N(C)C(=O)C[C@H](Cc2ccccc2)NC(=O)[C@@H]2CCCN2C(=O)[C@H](Cc2ccccc2)NC(=O)[C@@H](CC(C)C)N(C)C(=O)[C@@H]2CCCN2C1=O,hepta_1634,5211,-5.7,7,7,Circle,0.171113,0.0638713,-25.1429,10.27,8.922,1.348,0.139315,0.0488305,9.81,8.534,1.276,22,66,train,train,train,test,val,train,train,train,train,train,,train,0.1499999999999999,0.17430142
5204,2020_Townsend,CC(C)C[C@H]1C(=O)N[C@H](CC(C)C)C(=O)N2CCC[C@H]2C(=O)N(C)[C@H](CC(C)C)C(=O)N[C@@H](Cc2ccccc2)C(=O)N2CCC[C@H]2C(=O)N[C@@H](Cc2ccccc2)CC(=O)N1C,hepta_1627,5204,-5.5,7,7,Circle,0.153644,0.0464782,-34.1622,10.239,8.94,1.299,0.130518,0.047234,9.753,8.484,1.269,86,83,train,train,train,test,val,val,train,train,train,train,,train,0.25,0.3667358
5197,2020_Townsend,CC(C)C[C@@H]1NC(=O)[C@@H]2CCCN2C(=O)[C@H](CC(C)C)N(C)C(=O)[C@H](CC(C)C)NC(=O)C[C@H](Cc2ccccc2)NC(=O)[C@@H]2CCCN2C(=O)[C@H](Cc2ccccc2)NC1=O,hepta_1620,5197,-6.3,7,7,Circle,0.168364,0.067162,-24.6658,10.163,8.836,1.327,0.148214,0.0504807,9.955,8.766,1.189,90,37,train,train,test,test,train,train,train,test,train,train,,train,-0.1499999999999999,0.2083875
5168,2020_Townsend,CCCN1CC(=O)N(C)[C@H](CC(C)C)C(=O)N[C@@H](Cc2ccccc2)CC(=O)N2CCC[C@@H]2C(=O)N(C)[C@H](CC(C)C)C(=O)N[C@@H](Cc2ccccc2)C(=O)N2CCC[C@@H]2C1=O,hepta_1591,5168,-5.29,7,7,Circle,0.177733,0.0599496,-34.8497,9.847,8.7,1.147,0.18525,0.0740603,9.6,8.583,1.017,26,98,val,val,train,test,val,val,train,train,train,train,,val,0.355,0.41643998
5153,2020_Townsend,CCCN1CC(=O)N[C@H](CC(C)C)C(=O)N[C@@H](Cc2ccccc2)CC(=O)N2CCC[C@@H]2C(=O)N(C)[C@H](CC(C)C)C(=O)N[C@@H](Cc2ccccc2)C(=O)N2CCC[C@@H]2C1=O,hepta_1576,5153,-5.48,7,7,Circle,0.208411,0.0876859,-22.707,9.392,8.297,1.095,0.169643,0.0625948,9.772,8.552,1.22,13,62,train,train,test,test,train,train,train,test,train,train,,train,0.2599999999999998,-0.025386482
5149,2020_Townsend,CCCN1CC(=O)N(Cc2ccccc2)CC(=O)N[C@@H](CC(C)C)C(=O)N2CCC[C@@H]2C(=O)N(C)[C@@H](CC(C)C)C(=O)N[C@@H](Cc2ccccc2)C(=O)N2CCC[C@@H]2C1=O,hepta_1572,5149,-5.02,7,7,Circle,0.214844,0.0797855,-37.849,9.873,8.586,1.287,0.166354,0.0779321,9.109,8.021,1.088,87,68,train,train,train,test,train,train,train,train,train,train,,train,0.4900000000000002,0.38536805
5109,2020_Townsend,CCCN1CC(=O)N(C)[C@H](CC(C)C)C(=O)N(C)[C@H](CC(C)C)C(=O)N2CCC[C@@H]2C(=O)N[C@@H](CC(C)C)C(=O)N[C@@H](Cc2ccccc2)C(=O)N2CCC[C@@H]2C1=O,hepta_1532,5109,-5.56,7,7,Circle,0.159893,0.055212,-21.1237,9.44,8.253,1.187,0.138133,0.052228,9.509,8.422,1.087,90,81,train,val,train,test,train,train,val,val,train,train,,train,0.2200000000000002,0.29656878
5059,2020_Townsend,CC(C)C[C@@H]1NC(=O)C[C@H](Cc2ccccc2)NC(=O)[C@H]2CCCN2C(=O)[C@H](Cc2ccccc2)NC(=O)CN(Cc2ccccc2)C(=O)[C@H]2CCCN2C(=O)[C@H](CC(C)C)N(C)C1=O,hepta_1482,5059,-5.92,7,7,Circle,0.175244,0.0608467,-33.0027,10.155,8.801,1.354,0.15029,0.048896,9.891,8.774,1.117,18,65,train,val,test,test,val,train,train,train,train,train,,train,0.04,0.0956785
5022,2020_Townsend,CC(C)C[C@@H]1NC(=O)C[C@H](Cc2ccccc2)NC(=O)[C@H]2CCCN2C(=O)[C@H](Cc2ccccc2)NC(=O)[C@H](CC(C)C)N(C)C(=O)[C@H]2CCCN2C(=O)[C@H](CC(C)C)NC1=O,hepta_1445,5022,-5.31,7,7,Circle,0.149813,0.0513925,-19.1419,9.287,8.097,1.19,0.175395,0.0501541,9.451,8.464,0.987,56,16,train,test,train,test,train,train,train,train,train,train,,train,0.3450000000000002,0.17312996
5021,2020_Townsend,CC(C)C[C@@H]1NC(=O)[C@H]2CCCN2C(=O)[C@H](CC(C)C)NC(=O)[C@H](CC(C)C)N(C)C(=O)C[C@H](Cc2ccccc2)NC(=O)[C@H]2CCCN2C(=O)[C@H](Cc2ccccc2)NC1=O,hepta_1444,5021,-5.6,7,7,Circle,0.209733,0.102349,-28.8285,9.817,8.389,1.428,0.124529,0.0454041,9.595,8.321,1.274,20,53,val,train,train,test,test,train,val,train,val,train,,val,0.2000000000000001,0.24231005
5012,2020_Townsend,CC(C)C[C@@H]1NC(=O)[C@@H](CC(C)C)N(C)C(=O)C[C@H](Cc2ccccc2)NC(=O)[C@H]2CCCN2C(=O)[C@H](Cc2ccccc2)NC(=O)[C@@H](CC(C)C)NC(=O)[C@H]2CCCN2C1=O,hepta_1435,5012,-5.78,7,7,Circle,0.173955,0.0507093,-23.7878,9.728,8.529,1.199,0.136195,0.0388796,9.498,8.155,1.343,37,19,train,train,train,test,train,test,train,val,train,val,,train,0.1099999999999998,0.2596973
4996,2020_Townsend,O=C1CN(Cc2ccccc2)C(=O)C[C@H](Cc2ccccc2)NC(=O)[C@H]2CCCN2C(=O)[C@H](Cc2ccccc2)NC(=O)CN(Cc2ccccc2)C(=O)[C@@H]2CCCN2C(=O)C[C@H](Cc2ccccc2)N1,hepta_1419,4996,-6.09,7,7,Circle,0.242018,0.0912443,-35.1516,10.238,8.943,1.295,0.171674,0.0533804,10.352,9.125,1.227,62,53,train,train,test,test,train,train,train,train,train,test,,train,-0.0449999999999999,0.0030586263
4984,2020_Townsend,CC(C)C[C@@H]1NC(=O)[C@@H]2CCCN2C(=O)CN(Cc2ccccc2)C(=O)CN(Cc2ccccc2)C(=O)C[C@H](Cc2ccccc2)NC(=O)[C@H]2CCCN2C(=O)[C@H](Cc2ccccc2)NC1=O,hepta_1407,4984,-6.31,7,7,Circle,0.218094,0.0810612,-37.5449,9.931,8.641,1.29,0.181238,0.0642377,10.026,8.732,1.294,47,71,train,train,test,test,train,train,train,train,val,train,,train,-0.1549999999999998,-0.059243076
4982,2020_Townsend,CC(C)C[C@H]1C(=O)N(Cc2ccccc2)CC(=O)N2CCC[C@H]2C(=O)N(C)[C@@H](CC(C)C)C(=O)N[C@@H](Cc2ccccc2)C(=O)N2CCC[C@@H]2C(=O)N[C@@H](Cc2ccccc2)CC(=O)N1C,hepta_1405,4982,-5.43,7,7,Circle,0.188872,0.0632828,-31.6005,10.493,9.292,1.201,0.222604,0.0956238,10.172,8.936,1.236,42,72,val,train,train,test,train,train,train,train,train,train,,val,0.2850000000000001,0.23819563
4971,2020_Townsend,CC(C)C[C@@H]1C(=O)N2CCC[C@H]2C(=O)N(C)[C@H](CC(C)C)C(=O)N[C@@H](Cc2ccccc2)C(=O)N2CCC[C@@H]2C(=O)N[C@@H](Cc2ccccc2)CC(=O)N(Cc2ccccc2)CC(=O)N1C,hepta_1394,4971,-5.58,7,7,Circle,0.163082,0.0461533,-25.3577,9.699,8.505,1.194,0.143268,0.0418666,9.656,8.452,1.204,10,16,train,train,val,test,train,train,train,train,train,train,,train,0.2099999999999999,0.47046807
4944,2020_Townsend,CC(C)C[C@@H]1NC(=O)[C@@H](CC(C)C)NC(=O)C[C@H](Cc2ccccc2)NC(=O)[C@H]2CCCN2C(=O)[C@H](Cc2ccccc2)NC(=O)CN(Cc2ccccc2)C(=O)[C@@H]2CCCN2C1=O,hepta_1367,4944,-5.67,7,7,Circle,0.174033,0.0562303,-42.2978,9.733,8.339,1.394,0.141897,0.0428681,9.81,8.557,1.253,33,52,val,train,train,test,train,train,train,val,train,train,,val,0.165,0.09972568
4925,2020_Townsend,CC(C)C[C@@H]1NC(=O)[C@@H]2CCCN2C(=O)[C@H](CC(C)C)NC(=O)[C@H](CC(C)C)N(C)C(=O)C[C@H](Cc2ccccc2)NC(=O)[C@H]2CCCN2C(=O)[C@H](Cc2ccccc2)NC1=O,hepta_1348,4925,-5.45,7,7,Circle,0.167756,0.068057,-28.7516,9.798,8.34,1.458,0.154839,0.0577041,9.768,8.341,1.427,9,93,train,train,train,test,test,test,val,train,train,val,,train,0.2749999999999999,0.3466595
4923,2020_Townsend,CC(C)C[C@@H]1NC(=O)C[C@H](Cc2ccccc2)NC(=O)[C@H]2CCCN2C(=O)[C@H](Cc2ccccc2)NC(=O)[C@H](CC(C)C)N(C)C(=O)[C@@H]2CCCN2C(=O)[C@H](CC(C)C)NC1=O,hepta_1346,4923,-5.74,7,7,Circle,0.200219,0.0578059,-28.345,9.83,8.463,1.367,0.167267,0.0615166,9.564,8.577,0.987,60,60,train,train,train,test,train,train,train,val,train,val,,train,0.1299999999999999,0.10308504
4888,2020_Townsend,CC(C)C[C@@H]1C(=O)N[C@@H](Cc2ccccc2)CC(=O)N2CCC[C@@H]2C(=O)N(C)[C@H](CC(C)C)C(=O)N[C@@H](Cc2ccccc2)C(=O)N2CCC[C@H]2C(=O)N(C)[C@H](C)C(=O)N1C,hepta_1311,4888,-5.56,7,7,Circle,0.175728,0.0625001,-24.6809,9.944,8.807,1.137,0.109602,0.0463958,9.641,8.48,1.161,9,43,train,train,train,test,train,val,train,train,train,val,,train,0.2200000000000002,-0.61043143
4882,2020_Townsend,CC(C)C[C@H]1C(=O)N2CCC[C@@H]2C(=O)N(C)[C@H](CC(C)C)C(=O)N[C@@H](Cc2ccccc2)C(=O)N2CCC[C@H]2C(=O)N(C)[C@H](C)C(=O)N(Cc2ccccc2)CC(=O)N1C,hepta_1305,4882,-5.43,7,7,Circle,0.153734,0.0485457,-27.6004,9.355,8.332,1.023,0.118631,0.0409603,9.406,8.237,1.169,39,30,train,train,train,test,train,train,train,train,val,train,,train,0.2850000000000001,0.31684005
4881,2020_Townsend,CC(C)C[C@H]1C(=O)N[C@@H](Cc2ccccc2)C(=O)N2CCC[C@H]2C(=O)N(C)[C@H](C)C(=O)N(C)[C@H](CC(C)C)C(=O)N(Cc2ccccc2)CC(=O)N2CCC[C@@H]2C(=O)N1C,hepta_1304,4881,-5.25,7,7,Circle,0.105418,0.0364337,-28.7662,8.981,7.82,1.161,0.136958,0.0549394,9.152,8.118,1.034,53,33,train,train,test,test,test,train,test,train,train,val,,train,0.375,-0.29163405
4870,2020_Townsend,CC(C)C[C@@H]1NC(=O)[C@H]2CCCN2C(=O)CN(Cc2ccccc2)C(=O)[C@H](CC(C)C)N(C)C(=O)[C@@H](C)N(C)C(=O)[C@@H]2CCCN2C(=O)[C@H](Cc2ccccc2)NC1=O,hepta_1293,4870,-6.53,7,7,Circle,0.160989,0.0514788,-41.9894,9.226,7.981,1.245,0.147987,0.0603012,9.029,7.808,1.221,50,85,test,train,train,test,val,train,val,train,train,train,,test,-0.2650000000000001,0.14763634
4867,2020_Townsend,CC(C)C[C@H]1C(=O)N2CCC[C@@H]2C(=O)N[C@H](CC(C)C)C(=O)N[C@@H](Cc2ccccc2)C(=O)N2CCC[C@H]2C(=O)N(C)[C@H](C)C(=O)N(Cc2ccccc2)CC(=O)N1C,hepta_1290,4867,-5.42,7,7,Circle,0.151311,0.0373028,-36.273,9.463,8.213,1.25,0.112582,0.0397135,8.942,7.836,1.106,56,69,train,train,train,test,val,train,train,train,train,train,,train,0.29,-0.2220549
4866,2020_Townsend,CC(C)C[C@@H]1NC(=O)[C@@H](C)N(C)C(=O)[C@@H]2CCCN2C(=O)[C@H](Cc2ccccc2)NC(=O)[C@@H](CC(C)C)N(C)C(=O)[C@H]2CCCN2C(=O)CN(Cc2ccccc2)C1=O,hepta_1289,4866,-5.76,7,7,Circle,0.178904,0.0601638,-35.115,9.281,8.105,1.176,0.132417,0.0412465,9.326,8.291,1.035,45,75,train,train,train,test,val,test,train,val,train,train,,train,0.1200000000000001,0.0862489
4864,2020_Townsend,CC(C)C[C@@H]1NC(=O)[C@@H](C)N(C)C(=O)[C@@H]2CCCN2C(=O)[C@H](Cc2ccccc2)NC(=O)CN(Cc2ccccc2)C(=O)[C@H]2CCCN2C(=O)[C@@H](CC(C)C)N(C)C1=O,hepta_1287,4864,-6.05,7,7,Circle,0.135954,0.041716,-38.2978,9.138,7.975,1.163,0.148052,0.0517693,9.123,7.904,1.219,49,55,train,train,train,test,train,test,train,train,train,train,,train,-0.0249999999999999,0.10589986
4862,2020_Townsend,CC(C)C[C@H]1C(=O)N2CCC[C@@H]2C(=O)N(C)[C@H](CC(C)C)C(=O)N[C@@H](Cc2ccccc2)C(=O)N2CCC[C@H]2C(=O)N(C)[C@H](C)C(=O)N(C)[C@@H](CC(C)C)C(=O)N1C,hepta_1285,4862,-5.63,7,7,Circle,0.145557,0.0432305,-25.1674,9.343,8.253,1.09,0.111245,0.0427298,9.298,8.213,1.085,88,76,train,train,train,test,train,train,train,train,train,train,,train,0.185,0.2708262
4853,2020_Townsend,CC(C)C[C@@H]1NC(=O)[C@H]2CCCN2C(=O)CN(Cc2ccccc2)C(=O)[C@H](CC(C)C)NC(=O)[C@@H](C)N(C)C(=O)[C@@H]2CCCN2C(=O)[C@H](Cc2ccccc2)NC1=O,hepta_1276,4853,-5.73,7,7,Circle,0.170221,0.0462411,-43.8671,9.393,8.106,1.287,0.239406,0.0945967,9.039,7.851,1.188,3,21,train,train,train,test,test,train,train,train,train,test,,train,0.1349999999999998,0.025442086
4849,2020_Townsend,CC(C)C[C@@H]1NC(=O)[C@H]2CCCN2C(=O)[C@H](CC(C)C)N(C)C(=O)[C@H](CC(C)C)N(C)C(=O)[C@@H](C)N(C)C(=O)[C@@H]2CCCN2C(=O)[C@H](Cc2ccccc2)NC1=O,hepta_1272,4849,-6.21,7,7,Circle,0.129436,0.0568298,-24.084,8.829,7.806,1.023,0.13472,0.0467915,8.744,7.837,0.907,54,60,train,train,train,test,train,test,train,train,train,train,,train,-0.1049999999999999,-0.26403102
4837,2020_Townsend,CC(C)C[C@H]1C(=O)N(C)[C@H](CC(C)C)C(=O)N2CCC[C@@H]2C(=O)N[C@H](CC(C)C)C(=O)N[C@@H](Cc2ccccc2)C(=O)N2CCC[C@H]2C(=O)N(C)[C@H](C)C(=O)N1C,hepta_1260,4837,-5.21,7,7,Circle,0.143925,0.0493602,-23.3878,9.263,8.171,1.092,0.142332,0.0630742,8.89,7.756,1.134,96,42,train,train,train,test,test,train,train,train,train,train,,train,0.395,0.14373642
4832,2020_Townsend,CC(C)C[C@@H]1NC(=O)[C@H]2CCCN2C(=O)[C@H](CC(C)C)N(C)C(=O)[C@H](CC(C)C)NC(=O)[C@@H](C)N(C)C(=O)[C@@H]2CCCN2C(=O)[C@H](Cc2ccccc2)NC1=O,hepta_1255,4832,-5.64,7,7,Circle,0.143352,0.0488377,-33.631,9.006,7.82,1.186,0.105578,0.0338224,8.707,7.716,0.991,77,17,train,test,train,test,train,train,train,train,test,train,,train,0.1800000000000001,0.099863246
4806,2020_Townsend,CC(C)C[C@@H]1NC(=O)[C@@H]2CCCN2C(=O)C[C@H](Cc2ccccc2)NC(=O)CN(Cc2ccccc2)C(=O)[C@@H](C)N(C)C(=O)[C@@H]2CCCN2C(=O)[C@H](Cc2ccccc2)NC1=O,hepta_1229,4806,-10.0,7,7,Circle,0.112548,0.0423041,-42.6686,9.158,7.767,1.391,0.259383,0.112828,9.186,7.859,1.327,15,17,train,train,train,test,train,train,train,train,train,train,,train,-1.0,-0.5082264
4781,2020_Townsend,CC(C)C[C@@H]1NC(=O)[C@@H](C)N(C)C(=O)[C@@H]2CCCN2C(=O)[C@H](Cc2ccccc2)NC(=O)CN(Cc2ccccc2)C(=O)[C@@H]2CCCN2C(=O)[C@@H](CC(C)C)N(C)C1=O,hepta_1204,4781,-5.89,7,7,Circle,0.161666,0.0553548,-26.5328,9.203,8.179,1.024,0.138797,0.0426975,9.268,8.204,1.064,83,19,test,train,train,test,val,train,train,test,train,train,,test,0.0550000000000001,0.13596869
4741,2020_Townsend,CC(C)C[C@H]1NC(=O)[C@@H](CC(C)C)N(C)C(=O)[C@@H](C)N(C)C(=O)[C@@H]2CCCN2C(=O)[C@H](Cc2ccccc2)NC(=O)[C@@H](CC(C)C)N(C)C(=O)[C@@H]2CCCN2C1=O,hepta_1164,4741,-5.13,7,7,Circle,0.140518,0.0464473,-18.484,9.021,8.065,0.956,0.13207,0.0407031,8.942,8.041,0.901,11,17,train,train,train,test,train,train,train,train,train,train,,train,0.435,0.5061496
4721,2020_Townsend,CC(C)C[C@@H]1NC(=O)[C@@H]2CCCN2C(=O)[C@H](CC(C)C)NC(=O)[C@@H](CC(C)C)NC(=O)[C@@H](C)N(C)C(=O)[C@@H]2CCCN2C(=O)[C@H](Cc2ccccc2)NC1=O,hepta_1144,4721,-4.0,7,7,Circle,0.160108,0.0570258,-26.7048,8.807,7.567,1.24,0.133876,0.0421296,8.719,7.563,1.156,74,13,test,train,train,test,test,train,train,train,val,train,,test,1.0,-0.89158016
4710,2020_Townsend,CC(C)C[C@H]1C(=O)N[C@@H](Cc2ccccc2)CC(=O)N2CCC[C@H]2C(=O)N(C)[C@H](CC(C)C)C(=O)N[C@@H](Cc2ccccc2)C(=O)N2CCC[C@H]2C(=O)N(C)[C@@H](C)C(=O)N1C,hepta_1133,4710,-5.74,7,7,Circle,0.165184,0.0573588,-24.1654,9.279,7.994,1.285,0.119362,0.0503256,9.357,8.07,1.287,100,4,test,train,train,test,train,train,train,train,train,train,,test,0.1299999999999999,0.34848
4703,2020_Townsend,CC(C)C[C@H]1C(=O)N2CCC[C@H]2C(=O)N(C)[C@H](CC(C)C)C(=O)N[C@@H](Cc2ccccc2)C(=O)N2CCC[C@H]2C(=O)N(C)[C@@H](C)C(=O)N(Cc2ccccc2)CC(=O)N1C,hepta_1126,4703,-5.74,7,7,Circle,0.153742,0.0470724,-21.6227,9.311,8.26,1.051,0.111537,0.0414436,8.958,8.025,0.933,7,11,train,train,train,test,val,train,train,train,train,train,,train,0.1299999999999999,0.044125535
4686,2020_Townsend,CC(C)C[C@@H]1NC(=O)[C@H](C)N(C)C(=O)[C@@H]2CCCN2C(=O)[C@H](Cc2ccccc2)NC(=O)[C@@H](CC(C)C)N(C)C(=O)[C@@H]2CCCN2C(=O)CN(Cc2ccccc2)C1=O,hepta_1109,4686,-6.04,7,7,Circle,0.19721,0.0690994,-34.2009,9.507,8.307,1.2,0.119891,0.0452851,8.671,7.503,1.168,32,79,train,val,train,test,train,train,val,train,val,train,,train,-0.02,0.032600246
4668,2020_Townsend,CC(C)C[C@@H]1NC(=O)[C@H](CC(C)C)N(C)C(=O)[C@H](C)N(C)C(=O)[C@@H]2CCCN2C(=O)[C@H](Cc2ccccc2)NC(=O)[C@H](CC(C)C)N(C)C(=O)[C@@H]2CCCN2C1=O,hepta_1091,4668,-5.16,7,7,Circle,0.122448,0.0463047,-34.2702,9.045,7.83,1.215,0.104265,0.0427852,8.967,8.071,0.896,69,14,train,train,train,test,val,train,train,train,train,test,,train,0.4199999999999999,0.27414304
4666,2020_Townsend,CC(C)C[C@@H]1NC(=O)[C@@H](CC(C)C)NC(=O)[C@H](C)N(C)C(=O)[C@@H]2CCCN2C(=O)[C@H](Cc2ccccc2)NC(=O)CN(Cc2ccccc2)C(=O)[C@@H]2CCCN2C1=O,hepta_1089,4666,-6.29,7,7,Circle,0.172948,0.0619151,-36.755,9.473,8.156,1.317,0.154895,0.0607381,8.907,7.692,1.215,97,73,train,train,train,test,train,train,val,train,train,train,,train,-0.145,-0.53733325
4653,2020_Townsend,CC(C)C[C@H]1C(=O)N[C@@H](Cc2ccccc2)C(=O)N2CCC[C@H]2C(=O)N(C)[C@@H](C)C(=O)N[C@H](CC(C)C)C(=O)N(C)[C@H](CC(C)C)C(=O)N2CCC[C@H]2C(=O)N1C,hepta_1076,4653,-5.06,7,7,Circle,0.124636,0.0469683,-19.9125,9.19,8.084,1.106,0.110235,0.0417182,9.066,7.976,1.09,98,52,train,train,train,test,train,train,train,val,train,train,,train,0.4700000000000002,0.31186542
4651,2020_Townsend,CC(C)C[C@H]1C(=O)N2CCC[C@H]2C(=O)N[C@H](CC(C)C)C(=O)N[C@@H](Cc2ccccc2)C(=O)N2CCC[C@H]2C(=O)N(C)[C@@H](C)C(=O)N(C)[C@H](CC(C)C)C(=O)N1C,hepta_1074,4651,-6.51,7,7,Circle,0.116722,0.048314,-33.281,9.289,7.984,1.305,0.142531,0.0610972,9.196,8.003,1.193,79,85,train,val,train,test,test,train,train,train,train,train,,train,-0.2549999999999999,-0.13791561
4646,2020_Townsend,CC(C)C[C@@H]1NC(=O)[C@H](C)N(C)C(=O)[C@@H]2CCCN2C(=O)[C@H](Cc2ccccc2)NC(=O)[C@H](CC(C)C)N(C)C(=O)[C@@H]2CCCN2C(=O)[C@H](CC(C)C)NC1=O,hepta_1069,4646,-5.86,7,7,Circle,0.135512,0.0517608,-33.681,9.345,8.11,1.235,0.125002,0.0503856,8.647,7.616,1.031,3,7,train,train,train,test,train,test,train,train,test,train,,train,0.0699999999999998,0.3309325
4644,2020_Townsend,CC(C)C[C@@H]1NC(=O)[C@H](C)N(C)C(=O)[C@@H]2CCCN2C(=O)[C@H](Cc2ccccc2)NC(=O)[C@@H](CC(C)C)N(C)C(=O)[C@@H]2CCCN2C(=O)[C@H](CC(C)C)NC1=O,hepta_1067,4644,-5.91,7,7,Circle,0.123802,0.0511826,-31.1925,8.87,7.517,1.353,0.153714,0.0686318,8.919,7.738,1.181,41,20,train,train,train,test,train,train,test,train,train,train,,train,0.0449999999999999,0.06388398
4637,2020_Townsend,CC(C)C[C@H]1C(=O)N2CCC[C@H]2C(=O)N[C@H](CC(C)C)C(=O)N[C@@H](Cc2ccccc2)C(=O)N2CCC[C@H]2C(=O)N(C)[C@@H](C)C(=O)N[C@H](CC(C)C)C(=O)N1C,hepta_1060,4637,-6.38,7,7,Circle,0.133541,0.0461425,-32.0056,9.107,7.785,1.322,0.0980916,0.039155,8.761,7.518,1.243,49,16,train,test,test,test,train,train,train,train,train,test,,train,-0.1899999999999999,0.0020976653
4618,2020_Townsend,CC(C)C[C@H]1C(=O)N[C@@H](Cc2ccccc2)C(=O)N2CCC[C@H]2C(=O)N[C@@H](C)C(=O)N(C)[C@H](CC(C)C)C(=O)N(Cc2ccccc2)CC(=O)N2CCC[C@@H]2C(=O)N1C,hepta_1041,4618,-10.0,7,7,Circle,0.152033,0.0626561,-43.7256,9.125,8.016,1.109,0.131067,0.0385026,8.897,7.968,0.929,63,33,train,train,train,test,test,train,train,train,val,train,,train,-1.0,-0.67322266
4608,2020_Townsend,CC(C)C[C@H]1C(=O)N2CCC[C@@H]2C(=O)N(Cc2ccccc2)CC(=O)N[C@@H](Cc2ccccc2)C(=O)N2CCC[C@H]2C(=O)N[C@@H](C)C(=O)N[C@H](CC(C)C)C(=O)N1C,hepta_1031,4608,-5.88,7,7,Circle,0.168888,0.048463,-46.4049,9.739,8.424,1.315,0.117683,0.0329487,9.161,7.827,1.334,49,15,val,train,test,test,train,test,train,train,test,train,,val,0.06,0.3415091
4602,2020_Townsend,CC(C)C[C@H]1NC(=O)[C@@H](CC(C)C)N(C)C(=O)[C@H](C)NC(=O)[C@@H]2CCCN2C(=O)[C@H](Cc2ccccc2)NC(=O)CN(Cc2ccccc2)C(=O)[C@H]2CCCN2C1=O,hepta_1025,4602,-5.96,7,7,Circle,0.150241,0.0528706,-28.4455,8.979,7.732,1.247,0.112848,0.0327363,8.722,7.599,1.123,90,87,train,val,train,test,train,train,train,train,train,test,,train,0.02,-0.13230816
4600,2020_Townsend,CC(C)C[C@H]1NC(=O)[C@H]2CCCN2C(=O)CN(Cc2ccccc2)C(=O)[C@@H](CC(C)C)N(C)C(=O)[C@H](C)NC(=O)[C@@H]2CCCN2C(=O)[C@H](Cc2ccccc2)NC1=O,hepta_1023,4600,-5.95,7,7,Circle,0.172958,0.0541146,-34.7206,9.127,7.914,1.213,0.145227,0.0530487,8.866,7.67,1.196,9,92,test,train,train,test,train,train,train,val,train,train,,test,0.0249999999999999,-0.08170014
4594,2020_Townsend,CC(C)C[C@@H]1NC(=O)[C@H](CC(C)C)N(C)C(=O)[C@H](C)NC(=O)[C@@H]2CCCN2C(=O)[C@H](Cc2ccccc2)NC(=O)[C@H](CC(C)C)N(C)C(=O)[C@H]2CCCN2C1=O,hepta_1017,4594,-5.28,7,7,Circle,0.115577,0.0357289,-33.7965,9.04,7.767,1.273,0.138408,0.0718529,8.8,7.769,1.031,32,57,train,test,train,test,val,train,train,train,train,train,,train,0.3599999999999999,0.022723801
4590,2020_Townsend,CC(C)C[C@H]1C(=O)N2CCC[C@@H]2C(=O)N(C)[C@@H](CC(C)C)C(=O)N[C@@H](Cc2ccccc2)C(=O)N2CCC[C@H]2C(=O)N[C@@H](C)C(=O)N[C@H](CC(C)C)C(=O)N1C,hepta_1013,4590,-5.78,7,7,Circle,0.260493,0.124097,-25.5302,8.912,7.683,1.229,0.14295,0.0521792,8.85,7.803,1.047,48,8,train,val,train,test,train,train,train,train,train,train,,train,0.1099999999999998,-0.26203975
4555,2020_Townsend,CC(C)C[C@H]1C(=O)N[C@@H](Cc2ccccc2)C(=O)N2CCC[C@H]2C(=O)N[C@H](C)C(=O)N(C)[C@@H](CC(C)C)C(=O)N[C@@H](Cc2ccccc2)CC(=O)N2CCC[C@H]2C(=O)N1C,hepta_978,4555,-5.49,7,7,Circle,0.188694,0.0622756,-25.8968,9.689,8.413,1.276,0.151447,0.0441047,9.37,8.006,1.364,35,95,train,train,train,test,val,train,train,train,train,train,,train,0.2549999999999999,0.34161404
4554,2020_Townsend,CC(C)C[C@@H]1C(=O)N[C@@H](Cc2ccccc2)C(=O)N2CCC[C@H]2C(=O)N[C@H](C)C(=O)N(Cc2ccccc2)CC(=O)N(Cc2ccccc2)CC(=O)N2CCC[C@H]2C(=O)N1C,hepta_977,4554,-6.12,7,7,Circle,0.197236,0.059431,-41.0054,9.803,8.545,1.258,0.192286,0.0854536,9.093,7.961,1.132,68,52,train,train,train,test,train,train,train,train,val,train,,train,-0.06,-0.20002642
4552,2020_Townsend,CC(C)C[C@H]1C(=O)N[C@@H](Cc2ccccc2)C(=O)N2CCC[C@H]2C(=O)N[C@H](C)C(=O)N(C)[C@H](CC(C)C)C(=O)N[C@@H](Cc2ccccc2)CC(=O)N2CCC[C@H]2C(=O)N1C,hepta_975,4552,-5.41,7,7,Circle,0.222027,0.0794822,-27.7738,9.338,8.017,1.321,0.137259,0.0593943,9.459,8.281,1.178,19,13,train,test,train,test,train,train,train,train,val,test,,train,0.2949999999999999,0.26240218
4532,2020_Townsend,CC(C)C[C@@H]1NC(=O)[C@@H]2CCCN2C(=O)C[C@H](Cc2ccccc2)NC(=O)[C@H](CC(C)C)NC(=O)[C@@H](C)NC(=O)[C@@H]2CCCN2C(=O)[C@H](Cc2ccccc2)NC1=O,hepta_955,4532,-6.7,7,7,Circle,0.18839,0.0568529,-30.6714,8.935,7.713,1.222,0.143513,0.0515367,8.749,7.536,1.213,68,62,val,val,val,test,train,train,train,val,test,train,,val,-0.3500000000000001,-0.37647367
4531,2020_Townsend,CC(C)C[C@H]1C(=O)N2CCC[C@H]2C(=O)N(C)[C@@H](CC(C)C)C(=O)N[C@@H](Cc2ccccc2)C(=O)N2CCC[C@H]2C(=O)N[C@H](C)C(=O)N(C)[C@@H](CC(C)C)C(=O)N1C,hepta_954,4531,-5.28,7,7,Circle,0.175274,0.0820913,-30.7403,9.074,8.018,1.056,0.135479,0.0431188,9.03,7.986,1.044,42,37,train,train,train,test,test,test,train,train,train,train,,train,0.3599999999999999,0.16164443
4493,2020_Townsend,CC(C)C[C@@H]1NC(=O)[C@@H]2CCCN2C(=O)[C@H](CC(C)C)N(C)C(=O)[C@@H](CC(C)C)NC(=O)[C@@H](C)NC(=O)[C@@H]2CCCN2C(=O)[C@H](Cc2ccccc2)NC1=O,hepta_916,4493,-10.0,7,7,Circle,0.194709,0.0699371,-33.364,9.158,7.736,1.422,0.131842,0.0337133,8.5,7.411,1.089,15,30,val,val,train,test,train,train,train,train,train,test,,val,-1.0,-0.18270755
4477,2020_Townsend,CC(C)C[C@@H]1NC(=O)[C@@H](CC(C)C)NC(=O)[C@@H](C)NC(=O)[C@@H]2CCCN2C(=O)[C@H](Cc2ccccc2)NC(=O)[C@@H](CC(C)C)NC(=O)[C@@H]2CCCN2C1=O,hepta_900,4477,-6.69,7,7,Circle,0.195505,0.080106,-45.0976,9.185,7.757,1.428,0.123492,0.0407163,8.677,7.431,1.246,35,65,train,train,train,test,train,train,train,train,train,test,,train,-0.3450000000000002,-0.69088525
4470,2020_Townsend,CCCN1CC(=O)N(Cc2ccccc2)CC(=O)N(C)[C@@H](CC(C)C)C(=O)N2CCC[C@@H]2C(=O)N(C)[C@@H](CC(C)C)C(=O)N[C@@H](Cc2ccccc2)C(=O)N2CCC[C@H]2C1=O,hepta_893,4470,-5.25,7,7,Circle,0.149604,0.0535128,-29.8697,9.803,8.778,1.025,0.136314,0.0548318,9.417,8.347,1.07,37,8,train,train,train,test,val,train,val,test,test,train,,train,0.375,0.3834717
4454,2020_Townsend,CCCN1CC(=O)N[C@@H](CC(C)C)C(=O)N(Cc2ccccc2)CC(=O)N2CCC[C@@H]2C(=O)N(C)[C@@H](CC(C)C)C(=O)N[C@@H](Cc2ccccc2)C(=O)N2CCC[C@H]2C1=O,hepta_877,4454,-5.56,7,7,Circle,0.140711,0.0431191,-30.2283,9.282,8.101,1.181,0.150586,0.0428525,9.326,8.355,0.971,66,35,val,train,train,test,train,train,train,train,train,train,,val,0.2200000000000002,0.064000316
4451,2020_Townsend,CCCN1CC(=O)N[C@@H](CC(C)C)C(=O)N[C@@H](Cc2ccccc2)CC(=O)N2CCC[C@@H]2C(=O)N[C@@H](CC(C)C)C(=O)N[C@@H](Cc2ccccc2)C(=O)N2CCC[C@H]2C1=O,hepta_874,4451,-6.81,7,7,Circle,0.173608,0.0677556,-44.7859,9.578,8.292,1.286,0.138655,0.0392884,9.211,8.05,1.161,82,53,train,train,train,test,val,train,train,train,train,train,,train,-0.4049999999999998,-0.38748053
4449,2020_Townsend,CCCN1CC(=O)N[C@H](CC(C)C)C(=O)N(C)[C@@H](CC(C)C)C(=O)N2CCC[C@@H]2C(=O)N(Cc2ccccc2)CC(=O)N[C@@H](Cc2ccccc2)C(=O)N2CCC[C@H]2C1=O,hepta_872,4449,-5.8,7,7,Circle,0.100619,0.0472822,-26.4641,8.681,7.511,1.17,0.0678593,0.0367867,8.586,7.488,1.098,78,15,train,train,val,test,train,train,train,train,train,train,,train,0.1,0.38560897
4448,2020_Townsend,CCCN1CC(=O)N(C)[C@@H](CC(C)C)C(=O)N[C@H](CC(C)C)C(=O)N2CCC[C@@H]2C(=O)N(Cc2ccccc2)CC(=O)N[C@@H](Cc2ccccc2)C(=O)N2CCC[C@H]2C1=O,hepta_871,4448,-5.22,7,7,Circle,0.174571,0.0677698,-32.232,9.503,8.259,1.244,0.145159,0.049685,9.167,8.048,1.119,9,88,train,train,val,test,train,test,train,test,train,train,,train,0.3900000000000001,0.18806988
4447,2020_Townsend,CCCN1CC(=O)N(Cc2ccccc2)CC(=O)N[C@@H](CC(C)C)C(=O)N2CCC[C@@H]2C(=O)N(C)[C@H](CC(C)C)C(=O)N[C@@H](Cc2ccccc2)C(=O)N2CCC[C@H]2C1=O,hepta_870,4447,-5.71,7,7,Circle,0.141451,0.0486179,-31.4141,9.34,8.167,1.173,0.119792,0.0353567,8.974,7.838,1.136,43,82,train,test,train,test,train,test,val,train,val,train,,train,0.145,0.27755615
4443,2020_Townsend,CCCN1CC(=O)N[C@@H](CC(C)C)C(=O)N[C@@H](Cc2ccccc2)CC(=O)N2CCC[C@@H]2C(=O)N[C@H](CC(C)C)C(=O)N[C@@H](Cc2ccccc2)C(=O)N2CCC[C@H]2C1=O,hepta_866,4443,-6.5,7,7,Circle,0.21159,0.0823973,-29.5649,9.188,7.866,1.322,0.134298,0.0384048,8.824,7.52,1.304,4,53,test,train,train,test,test,val,train,test,train,train,,test,-0.25,-0.30765635
4435,2020_Townsend,CCCN1CC(=O)N(Cc2ccccc2)CC(=O)N(C)[C@H](CC(C)C)C(=O)N2CCC[C@@H]2C(=O)N[C@H](CC(C)C)C(=O)N[C@@H](Cc2ccccc2)C(=O)N2CCC[C@H]2C1=O,hepta_858,4435,-6.27,7,7,Circle,0.196049,0.0814214,-35.7551,9.803,8.604,1.199,0.121683,0.0432186,9.364,8.103,1.261,95,77,train,train,train,test,train,train,train,train,val,train,,train,-0.1349999999999998,-0.18467538
4434,2020_Townsend,CCCN1CC(=O)N[C@H](CC(C)C)C(=O)N(C)[C@H](CC(C)C)C(=O)N2CCC[C@@H]2C(=O)N(Cc2ccccc2)CC(=O)N[C@@H](Cc2ccccc2)C(=O)N2CCC[C@H]2C1=O,hepta_857,4434,-5.88,7,7,Circle,0.156881,0.0607689,-31.1384,9.214,8.136,1.078,0.13556,0.0397534,8.853,7.818,1.035,75,19,train,val,train,test,train,train,train,train,train,train,,train,0.06,-0.10076768
4406,2020_Townsend,CCCN1CC(=O)N(C)[C@H](CC(C)C)C(=O)N[C@H](CC(C)C)C(=O)N2CCC[C@@H]2C(=O)N(C)[C@H](CC(C)C)C(=O)N[C@@H](Cc2ccccc2)C(=O)N2CCC[C@H]2C1=O,hepta_829,4406,-5.22,7,7,Circle,0.132057,0.0416691,-23.2923,9.009,7.846,1.163,0.130342,0.0392804,9.193,8.112,1.081,57,62,train,train,train,test,train,train,test,val,train,train,,train,0.3900000000000001,0.15486088
4396,2020_Townsend,CCCN1CC(=O)N[C@H](CC(C)C)C(=O)N(C)[C@@H](CC(C)C)C(=O)N2CCC[C@@H]2C(=O)N[C@H](CC(C)C)C(=O)N[C@@H](Cc2ccccc2)C(=O)N2CCC[C@H]2C1=O,hepta_819,4396,-5.73,7,7,Circle,0.122878,0.0453004,-29.2061,9.016,7.819,1.197,0.106636,0.0396224,8.821,7.698,1.123,90,19,train,train,test,test,train,train,train,train,train,train,,train,0.1349999999999998,0.35078862
4391,2020_Townsend,CCCN1CC(=O)N[C@H](CC(C)C)C(=O)N[C@H](CC(C)C)C(=O)N2CCC[C@@H]2C(=O)N(C)[C@H](CC(C)C)C(=O)N[C@@H](Cc2ccccc2)C(=O)N2CCC[C@H]2C1=O,hepta_814,4391,-5.81,7,7,Circle,0.137137,0.0517944,-26.5463,9.017,7.73,1.287,0.148111,0.0466506,8.964,7.782,1.182,31,67,train,train,test,test,train,train,train,train,train,train,,train,0.0950000000000002,0.19643362
4389,2020_Townsend,CCCN1CC(=O)N(C)[C@H](CC(C)C)C(=O)N[C@H](CC(C)C)C(=O)N2CCC[C@@H]2C(=O)N[C@H](CC(C)C)C(=O)N[C@@H](Cc2ccccc2)C(=O)N2CCC[C@H]2C1=O,hepta_812,4389,-6.26,7,7,Circle,0.148608,0.0564355,-22.9294,9.279,8.096,1.183,0.12836,0.0434923,9.076,7.938,1.138,34,63,train,train,train,test,train,train,train,test,val,test,,train,-0.1299999999999999,-0.02813968
4380,2020_Townsend,CC(C)C[C@@H]1C(=O)N[C@@H](Cc2ccccc2)C(=O)N2CCC[C@@H]2C(=O)N(C)[C@H](C)C(=O)N(Cc2ccccc2)CC(=O)N[C@@H](Cc2ccccc2)CC(=O)N2CCC[C@@H]2C(=O)N1C,hepta_803,4380,-5.73,7,7,Circle,0.18867,0.0547183,-33.4729,9.931,8.768,1.163,0.193231,0.0736669,9.839,8.566,1.273,13,59,train,train,val,test,val,train,train,train,train,train,,train,0.1349999999999998,-0.5125262
4379,2020_Townsend,CC(C)C[C@@H]1NC(=O)[C@@H](C)N(C)C(=O)[C@H]2CCCN2C(=O)[C@H](Cc2ccccc2)NC(=O)CN(Cc2ccccc2)C(=O)[C@H]2CCCN2C(=O)C[C@H](Cc2ccccc2)NC1=O,hepta_802,4379,-10.0,7,7,Circle,0.126611,0.0422396,-24.1979,8.52,7.44,1.08,0.132599,0.0399,9.256,8.103,1.153,100,61,train,test,train,test,train,val,train,train,train,train,,train,-1.0,0.12681513
4374,2020_Townsend,CC(C)C[C@H]1C(=O)N[C@@H](Cc2ccccc2)C(=O)N2CCC[C@@H]2C(=O)N(C)[C@H](C)C(=O)N(C)[C@H](CC(C)C)C(=O)N[C@@H](Cc2ccccc2)CC(=O)N2CCC[C@@H]2C(=O)N1C,hepta_797,4374,-10.0,7,7,Circle,0.207187,0.074645,-26.8352,9.972,8.799,1.173,0.185421,0.0765611,9.476,8.313,1.163,38,52,train,train,train,test,val,test,train,train,train,train,,train,-1.0,-0.15316336
4370,2020_Townsend,CC(C)C[C@@H]1NC(=O)[C@@H](C)N(C)C(=O)[C@H]2CCCN2C(=O)[C@H](Cc2ccccc2)NC(=O)CN(Cc2ccccc2)C(=O)[C@H]2CCCN2C(=O)CN(Cc2ccccc2)C1=O,hepta_793,4370,-5.71,7,7,Circle,0.193636,0.0635413,-40.9298,9.48,8.208,1.272,0.215437,0.101274,9.2,8.091,1.109,57,44,train,train,train,test,train,train,train,train,train,train,,train,0.145,-0.10819764
4363,2020_Townsend,CC(C)C[C@H]1C(=O)N(Cc2ccccc2)CC(=O)N2CCC[C@@H]2C(=O)N(C)[C@H](CC(C)C)C(=O)N[C@@H](Cc2ccccc2)C(=O)N2CCC[C@@H]2C(=O)N(C)[C@H](C)C(=O)N1C,hepta_786,4363,-5.75,7,7,Circle,0.134654,0.0525145,-27.2517,9.137,8.01,1.127,0.1305,0.0501885,8.862,7.827,1.035,18,26,train,test,train,test,train,train,train,train,train,train,,train,0.125,-0.27954313
4358,2020_Townsend,CC(C)C[C@H]1NC(=O)[C@H]2CCCN2C(=O)C[C@H](Cc2ccccc2)NC(=O)[C@@H](CC(C)C)N(C)C(=O)[C@@H](C)N(C)C(=O)[C@H]2CCCN2C(=O)[C@H](Cc2ccccc2)NC1=O,hepta_781,4358,-6.18,7,7,Circle,0.258247,0.110863,-32.7338,9.645,8.551,1.094,0.144511,0.0605993,9.561,8.43,1.131,74,61,train,train,train,test,train,train,train,test,train,test,,train,-0.0899999999999998,-0.81207955
4335,2020_Townsend,CC(C)C[C@H]1NC(=O)[C@@H](C)N(C)C(=O)[C@H]2CCCN2C(=O)[C@H](Cc2ccccc2)NC(=O)[C@@H](CC(C)C)N(C)C(=O)[C@H]2CCCN2C(=O)CN(Cc2ccccc2)C1=O,hepta_758,4335,-6.01,7,7,Circle,0.143912,0.0701413,-32.542,9.091,7.809,1.282,0.161293,0.0826217,8.921,7.72,1.201,41,58,test,train,train,test,test,train,train,train,train,val,,test,-0.0049999999999998,0.043189697
4334,2020_Townsend,CC(C)C[C@H]1NC(=O)[C@H]2CCCN2C(=O)[C@@H](CC(C)C)N(C)C(=O)CN(Cc2ccccc2)C(=O)[C@@H](C)N(C)C(=O)[C@H]2CCCN2C(=O)[C@H](Cc2ccccc2)NC1=O,hepta_757,4334,-6.26,7,7,Circle,0.23036,0.0989316,-30.7203,9.427,8.154,1.273,0.159268,0.0944924,9.124,7.87,1.254,2,43,val,train,train,test,train,val,train,train,train,train,,val,-0.1299999999999999,-0.26182082
4325,2020_Townsend,CC(C)C[C@@H]1NC(=O)[C@@H](CC(C)C)NC(=O)[C@@H](C)N(C)C(=O)[C@H]2CCCN2C(=O)[C@H](Cc2ccccc2)NC(=O)CN(Cc2ccccc2)C(=O)[C@H]2CCCN2C1=O,hepta_748,4325,-6.05,7,7,Circle,0.181054,0.0925319,-30.1335,8.988,7.747,1.241,0.150271,0.0420144,8.891,7.919,0.972,89,85,val,train,train,test,train,train,test,train,train,train,,val,-0.0249999999999999,0.0186897
4319,2020_Townsend,CC(C)C[C@@H]1NC(=O)[C@H](CC(C)C)N(C)C(=O)[C@@H](C)N(C)C(=O)[C@H]2CCCN2C(=O)[C@H](Cc2ccccc2)NC(=O)[C@@H](CC(C)C)N(C)C(=O)[C@H]2CCCN2C1=O,hepta_742,4319,-5.46,7,7,Circle,0.133123,0.0484596,-36.1995,9.618,8.251,1.367,0.0785028,0.0305628,8.863,7.937,0.926,97,49,test,train,train,test,val,train,train,train,train,train,,test,0.27,0.33830908
4293,2020_Townsend,CC(C)C[C@H]1NC(=O)[C@H]2CCCN2C(=O)[C@@H](CC(C)C)NC(=O)[C@@H](CC(C)C)N(C)C(=O)[C@@H](C)N(C)C(=O)[C@H]2CCCN2C(=O)[C@H](Cc2ccccc2)NC1=O,hepta_716,4293,-6.22,7,7,Circle,0.161215,0.0586178,-19.971,8.884,7.827,1.057,0.111959,0.0428309,8.789,7.775,1.014,27,35,train,train,val,test,train,train,train,train,train,val,,train,-0.1099999999999998,0.06551974
4289,2020_Townsend,CC(C)C[C@@H]1NC(=O)[C@H]2CCCN2C(=O)[C@H](CC(C)C)NC(=O)[C@@H](CC(C)C)NC(=O)[C@@H](C)N(C)C(=O)[C@H]2CCCN2C(=O)[C@H](Cc2ccccc2)NC1=O,hepta_712,4289,-6.7,7,7,Circle,0.139527,0.0678821,-26.8102,9.012,7.838,1.174,0.0979189,0.0355175,8.445,7.293,1.152,65,78,train,test,train,test,train,train,train,train,train,train,,train,-0.3500000000000001,-0.81911254
4287,2020_Townsend,CC(C)C[C@@H]1NC(=O)[C@H]2CCCN2C(=O)[C@@H](CC(C)C)NC(=O)[C@@H](CC(C)C)NC(=O)[C@@H](C)N(C)C(=O)[C@H]2CCCN2C(=O)[C@H](Cc2ccccc2)NC1=O,hepta_710,4287,-6.6,7,7,Circle,0.208016,0.089514,-30.4781,9.083,7.702,1.381,0.120414,0.051176,8.917,7.569,1.348,20,79,train,train,test,test,train,train,train,train,test,train,,train,-0.2999999999999998,-0.749316
4265,2020_Townsend,CC(C)C[C@H]1C(=O)N(Cc2ccccc2)CC(=O)N2CCC[C@@H]2C(=O)N(C)[C@H](CC(C)C)C(=O)N[C@@H](Cc2ccccc2)C(=O)N2CCC[C@@H]2C(=O)N(C)[C@@H](C)C(=O)N1C,hepta_688,4265,-10.0,7,7,Circle,0.141922,0.0396575,-25.393,9.356,8.196,1.16,0.104204,0.0350786,9.355,8.212,1.143,16,89,train,test,train,test,train,train,train,train,test,val,,train,-1.0,-0.7086147
4258,2020_Townsend,CC(C)C[C@@H]1NC(=O)CN(Cc2ccccc2)C(=O)[C@H](C)N(C)C(=O)[C@H]2CCCN2C(=O)[C@H](Cc2ccccc2)NC(=O)[C@H](CC(C)C)N(C)C(=O)[C@H]2CCCN2C1=O,hepta_681,4258,-5.39,7,7,Circle,0.133681,0.0552099,-31.4625,9.23,8.038,1.192,0.133604,0.0394908,8.92,7.98,0.94,28,53,train,train,test,test,train,train,val,train,train,train,,train,0.3050000000000001,0.15892911
4256,2020_Townsend,CC(C)C[C@@H]1NC(=O)[C@H](C)N(C)C(=O)[C@H]2CCCN2C(=O)[C@H](Cc2ccccc2)NC(=O)[C@H](CC(C)C)N(C)C(=O)[C@H]2CCCN2C(=O)CN(Cc2ccccc2)C1=O,hepta_679,4256,-5.89,7,7,Circle,0.157669,0.0601804,-29.7198,9.168,8.037,1.131,0.0948911,0.034294,8.856,7.864,0.992,55,35,train,train,train,test,train,train,train,train,train,test,,train,0.0550000000000001,0.37818304
4234,2020_Townsend,CC(C)C[C@H]1C(=O)N2CCC[C@@H]2C(=O)N(C)[C@H](CC(C)C)C(=O)N[C@@H](Cc2ccccc2)C(=O)N2CCC[C@@H]2C(=O)N(C)[C@@H](C)C(=O)N(C)[C@H](CC(C)C)C(=O)N1C,hepta_657,4234,-5.16,7,7,Circle,0.141813,0.0540538,-33.1103,9.585,8.504,1.081,0.131267,0.0349379,9.101,8.068,1.033,64,70,train,train,train,test,train,train,val,val,train,train,,train,0.4199999999999999,0.603952
4216,2020_Townsend,CC(C)C[C@@H]1NC(=O)[C@H]2CCCN2C(=O)[C@H](CC(C)C)N(C)C(=O)[C@@H](CC(C)C)N(C)C(=O)[C@H](C)N(C)C(=O)[C@H]2CCCN2C(=O)[C@H](Cc2ccccc2)NC1=O,hepta_639,4216,-5.81,7,7,Circle,0.163239,0.0637301,-26.1442,9.524,8.299,1.225,0.140424,0.0458208,9.345,8.029,1.316,77,6,val,train,train,test,train,train,train,train,train,train,,val,0.0950000000000002,-0.0080149295
4199,2020_Townsend,CC(C)C[C@@H]1NC(=O)[C@H](C)N(C)C(=O)[C@H]2CCCN2C(=O)[C@H](Cc2ccccc2)NC(=O)[C@H](CC(C)C)N(C)C(=O)[C@H]2CCCN2C(=O)[C@@H](CC(C)C)NC1=O,hepta_622,4199,-5.35,7,7,Circle,0.115297,0.0498451,-38.2654,9.246,7.969,1.277,0.0952835,0.0378285,8.911,7.938,0.973,7,39,val,train,test,test,test,train,val,train,train,train,,val,0.3250000000000002,0.038192004
4191,2020_Townsend,CC(C)C[C@@H]1NC(=O)[C@H](C)N(C)C(=O)[C@H]2CCCN2C(=O)[C@H](Cc2ccccc2)NC(=O)[C@@H](CC(C)C)N(C)C(=O)[C@H]2CCCN2C(=O)[C@@H](CC(C)C)NC1=O,hepta_614,4191,-5.58,7,7,Circle,0.124052,0.0570735,-26.5047,9.145,7.742,1.403,0.0963098,0.0445866,8.72,7.663,1.057,40,56,train,train,train,test,train,val,train,train,train,train,,train,0.2099999999999999,0.16419862
4190,2020_Townsend,CC(C)C[C@H]1C(=O)N[C@@H](Cc2ccccc2)C(=O)N2CCC[C@@H]2C(=O)N(C)[C@@H](C)C(=O)N[C@H](CC(C)C)C(=O)N[C@H](CC(C)C)C(=O)N2CCC[C@@H]2C(=O)N1C,hepta_613,4190,-5.96,7,7,Circle,0.121657,0.0580924,-34.4039,9.351,8.018,1.333,0.105483,0.0374291,8.852,7.827,1.025,87,88,train,test,train,test,train,test,test,train,train,train,,train,0.02,0.30552953
4185,2020_Townsend,CC(C)C[C@@H]1NC(=O)[C@@H](CC(C)C)NC(=O)[C@H](C)N(C)C(=O)[C@H]2CCCN2C(=O)[C@H](Cc2ccccc2)NC(=O)[C@@H](CC(C)C)NC(=O)[C@H]2CCCN2C1=O,hepta_608,4185,-6.14,7,7,Circle,0.151311,0.0610567,-18.9994,8.548,7.451,1.097,0.107011,0.0351217,8.505,7.443,1.062,88,20,train,train,train,test,train,train,train,val,train,train,,train,-0.0699999999999998,0.14839223
4173,2020_Townsend,CC(C)C[C@H]1NC(=O)[C@@H](C)N(C)C(=O)[C@H]2CCCN2C(=O)[C@H](Cc2ccccc2)NC(=O)CN(Cc2ccccc2)C(=O)[C@@H]2CCCN2C(=O)C[C@H](Cc2ccccc2)NC1=O,hepta_596,4173,-6.23,7,7,Circle,0.173423,0.0520364,-24.5992,9.451,8.492,0.959,0.20417,0.0562167,9.457,8.472,0.985,50,47,train,val,train,test,test,train,train,train,test,train,,train,-0.1150000000000002,-0.197891
4162,2020_Townsend,CC(C)C[C@H]1NC(=O)[C@@H]2CCCN2C(=O)C[C@H](Cc2ccccc2)NC(=O)[C@@H](CC(C)C)N(C)C(=O)[C@@H](C)N(C)C(=O)[C@H]2CCCN2C(=O)[C@H](Cc2ccccc2)NC1=O,hepta_585,4162,-5.55,7,7,Circle,0.129002,0.038786,-22.5992,9.014,7.956,1.058,0.157639,0.0683718,9.181,8.163,1.018,55,14,train,train,test,test,train,test,train,train,val,test,,train,0.2250000000000001,-0.41497907
4142,2020_Townsend,CC(C)C[C@H]1NC(=O)[C@@H]2CCCN2C(=O)CN(Cc2ccccc2)C(=O)[C@@H](CC(C)C)N(C)C(=O)[C@@H](C)N(C)C(=O)[C@H]2CCCN2C(=O)[C@H](Cc2ccccc2)NC1=O,hepta_565,4142,-6.22,7,7,Circle,0.138886,0.0410379,-26.3865,8.617,7.587,1.03,0.112994,0.0344634,8.823,7.919,0.904,6,26,train,train,train,test,train,train,train,test,train,train,,train,-0.1099999999999998,-0.20453063
4136,2020_Townsend,CC(C)C[C@@H]1NC(=O)[C@@H](C)N(C)C(=O)[C@H]2CCCN2C(=O)[C@H](Cc2ccccc2)NC(=O)CN(Cc2ccccc2)C(=O)[C@@H]2CCCN2C(=O)[C@H](CC(C)C)NC1=O,hepta_559,4136,-5.41,7,7,Circle,0.145094,0.0426379,-34.7547,8.996,7.819,1.177,0.146422,0.0474461,8.836,7.746,1.09,85,88,train,train,train,test,train,train,train,train,train,train,,train,0.2949999999999999,0.057105176
4122,2020_Townsend,CC(C)C[C@@H]1NC(=O)[C@@H](CC(C)C)N(C)C(=O)[C@@H](C)N(C)C(=O)[C@H]2CCCN2C(=O)[C@H](Cc2ccccc2)NC(=O)[C@@H](CC(C)C)N(C)C(=O)[C@@H]2CCCN2C1=O,hepta_545,4122,-5.23,7,7,Circle,0.124414,0.0499033,-31.7992,9.362,8.249,1.113,0.0909099,0.0328006,8.824,8.063,0.761,20,42,train,val,train,test,train,val,test,train,train,train,,train,0.3849999999999998,0.5945589
4119,2020_Townsend,CC(C)C[C@H]1C(=O)N2CCC[C@H]2C(=O)N(C)[C@H](CC(C)C)C(=O)N[C@@H](Cc2ccccc2)C(=O)N2CCC[C@@H]2C(=O)N(C)[C@H](C)C(=O)N[C@H](CC(C)C)C(=O)N1C,hepta_542,4119,-5.2,7,7,Circle,0.11921,0.0501667,-34.5082,9.427,8.008,1.419,0.218347,0.100952,8.945,8.013,0.932,74,20,train,train,train,test,train,test,train,train,test,train,,train,0.3999999999999999,0.2524504
4108,2020_Townsend,CC(C)C[C@@H]1NC(=O)[C@@H]2CCCN2C(=O)[C@H](CC(C)C)NC(=O)[C@@H](CC(C)C)N(C)C(=O)[C@@H](C)N(C)C(=O)[C@H]2CCCN2C(=O)[C@H](Cc2ccccc2)NC1=O,hepta_531,4108,-5.56,7,7,Circle,0.162072,0.0742469,-25.2249,8.885,7.856,1.029,0.10241,0.0337458,8.71,7.727,0.983,98,58,train,train,val,test,train,train,train,train,train,val,,train,0.2200000000000002,-0.80362284
4098,2020_Townsend,CC(C)C[C@H]1C(=O)N[C@@H](Cc2ccccc2)C(=O)N2CCC[C@@H]2C(=O)N(C)[C@H](C)C(=O)N[C@H](CC(C)C)C(=O)N[C@H](CC(C)C)C(=O)N2CCC[C@H]2C(=O)N1C,hepta_521,4098,-5.75,7,7,Circle,0.115857,0.0357911,-16.9927,8.862,7.971,0.891,0.109011,0.0385526,8.714,7.859,0.855,92,56,train,val,train,test,train,train,train,train,train,train,,train,0.125,0.3515034
4075,2020_Townsend,CC(C)C[C@H]1C(=O)N(Cc2ccccc2)CC(=O)N2CCC[C@H]2C(=O)N(C)[C@@H](CC(C)C)C(=O)N[C@@H](Cc2ccccc2)C(=O)N2CCC[C@@H]2C(=O)N(C)[C@@H](C)C(=O)N1C,hepta_498,4075,-5.18,7,7,Circle,0.140237,0.0562016,-31.0861,9.388,8.197,1.191,0.147386,0.0559587,9.358,8.187,1.171,84,87,train,train,train,test,train,train,test,val,train,train,,train,0.4100000000000001,0.30937457
4071,2020_Townsend,CC(C)C[C@H]1NC(=O)CN(Cc2ccccc2)C(=O)[C@H](C)N(C)C(=O)[C@H]2CCCN2C(=O)[C@H](Cc2ccccc2)NC(=O)CN(Cc2ccccc2)C(=O)[C@@H]2CCCN2C1=O,hepta_494,4071,-6.01,7,7,Circle,0.17993,0.0628258,-31.7406,9.329,8.14,1.189,0.144224,0.0426465,8.919,7.804,1.115,21,33,train,train,train,test,val,val,test,train,train,train,,train,-0.0049999999999998,-0.30693427
4068,2020_Townsend,CC(C)C[C@H]1C(=O)N2CCC[C@H]2C(=O)N(C)[C@H](CC(C)C)C(=O)N[C@@H](Cc2ccccc2)C(=O)N2CCC[C@@H]2C(=O)N(C)[C@@H](C)C(=O)N(Cc2ccccc2)CC(=O)N1C,hepta_491,4068,-5.28,7,7,Circle,0.120878,0.0487643,-24.4437,8.968,8.06,0.908,0.166791,0.10071,8.81,7.939,0.871,60,4,train,train,train,test,val,train,train,train,train,train,,train,0.3599999999999999,0.24916767
4066,2020_Townsend,CC(C)C[C@H]1C(=O)N(Cc2ccccc2)CC(=O)N2CCC[C@H]2C(=O)N(C)[C@H](CC(C)C)C(=O)N[C@@H](Cc2ccccc2)C(=O)N2CCC[C@@H]2C(=O)N(C)[C@@H](C)C(=O)N1C,hepta_489,4066,-5.85,7,7,Circle,0.166174,0.053234,-28.2937,9.74,8.502,1.238,0.151069,0.0452647,9.642,8.451,1.191,18,11,train,train,val,test,test,test,train,train,train,val,,train,0.0750000000000001,0.17206734
4065,2020_Townsend,CC(C)C[C@H]1C(=O)N[C@@H](Cc2ccccc2)C(=O)N2CCC[C@@H]2C(=O)N(C)[C@@H](C)C(=O)N[C@H](CC(C)C)C(=O)N[C@@H](Cc2ccccc2)CC(=O)N2CCC[C@H]2C(=O)N1C,hepta_488,4065,-5.64,7,7,Circle,0.151109,0.055132,-23.31,9.384,8.19,1.194,0.189717,0.0538208,9.378,8.324,1.054,65,19,train,train,train,test,train,val,train,train,train,train,,train,0.1800000000000001,0.31375292
4059,2020_Townsend,CC(C)C[C@H]1NC(=O)[C@@H]2CCCN2C(=O)C[C@H](Cc2ccccc2)NC(=O)[C@@H](CC(C)C)N(C)C(=O)[C@H](C)N(C)C(=O)[C@H]2CCCN2C(=O)[C@H](Cc2ccccc2)NC1=O,hepta_482,4059,-5.91,7,7,Circle,0.197653,0.0771945,-29.0978,9.75,8.445,1.305,0.134366,0.0471244,9.246,8.079,1.167,13,2,train,train,test,test,val,train,train,train,val,train,,train,0.0449999999999999,-0.16208509
4051,2020_Townsend,CC(C)C[C@H]1C(=O)N[C@@H](Cc2ccccc2)C(=O)N2CCC[C@@H]2C(=O)N(C)[C@@H](C)C(=O)N(Cc2ccccc2)CC(=O)N[C@H](CC(C)C)C(=O)N2CCC[C@H]2C(=O)N1C,hepta_474,4051,-5.29,7,7,Circle,0.120762,0.048658,-26.2285,9.095,7.841,1.254,0.130364,0.0515734,8.616,7.623,0.993,88,31,train,train,train,test,train,test,train,train,test,train,,train,0.355,0.4778112
4029,2020_Townsend,CC(C)C[C@@H]1NC(=O)[C@@H]2CCCN2C(=O)CN(Cc2ccccc2)C(=O)[C@H](CC(C)C)NC(=O)[C@H](C)N(C)C(=O)[C@H]2CCCN2C(=O)[C@H](Cc2ccccc2)NC1=O,hepta_452,4029,-6.09,7,7,Circle,0.16483,0.0538387,-28.6412,8.798,7.638,1.16,0.127174,0.0390133,8.756,7.552,1.204,65,20,train,train,train,test,train,train,train,train,train,train,,train,-0.0449999999999999,0.27626994
4010,2020_Townsend,CC(C)C[C@H]1C(=O)N[C@@H](Cc2ccccc2)C(=O)N2CCC[C@@H]2C(=O)N(C)[C@@H](C)C(=O)N(C)[C@H](CC(C)C)C(=O)N[C@H](CC(C)C)C(=O)N2CCC[C@H]2C(=O)N1C,hepta_433,4010,-5.27,7,7,Circle,0.148301,0.0463318,-33.0622,9.266,8.206,1.06,0.165006,0.0608208,9.185,8.134,1.051,16,28,train,train,train,test,train,train,test,train,train,train,,train,0.3650000000000002,0.5584481
4007,2020_Townsend,CC(C)C[C@H]1NC(=O)[C@@H](CC(C)C)N(C)C(=O)[C@H](C)N(C)C(=O)[C@H]2CCCN2C(=O)[C@H](Cc2ccccc2)NC(=O)[C@@H](CC(C)C)N(C)C(=O)[C@@H]2CCCN2C1=O,hepta_430,4007,-5.66,7,7,Circle,0.146527,0.0493064,-22.4039,9.478,8.258,1.22,0.153312,0.0743132,9.283,8.172,1.111,26,78,val,train,train,test,train,train,train,test,train,train,,val,0.1699999999999999,0.27613324
3997,2020_Townsend,CC(C)C[C@@H]1NC(=O)[C@H](C)N(C)C(=O)[C@H]2CCCN2C(=O)[C@H](Cc2ccccc2)NC(=O)[C@@H](CC(C)C)NC(=O)[C@@H]2CCCN2C(=O)[C@H](CC(C)C)N(C)C1=O,hepta_420,3997,-5.91,7,7,Circle,0.166268,0.0656116,-33.4616,9.577,8.187,1.39,0.141742,0.0587402,8.888,7.922,0.966,89,26,train,train,train,test,train,train,val,train,train,train,,train,0.0449999999999999,0.04540237
3986,2020_Townsend,CC(C)C[C@@H]1NC(=O)[C@H](C)N(C)C(=O)[C@H]2CCCN2C(=O)[C@H](Cc2ccccc2)NC(=O)[C@H](CC(C)C)NC(=O)[C@@H]2CCCN2C(=O)[C@@H](CC(C)C)NC1=O,hepta_409,3986,-5.81,7,7,Circle,0.220648,0.0939456,-36.5935,9.172,7.91,1.262,0.129167,0.0595771,8.821,7.652,1.169,18,9,train,train,test,test,train,train,train,train,train,train,,train,0.0950000000000002,0.12013023
3955,2020_Townsend,CC(C)C[C@@H]1C(=O)N2CCC[C@@H]2C(=O)N(C)[C@H](CC(C)C)C(=O)N[C@@H](Cc2ccccc2)C(=O)N2CCC[C@@H]2C(=O)N[C@H](C)C(=O)N(Cc2ccccc2)CC(=O)N1C,hepta_378,3955,-6.15,7,7,Circle,0.160284,0.0478276,-31.7204,9.514,8.308,1.206,0.140687,0.0411351,9.53,8.256,1.274,84,44,train,train,test,test,train,train,train,train,train,train,,train,-0.0750000000000001,0.06277465
3951,2020_Townsend,CC(C)C[C@@H]1NC(=O)[C@H]2CCCN2C(=O)CN(Cc2ccccc2)C(=O)[C@H](CC(C)C)N(C)C(=O)[C@@H](C)NC(=O)[C@H]2CCCN2C(=O)[C@H](Cc2ccccc2)NC1=O,hepta_374,3951,-6.77,7,7,Circle,0.191103,0.0643531,-33.1316,9.182,7.877,1.305,0.155503,0.0777016,8.763,7.565,1.198,48,100,train,train,train,test,test,train,train,train,train,train,,train,-0.3849999999999998,-0.8607355
3948,2020_Townsend,CC(C)C[C@@H]1NC(=O)[C@@H](CC(C)C)N(C)C(=O)[C@@H](C)NC(=O)[C@H]2CCCN2C(=O)[C@H](Cc2ccccc2)NC(=O)CN(Cc2ccccc2)C(=O)[C@H]2CCCN2C1=O,hepta_371,3948,-5.33,7,7,Circle,0.171639,0.0496898,-39.122,9.773,8.449,1.324,0.086008,0.033862,8.607,7.537,1.07,77,57,train,train,train,test,train,train,test,train,train,test,,train,0.3349999999999999,-0.0029674554
3939,2020_Townsend,CC(C)C[C@H]1NC(=O)[C@@H](C)NC(=O)[C@H]2CCCN2C(=O)[C@H](Cc2ccccc2)NC(=O)CN(Cc2ccccc2)C(=O)[C@H]2CCCN2C(=O)[C@@H](CC(C)C)N(C)C1=O,hepta_362,3939,-6.28,7,7,Circle,0.131483,0.0410234,-22.7188,8.824,7.648,1.176,0.114517,0.0338829,8.856,7.656,1.2,67,91,train,val,train,test,train,train,train,val,train,train,,train,-0.1400000000000001,-0.7569851
3937,2020_Townsend,CC(C)C[C@H]1C(=O)N2CCC[C@@H]2C(=O)N(C)[C@H](CC(C)C)C(=O)N[C@@H](Cc2ccccc2)C(=O)N2CCC[C@@H]2C(=O)N[C@H](C)C(=O)N(C)[C@H](CC(C)C)C(=O)N1C,hepta_360,3937,-5.01,7,7,Circle,0.123719,0.0469338,-19.2051,9.126,7.998,1.128,0.128793,0.0406193,9.026,8.023,1.003,81,37,train,train,train,test,train,val,train,train,test,train,,train,0.4950000000000001,0.3775544
3930,2020_Townsend,CC(C)C[C@@H]1NC(=O)[C@@H](C)NC(=O)[C@H]2CCCN2C(=O)[C@H](Cc2ccccc2)NC(=O)[C@@H](CC(C)C)NC(=O)[C@H]2CCCN2C(=O)CN(Cc2ccccc2)C1=O,hepta_353,3930,-10.0,7,7,Circle,0.192478,0.0648611,-45.4868,9.541,8.027,1.514,0.114979,0.0340371,8.653,7.468,1.185,34,18,train,train,test,test,train,train,train,train,test,train,,train,-1.0,-0.1857419
3923,2020_Townsend,CC(C)C[C@@H]1NC(=O)[C@H](CC(C)C)N(C)C(=O)[C@@H](C)NC(=O)[C@H]2CCCN2C(=O)[C@H](Cc2ccccc2)NC(=O)[C@@H](CC(C)C)N(C)C(=O)[C@H]2CCCN2C1=O,hepta_346,3923,-5.38,7,7,Circle,0.151878,0.0581676,-29.1279,9.201,7.89,1.311,0.119283,0.043907,8.752,7.643,1.109,40,8,val,test,train,test,test,train,train,train,train,train,,val,0.31,0.54695725
3901,2020_Townsend,CC(C)C[C@@H]1NC(=O)[C@@H](CC(C)C)NC(=O)[C@@H](C)NC(=O)[C@H]2CCCN2C(=O)[C@H](Cc2ccccc2)NC(=O)[C@@H](CC(C)C)N(C)C(=O)[C@H]2CCCN2C1=O,hepta_324,3901,-5.79,7,7,Circle,0.165694,0.0620451,-23.1564,8.59,7.319,1.271,0.11273,0.0356442,8.741,7.571,1.17,66,41,train,train,train,test,train,val,train,train,train,train,,train,0.1049999999999999,-0.18441938
3877,2020_Townsend,CC(C)C[C@H]1C(=O)N(Cc2ccccc2)CC(=O)N2CCC[C@@H]2C(=O)N(C)[C@@H](CC(C)C)C(=O)N[C@@H](Cc2ccccc2)C(=O)N2CCC[C@@H]2C(=O)N[C@@H](C)C(=O)N1C,hepta_300,3877,-5.6,7,7,Circle,0.167603,0.0575495,-34.289,9.576,8.27,1.306,0.102692,0.0422466,8.971,7.822,1.149,74,78,train,train,train,test,train,train,train,train,train,test,,train,0.2000000000000001,-0.3847152
3869,2020_Townsend,CC(C)C[C@@H]1NC(=O)[C@@H](CC(C)C)N(C)C(=O)[C@H](C)NC(=O)[C@H]2CCCN2C(=O)[C@H](Cc2ccccc2)NC(=O)CN(Cc2ccccc2)C(=O)[C@H]2CCCN2C1=O,hepta_292,3869,-5.51,7,7,Circle,0.144135,0.0460778,-31.8543,8.712,7.602,1.11,0.15234,0.0743191,8.891,7.802,1.089,65,57,train,train,train,test,test,val,train,train,train,train,,train,0.2450000000000001,0.21691869
3850,2020_Townsend,CC(C)C[C@@H]1NC(=O)[C@H]2CCCN2C(=O)CN(Cc2ccccc2)C(=O)[C@@H](CC(C)C)NC(=O)[C@H](C)NC(=O)[C@H]2CCCN2C(=O)[C@H](Cc2ccccc2)NC1=O,hepta_273,3850,-6.07,7,7,Circle,0.172381,0.0584269,-40.5233,9.359,8.017,1.342,0.144183,0.0442859,8.601,7.47,1.131,97,68,test,train,train,test,train,train,train,train,train,test,,test,-0.0350000000000001,-0.5632341
3831,2020_Townsend,CC(C)C[C@@H]1NC(=O)[C@H]2CCCN2C(=O)[C@@H](CC(C)C)NC(=O)[C@H](CC(C)C)N(C)C(=O)[C@H](C)NC(=O)[C@H]2CCCN2C(=O)[C@H](Cc2ccccc2)NC1=O,hepta_254,3831,-6.06,7,7,Circle,0.156395,0.05554,-36.7429,9.389,7.906,1.483,0.0870684,0.0383721,8.533,7.303,1.23,27,90,train,train,train,test,train,train,train,train,train,train,,train,-0.0299999999999998,-0.09411637
3829,2020_Townsend,CC(C)C[C@@H]1NC(=O)[C@H]2CCCN2C(=O)[C@H](CC(C)C)NC(=O)[C@@H](CC(C)C)N(C)C(=O)[C@H](C)NC(=O)[C@H]2CCCN2C(=O)[C@H](Cc2ccccc2)NC1=O,hepta_252,3829,-5.69,7,7,Circle,0.170071,0.0651798,-39.2632,9.302,7.904,1.398,0.0940117,0.0359302,8.493,7.322,1.171,64,40,train,train,train,test,train,train,train,train,train,train,,train,0.1549999999999998,-0.26534852
3826,2020_Townsend,CC(C)C[C@H]1C(=O)N[C@@H](Cc2ccccc2)C(=O)N2CCC[C@@H]2C(=O)N[C@@H](C)C(=O)N[C@H](CC(C)C)C(=O)N[C@H](CC(C)C)C(=O)N2CCC[C@@H]2C(=O)N1C,hepta_249,3826,-6.54,7,7,Circle,0.135772,0.0561662,-37.7944,9.187,7.77,1.417,0.152325,0.0502457,8.578,7.433,1.145,92,43,train,test,train,test,train,test,train,val,train,train,,train,-0.27,-0.20699649
3791,2020_Townsend,CC(C)C[C@@H]1NC(=O)[C@@H]2CCCN2C(=O)CN(Cc2ccccc2)C(=O)[C@H](CC(C)C)N(C)C(=O)[C@@H](C)NC(=O)[C@H]2CCCN2C(=O)[C@H](Cc2ccccc2)NC1=O,hepta_214,3791,-6.23,7,7,Circle,0.175415,0.0750164,-29.8022,9.07,7.739,1.331,0.101835,0.036852,8.769,7.481,1.288,75,4,train,train,train,test,val,train,train,train,val,train,,train,-0.1150000000000002,-0.1918687
3790,2020_Townsend,CC(C)C[C@@H]1NC(=O)[C@@H]2CCCN2C(=O)C[C@H](Cc2ccccc2)NC(=O)[C@H](CC(C)C)NC(=O)[C@@H](C)NC(=O)[C@H]2CCCN2C(=O)[C@H](Cc2ccccc2)NC1=O,hepta_213,3790,-6.16,7,7,Circle,0.133874,0.0497183,-31.6664,9.024,7.733,1.291,0.140369,0.0700237,8.74,7.554,1.186,58,17,train,train,train,test,val,test,train,train,train,train,,train,-0.08,-0.3064891
3769,2020_Townsend,CC(C)C[C@@H]1NC(=O)[C@@H]2CCCN2C(=O)[C@H](CC(C)C)N(C)C(=O)[C@H](CC(C)C)N(C)C(=O)[C@@H](C)NC(=O)[C@H]2CCCN2C(=O)[C@H](Cc2ccccc2)NC1=O,hepta_192,3769,-5.61,7,7,Circle,0.143797,0.0517478,-27.6821,9.059,7.722,1.337,0.129427,0.0373977,9.284,7.906,1.378,13,51,test,val,train,test,test,val,train,train,train,train,,test,0.1949999999999998,0.1831078
3746,2020_Townsend,CC(C)C[C@@H]1NC(=O)[C@@H](C)NC(=O)[C@H]2CCCN2C(=O)[C@H](Cc2ccccc2)NC(=O)[C@H](CC(C)C)N(C)C(=O)[C@@H]2CCCN2C(=O)[C@H](CC(C)C)NC1=O,hepta_169,3746,-6.31,7,7,Circle,0.115169,0.0518057,-32.7456,9.276,7.941,1.335,0.139752,0.0586088,8.86,7.715,1.145,28,7,train,train,train,test,val,train,train,train,train,train,,train,-0.1549999999999998,-0.05341517
3737,2020_Townsend,CC(C)C[C@H]1C(=O)N[C@@H](Cc2ccccc2)C(=O)N2CCC[C@@H]2C(=O)N[C@H](C)C(=O)N[C@H](CC(C)C)C(=O)N[C@H](CC(C)C)C(=O)N2CCC[C@H]2C(=O)N1C,hepta_160,3737,-6.43,7,7,Circle,0.162049,0.0527074,-23.2392,8.552,7.543,1.009,0.0936584,0.0390316,8.653,7.659,0.994,61,61,train,train,train,test,train,train,train,train,test,train,,train,-0.2149999999999998,-0.08259361
3736,2020_Townsend,CC(C)C[C@H]1NC(=O)[C@@H](C)NC(=O)[C@H]2CCCN2C(=O)[C@H](Cc2ccccc2)NC(=O)[C@@H](CC(C)C)N(C)C(=O)[C@@H]2CCCN2C(=O)[C@@H](CC(C)C)NC1=O,hepta_159,3736,-6.41,7,7,Circle,0.163415,0.0687946,-35.302,9.068,7.746,1.322,0.124646,0.0462269,8.605,7.55,1.055,53,55,train,train,val,test,train,train,train,train,train,val,,train,-0.205,-0.3174952
3735,2020_Townsend,CC(C)C[C@H]1NC(=O)[C@@H]2CCCN2C(=O)[C@@H](CC(C)C)N(C)C(=O)[C@@H](CC(C)C)NC(=O)[C@@H](C)NC(=O)[C@H]2CCCN2C(=O)[C@H](Cc2ccccc2)NC1=O,hepta_158,3735,-6.28,7,7,Circle,0.155295,0.0615698,-33.3545,9.181,7.729,1.452,0.118493,0.035849,8.533,7.488,1.045,84,26,train,train,train,test,train,train,test,train,test,train,,train,-0.1400000000000001,-0.29117653
3733,2020_Townsend,CC(C)C[C@@H]1NC(=O)[C@@H]2CCCN2C(=O)[C@@H](CC(C)C)NC(=O)[C@H](CC(C)C)NC(=O)[C@@H](C)NC(=O)[C@H]2CCCN2C(=O)[C@H](Cc2ccccc2)NC1=O,hepta_156,3733,-5.9,7,7,Circle,0.204894,0.0912364,-26.2377,8.49,7.236,1.254,0.147054,0.0585667,8.335,7.259,1.076,82,89,train,train,train,test,train,train,train,train,train,train,,train,0.0499999999999998,-0.2164555
3724,2020_Townsend,CC(C)C[C@H]1C(=O)N2CCC[C@H]2C(=O)N(Cc2ccccc2)CC(=O)N[C@@H](Cc2ccccc2)C(=O)N2CCC[C@@H]2C(=O)N[C@@H](C)C(=O)N(Cc2ccccc2)CC(=O)N1C,hepta_147,3724,-5.89,7,7,Circle,0.184371,0.049347,-43.9055,9.702,8.499,1.203,0.143112,0.0473152,9.389,8.104,1.285,56,58,train,train,train,test,train,val,train,train,test,train,,train,0.0550000000000001,0.26178268
3718,2020_Townsend,CC(C)C[C@H]1C(=O)N[C@@H](Cc2ccccc2)CC(=O)N2CCC[C@H]2C(=O)N(C)[C@H](CC(C)C)C(=O)N[C@@H](Cc2ccccc2)C(=O)N2CCC[C@@H]2C(=O)N[C@@H](C)C(=O)N1C,hepta_141,3718,-5.65,7,7,Circle,0.166401,0.0643421,-30.9432,9.737,8.408,1.329,0.151242,0.060575,9.517,8.208,1.309,55,70,train,train,train,test,train,test,train,train,train,train,,train,0.1749999999999998,0.14572728
3716,2020_Townsend,CC(C)C[C@@H]1NC(=O)[C@@H]2CCCN2C(=O)CN(Cc2ccccc2)C(=O)CN(Cc2ccccc2)C(=O)[C@H](C)NC(=O)[C@H]2CCCN2C(=O)[C@H](Cc2ccccc2)NC1=O,hepta_139,3716,-6.37,7,7,Circle,0.145454,0.0540685,-44.8827,8.903,7.568,1.335,0.176416,0.0902201,8.909,7.532,1.377,55,14,train,train,train,test,train,train,val,train,train,train,,train,-0.185,-0.1597858
3675,2020_Townsend,CC(C)C[C@H]1NC(=O)[C@@H]2CCCN2C(=O)[C@@H](CC(C)C)N(C)C(=O)[C@@H](CC(C)C)N(C)C(=O)[C@H](C)NC(=O)[C@H]2CCCN2C(=O)[C@H](Cc2ccccc2)NC1=O,hepta_98,3675,-6.22,7,7,Circle,0.167743,0.0682495,-21.5141,8.859,7.653,1.206,0.116769,0.0509063,9.1,7.867,1.233,49,14,test,train,train,test,test,train,test,test,train,train,,test,-0.1099999999999998,0.26761132
3666,2020_Townsend,CC(C)C[C@@H]1NC(=O)[C@@H](CC(C)C)N(C)C(=O)[C@H](C)NC(=O)[C@H]2CCCN2C(=O)[C@H](Cc2ccccc2)NC(=O)[C@@H](CC(C)C)NC(=O)[C@@H]2CCCN2C1=O,hepta_89,3666,-6.08,7,7,Circle,0.130932,0.0517835,-23.0409,8.675,7.422,1.253,0.119557,0.0408467,8.782,7.557,1.225,18,85,train,train,train,test,train,train,train,test,train,train,,train,-0.04,0.006118725
3661,2020_Townsend,CC(C)C[C@H]1NC(=O)[C@H](C)NC(=O)[C@H]2CCCN2C(=O)[C@H](Cc2ccccc2)NC(=O)[C@@H](CC(C)C)N(C)C(=O)[C@@H]2CCCN2C(=O)[C@@H](CC(C)C)NC1=O,hepta_84,3661,-6.06,7,7,Circle,0.127586,0.0507288,-41.965,9.661,8.109,1.552,0.123538,0.0486456,8.935,7.734,1.201,31,67,train,test,train,test,train,train,train,train,train,train,,train,-0.0299999999999998,-0.21447298
3651,2020_Townsend,CCCN1CC(=O)N(Cc2ccccc2)CC(=O)N(Cc2ccccc2)CC(=O)N2CCC[C@H]2C(=O)N(Cc2ccccc2)CC(=O)N[C@@H](Cc2ccccc2)C(=O)N2CCC[C@@H]2C1=O,hepta_74,3651,-6.28,7,7,Circle,0.157635,0.0455669,-31.8903,9.212,7.94,1.272,0.129607,0.0376648,9.182,8.12,1.062,94,16,train,train,test,test,train,val,train,train,train,train,,train,-0.1400000000000001,-0.00079500023
3648,2020_Townsend,CCCN1CC(=O)N(Cc2ccccc2)CC(=O)N[C@@H](Cc2ccccc2)CC(=O)N2CCC[C@H]2C(=O)N[C@@H](CC(C)C)C(=O)N[C@@H](Cc2ccccc2)C(=O)N2CCC[C@@H]2C1=O,hepta_71,3648,-10.0,7,7,Circle,0.193018,0.0599733,-29.6734,9.518,8.382,1.136,0.162714,0.0451008,9.395,8.163,1.232,30,72,train,train,train,test,train,train,test,train,test,train,,train,-1.0,0.010746684
3611,2020_Townsend,CCCN1CC(=O)N[C@@H](CC(C)C)C(=O)N[C@H](CC(C)C)C(=O)N2CCC[C@H]2C(=O)N(Cc2ccccc2)CC(=O)N[C@@H](Cc2ccccc2)C(=O)N2CCC[C@@H]2C1=O,hepta_34,3611,-5.69,7,7,Circle,0.160625,0.0473457,-46.8659,9.829,8.382,1.447,0.105455,0.0408459,8.767,7.784,0.983,91,99,train,train,train,test,train,train,train,train,train,val,,train,0.1549999999999998,-0.091854155
3588,2020_Townsend,CCCN1CC(=O)N[C@@H](CC(C)C)C(=O)N(C)[C@H](CC(C)C)C(=O)N2CCC[C@H]2C(=O)N[C@H](CC(C)C)C(=O)N[C@@H](Cc2ccccc2)C(=O)N2CCC[C@@H]2C1=O,hepta_11,3588,-5.43,7,7,Circle,0.166831,0.0631387,-24.4045,9.213,7.903,1.31,0.163369,0.0570498,9.112,7.807,1.305,54,74,train,train,test,test,train,train,train,train,train,val,,train,0.2850000000000001,0.2845755
3551,2020_Townsend,CC(C)C[C@@H]1NC(=O)[C@@H](C)N(C)C(=O)[C@H](Cc2ccccc2)NC(=O)[C@@H](CC(C)C)N(C)C(=O)[C@H]2CCCN2C(=O)CN(Cc2ccccc2)C1=O,hexa_1037,3551,-5.21,6,6,Circle,0.158782,0.0506513,-28.4493,8.356,7.153,1.203,0.161078,0.0387787,8.309,7.294,1.015,18,90,train,train,train,test,train,train,test,train,val,val,,train,0.395,0.40051213
3546,2020_Townsend,CC(C)C[C@H]1C(=O)N2CCC[C@@H]2C(=O)N(C)[C@@H](CC(C)C)C(=O)N[C@@H](Cc2ccccc2)C(=O)N(C)[C@H](C)C(=O)N(C)[C@H](CC(C)C)C(=O)N1C,hexa_1032,3546,-4.97,6,6,Circle,0.144534,0.0358728,-15.3022,8.476,7.445,1.031,0.101947,0.0306689,8.285,7.273,1.012,65,59,val,train,train,test,train,train,train,train,train,train,,val,0.5150000000000001,0.27301726
3543,2020_Townsend,CC(C)C[C@H]1NC(=O)[C@@H](C)N(C)C(=O)[C@H](Cc2ccccc2)NC(=O)[C@@H](CC(C)C)N(C)C(=O)[C@H]2CCCN2C(=O)CN(Cc2ccccc2)C1=O,hexa_1029,3543,-5.09,6,6,Circle,0.155957,0.0498399,-24.2392,8.393,7.416,0.977,0.155067,0.0445347,8.361,7.399,0.962,85,11,train,train,train,test,train,train,train,val,test,train,,train,0.455,0.25019705
3536,2020_Townsend,CC(C)C[C@@H]1NC(=O)[C@H]2CCCN2C(=O)[C@H](CC(C)C)N(C)C(=O)[C@H](CC(C)C)N(C)C(=O)[C@@H](C)N(C)C(=O)[C@H](Cc2ccccc2)NC1=O,hexa_1022,3536,-5.47,6,6,Circle,0.178001,0.0710271,-18.4168,8.463,7.329,1.134,0.122696,0.0327411,8.454,7.597,0.857,49,9,train,test,train,test,train,train,train,train,train,train,,train,0.2650000000000001,0.22538103
3532,2020_Townsend,CC(C)C[C@@H]1NC(=O)[C@@H](CC(C)C)N(C)C(=O)[C@@H](C)N(C)C(=O)[C@H](Cc2ccccc2)NC(=O)[C@H](CC(C)C)N(C)C(=O)[C@H]2CCCN2C1=O,hexa_1018,3532,-5.04,6,6,Circle,0.137094,0.036542,-22.8869,8.495,7.47,1.025,0.112467,0.0414051,8.298,7.177,1.121,68,69,train,train,train,test,train,train,train,train,test,test,,train,0.48,0.40184942
3529,2020_Townsend,CC(C)C[C@H]1C(=O)N2CCC[C@@H]2C(=O)N(C)[C@@H](CC(C)C)C(=O)N[C@@H](Cc2ccccc2)C(=O)N(C)[C@H](C)C(=O)N[C@H](CC(C)C)C(=O)N1C,hexa_1015,3529,-4.91,6,6,Circle,0.126021,0.0402113,-17.1836,8.357,7.332,1.025,0.120006,0.0367174,8.429,7.373,1.056,80,30,train,train,train,test,train,train,test,train,train,train,,train,0.5449999999999999,0.3684992
3527,2020_Townsend,CC(C)C[C@H]1C(=O)N[C@H](CC(C)C)C(=O)N2CCC[C@@H]2C(=O)N(C)[C@@H](CC(C)C)C(=O)N[C@@H](Cc2ccccc2)C(=O)N(C)[C@H](C)C(=O)N1C,hexa_1013,3527,-4.96,6,6,Circle,0.131812,0.0405171,-19.5684,8.261,7.348,0.913,0.130184,0.0409822,8.455,7.54,0.915,56,8,val,train,train,test,train,val,train,train,train,train,,val,0.52,0.66698456
3525,2020_Townsend,CC(C)C[C@H]1NC(=O)[C@@H](C)N(C)C(=O)[C@H](Cc2ccccc2)NC(=O)CN(Cc2ccccc2)C(=O)[C@H]2CCCN2C(=O)[C@@H](CC(C)C)NC1=O,hexa_1011,3525,-5.63,6,6,Circle,0.142326,0.0468172,-23.742,8.264,7.2,1.064,0.100768,0.0353858,8.197,7.167,1.03,54,68,train,train,train,test,train,train,train,train,train,test,,train,0.185,0.026133664
3518,2020_Townsend,CC(C)C[C@@H]1NC(=O)[C@@H](C)N(C)C(=O)[C@H](Cc2ccccc2)NC(=O)[C@@H](CC(C)C)N(C)C(=O)[C@H]2CCCN2C(=O)[C@@H](CC(C)C)N(C)C1=O,hexa_1004,3518,-5.25,6,6,Circle,0.125623,0.0363744,-19.9342,8.373,7.334,1.039,0.114977,0.0406371,8.458,7.424,1.034,49,90,train,train,train,test,train,train,test,val,train,train,,train,0.375,0.52874625
3513,2020_Townsend,CC(C)C[C@@H]1NC(=O)[C@H]2CCCN2C(=O)[C@H](CC(C)C)NC(=O)[C@@H](CC(C)C)N(C)C(=O)[C@@H](C)N(C)C(=O)[C@H](Cc2ccccc2)NC1=O,hexa_999,3513,-5.1,6,6,Circle,0.131336,0.0439542,-27.6329,8.466,7.349,1.117,0.15686,0.0509467,8.185,7.155,1.03,92,24,train,train,train,test,train,train,test,train,train,train,,train,0.4500000000000002,0.40035883
3511,2020_Townsend,CC(C)C[C@@H]1NC(=O)[C@@H](C)N(C)C(=O)[C@H](Cc2ccccc2)NC(=O)[C@@H](CC(C)C)N(C)C(=O)[C@H]2CCCN2C(=O)[C@H](CC(C)C)NC1=O,hexa_997,3511,-5.46,6,6,Circle,0.161484,0.0526327,-19.5419,8.268,7.238,1.03,0.100498,0.0295317,8.419,7.379,1.04,82,7,train,test,train,test,train,train,test,train,train,train,,train,0.27,-0.032170657
3502,2020_Townsend,CC(C)C[C@H]1C(=O)N[C@@H](Cc2ccccc2)C(=O)N(C)[C@H](C)C(=O)N[C@H](CC(C)C)C(=O)N[C@H](CC(C)C)C(=O)N2CCC[C@@H]2C(=O)N1C,hexa_988,3502,-5.76,6,6,Circle,0.126568,0.0582991,-25.7054,8.343,7.192,1.151,0.134669,0.0391639,8.18,7.111,1.069,82,6,train,test,train,test,train,train,test,train,train,train,,train,0.1200000000000001,0.23250087
3499,2020_Townsend,CC(C)C[C@H]1NC(=O)[C@@H](C)N(C)C(=O)[C@H](Cc2ccccc2)NC(=O)[C@@H](CC(C)C)N(C)C(=O)[C@H]2CCCN2C(=O)[C@@H](CC(C)C)NC1=O,hexa_985,3499,-5.97,6,6,Circle,0.151872,0.0498776,-24.4292,8.319,7.186,1.133,0.123499,0.0329393,8.371,7.342,1.029,60,26,train,val,train,test,train,train,train,train,train,test,,train,0.0150000000000001,0.10195831
3496,2020_Townsend,CC(C)C[C@@H]1NC(=O)[C@H]2CCCN2C(=O)[C@H](CC(C)C)NC(=O)[C@@H](CC(C)C)NC(=O)[C@@H](C)N(C)C(=O)[C@H](Cc2ccccc2)NC1=O,hexa_982,3496,-6.12,6,6,Circle,0.134366,0.0408929,-21.062,8.058,6.951,1.107,0.12627,0.0450557,8.304,7.151,1.153,94,35,train,val,train,test,train,train,val,train,train,train,,train,-0.06,-0.75030017
3458,2020_Townsend,CC(C)C[C@@H]1NC(=O)[C@H](C)N(C)C(=O)[C@H](Cc2ccccc2)NC(=O)[C@@H](CC(C)C)NC(=O)[C@H]2CCCN2C(=O)C[C@H](Cc2ccccc2)NC1=O,hexa_944,3458,-6.12,6,6,Circle,0.183032,0.0501041,-26.3628,8.385,7.262,1.123,0.151224,0.0422789,8.404,7.398,1.006,68,79,train,train,train,test,train,train,train,val,train,train,,train,-0.06,-0.6111023
3445,2020_Townsend,CC(C)C[C@H]1C(=O)N2CCC[C@@H]2C(=O)N(C)[C@@H](CC(C)C)C(=O)N[C@@H](Cc2ccccc2)C(=O)N(C)[C@@H](C)C(=O)N[C@H](CC(C)C)C(=O)N1C,hexa_931,3445,-4.96,6,6,Circle,0.125116,0.0474024,-21.0976,8.453,7.221,1.232,0.147287,0.0646833,8.297,7.276,1.021,89,40,train,train,train,test,test,train,val,train,train,train,,train,0.52,0.1581984
3434,2020_Townsend,CC(C)C[C@@H]1NC(=O)[C@H](C)N(C)C(=O)[C@H](Cc2ccccc2)NC(=O)[C@H](CC(C)C)N(C)C(=O)[C@H]2CCCN2C(=O)[C@H](CC(C)C)NC1=O,hexa_920,3434,-5.43,6,6,Circle,0.139851,0.0352998,-17.0514,8.137,7.03,1.107,0.112651,0.0372175,8.474,7.352,1.122,11,3,train,train,train,test,test,train,train,train,train,train,,train,0.2850000000000001,0.38970664
3418,2020_Townsend,CC(C)C[C@H]1NC(=O)[C@H](C)N(C)C(=O)[C@H](Cc2ccccc2)NC(=O)[C@@H](CC(C)C)N(C)C(=O)[C@H]2CCCN2C(=O)[C@@H](CC(C)C)NC1=O,hexa_904,3418,-10.0,6,6,Circle,0.146368,0.0558087,-25.0905,8.399,7.096,1.303,0.159695,0.0604439,8.26,7.064,1.196,35,86,train,val,train,test,train,val,train,train,train,train,,train,-1.0,0.28717813
3412,2020_Townsend,CC(C)C[C@@H]1NC(=O)[C@H]2CCCN2C(=O)[C@@H](CC(C)C)NC(=O)[C@@H](CC(C)C)NC(=O)[C@H](C)N(C)C(=O)[C@H](Cc2ccccc2)NC1=O,hexa_898,3412,-6.11,6,6,Circle,0.115213,0.0379062,-25.4348,8.24,7.014,1.226,0.104666,0.0366502,8.238,7.014,1.224,86,39,train,test,train,test,train,val,test,train,train,train,,train,-0.0550000000000001,0.2578551
3407,2020_Townsend,CC(C)C[C@H]1C(=O)N(Cc2ccccc2)CC(=O)N2CCC[C@H]2C(=O)N(Cc2ccccc2)CC(=O)N[C@@H](Cc2ccccc2)C(=O)N(C)[C@H](C)C(=O)N1C,hexa_893,3407,-5.3,6,6,Circle,0.166016,0.0507053,-40.3198,8.768,7.7,1.068,0.174678,0.0582112,8.382,7.386,0.996,71,76,test,train,train,test,train,test,test,train,train,val,,test,0.3500000000000001,0.45486695
3402,2020_Townsend,CC(C)C[C@H]1NC(=O)[C@@H](C)N(C)C(=O)[C@H](Cc2ccccc2)NC(=O)CN(Cc2ccccc2)C(=O)[C@@H]2CCCN2C(=O)C[C@H](Cc2ccccc2)NC1=O,hexa_888,3402,-5.9,6,6,Circle,0.226795,0.0710555,-42.9899,9.047,7.99,1.057,0.16683,0.042765,8.445,7.388,1.057,31,84,train,train,val,test,train,test,train,test,train,train,,train,0.0499999999999998,-0.13059677
3395,2020_Townsend,CC(C)C[C@H]1C(=O)N2CCC[C@H]2C(=O)N(Cc2ccccc2)CC(=O)N[C@@H](Cc2ccccc2)C(=O)N(C)[C@H](C)C(=O)N(C)[C@H](CC(C)C)C(=O)N1C,hexa_881,3395,-4.94,6,6,Circle,0.162247,0.0567713,-44.1466,8.465,7.366,1.099,0.178714,0.0613948,8.524,7.583,0.941,22,47,val,train,train,test,train,train,val,train,test,train,,val,0.5299999999999998,0.36449373
3393,2020_Townsend,CC(C)C[C@H]1C(=O)N(Cc2ccccc2)CC(=O)N2CCC[C@H]2C(=O)N(C)[C@H](CC(C)C)C(=O)N[C@@H](Cc2ccccc2)C(=O)N(C)[C@H](C)C(=O)N1C,hexa_879,3393,-5.3,6,6,Circle,0.167977,0.0627304,-23.3159,8.653,7.595,1.058,0.156257,0.0568703,8.31,7.294,1.016,76,38,train,train,train,test,test,train,train,train,test,train,,train,0.3500000000000001,0.5100068
3380,2020_Townsend,CC(C)C[C@@H]1NC(=O)[C@@H](C)N(C)C(=O)[C@H](Cc2ccccc2)NC(=O)[C@@H](CC(C)C)N(C)C(=O)[C@@H]2CCCN2C(=O)CN(Cc2ccccc2)C1=O,hexa_866,3380,-5.09,6,6,Circle,0.171718,0.0573533,-27.5716,8.561,7.406,1.155,0.217124,0.0791475,8.594,7.475,1.119,59,99,train,train,train,test,train,test,train,train,train,train,,train,0.455,0.5448155
3374,2020_Townsend,CC(C)C[C@H]1NC(=O)[C@@H]2CCCN2C(=O)C[C@H](Cc2ccccc2)NC(=O)[C@@H](CC(C)C)NC(=O)[C@@H](C)N(C)C(=O)[C@H](Cc2ccccc2)NC1=O,hexa_860,3374,-5.26,6,6,Circle,0.225567,0.0914909,-28.0982,8.584,7.402,1.182,0.149134,0.0409363,8.261,7.157,1.104,98,41,train,train,train,test,train,train,train,train,val,train,,train,0.3700000000000001,-0.15685411
3360,2020_Townsend,CC(C)C[C@@H]1NC(=O)[C@@H](CC(C)C)N(C)C(=O)[C@@H](C)N(C)C(=O)[C@H](Cc2ccccc2)NC(=O)[C@H](CC(C)C)N(C)C(=O)[C@@H]2CCCN2C1=O,hexa_846,3360,-4.73,6,6,Circle,0.162792,0.0554748,-14.188,8.365,7.421,0.944,0.0968661,0.037866,8.252,7.344,0.908,78,39,train,train,train,test,train,train,train,train,train,train,,train,0.6349999999999998,0.38404825
3359,2020_Townsend,CC(C)C[C@H]1C(=O)N[C@@H](Cc2ccccc2)C(=O)N(C)[C@H](C)C(=O)N(C)[C@@H](CC(C)C)C(=O)N[C@H](CC(C)C)C(=O)N2CCC[C@H]2C(=O)N1C,hexa_845,3359,-4.8,6,6,Circle,0.111262,0.0366248,-23.258,8.601,7.633,0.968,0.120129,0.0340842,8.366,7.531,0.835,84,88,train,val,train,test,train,train,train,train,train,test,,train,0.6000000000000001,0.62875736
3346,2020_Townsend,CC(C)C[C@H]1NC(=O)[C@@H]2CCCN2C(=O)[C@@H](CC(C)C)N(C)C(=O)[C@@H](CC(C)C)N(C)C(=O)[C@@H](C)N(C)C(=O)[C@H](Cc2ccccc2)NC1=O,hexa_832,3346,-4.82,6,6,Circle,0.123207,0.0396688,-24.5213,8.514,7.372,1.142,0.142771,0.0532172,8.262,7.216,1.046,98,37,test,train,train,test,train,val,train,train,train,test,,test,0.5899999999999999,0.44037423
3337,2020_Townsend,CC(C)C[C@@H]1NC(=O)[C@@H](CC(C)C)NC(=O)[C@@H](C)N(C)C(=O)[C@H](Cc2ccccc2)NC(=O)[C@H](CC(C)C)N(C)C(=O)[C@@H]2CCCN2C1=O,hexa_823,3337,-5.28,6,6,Circle,0.142584,0.0520153,-18.1042,8.105,7.043,1.062,0.103862,0.030436,8.239,7.153,1.086,74,87,train,test,train,test,train,train,train,train,train,test,,train,0.3599999999999999,0.539895
3302,2020_Townsend,CC(C)C[C@H]1NC(=O)[C@H](C)N(C)C(=O)[C@H](Cc2ccccc2)NC(=O)CN(Cc2ccccc2)C(=O)[C@@H]2CCCN2C(=O)CN(Cc2ccccc2)C1=O,hexa_788,3302,-5.48,6,6,Circle,0.158515,0.0396888,-34.7467,8.376,7.115,1.261,0.217193,0.0856173,8.487,7.387,1.1,19,96,test,train,train,test,train,train,train,train,train,train,,test,0.2599999999999998,0.18933693
3295,2020_Townsend,CC(C)C[C@@H]1C(=O)N(Cc2ccccc2)CC(=O)N2CCC[C@H]2C(=O)N(C)[C@H](CC(C)C)C(=O)N[C@@H](Cc2ccccc2)C(=O)N(C)[C@@H](C)C(=O)N1C,hexa_781,3295,-4.67,6,6,Circle,0.148936,0.0480636,-29.1985,8.537,7.399,1.138,0.145328,0.0402616,8.45,7.393,1.057,66,60,val,train,train,test,test,train,train,train,train,train,,val,0.665,0.73625505
3280,2020_Townsend,CC(C)C[C@@H]1NC(=O)[C@@H]2CCCN2C(=O)C[C@H](Cc2ccccc2)NC(=O)[C@@H](CC(C)C)NC(=O)[C@H](C)N(C)C(=O)[C@H](Cc2ccccc2)NC1=O,hexa_766,3280,-5.8,6,6,Circle,0.172308,0.0374376,-32.568,8.711,7.501,1.21,0.20793,0.0683777,8.401,7.38,1.021,51,40,train,train,train,test,train,val,train,train,train,train,,train,0.1,-0.087705895
3275,2020_Townsend,CC(C)C[C@H]1NC(=O)[C@@H](CC(C)C)N(C)C(=O)[C@H](C)N(C)C(=O)[C@H](Cc2ccccc2)NC(=O)CN(Cc2ccccc2)C(=O)[C@@H]2CCCN2C1=O,hexa_761,3275,-5.16,6,6,Circle,0.167454,0.037044,-28.4777,8.452,7.251,1.201,0.171263,0.0418573,8.682,7.509,1.173,97,33,train,val,train,test,train,val,train,train,train,val,,train,0.4199999999999999,0.49661484
3268,2020_Townsend,CC(C)C[C@@H]1NC(=O)[C@@H]2CCCN2C(=O)[C@H](CC(C)C)NC(=O)CN(Cc2ccccc2)C(=O)[C@H](C)N(C)C(=O)[C@H](Cc2ccccc2)NC1=O,hexa_754,3268,-5.88,6,6,Circle,0.174795,0.0717793,-28.1165,8.229,7.047,1.182,0.146168,0.0333974,8.218,7.139,1.079,63,4,train,train,train,test,train,train,test,train,train,train,,train,0.06,0.059659496
3265,2020_Townsend,CC(C)C[C@@H]1NC(=O)[C@@H](CC(C)C)NC(=O)[C@H](C)N(C)C(=O)[C@H](Cc2ccccc2)NC(=O)CN(Cc2ccccc2)C(=O)[C@@H]2CCCN2C1=O,hexa_751,3265,-5.35,6,6,Circle,0.140402,0.0532166,-34.1061,8.444,7.075,1.369,0.140084,0.0474464,8.463,7.175,1.288,71,90,train,train,train,test,train,train,train,train,test,train,,train,0.3250000000000002,-0.025419213
3250,2020_Townsend,CC(C)C[C@@H]1NC(=O)[C@@H]2CCCN2C(=O)[C@@H](CC(C)C)N(C)C(=O)[C@@H](CC(C)C)N(C)C(=O)[C@H](C)N(C)C(=O)[C@H](Cc2ccccc2)NC1=O,hexa_736,3250,-4.62,6,6,Circle,0.155772,0.0451434,-28.6001,8.324,7.225,1.099,0.125914,0.0333819,8.264,7.423,0.841,87,93,val,train,train,test,train,train,train,train,train,train,,val,0.69,0.19622192
3232,2020_Townsend,CC(C)C[C@@H]1NC(=O)[C@H](C)N(C)C(=O)[C@H](Cc2ccccc2)NC(=O)[C@@H](CC(C)C)NC(=O)[C@@H]2CCCN2C(=O)[C@@H](CC(C)C)N(C)C1=O,hexa_718,3232,-4.83,6,6,Circle,0.186054,0.0642096,-24.0821,8.363,7.184,1.179,0.125869,0.0403209,7.993,6.994,0.999,42,31,train,train,train,test,train,train,train,train,train,train,,train,0.585,0.640486
3227,2020_Townsend,CC(C)C[C@@H]1NC(=O)[C@@H]2CCCN2C(=O)[C@@H](CC(C)C)NC(=O)[C@@H](CC(C)C)N(C)C(=O)[C@H](C)N(C)C(=O)[C@H](Cc2ccccc2)NC1=O,hexa_713,3227,-6.01,6,6,Circle,0.200877,0.0833617,-26.2959,8.303,7.058,1.245,0.134425,0.0419135,8.073,6.865,1.208,10,53,train,train,train,test,train,train,train,test,train,train,,train,-0.0049999999999998,0.3520601
3218,2020_Townsend,CC(C)C[C@@H]1NC(=O)[C@@H](CC(C)C)NC(=O)[C@H](C)N(C)C(=O)[C@H](Cc2ccccc2)NC(=O)[C@@H](CC(C)C)NC(=O)[C@@H]2CCCN2C1=O,hexa_704,3218,-10.0,6,6,Circle,0.150578,0.043209,-20.9578,8.32,7.134,1.186,0.123593,0.0458355,8.27,7.065,1.205,80,4,train,val,train,test,train,train,train,train,train,train,,train,-1.0,-0.16175398
3216,2020_Townsend,CC(C)C[C@H]1NC(=O)[C@H](C)N(C)C(=O)[C@H](Cc2ccccc2)NC(=O)[C@@H](CC(C)C)NC(=O)[C@@H]2CCCN2C(=O)[C@@H](CC(C)C)NC1=O,hexa_702,3216,-5.29,6,6,Circle,0.191884,0.0762796,-28.9401,8.173,6.884,1.289,0.129642,0.0443792,8.048,6.937,1.111,20,2,train,train,train,test,train,train,train,train,train,train,,train,0.355,-0.33167145
3192,2020_Townsend,CC(C)C[C@@H]1NC(=O)[C@H]2CCCN2C(=O)CN(Cc2ccccc2)C(=O)[C@H](CC(C)C)N(C)C(=O)[C@@H](C)NC(=O)[C@H](Cc2ccccc2)NC1=O,hexa_678,3192,-6.49,6,6,Circle,0.207027,0.0763673,-35.4956,8.426,7.238,1.188,0.123956,0.0329685,8.34,7.434,0.906,59,78,val,test,train,test,train,train,train,train,test,train,,val,-0.2450000000000001,-0.22745948
3190,2020_Townsend,CC(C)C[C@H]1C(=O)N2CCC[C@@H]2C(=O)N(C)[C@@H](CC(C)C)C(=O)N[C@@H](Cc2ccccc2)C(=O)N[C@H](C)C(=O)N(C)[C@@H](CC(C)C)C(=O)N1C,hexa_676,3190,-5.0,6,6,Circle,0.170547,0.0652159,-21.2562,8.437,7.43,1.007,0.125745,0.0446274,8.247,7.245,1.002,14,41,train,val,train,test,train,test,train,train,train,train,,train,0.5,0.56866723
3174,2020_Townsend,CC(C)C[C@H]1C(=O)N2CCC[C@@H]2C(=O)N(C)[C@H](CC(C)C)C(=O)N[C@@H](Cc2ccccc2)C(=O)N[C@H](C)C(=O)N(C)[C@H](CC(C)C)C(=O)N1C,hexa_660,3174,-5.07,6,6,Circle,0.105089,0.0407415,-22.8359,8.242,7.036,1.206,0.1131,0.0466791,8.254,7.222,1.032,75,36,train,train,train,test,train,train,train,train,train,val,,train,0.4649999999999998,0.60408807
3164,2020_Townsend,CC(C)C[C@@H]1NC(=O)[C@@H](C)NC(=O)[C@H](Cc2ccccc2)NC(=O)CN(Cc2ccccc2)C(=O)[C@H]2CCCN2C(=O)[C@@H](CC(C)C)NC1=O,hexa_650,3164,-5.89,6,6,Circle,0.14706,0.0343972,-29.7026,7.81,6.646,1.164,0.175623,0.0464702,8.444,7.167,1.277,22,87,train,train,train,test,test,val,train,test,train,train,,train,0.0550000000000001,-0.2191397
3152,2020_Townsend,CC(C)C[C@H]1NC(=O)[C@@H](C)NC(=O)[C@H](Cc2ccccc2)NC(=O)CN(Cc2ccccc2)C(=O)[C@H]2CCCN2C(=O)[C@@H](CC(C)C)NC1=O,hexa_638,3152,-6.72,6,6,Circle,0.149185,0.037532,-35.0015,8.308,7.017,1.291,0.149642,0.0674317,8.113,6.918,1.195,48,85,val,train,test,test,val,test,train,train,train,train,,val,-0.3599999999999999,-0.25590184
3111,2020_Townsend,CC(C)C[C@@H]1NC(=O)[C@H](C)NC(=O)[C@H](Cc2ccccc2)NC(=O)[C@H](CC(C)C)N(C)C(=O)[C@H]2CCCN2C(=O)C[C@H](Cc2ccccc2)NC1=O,hexa_597,3111,-6.0,6,6,Circle,0.197137,0.0653218,-26.4833,8.572,7.39,1.182,0.159878,0.038869,8.547,7.453,1.094,18,87,train,test,train,test,train,train,train,train,train,train,,train,0.0,0.3876218
3097,2020_Townsend,CC(C)C[C@@H]1NC(=O)[C@H](CC(C)C)N(C)C(=O)[C@H](C)NC(=O)[C@H](Cc2ccccc2)NC(=O)CN(Cc2ccccc2)C(=O)[C@H]2CCCN2C1=O,hexa_583,3097,-5.74,6,6,Circle,0.164433,0.0473371,-24.4755,8.28,7.158,1.122,0.140226,0.0317912,8.415,7.448,0.967,92,60,train,train,train,test,train,train,train,train,val,train,,train,0.1299999999999999,0.35926214
3091,2020_Townsend,CC(C)C[C@H]1C(=O)N[C@@H](Cc2ccccc2)C(=O)N[C@@H](C)C(=O)N[C@H](CC(C)C)C(=O)N(Cc2ccccc2)CC(=O)N2CCC[C@@H]2C(=O)N1C,hexa_577,3091,-5.77,6,6,Circle,0.160822,0.058811,-27.0841,8.294,7.119,1.175,0.177006,0.0625281,8.228,7.191,1.037,58,100,train,train,train,test,test,train,val,train,train,test,,train,0.1150000000000002,0.0979267
3089,2020_Townsend,CC(C)C[C@@H]1NC(=O)[C@H](C)NC(=O)[C@H](Cc2ccccc2)NC(=O)CN(Cc2ccccc2)C(=O)[C@H]2CCCN2C(=O)[C@@H](CC(C)C)N(C)C1=O,hexa_575,3089,-10.0,6,6,Circle,0.199164,0.0704529,-30.2971,8.704,7.481,1.223,0.148758,0.043961,7.997,6.939,1.058,43,23,train,train,train,test,train,train,train,train,test,train,,train,-1.0,-0.15422818
3071,2020_Townsend,CC(C)C[C@@H]1NC(=O)[C@H](C)NC(=O)[C@H](Cc2ccccc2)NC(=O)[C@@H](CC(C)C)NC(=O)[C@H]2CCCN2C(=O)CN(Cc2ccccc2)C1=O,hexa_557,3071,-6.69,6,6,Circle,0.120272,0.0397451,-33.5694,8.25,6.915,1.335,0.141187,0.0312191,7.894,6.856,1.038,47,11,train,val,train,test,train,train,train,test,test,train,,train,-0.3450000000000002,0.1885059
3068,2020_Townsend,CC(C)C[C@@H]1NC(=O)[C@H](C)NC(=O)[C@H](Cc2ccccc2)NC(=O)[C@@H](CC(C)C)N(C)C(=O)[C@H]2CCCN2C(=O)[C@H](CC(C)C)N(C)C1=O,hexa_554,3068,-5.41,6,6,Circle,0.135353,0.040686,-25.6123,8.288,7.103,1.185,0.135318,0.0414313,7.94,6.821,1.119,26,100,train,train,train,test,test,train,train,test,train,train,,train,0.2949999999999999,-0.078291275
3066,2020_Townsend,CC(C)C[C@@H]1NC(=O)[C@H]2CCCN2C(=O)[C@H](CC(C)C)N(C)C(=O)[C@@H](CC(C)C)N(C)C(=O)[C@H](C)NC(=O)[C@H](Cc2ccccc2)NC1=O,hexa_552,3066,-5.18,6,6,Circle,0.225787,0.106129,-22.6533,8.227,7.11,1.117,0.144251,0.058306,8.184,7.029,1.155,93,42,train,train,train,test,val,train,train,train,train,train,,train,0.4100000000000001,0.4232345
3046,2020_Townsend,CC(C)C[C@@H]1NC(=O)[C@H]2CCCN2C(=O)[C@H](CC(C)C)N(C)C(=O)[C@@H](CC(C)C)NC(=O)[C@H](C)NC(=O)[C@H](Cc2ccccc2)NC1=O,hexa_532,3046,-6.27,6,6,Circle,0.142995,0.0459822,-29.5429,8.288,7.039,1.249,0.111333,0.0390159,8.204,7.041,1.163,44,59,train,train,train,test,test,train,val,train,train,test,,train,-0.1349999999999998,0.37214437
3036,2020_Townsend,CC(C)C[C@@H]1NC(=O)[C@H](C)NC(=O)[C@H](Cc2ccccc2)NC(=O)[C@@H](CC(C)C)NC(=O)[C@H]2CCCN2C(=O)[C@@H](CC(C)C)N(C)C1=O,hexa_522,3036,-10.0,6,6,Circle,0.171651,0.063811,-26.0034,8.262,7.101,1.161,0.12959,0.0547173,8.029,6.904,1.125,39,50,train,test,train,test,train,train,train,test,train,train,,train,-1.0,-0.39998397
3017,2020_Townsend,CC(C)C[C@H]1NC(=O)[C@@H]2CCCN2C(=O)C[C@H](Cc2ccccc2)NC(=O)CN(Cc2ccccc2)C(=O)[C@@H](C)NC(=O)[C@H](Cc2ccccc2)NC1=O,hexa_503,3017,-6.33,6,6,Circle,0.21977,0.0817625,-26.4453,8.296,7.121,1.175,0.157743,0.0408672,8.574,7.487,1.087,100,99,train,train,train,test,train,train,train,test,train,train,,train,-0.165,-0.09949572
3013,2020_Townsend,CC(C)C[C@@H]1NC(=O)[C@@H](C)NC(=O)[C@H](Cc2ccccc2)NC(=O)CN(Cc2ccccc2)C(=O)[C@@H]2CCCN2C(=O)CN(Cc2ccccc2)C1=O,hexa_499,3013,-6.22,6,6,Circle,0.20579,0.0590198,-34.199,8.593,7.425,1.168,0.173277,0.0612296,8.134,6.98,1.154,88,17,train,train,train,test,train,train,train,val,train,train,,train,-0.1099999999999998,0.041060753
3010,2020_Townsend,CC(C)C[C@H]1C(=O)N2CCC[C@H]2C(=O)N(C)[C@@H](CC(C)C)C(=O)N[C@@H](Cc2ccccc2)C(=O)N[C@H](C)C(=O)N(Cc2ccccc2)CC(=O)N1C,hexa_496,3010,-5.44,6,6,Circle,0.173511,0.0574618,-21.1587,8.421,7.384,1.037,0.129215,0.0345646,8.299,7.347,0.952,14,42,train,train,train,test,train,train,val,train,test,train,,train,0.2799999999999998,0.5107474
2986,2020_Townsend,CC(C)C[C@H]1C(=O)N[C@@H](Cc2ccccc2)C(=O)N[C@H](C)C(=O)N(C)[C@H](CC(C)C)C(=O)N(C)[C@@H](CC(C)C)C(=O)N2CCC[C@H]2C(=O)N1C,hexa_472,2986,-5.27,6,6,Circle,0.151053,0.053878,-19.2753,8.319,7.237,1.082,0.111451,0.0435386,8.031,7.022,1.009,17,73,train,train,train,test,train,train,train,val,train,train,,train,0.3650000000000002,0.27693594
2972,2020_Townsend,CC(C)C[C@@H]1NC(=O)[C@@H]2CCCN2C(=O)CN(Cc2ccccc2)C(=O)[C@@H](CC(C)C)NC(=O)[C@@H](C)NC(=O)[C@H](Cc2ccccc2)NC1=O,hexa_458,2972,-6.21,6,6,Circle,0.223374,0.0791412,-27.9139,8.145,6.954,1.191,0.164675,0.0421355,8.079,6.978,1.101,95,42,train,train,train,test,train,test,train,test,val,train,,train,-0.1049999999999999,-0.10471479
2952,2020_Townsend,CC(C)C[C@@H]1NC(=O)[C@@H](C)NC(=O)[C@H](Cc2ccccc2)NC(=O)[C@H](CC(C)C)N(C)C(=O)[C@@H]2CCCN2C(=O)[C@H](CC(C)C)NC1=O,hexa_438,2952,-6.27,6,6,Circle,0.146451,0.040195,-23.5659,8.276,7.085,1.191,0.111389,0.0396593,8.068,6.9,1.168,70,94,train,train,test,test,train,train,train,train,train,train,,train,-0.1349999999999998,-0.058031663
2935,2020_Townsend,CC(C)C[C@@H]1NC(=O)[C@@H]2CCCN2C(=O)[C@H](CC(C)C)NC(=O)[C@H](CC(C)C)NC(=O)[C@@H](C)NC(=O)[C@H](Cc2ccccc2)NC1=O,hexa_421,2935,-7.02,6,6,Circle,0.158573,0.0577526,-27.3592,8.197,6.842,1.355,0.0939954,0.0379369,8.342,6.977,1.365,72,8,train,train,train,test,train,test,val,train,train,train,,train,-0.5099999999999998,-0.35352805
2914,2020_Townsend,CC(C)C[C@@H]1NC(=O)[C@@H]2CCCN2C(=O)C[C@H](Cc2ccccc2)NC(=O)[C@@H](CC(C)C)N(C)C(=O)[C@H](C)NC(=O)[C@H](Cc2ccccc2)NC1=O,hexa_400,2914,-6.28,6,6,Circle,0.230101,0.0940621,-28.5759,8.698,7.475,1.223,0.150126,0.0409656,8.183,7.14,1.043,43,11,train,train,train,test,train,train,train,train,train,train,,train,-0.1400000000000001,0.006700582
2898,2020_Townsend,CC(C)C[C@H]1C(=O)N(Cc2ccccc2)CC(=O)N2CCC[C@H]2C(=O)N[C@H](CC(C)C)C(=O)N[C@@H](Cc2ccccc2)C(=O)N[C@@H](C)C(=O)N1C,hexa_384,2898,-6.07,6,6,Circle,0.135011,0.0400426,-42.5623,8.298,7.043,1.255,0.111004,0.0506487,8.456,7.331,1.125,12,40,train,test,train,test,train,train,train,train,train,train,,train,-0.0350000000000001,0.08204017
2897,2020_Townsend,CC(C)C[C@@H]1NC(=O)[C@H](C)NC(=O)[C@H](Cc2ccccc2)NC(=O)[C@@H](CC(C)C)NC(=O)[C@@H]2CCCN2C(=O)C[C@H](Cc2ccccc2)NC1=O,hexa_383,2897,-10.0,6,6,Circle,0.202668,0.0609136,-38.7325,8.5,7.136,1.364,0.145892,0.0436745,7.88,6.856,1.024,32,5,train,train,train,test,train,val,train,train,train,train,,train,-1.0,-0.40037224
2890,2020_Townsend,CC(C)C[C@H]1NC(=O)[C@@H]2CCCN2C(=O)CN(Cc2ccccc2)C(=O)[C@@H](CC(C)C)N(C)C(=O)[C@H](C)NC(=O)[C@H](Cc2ccccc2)NC1=O,hexa_376,2890,-6.4,6,6,Circle,0.172785,0.0593415,-31.3648,8.409,7.103,1.306,0.127911,0.0515577,8.257,7.134,1.123,26,74,train,train,train,test,train,train,train,test,train,train,,train,-0.2000000000000001,0.03291168
2866,2020_Townsend,CC(C)C[C@H]1C(=O)N[C@H](CC(C)C)C(=O)N2CCC[C@H]2C(=O)N(C)[C@H](CC(C)C)C(=O)N[C@@H](Cc2ccccc2)C(=O)N[C@@H](C)C(=O)N1C,hexa_352,2866,-5.35,6,6,Circle,0.149625,0.0417511,-25.2273,8.711,7.437,1.274,0.186266,0.0589762,8.375,7.228,1.147,26,51,train,train,train,test,train,train,train,train,train,train,,train,0.3250000000000002,0.3966733
2847,2020_Townsend,CC(C)C[C@H]1C(=O)N2CCC[C@H]2C(=O)N[C@H](CC(C)C)C(=O)N[C@@H](Cc2ccccc2)C(=O)N[C@@H](C)C(=O)N[C@H](CC(C)C)C(=O)N1C,hexa_333,2847,-6.59,6,6,Circle,0.124596,0.0402895,-24.4319,8.288,7.034,1.254,0.114648,0.0412709,8.265,7.03,1.235,76,59,train,train,train,test,train,train,train,val,train,train,,train,-0.2949999999999999,0.091118805
2842,2020_Townsend,CC(C)C[C@@H]1NC(=O)[C@@H]2CCCN2C(=O)[C@@H](CC(C)C)NC(=O)[C@@H](CC(C)C)NC(=O)[C@H](C)NC(=O)[C@H](Cc2ccccc2)NC1=O,hexa_328,2842,-6.45,6,6,Circle,0.152268,0.0497742,-31.1513,8.194,6.815,1.379,0.141453,0.0508036,7.942,6.796,1.146,37,33,train,val,val,test,train,train,train,train,train,train,,train,-0.2250000000000001,0.042766273
2841,2020_Townsend,CC(C)C[C@@H]1NC(=O)[C@H](C)NC(=O)[C@H](Cc2ccccc2)NC(=O)[C@@H](CC(C)C)NC(=O)[C@@H]2CCCN2C(=O)[C@@H](CC(C)C)NC1=O,hexa_327,2841,-6.23,6,6,Circle,0.175148,0.0620475,-36.1437,8.401,6.951,1.45,0.236505,0.100304,7.909,6.733,1.176,30,6,train,train,train,test,train,test,train,train,train,test,,train,-0.1150000000000002,-0.31041664
2829,2020_Townsend,CCCN1CC(=O)N(C)[C@H](CC(C)C)C(=O)N(C)[C@@H](CC(C)C)C(=O)N2CCC[C@H]2C(=O)N(Cc2ccccc2)CC(=O)N[C@@H](Cc2ccccc2)C1=O,hexa_315,2829,-4.97,6,6,Circle,0.136458,0.0351545,-18.7564,8.965,7.987,0.978,0.129497,0.0446423,8.577,7.509,1.068,24,29,train,train,train,test,train,val,train,train,train,train,,train,0.5150000000000001,0.27030888
2826,2020_Townsend,CCCN1CC(=O)N(C)[C@H](CC(C)C)C(=O)N(Cc2ccccc2)CC(=O)N2CCC[C@H]2C(=O)N(C)[C@H](CC(C)C)C(=O)N[C@@H](Cc2ccccc2)C1=O,hexa_312,2826,-5.02,6,6,Circle,0.173848,0.0621822,-20.56,8.765,7.739,1.026,0.166781,0.0552058,8.79,7.975,0.815,18,32,test,train,train,test,train,train,train,train,train,train,,test,0.4900000000000002,0.3982217
2823,2020_Townsend,CCCN1CC(=O)N[C@@H](CC(C)C)C(=O)N(Cc2ccccc2)CC(=O)N2CCC[C@H]2C(=O)N(C)[C@@H](CC(C)C)C(=O)N[C@@H](Cc2ccccc2)C1=O,hexa_309,2823,-4.87,6,6,Circle,0.19428,0.0711366,-28.2273,8.694,7.659,1.035,0.188062,0.0711918,8.717,7.781,0.936,81,37,train,train,test,test,train,val,train,test,train,train,,train,0.565,0.55082667
2818,2020_Townsend,CCCN1CC(=O)N[C@@H](CC(C)C)C(=O)N(Cc2ccccc2)CC(=O)N2CCC[C@H]2C(=O)N(C)[C@H](CC(C)C)C(=O)N[C@@H](Cc2ccccc2)C1=O,hexa_304,2818,-4.83,6,6,Circle,0.178693,0.0579617,-29.4066,8.843,7.761,1.082,0.110239,0.0387755,8.484,7.34,1.144,45,54,train,train,test,test,train,train,train,test,train,train,,train,0.585,0.36566082
2799,2020_Townsend,CCCN1CC(=O)N(C)[C@H](CC(C)C)C(=O)N[C@@H](CC(C)C)C(=O)N2CCC[C@H]2C(=O)N(C)[C@@H](CC(C)C)C(=O)N[C@@H](Cc2ccccc2)C1=O,hexa_285,2799,-4.74,6,6,Circle,0.150129,0.0481895,-15.5282,8.585,7.736,0.849,0.0901196,0.0302467,8.302,7.483,0.819,77,24,train,test,train,test,train,train,val,train,test,val,,train,0.6299999999999999,0.61438614
2789,2020_Townsend,CCCN1CC(=O)N(C)[C@H](CC(C)C)C(=O)N(C)[C@H](CC(C)C)C(=O)N2CCC[C@H]2C(=O)N[C@H](CC(C)C)C(=O)N[C@@H](Cc2ccccc2)C1=O,hexa_275,2789,-4.8,6,6,Circle,0.15268,0.0390494,-17.5018,8.283,7.378,0.905,0.107922,0.0363037,8.4,7.569,0.831,100,90,train,train,train,test,train,test,train,train,train,test,,train,0.6000000000000001,0.3611655
2784,2020_Townsend,CCCN1CC(=O)N(C)[C@@H](CC(C)C)C(=O)N[C@@H](CC(C)C)C(=O)N2CCC[C@H]2C(=O)N[C@H](CC(C)C)C(=O)N[C@@H](Cc2ccccc2)C1=O,hexa_270,2784,-4.93,6,6,Circle,0.121572,0.0471384,-20.2476,8.555,7.49,1.065,0.140938,0.0490943,8.578,7.463,1.115,44,87,train,train,train,test,train,val,train,train,train,train,,train,0.5350000000000001,0.46851623
2777,2020_Townsend,CCCN1CC(=O)N[C@H](CC(C)C)C(=O)N(C)[C@H](CC(C)C)C(=O)N2CCC[C@H]2C(=O)N[C@H](CC(C)C)C(=O)N[C@@H](Cc2ccccc2)C1=O,hexa_263,2777,-4.96,6,6,Circle,0.197446,0.0681129,-15.892,8.204,7.154,1.05,0.138707,0.041342,8.151,7.208,0.943,90,84,train,train,train,test,train,train,train,train,train,train,,train,0.52,0.33712867
2774,2020_Townsend,CCCN1CC(=O)N[C@H](CC(C)C)C(=O)N[C@@H](CC(C)C)C(=O)N2CCC[C@H]2C(=O)N[C@@H](CC(C)C)C(=O)N[C@@H](Cc2ccccc2)C1=O,hexa_260,2774,-4.94,6,6,Circle,0.143683,0.0550132,-24.1224,8.408,7.169,1.239,0.146285,0.0506952,8.422,7.124,1.298,79,21,train,train,train,test,val,val,train,train,train,train,,train,0.5299999999999998,-0.02543708
2755,2020_Townsend,CCCN1CC(=O)N(C)[C@H](CC(C)C)C(=O)N(Cc2ccccc2)CC(=O)N2CCC[C@@H]2C(=O)N(C)[C@H](CC(C)C)C(=O)N[C@@H](Cc2ccccc2)C1=O,hexa_241,2755,-5.34,6,6,Circle,0.222217,0.0902065,-23.1769,8.698,7.747,0.951,0.158201,0.0456081,8.691,7.877,0.814,7,53,val,train,train,test,val,val,train,train,train,train,,val,0.33,0.46748295
2752,2020_Townsend,CCCN1CC(=O)N(Cc2ccccc2)CC(=O)N(C)[C@H](CC(C)C)C(=O)N2CCC[C@@H]2C(=O)N(C)[C@H](CC(C)C)C(=O)N[C@@H](Cc2ccccc2)C1=O,hexa_238,2752,-5.54,6,6,Circle,0.131355,0.0440289,-33.0508,8.87,7.751,1.119,0.16286,0.0594175,8.847,7.729,1.118,23,69,test,test,train,test,train,train,test,train,train,test,,test,0.2299999999999999,0.20759432
2741,2020_Townsend,CCCN1CC(=O)N(C)[C@H](CC(C)C)C(=O)N(Cc2ccccc2)CC(=O)N2CCC[C@@H]2C(=O)N[C@H](CC(C)C)C(=O)N[C@@H](Cc2ccccc2)C1=O,hexa_227,2741,-5.33,6,6,Circle,0.165644,0.0442102,-25.4586,8.522,7.551,0.971,0.13491,0.0415302,8.647,7.822,0.825,69,61,train,train,val,test,val,train,test,train,train,val,,train,0.3349999999999999,0.3564284
2736,2020_Townsend,CCCN1CC(=O)N[C@@H](CC(C)C)C(=O)N[C@@H](CC(C)C)C(=O)N2CCC[C@@H]2C(=O)N(Cc2ccccc2)CC(=O)N[C@@H](Cc2ccccc2)C1=O,hexa_222,2736,-5.39,6,6,Circle,0.200764,0.0712462,-29.1972,8.608,7.446,1.162,0.161358,0.0499888,8.35,7.33,1.02,27,44,test,train,train,test,train,train,train,test,train,train,,test,0.3050000000000001,0.42575565
2729,2020_Townsend,CCCN1CC(=O)N[C@@H](CC(C)C)C(=O)N(Cc2ccccc2)CC(=O)N2CCC[C@@H]2C(=O)N[C@H](CC(C)C)C(=O)N[C@@H](Cc2ccccc2)C1=O,hexa_215,2729,-6.11,6,6,Circle,0.184082,0.0735377,-38.336,8.559,7.377,1.182,0.160586,0.0430666,8.668,7.517,1.151,50,11,train,train,val,test,train,test,test,train,train,train,,train,-0.0550000000000001,0.07709766
2714,2020_Townsend,CCCN1CC(=O)N(C)[C@H](CC(C)C)C(=O)N[C@H](CC(C)C)C(=O)N2CCC[C@@H]2C(=O)N(C)[C@H](CC(C)C)C(=O)N[C@@H](Cc2ccccc2)C1=O,hexa_200,2714,-5.1,6,6,Circle,0.119744,0.0407207,-25.2792,8.504,7.426,1.078,0.109047,0.0381281,8.471,7.672,0.799,98,6,train,train,train,test,test,train,train,train,train,train,,train,0.4500000000000002,0.40721723
2713,2020_Townsend,CCCN1CC(=O)N[C@@H](CC(C)C)C(=O)N[C@@H](CC(C)C)C(=O)N2CCC[C@@H]2C(=O)N(C)[C@@H](CC(C)C)C(=O)N[C@@H](Cc2ccccc2)C1=O,hexa_199,2713,-5.16,6,6,Circle,0.169056,0.0625785,-22.7067,8.544,7.544,1.0,0.127104,0.0371732,8.718,7.633,1.085,34,46,train,train,train,test,train,train,test,train,train,train,,train,0.4199999999999999,0.43155754
2706,2020_Townsend,CCCN1CC(=O)N[C@@H](CC(C)C)C(=O)N(C)[C@@H](CC(C)C)C(=O)N2CCC[C@@H]2C(=O)N[C@H](CC(C)C)C(=O)N[C@@H](Cc2ccccc2)C1=O,hexa_192,2706,-5.68,6,6,Circle,0.136479,0.054777,-29.2168,8.674,7.495,1.179,0.137448,0.0365447,8.509,7.358,1.151,35,66,train,train,train,test,val,train,train,val,train,train,,train,0.1600000000000001,0.5369023
2683,2020_Townsend,CC(C)C[C@H]1C(=O)N[C@@H](Cc2ccccc2)CC(=O)N2CCC[C@H]2C(=O)N(C)[C@@H](CC(C)C)C(=O)N[C@@H](Cc2ccccc2)C(=O)N[C@@H](Cc2ccccc2)CC(=O)N1C,hexa_169,2683,-5.32,6,6,Circle,0.25848,0.0915485,-25.6342,9.443,8.486,0.957,0.192848,0.0623673,9.252,8.234,1.018,32,54,train,train,train,test,val,train,train,train,train,train,,train,0.3399999999999998,0.39886692
2673,2020_Townsend,CC(C)C[C@H]1NC(=O)C[C@H](Cc2ccccc2)NC(=O)[C@H](Cc2ccccc2)NC(=O)CN(Cc2ccccc2)C(=O)[C@@H]2CCCN2C(=O)CN(Cc2ccccc2)C1=O,hexa_159,2673,-6.02,6,6,Circle,0.153001,0.0418616,-27.9585,8.962,7.872,1.09,0.248608,0.104867,9.175,8.104,1.071,80,56,train,test,train,test,train,train,train,train,train,train,,train,-0.0099999999999997,0.06944473
2644,2020_Townsend,CC(C)C[C@@H]1C(=O)N(C)[C@H](CC(C)C)C(=O)N2CCC[C@H]2C(=O)N(C)[C@H](CC(C)C)C(=O)N[C@@H](Cc2ccccc2)C(=O)N[C@@H](Cc2ccccc2)CC(=O)N1C,hexa_130,2644,-5.16,6,6,Circle,0.174757,0.0503127,-16.5443,9.385,8.315,1.07,0.150467,0.0432143,9.462,8.497,0.965,53,33,train,test,train,test,val,train,test,train,val,train,,train,0.4199999999999999,0.43523064
2638,2020_Townsend,CC(C)C[C@@H]1NC(=O)C[C@H](Cc2ccccc2)NC(=O)[C@H](Cc2ccccc2)NC(=O)CN(Cc2ccccc2)C(=O)[C@@H]2CCCN2C(=O)[C@@H](CC(C)C)NC1=O,hexa_124,2638,-5.57,6,6,Circle,0.16316,0.052288,-18.9783,8.869,7.8,1.069,0.177609,0.0638622,8.769,7.614,1.155,94,30,train,train,train,test,test,test,train,train,train,train,,train,0.2149999999999998,0.29470155
2637,2020_Townsend,CC(C)C[C@@H]1NC(=O)[C@@H](CC(C)C)NC(=O)C[C@H](Cc2ccccc2)NC(=O)[C@H](Cc2ccccc2)NC(=O)CN(Cc2ccccc2)C(=O)[C@@H]2CCCN2C1=O,hexa_123,2637,-5.83,6,6,Circle,0.139253,0.0465166,-24.4239,8.818,7.644,1.174,0.191897,0.047537,9.095,7.883,1.212,74,98,train,val,train,test,train,train,train,train,train,train,,train,0.0849999999999999,0.00961738
2635,2020_Townsend,CC(C)C[C@@H]1NC(=O)[C@H](CC(C)C)N(C)C(=O)C[C@H](Cc2ccccc2)NC(=O)[C@H](Cc2ccccc2)NC(=O)[C@@H](CC(C)C)N(C)C(=O)[C@@H]2CCCN2C1=O,hexa_121,2635,-5.26,6,6,Circle,0.167368,0.0532315,-18.6641,8.947,7.916,1.031,0.179309,0.063096,8.812,7.718,1.094,74,42,test,test,train,test,train,test,train,train,train,train,,test,0.3700000000000001,0.29966813
2609,2020_Townsend,CC(C)C[C@@H]1NC(=O)[C@@H](CC(C)C)N(C)C(=O)C[C@H](Cc2ccccc2)NC(=O)[C@H](Cc2ccccc2)NC(=O)[C@@H](CC(C)C)NC(=O)[C@@H]2CCCN2C1=O,hexa_95,2609,-5.37,6,6,Circle,0.165866,0.0502894,-25.2153,9.093,7.918,1.175,0.142998,0.0466296,8.615,7.574,1.041,90,64,train,train,train,test,train,train,train,train,train,val,,train,0.3149999999999999,0.2160096
2601,2020_Townsend,CC(C)C[C@H]1NC(=O)[C@@H]2CCCN2C(=O)[C@@H](CC(C)C)N(C)C(=O)[C@@H](CC(C)C)NC(=O)C[C@H](Cc2ccccc2)NC(=O)[C@H](Cc2ccccc2)NC1=O,hexa_87,2601,-5.26,6,6,Circle,0.177659,0.0475218,-23.2457,8.7,7.65,1.05,0.155805,0.0421261,8.896,7.709,1.187,58,94,train,train,train,test,train,train,val,val,val,train,,train,0.3700000000000001,0.28760478
2599,2020_Townsend,CC(C)C[C@@H]1NC(=O)C[C@H](Cc2ccccc2)NC(=O)[C@H](Cc2ccccc2)NC(=O)[C@H](CC(C)C)NC(=O)[C@@H]2CCCN2C(=O)[C@@H](CC(C)C)NC1=O,hexa_85,2599,-4.84,6,6,Circle,0.151698,0.046298,-19.9595,8.638,7.582,1.056,0.191442,0.0536784,8.8,7.594,1.206,75,47,train,train,train,test,train,train,train,train,train,train,,train,0.5800000000000001,0.3568586
2596,2020_Townsend,CC(C)C[C@@H]1NC(=O)[C@@H](CC(C)C)NC(=O)C[C@H](Cc2ccccc2)NC(=O)[C@H](Cc2ccccc2)NC(=O)[C@@H](CC(C)C)NC(=O)[C@@H]2CCCN2C1=O,hexa_82,2596,-5.92,6,6,Circle,0.138682,0.0495493,-27.1414,8.824,7.598,1.226,0.155093,0.043366,8.691,7.534,1.157,68,93,val,train,train,test,train,val,train,train,test,val,,val,0.04,-0.05086022
2591,2020_Townsend,CC(C)C[C@H]1C(=O)N(Cc2ccccc2)CC(=O)N2CCC[C@@H]2C(=O)N(Cc2ccccc2)CC(=O)N[C@@H](Cc2ccccc2)C(=O)N[C@@H](Cc2ccccc2)CC(=O)N1C,hexa_77,2591,-5.83,6,6,Circle,0.215888,0.0657511,-33.8411,9.277,8.209,1.068,0.178913,0.0352773,9.148,8.109,1.039,87,93,train,train,val,test,train,val,train,test,val,train,,train,0.0849999999999999,0.25684154
2588,2020_Townsend,CC(C)C[C@H]1NC(=O)C[C@H](Cc2ccccc2)NC(=O)[C@H](Cc2ccccc2)NC(=O)CN(Cc2ccccc2)C(=O)[C@H]2CCCN2C(=O)C[C@H](Cc2ccccc2)NC1=O,hexa_74,2588,-5.76,6,6,Circle,0.233822,0.0492208,-37.3818,9.726,8.501,1.225,0.17056,0.040779,9.691,8.358,1.333,87,91,train,train,test,test,val,test,test,train,test,train,,train,0.1200000000000001,0.07013521
2581,2020_Townsend,CC(C)C[C@H]1C(=O)N(Cc2ccccc2)CC(=O)N2CCC[C@@H]2C(=O)N(C)[C@H](CC(C)C)C(=O)N[C@@H](Cc2ccccc2)C(=O)N[C@@H](Cc2ccccc2)CC(=O)N1C,hexa_67,2581,-5.41,6,6,Circle,0.175551,0.044958,-25.3069,9.41,8.217,1.193,0.149318,0.0453041,9.219,8.223,0.996,49,55,train,train,test,test,train,train,train,train,train,train,,train,0.2949999999999999,0.36547807
2574,2020_Townsend,CC(C)C[C@@H]1NC(=O)[C@H]2CCCN2C(=O)CN(Cc2ccccc2)C(=O)[C@H](CC(C)C)N(C)C(=O)C[C@H](Cc2ccccc2)NC(=O)[C@H](Cc2ccccc2)NC1=O,hexa_60,2574,-5.48,6,6,Circle,0.145588,0.0397659,-30.7579,9.003,8.065,0.938,0.152847,0.0438837,8.941,7.986,0.955,44,79,train,train,train,test,train,train,train,train,train,train,,train,0.2599999999999998,0.11003385
2568,2020_Townsend,CC(C)C[C@H]1C(=O)N[C@H](CC(C)C)C(=O)N2CCC[C@@H]2C(=O)N(Cc2ccccc2)CC(=O)N[C@@H](Cc2ccccc2)C(=O)N[C@@H](Cc2ccccc2)CC(=O)N1C,hexa_54,2568,-6.19,6,6,Circle,0.263642,0.0748616,-27.0345,9.604,8.439,1.165,0.174295,0.043888,9.165,7.997,1.168,31,9,test,train,test,test,train,train,train,test,train,train,,test,-0.0950000000000002,0.46614546
2566,2020_Townsend,CC(C)C[C@H]1C(=O)N2CCC[C@@H]2C(=O)N(C)[C@@H](CC(C)C)C(=O)N[C@@H](Cc2ccccc2)C(=O)N[C@@H](Cc2ccccc2)CC(=O)N(C)[C@H](CC(C)C)C(=O)N1C,hexa_52,2566,-5.53,6,6,Circle,0.120899,0.0338505,-24.5046,8.68,7.786,0.894,0.127491,0.0356528,8.695,7.966,0.729,82,43,train,train,train,test,train,train,train,val,train,train,,train,0.2349999999999998,0.24443647
2558,2020_Townsend,CC(C)C[C@@H]1NC(=O)[C@H]2CCCN2C(=O)[C@H](CC(C)C)NC(=O)CN(Cc2ccccc2)C(=O)C[C@H](Cc2ccccc2)NC(=O)[C@H](Cc2ccccc2)NC1=O,hexa_44,2558,-5.51,6,6,Circle,0.146306,0.0373516,-24.7769,8.774,7.8,0.974,0.162371,0.045973,8.812,7.766,1.046,51,88,val,train,train,test,train,train,train,train,train,train,,val,0.2450000000000001,0.13431925
2550,2020_Townsend,CC(C)C[C@H]1C(=O)N2CCC[C@@H]2C(=O)N(C)[C@@H](CC(C)C)C(=O)N[C@@H](Cc2ccccc2)C(=O)N[C@@H](Cc2ccccc2)CC(=O)N[C@H](CC(C)C)C(=O)N1C,hexa_36,2550,-5.5,6,6,Circle,0.137211,0.0333191,-23.3841,8.916,7.839,1.077,0.199467,0.0695833,9.067,8.037,1.03,38,53,train,train,train,test,train,train,test,train,train,test,,train,0.25,0.17121875
2547,2020_Townsend,CC(C)C[C@H]1NC(=O)[C@H]2CCCN2C(=O)CN(Cc2ccccc2)C(=O)[C@@H](CC(C)C)NC(=O)C[C@H](Cc2ccccc2)NC(=O)[C@H](Cc2ccccc2)NC1=O,hexa_33,2547,-5.3,6,6,Circle,0.28792,0.0847744,-26.0453,8.851,7.774,1.077,0.19673,0.0578931,8.953,7.946,1.007,81,96,train,train,train,test,test,train,train,train,train,train,,train,0.3500000000000001,0.10601414
2348,2018_Naylor,CC(C)C[C@@H]1NC(=O)[C@H](Cc2ccc(O)cc2)NC(=O)[C@H]2CCCN2C(=O)[C@H](CC(C)C)NC(=O)[C@H](CC2CCCCC2)NC(=O)[C@@H](CC(C)C)NC1=O,1NMe3perNH-3Cha6Y(54),2348,-5.09,6,6,Circle,0.198193,0.0467431,-38.0815,9.308,7.972,1.336,0.186388,0.0486691,9.085,7.833,1.252,66,62,val,train,train,test,train,train,train,train,train,train,,val,0.455,0.1904608
2344,2018_Naylor,CC(C)C[C@@H]1NC(=O)[C@H](Cc2ccc(O)cc2)NC(=O)[C@H]2CCCN2C(=O)[C@H](CC(C)C)NC(=O)[C@H](CC(C)C)NC(=O)[C@@H](C)NC1=O,1NMe3perNH-2Ala6Y(50),2344,-6.51,6,6,Circle,0.195295,0.054808,-50.9813,8.487,6.998,1.489,0.126945,0.0499056,8.147,6.947,1.2,15,93,train,train,train,test,train,test,train,train,train,train,,train,-0.2549999999999999,-0.25997147
2316,2018_Naylor,CC(C)C[C@@H]1NC(=O)[C@H](CC2CCCCC2)N(C)C(=O)[C@H]2CCCN2C(=O)[C@H](CC(C)C)NC(=O)[C@H](CC(C)C)N(C)C(=O)[C@@H](CC(C)C)N(C)C1=O,1NMe3-6Cha(22),2316,-7.02,6,6,Circle,0.146195,0.0594034,-13.307,9.208,8.28,0.928,0.122356,0.0500862,9.062,8.241,0.821,12,19,val,train,train,test,train,train,train,train,val,train,,val,-0.5099999999999998,-0.32388684
1820,2016_Furukawa,CCCC[C@@H]1NC(=O)[C@@H](CC(C)C)NC(=O)CN(CC2CCCCC2)C(=O)[C@@H](Cc2ccccc2)NC(=O)CN(Cc2ccc3c(c2)OCO3)C(=O)[C@H]2CCCN2C1=O,2.8-17H,1820,-8.27,6,6,Circle,0.160071,0.0376332,-27.7568,8.943,7.568,1.375,0.157783,0.0656355,9.107,7.725,1.382,40,65,train,train,test,test,val,test,train,test,train,train,-6.49,test,-1.0,0.33674446
1813,2016_Furukawa,CCCCCN1CC(=O)N[C@H](CC(C)C)C(=O)N[C@@H](CCCC)C(=O)N2CCC[C@@H]2C(=O)N(Cc2ccc3c(c2)OCO3)CC(=O)N[C@H](C)C1=O,2.8-10H,1813,-5.31,6,6,Circle,0.152386,0.071341,-26.9594,8.081,6.561,1.52,0.11275,0.0312041,8.136,6.595,1.541,44,25,train,train,train,test,test,train,train,val,train,train,,train,0.3450000000000002,0.23301835
1811,2016_Furukawa,CCCC[C@@H]1NC(=O)[C@@H](CC(C)C)NC(=O)CN(CC2CCCCC2)C(=O)[C@@H](Cc2ccccc2)NC(=O)CN(CC)C(=O)[C@H]2CCCN2C1=O,2.8-08H,1811,-5.03,6,6,Circle,0.16938,0.0677529,-23.659,8.22,7.048,1.172,0.142591,0.0503515,8.264,7.151,1.113,37,88,train,train,val,test,train,train,train,train,train,train,,train,0.4849999999999999,0.3447592
1810,2016_Furukawa,CCCC[C@@H]1NC(=O)[C@@H](CC(C)C)NC(=O)CN(CC2CCOCC2)C(=O)[C@@H](C)NC(=O)CN(CCCOC(C)C)C(=O)[C@H]2CCCN2C1=O,2.8-07H,1810,-6.6,6,6,Circle,0.185093,0.0748782,-33.1755,8.886,7.481,1.405,0.145908,0.0438919,8.624,7.323,1.301,74,39,train,train,test,test,train,train,train,train,train,train,,train,-0.2999999999999998,-0.38681602
1806,2016_Furukawa,CCCC[C@@H]1NC(=O)[C@@H](CC(C)C)NC(=O)CN(CC2CCOCC2)C(=O)[C@@H](C)NC(=O)CN(CC)C(=O)[C@H]2CCCN2C1=O,2.8-03H,1806,-7.14,6,6,Circle,0.129721,0.0657284,-27.1001,7.253,5.888,1.365,0.114553,0.0647197,7.345,6.053,1.292,2,47,train,val,train,test,train,val,train,train,train,train,,train,-0.5699999999999998,-0.68951315
1801,2016_Furukawa,CCCCCN1CC(=O)N(C)[C@H](CC(C)C)C(=O)N[C@@H](CCCC)C(=O)N2CCC[C@@H]2C(=O)N(Cc2ccc3c(c2)OCO3)CC(=O)N[C@H](Cc2ccccc2)C1=O,2.8-16Me,1801,-10.0,6,6,Circle,0.235863,0.0815341,-28.1868,9.159,7.848,1.311,0.171448,0.0374124,9.343,8.05,1.293,98,17,train,train,train,test,test,train,train,train,train,val,-7.03,test,-1.0,0.026166506
1799,2016_Furukawa,CCCC[C@@H]1NC(=O)[C@@H](CC(C)C)N(C)C(=O)CN(CC2CCCCC2)C(=O)[C@@H](Cc2ccccc2)NC(=O)CN(CCCOC(C)C)C(=O)[C@H]2CCCN2C1=O,2.8-14Me,1799,-5.48,6,6,Circle,0.169827,0.0542154,-24.2031,9.101,8.116,0.985,0.153461,0.0357304,9.332,8.154,1.178,12,74,val,train,train,test,train,train,train,train,train,val,,val,0.2599999999999998,0.2194976
1794,2016_Furukawa,CCCC[C@@H]1NC(=O)[C@@H](CC(C)C)N(C)C(=O)CN(CC2CCOCC2)C(=O)[C@@H](Cc2ccccc2)NC(=O)CN(CC)C(=O)[C@H]2CCCN2C1=O,2.8-09Me,1794,-5.7,6,6,Circle,0.138747,0.0427428,-30.9429,8.268,7.181,1.087,0.116052,0.0325405,8.319,7.164,1.155,33,78,val,val,val,test,train,train,val,train,train,train,,val,0.1499999999999999,-0.002227568
1790,2016_Furukawa,CCCCCN1CC(=O)N(C)[C@H](CC(C)C)C(=O)N[C@@H](CCCC)C(=O)N2CCC[C@@H]2C(=O)N(CC)CC(=O)N[C@H](Cc2ccccc2)C1=O,2.8-05Me,1790,-5.01,6,6,Circle,0.151143,0.0372782,-26.845,8.275,7.211,1.064,0.17078,0.0715522,8.361,7.291,1.07,49,49,train,train,val,test,train,val,train,train,train,val,,train,0.4950000000000001,0.3962172
1779,2016_Furukawa,CCCC[C@@H]1NC(=O)[C@@H](CC(C)C)NC(=O)CN(CC2CCOCC2)C(=O)[C@@H](C)NC(=O)CN(Cc2ccc3c(c2)OCO3)C(=O)[C@@H]2CCCN2C1=O,2.7-12H,1779,-6.64,6,6,Circle,0.146803,0.0427257,-32.8717,8.436,6.918,1.518,0.216343,0.067889,8.627,7.029,1.598,83,79,train,test,train,test,train,train,train,train,train,test,,train,-0.3199999999999998,-0.52839166
1770,2016_Furukawa,CCCC[C@@H]1NC(=O)[C@@H](CC(C)C)NC(=O)CN(CC2CCOCC2)C(=O)[C@@H](C)NC(=O)CN(CC)C(=O)[C@@H]2CCCN2C1=O,2.7-03H,1770,-8.0,6,6,Circle,0.174348,0.0740865,-26.2398,7.658,6.295,1.363,0.102929,0.0418542,7.824,6.388,1.436,11,21,train,test,train,test,train,train,train,val,train,train,,train,-1.0,-1.1245075
1753,2016_Furukawa,CCCCCN1CC(=O)N(C)[C@H](CC(C)C)C(=O)N[C@@H](CCCC)C(=O)N2CCC[C@H]2C(=O)N(CCCOC(C)C)CC(=O)N[C@H](C)C1=O,2.7-04Me,1753,-5.72,6,6,Circle,0.140999,0.0370813,-20.5297,8.966,7.752,1.214,0.148676,0.034071,9.028,7.82,1.208,34,34,train,train,train,test,train,train,train,train,train,train,,train,0.1400000000000001,0.21543112
1750,2016_Furukawa,CCCCCN1CC(=O)N(C)[C@H](CC(C)C)C(=O)N[C@@H](CCCC)C(=O)N2CCC[C@H]2C(=O)N(CC)CC(=O)N[C@H](C)C1=O,2.7-01Me,1750,-6.26,6,6,Circle,0.111143,0.0387833,-24.448,7.64,6.473,1.167,0.0991744,0.0316205,7.938,6.777,1.161,3,11,train,train,train,test,train,train,test,test,train,train,,train,-0.1299999999999999,0.029431514
1746,2016_Furukawa,CCCC[C@@H]1NC(=O)[C@@H](CC(C)C)NC(=O)CN(CC2CCOCC2)C(=O)[C@H](Cc2ccccc2)NC(=O)CN(CCCOC(C)C)C(=O)[C@H]2CCCN2C1=O,2.6-15H,1746,-5.34,6,6,Circle,0.158294,0.0408321,-31.6359,9.121,7.737,1.384,0.151986,0.0454595,9.153,7.918,1.235,54,14,train,train,train,test,train,train,train,train,train,test,,train,0.33,0.39925054
1725,2016_Furukawa,CCCC[C@@H]1NC(=O)[C@@H](CC(C)C)N(C)C(=O)CN(CC2CCOCC2)C(=O)[C@H](C)NC(=O)CN(Cc2ccc3c(c2)OCO3)C(=O)[C@H]2CCCN2C1=O,2.6-12Me,1725,-5.47,6,6,Circle,0.18388,0.0766923,-27.7171,8.783,7.342,1.441,0.0973682,0.0362202,8.651,7.265,1.386,2,96,test,train,train,test,train,train,train,train,train,test,,test,0.2650000000000001,0.25583237
1720,2016_Furukawa,CCCC[C@@H]1NC(=O)[C@@H](CC(C)C)N(C)C(=O)CN(CC2CCOCC2)C(=O)[C@H](C)NC(=O)CN(CCCOC(C)C)C(=O)[C@H]2CCCN2C1=O,2.6-07Me,1720,-5.95,6,6,Circle,0.15349,0.0585508,-21.417,8.593,7.445,1.148,0.120441,0.0473891,8.466,7.352,1.114,3,44,train,test,train,test,train,train,test,train,train,train,,train,0.0249999999999999,0.16071887
1719,2016_Furukawa,CCCC[C@@H]1NC(=O)[C@@H](CC(C)C)N(C)C(=O)CN(CC2CCCCC2)C(=O)[C@H](C)NC(=O)CN(CCCOC(C)C)C(=O)[C@H]2CCCN2C1=O,2.6-06Me,1719,-4.86,6,6,Circle,0.138865,0.0499947,-17.6241,8.68,7.648,1.032,0.133158,0.0488631,8.518,7.457,1.061,80,54,train,train,train,test,train,test,val,train,train,train,,train,0.5699999999999998,0.54958767
1682,2016_Furukawa,CCCCCN1CC(=O)N(C)[C@H](CC(C)C)C(=O)N[C@@H](CCCC)C(=O)N2CCC[C@H]2C(=O)N(CC)CC(=O)N[C@@H](Cc2ccccc2)C1=O,2.5-05Me,1682,-4.85,6,6,Circle,0.158906,0.051317,-17.347,8.646,7.694,0.952,0.138868,0.035302,8.409,7.512,0.897,11,10,train,train,train,test,train,train,train,test,test,train,,train,0.5750000000000002,0.55176425
1680,2016_Furukawa,CCCC[C@@H]1NC(=O)[C@@H](CC(C)C)N(C)C(=O)CN(CC2CCOCC2)C(=O)[C@H](C)NC(=O)CN(CC)C(=O)[C@@H]2CCCN2C1=O,2.5-03Me,1680,-6.93,6,6,Circle,0.13233,0.052535,-23.639,8.049,6.812,1.237,0.109454,0.0410106,7.796,6.622,1.174,56,20,val,train,train,test,train,train,test,train,train,train,,val,-0.4649999999999998,-0.39152342
1678,2016_Furukawa,CCCCCN1CC(=O)N(C)[C@H](CC(C)C)C(=O)N[C@@H](CCCC)C(=O)N2CCC[C@H]2C(=O)N(CC)CC(=O)N[C@@H](C)C1=O,2.5-01Me,1678,-5.3,6,6,Circle,0.125076,0.0445464,-19.17,7.948,6.868,1.08,0.0984728,0.0357729,7.73,6.684,1.046,95,42,train,train,train,test,train,train,test,test,train,train,,train,0.3500000000000001,0.29273975
1665,2016_Furukawa,CCCC[C@@H]1NC(=O)[C@H](CC(C)C)NC(=O)CN(CC2CCCCC2)C(=O)[C@@H](C)NC(=O)CN(CCCOC(C)C)C(=O)[C@H]2CCCN2C1=O,2.4-06H,1665,-5.86,6,6,Circle,0.124159,0.0393856,-21.6657,7.969,6.806,1.163,0.13261,0.0346404,8.77,7.305,1.465,12,66,train,train,train,test,train,train,train,train,train,train,,train,0.0699999999999998,-0.0039764373
1663,2016_Furukawa,CCCCCN1CC(=O)N[C@@H](CC(C)C)C(=O)N[C@@H](CCCC)C(=O)N2CCC[C@@H]2C(=O)N(CCCOC(C)C)CC(=O)N[C@H](C)C1=O,2.4-04H,1663,-5.97,6,6,Circle,0.132431,0.0428623,-24.4859,7.986,6.805,1.181,0.133949,0.0456023,8.289,7.126,1.163,19,64,train,train,val,test,train,train,train,train,train,train,,train,0.0150000000000001,-0.12524828
1614,2016_Furukawa,CCCC[C@@H]1NC(=O)[C@H](CC(C)C)N(C)C(=O)CN(CC2CCOCC2)C(=O)[C@@H](Cc2ccccc2)NC(=O)CN(CC)C(=O)[C@@H]2CCCN2C1=O,2.3-09Me,1614,-6.73,6,6,Circle,0.112532,0.0365909,-22.1864,8.62,7.384,1.236,0.116655,0.0301496,8.572,7.355,1.217,48,35,train,train,train,test,train,train,train,train,val,test,,train,-0.3650000000000002,-0.32846448
1604,2016_Furukawa,CCCC[C@@H]1NC(=O)[C@H](CC(C)C)NC(=O)CN(CC2CCCCC2)C(=O)[C@H](Cc2ccccc2)NC(=O)CN(Cc2ccc3c(c2)OCO3)C(=O)[C@H]2CCCN2C1=O,2.2-18H,1604,-5.71,6,6,Circle,0.156341,0.0542141,-24.0887,9.114,7.57,1.544,0.149527,0.044153,9.059,7.588,1.471,39,10,train,test,test,test,train,train,test,train,test,train,,train,0.145,0.120801486
1599,2016_Furukawa,CCCC[C@@H]1NC(=O)[C@H](CC(C)C)NC(=O)CN(CC2CCOCC2)C(=O)[C@H](C)NC(=O)CN(Cc2ccc3c(c2)OCO3)C(=O)[C@H]2CCCN2C1=O,2.2-13H,1599,-6.34,6,6,Circle,0.113258,0.0440098,-34.1314,8.72,7.167,1.553,0.109104,0.044539,8.296,6.627,1.669,80,84,train,val,train,test,val,train,train,train,train,test,,train,-0.1699999999999999,-0.1678885
1596,2016_Furukawa,CCCC[C@@H]1NC(=O)[C@H](CC(C)C)NC(=O)CN(CC2CCOCC2)C(=O)[C@H](Cc2ccccc2)NC(=O)CN(CC)C(=O)[C@H]2CCCN2C1=O,2.2-10H,1596,-5.95,6,6,Circle,0.151761,0.0534562,-23.2328,8.334,7.08,1.254,0.157606,0.0678067,8.285,7.102,1.183,85,86,train,train,val,test,train,train,train,train,test,val,,train,0.0249999999999999,0.07179583
1586,2016_Furukawa,CCCC[C@@H]1NC(=O)[C@H](CC(C)C)N(C)C(=O)CN(CC2CCCCC2)C(=O)[C@H](Cc2ccccc2)NC(=O)CN(Cc2ccc3c(c2)OCO3)C(=O)[C@H]2CCCN2C1=O,2.2-17Me,1437,-7.31,6,6,Circle,0.201593,0.074981,-22.1128,9.044,7.733,1.311,0.13132,0.0443715,8.987,7.713,1.274,67,75,train,train,train,test,train,train,train,train,train,train,,train,-0.6549999999999998,-0.8055252
1573,2016_Furukawa,CCCCCN1CC(=O)N(C)[C@@H](CC(C)C)C(=O)N[C@@H](CCCC)C(=O)N2CCC[C@@H]2C(=O)N(CCCOC(C)C)CC(=O)N[C@@H](C)C1=O,2.2-04Me,1255,-4.97,6,6,Circle,0.13371,0.0496182,-15.2325,8.255,7.198,1.057,0.115016,0.0396864,8.258,7.218,1.04,22,41,train,train,val,test,val,train,train,val,val,test,,train,0.5150000000000001,0.5730735
1569,2016_Furukawa,CCCC[C@@H]1NC(=O)[C@H](CC(C)C)NC(=O)CN(CC2CCOCC2)C(=O)[C@H](Cc2ccccc2)NC(=O)CN(Cc2ccc3c(c2)OCO3)C(=O)[C@@H]2CCCN2C1=O,2.1-18H,1569,-5.34,6,6,Circle,0.161978,0.04335,-29.3462,8.93,7.614,1.316,0.155101,0.0322353,9.268,7.835,1.433,76,88,train,train,train,test,test,train,train,val,test,train,,train,0.33,0.16208537
1567,2016_Furukawa,CCCCCN1CC(=O)N[C@@H](CC(C)C)C(=O)N[C@@H](CCCC)C(=O)N2CCC[C@H]2C(=O)N(Cc2ccc3c(c2)OCO3)CC(=O)N[C@@H](Cc2ccccc2)C1=O,2.1-16H,1567,-5.09,6,6,Circle,0.18391,0.0519066,-28.3332,9.054,7.8,1.254,0.204871,0.0458251,9.27,8.056,1.214,84,37,train,test,train,test,val,train,train,train,train,train,,train,0.455,0.3875321
1557,2016_Furukawa,CCCC[C@@H]1NC(=O)[C@H](CC(C)C)NC(=O)CN(CC2CCCCC2)C(=O)[C@H](C)NC(=O)CN(CCCOC(C)C)C(=O)[C@@H]2CCCN2C1=O,2.1-06H,1557,-5.7,6,6,Circle,0.162308,0.0479181,-20.9716,8.669,7.443,1.226,0.130937,0.0410004,8.387,7.194,1.193,6,70,train,val,val,test,train,train,train,train,train,val,,train,0.1499999999999999,0.25526792
1549,2016_Furukawa,CCCCCN1CC(=O)N(C)[C@@H](CC(C)C)C(=O)N[C@@H](CCCC)C(=O)N2CCC[C@H]2C(=O)N(Cc2ccc3c(c2)OCO3)CC(=O)N[C@@H](Cc2ccccc2)C1=O,2.1-16Me,1549,-6.06,6,6,Circle,0.204492,0.0539699,-24.1541,9.146,7.962,1.184,0.196204,0.041784,9.372,8.085,1.287,53,52,train,train,test,test,train,val,train,test,train,train,,train,-0.0299999999999998,0.028981619
1544,2016_Furukawa,CCCC[C@@H]1NC(=O)[C@H](CC(C)C)N(C)C(=O)CN(CC2CCCCC2)C(=O)[C@H](C)NC(=O)CN(Cc2ccc3c(c2)OCO3)C(=O)[C@@H]2CCCN2C1=O,2.1-11Me,1544,-4.93,6,6,Circle,0.171374,0.056901,-24.6823,8.55,7.301,1.249,0.157501,0.0419202,8.66,7.395,1.265,37,36,train,val,train,test,train,train,train,train,train,test,,train,0.5350000000000001,0.5094252
1528,2016_Furukawa,CCCC[C@@H]1NC(=O)[C@H](CC(C)C)N(C)C(=O)CN(CC2CCOCC2)C(=O)[C@H](Cc2ccc3ccccc3c2)NC(=O)CN(Cc2ccccc2Cn2cccn2)C(=O)[C@H]2CCCN2C1=O,1.10-35,1528,-6.29,6,6,Circle,0.200827,0.0792364,-26.3971,9.926,8.763,1.163,0.114635,0.0409994,10.051,8.905,1.146,48,69,train,test,train,test,train,train,train,train,test,train,,train,-0.145,-0.26219234
1522,2016_Furukawa,CCCC[C@@H]1NC(=O)[C@H](CC(C)C)N(C)C(=O)CN(CCOc2ccccc2)C(=O)[C@H](Cc2ccccc2)NC(=O)CN(Cc2ccccc2Cn2cccn2)C(=O)[C@H]2CCCN2C1=O,1.10-29,1522,-6.79,6,6,Circle,0.232243,0.0599248,-29.107,10.091,8.97,1.121,0.213223,0.0500734,10.248,9.045,1.203,57,18,train,train,train,test,train,train,train,train,train,test,,train,-0.395,-0.5484494
1511,2016_Furukawa,CCCC[C@@H]1NC(=O)[C@H](CC(C)C)N(C)C(=O)CN(CCc2cccnc2)C(=O)[C@H](CC(C)C)NC(=O)CN(Cc2ccccc2Cn2cccn2)C(=O)[C@H]2CCCN2C1=O,1.10-18,1511,-5.59,6,6,Circle,0.183257,0.0469187,-28.8204,9.702,8.463,1.239,0.18364,0.0484585,9.309,8.235,1.074,81,65,train,test,train,test,train,test,test,train,train,train,,train,0.205,0.23998281
1491,2016_Furukawa,CCCC[C@@H]1NC(=O)[C@H](CC(C)C)N(C)C(=O)CN(CCOc2ccccc2)C(=O)[C@H](Cc2ccc3ccccc3c2)NC(=O)CN(Cc2cc(CC(C)C)on2)C(=O)[C@H]2CCCN2C1=O,1.9-38,1491,-8.27,6,6,Circle,0.235536,0.0436535,-22.7207,10.148,8.825,1.323,0.145264,0.0371527,9.591,8.4,1.191,35,85,train,train,test,test,train,train,train,test,train,train,,train,-1.0,-0.9279429
1490,2016_Furukawa,CCCC[C@@H]1NC(=O)[C@H](CC(C)C)N(C)C(=O)CN(CCCc2ccccc2)C(=O)[C@H](Cc2ccc3ccccc3c2)NC(=O)CN(Cc2cc(CC(C)C)on2)C(=O)[C@H]2CCCN2C1=O,1.9-37,1490,-10.0,6,6,Circle,0.256783,0.0456356,-19.7781,10.132,8.893,1.239,0.203302,0.0409387,9.849,8.693,1.156,56,37,train,train,train,test,train,train,train,test,train,train,,train,-1.0,-0.96133894
1473,2016_Furukawa,CCCC[C@@H]1NC(=O)[C@H](CC(C)C)N(C)C(=O)CN(CCOc2ccccc2)C(=O)[C@H](CC(C)C)NC(=O)CN(Cc2cc(CC(C)C)on2)C(=O)[C@H]2CCCN2C1=O,1.9-20,1473,-6.64,6,6,Circle,0.246652,0.0657066,-23.002,9.788,8.353,1.435,0.149121,0.047094,9.168,7.931,1.237,58,42,train,train,train,test,train,train,train,val,train,train,,train,-0.3199999999999998,-0.42323047
1460,2016_Furukawa,CCCC[C@@H]1NC(=O)[C@H](CC(C)C)N(C)C(=O)CN(CCc2cccnc2)C(=O)[C@H](C)NC(=O)CN(Cc2cc(CC(C)C)on2)C(=O)[C@H]2CCCN2C1=O,1.9-07,1460,-5.84,6,6,Circle,0.198518,0.0554806,-25.2789,8.864,7.464,1.4,0.219049,0.0461673,8.761,7.385,1.376,36,67,train,val,train,test,train,train,train,test,train,train,,train,0.08,0.14530727
1451,2016_Furukawa,CCCC[C@@H]1NC(=O)[C@H](CC(C)C)N(C)C(=O)CN(CCOc2ccccc2)C(=O)[C@H](Cc2ccc3ccccc3c2)NC(=O)CN(Cc2ccc3c(c2)OCO3)C(=O)[C@H]2CCCN2C1=O,1.8-38,1451,-8.88,6,6,Circle,0.175084,0.0397157,-25.6954,9.746,8.526,1.22,0.219966,0.0454436,9.804,8.569,1.235,45,46,val,train,train,test,train,train,train,test,val,train,,val,-1.0,-0.969282
1446,2016_Furukawa,CCCC[C@@H]1NC(=O)[C@H](CC(C)C)N(C)C(=O)CN(Cc2ccccc2)C(=O)[C@H](Cc2ccc3ccccc3c2)NC(=O)CN(Cc2ccc3c(c2)OCO3)C(=O)[C@H]2CCCN2C1=O,1.8-33,1446,-8.53,6,6,Circle,0.206225,0.0442246,-24.5987,9.569,8.373,1.196,0.17413,0.0410199,9.635,8.428,1.207,25,7,test,train,train,test,train,train,train,train,val,train,,test,-1.0,-0.99733853
1445,2016_Furukawa,CCCC[C@@H]1NC(=O)[C@H](CC(C)C)N(C)C(=O)CN(CCCN2CCCC2=O)C(=O)[C@H](Cc2ccccc2)NC(=O)CN(Cc2ccc3c(c2)OCO3)C(=O)[C@H]2CCCN2C1=O,1.8-32,1445,-5.86,6,6,Circle,0.187872,0.0397063,-31.355,9.484,8.026,1.458,0.152528,0.0400166,9.215,7.844,1.371,74,12,test,train,train,test,train,train,test,train,train,test,,test,0.0699999999999998,0.07040306
1442,2016_Furukawa,CCCC[C@@H]1NC(=O)[C@H](CC(C)C)N(C)C(=O)CN(CCOc2ccccc2)C(=O)[C@H](Cc2ccccc2)NC(=O)CN(Cc2ccc3c(c2)OCO3)C(=O)[C@H]2CCCN2C1=O,1.8-29,1442,-7.76,6,6,Circle,0.217366,0.0569535,-26.6176,9.488,8.267,1.221,0.133141,0.044837,9.057,7.941,1.116,52,84,train,train,train,test,train,val,train,train,train,train,,train,-0.8799999999999999,-0.82171994
1440,2016_Furukawa,CCCC[C@@H]1NC(=O)[C@H](CC(C)C)N(C)C(=O)CN(CCOC)C(=O)[C@H](Cc2ccc3ccccc3c2)NC(=O)CN(Cc2ccc3c(c2)OCO3)C(=O)[C@H]2CCCN2C1=O,1.8-27,1440,-7.13,6,6,Circle,0.222643,0.0431986,-26.8531,9.339,8.063,1.276,0.137668,0.0427903,9.585,8.268,1.317,95,71,train,train,train,test,train,train,train,train,train,train,,train,-0.565,-0.74924827
1428,2016_Furukawa,CCCC[C@@H]1NC(=O)[C@H](CC(C)C)N(C)C(=O)CN(CC2CCCCC2)C(=O)[C@H](CC(C)C)NC(=O)CN(Cc2ccc3c(c2)OCO3)C(=O)[C@H]2CCCN2C1=O,1.8-15,1428,-7.5,6,6,Circle,0.199059,0.0423614,-20.9246,9.278,8.018,1.26,0.11646,0.0391531,8.911,7.766,1.145,50,100,test,train,train,test,train,test,val,train,train,test,,test,-0.75,-0.42552212
1426,2016_Furukawa,CCCC[C@@H]1NC(=O)[C@H](CC(C)C)N(C)C(=O)CN(Cc2ccccc2)C(=O)[C@H](CC(C)C)NC(=O)CN(Cc2ccc3c(c2)OCO3)C(=O)[C@H]2CCCN2C1=O,1.8-13,1426,-6.67,6,6,Circle,0.213355,0.0623006,-26.5839,9.22,7.889,1.331,0.142966,0.0384702,8.71,7.546,1.164,95,5,train,train,test,test,test,val,train,train,train,train,,train,-0.3349999999999999,-0.049636953
1393,2016_Furukawa,CCCC[C@@H]1NC(=O)[C@H](CC(C)C)N(C)C(=O)CN(CCOc2ccccc2)C(=O)[C@H](CC(C)C)NC(=O)CN(CCCCc2ccccc2)C(=O)[C@H]2CCCN2C1=O,1.7-20,1393,-7.39,6,6,Circle,0.201862,0.0419367,-19.7285,9.627,8.654,0.973,0.175978,0.0395968,9.514,8.562,0.952,29,55,train,train,train,test,train,train,train,train,train,test,,train,-0.6949999999999998,-0.94558716
1391,2016_Furukawa,CCCC[C@@H]1NC(=O)[C@H](CC(C)C)N(C)C(=O)CN(CCc2cccnc2)C(=O)[C@H](CC(C)C)NC(=O)CN(CCCCc2ccccc2)C(=O)[C@H]2CCCN2C1=O,1.7-18,1391,-5.68,6,6,Circle,0.21232,0.0559634,-24.2627,9.578,8.458,1.12,0.169732,0.0385138,9.444,8.403,1.041,63,19,train,train,train,test,train,val,test,train,train,test,,train,0.1600000000000001,0.09007407
1383,2016_Furukawa,CCCC[C@@H]1NC(=O)[C@H](CC(C)C)N(C)C(=O)CN(CCOc2ccccc2)C(=O)[C@H](C)NC(=O)CN(CCCCc2ccccc2)C(=O)[C@H]2CCCN2C1=O,1.7-10,1383,-6.26,6,6,Circle,0.226355,0.0544725,-24.5349,9.567,8.389,1.178,0.161057,0.0346531,8.901,7.891,1.01,3,22,train,train,train,test,train,train,train,train,test,train,,train,-0.1299999999999999,-0.06931702
1377,2016_Furukawa,CCCC[C@@H]1NC(=O)[C@H](CC(C)C)N(C)C(=O)CN(CC2CCCCC2)C(=O)[C@H](C)NC(=O)CN(CCCCc2ccccc2)C(=O)[C@H]2CCCN2C1=O,1.7-04,1377,-6.24,6,6,Circle,0.181422,0.0393747,-17.424,9.026,7.972,1.054,0.1568,0.0331448,8.67,7.743,0.927,32,47,train,train,train,test,train,train,train,test,train,train,,train,-0.1200000000000001,-0.09994332
1356,2016_Furukawa,CCCC[C@@H]1NC(=O)[C@H](CC(C)C)N(C)C(=O)CN(CCCN2CCCC2=O)C(=O)[C@H](CC(C)C)NC(=O)CN(Cc2ccc(Cl)cc2)C(=O)[C@H]2CCCN2C1=O,1.6-23,1356,-5.68,6,6,Circle,0.214053,0.0538524,-29.5117,9.756,8.284,1.472,0.129583,0.0417464,9.16,7.936,1.224,46,70,train,train,train,test,train,train,train,train,train,train,,train,0.1600000000000001,0.12700148
1355,2016_Furukawa,CCCC[C@@H]1NC(=O)[C@H](CC(C)C)N(C)C(=O)CN(Cc2ccccc2)C(=O)[C@H](Cc2ccccc2)NC(=O)CN(Cc2ccc(Cl)cc2)C(=O)[C@H]2CCCN2C1=O,1.6-22,1355,-8.11,6,6,Circle,0.186244,0.0547422,-21.7219,9.339,8.373,0.966,0.184841,0.041768,9.284,8.319,0.965,100,75,train,train,train,test,train,train,test,train,train,train,,train,-1.0,-0.9519559
1347,2016_Furukawa,CCCC[C@@H]1NC(=O)[C@H](CC(C)C)N(C)C(=O)CN(CCOC)C(=O)[C@H](Cc2ccccc2)NC(=O)CN(Cc2ccc(Cl)cc2)C(=O)[C@H]2CCCN2C1=O,1.6-14,1347,-5.94,6,6,Circle,0.195812,0.0600885,-23.296,9.177,8.071,1.106,0.174597,0.0446573,8.908,7.829,1.079,27,96,train,val,train,test,train,train,train,train,train,train,,train,0.0299999999999998,0.13118404
1335,2016_Furukawa,CCCCCN1CC(=O)N(C)[C@@H](CC(C)C)C(=O)N[C@@H](CCCC)C(=O)N2CCC[C@@H]2C(=O)N(Cc2ccc(Cl)cc2)CC(=O)N[C@@H](C)C1=O,1.6-02,1335,-5.27,6,6,Circle,0.176045,0.0504012,-19.2191,8.64,7.508,1.132,0.165593,0.0462116,8.756,7.618,1.138,16,52,train,train,train,test,train,train,train,train,train,train,,train,0.3650000000000002,0.3771456
1330,2016_Furukawa,CCCC[C@@H]1NC(=O)[C@H](CC(C)C)N(C)C(=O)CN(CCCc2ccccc2)C(=O)[C@H](Cc2ccc3ccccc3c2)NC(=O)CN(CCN2CCOCC2)C(=O)[C@H]2CCCN2C1=O,1.5-37,1330,-6.37,6,6,Circle,0.196166,0.0449894,-23.0095,9.888,8.8,1.088,0.138458,0.0381936,9.812,8.777,1.035,30,10,val,train,train,test,train,train,train,train,train,train,,val,-0.185,-0.33692452
1315,2016_Furukawa,CCCC[C@@H]1NC(=O)[C@H](CC(C)C)N(C)C(=O)CN(Cc2ccccc2)C(=O)[C@H](Cc2ccccc2)NC(=O)CN(CCN2CCOCC2)C(=O)[C@H]2CCCN2C1=O,1.5-22,1315,-5.42,6,6,Circle,0.188109,0.055298,-26.2775,9.482,8.316,1.166,0.159377,0.044355,9.254,8.215,1.039,32,76,test,val,train,test,test,val,train,train,train,train,,test,0.29,0.24674517
1303,2016_Furukawa,CCCC[C@@H]1NC(=O)[C@H](CC(C)C)N(C)C(=O)CN(CCOc2ccccc2)C(=O)[C@H](C)NC(=O)CN(CCN2CCOCC2)C(=O)[C@H]2CCCN2C1=O,1.5-10,1303,-6.21,6,6,Circle,0.203695,0.0574758,-31.4068,9.214,7.831,1.383,0.139496,0.0388129,8.822,7.591,1.231,69,50,val,train,train,test,train,train,train,train,train,test,,val,-0.1049999999999999,-0.0959994
1292,2016_Furukawa,CCCC[C@@H]1NC(=O)[C@H](CC(C)C)N(C)C(=O)CN(CCCc2cnn(C)c2)C(=O)[C@H](Cc2ccc3ccccc3c2)NC(=O)CN(CCCOC(C)C)C(=O)[C@H]2CCCN2C1=O,1.4-39,1292,-5.44,6,6,Circle,0.214573,0.047623,-21.3311,9.965,8.81,1.155,0.203889,0.0483695,10.032,8.921,1.111,30,3,train,train,train,test,train,train,train,train,test,train,,train,0.2799999999999998,0.25861907
1278,2016_Furukawa,CCCC[C@@H]1NC(=O)[C@H](CC(C)C)N(C)C(=O)CN(CC2CCOCC2)C(=O)[C@H](Cc2ccccc2)NC(=O)CN(CCCOC(C)C)C(=O)[C@H]2CCCN2C1=O,1.4-25,1278,-5.11,6,6,Circle,0.155814,0.0384545,-22.6379,9.867,8.599,1.268,0.150331,0.03839,9.051,7.994,1.057,85,51,train,train,train,test,train,train,train,train,train,train,,train,0.4449999999999998,0.4923112
1264,2016_Furukawa,CCCC[C@@H]1NC(=O)[C@H](CC(C)C)N(C)C(=O)CN(CCCc2cnn(C)c2)C(=O)[C@H](C)NC(=O)CN(CCCOC(C)C)C(=O)[C@H]2CCCN2C1=O,1.4-11,1264,-6.67,6,6,Circle,0.212598,0.0492914,-28.6852,9.545,8.113,1.432,0.194392,0.045251,8.664,7.502,1.162,13,28,train,train,train,test,train,train,train,train,train,train,,train,-0.3349999999999999,-0.38110518
1260,2016_Furukawa,CCCC[C@@H]1NC(=O)[C@H](CC(C)C)N(C)C(=O)CN(CCc2cccnc2)C(=O)[C@H](C)NC(=O)CN(CCCOC(C)C)C(=O)[C@H]2CCCN2C1=O,1.4-07,1260,-6.74,6,6,Circle,0.164218,0.0490934,-26.6056,8.824,7.583,1.241,0.168687,0.0374958,8.583,7.474,1.109,72,25,train,train,train,test,train,train,test,test,train,train,,train,-0.3700000000000001,-0.41629705
1252,2016_Furukawa,CCCC[C@@H]1NC(=O)[C@H](CC(C)C)N(C)C(=O)CN(CCCc2cnn(C)c2)C(=O)[C@H](Cc2ccc3ccccc3c2)NC(=O)CN(CC(C)C)C(=O)[C@H]2CCCN2C1=O,1.3-39,1252,-5.65,6,6,Circle,0.193751,0.0489158,-23.1018,9.735,8.5,1.235,0.154858,0.0442828,9.44,8.324,1.116,95,76,train,val,train,test,test,train,train,train,train,train,,train,0.1749999999999998,0.07428073
1246,2016_Furukawa,CCCC[C@@H]1NC(=O)[C@H](CC(C)C)N(C)C(=O)CN(Cc2ccccc2)C(=O)[C@H](Cc2ccc3ccccc3c2)NC(=O)CN(CC(C)C)C(=O)[C@H]2CCCN2C1=O,1.3-33,1246,-7.78,6,6,Circle,0.121466,0.0391528,-20.1006,9.255,8.256,0.999,0.168089,0.0446476,9.198,8.186,1.012,31,2,train,train,test,test,test,train,test,train,train,train,,train,-0.8900000000000001,-0.87113994
1229,2016_Furukawa,CCCC[C@@H]1NC(=O)[C@H](CC(C)C)N(C)C(=O)CN(CC2CCOCC2)C(=O)[C@H](CC(C)C)NC(=O)CN(CC(C)C)C(=O)[C@H]2CCCN2C1=O,1.3-16,1229,-5.07,6,6,Circle,0.160548,0.0571958,-19.5808,8.846,7.606,1.24,0.112309,0.0430922,8.83,7.598,1.232,12,40,train,train,train,test,train,train,train,test,train,train,,train,0.4649999999999998,0.45680785
1200,2016_Furukawa,CCCC[C@@H]1NC(=O)[C@H](CC(C)C)N(C)C(=O)CN(CCOC)C(=O)[C@H](Cc2ccc3ccccc3c2)NC(=O)CN(CCC)C(=O)[C@H]2CCCN2C1=O,1.2-27,1200,-5.34,6,6,Circle,0.151611,0.0439992,-20.3442,8.88,7.736,1.144,0.110504,0.0430148,8.809,7.736,1.073,19,43,train,train,train,test,val,train,train,train,train,train,,train,0.33,0.33391723
1197,2016_Furukawa,CCCC[C@@H]1NC(=O)[C@H](CC(C)C)N(C)C(=O)CN(CC2CCCCC2)C(=O)[C@H](Cc2ccccc2)NC(=O)CN(CCC)C(=O)[C@H]2CCCN2C1=O,1.2-24,1197,-6.23,6,6,Circle,0.137188,0.0426022,-17.0874,9.071,7.962,1.109,0.138558,0.0435704,8.912,7.892,1.02,51,42,train,test,train,test,train,train,test,train,train,train,,train,-0.1150000000000002,-0.2022966
1191,2016_Furukawa,CCCC[C@@H]1NC(=O)[C@H](CC(C)C)N(C)C(=O)CN(CCc2cccnc2)C(=O)[C@H](CC(C)C)NC(=O)CN(CCC)C(=O)[C@H]2CCCN2C1=O,1.2-18,1191,-5.62,6,6,Circle,0.110174,0.0432064,-22.7059,8.286,7.193,1.093,0.13369,0.0406568,8.392,7.355,1.037,75,32,train,train,train,test,train,train,train,val,train,train,,train,0.1899999999999999,0.11496873
1176,2016_Furukawa,CCCC[C@@H]1NC(=O)[C@H](CC(C)C)N(C)C(=O)CN(Cc2ccccc2)C(=O)[C@H](C)NC(=O)CN(CCC)C(=O)[C@H]2CCCN2C1=O,1.2-03,1176,-5.12,6,6,Circle,0.154309,0.0591477,-22.3981,8.088,6.912,1.176,0.136305,0.0371129,7.888,6.79,1.098,29,72,test,train,train,test,train,train,train,train,train,train,,test,0.4399999999999999,0.52594376
1172,2016_Furukawa,CCCC[C@@H]1NC(=O)[C@H](CC(C)C)N(C)C(=O)CN(CCCc2cnn(C)c2)C(=O)[C@H](Cc2ccc3ccccc3c2)NC(=O)CN(CC)C(=O)[C@H]2CCCN2C1=O,1.1-39,1172,-5.47,6,6,Circle,0.212731,0.0467488,-23.8812,9.262,8.081,1.181,0.189753,0.0423628,9.062,7.952,1.11,27,34,train,train,train,test,test,train,train,train,train,train,,train,0.2650000000000001,0.20846803
1167,2016_Furukawa,CCCC[C@@H]1NC(=O)[C@H](CC(C)C)N(C)C(=O)CN(CC2CCCCC2)C(=O)[C@H](Cc2ccc3ccccc3c2)NC(=O)CN(CC)C(=O)[C@H]2CCCN2C1=O,1.1-34,1167,-6.58,6,6,Circle,0.115527,0.0440204,-17.6965,8.929,7.829,1.1,0.0989328,0.0353235,8.846,7.874,0.972,49,95,train,train,test,test,train,train,train,train,train,train,,train,-0.29,-0.351451
1157,2016_Furukawa,CCCC[C@@H]1NC(=O)[C@H](CC(C)C)N(C)C(=O)CN(CC2CCCCC2)C(=O)[C@H](Cc2ccccc2)NC(=O)CN(CC)C(=O)[C@H]2CCCN2C1=O,1.1-24,1157,-5.54,6,6,Circle,0.112556,0.038019,-17.1862,8.829,7.764,1.065,0.129572,0.0402549,8.626,7.532,1.094,18,59,train,train,train,test,test,train,train,train,train,train,,train,0.2299999999999999,0.3495483
1146,2016_Furukawa,CCCC[C@@H]1NC(=O)[C@H](CC(C)C)N(C)C(=O)CN(Cc2ccccc2)C(=O)[C@H](CC(C)C)NC(=O)CN(CC)C(=O)[C@H]2CCCN2C1=O,1.1-13,1146,-4.99,6,6,Circle,0.168183,0.0575652,-20.9083,8.255,7.171,1.084,0.140517,0.0422848,8.156,7.134,1.022,65,71,train,val,train,test,train,train,test,train,train,train,,train,0.5049999999999999,0.53721696
1145,2016_Furukawa,CCCC[C@@H]1NC(=O)[C@H](CC(C)C)N(C)C(=O)CN(CCCN2CCCC2=O)C(=O)[C@H](C)NC(=O)CN(CC)C(=O)[C@H]2CCCN2C1=O,1.1-12,1145,-8.28,6,6,Circle,0.160653,0.0441561,-28.884,8.312,6.809,1.503,0.142695,0.0393581,7.989,6.629,1.36,10,54,train,train,train,test,train,val,val,train,train,val,,train,-1.0,-1.0630547
1143,2016_Furukawa,CCCC[C@@H]1NC(=O)[C@H](CC(C)C)N(C)C(=O)CN(CCOc2ccccc2)C(=O)[C@H](C)NC(=O)CN(CC)C(=O)[C@H]2CCCN2C1=O,1.1-10,1143,-5.46,6,6,Circle,0.167853,0.0526772,-24.6089,8.406,7.139,1.267,0.140213,0.0429763,8.256,7.077,1.179,81,44,train,train,train,test,train,val,test,val,val,train,,train,0.27,0.3026205
1142,2016_Furukawa,CCCC[C@@H]1NC(=O)[C@H](CC(C)C)N(C)C(=O)CN(CCCc2ccccc2)C(=O)[C@H](C)NC(=O)CN(CC)C(=O)[C@H]2CCCN2C1=O,1.1-09,1142,-5.16,6,6,Circle,0.165237,0.0474075,-21.5477,8.305,7.177,1.128,0.153033,0.0513355,8.269,7.168,1.101,66,14,train,test,train,test,train,train,test,train,test,val,,train,0.4199999999999999,0.46198848
1087,2015_Wang,CC(C)C[C@H]1C(=O)N[C@@H](Cc2ccc(O)cc2)C(=O)N(C)[C@H](C)C(=O)N(C)CC(=O)N[C@@H](Cc2ccccc2)C(=O)N(C)[C@H](CC(C)C)C(=O)N1C,Compound.43,1087,-6.03,6,6,Circle,0.119157,0.0342166,-29.4581,8.36,7.236,1.124,0.0999171,0.0311487,8.378,7.257,1.121,38,69,train,train,test,test,train,train,train,train,train,val,,train,-0.0150000000000001,-0.17588806
1085,2015_Wang,CC(C)C[C@H]1C(=O)N2CCC[C@@H]2C(=O)N(C)[C@@H](Cc2ccc(O)cc2)C(=O)N[C@@H](C)C(=O)NCC(=O)N(C)[C@@H](Cc2ccccc2)C(=O)N1C,Compound.41,1085,-6.8,6,6,Circle,0.152229,0.0325682,-42.2131,8.16,7.049,1.111,0.152482,0.0577221,7.922,6.733,1.189,25,100,train,train,train,test,train,val,train,train,train,test,,train,-0.3999999999999999,0.19291154
1077,2015_Wang,C[C@@H](O)[C@@H]1NC(=O)[C@@H](CCCCN)NC(=O)[C@@H](Cc2cc3ccccc3[nH]2)NC(=O)[C@H](Cc2ccccc2)NC(=O)[C@@H]2CCCN2C(=O)[C@@H](Cc2ccccc2)NC1=O,Compound.33,1077,-7.05,6,6,Circle,0.267853,0.068754,-100.0606,9.084,7.587,1.497,0.12533,0.0262093,8.74,7.608,1.132,33,9,train,train,test,test,val,train,val,train,train,train,,train,-0.5249999999999999,-0.28538904
1058,2015_Wang,CC(C)C[C@H]1C(=O)N(C)[C@@H](CC(C)C)C(=O)N[C@H](CC(C)C)C(=O)N2CCC[C@@H]2C(=O)N2CCC[C@H]2C(=O)N[C@@H](Cc2ccc(O)cc2)C(=O)N1C,Compound.14,1058,-5.95,6,6,Circle,0.107753,0.0442384,-30.4528,8.327,7.174,1.153,0.149408,0.0378299,8.383,7.393,0.99,31,41,train,train,train,test,val,val,train,train,train,train,,train,0.0249999999999999,-0.105879284
1057,2015_Wang,CC(C)C[C@H]1C(=O)N(C)[C@H](CC(C)C)C(=O)N[C@H](CC(C)C)C(=O)N[C@H](CC(C)C)C(=O)N2CCC[C@H]2C(=O)N[C@@H](Cc2ccc(O)cc2)C(=O)N1C,Compound.13,1057,-5.42,6,6,Circle,0.165786,0.0384514,-29.9377,8.882,7.606,1.276,0.0832019,0.0304489,8.389,7.291,1.098,35,83,train,train,train,test,train,train,train,test,val,train,,train,0.29,0.07441884
1052,2015_Wang,CC(C)C[C@@H]1NC(=O)[C@H](Cc2ccc(O)cc2)N(C)C(=O)[C@H]2CCCN2C(=O)[C@H](CC(C)C)NC(=O)[C@H](CC(C)C)NC(=O)[C@@H](CC(C)C)NC1=O,Compound.8,1052,-5.89,6,6,Circle,0.193296,0.0649328,-35.74,9.213,7.959,1.254,0.162347,0.0446908,8.765,7.751,1.014,58,23,train,train,val,test,train,test,train,train,val,train,,train,0.0550000000000001,0.2103587
1046,2015_Wang,CC(C)C[C@@H]1NC(=O)[C@H](Cc2ccc(O)cc2)NC(=O)[C@@H]2CCCN2C(=O)[C@H]2CCCN2C(=O)[C@@H](CC(C)C)NC(=O)[C@H](CC(C)C)NC1=O,Compound.2,1046,-7.05,6,6,Circle,0.320055,0.136462,-33.053,8.382,7.074,1.308,0.156378,0.0336558,7.952,6.73,1.222,6,56,train,val,train,test,train,train,train,train,train,train,,train,-0.5249999999999999,-0.5059873
