CycPeptMPDB_ID,Source,SMILES,Original_Name_in_Source_Literature,Structurally_Unique_ID,PAMPA,Monomer_Length,Monomer_Length_in_Main_Chain,Molecule_Shape,Water_avgRMSD_All,Water_avgRMSD_BackBone,Desolvation_Free_Energy,Water_3D_SASA,Water_3D_NPSA,Water_3D_PSA,Hexane_avgRMSD_All,Hexane_avgRMSD_BackBone,Hexane_3D_SASA,Hexane_3D_NPSA,Hexane_3D_PSA,Water_RepFrame,Hexane_RepFrame,split_0,split_1,split_2,split_3,split_4,split_5,split_6,split_7,split_8,split_9,PAMPA_WuXi,split_wuxi,Normalized_PAMPA,Pred_2
7063,2021_Kelly,CC(=O)N[C@@H]1C(=O)N2CCC[C@H]2C(=O)N(C)[C@H](CC(C)C)C(=O)N(C)[C@H](CC(C)C)C(=O)N(C)[C@@H](CC(C)C)C(=O)N(C)[C@H](CC(C)C)C(=O)N(C)[C@H](C)C(=O)N[C@@H](CC(C)C)C(=O)N2CCC[C@@H]2C(=O)O[C@@H]1C,L4_4.3.4.4.1,7063,-5.29,10,9,Lariat,0.137568,0.0882782,-27.2447,10.898,9.361,1.537,0.111155,0.057907,11.281,9.917,1.364,100,77,train,train,test,train,train,train,train,train,train,train,,train,0.355,0.46850765
7062,2021_Kelly,CC(=O)N[C@@H]1C(=O)N2CCC[C@H]2C(=O)N(C)[C@H](CC(C)C)C(=O)N(C)[C@H](CC(C)C)C(=O)N(C)[C@@H](CC(C)C)C(=O)N(C)[C@H](CC(C)C)C(=O)N(C)[C@@H](C)C(=O)N[C@@H](CC(C)C)C(=O)N2CCC[C@@H]2C(=O)O[C@@H]1C,L4_4.3.4.3.1,7062,-5.3,10,9,Lariat,0.157394,0.0951869,-23.3097,11.501,9.756,1.745,0.14275,0.0831483,11.295,9.642,1.653,18,97,test,train,test,train,test,train,train,train,train,val,,test,0.3500000000000001,0.370169
7055,2021_Kelly,CC(=O)N[C@@H]1C(=O)N2CCC[C@H]2C(=O)N(C)[C@H](CC(C)C)C(=O)N(C)[C@H](CC(C)C)C(=O)N[C@@H](CC(C)C)C(=O)N(C)[C@H](CC(C)C)C(=O)N[C@@H](C)C(=O)N[C@@H](CC(C)C)C(=O)N2CCC[C@@H]2C(=O)O[C@@H]1C,L4_4.1.4.1.1,7055,-5.91,10,9,Lariat,0.152274,0.0802836,-19.1858,11.176,9.641,1.535,0.0976199,0.0453784,10.773,9.444,1.329,99,3,train,train,test,train,val,train,train,train,test,train,,train,0.0449999999999999,0.12238613
7053,2021_Kelly,CC(=O)N[C@@H]1C(=O)N2CCC[C@H]2C(=O)N(C)[C@H](CC(C)C)C(=O)N(C)[C@H](CC(C)C)C(=O)N[C@@H](CC(C)C)C(=O)N(C)[C@@H](CC(C)C)C(=O)N[C@@H](C)C(=O)N[C@@H](CC(C)C)C(=O)N2CCC[C@@H]2C(=O)O[C@@H]1C,L4_4.1.3.1.1,7053,-5.02,10,9,Lariat,0.136886,0.0835885,-32.5627,11.505,9.919,1.586,0.124571,0.0727108,11.397,9.95,1.447,83,56,train,train,test,train,train,val,val,train,train,train,,train,0.4900000000000002,0.10214983
7048,2021_Kelly,CC(=O)N[C@@H]1C(=O)N2CCC[C@H]2C(=O)N(C)[C@H](CC(C)C)C(=O)N(C)[C@@H](CC(C)C)C(=O)N(C)[C@@H](CC(C)C)C(=O)N(C)[C@H](CC(C)C)C(=O)N(C)[C@H](C)C(=O)N[C@@H](CC(C)C)C(=O)N2CCC[C@@H]2C(=O)O[C@@H]1C,L4_3.3.4.4.1,7048,-5.1,10,9,Lariat,0.126262,0.0647573,-26.8633,11.644,9.733,1.911,0.113856,0.0534755,11.304,9.846,1.458,36,74,train,train,test,train,val,train,val,test,train,train,,train,0.4500000000000002,0.49323037
7029,2021_Kelly,CC(=O)N[C@@H]1C(=O)N2CCC[C@H]2C(=O)N(C)[C@H](CC(C)C)C(=O)N[C@H](CC(C)C)C(=O)N(C)[C@@H](CC(C)C)C(=O)N[C@H](CC(C)C)C(=O)N(C)[C@H](C)C(=O)N[C@@H](CC(C)C)C(=O)N2CCC[C@@H]2C(=O)O[C@@H]1C,L4_2.3.2.4.1,7029,-5.93,10,9,Lariat,0.167251,0.107503,-38.8823,11.986,10.118,1.868,0.208996,0.13698,11.11,9.49,1.62,52,41,train,train,test,train,test,train,train,train,train,train,,train,0.0350000000000001,-0.06306635
7014,2021_Kelly,CC(=O)N[C@@H]1C(=O)N2CCC[C@H]2C(=O)N(C)[C@H](CC(C)C)C(=O)N[C@H](CC(C)C)C(=O)N[C@@H](CC(C)C)C(=O)N(C)[C@H](CC(C)C)C(=O)N(C)[C@H](C)C(=O)N[C@@H](CC(C)C)C(=O)N2CCC[C@@H]2C(=O)O[C@@H]1C,L4_2.1.4.4.1,7014,-5.7,10,9,Lariat,0.126982,0.070518,-18.978,10.922,9.285,1.637,0.118245,0.0497516,10.78,9.247,1.533,87,75,train,train,test,train,train,val,train,test,train,train,,train,0.1499999999999999,0.07856014
7000,2021_Kelly,CC(=O)N[C@@H]1C(=O)N2CCC[C@H]2C(=O)N(C)[C@H](CC(C)C)C(=O)N[C@@H](CC(C)C)C(=O)N(C)[C@@H](CC(C)C)C(=O)N(C)[C@@H](CC(C)C)C(=O)N(C)[C@H](C)C(=O)N[C@@H](CC(C)C)C(=O)N2CCC[C@@H]2C(=O)O[C@@H]1C,L4_1.3.3.4.1,7000,-5.47,10,9,Lariat,0.141631,0.085363,-31.2061,12.014,10.227,1.787,0.114087,0.0700508,11.737,10.145,1.592,84,55,train,train,test,test,train,test,train,test,train,train,,train,0.2650000000000001,0.3496251
6980,2021_Kelly,CC(=O)N1CCC[C@H]1C(=O)N[C@@H]1C(=O)N[C@H](CC(C)C)C(=O)N(C)[C@H](CC(C)C)C(=O)N(C)[C@H](CC(C)C)C(=O)N(C)[C@@H](CC(C)C)C(=O)N(C)[C@H](C)C(=O)N[C@@H](CC(C)C)C(=O)N2CCC[C@@H]2C(=O)O[C@@H]1C,L3_4.4.3.4.1,6980,-5.23,10,8,Lariat,0.108501,0.0553169,-13.9342,10.636,9.504,1.132,0.112732,0.0603185,10.851,9.735,1.116,38,53,train,val,test,train,train,train,train,test,train,train,,train,0.3849999999999998,0.42325944
6970,2021_Kelly,CC(=O)N1CCC[C@H]1C(=O)N[C@@H]1C(=O)N[C@H](CC(C)C)C(=O)N(C)[C@H](CC(C)C)C(=O)N(C)[C@@H](CC(C)C)C(=O)N(C)[C@@H](CC(C)C)C(=O)N(C)[C@@H](C)C(=O)N[C@@H](CC(C)C)C(=O)N2CCC[C@@H]2C(=O)O[C@@H]1C,L3_4.3.3.3.1,6970,-5.07,10,8,Lariat,0.121322,0.071732,-27.8316,11.308,9.664,1.644,0.103464,0.0527103,11.106,9.695,1.411,81,64,train,test,test,val,test,test,train,train,train,train,,train,0.4649999999999998,0.49262106
6969,2021_Kelly,CC(=O)N1CCC[C@H]1C(=O)N[C@@H]1C(=O)N[C@H](CC(C)C)C(=O)N(C)[C@H](CC(C)C)C(=O)N(C)[C@@H](CC(C)C)C(=O)N(C)[C@@H](CC(C)C)C(=O)N[C@@H](C)C(=O)N[C@@H](CC(C)C)C(=O)N2CCC[C@@H]2C(=O)O[C@@H]1C,L3_4.3.3.1.1,6969,-5.13,10,8,Lariat,0.257592,0.158889,-24.7292,11.411,9.716,1.695,0.107615,0.0539039,10.901,9.445,1.456,13,80,val,train,test,train,train,train,train,train,train,train,,val,0.435,0.45227858
6947,2021_Kelly,CC(=O)N1CCC[C@H]1C(=O)N[C@@H]1C(=O)N[C@H](CC(C)C)C(=O)N(C)[C@@H](CC(C)C)C(=O)N(C)[C@H](CC(C)C)C(=O)N(C)[C@H](CC(C)C)C(=O)N(C)[C@@H](C)C(=O)N[C@@H](CC(C)C)C(=O)N2CCC[C@@H]2C(=O)O[C@@H]1C,L3_3.4.4.3.1,6947,-5.24,10,8,Lariat,0.132168,0.079328,-31.7785,11.413,9.441,1.972,0.11703,0.0649548,11.281,9.618,1.663,64,10,train,val,test,train,val,train,train,train,train,val,,train,0.3799999999999999,0.4546983
6935,2021_Kelly,CC(=O)N1CCC[C@H]1C(=O)N[C@@H]1C(=O)N[C@H](CC(C)C)C(=O)N(C)[C@@H](CC(C)C)C(=O)N(C)[C@@H](CC(C)C)C(=O)N[C@@H](CC(C)C)C(=O)N(C)[C@@H](C)C(=O)N[C@@H](CC(C)C)C(=O)N2CCC[C@@H]2C(=O)O[C@@H]1C,L3_3.3.1.3.1,6935,-4.96,10,8,Lariat,0.201467,0.127543,-31.879,11.434,9.643,1.791,0.114894,0.0659127,10.801,9.34,1.461,70,42,train,train,test,train,train,train,train,test,train,train,,train,0.52,0.4341187
6923,2021_Kelly,CC(=O)N1CCC[C@H]1C(=O)N[C@@H]1C(=O)N[C@H](CC(C)C)C(=O)N[C@H](CC(C)C)C(=O)N(C)[C@H](CC(C)C)C(=O)N(C)[C@@H](CC(C)C)C(=O)N(C)[C@H](C)C(=O)N[C@@H](CC(C)C)C(=O)N2CCC[C@@H]2C(=O)O[C@@H]1C,L3_2.4.3.4.1,6923,-5.11,10,8,Lariat,0.178388,0.116902,-23.6611,11.175,9.626,1.549,0.130881,0.0861139,10.773,9.407,1.366,19,77,train,train,test,test,train,train,train,train,train,train,,train,0.4449999999999998,0.050506353
6910,2021_Kelly,CC(=O)N1CCC[C@H]1C(=O)N[C@@H]1C(=O)N[C@H](CC(C)C)C(=O)N[C@H](CC(C)C)C(=O)N[C@H](CC(C)C)C(=O)N(C)[C@H](CC(C)C)C(=O)N(C)[C@@H](C)C(=O)N[C@@H](CC(C)C)C(=O)N2CCC[C@@H]2C(=O)O[C@@H]1C,L3_2.2.4.3.1,6910,-5.67,10,8,Lariat,0.1292,0.0674834,-29.6227,10.734,9.005,1.729,0.140087,0.0894809,10.772,9.327,1.445,78,81,train,train,test,train,train,val,train,train,train,train,,train,0.165,0.025261119
6907,2021_Kelly,CC(=O)N1CCC[C@H]1C(=O)N[C@@H]1C(=O)N[C@H](CC(C)C)C(=O)N[C@H](CC(C)C)C(=O)N[C@H](CC(C)C)C(=O)N(C)[C@@H](CC(C)C)C(=O)N[C@H](C)C(=O)N[C@@H](CC(C)C)C(=O)N2CCC[C@@H]2C(=O)O[C@@H]1C,L3_2.2.3.2.1,6907,-6.16,10,8,Lariat,0.151485,0.0924641,-32.8768,11.576,9.613,1.963,0.117651,0.0545608,11.024,9.738,1.286,16,88,test,train,test,train,train,train,train,train,train,train,,test,-0.08,-0.015808817
6900,2021_Kelly,CC(=O)N1CCC[C@H]1C(=O)N[C@@H]1C(=O)N[C@H](CC(C)C)C(=O)N[C@H](CC(C)C)C(=O)N[C@H](CC(C)C)C(=O)N[C@@H](CC(C)C)C(=O)N[C@H](C)C(=O)N[C@@H](CC(C)C)C(=O)N2CCC[C@@H]2C(=O)O[C@@H]1C,L3_2.2.1.2.1,6900,-6.64,10,8,Lariat,0.162065,0.0870269,-27.3128,10.136,8.626,1.51,0.159177,0.109957,10.256,8.859,1.397,34,15,train,train,test,train,test,train,train,train,val,val,,train,-0.3199999999999998,-0.26926517
6893,2021_Kelly,CC(=O)N1CCC[C@H]1C(=O)N[C@@H]1C(=O)N[C@H](CC(C)C)C(=O)N[C@H](CC(C)C)C(=O)N[C@@H](CC(C)C)C(=O)N[C@H](CC(C)C)C(=O)N[C@H](C)C(=O)N[C@@H](CC(C)C)C(=O)N2CCC[C@@H]2C(=O)O[C@@H]1C,L3_2.1.2.2.1,6893,-6.51,10,8,Lariat,0.209247,0.132981,-32.7563,10.935,9.047,1.888,0.129585,0.0691029,10.389,8.884,1.505,35,55,train,train,test,val,train,train,train,train,train,train,,train,-0.2549999999999999,0.03269321
6892,2021_Kelly,CC(=O)N1CCC[C@H]1C(=O)N[C@@H]1C(=O)N[C@H](CC(C)C)C(=O)N[C@H](CC(C)C)C(=O)N[C@@H](CC(C)C)C(=O)N[C@@H](CC(C)C)C(=O)N(C)[C@H](C)C(=O)N[C@@H](CC(C)C)C(=O)N2CCC[C@@H]2C(=O)O[C@@H]1C,L3_2.1.1.4.1,6892,-6.76,10,8,Lariat,0.244524,0.16417,-31.3842,11.029,9.24,1.789,0.100112,0.0512147,10.164,8.809,1.355,33,52,train,test,test,train,train,train,train,test,train,train,,train,-0.3799999999999999,-0.122846425
6889,2021_Kelly,CC(=O)N1CCC[C@H]1C(=O)N[C@@H]1C(=O)N[C@H](CC(C)C)C(=O)N[C@H](CC(C)C)C(=O)N[C@@H](CC(C)C)C(=O)N[C@@H](CC(C)C)C(=O)N[C@@H](C)C(=O)N[C@@H](CC(C)C)C(=O)N2CCC[C@@H]2C(=O)O[C@@H]1C,L3_2.1.1.1.1,6889,-6.68,10,8,Lariat,0.152279,0.092067,-32.512,10.945,9.199,1.746,0.118931,0.0596212,10.397,8.937,1.46,8,65,train,train,test,train,train,train,train,train,train,train,,train,-0.3399999999999998,-0.1323676
6888,2021_Kelly,CC(=O)N1CCC[C@H]1C(=O)N[C@@H]1C(=O)N[C@H](CC(C)C)C(=O)N[C@@H](CC(C)C)C(=O)N(C)[C@H](CC(C)C)C(=O)N(C)[C@H](CC(C)C)C(=O)N(C)[C@H](C)C(=O)N[C@@H](CC(C)C)C(=O)N2CCC[C@@H]2C(=O)O[C@@H]1C,L3_1.4.4.4.1,6888,-5.64,10,8,Lariat,0.155446,0.09125,-22.3796,10.956,9.447,1.509,0.104676,0.0485789,10.738,9.429,1.309,37,87,train,train,test,val,train,train,train,val,test,train,,train,0.1800000000000001,0.30854306
6862,2021_Kelly,CC(=O)N1CCC[C@H]1C(=O)N[C@@H]1C(=O)N[C@H](CC(C)C)C(=O)N[C@@H](CC(C)C)C(=O)N[C@@H](CC(C)C)C(=O)N(C)[C@@H](CC(C)C)C(=O)N[C@@H](C)C(=O)N[C@@H](CC(C)C)C(=O)N2CCC[C@@H]2C(=O)O[C@@H]1C,L3_1.1.3.1.1,6862,-5.82,10,8,Lariat,0.182809,0.131191,-35.619,11.263,9.416,1.847,0.13706,0.0819012,10.621,9.111,1.51,85,20,val,train,test,train,val,val,train,train,train,train,,val,0.0899999999999998,0.107882544
6859,2021_Kelly,CC(=O)N1CCC[C@H]1C(=O)N[C@@H]1C(=O)N[C@H](CC(C)C)C(=O)N[C@@H](CC(C)C)C(=O)N[C@@H](CC(C)C)C(=O)N[C@H](CC(C)C)C(=O)N[C@H](C)C(=O)N[C@@H](CC(C)C)C(=O)N2CCC[C@@H]2C(=O)O[C@@H]1C,L3_1.1.2.2.1,6859,-6.15,10,8,Lariat,0.1858,0.113275,-36.4453,11.163,9.331,1.832,0.104521,0.0506267,10.181,8.878,1.303,9,20,train,train,test,train,val,val,train,train,train,train,,train,-0.0750000000000001,-0.109799
6849,2021_Kelly,CC(=O)N1CCC[C@H]1C(=O)N[C@@H]1C(=O)N(C)[C@H](CC(C)C)C(=O)N(C)[C@H](CC(C)C)C(=O)N(C)[C@@H](CC(C)C)C(=O)N(C)[C@H](CC(C)C)C(=O)N(C)[C@@H](C)C(=O)N[C@@H](CC(C)C)C(=O)N2CCC[C@@H]2C(=O)O[C@@H]1C,L2_4.3.4.3.1,6849,-5.0,10,8,Lariat,0.179255,0.11387,-21.8915,11.32,9.637,1.683,0.105782,0.0517694,11.169,9.815,1.354,52,49,train,train,test,train,train,train,test,train,val,train,,train,0.5,0.35414398
6842,2021_Kelly,CC(=O)N1CCC[C@H]1C(=O)N[C@@H]1C(=O)N(C)[C@H](CC(C)C)C(=O)N(C)[C@H](CC(C)C)C(=O)N[C@@H](CC(C)C)C(=O)N(C)[C@@H](CC(C)C)C(=O)N(C)[C@H](C)C(=O)N[C@@H](CC(C)C)C(=O)N2CCC[C@@H]2C(=O)O[C@@H]1C,L2_4.1.3.4.1,6842,-4.92,10,8,Lariat,0.149063,0.087255,-27.8449,11.079,9.471,1.608,0.127482,0.0714661,10.94,9.409,1.531,34,20,val,train,test,train,test,val,train,val,train,train,,val,0.54,0.38637316
6839,2021_Kelly,CC(=O)N1CCC[C@H]1C(=O)N[C@@H]1C(=O)N(C)[C@H](CC(C)C)C(=O)N(C)[C@@H](CC(C)C)C(=O)N(C)[C@H](CC(C)C)C(=O)N(C)[C@@H](CC(C)C)C(=O)N(C)[C@@H](C)C(=O)N[C@@H](CC(C)C)C(=O)N2CCC[C@@H]2C(=O)O[C@@H]1C,L2_3.4.3.3.1,6839,-4.81,10,8,Lariat,0.145869,0.0907738,-18.2653,11.081,9.708,1.373,0.10042,0.0539887,11.385,9.967,1.418,74,50,test,train,test,val,test,train,train,train,train,val,,test,0.5950000000000002,0.48846108
6819,2021_Kelly,CC(=O)N1CCC[C@H]1C(=O)N[C@@H]1C(=O)N(C)[C@H](CC(C)C)C(=O)N(C)[C@@H](CC(C)C)C(=O)N[C@@H](CC(C)C)C(=O)N(C)[C@@H](CC(C)C)C(=O)N(C)[C@@H](C)C(=O)N[C@@H](CC(C)C)C(=O)N2CCC[C@@H]2C(=O)O[C@@H]1C,L2_3.1.3.3.1,6819,-5.4,10,8,Lariat,0.161724,0.110136,-25.1456,11.676,9.74,1.936,0.12026,0.0697202,11.21,9.483,1.727,2,87,test,train,test,train,train,train,train,test,train,train,,test,0.2999999999999998,0.39594513
6812,2021_Kelly,CC(=O)N1CCC[C@H]1C(=O)N[C@@H]1C(=O)N(C)[C@H](CC(C)C)C(=O)N[C@H](CC(C)C)C(=O)N(C)[C@H](CC(C)C)C(=O)N[C@@H](CC(C)C)C(=O)N[C@H](C)C(=O)N[C@@H](CC(C)C)C(=O)N2CCC[C@@H]2C(=O)O[C@@H]1C,L2_2.4.1.2.1,6812,-5.67,10,8,Lariat,0.165681,0.0902839,-22.9767,10.936,9.309,1.627,0.13555,0.0739766,10.444,9.097,1.347,55,80,train,val,test,train,train,train,train,train,train,train,,train,0.165,-0.18607736
6811,2021_Kelly,CC(=O)N1CCC[C@H]1C(=O)N[C@@H]1C(=O)N(C)[C@H](CC(C)C)C(=O)N[C@H](CC(C)C)C(=O)N(C)[C@@H](CC(C)C)C(=O)N(C)[C@H](CC(C)C)C(=O)N[C@H](C)C(=O)N[C@@H](CC(C)C)C(=O)N2CCC[C@@H]2C(=O)O[C@@H]1C,L2_2.3.4.2.1,6811,-5.45,10,8,Lariat,0.161162,0.0991113,-24.8885,11.287,9.58,1.707,0.112779,0.0633459,10.358,9.095,1.263,80,11,train,test,test,train,train,train,train,train,train,train,,train,0.2749999999999999,0.2921941
6810,2021_Kelly,CC(=O)N1CCC[C@H]1C(=O)N[C@@H]1C(=O)N(C)[C@H](CC(C)C)C(=O)N[C@H](CC(C)C)C(=O)N(C)[C@@H](CC(C)C)C(=O)N(C)[C@@H](CC(C)C)C(=O)N(C)[C@H](C)C(=O)N[C@@H](CC(C)C)C(=O)N2CCC[C@@H]2C(=O)O[C@@H]1C,L2_2.3.3.4.1,6810,-6.06,10,8,Lariat,0.129303,0.0753914,-26.2644,11.074,9.484,1.59,0.101766,0.0547099,10.962,9.384,1.578,93,35,val,train,test,train,train,train,test,train,train,train,,val,-0.0299999999999998,0.3457983
6806,2021_Kelly,CC(=O)N1CCC[C@H]1C(=O)N[C@@H]1C(=O)N(C)[C@H](CC(C)C)C(=O)N[C@H](CC(C)C)C(=O)N[C@H](CC(C)C)C(=O)N(C)[C@H](CC(C)C)C(=O)N(C)[C@H](C)C(=O)N[C@@H](CC(C)C)C(=O)N2CCC[C@@H]2C(=O)O[C@@H]1C,L2_2.2.4.4.1,6806,-7.13,10,8,Lariat,0.17428,0.109132,-29.549,11.295,9.545,1.75,0.12239,0.0647842,11.295,9.625,1.67,93,35,train,train,test,train,test,train,val,train,train,train,,train,-0.565,0.19244897
6803,2021_Kelly,CC(=O)N1CCC[C@H]1C(=O)N[C@@H]1C(=O)N(C)[C@H](CC(C)C)C(=O)N[C@H](CC(C)C)C(=O)N[C@H](CC(C)C)C(=O)N(C)[C@@H](CC(C)C)C(=O)N(C)[C@H](C)C(=O)N[C@@H](CC(C)C)C(=O)N2CCC[C@@H]2C(=O)O[C@@H]1C,L2_2.2.3.4.1,6803,-6.37,10,8,Lariat,0.159518,0.106932,-21.3373,11.037,9.603,1.434,0.100712,0.0469362,10.863,9.581,1.282,11,72,train,train,test,train,train,val,train,train,train,train,,train,-0.185,-0.07064062
6793,2021_Kelly,CC(=O)N1CCC[C@H]1C(=O)N[C@@H]1C(=O)N(C)[C@H](CC(C)C)C(=O)N[C@H](CC(C)C)C(=O)N[C@@H](CC(C)C)C(=O)N(C)[C@H](CC(C)C)C(=O)N(C)[C@@H](C)C(=O)N[C@@H](CC(C)C)C(=O)N2CCC[C@@H]2C(=O)O[C@@H]1C,L2_2.1.4.3.1,6793,-5.7,10,8,Lariat,0.170708,0.108822,-30.5287,11.351,9.534,1.817,0.121688,0.068571,10.966,9.324,1.642,86,69,train,train,test,train,train,train,train,train,train,train,,train,0.1499999999999999,0.1796273
6789,2021_Kelly,CC(=O)N1CCC[C@H]1C(=O)N[C@@H]1C(=O)N(C)[C@H](CC(C)C)C(=O)N[C@H](CC(C)C)C(=O)N[C@@H](CC(C)C)C(=O)N(C)[C@@H](CC(C)C)C(=O)N[C@@H](C)C(=O)N[C@@H](CC(C)C)C(=O)N2CCC[C@@H]2C(=O)O[C@@H]1C,L2_2.1.3.1.1,6789,-5.98,10,8,Lariat,0.184894,0.120109,-38.9955,11.699,9.522,2.177,0.270466,0.193453,10.947,9.254,1.693,39,76,test,train,test,train,train,train,train,test,test,train,,test,0.0099999999999997,0.15957837
6775,2021_Kelly,CC(=O)N1CCC[C@H]1C(=O)N[C@@H]1C(=O)N(C)[C@H](CC(C)C)C(=O)N[C@@H](CC(C)C)C(=O)N[C@H](CC(C)C)C(=O)N[C@H](CC(C)C)C(=O)N(C)[C@H](C)C(=O)N[C@@H](CC(C)C)C(=O)N2CCC[C@@H]2C(=O)O[C@@H]1C,L2_1.2.2.4.1,6775,-6.03,10,8,Lariat,0.158071,0.100181,-38.8449,11.648,9.611,2.037,0.245851,0.158881,11.051,9.377,1.674,38,100,train,train,test,train,train,train,train,train,train,train,,train,-0.0150000000000001,0.026022095
6773,2021_Kelly,CC(=O)N1CCC[C@H]1C(=O)N[C@@H]1C(=O)N(C)[C@H](CC(C)C)C(=O)N[C@@H](CC(C)C)C(=O)N[C@@H](CC(C)C)C(=O)N(C)[C@H](CC(C)C)C(=O)N[C@@H](C)C(=O)N[C@@H](CC(C)C)C(=O)N2CCC[C@@H]2C(=O)O[C@@H]1C,L2_1.1.4.1.1,6773,-5.86,10,8,Lariat,0.181308,0.113137,-35.7473,11.928,9.895,2.033,0.120544,0.0675389,11.474,9.618,1.856,79,99,train,train,test,train,train,train,train,val,test,train,,train,0.0699999999999998,-0.030870263
6771,2021_Kelly,CC(=O)N1CCC[C@H]1C(=O)N[C@@H]1C(=O)N(C)[C@H](CC(C)C)C(=O)N[C@@H](CC(C)C)C(=O)N[C@@H](CC(C)C)C(=O)N[C@H](CC(C)C)C(=O)N[C@@H](C)C(=O)N[C@@H](CC(C)C)C(=O)N2CCC[C@@H]2C(=O)O[C@@H]1C,L2_1.1.2.1.1,6771,-6.77,10,8,Lariat,0.133988,0.0703138,-19.8362,10.761,9.097,1.664,0.189054,0.11739,10.323,8.816,1.507,51,11,train,train,test,test,val,val,train,val,train,train,,train,-0.3849999999999998,-0.28289574
6755,2021_Kelly,CC(=O)N1CCC[C@H]1C(=O)N(C)[C@@H](CC(C)C)C(=O)N[C@@H]1C(=O)N(C)[C@H](CC(C)C)C(=O)N[C@H](CC(C)C)C(=O)N[C@@H](CC(C)C)C(=O)N[C@@H](C)C(=O)N[C@H](CC(C)C)C(=O)N2CCC[C@H]2C(=O)O[C@@H]1C,L1_9.4.2.1.1.2,6755,-6.35,10,7,Lariat,0.229969,0.152131,-28.3595,11.237,9.465,1.772,0.121391,0.0657064,10.74,9.308,1.432,51,28,train,val,test,train,train,train,train,train,train,train,,train,-0.1749999999999998,-0.1483053
6724,2021_Kelly,CC(=O)N1CCC[C@H]1C(=O)N(C)[C@@H](CC(C)C)C(=O)N[C@@H]1C(=O)N[C@H](CC(C)C)C(=O)N(C)[C@@H](CC(C)C)C(=O)N(C)[C@@H](CC(C)C)C(=O)N(C)[C@H](C)C(=O)N[C@H](CC(C)C)C(=O)N2CCC[C@H]2C(=O)O[C@@H]1C,L1_9.2.3.3.4.2,6724,-5.48,10,7,Lariat,0.171592,0.105256,-31.3596,11.659,9.807,1.852,0.167085,0.109385,12.063,10.327,1.736,84,92,train,train,test,train,test,test,test,train,train,test,,train,0.2599999999999998,0.2998842
6720,2021_Kelly,CC(=O)N1CCC[C@H]1C(=O)N(C)[C@@H](CC(C)C)C(=O)N[C@@H]1C(=O)N[C@H](CC(C)C)C(=O)N(C)[C@@H](CC(C)C)C(=O)N[C@@H](CC(C)C)C(=O)N(C)[C@H](C)C(=O)N[C@H](CC(C)C)C(=O)N2CCC[C@H]2C(=O)O[C@@H]1C,L1_9.2.3.1.4.2,6720,-5.61,10,7,Lariat,0.18365,0.118072,-25.638,11.594,9.826,1.768,0.121453,0.0734705,11.584,10.038,1.546,54,72,test,val,test,val,test,val,train,train,train,train,,test,0.1949999999999998,0.24398018
6714,2021_Kelly,CC(=O)N1CCC[C@H]1C(=O)N(C)[C@@H](CC(C)C)C(=O)N[C@@H]1C(=O)N[C@H](CC(C)C)C(=O)N[C@H](CC(C)C)C(=O)N[C@H](CC(C)C)C(=O)N(C)[C@H](C)C(=O)N[C@H](CC(C)C)C(=O)N2CCC[C@H]2C(=O)O[C@@H]1C,L1_9.2.2.2.4.2,6714,-6.95,10,7,Lariat,0.336552,0.245905,-35.7384,11.756,9.663,2.093,0.176778,0.109681,11.519,9.715,1.804,89,67,test,test,test,test,train,train,train,train,train,train,,test,-0.4750000000000001,-0.097280234
6684,2021_Kelly,CC(=O)N1CCC[C@@H]1C(=O)N(C)[C@H](CC(C)C)C(=O)N[C@@H]1C(=O)N(C)[C@@H](CC(C)C)C(=O)N(C)[C@@H](CC(C)C)C(=O)N[C@@H](CC(C)C)C(=O)N(C)[C@H](C)C(=O)N[C@@H](CC(C)C)C(=O)N2CCC[C@@H]2C(=O)O[C@@H]1C,L1_8.3.3.1.4.1,6684,-5.43,10,7,Lariat,0.220859,0.150865,-31.3678,11.775,10.013,1.762,0.246386,0.178534,11.255,9.731,1.524,96,30,train,train,test,train,train,train,train,train,test,test,,train,0.2850000000000001,0.3362942
6678,2021_Kelly,CC(=O)N1CCC[C@@H]1C(=O)N(C)[C@H](CC(C)C)C(=O)N[C@@H]1C(=O)N(C)[C@@H](CC(C)C)C(=O)N[C@@H](CC(C)C)C(=O)N[C@@H](CC(C)C)C(=O)N(C)[C@@H](C)C(=O)N[C@@H](CC(C)C)C(=O)N2CCC[C@@H]2C(=O)O[C@@H]1C,L1_8.3.1.1.3.1,6678,-6.57,10,7,Lariat,0.320319,0.205936,-34.7695,11.78,9.738,2.042,0.223445,0.166388,11.588,9.761,1.827,19,54,train,train,test,train,test,train,train,train,train,train,,train,-0.2850000000000001,-0.25411272
6677,2021_Kelly,CC(=O)N1CCC[C@@H]1C(=O)N(C)[C@H](CC(C)C)C(=O)N[C@@H]1C(=O)N[C@H](CC(C)C)C(=O)N(C)[C@H](CC(C)C)C(=O)N(C)[C@@H](CC(C)C)C(=O)N(C)[C@@H](C)C(=O)N[C@@H](CC(C)C)C(=O)N2CCC[C@@H]2C(=O)O[C@@H]1C,L1_8.2.4.3.3.1,6677,-5.64,10,7,Lariat,0.150875,0.0786415,-28.6977,10.762,9.265,1.497,0.150661,0.0886583,10.669,9.221,1.448,89,35,val,train,test,train,train,train,test,train,train,train,,val,0.1800000000000001,0.2541882
6662,2021_Kelly,CC(=O)N1CCC[C@@H]1C(=O)N(C)[C@H](CC(C)C)C(=O)N[C@@H]1C(=O)N[C@@H](CC(C)C)C(=O)N(C)[C@@H](CC(C)C)C(=O)N[C@@H](CC(C)C)C(=O)N(C)[C@@H](C)C(=O)N[C@@H](CC(C)C)C(=O)N2CCC[C@@H]2C(=O)O[C@@H]1C,L1_8.1.3.1.3.1,6662,-5.46,10,7,Lariat,0.251426,0.156234,-29.9781,11.683,9.651,2.032,0.183886,0.117557,11.573,9.89,1.683,15,9,val,train,test,train,train,train,train,test,train,test,,val,0.27,0.078161314
6658,2021_Kelly,CC(=O)N1CCC[C@@H]1C(=O)N(C)[C@H](CC(C)C)C(=O)N[C@@H]1C(=O)N[C@@H](CC(C)C)C(=O)N[C@H](CC(C)C)C(=O)N[C@H](CC(C)C)C(=O)N[C@H](C)C(=O)N[C@@H](CC(C)C)C(=O)N2CCC[C@@H]2C(=O)O[C@@H]1C,L1_8.1.2.2.2.1,6658,-7.33,10,7,Lariat,0.162362,0.0880846,-45.5001,11.441,9.315,2.126,0.099721,0.0477334,10.181,8.968,1.213,37,16,train,train,test,train,train,test,test,train,train,train,,train,-0.665,-0.5219943
6648,2021_Kelly,CC(=O)N1CCC[C@@H]1C(=O)N(C)[C@H](CC(C)C)C(=O)N[C@@H]1C(=O)N(C)[C@H](CC(C)C)C(=O)N[C@H](CC(C)C)C(=O)N(C)[C@@H](CC(C)C)C(=O)N(C)[C@H](C)C(=O)N[C@@H](CC(C)C)C(=O)N2CCC[C@H]2C(=O)O[C@@H]1C,L1_7.4.2.3.4.1,6648,-5.51,10,7,Lariat,0.146927,0.0846227,-19.7039,11.059,9.653,1.406,0.144197,0.0940106,11.087,9.638,1.449,58,71,val,val,test,test,val,train,train,test,train,train,,val,0.2450000000000001,0.106636405
6647,2021_Kelly,CC(=O)N1CCC[C@@H]1C(=O)N(C)[C@H](CC(C)C)C(=O)N[C@@H]1C(=O)N(C)[C@H](CC(C)C)C(=O)N[C@H](CC(C)C)C(=O)N(C)[C@@H](CC(C)C)C(=O)N(C)[C@@H](C)C(=O)N[C@@H](CC(C)C)C(=O)N2CCC[C@H]2C(=O)O[C@@H]1C,L1_7.4.2.3.3.1,6647,-5.58,10,7,Lariat,0.112897,0.0562685,-21.5147,11.107,9.65,1.457,0.134101,0.0862048,10.888,9.49,1.398,2,80,train,train,test,train,train,train,train,test,train,train,,train,0.2099999999999999,0.27360362
6637,2021_Kelly,CC(=O)N1CCC[C@@H]1C(=O)N(C)[C@H](CC(C)C)C(=O)N[C@@H]1C(=O)N(C)[C@@H](CC(C)C)C(=O)N[C@H](CC(C)C)C(=O)N(C)[C@@H](CC(C)C)C(=O)N(C)[C@@H](C)C(=O)N[C@@H](CC(C)C)C(=O)N2CCC[C@H]2C(=O)O[C@@H]1C,L1_7.3.2.3.3.1,6637,-6.01,10,7,Lariat,0.132212,0.0733833,-37.0407,11.396,9.453,1.943,0.119687,0.0668125,10.916,9.348,1.568,67,14,train,train,test,train,train,train,test,train,train,test,,train,-0.0049999999999998,0.20384464
6630,2021_Kelly,CC(=O)N1CCC[C@@H]1C(=O)N(C)[C@H](CC(C)C)C(=O)N[C@@H]1C(=O)N[C@H](CC(C)C)C(=O)N(C)[C@H](CC(C)C)C(=O)N(C)[C@@H](CC(C)C)C(=O)N(C)[C@@H](C)C(=O)N[C@@H](CC(C)C)C(=O)N2CCC[C@H]2C(=O)O[C@@H]1C,L1_7.2.4.3.3.1,6630,-5.59,10,7,Lariat,0.173451,0.107008,-25.3283,11.92,10.131,1.789,0.0972939,0.0601874,11.216,9.687,1.529,54,52,train,train,test,train,train,train,train,train,train,test,,train,0.205,0.18512332
6623,2021_Kelly,CC(=O)N1CCC[C@@H]1C(=O)N(C)[C@H](CC(C)C)C(=O)N[C@@H]1C(=O)N[C@H](CC(C)C)C(=O)N[C@H](CC(C)C)C(=O)N(C)[C@H](CC(C)C)C(=O)N[C@@H](C)C(=O)N[C@@H](CC(C)C)C(=O)N2CCC[C@H]2C(=O)O[C@@H]1C,L1_7.2.2.4.1.1,6623,-6.9,10,7,Lariat,0.230587,0.151574,-31.6977,11.698,9.925,1.773,0.178796,0.125268,11.262,9.512,1.75,4,51,test,val,test,train,train,train,test,train,train,train,,test,-0.4500000000000002,-0.3684996
6620,2021_Kelly,CC(=O)N1CCC[C@@H]1C(=O)N(C)[C@H](CC(C)C)C(=O)N[C@@H]1C(=O)N[C@H](CC(C)C)C(=O)N[C@H](CC(C)C)C(=O)N[C@H](CC(C)C)C(=O)N(C)[C@@H](C)C(=O)N[C@@H](CC(C)C)C(=O)N2CCC[C@H]2C(=O)O[C@@H]1C,L1_7.2.2.2.3.1,6620,-6.09,10,7,Lariat,0.245236,0.168864,-24.7998,10.985,9.329,1.656,0.252973,0.180038,10.539,9.26,1.279,64,20,train,train,test,train,test,train,train,train,train,train,,train,-0.0449999999999999,-0.07509902
6598,2021_Kelly,CC(=O)N1CCC[C@@H]1C(=O)N(C)[C@H](CC(C)C)C(=O)N[C@@H]1C(=O)N[C@@H](CC(C)C)C(=O)N[C@@H](CC(C)C)C(=O)N(C)[C@H](CC(C)C)C(=O)N[C@@H](C)C(=O)N[C@@H](CC(C)C)C(=O)N2CCC[C@H]2C(=O)O[C@@H]1C,L1_7.1.1.4.1.1,6598,-6.63,10,7,Lariat,0.156898,0.101343,-26.4614,11.28,9.344,1.936,0.20598,0.141058,10.814,9.363,1.451,23,66,train,train,test,train,train,train,train,val,train,val,,train,-0.3149999999999999,-0.1982483
6593,2021_Kelly,CC(=O)N1CCC[C@H]1C(=O)N(C)[C@H](CC(C)C)C(=O)N[C@@H]1C(=O)N(C)[C@H](CC(C)C)C(=O)N[C@H](CC(C)C)C(=O)N(C)[C@@H](CC(C)C)C(=O)N(C)[C@@H](C)C(=O)N[C@@H](CC(C)C)C(=O)N2CCC[C@@H]2C(=O)O[C@@H]1C,L1_6.4.2.3.3.1,6593,-5.37,10,7,Lariat,0.13994,0.0875011,-28.3135,11.605,10.109,1.496,0.108696,0.061536,11.472,9.999,1.473,81,60,train,train,test,train,val,train,train,train,train,train,,train,0.3149999999999999,0.40111607
6543,2021_Kelly,CC(=O)N1CCC[C@H]1C(=O)N(C)[C@H](CC(C)C)C(=O)N[C@@H]1C(=O)N[C@@H](CC(C)C)C(=O)N[C@@H](CC(C)C)C(=O)N[C@@H](CC(C)C)C(=O)N(C)[C@@H](C)C(=O)N[C@@H](CC(C)C)C(=O)N2CCC[C@@H]2C(=O)O[C@@H]1C,L1_6.1.1.1.3.1,6543,-6.31,10,7,Lariat,0.284339,0.192279,-35.3725,11.737,9.777,1.96,0.183504,0.125962,11.235,9.822,1.413,85,74,train,train,test,train,test,train,train,train,train,test,,train,-0.1549999999999998,-0.020196233
6539,2021_Kelly,CC(=O)N1CCC[C@H]1C(=O)N(C)[C@H](CC(C)C)C(=O)N[C@@H]1C(=O)N(C)[C@H](CC(C)C)C(=O)N[C@H](CC(C)C)C(=O)N(C)[C@H](CC(C)C)C(=O)N(C)[C@H](C)C(=O)N[C@@H](CC(C)C)C(=O)N2CCC[C@H]2C(=O)O[C@@H]1C,L1_5.4.2.4.4.1,6539,-5.1,10,7,Lariat,0.107558,0.0588435,-28.0741,11.15,9.489,1.661,0.11424,0.0858446,10.631,9.024,1.607,90,53,train,test,test,train,train,train,train,test,train,train,,train,0.4500000000000002,0.38971126
6534,2021_Kelly,CC(=O)N1CCC[C@H]1C(=O)N(C)[C@H](CC(C)C)C(=O)N[C@@H]1C(=O)N(C)[C@H](CC(C)C)C(=O)N[C@H](CC(C)C)C(=O)N[C@@H](CC(C)C)C(=O)N[C@@H](C)C(=O)N[C@@H](CC(C)C)C(=O)N2CCC[C@H]2C(=O)O[C@@H]1C,L1_5.4.2.1.1.1,6534,-6.5,10,7,Lariat,0.198974,0.127486,-29.7603,11.128,9.354,1.774,0.155331,0.0972564,11.933,9.904,2.029,29,44,train,train,test,train,test,train,train,train,train,train,,train,-0.25,-0.0060258247
6530,2021_Kelly,CC(=O)N1CCC[C@H]1C(=O)N(C)[C@H](CC(C)C)C(=O)N[C@@H]1C(=O)N(C)[C@@H](CC(C)C)C(=O)N(C)[C@H](CC(C)C)C(=O)N(C)[C@H](CC(C)C)C(=O)N(C)[C@H](C)C(=O)N[C@@H](CC(C)C)C(=O)N2CCC[C@H]2C(=O)O[C@@H]1C,L1_5.3.4.4.4.1,6530,-5.58,10,7,Lariat,0.172977,0.109173,-21.9373,11.764,9.975,1.789,0.14025,0.0986723,11.595,9.919,1.676,79,50,train,train,test,test,train,train,train,test,train,train,,train,0.2099999999999999,0.33123517
6525,2021_Kelly,CC(=O)N1CCC[C@H]1C(=O)N(C)[C@H](CC(C)C)C(=O)N[C@@H]1C(=O)N(C)[C@@H](CC(C)C)C(=O)N(C)[C@H](CC(C)C)C(=O)N[C@H](CC(C)C)C(=O)N(C)[C@@H](C)C(=O)N[C@@H](CC(C)C)C(=O)N2CCC[C@H]2C(=O)O[C@@H]1C,L1_5.3.4.2.3.1,6525,-5.72,10,7,Lariat,0.152104,0.0979251,-26.2667,11.437,9.828,1.609,0.199257,0.144749,11.488,9.97,1.518,31,6,train,train,test,train,train,train,test,train,test,train,,train,0.1400000000000001,0.31505522
6522,2021_Kelly,CC(=O)N1CCC[C@H]1C(=O)N(C)[C@H](CC(C)C)C(=O)N[C@@H]1C(=O)N(C)[C@@H](CC(C)C)C(=O)N[C@H](CC(C)C)C(=O)N[C@@H](CC(C)C)C(=O)N[C@@H](C)C(=O)N[C@@H](CC(C)C)C(=O)N2CCC[C@H]2C(=O)O[C@@H]1C,L1_5.3.2.1.1.1,6522,-6.5,10,7,Lariat,0.172852,0.0938692,-28.2663,10.602,8.986,1.616,0.0862924,0.0545274,10.135,8.762,1.373,43,64,train,test,test,train,val,train,train,test,train,val,,train,-0.25,-0.18080172
6512,2021_Kelly,CC(=O)N1CCC[C@H]1C(=O)N(C)[C@H](CC(C)C)C(=O)N[C@@H]1C(=O)N[C@H](CC(C)C)C(=O)N(C)[C@H](CC(C)C)C(=O)N(C)[C@@H](CC(C)C)C(=O)N(C)[C@@H](C)C(=O)N[C@@H](CC(C)C)C(=O)N2CCC[C@H]2C(=O)O[C@@H]1C,L1_5.2.4.3.3.1,6512,-5.14,10,7,Lariat,0.189096,0.112342,-26.5994,11.273,9.585,1.688,0.164844,0.101572,11.296,9.722,1.574,78,45,train,val,test,val,train,train,train,train,train,test,,train,0.4300000000000001,0.25241116
6506,2021_Kelly,CC(=O)N1CCC[C@H]1C(=O)N(C)[C@H](CC(C)C)C(=O)N[C@@H]1C(=O)N[C@H](CC(C)C)C(=O)N(C)[C@@H](CC(C)C)C(=O)N(C)[C@H](CC(C)C)C(=O)N[C@H](C)C(=O)N[C@@H](CC(C)C)C(=O)N2CCC[C@H]2C(=O)O[C@@H]1C,L1_5.2.3.4.2.1,6506,-5.63,10,7,Lariat,0.127289,0.0707905,-34.981,11.597,9.657,1.94,0.129681,0.0818045,11.156,9.574,1.582,35,17,train,train,test,train,train,val,train,train,train,train,,train,0.185,0.40410525
6504,2021_Kelly,CC(=O)N1CCC[C@H]1C(=O)N(C)[C@H](CC(C)C)C(=O)N[C@@H]1C(=O)N[C@H](CC(C)C)C(=O)N[C@H](CC(C)C)C(=O)N(C)[C@H](CC(C)C)C(=O)N(C)[C@H](C)C(=O)N[C@@H](CC(C)C)C(=O)N2CCC[C@H]2C(=O)O[C@@H]1C,L1_5.2.2.4.4.1,6504,-5.49,10,7,Lariat,0.163948,0.097567,-29.3823,11.012,9.381,1.631,0.112496,0.0632637,10.693,9.221,1.472,36,54,train,train,test,train,train,train,val,val,val,train,,train,0.2549999999999999,0.04450282
6484,2021_Kelly,CC(=O)N1CCC[C@H]1C(=O)N(C)[C@H](CC(C)C)C(=O)N[C@@H]1C(=O)N[C@@H](CC(C)C)C(=O)N[C@H](CC(C)C)C(=O)N[C@H](CC(C)C)C(=O)N[C@H](C)C(=O)N[C@@H](CC(C)C)C(=O)N2CCC[C@H]2C(=O)O[C@@H]1C,L1_5.1.2.2.2.1,6484,-6.68,10,7,Lariat,0.319827,0.216562,-36.055,11.457,9.485,1.972,0.168889,0.106343,11.203,9.398,1.805,85,40,train,train,test,train,train,train,train,train,train,train,,train,-0.3399999999999998,-0.28045672
6483,2021_Kelly,CC(=O)N1CCC[C@H]1C(=O)N(C)[C@H](CC(C)C)C(=O)N[C@@H]1C(=O)N[C@@H](CC(C)C)C(=O)N[C@H](CC(C)C)C(=O)N[C@H](CC(C)C)C(=O)N[C@@H](C)C(=O)N[C@@H](CC(C)C)C(=O)N2CCC[C@H]2C(=O)O[C@@H]1C,L1_5.1.2.2.1.1,6483,-6.66,10,7,Lariat,0.218666,0.135625,-32.6636,11.236,9.257,1.979,0.152245,0.092719,11.308,9.448,1.86,98,41,train,train,test,train,train,train,train,train,test,train,,train,-0.33,-0.2862094
6461,2021_Kelly,CC(=O)N1CCC[C@@H]1C(=O)N(C)[C@@H](CC(C)C)C(=O)N[C@@H]1C(=O)N(C)[C@H](CC(C)C)C(=O)N[C@H](CC(C)C)C(=O)N(C)[C@H](CC(C)C)C(=O)N[C@@H](C)C(=O)N[C@@H](CC(C)C)C(=O)N2CCC[C@@H]2C(=O)O[C@@H]1C,L1_4.4.2.4.1.1,6461,-6.35,10,7,Lariat,0.137188,0.0765438,-27.6502,11.122,9.516,1.606,0.148524,0.0952337,10.503,8.984,1.519,83,53,train,train,test,train,train,train,test,train,train,train,,train,-0.1749999999999998,0.0118898675
6460,2021_Kelly,CC(=O)N1CCC[C@@H]1C(=O)N(C)[C@@H](CC(C)C)C(=O)N[C@@H]1C(=O)N(C)[C@H](CC(C)C)C(=O)N[C@H](CC(C)C)C(=O)N[C@H](CC(C)C)C(=O)N[C@@H](C)C(=O)N[C@@H](CC(C)C)C(=O)N2CCC[C@@H]2C(=O)O[C@@H]1C,L1_4.4.2.2.1.1,6460,-6.14,10,7,Lariat,0.356046,0.23417,-43.2856,11.82,9.923,1.897,0.15471,0.100168,10.813,9.224,1.589,6,44,val,train,test,train,val,train,train,train,train,train,,val,-0.0699999999999998,-0.32180965
6438,2021_Kelly,CC(=O)N1CCC[C@@H]1C(=O)N(C)[C@@H](CC(C)C)C(=O)N[C@@H]1C(=O)N[C@H](CC(C)C)C(=O)N(C)[C@H](CC(C)C)C(=O)N(C)[C@@H](CC(C)C)C(=O)N(C)[C@@H](C)C(=O)N[C@@H](CC(C)C)C(=O)N2CCC[C@@H]2C(=O)O[C@@H]1C,L1_4.2.4.3.3.1,6438,-5.28,10,7,Lariat,0.186189,0.121728,-18.6825,11.321,9.801,1.52,0.103415,0.0470316,11.148,9.74,1.408,8,19,val,train,test,train,train,train,train,train,train,val,,val,0.3599999999999999,0.18420371
6373,2021_Kelly,CC(=O)N1CCC[C@@H]1C(=O)N(C)[C@@H](CC(C)C)C(=O)N[C@@H]1C(=O)N(C)[C@H](CC(C)C)C(=O)N[C@@H](CC(C)C)C(=O)N(C)[C@H](CC(C)C)C(=O)N(C)[C@H](C)C(=O)N[C@@H](CC(C)C)C(=O)N2CCC[C@H]2C(=O)O[C@@H]1C,L1_3.4.1.4.4.1,6373,-5.31,10,7,Lariat,0.121215,0.065002,-24.4093,11.189,9.542,1.647,0.149698,0.0947423,10.93,9.395,1.535,23,41,train,train,test,train,train,train,train,train,train,train,,train,0.3450000000000002,0.27354118
6351,2021_Kelly,CC(=O)N1CCC[C@@H]1C(=O)N(C)[C@@H](CC(C)C)C(=O)N[C@@H]1C(=O)N[C@H](CC(C)C)C(=O)N(C)[C@H](CC(C)C)C(=O)N(C)[C@H](CC(C)C)C(=O)N(C)[C@H](C)C(=O)N[C@@H](CC(C)C)C(=O)N2CCC[C@H]2C(=O)O[C@@H]1C,L1_3.2.4.4.4.1,6351,-5.5,10,7,Lariat,0.192398,0.116228,-31.1867,12.19,10.311,1.879,0.139949,0.0832775,11.932,10.337,1.595,13,29,test,train,test,train,train,val,train,train,train,test,,test,0.25,0.25798905
6347,2021_Kelly,CC(=O)N1CCC[C@@H]1C(=O)N(C)[C@@H](CC(C)C)C(=O)N[C@@H]1C(=O)N[C@H](CC(C)C)C(=O)N(C)[C@H](CC(C)C)C(=O)N(C)[C@@H](CC(C)C)C(=O)N(C)[C@@H](C)C(=O)N[C@@H](CC(C)C)C(=O)N2CCC[C@H]2C(=O)O[C@@H]1C,L1_3.2.4.3.3.1,6347,-5.3,10,7,Lariat,0.170422,0.109455,-25.0699,11.979,10.178,1.801,0.215401,0.147366,11.581,9.989,1.592,80,92,test,train,test,train,train,train,train,train,train,train,,test,0.3500000000000001,0.33907896
6331,2021_Kelly,CC(=O)N1CCC[C@@H]1C(=O)N(C)[C@@H](CC(C)C)C(=O)N[C@@H]1C(=O)N[C@@H](CC(C)C)C(=O)N(C)[C@@H](CC(C)C)C(=O)N(C)[C@H](CC(C)C)C(=O)N[C@@H](C)C(=O)N[C@@H](CC(C)C)C(=O)N2CCC[C@H]2C(=O)O[C@@H]1C,L1_3.1.3.4.1.1,6331,-6.68,10,7,Lariat,0.231323,0.157179,-29.9003,11.839,9.963,1.876,0.161016,0.105398,11.453,9.754,1.699,73,65,train,train,test,train,train,train,train,train,train,train,,train,-0.3399999999999998,-0.020700965
6319,2021_Kelly,CC(=O)N1CCC[C@@H]1C(=O)N(C)[C@@H](CC(C)C)C(=O)N[C@@H]1C(=O)N[C@@H](CC(C)C)C(=O)N[C@@H](CC(C)C)C(=O)N(C)[C@H](CC(C)C)C(=O)N[C@@H](C)C(=O)N[C@@H](CC(C)C)C(=O)N2CCC[C@H]2C(=O)O[C@@H]1C,L1_3.1.1.4.1.1,6319,-5.94,10,7,Lariat,0.268977,0.198038,-29.4722,11.503,9.475,2.028,0.111683,0.0632459,10.642,9.072,1.57,65,97,test,train,test,train,train,train,train,train,train,train,,test,0.0299999999999998,-0.19406205
6302,2021_Kelly,CC(=O)N1CCC[C@H]1C(=O)N(C)[C@@H](CC(C)C)C(=O)N[C@@H]1C(=O)N(C)[C@H](CC(C)C)C(=O)N[C@@H](CC(C)C)C(=O)N(C)[C@H](CC(C)C)C(=O)N(C)[C@H](C)C(=O)N[C@@H](CC(C)C)C(=O)N2CCC[C@@H]2C(=O)O[C@@H]1C,L1_2.4.1.4.4.1,6302,-5.59,10,7,Lariat,0.190946,0.12461,-24.3087,11.578,9.998,1.58,0.15522,0.103437,11.332,9.906,1.426,16,99,train,train,test,train,train,train,train,test,train,train,,train,0.205,0.22864832
6277,2021_Kelly,CC(=O)N1CCC[C@H]1C(=O)N(C)[C@@H](CC(C)C)C(=O)N[C@@H]1C(=O)N[C@H](CC(C)C)C(=O)N[C@@H](CC(C)C)C(=O)N(C)[C@@H](CC(C)C)C(=O)N[C@@H](C)C(=O)N[C@@H](CC(C)C)C(=O)N2CCC[C@@H]2C(=O)O[C@@H]1C,L1_2.2.1.3.1.1,6277,-5.19,10,7,Lariat,0.187801,0.107937,-30.4857,11.734,9.857,1.877,0.11177,0.0538371,11.101,9.493,1.608,91,43,train,train,test,train,train,train,train,val,test,train,,train,0.4049999999999998,0.26125225
6268,2021_Kelly,CC(=O)N1CCC[C@H]1C(=O)N(C)[C@@H](CC(C)C)C(=O)N[C@@H]1C(=O)N[C@@H](CC(C)C)C(=O)N(C)[C@@H](CC(C)C)C(=O)N(C)[C@H](CC(C)C)C(=O)N(C)[C@H](C)C(=O)N[C@@H](CC(C)C)C(=O)N2CCC[C@@H]2C(=O)O[C@@H]1C,L1_2.1.3.4.4.1,6268,-5.3,10,7,Lariat,0.254235,0.170861,-28.7286,11.836,10.002,1.834,0.118982,0.0664669,10.896,9.476,1.42,94,74,train,train,test,train,train,train,train,train,train,train,,train,0.3500000000000001,0.34487695
6247,2021_Kelly,CC(=O)N1CCC[C@@H]1C(=O)N(C)[C@H](CC(C)C)C(=O)N[C@@H]1C(=O)N(C)[C@H](CC(C)C)C(=O)N[C@H](CC(C)C)C(=O)N[C@H](CC(C)C)C(=O)N[C@H](C)C(=O)N[C@H](CC(C)C)C(=O)N2CCC[C@@H]2C(=O)O[C@@H]1C,L1_16.4.2.2.2.2,6247,-7.34,10,7,Lariat,0.125027,0.0662243,-31.0354,11.218,9.544,1.674,0.106812,0.0634146,10.503,8.936,1.567,78,88,train,train,test,train,train,train,train,train,test,train,,train,-0.6699999999999999,-0.572384
6245,2021_Kelly,CC(=O)N1CCC[C@@H]1C(=O)N(C)[C@H](CC(C)C)C(=O)N[C@@H]1C(=O)N(C)[C@@H](CC(C)C)C(=O)N(C)[C@H](CC(C)C)C(=O)N(C)[C@H](CC(C)C)C(=O)N(C)[C@H](C)C(=O)N[C@H](CC(C)C)C(=O)N2CCC[C@@H]2C(=O)O[C@@H]1C,L1_16.3.4.4.4.2,6245,-5.28,10,7,Lariat,0.194472,0.12195,-30.4626,11.451,9.834,1.617,0.120125,0.0587867,11.494,9.947,1.547,6,36,train,train,test,train,train,train,train,train,train,val,,train,0.3599999999999999,0.25075358
6199,2021_Kelly,CC(=O)N1CCC[C@@H]1C(=O)N(C)[C@H](CC(C)C)C(=O)N[C@@H]1C(=O)N[C@@H](CC(C)C)C(=O)N[C@H](CC(C)C)C(=O)N[C@H](CC(C)C)C(=O)N[C@@H](C)C(=O)N[C@H](CC(C)C)C(=O)N2CCC[C@@H]2C(=O)O[C@@H]1C,L1_16.1.2.2.1.2,6199,-7.16,10,7,Lariat,0.116457,0.0698936,-22.1232,10.009,8.448,1.561,0.149249,0.100546,10.115,8.369,1.746,80,10,train,train,test,test,train,val,train,train,train,train,,train,-0.5800000000000001,-0.6418852
6187,2021_Kelly,CC(=O)N1CCC[C@@H]1C(=O)N(C)[C@H](CC(C)C)C(=O)N[C@@H]1C(=O)N(C)[C@H](CC(C)C)C(=O)N(C)[C@@H](CC(C)C)C(=O)N(C)[C@@H](CC(C)C)C(=O)N[C@@H](C)C(=O)N[C@H](CC(C)C)C(=O)N2CCC[C@H]2C(=O)O[C@@H]1C,L1_15.4.3.3.1.2,6187,-5.01,10,7,Lariat,0.145536,0.0764278,-24.9215,10.953,9.547,1.406,0.258306,0.191602,10.727,9.476,1.251,21,21,train,train,test,train,train,train,train,train,train,train,,train,0.4950000000000001,0.15752095
6171,2021_Kelly,CC(=O)N1CCC[C@@H]1C(=O)N(C)[C@H](CC(C)C)C(=O)N[C@@H]1C(=O)N(C)[C@@H](CC(C)C)C(=O)N[C@H](CC(C)C)C(=O)N[C@H](CC(C)C)C(=O)N(C)[C@H](C)C(=O)N[C@H](CC(C)C)C(=O)N2CCC[C@H]2C(=O)O[C@@H]1C,L1_15.3.2.2.4.2,6171,-6.22,10,7,Lariat,0.143347,0.0852118,-36.5778,11.678,9.854,1.824,0.185454,0.136708,11.12,9.684,1.436,13,4,train,train,test,train,train,train,train,train,test,train,,train,-0.1099999999999998,0.14382343
6155,2021_Kelly,CC(=O)N1CCC[C@@H]1C(=O)N(C)[C@H](CC(C)C)C(=O)N[C@@H]1C(=O)N[C@H](CC(C)C)C(=O)N(C)[C@H](CC(C)C)C(=O)N[C@@H](CC(C)C)C(=O)N(C)[C@@H](C)C(=O)N[C@H](CC(C)C)C(=O)N2CCC[C@H]2C(=O)O[C@@H]1C,L1_15.2.4.1.3.2,6155,-5.12,10,7,Lariat,0.198076,0.112726,-29.07,11.398,9.5,1.898,0.121968,0.0702728,10.373,8.934,1.439,40,20,train,train,test,train,test,train,train,train,train,train,,train,0.4399999999999999,0.50456995
6153,2021_Kelly,CC(=O)N1CCC[C@@H]1C(=O)N(C)[C@H](CC(C)C)C(=O)N[C@@H]1C(=O)N[C@H](CC(C)C)C(=O)N(C)[C@@H](CC(C)C)C(=O)N(C)[C@H](CC(C)C)C(=O)N(C)[C@H](C)C(=O)N[C@H](CC(C)C)C(=O)N2CCC[C@H]2C(=O)O[C@@H]1C,L1_15.2.3.4.4.2,6153,-5.44,10,7,Lariat,0.223569,0.151037,-13.0613,11.145,9.707,1.438,0.156274,0.102211,11.167,9.911,1.256,65,31,train,train,test,train,train,train,train,train,train,test,,train,0.2799999999999998,0.2812752
6132,2021_Kelly,CC(=O)N1CCC[C@@H]1C(=O)N(C)[C@H](CC(C)C)C(=O)N[C@@H]1C(=O)N[C@H](CC(C)C)C(=O)N[C@H](CC(C)C)C(=O)N[C@@H](CC(C)C)C(=O)N(C)[C@@H](C)C(=O)N[C@H](CC(C)C)C(=O)N2CCC[C@H]2C(=O)O[C@@H]1C,L1_15.2.2.1.3.2,6132,-5.92,10,7,Lariat,0.227079,0.132156,-37.5816,11.121,9.398,1.723,0.229088,0.155932,10.811,9.292,1.519,59,52,train,val,test,train,train,train,train,train,train,train,,train,0.04,0.25085908
6129,2021_Kelly,CC(=O)N1CCC[C@@H]1C(=O)N(C)[C@H](CC(C)C)C(=O)N[C@@H]1C(=O)N[C@H](CC(C)C)C(=O)N[C@@H](CC(C)C)C(=O)N(C)[C@H](CC(C)C)C(=O)N[C@H](C)C(=O)N[C@H](CC(C)C)C(=O)N2CCC[C@H]2C(=O)O[C@@H]1C,L1_15.2.1.4.2.2,6129,-6.01,10,7,Lariat,0.241665,0.157774,-28.2702,11.354,9.555,1.799,0.220563,0.152122,10.72,9.412,1.308,51,63,train,train,test,train,train,val,train,train,train,train,,train,-0.0049999999999998,0.27916363
6120,2021_Kelly,CC(=O)N1CCC[C@@H]1C(=O)N(C)[C@H](CC(C)C)C(=O)N[C@@H]1C(=O)N[C@@H](CC(C)C)C(=O)N(C)[C@@H](CC(C)C)C(=O)N(C)[C@H](CC(C)C)C(=O)N(C)[C@H](C)C(=O)N[C@H](CC(C)C)C(=O)N2CCC[C@H]2C(=O)O[C@@H]1C,L1_15.1.3.4.4.2,6120,-5.83,10,7,Lariat,0.169365,0.105871,-15.2939,11.111,9.706,1.405,0.232011,0.161798,10.91,9.602,1.308,48,63,train,train,test,train,train,test,train,train,train,train,,train,0.0849999999999999,-0.09549552
6118,2021_Kelly,CC(=O)N1CCC[C@@H]1C(=O)N(C)[C@H](CC(C)C)C(=O)N[C@@H]1C(=O)N[C@@H](CC(C)C)C(=O)N(C)[C@@H](CC(C)C)C(=O)N(C)[C@H](CC(C)C)C(=O)N[C@@H](C)C(=O)N[C@H](CC(C)C)C(=O)N2CCC[C@H]2C(=O)O[C@@H]1C,L1_15.1.3.4.1.2,6118,-6.68,10,7,Lariat,0.204568,0.142763,-28.553,11.53,9.754,1.776,0.108942,0.0578763,11.004,9.634,1.37,80,59,train,train,test,train,train,train,train,train,train,val,,train,-0.3399999999999998,-0.32109666
6112,2021_Kelly,CC(=O)N1CCC[C@@H]1C(=O)N(C)[C@H](CC(C)C)C(=O)N[C@@H]1C(=O)N[C@@H](CC(C)C)C(=O)N[C@H](CC(C)C)C(=O)N(C)[C@@H](CC(C)C)C(=O)N[C@@H](C)C(=O)N[C@H](CC(C)C)C(=O)N2CCC[C@H]2C(=O)O[C@@H]1C,L1_15.1.2.3.1.2,6112,-6.12,10,7,Lariat,0.141422,0.0784764,-23.6232,10.903,9.288,1.615,0.156252,0.0891318,10.793,9.357,1.436,76,90,train,train,test,train,train,train,train,train,train,train,,train,-0.06,-0.1641787
6093,2021_Kelly,CC(=O)N1CCC[C@H]1C(=O)N(C)[C@H](CC(C)C)C(=O)N[C@@H]1C(=O)N(C)[C@H](CC(C)C)C(=O)N(C)[C@@H](CC(C)C)C(=O)N[C@@H](CC(C)C)C(=O)N(C)[C@@H](C)C(=O)N[C@H](CC(C)C)C(=O)N2CCC[C@@H]2C(=O)O[C@@H]1C,L1_14.4.3.1.3.2,6093,-5.14,10,7,Lariat,0.217685,0.152551,-27.8801,11.454,9.772,1.682,0.106923,0.0699012,10.694,9.199,1.495,83,10,train,train,test,train,train,train,train,train,train,train,,train,0.4300000000000001,0.3214244
6086,2021_Kelly,CC(=O)N1CCC[C@H]1C(=O)N(C)[C@H](CC(C)C)C(=O)N[C@@H]1C(=O)N(C)[C@@H](CC(C)C)C(=O)N(C)[C@H](CC(C)C)C(=O)N(C)[C@@H](CC(C)C)C(=O)N(C)[C@H](C)C(=O)N[C@H](CC(C)C)C(=O)N2CCC[C@@H]2C(=O)O[C@@H]1C,L1_14.3.4.3.4.2,6086,-5.15,10,7,Lariat,0.190263,0.130811,-18.937,11.219,9.661,1.558,0.143684,0.0890398,11.293,9.668,1.625,58,85,train,train,test,val,val,train,train,train,train,val,,train,0.4249999999999998,0.4800196
6076,2021_Kelly,CC(=O)N1CCC[C@H]1C(=O)N(C)[C@H](CC(C)C)C(=O)N[C@@H]1C(=O)N(C)[C@@H](CC(C)C)C(=O)N[C@H](CC(C)C)C(=O)N(C)[C@@H](CC(C)C)C(=O)N(C)[C@@H](C)C(=O)N[C@H](CC(C)C)C(=O)N2CCC[C@@H]2C(=O)O[C@@H]1C,L1_14.3.2.3.3.2,6076,-6.11,10,7,Lariat,0.240479,0.173296,-26.4864,11.223,9.484,1.739,0.111383,0.0677484,11.042,9.38,1.662,46,8,test,train,test,train,train,train,train,train,train,train,,test,-0.0550000000000001,0.31688228
6070,2021_Kelly,CC(=O)N1CCC[C@H]1C(=O)N(C)[C@H](CC(C)C)C(=O)N[C@@H]1C(=O)N(C)[C@@H](CC(C)C)C(=O)N[C@@H](CC(C)C)C(=O)N[C@@H](CC(C)C)C(=O)N(C)[C@@H](C)C(=O)N[C@H](CC(C)C)C(=O)N2CCC[C@@H]2C(=O)O[C@@H]1C,L1_14.3.1.1.3.2,6070,-5.78,10,7,Lariat,0.193172,0.125074,-30.6747,11.906,10.127,1.779,0.177396,0.119835,11.643,10.026,1.617,85,24,train,train,test,test,train,train,test,train,train,val,,train,0.1099999999999998,0.038733307
6066,2021_Kelly,CC(=O)N1CCC[C@H]1C(=O)N(C)[C@H](CC(C)C)C(=O)N[C@@H]1C(=O)N[C@H](CC(C)C)C(=O)N(C)[C@@H](CC(C)C)C(=O)N[C@@H](CC(C)C)C(=O)N[C@@H](C)C(=O)N[C@H](CC(C)C)C(=O)N2CCC[C@@H]2C(=O)O[C@@H]1C,L1_14.2.3.1.1.2,6066,-5.94,10,7,Lariat,0.171128,0.106526,-37.9778,11.328,9.472,1.856,0.112643,0.0657439,10.627,9.046,1.581,20,44,val,train,test,train,train,test,train,train,train,val,,val,0.0299999999999998,0.00068635866
6044,2021_Kelly,CC(=O)N1CCC[C@H]1C(=O)N(C)[C@H](CC(C)C)C(=O)N[C@@H]1C(=O)N[C@@H](CC(C)C)C(=O)N[C@H](CC(C)C)C(=O)N[C@H](CC(C)C)C(=O)N(C)[C@H](C)C(=O)N[C@H](CC(C)C)C(=O)N2CCC[C@@H]2C(=O)O[C@@H]1C,L1_14.1.2.2.4.2,6044,-6.73,10,7,Lariat,0.315275,0.225607,-32.0033,11.29,9.339,1.951,0.133374,0.0810994,11.122,9.4,1.722,86,97,train,train,test,train,train,val,train,train,train,train,,train,-0.3650000000000002,-0.4519642
6041,2021_Kelly,CC(=O)N1CCC[C@H]1C(=O)N(C)[C@H](CC(C)C)C(=O)N[C@@H]1C(=O)N[C@@H](CC(C)C)C(=O)N[C@@H](CC(C)C)C(=O)N(C)[C@@H](CC(C)C)C(=O)N(C)[C@@H](C)C(=O)N[C@H](CC(C)C)C(=O)N2CCC[C@@H]2C(=O)O[C@@H]1C,L1_14.1.1.3.3.2,6041,-6.36,10,7,Lariat,0.209279,0.134976,-28.1421,10.953,9.185,1.768,0.210111,0.140463,10.896,9.266,1.63,55,78,val,train,test,train,train,train,train,test,train,val,,val,-0.1800000000000001,-0.12396912
6040,2021_Kelly,CC(=O)N1CCC[C@H]1C(=O)N(C)[C@H](CC(C)C)C(=O)N[C@@H]1C(=O)N[C@@H](CC(C)C)C(=O)N[C@@H](CC(C)C)C(=O)N(C)[C@@H](CC(C)C)C(=O)N[C@@H](C)C(=O)N[C@H](CC(C)C)C(=O)N2CCC[C@@H]2C(=O)O[C@@H]1C,L1_14.1.1.3.1.2,6040,-6.06,10,7,Lariat,0.180477,0.112578,-23.1513,10.948,9.349,1.599,0.136073,0.0769682,10.443,9.027,1.416,28,78,train,val,test,train,train,train,val,train,train,train,,train,-0.0299999999999998,-0.20452493
6037,2021_Kelly,CC(=O)N1CCC[C@H]1C(=O)N(C)[C@H](CC(C)C)C(=O)N[C@@H]1C(=O)N[C@@H](CC(C)C)C(=O)N[C@@H](CC(C)C)C(=O)N[C@@H](CC(C)C)C(=O)N[C@@H](C)C(=O)N[C@H](CC(C)C)C(=O)N2CCC[C@@H]2C(=O)O[C@@H]1C,L1_14.1.1.1.1.2,6037,-7.68,10,7,Lariat,0.211649,0.132945,-30.7112,11.186,9.275,1.911,0.150339,0.0844242,11.265,9.396,1.869,10,99,test,test,test,train,train,train,train,test,train,train,,test,-0.8399999999999999,-0.69636625
6025,2021_Kelly,CC(=O)N1CCC[C@H]1C(=O)N(C)[C@H](CC(C)C)C(=O)N[C@@H]1C(=O)N(C)[C@@H](CC(C)C)C(=O)N(C)[C@H](CC(C)C)C(=O)N(C)[C@H](CC(C)C)C(=O)N(C)[C@H](C)C(=O)N[C@H](CC(C)C)C(=O)N2CCC[C@H]2C(=O)O[C@@H]1C,L1_13.3.4.4.4.2,6025,-5.28,10,7,Lariat,0.14654,0.0860861,-15.7674,11.473,9.909,1.564,0.1785,0.123401,10.949,9.644,1.305,35,15,train,test,test,train,train,train,train,train,train,train,,train,0.3599999999999999,0.4071955
6005,2021_Kelly,CC(=O)N1CCC[C@H]1C(=O)N(C)[C@H](CC(C)C)C(=O)N[C@@H]1C(=O)N[C@H](CC(C)C)C(=O)N(C)[C@@H](CC(C)C)C(=O)N[C@@H](CC(C)C)C(=O)N[C@@H](C)C(=O)N[C@H](CC(C)C)C(=O)N2CCC[C@H]2C(=O)O[C@@H]1C,L1_13.2.3.1.1.2,6005,-5.71,10,7,Lariat,0.168561,0.104309,-37.5914,11.481,9.443,2.038,0.190177,0.135045,11.147,9.556,1.591,33,29,train,train,test,train,train,train,val,train,val,train,,train,0.145,0.076820746
5985,2021_Kelly,CC(=O)N1CCC[C@H]1C(=O)N(C)[C@H](CC(C)C)C(=O)N[C@@H]1C(=O)N[C@@H](CC(C)C)C(=O)N[C@H](CC(C)C)C(=O)N(C)[C@@H](CC(C)C)C(=O)N(C)[C@@H](C)C(=O)N[C@H](CC(C)C)C(=O)N2CCC[C@H]2C(=O)O[C@@H]1C,L1_13.1.2.3.3.2,5985,-6.0,10,7,Lariat,0.19924,0.128376,-31.7284,12.106,10.079,2.027,0.246855,0.173115,11.46,9.795,1.665,50,54,val,val,test,train,train,test,test,test,val,val,,val,0.0,0.1355242
5984,2021_Kelly,CC(=O)N1CCC[C@H]1C(=O)N(C)[C@H](CC(C)C)C(=O)N[C@@H]1C(=O)N[C@@H](CC(C)C)C(=O)N[C@H](CC(C)C)C(=O)N(C)[C@@H](CC(C)C)C(=O)N[C@@H](C)C(=O)N[C@H](CC(C)C)C(=O)N2CCC[C@H]2C(=O)O[C@@H]1C,L1_13.1.2.3.1.2,5984,-5.79,10,7,Lariat,0.219857,0.143029,-38.2587,12.156,9.923,2.233,0.166693,0.0977849,11.787,9.777,2.01,48,70,test,train,test,train,train,train,train,train,train,train,,test,0.1049999999999999,0.009900343
5972,2021_Kelly,CC(=O)N1CCC[C@@H]1C(=O)N(C)[C@@H](CC(C)C)C(=O)N[C@@H]1C(=O)N(C)[C@H](CC(C)C)C(=O)N(C)[C@H](CC(C)C)C(=O)N[C@@H](CC(C)C)C(=O)N(C)[C@@H](C)C(=O)N[C@H](CC(C)C)C(=O)N2CCC[C@@H]2C(=O)O[C@@H]1C,L1_12.4.4.1.3.2,5972,-5.13,10,7,Lariat,0.255045,0.191185,-28.6151,11.917,10.0,1.917,0.127732,0.08127,11.957,10.182,1.775,81,93,train,test,test,test,train,test,train,train,train,train,,train,0.435,0.4255708
5956,2021_Kelly,CC(=O)N1CCC[C@@H]1C(=O)N(C)[C@@H](CC(C)C)C(=O)N[C@@H]1C(=O)N(C)[C@@H](CC(C)C)C(=O)N[C@H](CC(C)C)C(=O)N[C@@H](CC(C)C)C(=O)N[C@@H](C)C(=O)N[C@H](CC(C)C)C(=O)N2CCC[C@@H]2C(=O)O[C@@H]1C,L1_12.3.2.1.1.2,5956,-6.09,10,7,Lariat,0.163832,0.0910582,-29.6997,10.627,9.049,1.578,0.107764,0.0639246,10.13,8.488,1.642,5,78,train,test,test,train,train,train,train,train,train,train,,train,-0.0449999999999999,-0.31011492
5949,2021_Kelly,CC(=O)N1CCC[C@@H]1C(=O)N(C)[C@@H](CC(C)C)C(=O)N[C@@H]1C(=O)N[C@H](CC(C)C)C(=O)N(C)[C@@H](CC(C)C)C(=O)N[C@H](CC(C)C)C(=O)N[C@@H](C)C(=O)N[C@H](CC(C)C)C(=O)N2CCC[C@@H]2C(=O)O[C@@H]1C,L1_12.2.3.2.1.2,5949,-5.97,10,7,Lariat,0.195566,0.122936,-32.9057,10.855,9.3,1.555,0.145461,0.09354,10.641,9.052,1.589,24,97,train,test,test,train,train,train,train,train,train,train,,train,0.0150000000000001,-0.07124722
5943,2021_Kelly,CC(=O)N1CCC[C@@H]1C(=O)N(C)[C@@H](CC(C)C)C(=O)N[C@@H]1C(=O)N[C@H](CC(C)C)C(=O)N[C@H](CC(C)C)C(=O)N[C@H](CC(C)C)C(=O)N[C@H](C)C(=O)N[C@H](CC(C)C)C(=O)N2CCC[C@@H]2C(=O)O[C@@H]1C,L1_12.2.2.2.2.2,5943,-7.16,10,7,Lariat,0.241502,0.167292,-32.9606,11.55,9.456,2.094,0.208674,0.137383,11.428,9.499,1.929,12,51,train,train,test,train,train,train,train,train,train,train,,train,-0.5800000000000001,-0.33935595
5942,2021_Kelly,CC(=O)N1CCC[C@@H]1C(=O)N(C)[C@@H](CC(C)C)C(=O)N[C@@H]1C(=O)N[C@H](CC(C)C)C(=O)N[C@@H](CC(C)C)C(=O)N[C@H](CC(C)C)C(=O)N[C@H](C)C(=O)N[C@H](CC(C)C)C(=O)N2CCC[C@@H]2C(=O)O[C@@H]1C,L1_12.2.1.2.2.2,5942,-6.65,10,7,Lariat,0.233629,0.155992,-35.9092,11.78,9.628,2.152,0.141235,0.0903266,10.98,9.27,1.71,35,66,val,train,test,train,val,train,train,train,train,train,,val,-0.3250000000000002,-0.21660498
5913,2021_Kelly,CC(=O)N1CCC[C@@H]1C(=O)N(C)[C@@H](CC(C)C)C(=O)N[C@@H]1C(=O)N(C)[C@@H](CC(C)C)C(=O)N(C)[C@H](CC(C)C)C(=O)N(C)[C@H](CC(C)C)C(=O)N(C)[C@H](C)C(=O)N[C@H](CC(C)C)C(=O)N2CCC[C@H]2C(=O)O[C@@H]1C,L1_11.3.4.4.4.2,5913,-5.31,10,7,Lariat,0.159948,0.103445,-17.745,11.838,10.291,1.547,0.128032,0.0826041,11.456,10.107,1.349,79,21,train,train,test,train,train,test,test,train,train,train,,train,0.3450000000000002,0.16954464
5906,2021_Kelly,CC(=O)N1CCC[C@@H]1C(=O)N(C)[C@@H](CC(C)C)C(=O)N[C@@H]1C(=O)N(C)[C@@H](CC(C)C)C(=O)N(C)[C@@H](CC(C)C)C(=O)N(C)[C@H](CC(C)C)C(=O)N(C)[C@@H](C)C(=O)N[C@H](CC(C)C)C(=O)N2CCC[C@H]2C(=O)O[C@@H]1C,L1_11.3.3.4.3.2,5906,-6.31,10,7,Lariat,0.202548,0.134278,-21.2646,12.245,10.449,1.796,0.153296,0.101257,12.082,10.341,1.741,40,83,val,train,test,train,train,train,val,train,test,train,,val,-0.1549999999999998,-0.0026688688
5903,2021_Kelly,CC(=O)N1CCC[C@@H]1C(=O)N(C)[C@@H](CC(C)C)C(=O)N[C@@H]1C(=O)N(C)[C@@H](CC(C)C)C(=O)N[C@H](CC(C)C)C(=O)N(C)[C@@H](CC(C)C)C(=O)N(C)[C@H](C)C(=O)N[C@H](CC(C)C)C(=O)N2CCC[C@H]2C(=O)O[C@@H]1C,L1_11.3.2.3.4.2,5903,-6.05,10,7,Lariat,0.189581,0.117431,-32.4034,12.265,10.253,2.012,0.267261,0.207477,11.849,10.138,1.711,48,39,train,train,test,train,train,train,train,train,train,train,,train,-0.0249999999999999,0.24914733
5898,2021_Kelly,CC(=O)N1CCC[C@@H]1C(=O)N(C)[C@@H](CC(C)C)C(=O)N[C@@H]1C(=O)N(C)[C@@H](CC(C)C)C(=O)N[C@@H](CC(C)C)C(=O)N[C@H](CC(C)C)C(=O)N(C)[C@H](C)C(=O)N[C@H](CC(C)C)C(=O)N2CCC[C@H]2C(=O)O[C@@H]1C,L1_11.3.1.2.4.2,5898,-6.88,10,7,Lariat,0.169243,0.10436,-27.2532,11.703,9.979,1.724,0.125637,0.0666359,10.69,9.417,1.273,33,48,train,train,test,train,train,train,train,train,train,train,,train,-0.4399999999999999,-0.17819433
5881,2021_Kelly,CC(=O)N1CCC[C@@H]1C(=O)N(C)[C@@H](CC(C)C)C(=O)N[C@@H]1C(=O)N[C@H](CC(C)C)C(=O)N(C)[C@@H](CC(C)C)C(=O)N[C@@H](CC(C)C)C(=O)N(C)[C@H](C)C(=O)N[C@H](CC(C)C)C(=O)N2CCC[C@H]2C(=O)O[C@@H]1C,L1_11.2.3.1.4.2,5881,-5.58,10,7,Lariat,0.185867,0.12232,-23.5686,11.636,9.92,1.716,0.138518,0.089434,11.448,10.126,1.322,99,51,train,val,test,train,val,val,train,val,train,train,,train,0.2099999999999999,0.24814327
5880,2021_Kelly,CC(=O)N1CCC[C@@H]1C(=O)N(C)[C@@H](CC(C)C)C(=O)N[C@@H]1C(=O)N[C@H](CC(C)C)C(=O)N(C)[C@@H](CC(C)C)C(=O)N[C@@H](CC(C)C)C(=O)N(C)[C@@H](C)C(=O)N[C@H](CC(C)C)C(=O)N2CCC[C@H]2C(=O)O[C@@H]1C,L1_11.2.3.1.3.2,5880,-5.43,10,7,Lariat,0.157624,0.0977781,-24.8543,11.473,9.607,1.866,0.154571,0.0987052,11.291,9.614,1.677,31,99,train,test,test,train,train,val,val,train,train,train,,train,0.2850000000000001,0.37895048
5868,2021_Kelly,CC(=O)N1CCC[C@@H]1C(=O)N(C)[C@@H](CC(C)C)C(=O)N[C@@H]1C(=O)N[C@H](CC(C)C)C(=O)N[C@H](CC(C)C)C(=O)N[C@@H](CC(C)C)C(=O)N(C)[C@@H](C)C(=O)N[C@H](CC(C)C)C(=O)N2CCC[C@H]2C(=O)O[C@@H]1C,L1_11.2.2.1.3.2,5868,-5.83,10,7,Lariat,0.205869,0.125847,-35.8009,11.671,9.686,1.985,0.118411,0.0697432,10.546,9.204,1.342,100,90,val,train,test,test,train,train,val,train,train,train,,val,0.0849999999999999,0.15829927
5857,2021_Kelly,CC(=O)N1CCC[C@@H]1C(=O)N(C)[C@@H](CC(C)C)C(=O)N[C@@H]1C(=O)N[C@@H](CC(C)C)C(=O)N(C)[C@@H](CC(C)C)C(=O)N(C)[C@H](CC(C)C)C(=O)N[C@@H](C)C(=O)N[C@H](CC(C)C)C(=O)N2CCC[C@H]2C(=O)O[C@@H]1C,L1_11.1.3.4.1.2,5857,-6.6,10,7,Lariat,0.16306,0.104344,-26.9243,11.694,9.937,1.757,0.163066,0.1063,10.959,9.568,1.391,37,42,train,train,test,train,train,train,train,train,train,val,,train,-0.2999999999999998,-0.08252463
5855,2021_Kelly,CC(=O)N1CCC[C@@H]1C(=O)N(C)[C@@H](CC(C)C)C(=O)N[C@@H]1C(=O)N[C@@H](CC(C)C)C(=O)N[C@H](CC(C)C)C(=O)N(C)[C@H](CC(C)C)C(=O)N(C)[C@@H](C)C(=O)N[C@H](CC(C)C)C(=O)N2CCC[C@H]2C(=O)O[C@@H]1C,L1_11.1.2.4.3.2,5855,-5.89,10,7,Lariat,0.161894,0.104274,-28.3747,11.582,9.765,1.817,0.113111,0.0634928,10.757,9.368,1.389,81,70,train,train,test,train,test,train,test,train,train,val,,train,0.0550000000000001,-0.15788257
5832,2021_Kelly,CC(=O)N1CCC[C@H]1C(=O)N(C)[C@@H](CC(C)C)C(=O)N[C@@H]1C(=O)N(C)[C@H](CC(C)C)C(=O)N[C@H](CC(C)C)C(=O)N(C)[C@@H](CC(C)C)C(=O)N(C)[C@H](C)C(=O)N[C@H](CC(C)C)C(=O)N2CCC[C@@H]2C(=O)O[C@@H]1C,L1_10.4.2.3.4.2,5832,-5.82,10,7,Lariat,0.24176,0.142249,-21.3235,11.004,9.528,1.476,0.179063,0.119971,10.88,9.187,1.693,45,93,test,train,test,train,train,train,train,train,train,train,,test,0.0899999999999998,0.122967675
5818,2021_Kelly,CC(=O)N1CCC[C@H]1C(=O)N(C)[C@@H](CC(C)C)C(=O)N[C@@H]1C(=O)N(C)[C@@H](CC(C)C)C(=O)N(C)[C@H](CC(C)C)C(=O)N[C@H](CC(C)C)C(=O)N(C)[C@@H](C)C(=O)N[C@H](CC(C)C)C(=O)N2CCC[C@@H]2C(=O)O[C@@H]1C,L1_10.3.4.2.3.2,5818,-6.64,10,7,Lariat,0.166062,0.0937324,-21.0058,11.206,9.334,1.872,0.130718,0.0799022,11.081,9.412,1.669,74,61,train,train,test,train,train,train,train,train,train,train,,train,-0.3199999999999998,-0.22389627
5795,2021_Kelly,CC(=O)N1CCC[C@H]1C(=O)N(C)[C@@H](CC(C)C)C(=O)N[C@@H]1C(=O)N[C@H](CC(C)C)C(=O)N(C)[C@@H](CC(C)C)C(=O)N(C)[C@H](CC(C)C)C(=O)N[C@H](C)C(=O)N[C@H](CC(C)C)C(=O)N2CCC[C@@H]2C(=O)O[C@@H]1C,L1_10.2.3.4.2.2,5795,-6.05,10,7,Lariat,0.180327,0.114365,-40.3223,12.098,9.985,2.113,0.0931554,0.0603645,10.914,9.364,1.55,65,56,train,train,test,val,train,train,train,train,train,train,,train,-0.0249999999999999,0.1407123
5778,2021_Kelly,CC(=O)N1CCC[C@H]1C(=O)N(C)[C@@H](CC(C)C)C(=O)N[C@@H]1C(=O)N[C@@H](CC(C)C)C(=O)N(C)[C@H](CC(C)C)C(=O)N(C)[C@H](CC(C)C)C(=O)N(C)[C@H](C)C(=O)N[C@H](CC(C)C)C(=O)N2CCC[C@@H]2C(=O)O[C@@H]1C,L1_10.1.4.4.4.2,5778,-6.13,10,7,Lariat,0.156116,0.0897312,-40.6603,12.072,10.065,2.007,0.129337,0.0758064,11.834,10.052,1.782,98,19,test,train,test,train,test,test,train,train,train,train,,test,-0.0649999999999999,0.035517965
5776,2021_Kelly,CC(=O)N1CCC[C@H]1C(=O)N(C)[C@@H](CC(C)C)C(=O)N[C@@H]1C(=O)N[C@@H](CC(C)C)C(=O)N(C)[C@H](CC(C)C)C(=O)N(C)[C@@H](CC(C)C)C(=O)N(C)[C@@H](C)C(=O)N[C@H](CC(C)C)C(=O)N2CCC[C@@H]2C(=O)O[C@@H]1C,L1_10.1.4.3.3.2,5776,-5.59,10,7,Lariat,0.242032,0.157214,-32.5304,11.618,9.849,1.769,0.145165,0.0871784,11.866,10.289,1.577,56,85,train,train,test,train,train,train,train,train,train,train,,train,0.205,0.11964139
5764,2021_Kelly,CC(=O)N1CCC[C@H]1C(=O)N(C)[C@@H](CC(C)C)C(=O)N[C@@H]1C(=O)N[C@@H](CC(C)C)C(=O)N[C@@H](CC(C)C)C(=O)N[C@@H](CC(C)C)C(=O)N[C@@H](C)C(=O)N[C@H](CC(C)C)C(=O)N2CCC[C@@H]2C(=O)O[C@@H]1C,L1_10.1.1.1.1.2,5764,-9.0,10,7,Lariat,0.183303,0.105943,-31.8356,11.483,9.296,2.187,0.143658,0.0876652,11.234,9.287,1.947,67,56,train,test,test,train,train,val,train,train,val,train,,train,-1.0,-0.9095227
5760,2021_Kelly,CC(=O)N1CCC[C@H]1C(=O)N(C)[C@@H](CC(C)C)C(=O)N[C@@H]1C(=O)N(C)[C@H](CC(C)C)C(=O)N(C)[C@H](CC(C)C)C(=O)N[C@@H](CC(C)C)C(=O)N(C)[C@H](C)C(=O)N[C@@H](CC(C)C)C(=O)N2CCC[C@H]2C(=O)O[C@@H]1C,L1_1.4.4.1.4.1,5760,-5.45,10,7,Lariat,0.242384,0.137328,-25.2609,11.927,10.078,1.849,0.0820645,0.0399191,10.415,9.172,1.243,33,14,train,train,test,test,train,train,train,train,val,train,,train,0.2749999999999999,0.28713304
5742,2021_Kelly,CC(=O)N1CCC[C@H]1C(=O)N(C)[C@@H](CC(C)C)C(=O)N[C@@H]1C(=O)N(C)[C@@H](CC(C)C)C(=O)N(C)[C@H](CC(C)C)C(=O)N(C)[C@@H](CC(C)C)C(=O)N(C)[C@@H](C)C(=O)N[C@@H](CC(C)C)C(=O)N2CCC[C@H]2C(=O)O[C@@H]1C,L1_1.3.4.3.3.1,5742,-5.47,10,7,Lariat,0.185292,0.109935,-25.0548,11.965,10.202,1.763,0.133575,0.0916772,11.781,10.14,1.641,87,76,train,train,test,train,test,test,train,train,train,train,,train,0.2650000000000001,0.18830897
5741,2021_Kelly,CC(=O)N1CCC[C@H]1C(=O)N(C)[C@@H](CC(C)C)C(=O)N[C@@H]1C(=O)N(C)[C@@H](CC(C)C)C(=O)N(C)[C@H](CC(C)C)C(=O)N[C@H](CC(C)C)C(=O)N(C)[C@@H](C)C(=O)N[C@@H](CC(C)C)C(=O)N2CCC[C@H]2C(=O)O[C@@H]1C,L1_1.3.4.2.3.1,5741,-6.02,10,7,Lariat,0.155263,0.0936642,-31.1516,12.211,10.209,2.002,0.176765,0.109433,12.026,10.07,1.956,92,85,train,train,test,train,train,train,train,train,train,train,,train,-0.0099999999999997,0.114948094
5740,2021_Kelly,CC(=O)N1CCC[C@H]1C(=O)N(C)[C@@H](CC(C)C)C(=O)N[C@@H]1C(=O)N(C)[C@@H](CC(C)C)C(=O)N(C)[C@H](CC(C)C)C(=O)N[C@H](CC(C)C)C(=O)N[C@H](C)C(=O)N[C@@H](CC(C)C)C(=O)N2CCC[C@H]2C(=O)O[C@@H]1C,L1_1.3.4.2.2.1,5740,-6.28,10,7,Lariat,0.192633,0.115983,-31.7797,11.487,9.509,1.978,0.141923,0.086748,11.007,9.335,1.672,79,100,train,train,test,train,train,train,test,val,train,train,,train,-0.1400000000000001,-0.037895273
5720,2021_Kelly,CC(=O)N1CCC[C@H]1C(=O)N(C)[C@@H](CC(C)C)C(=O)N[C@@H]1C(=O)N[C@H](CC(C)C)C(=O)N(C)[C@H](CC(C)C)C(=O)N(C)[C@@H](CC(C)C)C(=O)N(C)[C@@H](C)C(=O)N[C@@H](CC(C)C)C(=O)N2CCC[C@H]2C(=O)O[C@@H]1C,L1_1.2.4.3.3.1,5720,-5.39,10,7,Lariat,0.299478,0.220833,-25.8649,11.901,10.025,1.876,0.0791149,0.0490732,10.521,9.105,1.416,74,91,train,train,test,train,train,train,train,val,train,train,,train,0.3050000000000001,0.30066293
5697,2021_Kelly,CC(=O)N1CCC[C@H]1C(=O)N(C)[C@@H](CC(C)C)C(=O)N[C@@H]1C(=O)N[C@H](CC(C)C)C(=O)N[C@@H](CC(C)C)C(=O)N[C@H](CC(C)C)C(=O)N(C)[C@@H](C)C(=O)N[C@@H](CC(C)C)C(=O)N2CCC[C@H]2C(=O)O[C@@H]1C,L1_1.2.1.2.3.1,5697,-5.47,10,7,Lariat,0.195865,0.121982,-29.9761,11.684,9.786,1.898,0.125376,0.0748596,11.004,9.536,1.468,63,85,train,train,test,train,train,train,train,train,train,train,,train,0.2650000000000001,0.14613645
5690,2021_Kelly,CC(=O)N1CCC[C@H]1C(=O)N(C)[C@@H](CC(C)C)C(=O)N[C@@H]1C(=O)N[C@@H](CC(C)C)C(=O)N(C)[C@@H](CC(C)C)C(=O)N(C)[C@@H](CC(C)C)C(=O)N(C)[C@H](C)C(=O)N[C@@H](CC(C)C)C(=O)N2CCC[C@H]2C(=O)O[C@@H]1C,L1_1.1.3.3.4.1,5690,-6.06,10,7,Lariat,0.154682,0.0971096,-30.1142,12.032,10.166,1.866,0.142594,0.0911712,12.243,10.368,1.875,63,93,train,train,test,train,train,train,test,train,val,train,,train,-0.0299999999999998,-0.049747948
5670,2021_Kelly,CC(=O)N1CCC[C@H]1C(=O)N(C)[C@@H](CC(C)C)C(=O)N[C@@H]1C(=O)N[C@@H](CC(C)C)C(=O)N[C@@H](CC(C)C)C(=O)N[C@@H](CC(C)C)C(=O)N(C)[C@@H](C)C(=O)N[C@@H](CC(C)C)C(=O)N2CCC[C@H]2C(=O)O[C@@H]1C,L1_1.1.1.1.3.1,5670,-6.82,10,7,Lariat,0.168243,0.09787,-33.1154,11.473,9.515,1.958,0.177038,0.108857,11.923,10.097,1.826,59,20,train,train,test,test,train,train,train,train,train,train,,train,-0.4100000000000001,-0.32237035
5596,2020_Townsend,CC(C)C[C@H]1C(=O)N2CCC[C@@H]2C(=O)N(Cc2ccccc2)CC(=O)N[C@@H](Cc2ccccc2)C(=O)N2CCC[C@H]2C(=O)N(C)[C@@H](C)C(=O)N(Cc2ccccc2)CC(=O)N1C,hepta_2019,5596,-10.0,7,7,Circle,0.143132,0.0457148,-30.6072,9.194,8.112,1.082,0.138346,0.0449517,9.191,8.059,1.132,95,81,train,train,test,train,train,train,train,train,train,train,,train,-1.0,-0.037146498
5595,2020_Townsend,CC(C)C[C@H]1C(=O)N[C@@H](Cc2ccccc2)CC(=O)N2CCC[C@@H]2C(=O)N(C)[C@H](CC(C)C)C(=O)N[C@@H](Cc2ccccc2)C(=O)N2CCC[C@H]2C(=O)N(C)[C@@H](C)C(=O)N1C,hepta_2018,5595,-5.23,7,7,Circle,0.126024,0.0404465,-24.5247,9.104,7.836,1.268,0.133613,0.0540582,9.268,7.969,1.299,75,24,train,test,test,train,train,train,train,train,train,train,,train,0.3849999999999998,0.39208806
5578,2020_Townsend,CC(C)C[C@@H]1NC(=O)[C@@H](CC(C)C)N(C)C(=O)[C@H](C)N(C)C(=O)[C@@H]2CCCN2C(=O)[C@H](Cc2ccccc2)NC(=O)CN(Cc2ccccc2)C(=O)[C@H]2CCCN2C1=O,hepta_2001,5578,-5.7,7,7,Circle,0.130318,0.0461431,-27.2022,9.098,8.005,1.093,0.120557,0.0502976,9.017,8.041,0.976,3,40,train,train,test,test,train,train,train,train,train,train,,train,0.1499999999999999,-0.33809876
5573,2020_Townsend,CC(C)C[C@H]1C(=O)N(C)[C@@H](CC(C)C)C(=O)N2CCC[C@@H]2C(=O)N(C)[C@H](CC(C)C)C(=O)N[C@@H](Cc2ccccc2)C(=O)N2CCC[C@H]2C(=O)N(C)[C@@H](C)C(=O)N1C,hepta_1996,5573,-5.31,7,7,Circle,0.139459,0.0456251,-34.8494,9.137,7.92,1.217,0.124843,0.037156,9.019,8.112,0.907,33,56,train,train,test,train,train,train,train,train,train,train,,train,0.3450000000000002,0.443212
5566,2020_Townsend,CC(C)C[C@@H]1NC(=O)[C@H]2CCCN2C(=O)CN(Cc2ccccc2)C(=O)[C@H](CC(C)C)NC(=O)[C@H](C)N(C)C(=O)[C@@H]2CCCN2C(=O)[C@H](Cc2ccccc2)NC1=O,hepta_1989,5566,-10.0,7,7,Circle,0.165181,0.067183,-38.744,9.36,8.02,1.34,0.148834,0.0493415,8.691,7.55,1.141,66,85,train,train,test,train,val,train,val,train,test,train,,train,-1.0,-0.06871447
5561,2020_Townsend,CC(C)C[C@@H]1NC(=O)[C@H](CC(C)C)N(C)C(=O)[C@H](C)N(C)C(=O)[C@@H]2CCCN2C(=O)[C@H](Cc2ccccc2)NC(=O)[C@@H](CC(C)C)N(C)C(=O)[C@H]2CCCN2C1=O,hepta_1984,5561,-5.51,7,7,Circle,0.109592,0.0455136,-28.6648,9.15,7.901,1.249,0.105254,0.0444664,8.943,7.904,1.039,94,65,train,train,test,train,train,val,test,train,train,train,,train,0.2450000000000001,0.16058552
5542,2020_Townsend,CC(C)C[C@@H]1NC(=O)[C@H]2CCCN2C(=O)[C@H](CC(C)C)NC(=O)[C@@H](CC(C)C)NC(=O)[C@H](C)N(C)C(=O)[C@@H]2CCCN2C(=O)[C@H](Cc2ccccc2)NC1=O,hepta_1965,5542,-10.0,7,7,Circle,0.140145,0.0494412,-30.4106,9.225,7.966,1.259,0.116012,0.0339609,8.557,7.687,0.87,67,85,train,train,test,train,val,train,train,train,train,train,,train,-1.0,-0.0047103204
5533,2020_Townsend,CC(C)C[C@H]1C(=O)N2CCC[C@@H]2C(=O)N(Cc2ccccc2)CC(=O)N[C@@H](Cc2ccccc2)C(=O)N2CCC[C@H]2C(=O)N[C@H](C)C(=O)N[C@H](CC(C)C)C(=O)N1C,hepta_1956,5533,-5.8,7,7,Circle,0.132526,0.0446432,-45.8448,9.022,7.644,1.378,0.16868,0.0633566,9.117,7.887,1.23,47,2,train,train,test,test,val,train,train,train,train,train,,train,0.1,0.10447585
5525,2020_Townsend,CC(C)C[C@H]1C(=O)N[C@H](CC(C)C)C(=O)N2CCC[C@@H]2C(=O)N(C)[C@@H](CC(C)C)C(=O)N[C@@H](Cc2ccccc2)C(=O)N2CCC[C@H]2C(=O)N[C@H](C)C(=O)N1C,hepta_1948,5525,-5.65,7,7,Circle,0.161803,0.0733767,-27.2605,9.322,8.011,1.311,0.106722,0.0463765,9.111,7.86,1.251,64,59,train,test,test,train,train,train,train,train,test,test,,train,0.1749999999999998,0.27878174
5517,2020_Townsend,C[C@@H]1NC(=O)[C@@H]2CCCN2C(=O)[C@H](Cc2ccccc2)NC(=O)CN(Cc2ccccc2)C(=O)[C@@H]2CCCN2C(=O)C[C@H](Cc2ccccc2)NC(=O)CN(Cc2ccccc2)C1=O,hepta_1940,5517,-6.41,7,7,Circle,0.15328,0.0458808,-35.0385,9.012,7.708,1.304,0.153807,0.0387925,8.97,7.66,1.31,88,21,train,val,test,val,train,train,train,test,train,train,,train,-0.205,0.044318296
5515,2020_Townsend,CC(C)C[C@@H]1C(=O)N[C@@H](Cc2ccccc2)C(=O)N2CCC[C@H]2C(=O)N[C@@H](C)C(=O)N(Cc2ccccc2)CC(=O)N[C@@H](Cc2ccccc2)CC(=O)N2CCC[C@H]2C(=O)N1C,hepta_1938,5515,-6.34,7,7,Circle,0.157635,0.0639474,-30.8801,9.048,7.826,1.222,0.180222,0.0651493,9.792,8.419,1.373,97,24,val,train,test,train,train,train,train,train,train,train,,val,-0.1699999999999999,-0.09821822
5513,2020_Townsend,CC(C)C[C@H]1C(=O)N(Cc2ccccc2)CC(=O)N2CCC[C@H]2C(=O)N(Cc2ccccc2)CC(=O)N[C@@H](Cc2ccccc2)C(=O)N2CCC[C@H]2C(=O)N[C@@H](C)C(=O)N1C,hepta_1936,5513,-6.5,7,7,Circle,0.211814,0.0814291,-31.1892,9.181,8.046,1.135,0.185406,0.0617499,9.18,8.0,1.18,41,66,train,train,test,val,train,train,train,train,train,train,,train,-0.25,-0.07281168
5512,2020_Townsend,CC(C)C[C@H]1C(=O)N[C@@H](Cc2ccccc2)CC(=O)N2CCC[C@H]2C(=O)N(C)[C@@H](CC(C)C)C(=O)N[C@@H](Cc2ccccc2)C(=O)N2CCC[C@H]2C(=O)N[C@@H](C)C(=O)N1C,hepta_1935,5512,-5.78,7,7,Circle,0.137119,0.0486284,-27.5748,9.24,7.89,1.35,0.15216,0.0738765,9.363,8.094,1.269,63,69,train,train,test,train,val,train,train,test,val,train,,train,0.1099999999999998,0.19052418
5501,2020_Townsend,CC(C)C[C@H]1C(=O)N[C@@H](Cc2ccccc2)C(=O)N2CCC[C@H]2C(=O)N[C@@H](C)C(=O)N(C)[C@H](CC(C)C)C(=O)N(Cc2ccccc2)CC(=O)N2CCC[C@H]2C(=O)N1C,hepta_1924,5501,-5.8,7,7,Circle,0.15865,0.065934,-41.6839,9.317,8.177,1.14,0.1227,0.0435976,8.799,7.65,1.149,87,40,train,train,test,test,train,train,test,train,val,val,,train,0.1,-0.0033300593
5500,2020_Townsend,CC(C)C[C@H]1C(=O)N(C)[C@H](CC(C)C)C(=O)N2CCC[C@H]2C(=O)N(Cc2ccccc2)CC(=O)N[C@@H](Cc2ccccc2)C(=O)N2CCC[C@H]2C(=O)N[C@@H](C)C(=O)N1C,hepta_1923,5500,-5.61,7,7,Circle,0.117694,0.0534256,-33.6254,8.846,7.548,1.298,0.104322,0.0420399,8.938,7.547,1.391,72,28,train,train,test,train,train,train,train,val,train,train,,train,0.1949999999999998,0.19140999
5492,2020_Townsend,CC(C)C[C@H]1C(=O)N[C@H](CC(C)C)C(=O)N2CCC[C@H]2C(=O)N(Cc2ccccc2)CC(=O)N[C@@H](Cc2ccccc2)C(=O)N2CCC[C@H]2C(=O)N[C@@H](C)C(=O)N1C,hepta_1915,5492,-5.26,7,7,Circle,0.169217,0.0685085,-29.7488,9.032,7.695,1.337,0.134845,0.0511914,8.883,7.542,1.341,42,39,train,val,test,train,train,train,train,train,test,val,,train,0.3700000000000001,0.23141876
5487,2020_Townsend,CC(C)C[C@@H]1NC(=O)[C@@H]2CCCN2C(=O)CN(Cc2ccccc2)C(=O)[C@@H](CC(C)C)N(C)C(=O)[C@H](C)NC(=O)[C@@H]2CCCN2C(=O)[C@H](Cc2ccccc2)NC1=O,hepta_1910,5487,-6.05,7,7,Circle,0.140159,0.0468106,-34.6727,9.241,8.023,1.218,0.127168,0.0411753,8.748,7.548,1.2,7,61,train,train,test,train,train,train,train,train,train,test,,train,-0.0249999999999999,-0.03403199
5483,2020_Townsend,CC(C)C[C@H]1C(=O)N(Cc2ccccc2)CC(=O)N2CCC[C@H]2C(=O)N[C@H](CC(C)C)C(=O)N[C@@H](Cc2ccccc2)C(=O)N2CCC[C@H]2C(=O)N[C@@H](C)C(=O)N1C,hepta_1906,5483,-5.98,7,7,Circle,0.204139,0.0888461,-43.9958,9.152,7.814,1.338,0.156928,0.0735852,8.61,7.302,1.308,100,50,train,train,test,train,train,train,train,train,train,train,,train,0.0099999999999997,-0.17934836
5474,2020_Townsend,CC(C)C[C@@H]1C(=O)N(C)[C@H](CC(C)C)C(=O)N2CCC[C@H]2C(=O)N(C)[C@H](CC(C)C)C(=O)N[C@@H](Cc2ccccc2)C(=O)N2CCC[C@H]2C(=O)N[C@@H](C)C(=O)N1C,hepta_1897,5474,-5.2,7,7,Circle,0.137476,0.042774,-28.3225,9.22,8.022,1.198,0.0860901,0.0505995,8.815,7.723,1.092,88,2,train,train,test,test,train,train,train,train,train,train,,train,0.3999999999999999,0.21675918
5472,2020_Townsend,CC(C)C[C@@H]1NC(=O)[C@@H]2CCCN2C(=O)[C@H](CC(C)C)NC(=O)CN(Cc2ccccc2)C(=O)[C@H](C)NC(=O)[C@@H]2CCCN2C(=O)[C@H](Cc2ccccc2)NC1=O,hepta_1895,5472,-6.27,7,7,Circle,0.143972,0.048464,-37.5882,8.924,7.681,1.243,0.125797,0.0403129,8.677,7.462,1.215,50,62,val,train,test,train,train,train,train,train,train,train,,val,-0.1349999999999998,-0.21567851
5466,2020_Townsend,CC(C)C[C@H]1C(=O)N[C@@H](Cc2ccccc2)C(=O)N2CCC[C@H]2C(=O)N[C@@H](C)C(=O)N[C@H](CC(C)C)C(=O)N(C)[C@@H](CC(C)C)C(=O)N2CCC[C@H]2C(=O)N1C,hepta_1889,5466,-5.51,7,7,Circle,0.196584,0.0850324,-31.5061,9.247,7.9,1.347,0.0837729,0.0330365,8.341,7.246,1.095,17,89,train,train,test,train,train,train,train,train,train,train,,train,0.2450000000000001,0.20318907
5441,2020_Townsend,CC(C)C[C@H]1C(=O)N2CCC[C@H]2C(=O)N[C@H](CC(C)C)C(=O)N[C@@H](Cc2ccccc2)C(=O)N2CCC[C@H]2C(=O)N[C@@H](C)C(=O)N[C@H](CC(C)C)C(=O)N1C,hepta_1864,5441,-5.81,7,7,Circle,0.147008,0.0618729,-27.5327,8.969,7.665,1.304,0.125809,0.0513201,8.434,7.159,1.275,41,65,train,train,test,val,val,train,train,train,train,val,,train,0.0950000000000002,-0.4503376
5423,2020_Townsend,CC(C)C[C@@H]1NC(=O)C[C@H](Cc2ccccc2)NC(=O)[C@@H]2CCCN2C(=O)[C@H](Cc2ccccc2)NC(=O)CN(Cc2ccccc2)C(=O)[C@H]2CCCN2C(=O)C[C@H](Cc2ccccc2)NC1=O,hepta_1846,5423,-10.0,7,7,Circle,0.183322,0.0458367,-30.5679,9.799,8.789,1.01,0.150146,0.0376353,9.946,8.98,0.966,7,94,train,train,test,train,train,train,train,test,train,test,,train,-1.0,0.17436755
5419,2020_Townsend,CC(C)C[C@@H]1C(=O)N[C@@H](Cc2ccccc2)CC(=O)N2CCC[C@@H]2C(=O)N(C)[C@H](CC(C)C)C(=O)N[C@@H](Cc2ccccc2)C(=O)N2CCC[C@H]2C(=O)N[C@@H](Cc2ccccc2)CC(=O)N1C,hepta_1842,5419,-5.69,7,7,Circle,0.230407,0.0770283,-27.2737,10.157,8.957,1.2,0.144998,0.0461226,9.899,8.96,0.939,8,97,train,val,test,train,train,val,train,train,train,test,,train,0.1549999999999998,-0.30972323
5414,2020_Townsend,CC(C)C[C@H]1NC(=O)C[C@H](Cc2ccccc2)NC(=O)[C@@H]2CCCN2C(=O)[C@H](Cc2ccccc2)NC(=O)CN(Cc2ccccc2)C(=O)[C@H]2CCCN2C(=O)CN(Cc2ccccc2)C1=O,hepta_1837,5414,-6.07,7,7,Circle,0.205802,0.0668043,-42.0013,9.911,8.64,1.271,0.169541,0.047338,9.575,8.329,1.246,71,81,train,train,test,train,test,train,train,val,train,train,,train,-0.0350000000000001,-0.6496598
5392,2020_Townsend,CC(C)C[C@H]1NC(=O)[C@H]2CCCN2C(=O)CN(Cc2ccccc2)C(=O)[C@@H](CC(C)C)N(C)C(=O)C[C@H](Cc2ccccc2)NC(=O)[C@@H]2CCCN2C(=O)[C@H](Cc2ccccc2)NC1=O,hepta_1815,5392,-5.82,7,7,Circle,0.15819,0.0513194,-42.2147,10.074,8.761,1.313,0.176359,0.0558678,9.944,8.791,1.153,91,61,train,val,test,train,val,test,train,val,train,test,,train,0.0899999999999998,-0.13492265
5369,2020_Townsend,CC(C)C[C@H]1NC(=O)[C@@H](CC(C)C)N(C)C(=O)C[C@H](Cc2ccccc2)NC(=O)[C@@H]2CCCN2C(=O)[C@H](Cc2ccccc2)NC(=O)[C@@H](CC(C)C)N(C)C(=O)[C@H]2CCCN2C1=O,hepta_1792,5369,-5.32,7,7,Circle,0.18333,0.0682489,-24.1085,9.883,8.634,1.249,0.156138,0.0498095,9.801,8.679,1.122,59,10,test,train,test,test,train,val,train,val,train,train,,test,0.3399999999999998,0.48499104
5362,2020_Townsend,CC(C)C[C@@H]1NC(=O)[C@@H](CC(C)C)N(C)C(=O)C[C@H](Cc2ccccc2)NC(=O)[C@@H]2CCCN2C(=O)[C@H](Cc2ccccc2)NC(=O)[C@@H](CC(C)C)NC(=O)[C@H]2CCCN2C1=O,hepta_1785,5362,-5.57,7,7,Circle,0.170789,0.0534546,-33.7617,9.999,8.704,1.295,0.123645,0.0452167,9.698,8.46,1.238,67,34,val,train,test,train,train,train,train,train,train,train,,val,0.2149999999999998,0.26032257
5348,2020_Townsend,CCCN1CC(=O)N(C)[C@@H](CC(C)C)C(=O)N[C@@H](Cc2ccccc2)CC(=O)N2CCC[C@H]2C(=O)N(Cc2ccccc2)CC(=O)N[C@@H](Cc2ccccc2)C(=O)N2CCC[C@H]2C1=O,hepta_1771,5348,-5.67,7,7,Circle,0.155654,0.0367637,-38.5555,9.743,8.349,1.394,0.125688,0.0437164,9.673,8.363,1.31,31,17,train,test,test,val,test,val,train,train,train,train,,train,0.165,0.17464192
5321,2020_Townsend,CCCN1CC(=O)N(Cc2ccccc2)CC(=O)N(C)[C@@H](CC(C)C)C(=O)N2CCC[C@H]2C(=O)N[C@@H](CC(C)C)C(=O)N[C@@H](Cc2ccccc2)C(=O)N2CCC[C@H]2C1=O,hepta_1744,5321,-5.69,7,7,Circle,0.153969,0.0547283,-32.0721,9.194,7.863,1.331,0.104396,0.0384262,8.971,7.775,1.196,26,73,test,train,test,train,train,test,train,train,train,train,,test,0.1549999999999998,-0.039282974
5318,2020_Townsend,CCCN1CC(=O)N(C)[C@@H](CC(C)C)C(=O)N[C@H](CC(C)C)C(=O)N2CCC[C@H]2C(=O)N(Cc2ccccc2)CC(=O)N[C@@H](Cc2ccccc2)C(=O)N2CCC[C@H]2C1=O,hepta_1741,5318,-5.3,7,7,Circle,0.170365,0.0436135,-44.8271,10.196,8.982,1.214,0.147977,0.0407351,9.863,8.72,1.143,45,10,test,train,test,train,train,val,val,train,train,test,,test,0.3500000000000001,0.23796338
5312,2020_Townsend,CCCN1CC(=O)N(C)[C@@H](CC(C)C)C(=O)N(C)[C@H](CC(C)C)C(=O)N2CCC[C@H]2C(=O)N(C)[C@@H](CC(C)C)C(=O)N[C@@H](Cc2ccccc2)C(=O)N2CCC[C@H]2C1=O,hepta_1735,5312,-5.04,7,7,Circle,0.169563,0.0712918,-39.2197,9.24,8.02,1.22,0.105228,0.0369962,9.352,8.253,1.099,57,6,train,train,test,train,train,train,train,train,train,train,,train,0.48,0.60723823
5304,2020_Townsend,CCCN1CC(=O)N[C@@H](CC(C)C)C(=O)N[C@@H](CC(C)C)C(=O)N2CCC[C@H]2C(=O)N(Cc2ccccc2)CC(=O)N[C@@H](Cc2ccccc2)C(=O)N2CCC[C@H]2C1=O,hepta_1727,5304,-5.65,7,7,Circle,0.138589,0.039347,-50.0384,8.94,7.475,1.465,0.239677,0.123344,9.131,7.725,1.406,13,11,train,train,test,train,val,train,train,train,test,train,,train,0.1749999999999998,0.05489294
5301,2020_Townsend,CCCN1CC(=O)N[C@@H](CC(C)C)C(=O)N(Cc2ccccc2)CC(=O)N2CCC[C@H]2C(=O)N[C@H](CC(C)C)C(=O)N[C@@H](Cc2ccccc2)C(=O)N2CCC[C@H]2C1=O,hepta_1724,5301,-5.95,7,7,Circle,0.219658,0.0891924,-43.829,9.735,8.376,1.359,0.213726,0.110219,8.928,7.779,1.149,13,91,train,train,test,train,train,train,train,train,train,train,,train,0.0249999999999999,-0.027271818
5285,2020_Townsend,CCCN1CC(=O)N(C)[C@H](CC(C)C)C(=O)N(C)[C@H](CC(C)C)C(=O)N2CCC[C@H]2C(=O)N[C@@H](CC(C)C)C(=O)N[C@@H](Cc2ccccc2)C(=O)N2CCC[C@H]2C1=O,hepta_1708,5285,-10.0,7,7,Circle,0.112889,0.0385151,-22.4211,9.177,7.913,1.264,0.11127,0.035226,9.144,7.885,1.259,100,62,train,train,test,train,train,train,train,train,train,train,,train,-1.0,0.3486065
5280,2020_Townsend,CCCN1CC(=O)N[C@@H](CC(C)C)C(=O)N[C@@H](CC(C)C)C(=O)N2CCC[C@H]2C(=O)N(C)[C@@H](CC(C)C)C(=O)N[C@@H](Cc2ccccc2)C(=O)N2CCC[C@H]2C1=O,hepta_1703,5280,-5.78,7,7,Circle,0.12387,0.0505824,-34.2323,8.868,7.504,1.364,0.101932,0.0373704,9.074,7.889,1.185,38,46,train,train,test,train,train,train,train,train,train,train,,train,0.1099999999999998,0.18877593
5261,2020_Townsend,CCCN1CC(=O)N[C@H](CC(C)C)C(=O)N[C@@H](CC(C)C)C(=O)N2CCC[C@H]2C(=O)N[C@H](CC(C)C)C(=O)N[C@@H](Cc2ccccc2)C(=O)N2CCC[C@H]2C1=O,hepta_1684,5261,-10.0,7,7,Circle,0.117398,0.0532739,-23.997,9.064,7.714,1.35,0.142023,0.0610985,8.723,7.655,1.068,18,4,train,train,test,test,train,train,train,train,train,train,,train,-1.0,-0.22103876
5232,2020_Townsend,CC(C)C[C@@H]1NC(=O)[C@@H]2CCCN2C(=O)CN(Cc2ccccc2)C(=O)[C@@H](CC(C)C)N(C)C(=O)C[C@H](Cc2ccccc2)NC(=O)[C@@H]2CCCN2C(=O)[C@H](Cc2ccccc2)NC1=O,hepta_1655,5232,-5.25,7,7,Circle,0.203547,0.0824127,-41.3094,10.057,8.775,1.282,0.160567,0.0414862,10.378,9.158,1.22,90,57,train,val,test,train,train,train,train,train,train,train,,train,0.375,-0.1401588
5218,2020_Townsend,CC(C)C[C@@H]1NC(=O)C[C@H](Cc2ccccc2)NC(=O)[C@@H]2CCCN2C(=O)[C@H](Cc2ccccc2)NC(=O)[C@H](CC(C)C)N(C)C(=O)[C@@H]2CCCN2C(=O)[C@H](CC(C)C)N(C)C1=O,hepta_1641,5218,-5.28,7,7,Circle,0.116171,0.0445362,-36.1039,10.282,8.998,1.284,0.312891,0.170613,9.508,8.548,0.96,77,75,train,train,test,train,test,train,train,test,test,train,,train,0.3599999999999999,0.3785835
5213,2020_Townsend,CC(C)C[C@@H]1NC(=O)CN(Cc2ccccc2)C(=O)C[C@H](Cc2ccccc2)NC(=O)[C@@H]2CCCN2C(=O)[C@H](Cc2ccccc2)NC(=O)[C@@H](CC(C)C)NC(=O)[C@@H]2CCCN2C1=O,hepta_1636,5213,-6.02,7,7,Circle,0.176759,0.0436733,-44.6454,9.811,8.409,1.402,0.174005,0.0553418,9.531,8.324,1.207,53,41,train,train,test,test,train,train,train,train,train,train,,train,-0.0099999999999997,0.12902117
5210,2020_Townsend,CC(C)C[C@@H]1NC(=O)C[C@H](Cc2ccccc2)NC(=O)[C@@H]2CCCN2C(=O)[C@H](Cc2ccccc2)NC(=O)[C@H](CC(C)C)N(C)C(=O)[C@@H]2CCCN2C(=O)[C@@H](CC(C)C)N(C)C1=O,hepta_1633,5210,-5.17,7,7,Circle,0.223197,0.0886742,-21.5839,9.357,8.15,1.207,0.130898,0.0511434,9.567,8.397,1.17,19,41,train,train,test,train,train,test,train,train,train,train,,train,0.415,0.4225934
5198,2020_Townsend,CC(C)C[C@@H]1NC(=O)C[C@H](Cc2ccccc2)NC(=O)[C@@H]2CCCN2C(=O)[C@H](Cc2ccccc2)NC(=O)[C@H](CC(C)C)N(C)C(=O)[C@@H]2CCCN2C(=O)[C@H](CC(C)C)NC1=O,hepta_1621,5198,-5.57,7,7,Circle,0.18849,0.0722821,-39.3123,9.853,8.369,1.484,0.104137,0.040323,9.202,8.047,1.155,91,32,train,test,test,train,train,train,val,train,train,train,,train,0.2149999999999998,0.14940126
5197,2020_Townsend,CC(C)C[C@@H]1NC(=O)[C@@H]2CCCN2C(=O)[C@H](CC(C)C)N(C)C(=O)[C@H](CC(C)C)NC(=O)C[C@H](Cc2ccccc2)NC(=O)[C@@H]2CCCN2C(=O)[C@H](Cc2ccccc2)NC1=O,hepta_1620,5197,-6.3,7,7,Circle,0.168364,0.067162,-24.6658,10.163,8.836,1.327,0.148214,0.0504807,9.955,8.766,1.189,90,37,train,train,test,test,train,train,train,test,train,train,,train,-0.1499999999999999,0.17730951
5194,2020_Townsend,CC(C)C[C@@H]1NC(=O)[C@@H](CC(C)C)NC(=O)C[C@H](Cc2ccccc2)NC(=O)[C@@H]2CCCN2C(=O)[C@H](Cc2ccccc2)NC(=O)[C@H](CC(C)C)N(C)C(=O)[C@@H]2CCCN2C1=O,hepta_1617,5194,-5.65,7,7,Circle,0.164895,0.0531851,-23.8669,9.774,8.734,1.04,0.117481,0.0435607,9.646,8.402,1.244,66,83,train,train,test,train,train,train,train,train,train,train,,train,0.1749999999999998,0.26336563
5183,2020_Townsend,CC(C)C[C@H]1NC(=O)[C@@H]2CCCN2C(=O)[C@@H](CC(C)C)NC(=O)[C@@H](CC(C)C)N(C)C(=O)C[C@H](Cc2ccccc2)NC(=O)[C@@H]2CCCN2C(=O)[C@H](Cc2ccccc2)NC1=O,hepta_1606,5183,-5.49,7,7,Circle,0.138837,0.05408,-31.2807,9.867,8.492,1.375,0.181583,0.054832,10.032,8.684,1.348,22,6,train,test,test,train,train,train,train,train,train,train,,train,0.2549999999999999,0.3014683
5179,2020_Townsend,CC(C)C[C@@H]1NC(=O)[C@@H]2CCCN2C(=O)[C@H](CC(C)C)NC(=O)[C@@H](CC(C)C)NC(=O)C[C@H](Cc2ccccc2)NC(=O)[C@@H]2CCCN2C(=O)[C@H](Cc2ccccc2)NC1=O,hepta_1602,5179,-5.61,7,7,Circle,0.179343,0.0575117,-29.6714,9.766,8.542,1.224,0.141129,0.0356481,9.649,8.482,1.167,22,48,train,train,test,val,train,val,train,train,train,train,,train,0.1949999999999998,0.19829503
5177,2020_Townsend,CC(C)C[C@@H]1NC(=O)[C@@H](CC(C)C)NC(=O)C[C@H](Cc2ccccc2)NC(=O)[C@@H]2CCCN2C(=O)[C@H](Cc2ccccc2)NC(=O)[C@@H](CC(C)C)NC(=O)[C@@H]2CCCN2C1=O,hepta_1600,5177,-5.81,7,7,Circle,0.179083,0.062732,-29.2286,9.386,8.163,1.223,0.140637,0.0335571,9.17,8.065,1.105,52,87,val,train,test,train,val,train,test,train,val,train,,val,0.0950000000000002,0.008879099
5170,2020_Townsend,CCCN1CC(=O)N(Cc2ccccc2)CC(=O)N(Cc2ccccc2)CC(=O)N2CCC[C@@H]2C(=O)N(C)[C@H](CC(C)C)C(=O)N[C@@H](Cc2ccccc2)C(=O)N2CCC[C@@H]2C1=O,hepta_1593,5170,-5.87,7,7,Circle,0.202772,0.062784,-45.4615,9.871,8.614,1.257,0.202712,0.0713176,9.352,8.13,1.222,14,43,test,train,test,train,val,val,train,train,train,val,,test,0.0649999999999999,-0.05832876
5153,2020_Townsend,CCCN1CC(=O)N[C@H](CC(C)C)C(=O)N[C@@H](Cc2ccccc2)CC(=O)N2CCC[C@@H]2C(=O)N(C)[C@H](CC(C)C)C(=O)N[C@@H](Cc2ccccc2)C(=O)N2CCC[C@@H]2C1=O,hepta_1576,5153,-5.48,7,7,Circle,0.208411,0.0876859,-22.707,9.392,8.297,1.095,0.169643,0.0625948,9.772,8.552,1.22,13,62,train,train,test,test,train,train,train,test,train,train,,train,0.2599999999999998,0.26732007
5130,2020_Townsend,CCCN1CC(=O)N(C)[C@H](CC(C)C)C(=O)N(C)[C@@H](CC(C)C)C(=O)N2CCC[C@@H]2C(=O)N(C)[C@H](CC(C)C)C(=O)N[C@@H](Cc2ccccc2)C(=O)N2CCC[C@@H]2C1=O,hepta_1553,5130,-4.91,7,7,Circle,0.134521,0.048791,-36.8049,9.637,8.434,1.203,0.132274,0.0404965,9.247,8.271,0.976,78,53,train,train,test,train,train,test,train,train,val,train,,train,0.5449999999999999,0.49079567
5126,2020_Townsend,CCCN1CC(=O)N[C@@H](CC(C)C)C(=O)N[C@@H](CC(C)C)C(=O)N2CCC[C@@H]2C(=O)N(Cc2ccccc2)CC(=O)N[C@@H](Cc2ccccc2)C(=O)N2CCC[C@@H]2C1=O,hepta_1549,5126,-5.75,7,7,Circle,0.216045,0.0788831,-31.5386,9.484,8.236,1.248,0.216589,0.104421,9.14,7.964,1.176,11,43,train,train,test,train,train,train,test,train,train,test,,train,0.125,0.33654666
5106,2020_Townsend,CCCN1CC(=O)N(C)[C@H](CC(C)C)C(=O)N(C)[C@H](CC(C)C)C(=O)N2CCC[C@@H]2C(=O)N[C@H](CC(C)C)C(=O)N[C@@H](Cc2ccccc2)C(=O)N2CCC[C@@H]2C1=O,hepta_1529,5106,-4.89,7,7,Circle,0.15618,0.0437531,-23.4965,9.289,7.997,1.292,0.169647,0.0586576,9.125,7.892,1.233,39,30,val,train,test,train,train,train,train,train,train,train,,val,0.5550000000000002,0.33351427
5101,2020_Townsend,CCCN1CC(=O)N(C)[C@@H](CC(C)C)C(=O)N[C@@H](CC(C)C)C(=O)N2CCC[C@@H]2C(=O)N[C@@H](CC(C)C)C(=O)N[C@@H](Cc2ccccc2)C(=O)N2CCC[C@@H]2C1=O,hepta_1524,5101,-5.81,7,7,Circle,0.164488,0.0642247,-30.8208,9.363,8.275,1.088,0.105935,0.0446896,9.19,8.077,1.113,45,8,train,train,test,val,train,train,train,train,train,train,,train,0.0950000000000002,0.32780507
5093,2020_Townsend,CCCN1CC(=O)N[C@H](CC(C)C)C(=O)N[C@@H](CC(C)C)C(=O)N2CCC[C@@H]2C(=O)N(C)[C@H](CC(C)C)C(=O)N[C@@H](Cc2ccccc2)C(=O)N2CCC[C@@H]2C1=O,hepta_1516,5093,-5.17,7,7,Circle,0.122916,0.0595313,-27.8001,9.247,8.024,1.223,0.0894981,0.0330904,9.026,7.964,1.062,4,56,train,train,test,train,train,train,train,train,train,train,,train,0.415,0.24807923
5073,2020_Townsend,CC(C)C[C@H]1C(=O)N[C@@H](Cc2ccccc2)CC(=O)N2CCC[C@@H]2C(=O)N(C)[C@H](CC(C)C)C(=O)N[C@@H](Cc2ccccc2)C(=O)N2CCC[C@@H]2C(=O)N[C@@H](Cc2ccccc2)CC(=O)N1C,hepta_1496,5073,-5.55,7,7,Circle,0.307874,0.153099,-26.0616,10.113,8.829,1.284,0.128244,0.060791,10.076,8.866,1.21,15,30,train,test,test,val,train,train,train,train,test,val,,train,0.2250000000000001,0.21710522
5069,2020_Townsend,CC(C)C[C@H]1C(=O)N(C)[C@@H](CC(C)C)C(=O)N2CCC[C@@H]2C(=O)N(Cc2ccccc2)CC(=O)N[C@@H](Cc2ccccc2)C(=O)N2CCC[C@@H]2C(=O)N[C@@H](Cc2ccccc2)CC(=O)N1C,hepta_1492,5069,-5.14,7,7,Circle,0.206466,0.0762454,-30.706,10.222,8.97,1.252,0.15601,0.0491283,10.155,9.022,1.133,23,35,train,train,test,train,train,train,train,train,val,train,,train,0.4300000000000001,0.2945127
5061,2020_Townsend,CC(C)C[C@H]1NC(=O)C[C@H](Cc2ccccc2)NC(=O)[C@H]2CCCN2C(=O)[C@H](Cc2ccccc2)NC(=O)[C@@H](CC(C)C)N(C)C(=O)[C@H]2CCCN2C(=O)C[C@H](Cc2ccccc2)NC1=O,hepta_1484,5061,-5.86,7,7,Circle,0.177149,0.0515651,-31.6049,9.813,8.593,1.22,0.165808,0.065512,10.056,8.912,1.144,68,49,test,train,test,val,train,train,train,val,train,train,,test,0.0699999999999998,0.2083912
5059,2020_Townsend,CC(C)C[C@@H]1NC(=O)C[C@H](Cc2ccccc2)NC(=O)[C@H]2CCCN2C(=O)[C@H](Cc2ccccc2)NC(=O)CN(Cc2ccccc2)C(=O)[C@H]2CCCN2C(=O)[C@H](CC(C)C)N(C)C1=O,hepta_1482,5059,-5.92,7,7,Circle,0.175244,0.0608467,-33.0027,10.155,8.801,1.354,0.15029,0.048896,9.891,8.774,1.117,18,65,train,val,test,test,val,train,train,train,train,train,,train,0.04,0.13712628
5047,2020_Townsend,CC(C)C[C@H]1NC(=O)[C@@H](CC(C)C)N(C)C(=O)C[C@H](Cc2ccccc2)NC(=O)[C@H]2CCCN2C(=O)[C@H](Cc2ccccc2)NC(=O)CN(Cc2ccccc2)C(=O)[C@H]2CCCN2C1=O,hepta_1470,5047,-5.91,7,7,Circle,0.180768,0.0574616,-42.5791,10.36,8.997,1.363,0.148749,0.0444508,9.989,8.762,1.227,75,41,train,test,test,train,test,train,train,train,train,train,,train,0.0449999999999999,-0.08664733
5013,2020_Townsend,CC(C)C[C@H]1C(=O)N2CCC[C@@H]2C(=O)N[C@H](CC(C)C)C(=O)N[C@@H](Cc2ccccc2)C(=O)N2CCC[C@@H]2C(=O)N[C@@H](Cc2ccccc2)CC(=O)N[C@H](CC(C)C)C(=O)N1C,hepta_1436,5013,-5.69,7,7,Circle,0.169091,0.0516055,-31.765,10.035,8.631,1.404,0.151203,0.0520412,9.612,8.423,1.189,81,88,train,test,test,train,train,train,test,val,train,train,,train,0.1549999999999998,0.3536554
4996,2020_Townsend,O=C1CN(Cc2ccccc2)C(=O)C[C@H](Cc2ccccc2)NC(=O)[C@H]2CCCN2C(=O)[C@H](Cc2ccccc2)NC(=O)CN(Cc2ccccc2)C(=O)[C@@H]2CCCN2C(=O)C[C@H](Cc2ccccc2)N1,hepta_1419,4996,-6.09,7,7,Circle,0.242018,0.0912443,-35.1516,10.238,8.943,1.295,0.171674,0.0533804,10.352,9.125,1.227,62,53,train,train,test,test,train,train,train,train,train,test,,train,-0.0449999999999999,-0.007948715
4984,2020_Townsend,CC(C)C[C@@H]1NC(=O)[C@@H]2CCCN2C(=O)CN(Cc2ccccc2)C(=O)CN(Cc2ccccc2)C(=O)C[C@H](Cc2ccccc2)NC(=O)[C@H]2CCCN2C(=O)[C@H](Cc2ccccc2)NC1=O,hepta_1407,4984,-6.31,7,7,Circle,0.218094,0.0810612,-37.5449,9.931,8.641,1.29,0.181238,0.0642377,10.026,8.732,1.294,47,71,train,train,test,test,train,train,train,train,val,train,,train,-0.1549999999999998,-0.23290372
4977,2020_Townsend,CC(C)C[C@H]1C(=O)N(Cc2ccccc2)CC(=O)N2CCC[C@H]2C(=O)N(C)[C@H](CC(C)C)C(=O)N[C@@H](Cc2ccccc2)C(=O)N2CCC[C@@H]2C(=O)N[C@@H](Cc2ccccc2)CC(=O)N1C,hepta_1400,4977,-5.43,7,7,Circle,0.15313,0.0494491,-26.9057,9.892,8.753,1.139,0.201175,0.0728148,9.669,8.481,1.188,97,34,train,train,test,train,train,train,train,train,test,train,,train,0.2850000000000001,0.18401451
4941,2020_Townsend,CC(C)C[C@@H]1NC(=O)C[C@H](Cc2ccccc2)NC(=O)[C@H]2CCCN2C(=O)[C@H](Cc2ccccc2)NC(=O)CN(Cc2ccccc2)C(=O)[C@@H]2CCCN2C(=O)[C@@H](CC(C)C)NC1=O,hepta_1364,4941,-5.85,7,7,Circle,0.255468,0.0853804,-27.8004,9.758,8.47,1.288,0.162891,0.0500048,9.546,8.347,1.199,38,42,train,test,test,train,test,val,train,train,test,train,,train,0.0750000000000001,0.015805665
4905,2020_Townsend,CC(C)C[C@@H]1NC(=O)C[C@H](Cc2ccccc2)NC(=O)[C@H]2CCCN2C(=O)[C@H](Cc2ccccc2)NC(=O)[C@H](CC(C)C)NC(=O)[C@@H]2CCCN2C(=O)[C@H](CC(C)C)NC1=O,hepta_1328,4905,-5.71,7,7,Circle,0.225784,0.0809651,-35.0239,9.748,8.326,1.422,0.187076,0.0691544,9.641,8.199,1.442,55,11,train,test,test,train,train,test,train,train,test,test,,train,0.145,-0.08639383
4891,2020_Townsend,CC(C)C[C@H]1NC(=O)[C@@H](C)N(C)C(=O)[C@@H]2CCCN2C(=O)[C@H](Cc2ccccc2)NC(=O)CN(Cc2ccccc2)C(=O)[C@H]2CCCN2C(=O)C[C@H](Cc2ccccc2)NC1=O,hepta_1314,4891,-6.45,7,7,Circle,0.177688,0.0611878,-22.7406,8.524,7.317,1.207,0.148931,0.0462574,9.457,8.296,1.161,60,29,train,train,test,val,train,train,train,train,train,train,,train,-0.2250000000000001,-1.0871589
4889,2020_Townsend,CC(C)C[C@H]1C(=O)N[C@@H](Cc2ccccc2)CC(=O)N2CCC[C@@H]2C(=O)N(C)[C@H](CC(C)C)C(=O)N[C@@H](Cc2ccccc2)C(=O)N2CCC[C@H]2C(=O)N(C)[C@H](C)C(=O)N1C,hepta_1312,4889,-5.76,7,7,Circle,0.159956,0.061824,-26.4867,9.615,8.549,1.066,0.153728,0.0655624,9.473,8.449,1.024,60,38,train,val,test,val,train,train,train,train,train,test,,train,0.1200000000000001,0.19932745
4881,2020_Townsend,CC(C)C[C@H]1C(=O)N[C@@H](Cc2ccccc2)C(=O)N2CCC[C@H]2C(=O)N(C)[C@H](C)C(=O)N(C)[C@H](CC(C)C)C(=O)N(Cc2ccccc2)CC(=O)N2CCC[C@@H]2C(=O)N1C,hepta_1304,4881,-5.25,7,7,Circle,0.105418,0.0364337,-28.7662,8.981,7.82,1.161,0.136958,0.0549394,9.152,8.118,1.034,53,33,train,train,test,test,test,train,test,train,train,val,,train,0.375,0.11363824
4852,2020_Townsend,CC(C)C[C@@H]1NC(=O)[C@@H](C)N(C)C(=O)[C@@H]2CCCN2C(=O)[C@H](Cc2ccccc2)NC(=O)CN(Cc2ccccc2)C(=O)[C@H]2CCCN2C(=O)[C@H](CC(C)C)NC1=O,hepta_1275,4852,-5.95,7,7,Circle,0.12333,0.0454095,-30.9371,8.623,7.38,1.243,0.135068,0.0385833,8.699,7.684,1.015,79,69,train,train,test,train,test,train,train,val,train,train,,train,0.0249999999999999,0.04307684
4850,2020_Townsend,CC(C)C[C@@H]1NC(=O)[C@@H](C)N(C)C(=O)[C@@H]2CCCN2C(=O)[C@H](Cc2ccccc2)NC(=O)[C@H](CC(C)C)N(C)C(=O)[C@H]2CCCN2C(=O)[C@H](CC(C)C)N(C)C1=O,hepta_1273,4850,-5.13,7,7,Circle,0.215238,0.0878439,-28.9401,9.326,8.179,1.147,0.169126,0.076328,9.246,8.164,1.082,3,18,train,train,test,train,test,train,train,train,train,train,,train,0.435,0.29971367
4820,2020_Townsend,CC(C)C[C@H]1NC(=O)[C@@H](C)N(C)C(=O)[C@@H]2CCCN2C(=O)[C@H](Cc2ccccc2)NC(=O)[C@@H](CC(C)C)N(C)C(=O)[C@H]2CCCN2C(=O)[C@@H](CC(C)C)NC1=O,hepta_1243,4820,-5.42,7,7,Circle,0.103026,0.0467987,-25.9284,8.774,7.505,1.269,0.0988601,0.0400865,8.818,7.624,1.194,90,62,train,val,test,val,train,train,train,train,train,train,,train,0.29,-0.0027813576
4813,2020_Townsend,CC(C)C[C@H]1NC(=O)[C@@H](C)N(C)C(=O)[C@@H]2CCCN2C(=O)[C@H](Cc2ccccc2)NC(=O)[C@@H](CC(C)C)NC(=O)[C@H]2CCCN2C(=O)[C@@H](CC(C)C)NC1=O,hepta_1236,4813,-6.53,7,7,Circle,0.15498,0.063832,-24.2362,8.746,7.445,1.301,0.133506,0.0585494,8.721,7.438,1.283,93,100,train,train,test,train,test,train,train,train,train,train,,train,-0.2650000000000001,0.19065188
4812,2020_Townsend,C[C@@H]1C(=O)N(Cc2ccccc2)CC(=O)N[C@@H](Cc2ccccc2)CC(=O)N2CCC[C@H]2C(=O)N(Cc2ccccc2)CC(=O)N[C@@H](Cc2ccccc2)C(=O)N2CCC[C@H]2C(=O)N1C,hepta_1235,4812,-6.42,7,7,Circle,0.157832,0.0448466,-38.0466,9.344,8.001,1.343,0.152876,0.0441827,9.626,8.395,1.231,12,24,train,val,test,train,train,train,train,test,test,train,,train,-0.2099999999999999,-0.23689461
4791,2020_Townsend,CC(C)C[C@H]1C(=O)N(C)[C@H](CC(C)C)C(=O)N2CCC[C@H]2C(=O)N(Cc2ccccc2)CC(=O)N[C@@H](Cc2ccccc2)C(=O)N2CCC[C@H]2C(=O)N(C)[C@H](C)C(=O)N1C,hepta_1214,4791,-5.68,7,7,Circle,0.157466,0.0466375,-33.2716,9.374,8.314,1.06,0.127064,0.0380934,9.276,8.152,1.124,63,82,train,train,test,train,train,train,train,train,train,train,,train,0.1600000000000001,0.19345963
4785,2020_Townsend,CC(C)C[C@@H]1NC(=O)[C@@H]2CCCN2C(=O)CN(Cc2ccccc2)C(=O)[C@H](CC(C)C)N(C)C(=O)[C@@H](C)N(C)C(=O)[C@@H]2CCCN2C(=O)[C@H](Cc2ccccc2)NC1=O,hepta_1208,4785,-5.67,7,7,Circle,0.132451,0.047474,-33.2023,9.179,8.007,1.172,0.146338,0.0403485,8.965,7.901,1.064,59,70,train,train,test,train,val,val,train,train,train,train,,train,0.165,-0.33308288
4776,2020_Townsend,CC(C)C[C@@H]1NC(=O)[C@@H]2CCCN2C(=O)CN(Cc2ccccc2)C(=O)[C@@H](CC(C)C)N(C)C(=O)[C@@H](C)N(C)C(=O)[C@@H]2CCCN2C(=O)[C@H](Cc2ccccc2)NC1=O,hepta_1199,4776,-6.71,7,7,Circle,0.139907,0.0463367,-31.9068,9.276,8.048,1.228,0.132159,0.038785,9.052,7.772,1.28,28,54,test,train,test,train,train,val,test,test,train,test,,test,-0.355,-0.8161859
4767,2020_Townsend,CC(C)C[C@H]1NC(=O)[C@@H]2CCCN2C(=O)CN(Cc2ccccc2)C(=O)[C@@H](CC(C)C)N(C)C(=O)[C@@H](C)N(C)C(=O)[C@@H]2CCCN2C(=O)[C@H](Cc2ccccc2)NC1=O,hepta_1190,4767,-7.21,7,7,Circle,0.169685,0.0688811,-36.1562,9.787,8.577,1.21,0.138334,0.0377743,8.67,7.56,1.11,96,92,train,train,test,train,train,train,train,train,train,val,,train,-0.605,-0.06905776
4765,2020_Townsend,CC(C)C[C@H]1C(=O)N(C)[C@H](CC(C)C)C(=O)N2CCC[C@H]2C(=O)N(C)[C@H](CC(C)C)C(=O)N[C@@H](Cc2ccccc2)C(=O)N2CCC[C@H]2C(=O)N(C)[C@H](C)C(=O)N1C,hepta_1188,4765,-5.46,7,7,Circle,0.099694,0.0406201,-23.6166,9.288,8.186,1.102,0.100943,0.0357982,9.01,8.214,0.796,71,35,train,train,test,train,train,train,test,val,train,train,,train,0.27,0.3345437
4764,2020_Townsend,CC(C)C[C@H]1C(=O)N2CCC[C@H]2C(=O)N(C)[C@H](CC(C)C)C(=O)N[C@@H](Cc2ccccc2)C(=O)N2CCC[C@H]2C(=O)N(C)[C@H](C)C(=O)N(C)[C@H](CC(C)C)C(=O)N1C,hepta_1187,4764,-5.83,7,7,Circle,0.13935,0.0384763,-27.0629,9.469,8.361,1.108,0.126612,0.0344246,9.312,8.36,0.952,26,18,train,train,test,train,train,train,test,train,val,train,,train,0.0849999999999999,0.25534263
4759,2020_Townsend,CC(C)C[C@@H]1NC(=O)[C@@H](C)N(C)C(=O)[C@@H]2CCCN2C(=O)[C@H](Cc2ccccc2)NC(=O)[C@H](CC(C)C)N(C)C(=O)[C@@H]2CCCN2C(=O)[C@H](CC(C)C)N(C)C1=O,hepta_1182,4759,-5.42,7,7,Circle,0.130135,0.0543611,-28.18,9.251,8.112,1.139,0.11586,0.0474338,9.168,8.187,0.981,6,100,val,test,test,train,train,train,train,train,train,val,,val,0.29,0.123781145
4747,2020_Townsend,CC(C)C[C@H]1C(=O)N2CCC[C@H]2C(=O)N[C@H](CC(C)C)C(=O)N[C@@H](Cc2ccccc2)C(=O)N2CCC[C@H]2C(=O)N(C)[C@H](C)C(=O)N(C)[C@H](CC(C)C)C(=O)N1C,hepta_1170,4747,-6.82,7,7,Circle,0.121682,0.0396585,-34.3141,9.31,8.146,1.164,0.128429,0.049125,9.184,7.872,1.312,70,6,val,train,test,val,train,val,train,train,train,test,,val,-0.4100000000000001,-0.22394001
4744,2020_Townsend,CC(C)C[C@H]1C(=O)N2CCC[C@H]2C(=O)N(C)[C@H](CC(C)C)C(=O)N[C@@H](Cc2ccccc2)C(=O)N2CCC[C@H]2C(=O)N(C)[C@H](C)C(=O)N[C@H](CC(C)C)C(=O)N1C,hepta_1167,4744,-5.59,7,7,Circle,0.0958167,0.0415822,-42.4941,9.547,8.319,1.228,0.103683,0.0480358,9.008,8.142,0.866,99,84,train,train,test,train,train,train,train,val,train,train,,train,0.205,0.18036275
4740,2020_Townsend,CC(C)C[C@H]1NC(=O)[C@@H]2CCCN2C(=O)[C@@H](CC(C)C)N(C)C(=O)[C@@H](CC(C)C)N(C)C(=O)[C@@H](C)N(C)C(=O)[C@@H]2CCCN2C(=O)[C@H](Cc2ccccc2)NC1=O,hepta_1163,4740,-5.1,7,7,Circle,0.139326,0.0393718,-24.9082,9.287,8.086,1.201,0.140144,0.0539698,8.992,7.892,1.1,95,11,train,train,test,train,train,val,train,test,train,train,,train,0.4500000000000002,0.28667378
4738,2020_Townsend,CC(C)C[C@@H]1NC(=O)[C@@H](C)N(C)C(=O)[C@@H]2CCCN2C(=O)[C@H](Cc2ccccc2)NC(=O)[C@H](CC(C)C)N(C)C(=O)[C@@H]2CCCN2C(=O)[C@H](CC(C)C)NC1=O,hepta_1161,4738,-5.98,7,7,Circle,0.144164,0.0576703,-31.5215,8.88,7.68,1.2,0.126031,0.0404778,8.744,7.694,1.05,72,21,train,train,test,train,train,test,val,train,val,train,,train,0.0099999999999997,0.141135
4737,2020_Townsend,CC(C)C[C@@H]1NC(=O)[C@@H]2CCCN2C(=O)[C@H](CC(C)C)N(C)C(=O)[C@H](CC(C)C)NC(=O)[C@@H](C)N(C)C(=O)[C@@H]2CCCN2C(=O)[C@H](Cc2ccccc2)NC1=O,hepta_1160,4737,-6.54,7,7,Circle,0.133905,0.0498934,-25.5921,9.514,8.302,1.212,0.130776,0.0382163,8.58,7.647,0.933,17,55,train,train,test,val,train,train,val,train,train,val,,train,-0.27,-0.015646037
4728,2020_Townsend,CC(C)C[C@@H]1NC(=O)[C@@H](CC(C)C)NC(=O)[C@@H](C)N(C)C(=O)[C@@H]2CCCN2C(=O)[C@H](Cc2ccccc2)NC(=O)[C@@H](CC(C)C)N(C)C(=O)[C@@H]2CCCN2C1=O,hepta_1151,4728,-5.79,7,7,Circle,0.132926,0.0495199,-23.9886,9.039,7.808,1.231,0.0868294,0.0346358,9.001,7.81,1.191,36,80,test,train,test,val,train,train,train,train,train,train,,test,0.1049999999999999,0.09040907
4701,2020_Townsend,CC(C)C[C@H]1C(=O)N2CCC[C@H]2C(=O)N(Cc2ccccc2)CC(=O)N[C@@H](Cc2ccccc2)C(=O)N2CCC[C@H]2C(=O)N(C)[C@@H](C)C(=O)N(C)[C@H](CC(C)C)C(=O)N1C,hepta_1124,4701,-5.81,7,7,Circle,0.247541,0.133652,-34.6813,9.497,8.343,1.154,0.14364,0.0408128,9.341,8.187,1.154,29,65,val,train,test,train,train,train,test,train,test,train,,val,0.0950000000000002,0.29367206
4683,2020_Townsend,CC(C)C[C@@H]1NC(=O)[C@@H]2CCCN2C(=O)CN(Cc2ccccc2)C(=O)[C@@H](CC(C)C)N(C)C(=O)[C@H](C)N(C)C(=O)[C@@H]2CCCN2C(=O)[C@H](Cc2ccccc2)NC1=O,hepta_1106,4683,-10.0,7,7,Circle,0.121569,0.0443261,-33.0872,9.211,7.965,1.246,0.135894,0.0474692,9.242,8.041,1.201,99,5,train,train,test,train,train,train,val,val,train,train,,train,-1.0,-0.6652581
4661,2020_Townsend,CC(C)C[C@@H]1NC(=O)[C@@H]2CCCN2C(=O)[C@H](CC(C)C)N(C)C(=O)[C@@H](CC(C)C)N(C)C(=O)[C@H](C)N(C)C(=O)[C@@H]2CCCN2C(=O)[C@H](Cc2ccccc2)NC1=O,hepta_1084,4661,-6.41,7,7,Circle,0.111681,0.042869,-25.5184,9.226,8.135,1.091,0.131749,0.041086,9.158,8.054,1.104,49,2,train,train,test,train,test,train,val,train,train,train,,train,-0.205,-0.22768918
4637,2020_Townsend,CC(C)C[C@H]1C(=O)N2CCC[C@H]2C(=O)N[C@H](CC(C)C)C(=O)N[C@@H](Cc2ccccc2)C(=O)N2CCC[C@H]2C(=O)N(C)[C@@H](C)C(=O)N[C@H](CC(C)C)C(=O)N1C,hepta_1060,4637,-6.38,7,7,Circle,0.133541,0.0461425,-32.0056,9.107,7.785,1.322,0.0980916,0.039155,8.761,7.518,1.243,49,16,train,test,test,test,train,train,train,train,train,test,,train,-0.1899999999999999,0.026803285
4621,2020_Townsend,CC(C)C[C@H]1C(=O)N(Cc2ccccc2)CC(=O)N2CCC[C@@H]2C(=O)N(C)[C@@H](CC(C)C)C(=O)N[C@@H](Cc2ccccc2)C(=O)N2CCC[C@H]2C(=O)N[C@@H](C)C(=O)N1C,hepta_1044,4621,-10.0,7,7,Circle,0.152703,0.0584431,-29.0115,9.221,8.093,1.128,0.136079,0.0509251,9.273,8.026,1.247,73,17,train,test,test,train,train,train,train,train,train,train,,train,-1.0,-0.39360407
4617,2020_Townsend,CC(C)C[C@H]1C(=O)N(Cc2ccccc2)CC(=O)N2CCC[C@@H]2C(=O)N(C)[C@H](CC(C)C)C(=O)N[C@@H](Cc2ccccc2)C(=O)N2CCC[C@H]2C(=O)N[C@@H](C)C(=O)N1C,hepta_1040,4617,-5.94,7,7,Circle,0.16436,0.0588868,-30.8403,8.939,7.651,1.288,0.13469,0.04907,8.904,7.653,1.251,28,87,train,train,test,val,train,train,train,train,train,train,,train,0.0299999999999998,-0.21443757
4615,2020_Townsend,CC(C)C[C@@H]1C(=O)N(Cc2ccccc2)CC(=O)N2CCC[C@@H]2C(=O)N(C)[C@H](CC(C)C)C(=O)N[C@@H](Cc2ccccc2)C(=O)N2CCC[C@H]2C(=O)N[C@@H](C)C(=O)N1C,hepta_1038,4615,-6.25,7,7,Circle,0.173013,0.0543551,-32.8701,9.161,7.964,1.197,0.13599,0.0375955,8.969,7.937,1.032,42,99,val,train,test,val,train,train,train,train,test,train,,val,-0.125,-0.074390784
4610,2020_Townsend,CC(C)C[C@@H]1NC(=O)[C@H](C)NC(=O)[C@@H]2CCCN2C(=O)[C@H](Cc2ccccc2)NC(=O)[C@H](CC(C)C)NC(=O)[C@H]2CCCN2C(=O)C[C@H](Cc2ccccc2)NC1=O,hepta_1033,4610,-10.0,7,7,Circle,0.139738,0.0388046,-39.2578,9.229,7.804,1.425,0.142492,0.0656111,8.644,7.224,1.42,91,100,train,train,test,train,train,train,val,train,val,train,,train,-1.0,-1.3518091
4608,2020_Townsend,CC(C)C[C@H]1C(=O)N2CCC[C@@H]2C(=O)N(Cc2ccccc2)CC(=O)N[C@@H](Cc2ccccc2)C(=O)N2CCC[C@H]2C(=O)N[C@@H](C)C(=O)N[C@H](CC(C)C)C(=O)N1C,hepta_1031,4608,-5.88,7,7,Circle,0.168888,0.048463,-46.4049,9.739,8.424,1.315,0.117683,0.0329487,9.161,7.827,1.334,49,15,val,train,test,test,train,test,train,train,test,train,,val,0.06,0.12914358
4604,2020_Townsend,CC(C)C[C@H]1C(=O)N(Cc2ccccc2)CC(=O)N2CCC[C@@H]2C(=O)N[C@H](CC(C)C)C(=O)N[C@@H](Cc2ccccc2)C(=O)N2CCC[C@H]2C(=O)N[C@@H](C)C(=O)N1C,hepta_1027,4604,-10.0,7,7,Circle,0.12472,0.05275,-31.9536,9.262,8.014,1.248,0.148772,0.0483679,9.077,7.712,1.365,24,21,train,train,test,val,train,train,test,train,val,train,,train,-1.0,-0.5576723
4576,2020_Townsend,CC(C)C[C@@H]1NC(=O)[C@H](C)NC(=O)[C@@H]2CCCN2C(=O)[C@H](Cc2ccccc2)NC(=O)[C@H](CC(C)C)N(C)C(=O)[C@H]2CCCN2C(=O)[C@H](CC(C)C)NC1=O,hepta_999,4576,-6.73,7,7,Circle,0.12199,0.0407541,-32.4163,8.989,7.756,1.233,0.110407,0.0360294,8.875,7.479,1.396,70,58,train,train,test,train,train,train,train,train,train,train,,train,-0.3650000000000002,0.07939181
4561,2020_Townsend,CC(C)C[C@@H]1NC(=O)[C@H]2CCCN2C(=O)[C@@H](CC(C)C)NC(=O)[C@@H](CC(C)C)NC(=O)[C@H](C)NC(=O)[C@@H]2CCCN2C(=O)[C@H](Cc2ccccc2)NC1=O,hepta_984,4561,-6.59,7,7,Circle,0.132357,0.06057,-25.3497,8.426,7.107,1.319,0.12624,0.0409898,8.703,7.477,1.226,42,4,test,train,test,train,train,test,test,train,train,train,,test,-0.2949999999999999,-1.1437389
4544,2020_Townsend,CC(C)C[C@H]1NC(=O)[C@@H]2CCCN2C(=O)CN(Cc2ccccc2)C(=O)CN(Cc2ccccc2)C(=O)[C@@H](C)NC(=O)[C@@H]2CCCN2C(=O)[C@H](Cc2ccccc2)NC1=O,hepta_967,4544,-6.16,7,7,Circle,0.192187,0.050837,-41.098,9.231,7.956,1.275,0.128685,0.0494711,9.033,7.76,1.273,85,93,train,train,test,train,train,test,train,train,train,train,,train,-0.08,-0.36760762
4527,2020_Townsend,CC(C)C[C@H]1C(=O)N[C@@H](Cc2ccccc2)C(=O)N2CCC[C@H]2C(=O)N[C@H](C)C(=O)N(C)[C@@H](CC(C)C)C(=O)N(C)[C@H](CC(C)C)C(=O)N2CCC[C@H]2C(=O)N1C,hepta_950,4527,-5.2,7,7,Circle,0.135433,0.0455807,-22.1612,9.354,8.1,1.254,0.138066,0.0575843,9.274,8.112,1.162,67,71,train,train,test,train,test,test,train,train,train,val,,train,0.3999999999999999,0.22113036
4488,2020_Townsend,CC(C)C[C@@H]1NC(=O)[C@@H]2CCCN2C(=O)[C@@H](CC(C)C)NC(=O)[C@@H](CC(C)C)N(C)C(=O)[C@@H](C)NC(=O)[C@@H]2CCCN2C(=O)[C@H](Cc2ccccc2)NC1=O,hepta_911,4488,-6.33,7,7,Circle,0.204976,0.0946131,-27.4614,9.098,7.787,1.311,0.154459,0.0699047,8.624,7.384,1.24,75,96,test,train,test,train,train,train,train,train,train,train,,test,-0.165,-0.08506183
4486,2020_Townsend,CC(C)C[C@H]1C(=O)N[C@@H](Cc2ccccc2)C(=O)N2CCC[C@H]2C(=O)N[C@H](C)C(=O)N[C@H](CC(C)C)C(=O)N[C@H](CC(C)C)C(=O)N2CCC[C@H]2C(=O)N1C,hepta_909,4486,-10.0,7,7,Circle,0.148216,0.0560856,-32.4912,8.835,7.853,0.982,0.116956,0.0430706,8.829,7.683,1.146,40,41,val,train,test,val,test,val,test,train,train,train,,val,-1.0,-0.4396259
4460,2020_Townsend,CCCN1CC(=O)N(C)[C@H](CC(C)C)C(=O)N[C@@H](Cc2ccccc2)CC(=O)N2CCC[C@@H]2C(=O)N[C@@H](CC(C)C)C(=O)N[C@@H](Cc2ccccc2)C(=O)N2CCC[C@H]2C1=O,hepta_883,4460,-6.69,7,7,Circle,0.152888,0.0499308,-36.8659,9.437,8.145,1.292,0.16007,0.0566052,9.577,8.32,1.257,69,89,train,train,test,train,train,train,train,train,train,train,,train,-0.3450000000000002,-0.9503445
4456,2020_Townsend,CCCN1CC(=O)N(C)[C@H](CC(C)C)C(=O)N(Cc2ccccc2)CC(=O)N2CCC[C@@H]2C(=O)N(C)[C@H](CC(C)C)C(=O)N[C@@H](Cc2ccccc2)C(=O)N2CCC[C@H]2C1=O,hepta_879,4456,-6.12,7,7,Circle,0.179207,0.0772529,-34.1523,9.547,8.409,1.138,0.132641,0.0518369,9.212,8.458,0.754,78,26,train,train,test,train,train,train,val,train,train,train,,train,-0.06,0.36008668
4444,2020_Townsend,CCCN1CC(=O)N[C@H](CC(C)C)C(=O)N[C@@H](Cc2ccccc2)CC(=O)N2CCC[C@@H]2C(=O)N[C@@H](CC(C)C)C(=O)N[C@@H](Cc2ccccc2)C(=O)N2CCC[C@H]2C1=O,hepta_867,4444,-10.0,7,7,Circle,0.209677,0.0961605,-30.3397,9.214,8.002,1.212,0.108478,0.035767,9.101,8.057,1.044,3,98,test,val,test,train,train,train,train,train,train,train,,test,-1.0,-0.27433258
4433,2020_Townsend,CCCN1CC(=O)N[C@H](CC(C)C)C(=O)N(Cc2ccccc2)CC(=O)N2CCC[C@@H]2C(=O)N(C)[C@H](CC(C)C)C(=O)N[C@@H](Cc2ccccc2)C(=O)N2CCC[C@H]2C1=O,hepta_856,4433,-5.74,7,7,Circle,0.172454,0.0638654,-32.5678,9.597,8.382,1.215,0.176488,0.0856186,9.039,7.952,1.087,51,77,train,train,test,train,train,train,train,train,test,train,,train,0.1299999999999999,-0.2768755
4414,2020_Townsend,CCCN1CC(=O)N[C@H](CC(C)C)C(=O)N[C@H](CC(C)C)C(=O)N2CCC[C@@H]2C(=O)N(Cc2ccccc2)CC(=O)N[C@@H](Cc2ccccc2)C(=O)N2CCC[C@H]2C1=O,hepta_837,4414,-5.57,7,7,Circle,0.124012,0.0411057,-37.9502,9.47,8.265,1.205,0.13657,0.0403139,8.979,7.797,1.182,73,45,test,train,test,train,train,train,train,val,train,train,,test,0.2149999999999998,0.11783998
4396,2020_Townsend,CCCN1CC(=O)N[C@H](CC(C)C)C(=O)N(C)[C@@H](CC(C)C)C(=O)N2CCC[C@@H]2C(=O)N[C@H](CC(C)C)C(=O)N[C@@H](Cc2ccccc2)C(=O)N2CCC[C@H]2C1=O,hepta_819,4396,-5.73,7,7,Circle,0.122878,0.0453004,-29.2061,9.016,7.819,1.197,0.106636,0.0396224,8.821,7.698,1.123,90,19,train,train,test,test,train,train,train,train,train,train,,train,0.1349999999999998,0.2326641
4395,2020_Townsend,CCCN1CC(=O)N[C@@H](CC(C)C)C(=O)N[C@H](CC(C)C)C(=O)N2CCC[C@@H]2C(=O)N(C)[C@H](CC(C)C)C(=O)N[C@@H](Cc2ccccc2)C(=O)N2CCC[C@H]2C1=O,hepta_818,4395,-5.37,7,7,Circle,0.157197,0.0518704,-23.2437,8.766,7.498,1.268,0.108505,0.0439719,8.856,7.693,1.163,17,72,train,train,test,train,train,train,test,train,train,train,,train,0.3149999999999999,0.39396292
4394,2020_Townsend,CCCN1CC(=O)N[C@@H](CC(C)C)C(=O)N(C)[C@H](CC(C)C)C(=O)N2CCC[C@@H]2C(=O)N[C@H](CC(C)C)C(=O)N[C@@H](Cc2ccccc2)C(=O)N2CCC[C@H]2C1=O,hepta_817,4394,-5.6,7,7,Circle,0.130069,0.0543608,-30.9828,9.49,8.258,1.232,0.170093,0.0561416,9.209,8.118,1.091,80,72,val,train,test,val,train,test,val,train,train,train,,val,0.2000000000000001,0.24634616
4391,2020_Townsend,CCCN1CC(=O)N[C@H](CC(C)C)C(=O)N[C@H](CC(C)C)C(=O)N2CCC[C@@H]2C(=O)N(C)[C@H](CC(C)C)C(=O)N[C@@H](Cc2ccccc2)C(=O)N2CCC[C@H]2C1=O,hepta_814,4391,-5.81,7,7,Circle,0.137137,0.0517944,-26.5463,9.017,7.73,1.287,0.148111,0.0466506,8.964,7.782,1.182,31,67,train,train,test,test,train,train,train,train,train,train,,train,0.0950000000000002,0.31994587
4383,2020_Townsend,C[C@@H]1C(=O)N(Cc2ccccc2)CC(=O)N[C@@H](Cc2ccccc2)CC(=O)N2CCC[C@@H]2C(=O)N(Cc2ccccc2)CC(=O)N[C@@H](Cc2ccccc2)C(=O)N2CCC[C@@H]2C(=O)N1C,hepta_806,4383,-7.79,7,7,Circle,0.205317,0.0596282,-31.8262,9.463,8.351,1.112,0.137967,0.0473979,9.422,8.387,1.035,30,35,val,train,test,train,train,train,train,train,val,train,,val,-0.895,-0.9441534
4365,2020_Townsend,CC(C)C[C@H]1NC(=O)[C@@H](C)N(C)C(=O)[C@H]2CCCN2C(=O)[C@H](Cc2ccccc2)NC(=O)CN(Cc2ccccc2)C(=O)[C@H]2CCCN2C(=O)CN(Cc2ccccc2)C1=O,hepta_788,4365,-6.76,7,7,Circle,0.184562,0.0678798,-36.6161,9.324,8.151,1.173,0.105699,0.0442558,8.716,7.669,1.047,75,44,train,train,test,train,test,train,train,train,train,train,,train,-0.3799999999999999,-0.39600325
4338,2020_Townsend,CC(C)C[C@H]1C(=O)N(C)[C@H](CC(C)C)C(=O)N2CCC[C@@H]2C(=O)N(C)[C@@H](CC(C)C)C(=O)N[C@@H](Cc2ccccc2)C(=O)N2CCC[C@@H]2C(=O)N(C)[C@H](C)C(=O)N1C,hepta_761,4338,-5.59,7,7,Circle,0.129772,0.0480857,-23.5016,9.34,8.278,1.062,0.136817,0.0509963,9.294,8.358,0.936,72,92,val,val,test,train,val,train,train,train,train,train,,val,0.205,0.42909425
4329,2020_Townsend,CC(C)C[C@@H]1NC(=O)[C@H]2CCCN2C(=O)CN(Cc2ccccc2)C(=O)[C@H](CC(C)C)NC(=O)[C@@H](C)N(C)C(=O)[C@H]2CCCN2C(=O)[C@H](Cc2ccccc2)NC1=O,hepta_752,4329,-6.29,7,7,Circle,0.167005,0.0526912,-42.7447,9.533,8.127,1.406,0.131459,0.0347013,8.695,7.562,1.133,28,92,train,val,test,train,train,train,train,val,train,train,,train,-0.145,-0.026119139
4326,2020_Townsend,CC(C)C[C@@H]1NC(=O)[C@H]2CCCN2C(=O)[C@H](CC(C)C)N(C)C(=O)[C@H](CC(C)C)N(C)C(=O)[C@@H](C)N(C)C(=O)[C@H]2CCCN2C(=O)[C@H](Cc2ccccc2)NC1=O,hepta_749,4326,-10.0,7,7,Circle,0.169206,0.0735724,-35.332,9.563,8.412,1.151,0.174769,0.0878703,9.181,8.131,1.05,59,74,test,train,test,train,test,train,train,test,train,train,,test,-1.0,0.056876395
4308,2020_Townsend,CC(C)C[C@@H]1NC(=O)[C@H]2CCCN2C(=O)[C@H](CC(C)C)N(C)C(=O)[C@H](CC(C)C)NC(=O)[C@@H](C)N(C)C(=O)[C@H]2CCCN2C(=O)[C@H](Cc2ccccc2)NC1=O,hepta_731,4308,-5.97,7,7,Circle,0.166879,0.0685287,-34.0095,9.453,8.287,1.166,0.112953,0.0444405,8.831,7.889,0.942,26,23,train,train,test,train,train,train,train,train,train,val,,train,0.0150000000000001,0.13288827
4290,2020_Townsend,CC(C)C[C@@H]1NC(=O)[C@@H](C)N(C)C(=O)[C@H]2CCCN2C(=O)[C@H](Cc2ccccc2)NC(=O)[C@H](CC(C)C)NC(=O)[C@H]2CCCN2C(=O)[C@H](CC(C)C)NC1=O,hepta_713,4290,-6.61,7,7,Circle,0.100232,0.0342827,-27.7545,8.773,7.697,1.076,0.103312,0.0334472,8.755,7.758,0.997,30,79,train,test,test,train,train,train,test,test,train,train,,train,-0.3050000000000001,-0.10175784
4287,2020_Townsend,CC(C)C[C@@H]1NC(=O)[C@H]2CCCN2C(=O)[C@@H](CC(C)C)NC(=O)[C@@H](CC(C)C)NC(=O)[C@@H](C)N(C)C(=O)[C@H]2CCCN2C(=O)[C@H](Cc2ccccc2)NC1=O,hepta_710,4287,-6.6,7,7,Circle,0.208016,0.089514,-30.4781,9.083,7.702,1.381,0.120414,0.051176,8.917,7.569,1.348,20,79,train,train,test,test,train,train,train,train,test,train,,train,-0.2999999999999998,-0.5320042
4285,2020_Townsend,CC(C)C[C@H]1C(=O)N[C@@H](Cc2ccccc2)C(=O)N2CCC[C@@H]2C(=O)N(C)[C@@H](C)C(=O)N(Cc2ccccc2)CC(=O)N[C@@H](Cc2ccccc2)CC(=O)N2CCC[C@@H]2C(=O)N1C,hepta_708,4285,-5.69,7,7,Circle,0.204959,0.0736061,-23.028,9.374,8.239,1.135,0.144023,0.0526104,9.931,8.661,1.27,79,20,train,train,test,train,train,train,train,val,train,train,,train,0.1549999999999998,0.10143359
4258,2020_Townsend,CC(C)C[C@@H]1NC(=O)CN(Cc2ccccc2)C(=O)[C@H](C)N(C)C(=O)[C@H]2CCCN2C(=O)[C@H](Cc2ccccc2)NC(=O)[C@H](CC(C)C)N(C)C(=O)[C@H]2CCCN2C1=O,hepta_681,4258,-5.39,7,7,Circle,0.133681,0.0552099,-31.4625,9.23,8.038,1.192,0.133604,0.0394908,8.92,7.98,0.94,28,53,train,train,test,test,train,train,val,train,train,train,,train,0.3050000000000001,0.29866874
4251,2020_Townsend,CC(C)C[C@@H]1NC(=O)[C@H](C)N(C)C(=O)[C@H]2CCCN2C(=O)[C@H](Cc2ccccc2)NC(=O)[C@@H](CC(C)C)N(C)C(=O)[C@H]2CCCN2C(=O)CN(Cc2ccccc2)C1=O,hepta_674,4251,-5.2,7,7,Circle,0.18507,0.0588905,-38.3758,9.52,8.273,1.247,0.133139,0.0465171,8.963,8.017,0.946,27,39,train,train,test,train,train,train,train,train,train,train,,train,0.3999999999999999,0.072156385
4226,2020_Townsend,CC(C)C[C@@H]1NC(=O)[C@@H](CC(C)C)NC(=O)[C@H](C)N(C)C(=O)[C@H]2CCCN2C(=O)[C@H](Cc2ccccc2)NC(=O)CN(Cc2ccccc2)C(=O)[C@H]2CCCN2C1=O,hepta_649,4226,-5.46,7,7,Circle,0.218589,0.0809427,-33.5745,9.196,7.802,1.394,0.129373,0.0331028,9.071,7.955,1.116,17,20,train,train,test,val,train,train,train,train,val,train,,train,0.27,0.12850015
4215,2020_Townsend,CC(C)C[C@@H]1NC(=O)[C@H]2CCCN2C(=O)[C@@H](CC(C)C)N(C)C(=O)[C@H](CC(C)C)N(C)C(=O)[C@H](C)N(C)C(=O)[C@H]2CCCN2C(=O)[C@H](Cc2ccccc2)NC1=O,hepta_638,4215,-10.0,7,7,Circle,0.131051,0.0353128,-20.5812,9.137,7.964,1.173,0.118174,0.0346794,9.206,8.012,1.194,26,25,train,train,test,train,train,test,train,train,train,train,-8.0,test,-1.0,-0.62743133
4211,2020_Townsend,CC(C)C[C@H]1C(=O)N2CCC[C@@H]2C(=O)N[C@H](CC(C)C)C(=O)N[C@@H](Cc2ccccc2)C(=O)N2CCC[C@@H]2C(=O)N(C)[C@@H](C)C(=O)N(C)[C@H](CC(C)C)C(=O)N1C,hepta_634,4211,-5.4,7,7,Circle,0.147573,0.0428991,-34.8205,9.715,8.564,1.151,0.124311,0.0639778,9.086,8.047,1.039,77,100,train,train,test,train,train,train,train,train,val,train,,train,0.2999999999999998,0.58975786
4210,2020_Townsend,CC(C)C[C@H]1C(=O)N(C)[C@H](CC(C)C)C(=O)N2CCC[C@@H]2C(=O)N[C@H](CC(C)C)C(=O)N[C@@H](Cc2ccccc2)C(=O)N2CCC[C@@H]2C(=O)N(C)[C@@H](C)C(=O)N1C,hepta_633,4210,-6.4,7,7,Circle,0.159652,0.0664107,-20.3329,9.537,8.295,1.242,0.126358,0.055708,9.293,8.142,1.151,52,17,train,train,test,train,train,train,train,train,train,train,,train,-0.2000000000000001,-0.4568724
4207,2020_Townsend,CC(C)C[C@H]1NC(=O)[C@H]2CCCN2C(=O)[C@@H](CC(C)C)N(C)C(=O)[C@@H](CC(C)C)N(C)C(=O)[C@H](C)N(C)C(=O)[C@H]2CCCN2C(=O)[C@H](Cc2ccccc2)NC1=O,hepta_630,4207,-4.97,7,7,Circle,0.133415,0.0457828,-19.0217,8.802,7.843,0.959,0.148949,0.0475112,9.207,8.02,1.187,26,70,train,train,test,train,train,train,train,train,train,test,,train,0.5150000000000001,0.15679157
4201,2020_Townsend,CC(C)C[C@@H]1NC(=O)[C@@H](CC(C)C)NC(=O)[C@H](C)N(C)C(=O)[C@H]2CCCN2C(=O)[C@H](Cc2ccccc2)NC(=O)[C@H](CC(C)C)N(C)C(=O)[C@H]2CCCN2C1=O,hepta_624,4201,-5.0,7,7,Circle,0.126493,0.0514997,-27.4757,9.025,7.831,1.194,0.108551,0.0397205,9.064,8.071,0.993,77,35,train,test,test,train,train,val,train,train,test,train,,train,0.5,0.4284817
4199,2020_Townsend,CC(C)C[C@@H]1NC(=O)[C@H](C)N(C)C(=O)[C@H]2CCCN2C(=O)[C@H](Cc2ccccc2)NC(=O)[C@H](CC(C)C)N(C)C(=O)[C@H]2CCCN2C(=O)[C@@H](CC(C)C)NC1=O,hepta_622,4199,-5.35,7,7,Circle,0.115297,0.0498451,-38.2654,9.246,7.969,1.277,0.0952835,0.0378285,8.911,7.938,0.973,7,39,val,train,test,test,test,train,val,train,train,train,,val,0.3250000000000002,0.039857466
4194,2020_Townsend,CC(C)C[C@@H]1NC(=O)[C@H]2CCCN2C(=O)[C@H](CC(C)C)N(C)C(=O)[C@@H](CC(C)C)NC(=O)[C@H](C)N(C)C(=O)[C@H]2CCCN2C(=O)[C@H](Cc2ccccc2)NC1=O,hepta_617,4194,-6.94,7,7,Circle,0.18627,0.0659607,-31.9725,9.351,7.992,1.359,0.0807791,0.0357784,8.736,7.61,1.126,76,26,train,train,test,train,train,train,train,train,val,train,,train,-0.4700000000000002,0.07783002
4193,2020_Townsend,CC(C)C[C@@H]1NC(=O)[C@@H](CC(C)C)NC(=O)[C@H](C)N(C)C(=O)[C@H]2CCCN2C(=O)[C@H](Cc2ccccc2)NC(=O)[C@@H](CC(C)C)N(C)C(=O)[C@H]2CCCN2C1=O,hepta_616,4193,-5.18,7,7,Circle,0.0959375,0.0379448,-33.8701,9.312,8.009,1.303,0.112512,0.0407702,8.974,7.951,1.023,17,84,test,train,test,val,train,val,train,val,val,val,,test,0.4100000000000001,0.11150272
4174,2020_Townsend,CC(C)C[C@@H]1C(=O)N(Cc2ccccc2)CC(=O)N2CCC[C@H]2C(=O)N(Cc2ccccc2)CC(=O)N[C@@H](Cc2ccccc2)C(=O)N2CCC[C@@H]2C(=O)N(C)[C@H](C)C(=O)N1C,hepta_597,4174,-5.84,7,7,Circle,0.207436,0.0759087,-31.3544,9.477,8.419,1.058,0.126152,0.0409026,8.905,7.75,1.155,70,26,test,val,test,train,test,train,train,train,train,train,,test,0.08,-0.44602868
4162,2020_Townsend,CC(C)C[C@H]1NC(=O)[C@@H]2CCCN2C(=O)C[C@H](Cc2ccccc2)NC(=O)[C@@H](CC(C)C)N(C)C(=O)[C@@H](C)N(C)C(=O)[C@H]2CCCN2C(=O)[C@H](Cc2ccccc2)NC1=O,hepta_585,4162,-5.55,7,7,Circle,0.129002,0.038786,-22.5992,9.014,7.956,1.058,0.157639,0.0683718,9.181,8.163,1.018,55,14,train,train,test,test,train,test,train,train,val,test,,train,0.2250000000000001,-0.11441617
4152,2020_Townsend,CC(C)C[C@@H]1NC(=O)[C@@H](C)N(C)C(=O)[C@H]2CCCN2C(=O)[C@H](Cc2ccccc2)NC(=O)CN(Cc2ccccc2)C(=O)[C@@H]2CCCN2C(=O)[C@@H](CC(C)C)N(C)C1=O,hepta_575,4152,-5.37,7,7,Circle,0.162427,0.0451522,-30.2456,9.567,8.305,1.262,0.144349,0.0420683,9.532,8.299,1.233,31,57,train,train,test,train,train,train,val,test,train,train,,train,0.3149999999999999,0.41206363
4150,2020_Townsend,CC(C)C[C@H]1C(=O)N2CCC[C@H]2C(=O)N(Cc2ccccc2)CC(=O)N[C@@H](Cc2ccccc2)C(=O)N2CCC[C@@H]2C(=O)N(C)[C@H](C)C(=O)N[C@H](CC(C)C)C(=O)N1C,hepta_573,4150,-5.57,7,7,Circle,0.131097,0.049694,-23.2975,9.171,8.082,1.089,0.138043,0.044349,9.353,8.125,1.228,26,47,train,train,test,train,train,train,train,train,test,train,,train,0.2149999999999998,0.0010028072
4135,2020_Townsend,CC(C)C[C@@H]1NC(=O)[C@@H]2CCCN2C(=O)[C@H](CC(C)C)NC(=O)CN(Cc2ccccc2)C(=O)[C@@H](C)N(C)C(=O)[C@H]2CCCN2C(=O)[C@H](Cc2ccccc2)NC1=O,hepta_558,4135,-5.98,7,7,Circle,0.158417,0.0389515,-28.6447,8.628,7.383,1.245,0.126539,0.0334193,8.919,7.842,1.077,36,44,val,val,test,train,train,train,train,train,train,train,,val,0.0099999999999997,-0.33008403
4107,2020_Townsend,CC(C)C[C@@H]1NC(=O)[C@@H](C)N(C)C(=O)[C@H]2CCCN2C(=O)[C@H](Cc2ccccc2)NC(=O)[C@H](CC(C)C)N(C)C(=O)[C@@H]2CCCN2C(=O)[C@@H](CC(C)C)NC1=O,hepta_530,4107,-5.38,7,7,Circle,0.125964,0.0412489,-15.2558,8.827,7.887,0.94,0.106648,0.0349884,8.549,7.678,0.871,68,85,train,train,test,train,train,train,test,test,train,test,,train,0.31,0.2096045
4100,2020_Townsend,CC(C)C[C@@H]1NC(=O)[C@@H](C)N(C)C(=O)[C@H]2CCCN2C(=O)[C@H](Cc2ccccc2)NC(=O)[C@@H](CC(C)C)N(C)C(=O)[C@@H]2CCCN2C(=O)[C@@H](CC(C)C)NC1=O,hepta_523,4100,-5.64,7,7,Circle,0.175374,0.0673217,-18.9732,8.93,7.863,1.067,0.101707,0.0398018,8.816,7.797,1.019,94,42,val,train,test,train,train,train,train,val,train,train,,val,0.1800000000000001,0.35808143
4092,2020_Townsend,CC(C)C[C@@H]1NC(=O)[C@@H](C)N(C)C(=O)[C@H]2CCCN2C(=O)[C@H](Cc2ccccc2)NC(=O)[C@@H](CC(C)C)NC(=O)[C@@H]2CCCN2C(=O)[C@@H](CC(C)C)NC1=O,hepta_515,4092,-6.35,7,7,Circle,0.222973,0.099125,-23.3994,8.91,7.754,1.156,0.138367,0.0509672,8.685,7.656,1.029,73,34,train,train,test,train,train,train,train,train,train,train,,train,-0.1749999999999998,-0.042569105
4087,2020_Townsend,CC(C)C[C@H]1C(=O)N[C@@H](Cc2ccccc2)C(=O)N2CCC[C@@H]2C(=O)N(C)[C@@H](C)C(=O)N(Cc2ccccc2)CC(=O)N(Cc2ccccc2)CC(=O)N2CCC[C@H]2C(=O)N1C,hepta_510,4087,-5.19,7,7,Circle,0.149365,0.0397503,-32.7364,9.627,8.449,1.178,0.155048,0.0477,9.372,8.113,1.259,73,19,train,train,test,train,test,test,train,val,train,train,,train,0.4049999999999998,0.307612
4074,2020_Townsend,CC(C)C[C@H]1C(=O)N(C)[C@@H](CC(C)C)C(=O)N2CCC[C@H]2C(=O)N(Cc2ccccc2)CC(=O)N[C@@H](Cc2ccccc2)C(=O)N2CCC[C@@H]2C(=O)N(C)[C@@H](C)C(=O)N1C,hepta_497,4074,-5.03,7,7,Circle,0.160609,0.0525624,-25.9097,9.501,8.355,1.146,0.121975,0.0521338,9.313,8.194,1.119,29,56,val,train,test,train,test,train,train,train,train,train,,val,0.4849999999999999,0.37907445
4059,2020_Townsend,CC(C)C[C@H]1NC(=O)[C@@H]2CCCN2C(=O)C[C@H](Cc2ccccc2)NC(=O)[C@@H](CC(C)C)N(C)C(=O)[C@H](C)N(C)C(=O)[C@H]2CCCN2C(=O)[C@H](Cc2ccccc2)NC1=O,hepta_482,4059,-5.91,7,7,Circle,0.197653,0.0771945,-29.0978,9.75,8.445,1.305,0.134366,0.0471244,9.246,8.079,1.167,13,2,train,train,test,test,val,train,train,train,val,train,,train,0.0449999999999999,-0.5102418
4049,2020_Townsend,CC(C)C[C@@H]1NC(=O)[C@@H]2CCCN2C(=O)CN(Cc2ccccc2)C(=O)[C@@H](CC(C)C)N(C)C(=O)[C@H](C)N(C)C(=O)[C@H]2CCCN2C(=O)[C@H](Cc2ccccc2)NC1=O,hepta_472,4049,-5.62,7,7,Circle,0.172493,0.0660285,-35.4661,9.174,8.01,1.164,0.139652,0.0462556,9.057,8.159,0.898,74,86,train,train,test,train,train,train,train,val,train,train,,train,0.1899999999999999,-0.15459824
4045,2020_Townsend,CC(C)C[C@@H]1NC(=O)[C@@H]2CCCN2C(=O)[C@@H](CC(C)C)N(C)C(=O)CN(Cc2ccccc2)C(=O)[C@H](C)N(C)C(=O)[C@H]2CCCN2C(=O)[C@H](Cc2ccccc2)NC1=O,hepta_468,4045,-5.97,7,7,Circle,0.150563,0.0468729,-28.7198,9.043,7.79,1.253,0.149548,0.0566818,9.08,7.869,1.211,57,52,train,train,test,train,train,train,train,train,train,train,,train,0.0150000000000001,0.27617642
4044,2020_Townsend,CC(C)C[C@H]1C(=O)N[C@H](CC(C)C)C(=O)N2CCC[C@H]2C(=O)N(Cc2ccccc2)CC(=O)N[C@@H](Cc2ccccc2)C(=O)N2CCC[C@@H]2C(=O)N(C)[C@@H](C)C(=O)N1C,hepta_467,4044,-10.0,7,7,Circle,0.148936,0.0439808,-35.3046,9.215,7.95,1.265,0.122393,0.0366698,8.834,7.801,1.033,55,33,train,train,test,train,train,train,train,train,train,val,,train,-1.0,-0.1251548
4013,2020_Townsend,CC(C)C[C@H]1C(=O)N[C@@H](Cc2ccccc2)C(=O)N2CCC[C@@H]2C(=O)N(C)[C@@H](C)C(=O)N[C@H](CC(C)C)C(=O)N(C)[C@H](CC(C)C)C(=O)N2CCC[C@H]2C(=O)N1C,hepta_436,4013,-4.83,7,7,Circle,0.153845,0.0469635,-21.8024,9.357,8.147,1.21,0.106231,0.0334348,8.885,7.756,1.129,96,30,test,train,test,train,train,test,train,train,train,test,,test,0.585,0.5895904
4006,2020_Townsend,CC(C)C[C@H]1NC(=O)[C@@H]2CCCN2C(=O)[C@@H](CC(C)C)N(C)C(=O)[C@@H](CC(C)C)N(C)C(=O)[C@H](C)N(C)C(=O)[C@H]2CCCN2C(=O)[C@H](Cc2ccccc2)NC1=O,hepta_429,4006,-5.81,7,7,Circle,0.124874,0.0503054,-26.6959,9.422,8.189,1.233,0.143802,0.0635318,9.289,8.068,1.221,76,52,train,train,test,train,train,train,val,train,train,train,,train,0.0950000000000002,0.09378317
3986,2020_Townsend,CC(C)C[C@@H]1NC(=O)[C@H](C)N(C)C(=O)[C@H]2CCCN2C(=O)[C@H](Cc2ccccc2)NC(=O)[C@H](CC(C)C)NC(=O)[C@@H]2CCCN2C(=O)[C@@H](CC(C)C)NC1=O,hepta_409,3986,-5.81,7,7,Circle,0.220648,0.0939456,-36.5935,9.172,7.91,1.262,0.129167,0.0595771,8.821,7.652,1.169,18,9,train,train,test,test,train,train,train,train,train,train,,train,0.0950000000000002,-0.09927699
3964,2020_Townsend,CC(C)C[C@H]1C(=O)N(Cc2ccccc2)CC(=O)N2CCC[C@@H]2C(=O)N(C)[C@H](CC(C)C)C(=O)N[C@@H](Cc2ccccc2)C(=O)N2CCC[C@@H]2C(=O)N[C@H](C)C(=O)N1C,hepta_387,3964,-5.96,7,7,Circle,0.140548,0.0411432,-32.0237,9.443,8.267,1.176,0.107261,0.0404668,9.328,8.123,1.205,9,32,val,train,test,val,train,train,train,val,test,train,,val,0.02,-0.27792543
3963,2020_Townsend,CC(C)C[C@H]1C(=O)N2CCC[C@@H]2C(=O)N(Cc2ccccc2)CC(=O)N[C@@H](Cc2ccccc2)C(=O)N2CCC[C@@H]2C(=O)N[C@H](C)C(=O)N(C)[C@H](CC(C)C)C(=O)N1C,hepta_386,3963,-5.64,7,7,Circle,0.152782,0.0451284,-40.1813,9.532,8.258,1.274,0.152885,0.0451068,9.272,8.215,1.057,45,56,val,train,test,train,train,train,train,test,train,test,,val,0.1800000000000001,0.2663726
3955,2020_Townsend,CC(C)C[C@@H]1C(=O)N2CCC[C@@H]2C(=O)N(C)[C@H](CC(C)C)C(=O)N[C@@H](Cc2ccccc2)C(=O)N2CCC[C@@H]2C(=O)N[C@H](C)C(=O)N(Cc2ccccc2)CC(=O)N1C,hepta_378,3955,-6.15,7,7,Circle,0.160284,0.0478276,-31.7204,9.514,8.308,1.206,0.140687,0.0411351,9.53,8.256,1.274,84,44,train,train,test,test,train,train,train,train,train,train,,train,-0.0750000000000001,0.2706888
3941,2020_Townsend,CC(C)C[C@H]1NC(=O)[C@@H](C)NC(=O)[C@H]2CCCN2C(=O)[C@H](Cc2ccccc2)NC(=O)[C@@H](CC(C)C)N(C)C(=O)[C@H]2CCCN2C(=O)CN(Cc2ccccc2)C1=O,hepta_364,3941,-6.02,7,7,Circle,0.15825,0.0619078,-38.737,9.221,7.868,1.353,0.137439,0.0488499,9.139,8.071,1.068,67,36,train,val,test,val,train,val,train,train,train,train,,train,-0.0099999999999997,-0.014750909
3940,2020_Townsend,CC(C)C[C@H]1NC(=O)[C@H]2CCCN2C(=O)CN(Cc2ccccc2)C(=O)[C@@H](CC(C)C)N(C)C(=O)[C@@H](C)NC(=O)[C@H]2CCCN2C(=O)[C@H](Cc2ccccc2)NC1=O,hepta_363,3940,-5.86,7,7,Circle,0.160542,0.051336,-24.7685,8.773,7.762,1.011,0.130484,0.0520058,8.673,7.7,0.973,84,23,train,train,test,train,train,train,train,train,train,test,,train,0.0699999999999998,0.22469345
3930,2020_Townsend,CC(C)C[C@@H]1NC(=O)[C@@H](C)NC(=O)[C@H]2CCCN2C(=O)[C@H](Cc2ccccc2)NC(=O)[C@@H](CC(C)C)NC(=O)[C@H]2CCCN2C(=O)CN(Cc2ccccc2)C1=O,hepta_353,3930,-10.0,7,7,Circle,0.192478,0.0648611,-45.4868,9.541,8.027,1.514,0.114979,0.0340371,8.653,7.468,1.185,34,18,train,train,test,test,train,train,train,train,test,train,,train,-1.0,0.21437874
3925,2020_Townsend,CC(C)C[C@H]1C(=O)N[C@H](CC(C)C)C(=O)N2CCC[C@@H]2C(=O)N(C)[C@@H](CC(C)C)C(=O)N[C@@H](Cc2ccccc2)C(=O)N2CCC[C@@H]2C(=O)N[C@H](C)C(=O)N1C,hepta_348,3925,-5.79,7,7,Circle,0.168136,0.0553856,-32.0597,9.549,8.217,1.332,0.0918841,0.0367936,8.703,7.628,1.075,56,61,train,train,test,train,train,train,test,train,train,train,,train,0.1049999999999999,0.07169332
3921,2020_Townsend,CC(C)C[C@H]1C(=O)N2CCC[C@@H]2C(=O)N[C@H](CC(C)C)C(=O)N[C@@H](Cc2ccccc2)C(=O)N2CCC[C@@H]2C(=O)N[C@H](C)C(=O)N(C)[C@@H](CC(C)C)C(=O)N1C,hepta_344,3921,-10.0,7,7,Circle,0.144315,0.0475747,-37.3361,9.293,8.03,1.263,0.131137,0.0468024,9.146,7.968,1.178,89,88,test,train,test,train,val,train,train,train,train,test,,test,-1.0,0.30802524
3911,2020_Townsend,CC(C)C[C@@H]1NC(=O)[C@@H](C)NC(=O)[C@H]2CCCN2C(=O)[C@H](Cc2ccccc2)NC(=O)[C@H](CC(C)C)N(C)C(=O)[C@H]2CCCN2C(=O)[C@H](CC(C)C)NC1=O,hepta_334,3911,-5.3,7,7,Circle,0.116164,0.0524671,-41.9383,9.3,7.951,1.349,0.150926,0.0606689,8.607,7.515,1.092,92,68,train,train,test,train,train,train,train,train,train,train,,train,0.3500000000000001,-0.0012176745
3910,2020_Townsend,CC(C)C[C@@H]1NC(=O)[C@H]2CCCN2C(=O)[C@H](CC(C)C)N(C)C(=O)[C@H](CC(C)C)NC(=O)[C@@H](C)NC(=O)[C@H]2CCCN2C(=O)[C@H](Cc2ccccc2)NC1=O,hepta_333,3910,-5.98,7,7,Circle,0.135256,0.0395758,-19.39,8.709,7.641,1.068,0.0996144,0.0351643,8.681,7.632,1.049,69,85,train,train,test,train,train,val,train,train,train,train,,train,0.0099999999999997,0.40107447
3897,2020_Townsend,CC(C)C[C@H]1NC(=O)[C@@H](C)NC(=O)[C@H]2CCCN2C(=O)[C@H](Cc2ccccc2)NC(=O)[C@@H](CC(C)C)N(C)C(=O)[C@H]2CCCN2C(=O)[C@@H](CC(C)C)NC1=O,hepta_320,3897,-5.83,7,7,Circle,0.127445,0.0432689,-33.3971,9.109,7.801,1.308,0.102408,0.0481126,8.973,7.725,1.248,56,42,train,test,test,val,train,train,train,train,test,train,,train,0.0849999999999999,-0.24234349
3890,2020_Townsend,CC(C)C[C@@H]1NC(=O)[C@@H](CC(C)C)NC(=O)[C@@H](C)NC(=O)[C@H]2CCCN2C(=O)[C@H](Cc2ccccc2)NC(=O)[C@@H](CC(C)C)NC(=O)[C@H]2CCCN2C1=O,hepta_313,3890,-6.07,7,7,Circle,0.155941,0.059959,-34.8407,9.017,7.643,1.374,0.111297,0.0382471,8.541,7.275,1.266,99,3,train,test,test,train,train,test,train,train,val,train,,train,-0.0350000000000001,0.21363649
3884,2020_Townsend,CC(C)C[C@H]1C(=O)N2CCC[C@@H]2C(=O)N(Cc2ccccc2)CC(=O)N[C@@H](Cc2ccccc2)C(=O)N2CCC[C@@H]2C(=O)N[C@@H](C)C(=O)N(Cc2ccccc2)CC(=O)N1C,hepta_307,3884,-5.96,7,7,Circle,0.14905,0.0531562,-39.8307,9.312,8.071,1.241,0.165094,0.0683859,9.238,8.169,1.069,37,17,val,train,test,train,train,train,test,train,val,train,,val,0.02,0.19732097
3861,2020_Townsend,CC(C)C[C@H]1NC(=O)[C@H](C)NC(=O)[C@H]2CCCN2C(=O)[C@H](Cc2ccccc2)NC(=O)CN(Cc2ccccc2)C(=O)[C@H]2CCCN2C(=O)[C@@H](CC(C)C)N(C)C1=O,hepta_284,3861,-6.16,7,7,Circle,0.150568,0.0472348,-36.2845,9.092,7.813,1.279,0.104387,0.0336422,8.694,7.553,1.141,53,65,test,val,test,train,test,train,train,train,train,train,,test,-0.08,-0.113388196
3858,2020_Townsend,CC(C)C[C@@H]1C(=O)N(C)[C@H](CC(C)C)C(=O)N2CCC[C@@H]2C(=O)N(C)[C@H](CC(C)C)C(=O)N[C@@H](Cc2ccccc2)C(=O)N2CCC[C@@H]2C(=O)N[C@@H](C)C(=O)N1C,hepta_281,3858,-6.07,7,7,Circle,0.114692,0.0392207,-33.1769,8.736,7.639,1.097,0.137515,0.0432123,8.996,7.769,1.227,66,4,train,train,test,train,train,train,train,train,train,train,,train,-0.0350000000000001,-0.018814486
3843,2020_Townsend,CC(C)C[C@@H]1NC(=O)[C@H](C)NC(=O)[C@H]2CCCN2C(=O)[C@H](Cc2ccccc2)NC(=O)[C@@H](CC(C)C)N(C)C(=O)[C@H]2CCCN2C(=O)[C@@H](CC(C)C)N(C)C1=O,hepta_266,3843,-5.98,7,7,Circle,0.144885,0.0550302,-30.5755,9.419,8.095,1.324,0.143344,0.0609502,9.066,7.974,1.092,26,10,val,train,test,train,train,train,train,train,train,test,,val,0.0099999999999997,-0.58892167
3823,2020_Townsend,CC(C)C[C@H]1NC(=O)[C@H]2CCCN2C(=O)[C@@H](CC(C)C)NC(=O)[C@@H](CC(C)C)N(C)C(=O)[C@H](C)NC(=O)[C@H]2CCCN2C(=O)[C@H](Cc2ccccc2)NC1=O,hepta_246,3823,-5.93,7,7,Circle,0.166604,0.0594527,-25.8333,8.988,7.74,1.248,0.147869,0.0468558,8.843,7.707,1.136,61,50,train,test,test,train,val,train,train,train,train,train,,train,0.0350000000000001,-0.03442314
3818,2020_Townsend,CC(C)C[C@@H]1NC(=O)[C@H]2CCCN2C(=O)[C@H](CC(C)C)NC(=O)[C@@H](CC(C)C)NC(=O)[C@H](C)NC(=O)[C@H]2CCCN2C(=O)[C@H](Cc2ccccc2)NC1=O,hepta_241,3818,-10.0,7,7,Circle,0.128484,0.0447724,-33.9586,8.733,7.565,1.168,0.141279,0.0560869,8.878,7.71,1.168,88,74,train,train,test,train,train,val,train,train,train,train,,train,-1.0,-0.8975388
3789,2020_Townsend,CC(C)C[C@H]1C(=O)N(Cc2ccccc2)CC(=O)N2CCC[C@H]2C(=O)N[C@H](CC(C)C)C(=O)N[C@@H](Cc2ccccc2)C(=O)N2CCC[C@@H]2C(=O)N[C@H](C)C(=O)N1C,hepta_212,3789,-5.26,7,7,Circle,0.20165,0.0883477,-35.077,9.003,7.703,1.3,0.165365,0.0697558,8.948,7.659,1.289,90,94,test,test,test,train,train,train,test,train,val,train,,test,0.3700000000000001,-0.22034949
3766,2020_Townsend,CC(C)C[C@@H]1NC(=O)[C@@H](C)NC(=O)[C@H]2CCCN2C(=O)[C@H](Cc2ccccc2)NC(=O)[C@@H](CC(C)C)NC(=O)[C@@H]2CCCN2C(=O)CN(Cc2ccccc2)C1=O,hepta_189,3766,-6.69,7,7,Circle,0.16941,0.0577773,-46.6468,9.581,8.053,1.528,0.132684,0.052404,8.496,7.377,1.119,30,18,train,train,test,train,test,train,train,train,test,train,,train,-0.3450000000000002,-0.093464464
3749,2020_Townsend,CC(C)C[C@H]1C(=O)N[C@@H](Cc2ccccc2)C(=O)N2CCC[C@@H]2C(=O)N[C@H](C)C(=O)N[C@H](CC(C)C)C(=O)N(C)[C@H](CC(C)C)C(=O)N2CCC[C@H]2C(=O)N1C,hepta_172,3749,-6.12,7,7,Circle,0.140198,0.0466989,-23.7762,8.887,7.766,1.121,0.123252,0.0495045,9.227,7.902,1.325,70,51,train,val,test,train,val,train,train,train,train,train,,train,-0.06,0.01933521
3747,2020_Townsend,CC(C)C[C@H]1NC(=O)[C@@H](C)NC(=O)[C@H]2CCCN2C(=O)[C@H](Cc2ccccc2)NC(=O)[C@@H](CC(C)C)N(C)C(=O)[C@@H]2CCCN2C(=O)[C@@H](CC(C)C)N(C)C1=O,hepta_170,3747,-6.11,7,7,Circle,0.119893,0.0453247,-38.1461,9.21,7.961,1.249,0.0908531,0.0399346,8.823,7.847,0.976,73,58,train,train,test,train,train,train,val,train,train,test,,train,-0.0550000000000001,-0.17826286
3743,2020_Townsend,CC(C)C[C@@H]1NC(=O)[C@@H](C)NC(=O)[C@H]2CCCN2C(=O)[C@H](Cc2ccccc2)NC(=O)[C@H](CC(C)C)N(C)C(=O)[C@@H]2CCCN2C(=O)[C@@H](CC(C)C)NC1=O,hepta_166,3743,-6.54,7,7,Circle,0.141371,0.0486801,-29.8597,9.023,7.82,1.203,0.121204,0.0420802,8.464,7.457,1.007,90,43,train,train,test,train,train,train,test,train,train,test,,train,-0.27,0.059348583
3740,2020_Townsend,CC(C)C[C@@H]1NC(=O)[C@@H](C)NC(=O)[C@H]2CCCN2C(=O)[C@H](Cc2ccccc2)NC(=O)[C@@H](CC(C)C)N(C)C(=O)[C@@H]2CCCN2C(=O)[C@@H](CC(C)C)NC1=O,hepta_163,3740,-6.38,7,7,Circle,0.147559,0.0611238,-41.4725,9.403,7.942,1.461,0.190194,0.0955027,8.849,7.647,1.202,42,4,train,train,test,val,test,train,test,train,train,train,,train,-0.1899999999999999,-0.09479496
3710,2020_Townsend,CC(C)C[C@H]1C(=O)N(Cc2ccccc2)CC(=O)N2CCC[C@H]2C(=O)N(C)[C@H](CC(C)C)C(=O)N[C@@H](Cc2ccccc2)C(=O)N2CCC[C@@H]2C(=O)N[C@@H](C)C(=O)N1C,hepta_133,3710,-6.03,7,7,Circle,0.176322,0.0676123,-31.7399,9.615,8.312,1.303,0.140327,0.0461117,8.861,7.803,1.058,62,7,train,train,test,train,train,train,train,train,train,train,,train,-0.0150000000000001,0.14026465
3709,2020_Townsend,CC(C)C[C@@H]1C(=O)N(Cc2ccccc2)CC(=O)N2CCC[C@H]2C(=O)N(C)[C@H](CC(C)C)C(=O)N[C@@H](Cc2ccccc2)C(=O)N2CCC[C@@H]2C(=O)N[C@@H](C)C(=O)N1C,hepta_132,3709,-5.81,7,7,Circle,0.197382,0.0835868,-38.4677,9.466,8.122,1.344,0.135579,0.0619208,8.682,7.487,1.195,12,53,train,train,test,train,train,train,train,test,train,train,,train,0.0950000000000002,0.19993627
3699,2020_Townsend,CC(C)C[C@H]1C(=O)N(C)[C@H](CC(C)C)C(=O)N2CCC[C@H]2C(=O)N(C)[C@@H](CC(C)C)C(=O)N[C@@H](Cc2ccccc2)C(=O)N2CCC[C@@H]2C(=O)N[C@@H](C)C(=O)N1C,hepta_122,3699,-5.19,7,7,Circle,0.145675,0.0457937,-25.3725,9.244,8.012,1.232,0.105456,0.04498,8.714,7.511,1.203,2,41,train,train,test,train,train,train,train,train,train,train,,train,0.4049999999999998,0.28323057
3694,2020_Townsend,CC(C)C[C@H]1NC(=O)[C@H](C)NC(=O)[C@H]2CCCN2C(=O)[C@H](Cc2ccccc2)NC(=O)CN(Cc2ccccc2)C(=O)[C@@H]2CCCN2C(=O)[C@@H](CC(C)C)N(C)C1=O,hepta_117,3694,-5.91,7,7,Circle,0.187893,0.0629846,-32.7943,9.474,8.143,1.331,0.127196,0.0399658,8.992,7.724,1.268,29,72,train,train,test,val,train,train,train,val,train,train,,train,0.0449999999999999,-0.021998297
3681,2020_Townsend,CC(C)C[C@@H]1NC(=O)[C@@H]2CCCN2C(=O)[C@@H](CC(C)C)N(C)C(=O)[C@H](CC(C)C)N(C)C(=O)[C@H](C)NC(=O)[C@H]2CCCN2C(=O)[C@H](Cc2ccccc2)NC1=O,hepta_104,3681,-6.34,7,7,Circle,0.161975,0.0512518,-31.2779,9.187,7.884,1.303,0.12619,0.0589213,9.027,7.727,1.3,12,28,train,train,test,train,val,train,train,train,test,train,,train,-0.1699999999999999,-0.11042175
3678,2020_Townsend,CC(C)C[C@@H]1NC(=O)[C@@H](CC(C)C)N(C)C(=O)[C@H](C)NC(=O)[C@H]2CCCN2C(=O)[C@H](Cc2ccccc2)NC(=O)[C@@H](CC(C)C)N(C)C(=O)[C@@H]2CCCN2C1=O,hepta_101,3678,-5.4,7,7,Circle,0.15074,0.0455512,-32.6744,9.411,8.143,1.268,0.166873,0.0507702,8.59,7.743,0.847,61,32,train,train,test,train,train,train,test,train,train,val,,train,0.2999999999999998,0.19774672
3667,2020_Townsend,CC(C)C[C@@H]1NC(=O)[C@@H]2CCCN2C(=O)[C@@H](CC(C)C)NC(=O)[C@@H](CC(C)C)N(C)C(=O)[C@H](C)NC(=O)[C@H]2CCCN2C(=O)[C@H](Cc2ccccc2)NC1=O,hepta_90,3667,-5.92,7,7,Circle,0.177361,0.0604678,-28.4856,9.203,7.959,1.244,0.138792,0.0711466,8.78,7.67,1.11,12,83,test,train,test,train,train,train,train,train,train,train,,test,0.04,0.06110356
3651,2020_Townsend,CCCN1CC(=O)N(Cc2ccccc2)CC(=O)N(Cc2ccccc2)CC(=O)N2CCC[C@H]2C(=O)N(Cc2ccccc2)CC(=O)N[C@@H](Cc2ccccc2)C(=O)N2CCC[C@@H]2C1=O,hepta_74,3651,-6.28,7,7,Circle,0.157635,0.0455669,-31.8903,9.212,7.94,1.272,0.129607,0.0376648,9.182,8.12,1.062,94,16,train,train,test,test,train,val,train,train,train,train,,train,-0.1400000000000001,0.01456384
3650,2020_Townsend,CCCN1CC(=O)N(C)[C@@H](CC(C)C)C(=O)N[C@@H](Cc2ccccc2)CC(=O)N2CCC[C@H]2C(=O)N(Cc2ccccc2)CC(=O)N[C@@H](Cc2ccccc2)C(=O)N2CCC[C@@H]2C1=O,hepta_73,3650,-10.0,7,7,Circle,0.185716,0.0486426,-29.2774,9.715,8.644,1.071,0.188238,0.0477828,9.749,8.562,1.187,11,70,train,train,test,train,train,train,train,train,test,train,,train,-1.0,0.27424476
3612,2020_Townsend,CCCN1CC(=O)N[C@@H](CC(C)C)C(=O)N(C)[C@@H](CC(C)C)C(=O)N2CCC[C@H]2C(=O)N(C)[C@@H](CC(C)C)C(=O)N[C@@H](Cc2ccccc2)C(=O)N2CCC[C@@H]2C1=O,hepta_35,3612,-5.02,7,7,Circle,0.0948014,0.0370509,-28.9445,9.431,8.31,1.121,0.113576,0.0415521,9.095,8.066,1.029,8,86,train,train,test,train,train,train,train,train,test,train,,train,0.4900000000000002,0.44857264
3588,2020_Townsend,CCCN1CC(=O)N[C@@H](CC(C)C)C(=O)N(C)[C@H](CC(C)C)C(=O)N2CCC[C@H]2C(=O)N[C@H](CC(C)C)C(=O)N[C@@H](Cc2ccccc2)C(=O)N2CCC[C@@H]2C1=O,hepta_11,3588,-5.43,7,7,Circle,0.166831,0.0631387,-24.4045,9.213,7.903,1.31,0.163369,0.0570498,9.112,7.807,1.305,54,74,train,train,test,test,train,train,train,train,train,val,,train,0.2850000000000001,0.25727633
3585,2020_Townsend,CCCN1CC(=O)N[C@H](CC(C)C)C(=O)N[C@H](CC(C)C)C(=O)N2CCC[C@H]2C(=O)N(C)[C@H](CC(C)C)C(=O)N[C@@H](Cc2ccccc2)C(=O)N2CCC[C@@H]2C1=O,hepta_8,3585,-5.97,7,7,Circle,0.156934,0.0563467,-21.71,9.157,7.919,1.238,0.158638,0.0627448,9.037,7.892,1.145,15,18,train,train,test,train,train,train,val,train,train,val,,train,0.0150000000000001,0.19279721
3583,2020_Townsend,CCCN1CC(=O)N[C@H](CC(C)C)C(=O)N(C)[C@H](CC(C)C)C(=O)N2CCC[C@H]2C(=O)N[C@H](CC(C)C)C(=O)N[C@@H](Cc2ccccc2)C(=O)N2CCC[C@@H]2C1=O,hepta_6,3583,-10.0,7,7,Circle,0.153341,0.054752,-26.5704,9.507,8.114,1.393,0.145428,0.0485239,9.432,8.064,1.368,31,45,val,train,test,train,train,train,train,train,train,train,,val,-1.0,0.16916282
3567,2020_Townsend,CC(C)C[C@@H]1C(=O)N[C@@H](Cc2ccccc2)CC(=O)N2CCC[C@@H]2C(=O)N(C)[C@H](CC(C)C)C(=O)N[C@@H](Cc2ccccc2)C(=O)N(C)[C@H](C)C(=O)N1C,hexa_1053,3567,-5.58,6,6,Circle,0.195516,0.0515285,-21.9112,8.864,7.871,0.993,0.146054,0.0395829,8.604,7.626,0.978,56,83,train,val,test,train,train,train,train,test,train,train,,train,0.2099999999999999,-0.0786183
3560,2020_Townsend,CC(C)C[C@@H]1NC(=O)[C@H](CC(C)C)N(C)C(=O)[C@@H](C)N(C)C(=O)[C@H](Cc2ccccc2)NC(=O)CN(Cc2ccccc2)C(=O)[C@H]2CCCN2C1=O,hexa_1046,3560,-5.22,6,6,Circle,0.217517,0.102677,-24.1156,8.421,7.388,1.033,0.125547,0.0398369,8.33,7.338,0.992,12,70,val,test,test,train,val,train,test,train,train,train,,val,0.3900000000000001,0.44426686
3558,2020_Townsend,CC(C)C[C@@H]1NC(=O)[C@@H](C)N(C)C(=O)[C@H](Cc2ccccc2)NC(=O)[C@H](CC(C)C)N(C)C(=O)[C@H]2CCCN2C(=O)CN(Cc2ccccc2)C1=O,hexa_1044,3558,-5.14,6,6,Circle,0.166735,0.0572317,-23.1893,8.682,7.636,1.046,0.129494,0.0331327,8.543,7.596,0.947,81,42,train,train,test,train,train,val,train,train,train,train,,train,0.4300000000000001,0.40550688
3557,2020_Townsend,CC(C)C[C@@H]1NC(=O)[C@@H](C)N(C)C(=O)[C@H](Cc2ccccc2)NC(=O)[C@H](CC(C)C)NC(=O)[C@H]2CCCN2C(=O)C[C@H](Cc2ccccc2)NC1=O,hexa_1043,3557,-6.17,6,6,Circle,0.187912,0.0716889,-30.9201,8.484,7.365,1.119,0.148543,0.0376679,8.234,7.096,1.138,35,56,val,train,test,train,train,train,train,train,train,val,,val,-0.0849999999999999,-0.88025403
3531,2020_Townsend,CC(C)C[C@@H]1NC(=O)[C@H](CC(C)C)N(C)C(=O)[C@@H](C)N(C)C(=O)[C@H](Cc2ccccc2)NC(=O)[C@@H](CC(C)C)N(C)C(=O)[C@H]2CCCN2C1=O,hexa_1017,3531,-4.89,6,6,Circle,0.16685,0.061641,-22.1341,8.468,7.456,1.012,0.128216,0.0487523,8.367,7.54,0.827,22,91,train,train,test,train,train,train,train,train,train,train,,train,0.5550000000000002,0.6618188
3528,2020_Townsend,CC(C)C[C@@H]1NC(=O)[C@@H](C)N(C)C(=O)[C@H](Cc2ccccc2)NC(=O)[C@@H](CC(C)C)N(C)C(=O)[C@H]2CCCN2C(=O)[C@H](CC(C)C)N(C)C1=O,hexa_1014,3528,-4.84,6,6,Circle,0.162817,0.0550408,-25.7481,8.651,7.58,1.071,0.139002,0.046575,8.42,7.307,1.113,31,80,train,val,test,train,train,train,train,train,train,train,,train,0.5800000000000001,0.6205798
3512,2020_Townsend,CC(C)C[C@@H]1NC(=O)[C@@H](CC(C)C)NC(=O)[C@@H](C)N(C)C(=O)[C@H](Cc2ccccc2)NC(=O)[C@H](CC(C)C)N(C)C(=O)[C@H]2CCCN2C1=O,hexa_998,3512,-4.96,6,6,Circle,0.110619,0.0357362,-16.2049,8.047,7.061,0.986,0.0977132,0.039889,7.994,7.071,0.923,61,35,train,train,test,train,train,train,train,train,train,val,,train,0.52,0.5521824
3509,2020_Townsend,CC(C)C[C@@H]1NC(=O)[C@H]2CCCN2C(=O)[C@H](CC(C)C)N(C)C(=O)[C@@H](CC(C)C)NC(=O)[C@@H](C)N(C)C(=O)[C@H](Cc2ccccc2)NC1=O,hexa_995,3509,-5.53,6,6,Circle,0.141779,0.0504126,-21.0355,8.231,7.189,1.042,0.110728,0.0482904,8.202,7.119,1.083,51,66,train,train,test,train,test,train,train,train,train,train,,train,0.2349999999999998,0.3683707
3503,2020_Townsend,CC(C)C[C@@H]1NC(=O)[C@@H](C)N(C)C(=O)[C@H](Cc2ccccc2)NC(=O)[C@@H](CC(C)C)NC(=O)[C@H]2CCCN2C(=O)[C@@H](CC(C)C)N(C)C1=O,hexa_989,3503,-5.25,6,6,Circle,0.161375,0.0448812,-26.2169,8.502,7.31,1.192,0.147758,0.0438988,8.213,7.129,1.084,100,38,train,val,test,train,train,val,train,train,train,train,,train,0.375,0.268241
3501,2020_Townsend,CC(C)C[C@@H]1NC(=O)[C@@H](C)N(C)C(=O)[C@H](Cc2ccccc2)NC(=O)[C@@H](CC(C)C)N(C)C(=O)[C@H]2CCCN2C(=O)[C@@H](CC(C)C)NC1=O,hexa_987,3501,-5.52,6,6,Circle,0.159996,0.0505136,-22.4764,8.332,7.309,1.023,0.13526,0.0399348,8.32,7.258,1.062,5,46,test,train,test,train,train,train,train,train,train,train,,test,0.2400000000000002,0.2572741
3492,2020_Townsend,CC(C)C[C@@H]1NC(=O)[C@H]2CCCN2C(=O)[C@@H](CC(C)C)NC(=O)[C@@H](CC(C)C)NC(=O)[C@@H](C)N(C)C(=O)[C@H](Cc2ccccc2)NC1=O,hexa_978,3492,-6.55,6,6,Circle,0.101296,0.0321907,-23.692,8.322,7.155,1.167,0.116292,0.0381257,8.253,7.178,1.075,87,35,train,train,test,val,train,train,train,val,train,val,,train,-0.2749999999999999,0.04458453
3484,2020_Townsend,CC(C)C[C@H]1NC(=O)[C@H](C)N(C)C(=O)[C@H](Cc2ccccc2)NC(=O)CN(Cc2ccccc2)C(=O)[C@H]2CCCN2C(=O)C[C@H](Cc2ccccc2)NC1=O,hexa_970,3484,-5.64,6,6,Circle,0.189195,0.0537751,-23.5743,8.521,7.481,1.04,0.13051,0.0270018,8.582,7.627,0.955,4,26,train,train,test,train,val,train,train,train,train,test,,train,0.1800000000000001,0.36839485
3451,2020_Townsend,CC(C)C[C@@H]1NC(=O)[C@H]2CCCN2C(=O)[C@H](CC(C)C)NC(=O)CN(Cc2ccccc2)C(=O)[C@H](C)N(C)C(=O)[C@H](Cc2ccccc2)NC1=O,hexa_937,3451,-5.22,6,6,Circle,0.168627,0.0590061,-26.9157,8.312,7.36,0.952,0.136252,0.029453,8.305,7.44,0.865,59,6,train,test,test,train,train,val,val,train,train,train,,train,0.3900000000000001,0.019652776
3443,2020_Townsend,CC(C)C[C@@H]1NC(=O)[C@H]2CCCN2C(=O)[C@H](CC(C)C)N(C)C(=O)[C@@H](CC(C)C)N(C)C(=O)[C@H](C)N(C)C(=O)[C@H](Cc2ccccc2)NC1=O,hexa_929,3443,-5.26,6,6,Circle,0.221596,0.0856772,-18.1146,8.32,7.342,0.978,0.134386,0.0379767,8.319,7.234,1.085,98,62,train,train,test,train,train,train,train,val,train,train,,train,0.3700000000000001,0.58819944
3430,2020_Townsend,CC(C)C[C@@H]1NC(=O)[C@H]2CCCN2C(=O)[C@H](CC(C)C)N(C)C(=O)[C@@H](CC(C)C)NC(=O)[C@H](C)N(C)C(=O)[C@H](Cc2ccccc2)NC1=O,hexa_916,3430,-5.49,6,6,Circle,0.107584,0.0344631,-20.826,8.313,7.185,1.128,0.1009,0.0336126,8.223,7.143,1.08,79,50,train,train,test,train,train,train,train,train,val,train,,train,0.2549999999999999,0.35700393
3426,2020_Townsend,CC(C)C[C@H]1C(=O)N2CCC[C@@H]2C(=O)N[C@H](CC(C)C)C(=O)N[C@@H](Cc2ccccc2)C(=O)N(C)[C@@H](C)C(=O)N[C@H](CC(C)C)C(=O)N1C,hexa_912,3426,-5.05,6,6,Circle,0.15753,0.047392,-20.5999,8.177,7.038,1.139,0.107308,0.0408602,8.324,7.142,1.182,56,50,test,test,test,train,train,train,train,train,train,train,,test,0.4750000000000001,0.40815726
3421,2020_Townsend,CC(C)C[C@@H]1NC(=O)[C@H]2CCCN2C(=O)[C@@H](CC(C)C)N(C)C(=O)[C@@H](CC(C)C)NC(=O)[C@H](C)N(C)C(=O)[C@H](Cc2ccccc2)NC1=O,hexa_907,3421,-5.71,6,6,Circle,0.129419,0.0394841,-27.2743,8.504,7.309,1.195,0.104787,0.0314301,8.068,7.103,0.965,5,19,train,train,test,train,train,train,train,train,train,val,,train,0.145,0.29584175
3394,2020_Townsend,CC(C)C[C@@H]1NC(=O)[C@@H]2CCCN2C(=O)C[C@H](Cc2ccccc2)NC(=O)[C@@H](CC(C)C)N(C)C(=O)[C@@H](C)N(C)C(=O)[C@H](Cc2ccccc2)NC1=O,hexa_880,3394,-5.42,6,6,Circle,0.169759,0.0387161,-30.6201,8.967,7.773,1.194,0.141208,0.0385136,8.945,7.698,1.247,45,34,train,train,test,train,train,train,test,train,train,val,,train,0.29,0.065092176
3388,2020_Townsend,CC(C)C[C@H]1NC(=O)[C@@H](C)N(C)C(=O)[C@H](Cc2ccccc2)NC(=O)[C@@H](CC(C)C)N(C)C(=O)[C@@H]2CCCN2C(=O)C[C@H](Cc2ccccc2)NC1=O,hexa_874,3388,-5.66,6,6,Circle,0.164611,0.0388471,-29.7892,8.642,7.61,1.032,0.156948,0.049919,8.545,7.513,1.032,93,68,train,train,test,train,train,train,train,train,train,train,,train,0.1699999999999999,0.20954162
3386,2020_Townsend,CC(C)C[C@@H]1NC(=O)[C@@H](C)N(C)C(=O)[C@H](Cc2ccccc2)NC(=O)[C@H](CC(C)C)N(C)C(=O)[C@@H]2CCCN2C(=O)CN(Cc2ccccc2)C1=O,hexa_872,3386,-5.07,6,6,Circle,0.176121,0.0646008,-24.8488,8.487,7.418,1.069,0.170851,0.0624309,8.443,7.345,1.098,54,5,val,train,test,train,train,train,train,train,train,test,,val,0.4649999999999998,0.53359336
3365,2020_Townsend,CC(C)C[C@@H]1NC(=O)[C@H](CC(C)C)N(C)C(=O)[C@@H](C)N(C)C(=O)[C@H](Cc2ccccc2)NC(=O)[C@H](CC(C)C)N(C)C(=O)[C@@H]2CCCN2C1=O,hexa_851,3365,-4.77,6,6,Circle,0.145851,0.0406805,-16.6119,8.388,7.4,0.988,0.143886,0.0490838,8.34,7.382,0.958,18,55,train,test,test,train,train,train,train,train,train,test,,train,0.6150000000000002,0.71366036
3336,2020_Townsend,CC(C)C[C@@H]1NC(=O)[C@@H](C)N(C)C(=O)[C@H](Cc2ccccc2)NC(=O)[C@@H](CC(C)C)NC(=O)[C@@H]2CCCN2C(=O)[C@H](CC(C)C)N(C)C1=O,hexa_822,3336,-5.38,6,6,Circle,0.145003,0.0509479,-34.6474,8.487,7.262,1.225,0.123822,0.0538779,8.474,7.377,1.097,34,84,train,train,test,train,val,train,train,train,train,train,,train,0.31,0.17898409
3331,2020_Townsend,CC(C)C[C@@H]1NC(=O)[C@@H](C)N(C)C(=O)[C@H](Cc2ccccc2)NC(=O)[C@@H](CC(C)C)N(C)C(=O)[C@@H]2CCCN2C(=O)[C@@H](CC(C)C)NC1=O,hexa_817,3331,-5.19,6,6,Circle,0.12404,0.042937,-32.607,8.573,7.328,1.245,0.136643,0.051222,8.412,7.28,1.132,48,70,train,val,test,train,train,train,train,train,train,test,,train,0.4049999999999998,0.23040888
3326,2020_Townsend,CC(C)C[C@@H]1NC(=O)[C@@H]2CCCN2C(=O)[C@H](CC(C)C)NC(=O)[C@H](CC(C)C)NC(=O)[C@@H](C)N(C)C(=O)[C@H](Cc2ccccc2)NC1=O,hexa_812,3326,-6.26,6,6,Circle,0.122874,0.0325984,-24.4975,8.156,6.963,1.193,0.144231,0.0508799,8.292,7.029,1.263,84,7,train,train,test,train,test,test,test,test,train,test,,train,-0.1299999999999999,-0.16041528
3318,2020_Townsend,C[C@H]1C(=O)N(Cc2ccccc2)CC(=O)N(Cc2ccccc2)CC(=O)N2CCC[C@H]2C(=O)N(Cc2ccccc2)CC(=O)N[C@@H](Cc2ccccc2)C(=O)N1C,hexa_804,3318,-5.71,6,6,Circle,0.175018,0.0339164,-32.8542,8.763,7.63,1.133,0.16092,0.055013,8.317,7.095,1.222,55,51,train,train,test,train,train,test,train,train,val,train,,train,0.145,0.10993388
3307,2020_Townsend,CC(C)C[C@H]1C(=O)N[C@@H](Cc2ccccc2)CC(=O)N2CCC[C@H]2C(=O)N(C)[C@H](CC(C)C)C(=O)N[C@@H](Cc2ccccc2)C(=O)N(C)[C@@H](C)C(=O)N1C,hexa_793,3307,-4.89,6,6,Circle,0.166008,0.0491017,-17.5396,8.864,7.739,1.125,0.172886,0.0443518,8.742,7.705,1.037,31,35,val,train,test,val,train,train,val,train,train,train,,val,0.5550000000000002,0.42110702
3299,2020_Townsend,CC(C)C[C@H]1C(=O)N[C@@H](Cc2ccccc2)C(=O)N(C)[C@@H](C)C(=O)N(C)[C@H](CC(C)C)C(=O)N(Cc2ccccc2)CC(=O)N2CCC[C@H]2C(=O)N1C,hexa_785,3299,-4.0,6,6,Circle,0.159925,0.0472681,-20.7061,8.564,7.549,1.015,0.154277,0.0580256,8.455,7.599,0.856,40,72,train,train,test,train,train,train,train,val,train,test,-4.95,test,1.0,0.7273703
3288,2020_Townsend,CC(C)C[C@H]1C(=O)N2CCC[C@H]2C(=O)N(Cc2ccccc2)CC(=O)N[C@@H](Cc2ccccc2)C(=O)N(C)[C@@H](C)C(=O)N[C@H](CC(C)C)C(=O)N1C,hexa_774,3288,-4.98,6,6,Circle,0.177731,0.0512208,-31.7937,8.393,7.146,1.247,0.16997,0.0382267,8.236,7.204,1.032,82,77,val,train,test,train,val,train,train,train,test,train,,val,0.5099999999999998,0.43555373
3284,2020_Townsend,CC(C)C[C@@H]1NC(=O)[C@H](C)N(C)C(=O)[C@H](Cc2ccccc2)NC(=O)CN(Cc2ccccc2)C(=O)[C@@H]2CCCN2C(=O)[C@@H](CC(C)C)N(C)C1=O,hexa_770,3284,-4.88,6,6,Circle,0.17332,0.0503853,-32.9042,8.507,7.413,1.094,0.174895,0.0525224,8.618,7.496,1.122,66,40,train,train,test,train,train,test,train,val,train,train,,train,0.56,0.43905795
3274,2020_Townsend,CC(C)C[C@H]1NC(=O)[C@@H]2CCCN2C(=O)CN(Cc2ccccc2)C(=O)[C@@H](CC(C)C)N(C)C(=O)[C@H](C)N(C)C(=O)[C@H](Cc2ccccc2)NC1=O,hexa_760,3274,-5.84,6,6,Circle,0.165125,0.0490697,-26.5676,8.462,7.373,1.089,0.156515,0.0661201,8.135,7.247,0.888,76,61,train,train,test,train,train,test,val,train,val,train,,train,0.08,0.19347677
3271,2020_Townsend,CC(C)C[C@H]1C(=O)N[C@@H](Cc2ccccc2)C(=O)N(C)[C@@H](C)C(=O)N(C)[C@H](CC(C)C)C(=O)N(C)[C@H](CC(C)C)C(=O)N2CCC[C@H]2C(=O)N1C,hexa_757,3271,-4.4,6,6,Circle,0.13083,0.0340414,-18.7879,8.545,7.485,1.06,0.166253,0.0642703,8.456,7.618,0.838,66,25,train,train,test,train,train,train,train,train,train,train,,train,0.7999999999999998,0.82197714
3260,2020_Townsend,CC(C)C[C@@H]1NC(=O)[C@H](C)N(C)C(=O)[C@H](Cc2ccccc2)NC(=O)[C@H](CC(C)C)N(C)C(=O)[C@@H]2CCCN2C(=O)[C@@H](CC(C)C)N(C)C1=O,hexa_746,3260,-4.67,6,6,Circle,0.140903,0.0436851,-29.291,8.418,7.247,1.171,0.188808,0.0720756,8.386,7.353,1.033,47,94,train,train,test,train,train,train,train,train,train,train,,train,0.665,0.66589934
3248,2020_Townsend,CC(C)C[C@H]1C(=O)N[C@@H](Cc2ccccc2)C(=O)N(C)[C@@H](C)C(=O)N(C)[C@H](CC(C)C)C(=O)N[C@H](CC(C)C)C(=O)N2CCC[C@H]2C(=O)N1C,hexa_734,3248,-4.74,6,6,Circle,0.162136,0.0589113,-19.5156,8.478,7.28,1.198,0.148112,0.0482987,8.485,7.275,1.21,65,43,train,train,test,train,train,train,train,test,train,test,,train,0.6299999999999999,0.8955623
3247,2020_Townsend,CC(C)C[C@H]1C(=O)N2CCC[C@H]2C(=O)N[C@H](CC(C)C)C(=O)N[C@@H](Cc2ccccc2)C(=O)N(C)[C@@H](C)C(=O)N(C)[C@H](CC(C)C)C(=O)N1C,hexa_733,3247,-6.07,6,6,Circle,0.127853,0.0417514,-21.7041,8.334,7.39,0.944,0.112091,0.0374056,8.229,7.305,0.924,66,61,train,train,test,train,train,train,train,train,train,train,,train,-0.0350000000000001,0.5773085
3239,2020_Townsend,CC(C)C[C@@H]1NC(=O)[C@H](C)N(C)C(=O)[C@H](Cc2ccccc2)NC(=O)[C@H](CC(C)C)N(C)C(=O)[C@@H]2CCCN2C(=O)[C@@H](CC(C)C)NC1=O,hexa_725,3239,-5.0,6,6,Circle,0.152244,0.0395931,-34.1586,8.453,7.154,1.299,0.10707,0.0374371,8.3,7.194,1.106,5,36,train,val,test,train,train,test,train,val,test,train,,train,0.5,0.4871502
3235,2020_Townsend,CC(C)C[C@@H]1NC(=O)[C@@H]2CCCN2C(=O)[C@H](CC(C)C)N(C)C(=O)[C@@H](CC(C)C)NC(=O)[C@H](C)N(C)C(=O)[C@H](Cc2ccccc2)NC1=O,hexa_721,3235,-5.78,6,6,Circle,0.259005,0.122776,-26.4176,8.374,7.205,1.169,0.14298,0.0389073,8.219,7.315,0.904,11,12,train,train,test,train,train,train,train,train,train,train,,train,0.1099999999999998,0.45877308
3233,2020_Townsend,CC(C)C[C@H]1C(=O)N[C@H](CC(C)C)C(=O)N2CCC[C@H]2C(=O)N[C@H](CC(C)C)C(=O)N[C@@H](Cc2ccccc2)C(=O)N(C)[C@@H](C)C(=O)N1C,hexa_719,3233,-4.88,6,6,Circle,0.12329,0.0480256,-18.9398,7.963,6.833,1.13,0.122427,0.0326418,7.877,6.789,1.088,6,24,train,test,test,train,train,train,train,train,val,train,,train,0.56,0.035318166
3230,2020_Townsend,CC(C)C[C@@H]1NC(=O)[C@@H](CC(C)C)NC(=O)[C@H](C)N(C)C(=O)[C@H](Cc2ccccc2)NC(=O)[C@@H](CC(C)C)N(C)C(=O)[C@@H]2CCCN2C1=O,hexa_716,3230,-5.13,6,6,Circle,0.151919,0.0490173,-19.2519,8.361,7.278,1.083,0.145999,0.0465016,8.323,7.285,1.038,44,37,train,val,test,train,train,train,train,train,train,train,,train,0.435,0.54829973
3222,2020_Townsend,CC(C)C[C@@H]1NC(=O)[C@H](C)N(C)C(=O)[C@H](Cc2ccccc2)NC(=O)[C@H](CC(C)C)NC(=O)[C@@H]2CCCN2C(=O)[C@@H](CC(C)C)NC1=O,hexa_708,3222,-5.42,6,6,Circle,0.145425,0.0433841,-39.2371,8.191,6.75,1.441,0.193024,0.0647066,8.168,6.971,1.197,95,60,train,train,test,train,train,train,train,test,train,train,,train,0.29,0.22687323
3217,2020_Townsend,CC(C)C[C@@H]1NC(=O)[C@@H]2CCCN2C(=O)[C@@H](CC(C)C)NC(=O)[C@@H](CC(C)C)NC(=O)[C@H](C)N(C)C(=O)[C@H](Cc2ccccc2)NC1=O,hexa_703,3217,-5.8,6,6,Circle,0.150923,0.0390598,-24.9873,8.078,6.811,1.267,0.152018,0.0715662,8.133,7.027,1.106,89,64,train,train,test,train,train,train,train,train,train,train,,train,0.1,0.46103308
3214,2020_Townsend,CC(C)C[C@H]1C(=O)N[C@@H](Cc2ccccc2)C(=O)N[C@H](C)C(=O)N(Cc2ccccc2)CC(=O)N[C@@H](Cc2ccccc2)CC(=O)N2CCC[C@@H]2C(=O)N1C,hexa_700,3214,-5.63,6,6,Circle,0.17944,0.0521447,-27.6819,8.695,7.541,1.154,0.169115,0.0394902,8.667,7.562,1.105,66,25,train,train,test,train,train,train,test,train,train,train,,train,0.185,0.20579857
3206,2020_Townsend,CC(C)C[C@H]1C(=O)N2CCC[C@@H]2C(=O)N(C)[C@@H](CC(C)C)C(=O)N[C@@H](Cc2ccccc2)C(=O)N[C@H](C)C(=O)N(Cc2ccccc2)CC(=O)N1C,hexa_692,3206,-5.27,6,6,Circle,0.17115,0.0444805,-25.1559,8.462,7.494,0.968,0.136511,0.0463955,8.55,7.55,1.0,5,73,train,val,test,val,train,test,train,train,train,test,,train,0.3650000000000002,0.4056278
3203,2020_Townsend,CC(C)C[C@H]1C(=O)N2CCC[C@@H]2C(=O)N(Cc2ccccc2)CC(=O)N[C@@H](Cc2ccccc2)C(=O)N[C@H](C)C(=O)N(C)[C@H](CC(C)C)C(=O)N1C,hexa_689,3203,-5.26,6,6,Circle,0.133653,0.0417062,-22.5618,8.243,7.198,1.045,0.137465,0.0464796,8.304,7.172,1.132,62,46,train,val,test,val,train,train,train,train,test,train,,train,0.3700000000000001,0.49972308
3188,2020_Townsend,CC(C)C[C@@H]1NC(=O)[C@@H](C)NC(=O)[C@H](Cc2ccccc2)NC(=O)[C@@H](CC(C)C)NC(=O)[C@H]2CCCN2C(=O)C[C@H](Cc2ccccc2)NC1=O,hexa_674,3188,-5.06,6,6,Circle,0.164572,0.0384444,-33.925,8.406,7.202,1.204,0.152545,0.0462894,8.424,7.366,1.058,70,20,train,train,test,train,train,val,val,train,test,val,,train,0.4700000000000002,-0.17603877
3186,2020_Townsend,CC(C)C[C@H]1C(=O)N[C@H](CC(C)C)C(=O)N2CCC[C@@H]2C(=O)N(Cc2ccccc2)CC(=O)N[C@@H](Cc2ccccc2)C(=O)N[C@H](C)C(=O)N1C,hexa_672,3186,-5.48,6,6,Circle,0.172043,0.0372603,-34.5485,8.701,7.49,1.211,0.161118,0.0488252,8.629,7.43,1.199,9,6,train,train,test,train,train,train,val,train,train,train,,train,0.2599999999999998,0.18680969
3177,2020_Townsend,CC(C)C[C@H]1NC(=O)[C@@H](C)NC(=O)[C@H](Cc2ccccc2)NC(=O)[C@@H](CC(C)C)N(C)C(=O)[C@H]2CCCN2C(=O)CN(Cc2ccccc2)C1=O,hexa_663,3177,-6.09,6,6,Circle,0.160068,0.055051,-38.8913,8.633,7.468,1.165,0.10826,0.0296613,8.224,7.222,1.002,61,6,train,test,test,train,train,train,test,train,train,val,,train,-0.0449999999999999,-0.046609167
3169,2020_Townsend,CC(C)C[C@@H]1NC(=O)[C@H](CC(C)C)N(C)C(=O)[C@@H](C)NC(=O)[C@H](Cc2ccccc2)NC(=O)[C@H](CC(C)C)N(C)C(=O)[C@H]2CCCN2C1=O,hexa_655,3169,-4.87,6,6,Circle,0.174205,0.0734841,-21.0442,8.166,7.195,0.971,0.134983,0.0426823,8.075,7.123,0.952,16,28,train,train,test,train,val,train,val,val,train,test,,train,0.565,0.46106312
3165,2020_Townsend,CC(C)C[C@@H]1NC(=O)[C@@H](C)NC(=O)[C@H](Cc2ccccc2)NC(=O)[C@@H](CC(C)C)NC(=O)[C@H]2CCCN2C(=O)CN(Cc2ccccc2)C1=O,hexa_651,3165,-5.99,6,6,Circle,0.180426,0.0729426,-42.5295,8.215,6.898,1.317,0.124022,0.044287,7.719,6.562,1.157,29,53,train,train,test,val,val,train,train,train,val,train,,train,0.0049999999999998,0.01682602
3152,2020_Townsend,CC(C)C[C@H]1NC(=O)[C@@H](C)NC(=O)[C@H](Cc2ccccc2)NC(=O)CN(Cc2ccccc2)C(=O)[C@H]2CCCN2C(=O)[C@@H](CC(C)C)NC1=O,hexa_638,3152,-6.72,6,6,Circle,0.149185,0.037532,-35.0015,8.308,7.017,1.291,0.149642,0.0674317,8.113,6.918,1.195,48,85,val,train,test,test,val,test,train,train,train,train,,val,-0.3599999999999999,-0.14380491
3149,2020_Townsend,CC(C)C[C@H]1C(=O)N[C@@H](Cc2ccccc2)C(=O)N[C@H](C)C(=O)N(C)[C@H](CC(C)C)C(=O)N[C@H](CC(C)C)C(=O)N2CCC[C@@H]2C(=O)N1C,hexa_635,3149,-5.3,6,6,Circle,0.214852,0.079448,-15.2953,8.222,7.046,1.176,0.137314,0.0474653,8.152,7.176,0.976,73,40,val,test,test,val,train,train,val,train,test,train,,val,0.3500000000000001,0.38499635
3142,2020_Townsend,CC(C)C[C@@H]1NC(=O)[C@@H](C)NC(=O)[C@H](Cc2ccccc2)NC(=O)[C@H](CC(C)C)N(C)C(=O)[C@H]2CCCN2C(=O)[C@H](CC(C)C)NC1=O,hexa_628,3142,-5.64,6,6,Circle,0.166048,0.0667543,-25.2663,8.339,7.195,1.144,0.10513,0.0414447,7.942,6.782,1.16,70,46,train,train,test,val,train,train,val,train,train,val,,train,0.1800000000000001,0.20769323
3141,2020_Townsend,CC(C)C[C@@H]1NC(=O)[C@H]2CCCN2C(=O)[C@H](CC(C)C)NC(=O)[C@H](CC(C)C)N(C)C(=O)[C@@H](C)NC(=O)[C@H](Cc2ccccc2)NC1=O,hexa_627,3141,-5.99,6,6,Circle,0.157896,0.0666812,-24.0295,8.279,7.204,1.075,0.167498,0.0734514,8.103,7.025,1.078,87,41,test,train,test,train,train,train,train,train,train,train,,test,0.0049999999999998,0.15497145
3137,2020_Townsend,CC(C)C[C@@H]1NC(=O)[C@H]2CCCN2C(=O)[C@@H](CC(C)C)N(C)C(=O)[C@H](CC(C)C)NC(=O)[C@@H](C)NC(=O)[C@H](Cc2ccccc2)NC1=O,hexa_623,3137,-6.15,6,6,Circle,0.19159,0.0644079,-26.9659,8.359,7.175,1.184,0.0982091,0.0449037,7.86,6.842,1.018,42,39,train,train,test,train,val,test,test,train,val,train,,train,-0.0750000000000001,-0.03352843
3133,2020_Townsend,CC(C)C[C@@H]1NC(=O)[C@@H](CC(C)C)NC(=O)[C@@H](C)NC(=O)[C@H](Cc2ccccc2)NC(=O)[C@@H](CC(C)C)N(C)C(=O)[C@H]2CCCN2C1=O,hexa_619,3133,-5.38,6,6,Circle,0.181354,0.0730796,-27.5204,8.335,7.027,1.308,0.151093,0.0464367,8.076,6.969,1.107,89,99,train,train,test,val,train,train,train,train,train,train,,train,0.31,-0.027903963
3124,2020_Townsend,CC(C)C[C@@H]1NC(=O)[C@@H](C)NC(=O)[C@H](Cc2ccccc2)NC(=O)[C@H](CC(C)C)NC(=O)[C@H]2CCCN2C(=O)[C@H](CC(C)C)NC1=O,hexa_610,3124,-6.61,6,6,Circle,0.165158,0.0637173,-27.1296,8.183,6.996,1.187,0.119616,0.033605,7.847,6.69,1.157,24,38,train,train,test,train,train,train,train,train,train,train,,train,-0.3050000000000001,-0.13942769
3116,2020_Townsend,CC(C)C[C@H]1C(=O)N(Cc2ccccc2)CC(=O)N2CCC[C@@H]2C(=O)N(Cc2ccccc2)CC(=O)N[C@@H](Cc2ccccc2)C(=O)N[C@@H](C)C(=O)N1C,hexa_602,3116,-5.67,6,6,Circle,0.20187,0.0726809,-31.3401,8.517,7.413,1.104,0.16377,0.037534,8.62,7.455,1.165,91,5,test,train,test,train,train,train,train,train,train,val,,test,0.165,0.12077518
3115,2020_Townsend,CC(C)C[C@@H]1NC(=O)[C@H]2CCCN2C(=O)C[C@H](Cc2ccccc2)NC(=O)CN(Cc2ccccc2)C(=O)[C@H](C)NC(=O)[C@H](Cc2ccccc2)NC1=O,hexa_601,3115,-10.0,6,6,Circle,0.181437,0.0369498,-22.8134,8.388,7.428,0.96,0.120595,0.0302076,8.197,7.264,0.933,68,96,train,val,test,train,train,train,train,train,train,val,,train,-1.0,-0.10150528
3113,2020_Townsend,CC(C)C[C@@H]1NC(=O)[C@H](C)NC(=O)[C@H](Cc2ccccc2)NC(=O)CN(Cc2ccccc2)C(=O)[C@H]2CCCN2C(=O)CN(Cc2ccccc2)C1=O,hexa_599,3113,-6.03,6,6,Circle,0.176285,0.0645128,-42.23,8.258,6.988,1.27,0.109274,0.0291323,8.184,7.181,1.003,75,43,test,train,test,train,train,train,train,train,val,train,,test,-0.0150000000000001,-0.11291087
3107,2020_Townsend,CC(C)C[C@H]1C(=O)N2CCC[C@@H]2C(=O)N(Cc2ccccc2)CC(=O)N[C@@H](Cc2ccccc2)C(=O)N[C@@H](C)C(=O)N(C)[C@H](CC(C)C)C(=O)N1C,hexa_593,3107,-5.28,6,6,Circle,0.186165,0.0887146,-23.1163,8.339,7.171,1.168,0.166846,0.0724833,8.276,7.223,1.053,25,66,train,train,test,train,train,train,train,test,train,train,,train,0.3599999999999999,0.4393648
3084,2020_Townsend,CC(C)C[C@H]1NC(=O)[C@H](C)NC(=O)[C@H](Cc2ccccc2)NC(=O)[C@@H](CC(C)C)NC(=O)[C@H]2CCCN2C(=O)C[C@H](Cc2ccccc2)NC1=O,hexa_570,3084,-5.04,6,6,Circle,0.205106,0.0552769,-19.5067,8.119,7.02,1.099,0.163157,0.0307508,8.228,7.113,1.115,58,44,test,train,test,train,train,train,train,train,train,train,,test,0.48,0.058479384
3069,2020_Townsend,CC(C)C[C@H]1C(=O)N2CCC[C@@H]2C(=O)N(C)[C@@H](CC(C)C)C(=O)N[C@@H](Cc2ccccc2)C(=O)N[C@@H](C)C(=O)N[C@H](CC(C)C)C(=O)N1C,hexa_555,3069,-5.46,6,6,Circle,0.112019,0.0420243,-21.2495,8.067,6.915,1.152,0.0925937,0.0418816,8.177,7.021,1.156,55,17,train,train,test,train,val,train,train,train,train,train,,train,0.27,0.1730363
3060,2020_Townsend,CC(C)C[C@H]1C(=O)N2CCC[C@@H]2C(=O)N(C)[C@H](CC(C)C)C(=O)N[C@@H](Cc2ccccc2)C(=O)N[C@@H](C)C(=O)N[C@H](CC(C)C)C(=O)N1C,hexa_546,3060,-5.69,6,6,Circle,0.191426,0.0662579,-26.1215,8.315,7.208,1.107,0.118895,0.0357038,8.207,7.009,1.198,8,32,train,train,test,train,train,test,train,train,train,train,,train,0.1549999999999998,0.2282301
3054,2020_Townsend,CC(C)C[C@H]1NC(=O)[C@H](C)NC(=O)[C@H](Cc2ccccc2)NC(=O)[C@@H](CC(C)C)N(C)C(=O)[C@H]2CCCN2C(=O)[C@@H](CC(C)C)N(C)C1=O,hexa_540,3054,-10.0,6,6,Circle,0.133753,0.043821,-24.3481,8.236,7.039,1.197,0.0776268,0.0282567,8.179,7.003,1.176,57,16,train,test,test,val,train,train,train,train,train,train,,train,-1.0,-0.11051522
3041,2020_Townsend,CC(C)C[C@@H]1NC(=O)[C@@H](CC(C)C)NC(=O)[C@H](C)NC(=O)[C@H](Cc2ccccc2)NC(=O)[C@@H](CC(C)C)N(C)C(=O)[C@H]2CCCN2C1=O,hexa_527,3041,-5.4,6,6,Circle,0.194087,0.0616456,-28.0638,8.098,6.845,1.253,0.225852,0.122552,8.128,7.032,1.096,33,26,train,train,test,train,train,train,train,train,train,train,,train,0.2999999999999998,0.105157584
3025,2020_Townsend,C[C@H]1NC(=O)[C@H](Cc2ccccc2)NC(=O)CN(Cc2ccccc2)C(=O)[C@@H]2CCCN2C(=O)C[C@H](Cc2ccccc2)NC(=O)CN(Cc2ccccc2)C1=O,hexa_511,3025,-5.65,6,6,Circle,0.245872,0.0830157,-28.5071,8.264,7.139,1.125,0.180784,0.0483969,8.639,7.411,1.228,85,79,train,train,test,train,train,test,train,train,train,train,,train,0.1749999999999998,0.13003252
3012,2020_Townsend,CC(C)C[C@H]1C(=O)N2CCC[C@H]2C(=O)N(Cc2ccccc2)CC(=O)N[C@@H](Cc2ccccc2)C(=O)N[C@H](C)C(=O)N(C)[C@@H](CC(C)C)C(=O)N1C,hexa_498,3012,-5.37,6,6,Circle,0.137748,0.0328216,-32.2529,8.463,7.413,1.05,0.116119,0.0349618,8.268,7.257,1.011,93,79,train,train,test,train,train,train,train,train,val,train,,train,0.3149999999999999,0.34213087
3003,2020_Townsend,CC(C)C[C@@H]1C(=O)N(C)[C@H](CC(C)C)C(=O)N2CCC[C@H]2C(=O)N(Cc2ccccc2)CC(=O)N[C@@H](Cc2ccccc2)C(=O)N[C@H](C)C(=O)N1C,hexa_489,3003,-5.37,6,6,Circle,0.154067,0.0373427,-27.3905,8.66,7.496,1.164,0.178386,0.0594145,8.411,7.312,1.099,83,60,train,train,test,train,test,test,train,train,train,train,,train,0.3149999999999999,0.18281373
3000,2020_Townsend,CC(C)C[C@H]1NC(=O)[C@@H]2CCCN2C(=O)C[C@H](Cc2ccccc2)NC(=O)[C@@H](CC(C)C)N(C)C(=O)[C@@H](C)NC(=O)[C@H](Cc2ccccc2)NC1=O,hexa_486,3000,-5.87,6,6,Circle,0.153085,0.0375583,-34.0649,8.615,7.341,1.274,0.121773,0.0353715,8.912,7.723,1.189,58,57,train,train,test,train,train,train,train,train,test,train,,train,0.0649999999999999,-0.04547589
2999,2020_Townsend,CC(C)C[C@H]1NC(=O)[C@@H](C)NC(=O)[C@H](Cc2ccccc2)NC(=O)[C@@H](CC(C)C)N(C)C(=O)[C@@H]2CCCN2C(=O)C[C@H](Cc2ccccc2)NC1=O,hexa_485,2999,-6.75,6,6,Circle,0.229168,0.0800619,-27.734,8.77,7.436,1.334,0.185324,0.0605826,8.313,7.219,1.094,70,96,train,train,test,train,train,train,train,train,train,train,,train,-0.375,-0.2437602
2989,2020_Townsend,CC(C)C[C@@H]1NC(=O)[C@@H](C)NC(=O)[C@H](Cc2ccccc2)NC(=O)[C@@H](CC(C)C)NC(=O)[C@@H]2CCCN2C(=O)C[C@H](Cc2ccccc2)NC1=O,hexa_475,2989,-6.86,6,6,Circle,0.152292,0.0475299,-45.7793,8.697,7.292,1.405,0.167191,0.0493095,8.285,7.231,1.054,23,61,val,train,test,train,train,train,train,val,train,train,,val,-0.4300000000000001,-0.4535967
2968,2020_Townsend,CC(C)C[C@@H]1NC(=O)[C@@H](C)NC(=O)[C@H](Cc2ccccc2)NC(=O)[C@H](CC(C)C)N(C)C(=O)[C@@H]2CCCN2C(=O)[C@@H](CC(C)C)N(C)C1=O,hexa_454,2968,-5.78,6,6,Circle,0.164441,0.0601451,-27.7765,8.417,7.227,1.19,0.106015,0.0481445,8.144,7.128,1.016,74,23,train,train,test,train,train,train,train,train,train,train,,train,0.1099999999999998,0.2540107
2959,2020_Townsend,CC(C)C[C@H]1C(=O)N[C@@H](Cc2ccccc2)C(=O)N[C@H](C)C(=O)N(C)[C@H](CC(C)C)C(=O)N[C@H](CC(C)C)C(=O)N2CCC[C@H]2C(=O)N1C,hexa_445,2959,-5.38,6,6,Circle,0.146564,0.0383565,-29.1245,8.579,7.465,1.114,0.156311,0.0584776,8.192,7.152,1.04,72,13,val,val,test,train,train,train,train,train,train,train,,val,0.31,0.10999644
2954,2020_Townsend,CC(C)C[C@H]1NC(=O)[C@@H](C)NC(=O)[C@H](Cc2ccccc2)NC(=O)[C@@H](CC(C)C)N(C)C(=O)[C@@H]2CCCN2C(=O)[C@@H](CC(C)C)N(C)C1=O,hexa_440,2954,-6.37,6,6,Circle,0.139362,0.0340968,-24.4166,8.401,7.178,1.223,0.128796,0.0400934,8.133,7.101,1.032,85,94,train,train,test,val,train,train,val,test,train,val,,train,-0.185,-0.13237125
2952,2020_Townsend,CC(C)C[C@@H]1NC(=O)[C@@H](C)NC(=O)[C@H](Cc2ccccc2)NC(=O)[C@H](CC(C)C)N(C)C(=O)[C@@H]2CCCN2C(=O)[C@H](CC(C)C)NC1=O,hexa_438,2952,-6.27,6,6,Circle,0.146451,0.040195,-23.5659,8.276,7.085,1.191,0.111389,0.0396593,8.068,6.9,1.168,70,94,train,train,test,test,train,train,train,train,train,train,,train,-0.1349999999999998,-0.1566693
2945,2020_Townsend,CC(C)C[C@@H]1NC(=O)[C@@H](CC(C)C)N(C)C(=O)[C@@H](C)NC(=O)[C@H](Cc2ccccc2)NC(=O)[C@@H](CC(C)C)NC(=O)[C@@H]2CCCN2C1=O,hexa_431,2945,-5.8,6,6,Circle,0.206748,0.0738387,-24.9235,8.395,7.118,1.277,0.125711,0.0506859,8.34,7.127,1.213,36,82,train,train,test,train,train,train,train,test,train,train,,train,0.1,0.019123945
2920,2020_Townsend,CC(C)C[C@H]1C(=O)N(Cc2ccccc2)CC(=O)N2CCC[C@H]2C(=O)N(C)[C@@H](CC(C)C)C(=O)N[C@@H](Cc2ccccc2)C(=O)N[C@@H](C)C(=O)N1C,hexa_406,2920,-5.52,6,6,Circle,0.135768,0.0446597,-34.4559,8.322,7.174,1.148,0.108406,0.0435997,8.47,7.449,1.021,52,85,train,test,test,train,train,train,train,train,test,test,,train,0.2400000000000002,0.34695524
2918,2020_Townsend,CC(C)C[C@H]1C(=O)N2CCC[C@H]2C(=O)N(Cc2ccccc2)CC(=O)N[C@@H](Cc2ccccc2)C(=O)N[C@@H](C)C(=O)N(C)[C@H](CC(C)C)C(=O)N1C,hexa_404,2918,-5.3,6,6,Circle,0.136608,0.0365908,-21.7175,8.489,7.46,1.029,0.117913,0.0387196,8.455,7.463,0.992,9,46,train,train,test,train,train,train,train,val,train,train,,train,0.3500000000000001,0.33392006
2907,2020_Townsend,CC(C)C[C@@H]1NC(=O)[C@H](C)NC(=O)[C@H](Cc2ccccc2)NC(=O)[C@H](CC(C)C)N(C)C(=O)[C@@H]2CCCN2C(=O)CN(Cc2ccccc2)C1=O,hexa_393,2907,-5.89,6,6,Circle,0.15021,0.0598993,-31.7922,8.243,7.025,1.218,0.112398,0.044321,8.162,7.073,1.089,93,87,train,train,test,train,train,val,train,train,train,test,,train,0.0550000000000001,0.024291836
2896,2020_Townsend,CC(C)C[C@@H]1NC(=O)[C@@H]2CCCN2C(=O)C[C@H](Cc2ccccc2)NC(=O)[C@@H](CC(C)C)NC(=O)[C@H](C)NC(=O)[C@H](Cc2ccccc2)NC1=O,hexa_382,2896,-6.6,6,6,Circle,0.240898,0.0743931,-32.8316,8.291,6.965,1.326,0.158,0.0507586,8.306,7.174,1.132,52,42,train,train,test,train,train,train,train,train,train,train,,train,-0.2999999999999998,-0.21973321
2893,2020_Townsend,CC(C)C[C@H]1NC(=O)[C@@H](CC(C)C)N(C)C(=O)[C@H](C)NC(=O)[C@H](Cc2ccccc2)NC(=O)CN(Cc2ccccc2)C(=O)[C@@H]2CCCN2C1=O,hexa_379,2893,-5.22,6,6,Circle,0.177636,0.0532768,-28.6668,8.764,7.629,1.135,0.122355,0.0371227,8.146,6.909,1.237,67,33,train,val,test,train,val,train,train,test,train,val,,train,0.3900000000000001,0.28238717
2892,2020_Townsend,CC(C)C[C@H]1NC(=O)[C@H](C)NC(=O)[C@H](Cc2ccccc2)NC(=O)CN(Cc2ccccc2)C(=O)[C@@H]2CCCN2C(=O)[C@@H](CC(C)C)N(C)C1=O,hexa_378,2892,-5.39,6,6,Circle,0.152044,0.0453632,-25.2548,8.546,7.434,1.112,0.147163,0.037287,8.495,7.392,1.103,85,90,train,val,test,train,train,train,train,train,train,train,,train,0.3050000000000001,0.24447532
2878,2020_Townsend,CC(C)C[C@@H]1NC(=O)[C@H](C)NC(=O)[C@H](Cc2ccccc2)NC(=O)[C@@H](CC(C)C)NC(=O)[C@@H]2CCCN2C(=O)CN(Cc2ccccc2)C1=O,hexa_364,2878,-6.33,6,6,Circle,0.118116,0.0377242,-35.295,8.358,7.041,1.317,0.136258,0.0617439,7.971,6.616,1.355,37,43,train,val,test,train,train,train,train,val,val,val,,train,-0.165,-0.20233157
2855,2020_Townsend,CC(C)C[C@@H]1NC(=O)[C@@H]2CCCN2C(=O)[C@H](CC(C)C)N(C)C(=O)[C@@H](CC(C)C)NC(=O)[C@H](C)NC(=O)[C@H](Cc2ccccc2)NC1=O,hexa_341,2855,-6.26,6,6,Circle,0.224924,0.0912177,-32.203,8.164,6.933,1.231,0.118576,0.0443298,8.197,7.063,1.134,19,22,val,train,test,train,train,test,train,val,train,train,,val,-0.1299999999999999,0.13351081
2854,2020_Townsend,CC(C)C[C@@H]1NC(=O)[C@H](C)NC(=O)[C@H](Cc2ccccc2)NC(=O)[C@@H](CC(C)C)NC(=O)[C@@H]2CCCN2C(=O)[C@H](CC(C)C)N(C)C1=O,hexa_340,2854,-10.0,6,6,Circle,0.103769,0.0434413,-31.7528,8.384,7.05,1.334,0.247051,0.138076,8.054,6.853,1.201,84,46,train,train,test,train,train,train,train,train,train,test,,train,-1.0,-0.33798283
2849,2020_Townsend,CC(C)C[C@@H]1NC(=O)[C@H](C)NC(=O)[C@H](Cc2ccccc2)NC(=O)[C@@H](CC(C)C)NC(=O)[C@@H]2CCCN2C(=O)[C@@H](CC(C)C)N(C)C1=O,hexa_335,2849,-6.1,6,6,Circle,0.116856,0.0385193,-23.7745,7.967,6.878,1.089,0.13397,0.0302871,7.613,6.553,1.06,52,54,train,train,test,train,test,train,train,train,test,val,,train,-0.0499999999999998,-0.012396395
2827,2020_Townsend,CCCN1CC(=O)N(C)[C@H](CC(C)C)C(=O)N[C@@H](Cc2ccccc2)CC(=O)N2CCC[C@H]2C(=O)N[C@@H](CC(C)C)C(=O)N[C@@H](Cc2ccccc2)C1=O,hexa_313,2827,-5.56,6,6,Circle,0.190039,0.0568565,-30.5329,8.81,7.557,1.253,0.158406,0.0432542,8.667,7.751,0.916,60,51,train,train,test,train,test,train,train,train,train,train,,train,0.2200000000000002,0.26074833
2823,2020_Townsend,CCCN1CC(=O)N[C@@H](CC(C)C)C(=O)N(Cc2ccccc2)CC(=O)N2CCC[C@H]2C(=O)N(C)[C@@H](CC(C)C)C(=O)N[C@@H](Cc2ccccc2)C1=O,hexa_309,2823,-4.87,6,6,Circle,0.19428,0.0711366,-28.2273,8.694,7.659,1.035,0.188062,0.0711918,8.717,7.781,0.936,81,37,train,train,test,test,train,val,train,test,train,train,,train,0.565,0.49763638
2818,2020_Townsend,CCCN1CC(=O)N[C@@H](CC(C)C)C(=O)N(Cc2ccccc2)CC(=O)N2CCC[C@H]2C(=O)N(C)[C@H](CC(C)C)C(=O)N[C@@H](Cc2ccccc2)C1=O,hexa_304,2818,-4.83,6,6,Circle,0.178693,0.0579617,-29.4066,8.843,7.761,1.082,0.110239,0.0387755,8.484,7.34,1.144,45,54,train,train,test,test,train,train,train,test,train,train,,train,0.585,0.3909278
2796,2020_Townsend,CCCN1CC(=O)N(Cc2ccccc2)CC(=O)N[C@H](CC(C)C)C(=O)N2CCC[C@H]2C(=O)N[C@H](CC(C)C)C(=O)N[C@@H](Cc2ccccc2)C1=O,hexa_282,2796,-5.45,6,6,Circle,0.168956,0.0510574,-35.5576,8.932,7.712,1.22,0.262627,0.103823,8.406,7.308,1.098,21,25,train,val,test,train,train,train,train,train,train,train,,train,0.2749999999999999,-0.091846526
2791,2020_Townsend,CCCN1CC(=O)N[C@H](CC(C)C)C(=O)N(C)[C@@H](CC(C)C)C(=O)N2CCC[C@H]2C(=O)N(C)[C@H](CC(C)C)C(=O)N[C@@H](Cc2ccccc2)C1=O,hexa_277,2791,-4.92,6,6,Circle,0.11999,0.0387586,-16.8778,8.682,7.627,1.055,0.160907,0.0561006,8.301,7.324,0.977,54,98,train,train,test,train,train,train,train,train,train,train,,train,0.54,0.53189266
2761,2020_Townsend,CCCN1CC(=O)N(C)[C@@H](CC(C)C)C(=O)N(Cc2ccccc2)CC(=O)N2CCC[C@@H]2C(=O)N(C)[C@@H](CC(C)C)C(=O)N[C@@H](Cc2ccccc2)C1=O,hexa_247,2761,-5.15,6,6,Circle,0.185213,0.0759118,-27.3384,8.777,7.815,0.962,0.114696,0.0411369,8.62,7.755,0.865,24,82,train,test,test,train,val,test,train,train,train,val,,train,0.4249999999999998,0.35385144
2751,2020_Townsend,CCCN1CC(=O)N(C)[C@@H](CC(C)C)C(=O)N[C@@H](CC(C)C)C(=O)N2CCC[C@@H]2C(=O)N(Cc2ccccc2)CC(=O)N[C@@H](Cc2ccccc2)C1=O,hexa_237,2751,-5.25,6,6,Circle,0.21933,0.092113,-24.3935,8.706,7.659,1.047,0.144428,0.0344309,8.455,7.448,1.007,64,40,train,train,test,train,train,train,train,train,train,train,,train,0.375,0.40889406
2740,2020_Townsend,CCCN1CC(=O)N[C@H](CC(C)C)C(=O)N(Cc2ccccc2)CC(=O)N2CCC[C@@H]2C(=O)N(C)[C@H](CC(C)C)C(=O)N[C@@H](Cc2ccccc2)C1=O,hexa_226,2740,-5.35,6,6,Circle,0.136415,0.0383683,-33.1053,8.642,7.598,1.044,0.124644,0.0423815,8.701,7.706,0.995,71,51,test,train,test,train,train,train,train,train,train,train,,test,0.3250000000000002,0.4305658
2716,2020_Townsend,CCCN1CC(=O)N(C)[C@@H](CC(C)C)C(=O)N(C)[C@H](CC(C)C)C(=O)N2CCC[C@@H]2C(=O)N[C@H](CC(C)C)C(=O)N[C@@H](Cc2ccccc2)C1=O,hexa_202,2716,-5.05,6,6,Circle,0.159821,0.0510338,-27.1891,8.733,7.694,1.039,0.130075,0.0426324,8.376,7.512,0.864,84,19,train,train,test,train,test,train,train,train,val,train,,train,0.4750000000000001,0.49704984
2700,2020_Townsend,CCCN1CC(=O)N(C)[C@H](CC(C)C)C(=O)N[C@H](CC(C)C)C(=O)N2CCC[C@@H]2C(=O)N[C@@H](CC(C)C)C(=O)N[C@@H](Cc2ccccc2)C1=O,hexa_186,2700,-5.3,6,6,Circle,0.153656,0.0403328,-18.3754,8.374,7.336,1.038,0.176868,0.0744877,8.278,7.282,0.996,28,99,train,train,test,train,train,train,train,train,test,val,,train,0.3500000000000001,0.16021915
2692,2020_Townsend,CCCN1CC(=O)N[C@H](CC(C)C)C(=O)N[C@H](CC(C)C)C(=O)N2CCC[C@@H]2C(=O)N[C@@H](CC(C)C)C(=O)N[C@@H](Cc2ccccc2)C1=O,hexa_178,2692,-5.9,6,6,Circle,0.119205,0.0413438,-26.283,8.533,7.383,1.15,0.123468,0.0359787,8.251,7.146,1.105,87,69,train,val,test,train,val,train,val,train,train,train,,train,0.0499999999999998,0.34340215
2681,2020_Townsend,CC(C)C[C@H]1NC(=O)C[C@H](Cc2ccccc2)NC(=O)[C@H](Cc2ccccc2)NC(=O)CN(Cc2ccccc2)C(=O)[C@@H]2CCCN2C(=O)C[C@H](Cc2ccccc2)NC1=O,hexa_167,2681,-6.2,6,6,Circle,0.17235,0.0462134,-27.7072,8.876,7.714,1.162,0.203158,0.0488555,9.39,8.299,1.091,50,70,train,train,test,train,train,train,train,train,train,train,,train,-0.1,-0.07739654
2679,2020_Townsend,CC(C)C[C@@H]1C(=O)N[C@@H](Cc2ccccc2)CC(=O)N2CCC[C@H]2C(=O)N(C)[C@H](CC(C)C)C(=O)N[C@@H](Cc2ccccc2)C(=O)N[C@@H](Cc2ccccc2)CC(=O)N1C,hexa_165,2679,-10.0,6,6,Circle,0.148434,0.0416234,-23.9714,9.18,8.004,1.176,0.146187,0.0400651,9.701,8.782,0.919,48,45,train,train,test,train,train,train,train,val,train,train,,train,-1.0,0.09061752
2671,2020_Townsend,CC(C)C[C@H]1C(=O)N[C@@H](Cc2ccccc2)C(=O)N[C@@H](Cc2ccccc2)CC(=O)N(C)[C@H](CC(C)C)C(=O)N(Cc2ccccc2)CC(=O)N2CCC[C@H]2C(=O)N1C,hexa_157,2671,-5.43,6,6,Circle,0.177305,0.0514573,-20.9077,9.117,8.167,0.95,0.162679,0.0516519,9.062,8.181,0.881,69,2,train,train,test,train,val,train,train,val,test,train,,train,0.2850000000000001,0.29664865
2661,2020_Townsend,CC(C)C[C@@H]1NC(=O)C[C@H](Cc2ccccc2)NC(=O)[C@H](Cc2ccccc2)NC(=O)[C@H](CC(C)C)NC(=O)[C@@H]2CCCN2C(=O)C[C@H](Cc2ccccc2)NC1=O,hexa_147,2661,-5.93,6,6,Circle,0.145248,0.0457888,-32.6366,9.133,7.93,1.203,0.156909,0.0410346,8.654,7.443,1.211,27,97,train,train,test,train,train,test,train,test,train,train,,train,0.0350000000000001,0.2524706
2648,2020_Townsend,CC(C)C[C@H]1NC(=O)[C@@H]2CCCN2C(=O)CN(Cc2ccccc2)C(=O)[C@@H](CC(C)C)N(C)C(=O)C[C@H](Cc2ccccc2)NC(=O)[C@H](Cc2ccccc2)NC1=O,hexa_134,2648,-5.81,6,6,Circle,0.178923,0.0464615,-27.6293,9.193,8.155,1.038,0.17224,0.0555651,8.926,7.946,0.98,72,67,train,train,test,train,train,train,train,val,train,train,,train,0.0950000000000002,0.15653987
2641,2020_Townsend,CC(C)C[C@@H]1NC(=O)[C@@H]2CCCN2C(=O)[C@H](CC(C)C)NC(=O)CN(Cc2ccccc2)C(=O)C[C@H](Cc2ccccc2)NC(=O)[C@H](Cc2ccccc2)NC1=O,hexa_127,2641,-5.83,6,6,Circle,0.151646,0.045294,-26.6432,8.725,7.573,1.152,0.158791,0.0421182,8.734,7.605,1.129,61,54,train,train,test,train,train,test,train,train,train,train,,train,0.0849999999999999,0.02018192
2640,2020_Townsend,CC(C)C[C@@H]1NC(=O)[C@H](CC(C)C)N(C)C(=O)C[C@H](Cc2ccccc2)NC(=O)[C@H](Cc2ccccc2)NC(=O)[C@H](CC(C)C)N(C)C(=O)[C@@H]2CCCN2C1=O,hexa_126,2640,-5.18,6,6,Circle,0.146277,0.0448308,-14.9964,8.931,7.832,1.099,0.13907,0.0435947,8.848,7.786,1.062,45,67,train,train,test,train,train,train,train,val,train,train,,train,0.4100000000000001,0.35304883
2631,2020_Townsend,CC(C)C[C@H]1NC(=O)C[C@H](Cc2ccccc2)NC(=O)[C@H](Cc2ccccc2)NC(=O)CN(Cc2ccccc2)C(=O)[C@@H]2CCCN2C(=O)[C@@H](CC(C)C)NC1=O,hexa_117,2631,-5.47,6,6,Circle,0.186652,0.0573911,-29.4071,9.25,8.1,1.15,0.165677,0.0483535,9.015,7.904,1.111,62,3,train,train,test,train,train,train,train,train,train,train,,train,0.2650000000000001,0.061442398
2610,2020_Townsend,CC(C)C[C@@H]1NC(=O)C[C@H](Cc2ccccc2)NC(=O)[C@H](Cc2ccccc2)NC(=O)[C@@H](CC(C)C)NC(=O)[C@@H]2CCCN2C(=O)[C@H](CC(C)C)N(C)C1=O,hexa_96,2610,-6.17,6,6,Circle,0.142942,0.0470605,-25.8471,8.997,7.993,1.004,0.152487,0.0615687,8.58,7.641,0.939,6,60,train,train,test,train,train,train,val,train,train,train,,train,-0.0849999999999999,0.29782867
2607,2020_Townsend,CC(C)C[C@@H]1NC(=O)[C@@H](CC(C)C)NC(=O)C[C@H](Cc2ccccc2)NC(=O)[C@H](Cc2ccccc2)NC(=O)[C@@H](CC(C)C)N(C)C(=O)[C@@H]2CCCN2C1=O,hexa_93,2607,-5.65,6,6,Circle,0.181699,0.0466632,-25.0586,9.411,8.236,1.175,0.128599,0.0391473,8.889,7.771,1.118,59,86,train,test,test,train,train,val,train,train,train,test,,train,0.1749999999999998,0.27282465
2606,2020_Townsend,CC(C)C[C@@H]1NC(=O)C[C@H](Cc2ccccc2)NC(=O)[C@H](Cc2ccccc2)NC(=O)[C@@H](CC(C)C)NC(=O)[C@@H]2CCCN2C(=O)[C@@H](CC(C)C)N(C)C1=O,hexa_92,2606,-5.33,6,6,Circle,0.147679,0.0431071,-22.0848,8.338,7.212,1.126,0.200407,0.0694801,8.934,7.809,1.125,67,42,train,train,test,train,train,train,test,train,train,train,,train,0.3349999999999999,0.32560575
2603,2020_Townsend,CC(C)C[C@H]1NC(=O)[C@@H]2CCCN2C(=O)[C@@H](CC(C)C)NC(=O)[C@@H](CC(C)C)N(C)C(=O)C[C@H](Cc2ccccc2)NC(=O)[C@H](Cc2ccccc2)NC1=O,hexa_89,2603,-5.19,6,6,Circle,0.157658,0.0462296,-30.5409,9.355,8.195,1.16,0.145248,0.0551195,9.169,7.822,1.347,60,89,train,train,test,train,train,train,val,train,train,test,,train,0.4049999999999998,0.12055996
2592,2020_Townsend,O=C1CN(Cc2ccccc2)C(=O)[C@H]2CCCN2C(=O)CN(Cc2ccccc2)C(=O)CN(Cc2ccccc2)C(=O)C[C@H](Cc2ccccc2)NC(=O)[C@H](Cc2ccccc2)N1,hexa_78,2592,-5.86,6,6,Circle,0.24057,0.0746044,-38.7196,9.501,8.412,1.089,0.198056,0.0550224,9.254,8.314,0.94,90,63,train,train,test,train,train,train,test,test,train,train,,train,0.0699999999999998,-0.3217872
2590,2020_Townsend,CC(C)C[C@@H]1NC(=O)[C@H]2CCCN2C(=O)C[C@H](Cc2ccccc2)NC(=O)CN(Cc2ccccc2)C(=O)C[C@H](Cc2ccccc2)NC(=O)[C@H](Cc2ccccc2)NC1=O,hexa_76,2590,-6.41,6,6,Circle,0.333188,0.117105,-32.7116,9.378,8.287,1.091,0.248697,0.110489,9.142,8.029,1.113,18,84,train,test,test,train,train,train,train,train,train,train,,train,-0.205,0.09607552
2588,2020_Townsend,CC(C)C[C@H]1NC(=O)C[C@H](Cc2ccccc2)NC(=O)[C@H](Cc2ccccc2)NC(=O)CN(Cc2ccccc2)C(=O)[C@H]2CCCN2C(=O)C[C@H](Cc2ccccc2)NC1=O,hexa_74,2588,-5.76,6,6,Circle,0.233822,0.0492208,-37.3818,9.726,8.501,1.225,0.17056,0.040779,9.691,8.358,1.333,87,91,train,train,test,test,val,test,test,train,test,train,,train,0.1200000000000001,0.24308595
2582,2020_Townsend,CC(C)C[C@H]1NC(=O)C[C@H](Cc2ccccc2)NC(=O)[C@H](Cc2ccccc2)NC(=O)CN(Cc2ccccc2)C(=O)[C@H]2CCCN2C(=O)CN(Cc2ccccc2)C1=O,hexa_68,2582,-5.79,6,6,Circle,0.173241,0.0451383,-31.8621,9.223,8.055,1.168,0.264848,0.0896969,9.123,8.153,0.97,64,42,train,train,test,train,val,train,train,val,train,train,,train,0.1049999999999999,0.01478019
2581,2020_Townsend,CC(C)C[C@H]1C(=O)N(Cc2ccccc2)CC(=O)N2CCC[C@@H]2C(=O)N(C)[C@H](CC(C)C)C(=O)N[C@@H](Cc2ccccc2)C(=O)N[C@@H](Cc2ccccc2)CC(=O)N1C,hexa_67,2581,-5.41,6,6,Circle,0.175551,0.044958,-25.3069,9.41,8.217,1.193,0.149318,0.0453041,9.219,8.223,0.996,49,55,train,train,test,test,train,train,train,train,train,train,,train,0.2949999999999999,0.24820104
2577,2020_Townsend,CC(C)C[C@H]1NC(=O)C[C@H](Cc2ccccc2)NC(=O)[C@H](Cc2ccccc2)NC(=O)[C@@H](CC(C)C)N(C)C(=O)[C@H]2CCCN2C(=O)C[C@H](Cc2ccccc2)NC1=O,hexa_63,2577,-5.55,6,6,Circle,0.167332,0.052603,-29.3818,9.43,8.142,1.288,0.271744,0.10236,9.201,8.061,1.14,100,35,train,train,test,train,val,train,test,test,train,val,,train,0.2250000000000001,0.3067201
2571,2020_Townsend,CC(C)C[C@H]1C(=O)N2CCC[C@@H]2C(=O)N(Cc2ccccc2)CC(=O)N[C@@H](Cc2ccccc2)C(=O)N[C@@H](Cc2ccccc2)CC(=O)N[C@H](CC(C)C)C(=O)N1C,hexa_57,2571,-5.13,6,6,Circle,0.131808,0.0397657,-29.7121,8.846,7.605,1.241,0.139595,0.0386323,9.05,8.054,0.996,24,88,train,train,test,train,train,test,train,val,train,train,,train,0.435,0.0054483674
2568,2020_Townsend,CC(C)C[C@H]1C(=O)N[C@H](CC(C)C)C(=O)N2CCC[C@@H]2C(=O)N(Cc2ccccc2)CC(=O)N[C@@H](Cc2ccccc2)C(=O)N[C@@H](Cc2ccccc2)CC(=O)N1C,hexa_54,2568,-6.19,6,6,Circle,0.263642,0.0748616,-27.0345,9.604,8.439,1.165,0.174295,0.043888,9.165,7.997,1.168,31,9,test,train,test,test,train,train,train,test,train,train,,test,-0.0950000000000002,0.3188211
2564,2020_Townsend,CC(C)C[C@H]1NC(=O)[C@@H](CC(C)C)N(C)C(=O)C[C@H](Cc2ccccc2)NC(=O)[C@H](Cc2ccccc2)NC(=O)CN(Cc2ccccc2)C(=O)[C@H]2CCCN2C1=O,hexa_50,2564,-5.48,6,6,Circle,0.146801,0.0302189,-21.2133,9.213,8.282,0.931,0.172452,0.0394601,9.122,8.203,0.919,43,95,train,train,test,train,train,train,train,train,val,train,,train,0.2599999999999998,0.02058408
2561,2020_Townsend,CC(C)C[C@H]1C(=O)N2CCC[C@@H]2C(=O)N(C)[C@H](CC(C)C)C(=O)N[C@@H](Cc2ccccc2)C(=O)N[C@@H](Cc2ccccc2)CC(=O)N(C)[C@H](CC(C)C)C(=O)N1C,hexa_47,2561,-5.38,6,6,Circle,0.144301,0.0430148,-22.6429,8.821,7.935,0.886,0.136705,0.0355089,9.252,8.389,0.863,91,35,train,train,test,train,train,train,train,train,train,train,,train,0.31,0.39491776
2556,2020_Townsend,CC(C)C[C@@H]1NC(=O)[C@H](CC(C)C)N(C)C(=O)C[C@H](Cc2ccccc2)NC(=O)[C@H](Cc2ccccc2)NC(=O)[C@H](CC(C)C)N(C)C(=O)[C@H]2CCCN2C1=O,hexa_42,2556,-5.31,6,6,Circle,0.148138,0.0409718,-19.3967,8.817,7.707,1.11,0.122186,0.0385899,8.845,7.884,0.961,32,10,train,train,test,train,train,train,train,train,train,train,,train,0.3450000000000002,0.3958061
2545,2020_Townsend,CC(C)C[C@H]1NC(=O)[C@H]2CCCN2C(=O)[C@@H](CC(C)C)NC(=O)CN(Cc2ccccc2)C(=O)C[C@H](Cc2ccccc2)NC(=O)[C@H](Cc2ccccc2)NC1=O,hexa_31,2545,-5.98,6,6,Circle,0.15868,0.045454,-24.3914,8.447,7.313,1.134,0.13451,0.0375161,8.836,7.914,0.922,69,50,train,train,test,train,val,train,train,test,train,train,,train,0.0099999999999997,-0.12209836
2542,2020_Townsend,CC(C)C[C@H]1C(=O)N2CCC[C@@H]2C(=O)N(C)[C@H](CC(C)C)C(=O)N[C@@H](Cc2ccccc2)C(=O)N[C@@H](Cc2ccccc2)CC(=O)N[C@H](CC(C)C)C(=O)N1C,hexa_28,2542,-5.35,6,6,Circle,0.157872,0.0451555,-21.3346,8.846,7.739,1.107,0.15124,0.0410382,9.156,8.164,0.992,48,76,train,train,test,train,train,val,train,train,train,train,,train,0.3250000000000002,0.3008564
2515,2020_Townsend,CC(C)C[C@@H]1NC(=O)[C@H]2CCCN2C(=O)[C@@H](CC(C)C)NC(=O)[C@@H](CC(C)C)NC(=O)C[C@H](Cc2ccccc2)NC(=O)[C@H](Cc2ccccc2)NC1=O,hexa_1,2515,-6.52,6,6,Circle,0.100694,0.0341331,-30.7976,8.896,7.628,1.268,0.143981,0.0313948,8.932,8.006,0.926,52,57,train,train,test,train,train,train,train,train,train,train,,train,-0.2599999999999998,0.055557996
2365,2018_Naylor,CC(C)C[C@@H]1NC(=O)[C@H](CC(C)C)N(C)C(=O)[C@@H](C)N(C)C(=O)[C@H](CC(C)C)NC(=O)[C@H](Cc2ccccc2)N(C)C(=O)[C@@H](C)N(C)C1=O,1NMe3-25Ala6F(72),2365,-5.07,6,6,Circle,0.148713,0.0538456,-23.8392,8.42,7.174,1.246,0.135256,0.0531196,8.467,7.469,0.998,13,33,train,train,test,train,train,train,train,test,train,train,,train,0.4649999999999998,0.27208972
2345,2018_Naylor,CC[C@H]1NC(=O)[C@H](CC(C)C)NC(=O)[C@H](Cc2ccc(O)cc2)NC(=O)[C@H]2CCCN2C(=O)[C@H](CC(C)C)NC(=O)[C@H](CC(C)C)NC1=O,1NMe3perNH-2Abu6Y(51),2345,-6.26,6,6,Circle,0.158503,0.0415353,-29.9097,8.356,6.96,1.396,0.113034,0.031784,8.285,7.092,1.193,67,41,val,train,test,train,train,train,train,test,train,train,,val,-0.1299999999999999,-0.09949878
2342,2018_Naylor,CCC[C@H]1NC(=O)[C@H](CC(C)C)NC(=O)[C@H](Cc2ccccc2)NC(=O)[C@H]2CCCN2C(=O)[C@H](CC2CCCCC2)NC(=O)[C@H](CC2CCCCC2)NC1=O,1NMe3perNH-2Nva34Cha6F(48),2342,-5.53,6,6,Circle,0.133035,0.0473876,-27.0561,8.993,7.701,1.292,0.154589,0.0305673,9.15,8.025,1.125,94,76,test,train,test,train,val,train,train,test,train,val,,test,0.2349999999999998,0.22465323
2334,2018_Naylor,CC(C)C[C@@H]1NC(=O)[C@H](Cc2ccccc2)NC(=O)[C@H]2CCCN2C(=O)[C@H](CC(C)C)NC(=O)[C@H](C)NC(=O)[C@@H](C)NC1=O,1NMe3perNH-23Ala6F(40),2334,-6.14,6,6,Circle,0.126227,0.0557634,-37.218,7.724,6.269,1.455,0.125164,0.0499978,7.494,6.304,1.19,60,11,train,train,test,train,train,train,test,train,test,train,-8.0,test,-0.0699999999999998,-0.27565575
2318,2018_Naylor,CC(C)C[C@@H]1NC(=O)[C@H](Cc2ccccc2)N(C)C(=O)[C@H]2CCCN2C(=O)[C@H](CC(C)C)NC(=O)[C@H](CC2CCCCC2)N(C)C(=O)[C@@H](CC(C)C)N(C)C1=O,1NMe3-3Cha6F(24),2318,-7.55,6,6,Circle,0.191675,0.0671342,-19.2894,9.524,8.423,1.101,0.114931,0.0314647,8.779,7.918,0.861,76,62,train,train,test,train,train,train,train,train,train,train,,train,-0.7749999999999999,-0.6184949
2307,2018_Naylor,CC(C)C[C@@H]1NC(=O)[C@H](Cc2ccccc2)N(C)C(=O)[C@H]2CCCN2C(=O)[C@H](CC(C)C)NC(=O)[C@H](C)N(C)C(=O)[C@@H](C)N(C)C1=O,1NMe3-23Ala6F(13),2307,-5.08,6,6,Circle,0.116004,0.0409561,-27.1225,7.888,6.728,1.16,0.107078,0.0387267,7.958,6.943,1.015,47,10,train,test,test,train,train,train,train,train,val,train,,train,0.4599999999999999,0.42963243
1820,2016_Furukawa,CCCC[C@@H]1NC(=O)[C@@H](CC(C)C)NC(=O)CN(CC2CCCCC2)C(=O)[C@@H](Cc2ccccc2)NC(=O)CN(Cc2ccc3c(c2)OCO3)C(=O)[C@H]2CCCN2C1=O,2.8-17H,1820,-8.27,6,6,Circle,0.160071,0.0376332,-27.7568,8.943,7.568,1.375,0.157783,0.0656355,9.107,7.725,1.382,40,65,train,train,test,test,val,test,train,test,train,train,-6.49,test,-1.0,0.0032530427
1812,2016_Furukawa,CCCC[C@@H]1NC(=O)[C@@H](CC(C)C)NC(=O)CN(CC2CCOCC2)C(=O)[C@@H](Cc2ccccc2)NC(=O)CN(CC)C(=O)[C@H]2CCCN2C1=O,2.8-09H,1812,-6.15,6,6,Circle,0.16215,0.058314,-26.1166,8.144,6.88,1.264,0.104348,0.0432726,8.174,6.935,1.239,48,7,train,test,test,train,train,val,val,train,train,train,,train,-0.0750000000000001,-0.122666836
1810,2016_Furukawa,CCCC[C@@H]1NC(=O)[C@@H](CC(C)C)NC(=O)CN(CC2CCOCC2)C(=O)[C@@H](C)NC(=O)CN(CCCOC(C)C)C(=O)[C@H]2CCCN2C1=O,2.8-07H,1810,-6.6,6,6,Circle,0.185093,0.0748782,-33.1755,8.886,7.481,1.405,0.145908,0.0438919,8.624,7.323,1.301,74,39,train,train,test,test,train,train,train,train,train,train,,train,-0.2999999999999998,-0.2590733
1788,2016_Furukawa,CCCC[C@@H]1NC(=O)[C@@H](CC(C)C)N(C)C(=O)CN(CC2CCOCC2)C(=O)[C@@H](C)NC(=O)CN(CC)C(=O)[C@H]2CCCN2C1=O,2.8-03Me,1788,-7.19,6,6,Circle,0.118869,0.0530562,-33.8829,7.784,6.448,1.336,0.108492,0.0580691,7.765,6.575,1.19,43,75,train,test,test,train,train,train,val,train,train,train,,train,-0.5950000000000002,-0.6502343
1777,2016_Furukawa,CCCCCN1CC(=O)N[C@H](CC(C)C)C(=O)N[C@@H](CCCC)C(=O)N2CCC[C@H]2C(=O)N(Cc2ccc3c(c2)OCO3)CC(=O)N[C@H](C)C1=O,2.7-10H,1777,-5.68,6,6,Circle,0.194971,0.0699496,-28.8047,8.398,6.911,1.487,0.212068,0.0607736,8.541,7.033,1.508,65,5,test,train,test,train,train,train,train,train,train,test,,test,0.1600000000000001,0.13095337
1775,2016_Furukawa,CCCC[C@@H]1NC(=O)[C@@H](CC(C)C)NC(=O)CN(CC2CCCCC2)C(=O)[C@@H](Cc2ccccc2)NC(=O)CN(CC)C(=O)[C@@H]2CCCN2C1=O,2.7-08H,1775,-5.04,6,6,Circle,0.156078,0.0482966,-21.8123,8.311,7.177,1.134,0.189083,0.0748915,8.35,7.184,1.166,30,30,train,train,test,train,val,train,test,test,train,train,,train,0.48,0.48912355
1772,2016_Furukawa,CCCCCN1CC(=O)N[C@H](CC(C)C)C(=O)N[C@@H](CCCC)C(=O)N2CCC[C@H]2C(=O)N(CC)CC(=O)N[C@H](Cc2ccccc2)C1=O,2.7-05H,1772,-5.23,6,6,Circle,0.165302,0.048493,-22.3038,8.206,7.058,1.148,0.184603,0.0655522,8.095,6.96,1.135,91,48,train,val,test,train,train,train,test,train,val,train,,train,0.3849999999999998,0.32090706
1768,2016_Furukawa,CCCCCN1CC(=O)N[C@H](CC(C)C)C(=O)N[C@@H](CCCC)C(=O)N2CCC[C@H]2C(=O)N(CC)CC(=O)N[C@H](C)C1=O,2.7-01H,1768,-6.71,6,6,Circle,0.162054,0.0702825,-22.3305,7.543,6.281,1.262,0.169113,0.0688951,7.419,6.184,1.235,46,65,val,train,test,train,train,train,train,test,train,test,,val,-0.355,-0.44430605
1765,2016_Furukawa,CCCCCN1CC(=O)N(C)[C@H](CC(C)C)C(=O)N[C@@H](CCCC)C(=O)N2CCC[C@H]2C(=O)N(Cc2ccc3c(c2)OCO3)CC(=O)N[C@H](Cc2ccccc2)C1=O,2.7-16Me,1765,-5.43,6,6,Circle,0.195879,0.0405057,-30.3714,9.33,8.084,1.246,0.170121,0.0410038,9.288,8.012,1.276,62,45,val,test,test,train,train,train,train,train,train,train,,val,0.2850000000000001,-0.18752377
1761,2016_Furukawa,CCCC[C@@H]1NC(=O)[C@@H](CC(C)C)N(C)C(=O)CN(CC2CCOCC2)C(=O)[C@@H](C)NC(=O)CN(Cc2ccc3c(c2)OCO3)C(=O)[C@@H]2CCCN2C1=O,2.7-12Me,1761,-6.64,6,6,Circle,0.16059,0.0544661,-31.9776,8.786,7.324,1.462,0.15868,0.0362618,9.022,7.511,1.511,67,98,train,train,test,train,train,train,train,train,test,train,,train,-0.3199999999999998,-0.26761046
1751,2016_Furukawa,CCCC[C@@H]1NC(=O)[C@@H](CC(C)C)N(C)C(=O)CN(CC2CCCCC2)C(=O)[C@@H](C)NC(=O)CN(CC)C(=O)[C@@H]2CCCN2C1=O,2.7-02Me,1751,-5.75,6,6,Circle,0.107965,0.0398236,-20.4643,8.001,6.838,1.163,0.0889469,0.0317416,7.998,6.854,1.144,61,60,train,val,test,train,val,train,train,train,train,test,,train,0.125,0.3103072
1748,2016_Furukawa,CCCC[C@@H]1NC(=O)[C@@H](CC(C)C)NC(=O)CN(CC2CCCCC2)C(=O)[C@H](Cc2ccccc2)NC(=O)CN(Cc2ccc3c(c2)OCO3)C(=O)[C@H]2CCCN2C1=O,2.6-17H,1748,-5.89,6,6,Circle,0.193542,0.060283,-24.5839,9.075,7.716,1.359,0.139412,0.0443393,9.274,7.991,1.283,88,68,train,train,test,train,train,train,test,test,train,train,,train,0.0550000000000001,-0.11618966
1732,2016_Furukawa,CCCCCN1CC(=O)N[C@H](CC(C)C)C(=O)N[C@@H](CCCC)C(=O)N2CCC[C@@H]2C(=O)N(CC)CC(=O)N[C@@H](C)C1=O,2.6-01H,1732,-5.99,6,6,Circle,0.165559,0.0697754,-20.8834,7.496,6.238,1.258,0.121127,0.0538242,7.573,6.341,1.232,39,100,train,train,test,train,train,train,train,test,test,train,,train,0.0049999999999998,0.14474314
1728,2016_Furukawa,CCCC[C@@H]1NC(=O)[C@@H](CC(C)C)N(C)C(=O)CN(CC2CCOCC2)C(=O)[C@H](Cc2ccccc2)NC(=O)CN(CCCOC(C)C)C(=O)[C@H]2CCCN2C1=O,2.6-15Me,1728,-5.03,6,6,Circle,0.174077,0.0482009,-19.536,9.399,8.284,1.115,0.131098,0.0338607,9.338,8.244,1.094,96,88,train,train,test,train,train,test,train,train,train,train,,train,0.4849999999999999,0.5300378
1718,2016_Furukawa,CCCCCN1CC(=O)N(C)[C@H](CC(C)C)C(=O)N[C@@H](CCCC)C(=O)N2CCC[C@@H]2C(=O)N(CC)CC(=O)N[C@@H](Cc2ccccc2)C1=O,2.6-05Me,1718,-5.11,6,6,Circle,0.14766,0.0451852,-22.1856,8.365,7.283,1.082,0.132512,0.0486815,8.48,7.401,1.079,82,25,train,train,test,train,train,test,train,train,test,train,,train,0.4449999999999998,0.48368037
1707,2016_Furukawa,CCCC[C@@H]1NC(=O)[C@@H](CC(C)C)NC(=O)CN(CC2CCOCC2)C(=O)[C@H](C)NC(=O)CN(Cc2ccc3c(c2)OCO3)C(=O)[C@@H]2CCCN2C1=O,2.5-12H,1707,-5.89,6,6,Circle,0.187813,0.0648235,-30.5413,8.272,6.798,1.474,0.226615,0.0634725,8.49,6.947,1.543,36,14,test,train,test,train,val,train,train,train,train,train,,test,0.0550000000000001,-0.22547251
1704,2016_Furukawa,CCCC[C@@H]1NC(=O)[C@@H](CC(C)C)NC(=O)CN(CC2CCOCC2)C(=O)[C@H](Cc2ccccc2)NC(=O)CN(CC)C(=O)[C@@H]2CCCN2C1=O,2.5-09H,1704,-6.04,6,6,Circle,0.175736,0.0627783,-25.3293,8.438,7.137,1.301,0.150378,0.0421154,8.06,6.832,1.228,12,42,train,val,test,train,train,train,train,train,train,train,,train,-0.02,-0.11813277
1702,2016_Furukawa,CCCC[C@@H]1NC(=O)[C@@H](CC(C)C)NC(=O)CN(CC2CCOCC2)C(=O)[C@H](C)NC(=O)CN(CCCOC(C)C)C(=O)[C@@H]2CCCN2C1=O,2.5-07H,1702,-6.81,6,6,Circle,0.168382,0.0606714,-26.7246,8.682,7.291,1.391,0.150623,0.0487168,8.761,7.324,1.437,85,52,train,train,test,train,train,train,train,test,train,train,,train,-0.4049999999999998,-0.64681906
1696,2016_Furukawa,CCCCCN1CC(=O)N[C@H](CC(C)C)C(=O)N[C@@H](CCCC)C(=O)N2CCC[C@H]2C(=O)N(CC)CC(=O)N[C@@H](C)C1=O,2.5-01H,1696,-6.25,6,6,Circle,0.176942,0.0606801,-22.5197,7.674,6.367,1.307,0.138358,0.0581112,7.545,6.29,1.255,53,8,val,train,test,train,train,train,test,val,train,train,,val,-0.125,-0.18968102
1695,2016_Furukawa,CCCC[C@@H]1NC(=O)[C@@H](CC(C)C)N(C)C(=O)CN(CC2CCOCC2)C(=O)[C@H](Cc2ccccc2)NC(=O)CN(Cc2ccc3c(c2)OCO3)C(=O)[C@@H]2CCCN2C1=O,2.5-18Me,1695,-5.0,6,6,Circle,0.166329,0.0404393,-27.6964,9.313,8.066,1.247,0.11973,0.0466059,9.011,7.773,1.238,71,53,train,train,test,train,test,train,train,train,train,train,,train,0.5,0.32937554
1666,2016_Furukawa,CCCC[C@@H]1NC(=O)[C@H](CC(C)C)NC(=O)CN(CC2CCOCC2)C(=O)[C@@H](C)NC(=O)CN(CCCOC(C)C)C(=O)[C@H]2CCCN2C1=O,2.4-07H,1666,-7.84,6,6,Circle,0.136373,0.0460033,-26.1863,8.028,6.72,1.308,0.0836059,0.0304638,7.902,6.637,1.265,23,21,val,train,test,train,train,train,train,train,test,train,,val,-0.92,-0.88818663
1642,2016_Furukawa,CCCCCN1CC(=O)N(C)[C@@H](CC(C)C)C(=O)N[C@@H](CCCC)C(=O)N2CCC[C@@H]2C(=O)N(CC)CC(=O)N[C@H](C)C1=O,2.4-01Me,1642,-6.43,6,6,Circle,0.1777,0.082482,-29.652,7.686,6.439,1.247,0.135907,0.0677662,7.454,6.379,1.075,41,16,train,train,test,train,train,train,train,train,val,train,,train,-0.2149999999999998,-0.021029625
1637,2016_Furukawa,CCCC[C@@H]1NC(=O)[C@H](CC(C)C)NC(=O)CN(CC2CCCCC2)C(=O)[C@@H](Cc2ccccc2)NC(=O)CN(CCCOC(C)C)C(=O)[C@@H]2CCCN2C1=O,2.3-14H,1637,-5.14,6,6,Circle,0.162055,0.036609,-28.7317,9.157,7.962,1.195,0.165508,0.0336412,9.46,8.233,1.227,4,48,train,train,test,val,train,train,train,train,train,train,,train,0.4300000000000001,0.49863398
1632,2016_Furukawa,CCCC[C@@H]1NC(=O)[C@H](CC(C)C)NC(=O)CN(CC2CCOCC2)C(=O)[C@@H](Cc2ccccc2)NC(=O)CN(CC)C(=O)[C@@H]2CCCN2C1=O,2.3-09H,1632,-7.24,6,6,Circle,0.146269,0.0357161,-31.6622,8.182,6.922,1.26,0.135415,0.0316882,8.495,7.169,1.326,4,74,train,train,test,train,train,train,train,train,val,train,,train,-0.6200000000000001,-0.61203164
1604,2016_Furukawa,CCCC[C@@H]1NC(=O)[C@H](CC(C)C)NC(=O)CN(CC2CCCCC2)C(=O)[C@H](Cc2ccccc2)NC(=O)CN(Cc2ccc3c(c2)OCO3)C(=O)[C@H]2CCCN2C1=O,2.2-18H,1604,-5.71,6,6,Circle,0.156341,0.0542141,-24.0887,9.114,7.57,1.544,0.149527,0.044153,9.059,7.588,1.471,39,10,train,test,test,test,train,train,test,train,test,train,,train,0.145,0.20610268
1583,2016_Furukawa,CCCC[C@@H]1NC(=O)[C@H](CC(C)C)N(C)C(=O)CN(CC2CCCCC2)C(=O)[C@H](Cc2ccccc2)NC(=O)CN(CCCOC(C)C)C(=O)[C@H]2CCCN2C1=O,2.2-14Me,1277,-5.86,6,6,Circle,0.149289,0.0453364,-18.7564,8.992,8.016,0.976,0.129416,0.0417697,9.196,8.212,0.984,38,8,val,train,test,train,train,train,train,train,train,train,,val,0.0699999999999998,-0.025399353
1555,2016_Furukawa,CCCCCN1CC(=O)N[C@@H](CC(C)C)C(=O)N[C@@H](CCCC)C(=O)N2CCC[C@H]2C(=O)N(CCCOC(C)C)CC(=O)N[C@@H](C)C1=O,2.1-04H,1555,-6.11,6,6,Circle,0.177621,0.0480526,-25.6556,8.738,7.388,1.35,0.141863,0.0431486,8.215,7.107,1.108,12,14,train,train,test,train,train,train,train,train,train,train,,train,-0.0550000000000001,0.2533229
1552,2016_Furukawa,CCCCCN1CC(=O)N[C@@H](CC(C)C)C(=O)N[C@@H](CCCC)C(=O)N2CCC[C@H]2C(=O)N(CC)CC(=O)N[C@@H](C)C1=O,2.1-01H,1552,-6.76,6,6,Circle,0.15126,0.0626254,-23.9995,7.708,6.46,1.248,0.0971028,0.044119,7.457,6.288,1.169,3,7,train,train,test,train,train,train,train,train,train,train,,train,-0.3799999999999999,-0.0026916899
1551,2016_Furukawa,CCCC[C@@H]1NC(=O)[C@H](CC(C)C)N(C)C(=O)CN(CC2CCOCC2)C(=O)[C@H](Cc2ccccc2)NC(=O)CN(Cc2ccc3c(c2)OCO3)C(=O)[C@@H]2CCCN2C1=O,2.1-18Me,1551,-5.03,6,6,Circle,0.170063,0.0484441,-27.3244,9.057,7.736,1.321,0.221396,0.0584913,9.071,7.801,1.27,33,20,train,train,test,train,train,train,train,test,train,test,,train,0.4849999999999999,0.27895516
1549,2016_Furukawa,CCCCCN1CC(=O)N(C)[C@@H](CC(C)C)C(=O)N[C@@H](CCCC)C(=O)N2CCC[C@H]2C(=O)N(Cc2ccc3c(c2)OCO3)CC(=O)N[C@@H](Cc2ccccc2)C1=O,2.1-16Me,1549,-6.06,6,6,Circle,0.204492,0.0539699,-24.1541,9.146,7.962,1.184,0.196204,0.041784,9.372,8.085,1.287,53,52,train,train,test,test,train,val,train,test,train,train,,train,-0.0299999999999998,0.15696874
1532,2016_Furukawa,CCCC[C@@H]1NC(=O)[C@H](CC(C)C)N(C)C(=O)CN(CCCc2cnn(C)c2)C(=O)[C@H](Cc2ccc3ccccc3c2)NC(=O)CN(Cc2ccccc2Cn2cccn2)C(=O)[C@H]2CCCN2C1=O,1.10-39,1532,-6.58,6,6,Circle,0.22807,0.0491569,-29.4836,10.499,9.31,1.189,0.169295,0.0384193,10.335,9.146,1.189,97,27,train,val,test,train,train,val,train,train,train,train,,train,-0.29,-0.19700488
1514,2016_Furukawa,CCCC[C@@H]1NC(=O)[C@H](CC(C)C)N(C)C(=O)CN(CCCc2cnn(C)c2)C(=O)[C@H](CC(C)C)NC(=O)CN(Cc2ccccc2Cn2cccn2)C(=O)[C@H]2CCCN2C1=O,1.10-21,1514,-5.74,6,6,Circle,0.21971,0.0509696,-31.438,9.819,8.544,1.275,0.20217,0.0440256,9.777,8.584,1.193,74,98,train,train,test,val,val,test,train,train,train,train,,train,0.1299999999999999,0.14119938
1513,2016_Furukawa,CCCC[C@@H]1NC(=O)[C@H](CC(C)C)N(C)C(=O)CN(CCOc2ccccc2)C(=O)[C@H](CC(C)C)NC(=O)CN(Cc2ccccc2Cn2cccn2)C(=O)[C@H]2CCCN2C1=O,1.10-20,1513,-6.23,6,6,Circle,0.230509,0.0657417,-26.583,9.913,8.75,1.163,0.189163,0.0466576,9.873,8.739,1.134,62,32,train,test,test,train,train,train,val,train,train,train,,train,-0.1150000000000002,-0.08717616
1499,2016_Furukawa,CCCC[C@@H]1NC(=O)[C@H](CC(C)C)N(C)C(=O)CN(CCOC)C(=O)[C@H](CC(C)C)NC(=O)CN(Cc2ccccc2Cn2cccn2)C(=O)[C@H]2CCCN2C1=O,1.10-06,1499,-5.23,6,6,Circle,0.182087,0.059425,-28.2484,9.447,8.175,1.272,0.148149,0.050612,9.494,8.291,1.203,74,17,train,train,test,train,train,train,train,train,train,train,,train,0.3849999999999998,0.38224995
1494,2016_Furukawa,CCCC[C@@H]1NC(=O)[C@H](CC(C)C)N(C)C(=O)CN(CCOC)C(=O)[C@H](C)NC(=O)CN(Cc2ccccc2Cn2cccn2)C(=O)[C@H]2CCCN2C1=O,1.10-01,1494,-6.51,6,6,Circle,0.180828,0.0465352,-29.1268,9.1,7.776,1.324,0.129369,0.0402483,9.076,7.789,1.287,55,86,test,train,test,train,val,train,val,val,train,val,,test,-0.2549999999999999,-0.27391636
1493,2016_Furukawa,CCCC[C@@H]1NC(=O)[C@H](CC(C)C)N(C)C(=O)CN(CCCN2CCCC2=O)C(=O)[C@H](Cc2ccc3ccccc3c2)NC(=O)CN(Cc2cc(CC(C)C)on2)C(=O)[C@H]2CCCN2C1=O,1.9-40,1493,-6.36,6,6,Circle,0.240311,0.049272,-28.7281,10.289,8.652,1.637,0.115441,0.037227,9.468,8.209,1.259,89,3,train,train,test,train,train,train,train,train,train,train,,train,-0.1800000000000001,-0.006200161
1491,2016_Furukawa,CCCC[C@@H]1NC(=O)[C@H](CC(C)C)N(C)C(=O)CN(CCOc2ccccc2)C(=O)[C@H](Cc2ccc3ccccc3c2)NC(=O)CN(Cc2cc(CC(C)C)on2)C(=O)[C@H]2CCCN2C1=O,1.9-38,1491,-8.27,6,6,Circle,0.235536,0.0436535,-22.7207,10.148,8.825,1.323,0.145264,0.0371527,9.591,8.4,1.191,35,85,train,train,test,test,train,train,train,test,train,train,,train,-1.0,-0.9554183
1489,2016_Furukawa,CCCC[C@@H]1NC(=O)[C@H](CC(C)C)N(C)C(=O)CN(CCc2cccnc2)C(=O)[C@H](Cc2ccc3ccccc3c2)NC(=O)CN(Cc2cc(CC(C)C)on2)C(=O)[C@H]2CCCN2C1=O,1.9-36,1489,-6.93,6,6,Circle,0.215348,0.0494934,-22.888,9.867,8.513,1.354,0.206694,0.0447131,9.946,8.596,1.35,98,24,train,train,test,train,train,train,train,train,train,val,,train,-0.4649999999999998,-0.48094028
1483,2016_Furukawa,CCCCCN1CC(=O)N(C)[C@@H](CC(C)C)C(=O)N[C@@H](CCCC)C(=O)N2CCC[C@@H]2C(=O)N(Cc2cc(CC(C)C)on2)CC(=O)N[C@@H](Cc2ccc3ccccc3c2)C1=O,1.9-30,1483,-7.96,6,6,Circle,0.223886,0.0470654,-17.9609,9.847,8.51,1.337,0.110567,0.0372655,9.483,8.314,1.169,80,51,train,train,test,train,train,test,train,train,train,train,,train,-0.98,-1.0154297
1475,2016_Furukawa,CCCC[C@@H]1NC(=O)[C@H](CC(C)C)N(C)C(=O)CN(Cc2ccccc2)C(=O)[C@H](Cc2ccccc2)NC(=O)CN(Cc2cc(CC(C)C)on2)C(=O)[C@H]2CCCN2C1=O,1.9-22,1475,-6.97,6,6,Circle,0.248523,0.0630379,-24.1467,9.752,8.371,1.381,0.148721,0.0455665,9.134,7.989,1.145,39,66,train,train,test,train,val,train,train,val,train,train,,train,-0.4849999999999999,-0.51171345
1469,2016_Furukawa,CCCC[C@@H]1NC(=O)[C@H](CC(C)C)N(C)C(=O)CN(CC2CCOCC2)C(=O)[C@H](CC(C)C)NC(=O)CN(Cc2cc(CC(C)C)on2)C(=O)[C@H]2CCCN2C1=O,1.9-16,1469,-5.05,6,6,Circle,0.213248,0.0439566,-23.6366,9.637,8.163,1.474,0.135885,0.051371,8.972,7.679,1.293,100,40,train,train,test,train,train,val,train,train,train,train,,train,0.4750000000000001,0.4431704
1467,2016_Furukawa,CCCC[C@@H]1NC(=O)[C@H](CC(C)C)N(C)C(=O)CN(CCOC)C(=O)[C@H](Cc2ccccc2)NC(=O)CN(Cc2cc(CC(C)C)on2)C(=O)[C@H]2CCCN2C1=O,1.9-14,1467,-5.38,6,6,Circle,0.211906,0.0512566,-23.3854,9.192,7.813,1.379,0.134427,0.0413299,8.893,7.623,1.27,15,86,train,train,test,train,val,test,train,train,train,train,,train,0.31,0.21231897
1436,2016_Furukawa,CCCC[C@@H]1NC(=O)[C@H](CC(C)C)N(C)C(=O)CN(CCCN2CCCC2=O)C(=O)[C@H](CC(C)C)NC(=O)CN(Cc2ccc3c(c2)OCO3)C(=O)[C@H]2CCCN2C1=O,1.8-23,1436,-5.99,6,6,Circle,0.212071,0.0474533,-31.3854,9.545,7.954,1.591,0.153382,0.0422002,9.284,7.837,1.447,98,96,train,train,test,train,train,train,train,val,train,train,,train,0.0049999999999998,-0.028160047
1426,2016_Furukawa,CCCC[C@@H]1NC(=O)[C@H](CC(C)C)N(C)C(=O)CN(Cc2ccccc2)C(=O)[C@H](CC(C)C)NC(=O)CN(Cc2ccc3c(c2)OCO3)C(=O)[C@H]2CCCN2C1=O,1.8-13,1426,-6.67,6,6,Circle,0.213355,0.0623006,-26.5839,9.22,7.889,1.331,0.142966,0.0384702,8.71,7.546,1.164,95,5,train,train,test,test,test,val,train,train,train,train,,train,-0.3349999999999999,-0.32333276
1417,2016_Furukawa,CCCC[C@@H]1NC(=O)[C@H](CC(C)C)N(C)C(=O)CN(CC2CCCCC2)C(=O)[C@H](C)NC(=O)CN(Cc2ccc3c(c2)OCO3)C(=O)[C@H]2CCCN2C1=O,1.8-04,1417,-5.25,6,6,Circle,0.141958,0.0371409,-22.1752,8.626,7.36,1.266,0.102155,0.0404979,8.469,7.234,1.235,22,55,test,train,test,train,train,train,train,test,test,train,,test,0.375,0.45098558
1409,2016_Furukawa,CCCC[C@@H]1NC(=O)[C@H](CC(C)C)N(C)C(=O)CN(CCc2cccnc2)C(=O)[C@H](Cc2ccc3ccccc3c2)NC(=O)CN(CCCCc2ccccc2)C(=O)[C@H]2CCCN2C1=O,1.7-36,1409,-7.62,6,6,Circle,0.20713,0.042334,-25.64,10.462,9.284,1.178,0.177595,0.0421909,9.816,8.839,0.977,3,84,val,train,test,train,train,train,val,train,train,train,,val,-0.81,-0.94751817
1399,2016_Furukawa,CCCC[C@@H]1NC(=O)[C@H](CC(C)C)N(C)C(=O)CN(CCc2cccnc2)C(=O)[C@H](Cc2ccccc2)NC(=O)CN(CCCCc2ccccc2)C(=O)[C@H]2CCCN2C1=O,1.7-26,1399,-6.4,6,6,Circle,0.217308,0.0544547,-23.8304,9.778,8.762,1.016,0.201678,0.0401976,9.555,8.575,0.98,16,47,train,train,test,train,train,val,train,train,train,train,,train,-0.2000000000000001,-0.16826075
1390,2016_Furukawa,CCCCCN1CC(=O)N(C)[C@@H](CC(C)C)C(=O)N[C@@H](CCCC)C(=O)N2CCC[C@@H]2C(=O)N(CCCCc2ccccc2)CC(=O)N[C@@H](Cc2ccccc2)C1=O,1.7-17,1390,-8.51,6,6,Circle,0.206757,0.0419815,-17.0739,9.673,8.727,0.946,0.185575,0.0396484,9.489,8.553,0.936,59,61,train,train,test,train,train,train,train,train,train,val,,train,-1.0,-0.857112
1384,2016_Furukawa,CCCC[C@@H]1NC(=O)[C@H](CC(C)C)N(C)C(=O)CN(CCCc2cnn(C)c2)C(=O)[C@H](C)NC(=O)CN(CCCCc2ccccc2)C(=O)[C@H]2CCCN2C1=O,1.7-11,1384,-5.62,6,6,Circle,0.213682,0.052319,-23.7929,9.106,7.982,1.124,0.141746,0.0387578,8.64,7.644,0.996,57,38,test,train,test,train,val,train,train,train,val,train,,test,0.1899999999999999,0.2547117
1371,2016_Furukawa,CCCC[C@@H]1NC(=O)[C@H](CC(C)C)N(C)C(=O)CN(CCOc2ccccc2)C(=O)[C@H](Cc2ccc3ccccc3c2)NC(=O)CN(Cc2ccc(Cl)cc2)C(=O)[C@H]2CCCN2C1=O,1.6-38,1371,-9.41,6,6,Circle,0.242867,0.0564104,-22.0303,10.013,8.936,1.077,0.135461,0.0351682,10.06,9.118,0.942,47,84,train,train,test,train,train,train,train,train,train,train,,train,-1.0,-1.0199761
1332,2016_Furukawa,CCCC[C@@H]1NC(=O)[C@H](CC(C)C)N(C)C(=O)CN(CCCc2cnn(C)c2)C(=O)[C@H](Cc2ccc3ccccc3c2)NC(=O)CN(CCN2CCOCC2)C(=O)[C@H]2CCCN2C1=O,1.5-39,1332,-6.05,6,6,Circle,0.173931,0.0411636,-25.2433,9.851,8.663,1.188,0.177949,0.0407387,9.782,8.581,1.201,15,30,train,train,test,train,train,train,train,train,val,train,,train,-0.0249999999999999,0.047772367
1313,2016_Furukawa,CCCC[C@@H]1NC(=O)[C@H](CC(C)C)N(C)C(=O)CN(CCOc2ccccc2)C(=O)[C@H](CC(C)C)NC(=O)CN(CCN2CCOCC2)C(=O)[C@H]2CCCN2C1=O,1.5-20,1313,-5.6,6,6,Circle,0.197558,0.0583664,-25.6564,9.545,8.318,1.227,0.152366,0.0415646,9.149,8.023,1.126,88,55,train,train,test,train,val,train,train,train,test,train,,train,0.2000000000000001,0.30892944
1281,2016_Furukawa,CCCC[C@@H]1NC(=O)[C@H](CC(C)C)N(C)C(=O)CN(CCCc2ccccc2)C(=O)[C@H](Cc2ccccc2)NC(=O)CN(CCCOC(C)C)C(=O)[C@H]2CCCN2C1=O,1.4-28,1281,-5.86,6,6,Circle,0.191927,0.0404058,-21.6708,10.082,9.0,1.082,0.164348,0.0374858,9.189,8.356,0.833,31,90,train,test,test,train,train,train,test,train,test,train,,train,0.0699999999999998,0.08514972
1273,2016_Furukawa,CCCC[C@@H]1NC(=O)[C@H](CC(C)C)N(C)C(=O)CN(CCOc2ccccc2)C(=O)[C@H](CC(C)C)NC(=O)CN(CCCOC(C)C)C(=O)[C@H]2CCCN2C1=O,1.4-20,1273,-5.5,6,6,Circle,0.215375,0.0604395,-23.2256,9.887,8.692,1.195,0.168721,0.0403506,9.107,8.134,0.973,15,58,test,train,test,train,train,test,test,val,val,train,,test,0.25,0.31467316
1272,2016_Furukawa,CCCC[C@@H]1NC(=O)[C@H](CC(C)C)N(C)C(=O)CN(CCCc2ccccc2)C(=O)[C@H](CC(C)C)NC(=O)CN(CCCOC(C)C)C(=O)[C@H]2CCCN2C1=O,1.4-19,1272,-5.6,6,6,Circle,0.198087,0.0609623,-20.5591,9.65,8.536,1.114,0.171481,0.035055,9.188,8.286,0.902,74,75,test,train,test,train,train,train,train,train,test,train,,test,0.2000000000000001,0.29801637
1268,2016_Furukawa,CCCC[C@@H]1NC(=O)[C@H](CC(C)C)N(C)C(=O)CN(CC2CCCCC2)C(=O)[C@H](CC(C)C)NC(=O)CN(CCCOC(C)C)C(=O)[C@H]2CCCN2C1=O,1.4-15,1268,-5.76,6,6,Circle,0.142521,0.0415666,-18.8546,9.707,8.516,1.191,0.144904,0.03915,8.997,8.049,0.948,74,92,train,train,test,train,test,train,test,train,train,train,,train,0.1200000000000001,0.27659178
1267,2016_Furukawa,CCCC[C@@H]1NC(=O)[C@H](CC(C)C)N(C)C(=O)CN(CCOC)C(=O)[C@H](Cc2ccccc2)NC(=O)CN(CCCOC(C)C)C(=O)[C@H]2CCCN2C1=O,1.4-14,1267,-5.08,6,6,Circle,0.180571,0.0513274,-22.7908,9.404,8.223,1.181,0.175092,0.0402216,9.02,7.966,1.054,86,77,train,val,test,train,test,train,train,train,train,train,,train,0.4599999999999999,0.5151148
1251,2016_Furukawa,CCCC[C@@H]1NC(=O)[C@H](CC(C)C)N(C)C(=O)CN(CCOc2ccccc2)C(=O)[C@H](Cc2ccc3ccccc3c2)NC(=O)CN(CC(C)C)C(=O)[C@H]2CCCN2C1=O,1.3-38,1251,-7.97,6,6,Circle,0.173532,0.0461613,-18.5144,9.444,8.439,1.005,0.153272,0.048878,9.638,8.533,1.105,23,3,train,train,test,train,train,train,train,train,train,train,,train,-0.985,-0.9274697
1246,2016_Furukawa,CCCC[C@@H]1NC(=O)[C@H](CC(C)C)N(C)C(=O)CN(Cc2ccccc2)C(=O)[C@H](Cc2ccc3ccccc3c2)NC(=O)CN(CC(C)C)C(=O)[C@H]2CCCN2C1=O,1.3-33,1246,-7.78,6,6,Circle,0.121466,0.0391528,-20.1006,9.255,8.256,0.999,0.168089,0.0446476,9.198,8.186,1.012,31,2,train,train,test,test,test,train,test,train,train,train,,train,-0.8900000000000001,-0.6871988
1194,2016_Furukawa,CCCC[C@@H]1NC(=O)[C@H](CC(C)C)N(C)C(=O)CN(CCCc2cnn(C)c2)C(=O)[C@H](CC(C)C)NC(=O)CN(CCC)C(=O)[C@H]2CCCN2C1=O,1.2-21,1194,-5.59,6,6,Circle,0.158237,0.0537892,-26.1438,8.713,7.462,1.251,0.105968,0.0387118,8.298,7.327,0.971,100,67,train,train,test,val,train,train,val,train,train,val,,train,0.205,0.2632684
1168,2016_Furukawa,CCCC[C@@H]1NC(=O)[C@H](CC(C)C)N(C)C(=O)CN(CC2CCOCC2)C(=O)[C@H](Cc2ccc3ccccc3c2)NC(=O)CN(CC)C(=O)[C@H]2CCCN2C1=O,1.1-35,1168,-5.23,6,6,Circle,0.158828,0.0408408,-22.1383,8.848,7.663,1.185,0.122076,0.0468788,8.791,7.683,1.108,100,28,train,train,test,train,train,train,train,train,train,test,,train,0.3849999999999998,0.3959095
1167,2016_Furukawa,CCCC[C@@H]1NC(=O)[C@H](CC(C)C)N(C)C(=O)CN(CC2CCCCC2)C(=O)[C@H](Cc2ccc3ccccc3c2)NC(=O)CN(CC)C(=O)[C@H]2CCCN2C1=O,1.1-34,1167,-6.58,6,6,Circle,0.115527,0.0440204,-17.6965,8.929,7.829,1.1,0.0989328,0.0353235,8.846,7.874,0.972,49,95,train,train,test,test,train,train,train,train,train,train,,train,-0.29,-0.36661458
1161,2016_Furukawa,CCCC[C@@H]1NC(=O)[C@H](CC(C)C)N(C)C(=O)CN(CCCc2ccccc2)C(=O)[C@H](Cc2ccccc2)NC(=O)CN(CC)C(=O)[C@H]2CCCN2C1=O,1.1-28,1161,-5.38,6,6,Circle,0.164483,0.0561084,-20.7377,8.854,7.806,1.048,0.181455,0.0405066,8.802,7.82,0.982,96,72,train,train,test,train,train,train,val,train,train,train,,train,0.31,0.21670628
1159,2016_Furukawa,CCCC[C@@H]1NC(=O)[C@H](CC(C)C)N(C)C(=O)CN(CCc2cccnc2)C(=O)[C@H](Cc2ccccc2)NC(=O)CN(CC)C(=O)[C@H]2CCCN2C1=O,1.1-26,1159,-5.87,6,6,Circle,0.160192,0.0543838,-22.7676,8.454,7.438,1.016,0.161258,0.0412898,8.486,7.47,1.016,73,3,train,test,test,val,train,train,train,train,train,train,,train,0.0649999999999999,0.09023974
1105,2015_Wang,CC(C)C[C@@H]1NC(=O)[C@H](Cc2ccccc2)NC(=O)[C@H]([C@@H](C)O)NC(=O)CN(C)C(=O)[C@H]([C@@H](C)O)NC(=O)[C@H](Cc2ccc(O)cc2)NC1=O,Compound.61,1105,-7.7,6,6,Circle,0.148783,0.0384882,-47.8753,8.035,6.67,1.365,0.125861,0.0716813,7.918,6.463,1.455,4,88,train,train,test,train,train,train,train,test,train,train,,train,-0.8500000000000001,-0.8903354
1093,2015_Wang,N=C(N)NCCC[C@@H]1NC(=O)[C@H](Cc2cc3ccccc3[nH]2)NC(=O)[C@H]2CCCN2C(=O)[C@H](CCCCN)NC(=O)[C@H](CCCNC(=N)N)NC(=O)[C@@H](CCCNC(=N)N)NC1=O,Compound.49,1093,-10.0,6,6,Circle,0.203851,0.0524626,-455.5223,10.7,8.091,2.609,0.10966,0.0321923,10.132,8.041,2.091,11,13,val,test,test,train,train,train,train,train,train,test,-7.91,test,-1.0,-0.28722334
1089,2015_Wang,CC(C)C[C@@H]1NC(=O)[C@@H](Cc2ccccc2)NC(=O)CN(C)C(=O)[C@@H](C)N(C)C(=O)[C@H](Cc2ccc(O)cc2)NC(=O)[C@@H]2CCCN2C1=O,Compound.45,1089,-6.85,6,6,Circle,0.161809,0.0608898,-51.2654,7.943,6.623,1.32,0.155072,0.0436839,7.438,6.377,1.061,99,45,train,train,test,train,val,val,train,val,train,train,,train,-0.4249999999999998,-0.48774558
1088,2015_Wang,CC(C)C[C@H]1NC(=O)[C@@H](Cc2ccccc2)NC(=O)CN(C)C(=O)[C@H](C)N(C)C(=O)[C@H](Cc2ccc(O)cc2)NC(=O)[C@@H]2CCCN2C1=O,Compound.44,1088,-7.52,6,6,Circle,0.236992,0.0976238,-43.5462,7.815,6.481,1.334,0.186849,0.059719,7.475,6.092,1.383,31,66,train,train,test,train,test,train,train,test,train,train,,train,-0.7599999999999998,-0.770638
1087,2015_Wang,CC(C)C[C@H]1C(=O)N[C@@H](Cc2ccc(O)cc2)C(=O)N(C)[C@H](C)C(=O)N(C)CC(=O)N[C@@H](Cc2ccccc2)C(=O)N(C)[C@H](CC(C)C)C(=O)N1C,Compound.43,1087,-6.03,6,6,Circle,0.119157,0.0342166,-29.4581,8.36,7.236,1.124,0.0999171,0.0311487,8.378,7.257,1.121,38,69,train,train,test,test,train,train,train,train,train,val,,train,-0.0150000000000001,0.36269993
1078,2015_Wang,CC(C)C[C@@H]1NC(=O)[C@H](Cc2ccccc2)NC(=O)CNC(=O)[C@H](C)NC(=O)[C@H](Cc2ccc(O)cc2)NC(=O)[C@H]2CCCN2C1=O,Compound.34,1078,-8.0,6,6,Circle,0.230375,0.0876144,-46.7651,7.906,6.307,1.599,0.177639,0.0326755,7.124,5.791,1.333,41,57,train,train,test,train,train,train,train,train,train,train,,train,-1.0,-0.764707
1077,2015_Wang,C[C@@H](O)[C@@H]1NC(=O)[C@@H](CCCCN)NC(=O)[C@@H](Cc2cc3ccccc3[nH]2)NC(=O)[C@H](Cc2ccccc2)NC(=O)[C@@H]2CCCN2C(=O)[C@@H](Cc2ccccc2)NC1=O,Compound.33,1077,-7.05,6,6,Circle,0.267853,0.068754,-100.0606,9.084,7.587,1.497,0.12533,0.0262093,8.74,7.608,1.132,33,9,train,train,test,test,val,train,val,train,train,train,,train,-0.5249999999999999,-0.29750586
1070,2015_Wang,CC(C)C[C@@H]1NC(=O)[C@@H](CC(C)C)NC(=O)[C@@H](CC(C)C)NC(=O)[C@H](Cc2cc3ccccc3[nH]2)NC(=O)[C@@H]2CCCN2C(=O)[C@@H](CC(C)C)NC1=O,Compound.26,1070,-5.6,6,6,Circle,0.277041,0.108434,-30.2223,9.22,7.91,1.31,0.112068,0.0333412,8.903,7.76,1.143,21,74,test,train,test,train,train,train,train,train,train,train,,test,0.2000000000000001,0.30864525
1064,2015_Wang,CC(C)C[C@@H]1NC(=O)[C@H](CC(C)C)NC(=O)[C@@H](CC(C)C)NC(=O)[C@H](Cc2ccc(O)cc2)NC(=O)[C@@H]2CCCN2C(=O)[C@H](CC(C)C)NC1=O,Compound.20,1064,-6.23,6,6,Circle,0.187451,0.0475332,-40.3203,8.792,7.471,1.321,0.130278,0.0462234,8.755,7.375,1.38,44,22,train,train,test,train,train,train,train,val,train,val,,train,-0.1150000000000002,-0.302886
1062,2015_Wang,CC(C)C[C@@H]1NC(=O)[C@H](CC(C)C)N(C)C(=O)[C@H](Cc2ccc(O)cc2)NC(=O)[C@@H]2CCCN2C(=O)[C@H]2CCCN2C(=O)[C@@H](CC(C)C)NC1=O,Compound.18,1062,-6.54,6,6,Circle,0.194396,0.071404,-33.2044,8.533,7.343,1.19,0.146266,0.0525149,8.419,7.356,1.063,49,2,train,train,test,train,train,train,train,train,train,train,,train,-0.27,-0.59606236
