CycPeptMPDB_ID,Source,SMILES,Original_Name_in_Source_Literature,Structurally_Unique_ID,PAMPA,Monomer_Length,Monomer_Length_in_Main_Chain,Molecule_Shape,Water_avgRMSD_All,Water_avgRMSD_BackBone,Desolvation_Free_Energy,Water_3D_SASA,Water_3D_NPSA,Water_3D_PSA,Hexane_avgRMSD_All,Hexane_avgRMSD_BackBone,Hexane_3D_SASA,Hexane_3D_NPSA,Hexane_3D_PSA,Water_RepFrame,Hexane_RepFrame,split_0,split_1,split_2,split_3,split_4,split_5,split_6,split_7,split_8,split_9,PAMPA_WuXi,split_wuxi,Normalized_PAMPA,Pred_1
7058,2021_Kelly,CC(=O)N[C@@H]1C(=O)N2CCC[C@H]2C(=O)N(C)[C@H](CC(C)C)C(=O)N(C)[C@H](CC(C)C)C(=O)N[C@H](CC(C)C)C(=O)N(C)[C@@H](CC(C)C)C(=O)N[C@@H](C)C(=O)N[C@@H](CC(C)C)C(=O)N2CCC[C@@H]2C(=O)O[C@@H]1C,L4_4.2.3.1.1,7058,-6.47,10,9,Lariat,0.16043,0.102678,-34.0195,11.973,9.921,2.052,0.121731,0.0647145,10.865,9.436,1.429,63,45,train,test,train,train,train,train,train,val,train,train,,train,-0.2349999999999998,-0.2530455
7057,2021_Kelly,CC(=O)N[C@@H]1C(=O)N2CCC[C@H]2C(=O)N(C)[C@H](CC(C)C)C(=O)N(C)[C@H](CC(C)C)C(=O)N[C@H](CC(C)C)C(=O)N[C@H](CC(C)C)C(=O)N(C)[C@H](C)C(=O)N[C@@H](CC(C)C)C(=O)N2CCC[C@@H]2C(=O)O[C@@H]1C,L4_4.2.2.4.1,7057,-6.72,10,9,Lariat,0.18855,0.120025,-33.064,12.017,10.057,1.96,0.254962,0.128775,11.406,9.63,1.776,14,52,train,test,train,train,train,train,train,train,train,train,,train,-0.3599999999999999,0.12215538
7051,2021_Kelly,CC(=O)N[C@@H]1C(=O)N2CCC[C@H]2C(=O)N(C)[C@H](CC(C)C)C(=O)N(C)[C@@H](CC(C)C)C(=O)N(C)[C@H](CC(C)C)C(=O)N(C)[C@H](CC(C)C)C(=O)N(C)[C@H](C)C(=O)N[C@@H](CC(C)C)C(=O)N2CCC[C@@H]2C(=O)O[C@@H]1C,L4_3.4.4.4.1,7051,-4.98,10,9,Lariat,0.112933,0.0597866,-31.3287,11.343,9.808,1.535,0.0922443,0.0538103,11.649,10.078,1.571,64,39,train,test,val,train,test,train,train,train,train,train,,train,0.5099999999999998,0.39733
7039,2021_Kelly,CC(=O)N[C@@H]1C(=O)N2CCC[C@H]2C(=O)N(C)[C@H](CC(C)C)C(=O)N(C)[C@@H](CC(C)C)C(=O)N[C@@H](CC(C)C)C(=O)N(C)[C@@H](CC(C)C)C(=O)N(C)[C@H](C)C(=O)N[C@@H](CC(C)C)C(=O)N2CCC[C@@H]2C(=O)O[C@@H]1C,L4_3.1.3.4.1,7039,-6.0,10,9,Lariat,0.131413,0.0889158,-23.8882,11.075,9.393,1.682,0.0980111,0.057847,11.006,9.419,1.587,72,7,train,test,train,val,train,val,train,train,train,train,,train,0.0,0.23577802
7022,2021_Kelly,CC(=O)N[C@@H]1C(=O)N2CCC[C@H]2C(=O)N(C)[C@H](CC(C)C)C(=O)N[C@H](CC(C)C)C(=O)N[C@H](CC(C)C)C(=O)N(C)[C@@H](CC(C)C)C(=O)N(C)[C@@H](C)C(=O)N[C@@H](CC(C)C)C(=O)N2CCC[C@@H]2C(=O)O[C@@H]1C,L4_2.2.3.3.1,7022,-6.24,10,9,Lariat,0.163048,0.0979478,-24.7884,11.338,9.602,1.736,0.105422,0.0503724,10.792,9.46,1.332,26,4,train,test,train,train,train,test,val,train,train,train,,train,-0.1200000000000001,-0.1540967
7011,2021_Kelly,CC(=O)N[C@@H]1C(=O)N2CCC[C@H]2C(=O)N(C)[C@H](CC(C)C)C(=O)N[C@H](CC(C)C)C(=O)N[C@@H](CC(C)C)C(=O)N(C)[C@@H](CC(C)C)C(=O)N(C)[C@@H](C)C(=O)N[C@@H](CC(C)C)C(=O)N2CCC[C@@H]2C(=O)O[C@@H]1C,L4_2.1.3.3.1,7011,-6.54,10,9,Lariat,0.14318,0.0806374,-33.8854,11.238,9.194,2.044,0.112016,0.0497931,10.91,9.294,1.616,46,75,train,test,train,train,train,train,train,train,train,test,,train,-0.27,-0.069674455
7006,2021_Kelly,CC(=O)N[C@@H]1C(=O)N2CCC[C@H]2C(=O)N(C)[C@H](CC(C)C)C(=O)N[C@H](CC(C)C)C(=O)N[C@@H](CC(C)C)C(=O)N[C@@H](CC(C)C)C(=O)N(C)[C@@H](C)C(=O)N[C@@H](CC(C)C)C(=O)N2CCC[C@@H]2C(=O)O[C@@H]1C,L4_2.1.1.3.1,7006,-6.76,10,9,Lariat,0.143505,0.0820782,-39.5335,11.664,9.618,2.046,0.146428,0.0797854,10.867,9.13,1.737,8,70,val,test,val,train,train,train,train,train,train,val,,val,-0.3799999999999999,-0.33732414
7005,2021_Kelly,CC(=O)N[C@@H]1C(=O)N2CCC[C@H]2C(=O)N(C)[C@H](CC(C)C)C(=O)N[C@H](CC(C)C)C(=O)N[C@@H](CC(C)C)C(=O)N[C@@H](CC(C)C)C(=O)N[C@H](C)C(=O)N[C@@H](CC(C)C)C(=O)N2CCC[C@@H]2C(=O)O[C@@H]1C,L4_2.1.1.2.1,7005,-7.27,10,9,Lariat,0.122913,0.0569547,-28.0329,10.924,9.346,1.578,0.0985075,0.058773,10.261,8.812,1.449,22,65,val,test,train,train,train,train,train,train,train,train,,val,-0.6349999999999998,-0.5112571
6978,2021_Kelly,CC(=O)N1CCC[C@H]1C(=O)N[C@@H]1C(=O)N[C@H](CC(C)C)C(=O)N(C)[C@H](CC(C)C)C(=O)N(C)[C@H](CC(C)C)C(=O)N(C)[C@@H](CC(C)C)C(=O)N[C@@H](C)C(=O)N[C@@H](CC(C)C)C(=O)N2CCC[C@@H]2C(=O)O[C@@H]1C,L3_4.4.3.1.1,6978,-5.41,10,8,Lariat,0.119195,0.0655242,-32.2718,11.539,10.047,1.492,0.112836,0.0602396,11.456,9.913,1.543,38,12,train,test,train,test,train,test,train,train,train,train,,train,0.2949999999999999,0.21677946
6976,2021_Kelly,CC(=O)N1CCC[C@H]1C(=O)N[C@@H]1C(=O)N[C@H](CC(C)C)C(=O)N(C)[C@H](CC(C)C)C(=O)N(C)[C@H](CC(C)C)C(=O)N[C@H](CC(C)C)C(=O)N(C)[C@@H](C)C(=O)N[C@@H](CC(C)C)C(=O)N2CCC[C@@H]2C(=O)O[C@@H]1C,L3_4.4.2.3.1,6976,-4.92,10,8,Lariat,0.177009,0.121981,-37.2546,11.665,9.828,1.837,0.107988,0.0539586,10.899,9.697,1.202,89,92,train,test,train,train,train,test,train,train,train,train,,train,0.54,0.43687207
6970,2021_Kelly,CC(=O)N1CCC[C@H]1C(=O)N[C@@H]1C(=O)N[C@H](CC(C)C)C(=O)N(C)[C@H](CC(C)C)C(=O)N(C)[C@@H](CC(C)C)C(=O)N(C)[C@@H](CC(C)C)C(=O)N(C)[C@@H](C)C(=O)N[C@@H](CC(C)C)C(=O)N2CCC[C@@H]2C(=O)O[C@@H]1C,L3_4.3.3.3.1,6970,-5.07,10,8,Lariat,0.121322,0.071732,-27.8316,11.308,9.664,1.644,0.103464,0.0527103,11.106,9.695,1.411,81,64,train,test,test,val,test,test,train,train,train,train,,train,0.4649999999999998,0.4034168
6954,2021_Kelly,CC(=O)N1CCC[C@H]1C(=O)N[C@@H]1C(=O)N[C@H](CC(C)C)C(=O)N(C)[C@H](CC(C)C)C(=O)N[C@@H](CC(C)C)C(=O)N(C)[C@@H](CC(C)C)C(=O)N(C)[C@H](C)C(=O)N[C@@H](CC(C)C)C(=O)N2CCC[C@@H]2C(=O)O[C@@H]1C,L3_4.1.3.4.1,6954,-4.96,10,8,Lariat,0.125614,0.0684554,-26.4032,11.453,9.679,1.774,0.134779,0.0737104,11.411,9.649,1.762,30,46,val,test,train,val,val,train,train,train,val,train,,val,0.52,0.3613947
6934,2021_Kelly,CC(=O)N1CCC[C@H]1C(=O)N[C@@H]1C(=O)N[C@H](CC(C)C)C(=O)N(C)[C@@H](CC(C)C)C(=O)N[C@H](CC(C)C)C(=O)N(C)[C@H](CC(C)C)C(=O)N(C)[C@H](C)C(=O)N[C@@H](CC(C)C)C(=O)N2CCC[C@@H]2C(=O)O[C@@H]1C,L3_3.2.4.4.1,6934,-5.22,10,8,Lariat,0.113668,0.0498037,-16.4428,10.718,9.407,1.311,0.143233,0.0951911,10.674,9.27,1.404,39,77,train,test,train,train,train,train,train,val,train,train,,train,0.3900000000000001,0.41682714
6919,2021_Kelly,CC(=O)N1CCC[C@H]1C(=O)N[C@@H]1C(=O)N[C@H](CC(C)C)C(=O)N[C@H](CC(C)C)C(=O)N(C)[C@H](CC(C)C)C(=O)N[C@@H](CC(C)C)C(=O)N(C)[C@H](C)C(=O)N[C@@H](CC(C)C)C(=O)N2CCC[C@@H]2C(=O)O[C@@H]1C,L3_2.4.1.4.1,6919,-5.71,10,8,Lariat,0.225754,0.13829,-36.7827,11.631,9.782,1.849,0.165749,0.0899382,10.784,9.389,1.395,18,47,train,test,train,train,train,test,val,train,train,train,,train,0.145,0.13299884
6914,2021_Kelly,CC(=O)N1CCC[C@H]1C(=O)N[C@@H]1C(=O)N[C@H](CC(C)C)C(=O)N[C@H](CC(C)C)C(=O)N(C)[C@@H](CC(C)C)C(=O)N[C@@H](CC(C)C)C(=O)N(C)[C@H](C)C(=O)N[C@@H](CC(C)C)C(=O)N2CCC[C@@H]2C(=O)O[C@@H]1C,L3_2.3.1.4.1,6914,-5.65,10,8,Lariat,0.160561,0.110208,-31.0278,11.161,9.349,1.812,0.125892,0.0778052,10.741,9.185,1.556,91,97,train,test,train,train,train,train,train,train,train,train,,train,0.1749999999999998,0.044915363
6896,2021_Kelly,CC(=O)N1CCC[C@H]1C(=O)N[C@@H]1C(=O)N[C@H](CC(C)C)C(=O)N[C@H](CC(C)C)C(=O)N[C@@H](CC(C)C)C(=O)N(C)[C@@H](CC(C)C)C(=O)N(C)[C@@H](C)C(=O)N[C@@H](CC(C)C)C(=O)N2CCC[C@@H]2C(=O)O[C@@H]1C,L3_2.1.3.3.1,6896,-6.16,10,8,Lariat,0.11986,0.0600864,-22.9965,10.915,9.432,1.483,0.127844,0.0612366,10.533,9.248,1.285,58,77,train,test,train,train,train,train,train,train,test,train,,train,-0.08,0.082290545
6892,2021_Kelly,CC(=O)N1CCC[C@H]1C(=O)N[C@@H]1C(=O)N[C@H](CC(C)C)C(=O)N[C@H](CC(C)C)C(=O)N[C@@H](CC(C)C)C(=O)N[C@@H](CC(C)C)C(=O)N(C)[C@H](C)C(=O)N[C@@H](CC(C)C)C(=O)N2CCC[C@@H]2C(=O)O[C@@H]1C,L3_2.1.1.4.1,6892,-6.76,10,8,Lariat,0.244524,0.16417,-31.3842,11.029,9.24,1.789,0.100112,0.0512147,10.164,8.809,1.355,33,52,train,test,test,train,train,train,train,test,train,train,,train,-0.3799999999999999,-0.2975934
6875,2021_Kelly,CC(=O)N1CCC[C@H]1C(=O)N[C@@H]1C(=O)N[C@H](CC(C)C)C(=O)N[C@@H](CC(C)C)C(=O)N[C@H](CC(C)C)C(=O)N(C)[C@@H](CC(C)C)C(=O)N(C)[C@@H](C)C(=O)N[C@@H](CC(C)C)C(=O)N2CCC[C@@H]2C(=O)O[C@@H]1C,L3_1.2.3.3.1,6875,-5.96,10,8,Lariat,0.209285,0.152672,-38.299,11.938,9.825,2.113,0.129787,0.0776472,10.967,9.5,1.467,23,71,train,test,train,train,train,train,train,train,train,train,,train,0.02,0.06073314
6870,2021_Kelly,CC(=O)N1CCC[C@H]1C(=O)N[C@@H]1C(=O)N[C@H](CC(C)C)C(=O)N[C@@H](CC(C)C)C(=O)N[C@H](CC(C)C)C(=O)N[C@@H](CC(C)C)C(=O)N[C@H](C)C(=O)N[C@@H](CC(C)C)C(=O)N2CCC[C@@H]2C(=O)O[C@@H]1C,L3_1.2.1.2.1,6870,-6.69,10,8,Lariat,0.167958,0.0921003,-26.6388,11.064,9.376,1.688,0.111888,0.0520234,10.663,9.19,1.473,98,15,train,test,train,train,train,train,train,val,train,train,,train,-0.3450000000000002,-0.28205565
6867,2021_Kelly,CC(=O)N1CCC[C@H]1C(=O)N[C@@H]1C(=O)N[C@H](CC(C)C)C(=O)N[C@@H](CC(C)C)C(=O)N[C@@H](CC(C)C)C(=O)N(C)[C@H](CC(C)C)C(=O)N[C@H](C)C(=O)N[C@@H](CC(C)C)C(=O)N2CCC[C@@H]2C(=O)O[C@@H]1C,L3_1.1.4.2.1,6867,-6.3,10,8,Lariat,0.119419,0.0613397,-22.7375,11.193,9.522,1.671,0.154934,0.0840173,10.605,9.128,1.477,85,60,train,test,train,train,train,train,val,train,train,train,,train,-0.1499999999999999,0.021652952
6833,2021_Kelly,CC(=O)N1CCC[C@H]1C(=O)N[C@@H]1C(=O)N(C)[C@H](CC(C)C)C(=O)N(C)[C@@H](CC(C)C)C(=O)N(C)[C@@H](CC(C)C)C(=O)N(C)[C@H](CC(C)C)C(=O)N(C)[C@H](C)C(=O)N[C@@H](CC(C)C)C(=O)N2CCC[C@@H]2C(=O)O[C@@H]1C,L2_3.3.4.4.1,6833,-5.22,10,8,Lariat,0.116659,0.0576656,-17.0978,11.019,9.393,1.626,0.106494,0.0593289,11.041,9.567,1.474,17,51,train,test,train,train,train,test,train,train,train,train,,train,0.3900000000000001,0.38443524
6815,2021_Kelly,CC(=O)N1CCC[C@H]1C(=O)N[C@@H]1C(=O)N(C)[C@H](CC(C)C)C(=O)N[C@H](CC(C)C)C(=O)N(C)[C@H](CC(C)C)C(=O)N(C)[C@@H](CC(C)C)C(=O)N[C@@H](C)C(=O)N[C@@H](CC(C)C)C(=O)N2CCC[C@@H]2C(=O)O[C@@H]1C,L2_2.4.3.1.1,6815,-5.53,10,8,Lariat,0.196309,0.1264,-27.468,11.386,9.606,1.78,0.122061,0.0648048,10.838,9.444,1.394,58,43,train,test,train,train,train,train,test,train,train,train,,train,0.2349999999999998,-0.07023075
6811,2021_Kelly,CC(=O)N1CCC[C@H]1C(=O)N[C@@H]1C(=O)N(C)[C@H](CC(C)C)C(=O)N[C@H](CC(C)C)C(=O)N(C)[C@@H](CC(C)C)C(=O)N(C)[C@H](CC(C)C)C(=O)N[C@H](C)C(=O)N[C@@H](CC(C)C)C(=O)N2CCC[C@@H]2C(=O)O[C@@H]1C,L2_2.3.4.2.1,6811,-5.45,10,8,Lariat,0.161162,0.0991113,-24.8885,11.287,9.58,1.707,0.112779,0.0633459,10.358,9.095,1.263,80,11,train,test,test,train,train,train,train,train,train,train,,train,0.2749999999999999,-0.058690846
6792,2021_Kelly,CC(=O)N1CCC[C@H]1C(=O)N[C@@H]1C(=O)N(C)[C@H](CC(C)C)C(=O)N[C@H](CC(C)C)C(=O)N[C@@H](CC(C)C)C(=O)N(C)[C@H](CC(C)C)C(=O)N[C@H](C)C(=O)N[C@@H](CC(C)C)C(=O)N2CCC[C@@H]2C(=O)O[C@@H]1C,L2_2.1.4.2.1,6792,-5.53,10,8,Lariat,0.174055,0.115894,-25.7578,10.924,9.049,1.875,0.114754,0.0660075,10.417,9.02,1.397,88,66,train,test,train,val,test,train,train,train,train,test,,train,0.2349999999999998,0.09136556
6790,2021_Kelly,CC(=O)N1CCC[C@H]1C(=O)N[C@@H]1C(=O)N(C)[C@H](CC(C)C)C(=O)N[C@H](CC(C)C)C(=O)N[C@@H](CC(C)C)C(=O)N(C)[C@@H](CC(C)C)C(=O)N(C)[C@H](C)C(=O)N[C@@H](CC(C)C)C(=O)N2CCC[C@@H]2C(=O)O[C@@H]1C,L2_2.1.3.4.1,6790,-5.76,10,8,Lariat,0.165838,0.107848,-28.3536,11.032,9.322,1.71,0.11267,0.0610795,10.989,9.307,1.682,3,56,train,test,train,train,train,train,train,train,val,train,,train,0.1200000000000001,-0.059338726
6776,2021_Kelly,CC(=O)N1CCC[C@H]1C(=O)N[C@@H]1C(=O)N(C)[C@H](CC(C)C)C(=O)N[C@@H](CC(C)C)C(=O)N[C@H](CC(C)C)C(=O)N(C)[C@@H](CC(C)C)C(=O)N[C@@H](C)C(=O)N[C@@H](CC(C)C)C(=O)N2CCC[C@@H]2C(=O)O[C@@H]1C,L2_1.2.3.1.1,6776,-5.64,10,8,Lariat,0.173185,0.114036,-34.4518,10.962,9.179,1.783,0.168146,0.086366,11.026,9.24,1.786,26,53,train,test,val,train,train,train,train,train,train,train,,train,0.1800000000000001,0.19646986
6715,2021_Kelly,CC(=O)N1CCC[C@H]1C(=O)N(C)[C@@H](CC(C)C)C(=O)N[C@@H]1C(=O)N[C@H](CC(C)C)C(=O)N[C@H](CC(C)C)C(=O)N(C)[C@@H](CC(C)C)C(=O)N(C)[C@H](C)C(=O)N[C@H](CC(C)C)C(=O)N2CCC[C@H]2C(=O)O[C@@H]1C,L1_9.2.2.3.4.2,6715,-5.76,10,7,Lariat,0.124715,0.0585097,-25.5284,10.914,9.26,1.654,0.103708,0.0511253,10.835,9.293,1.542,32,61,train,test,train,train,train,val,train,train,test,train,,train,0.1200000000000001,0.14016606
6714,2021_Kelly,CC(=O)N1CCC[C@H]1C(=O)N(C)[C@@H](CC(C)C)C(=O)N[C@@H]1C(=O)N[C@H](CC(C)C)C(=O)N[C@H](CC(C)C)C(=O)N[C@H](CC(C)C)C(=O)N(C)[C@H](C)C(=O)N[C@H](CC(C)C)C(=O)N2CCC[C@H]2C(=O)O[C@@H]1C,L1_9.2.2.2.4.2,6714,-6.95,10,7,Lariat,0.336552,0.245905,-35.7384,11.756,9.663,2.093,0.176778,0.109681,11.519,9.715,1.804,89,67,test,test,test,test,train,train,train,train,train,train,,test,-0.4750000000000001,-0.25121805
6708,2021_Kelly,CC(=O)N1CCC[C@H]1C(=O)N(C)[C@@H](CC(C)C)C(=O)N[C@@H]1C(=O)N[C@H](CC(C)C)C(=O)N[C@@H](CC(C)C)C(=O)N[C@H](CC(C)C)C(=O)N[C@@H](C)C(=O)N[C@H](CC(C)C)C(=O)N2CCC[C@H]2C(=O)O[C@@H]1C,L1_9.2.1.2.1.2,6708,-6.67,10,7,Lariat,0.149615,0.09177,-36.166,10.957,9.25,1.707,0.232189,0.157865,10.432,8.9,1.532,48,92,train,test,train,test,val,train,train,train,train,train,,train,-0.3349999999999999,-0.2934957
6702,2021_Kelly,CC(=O)N1CCC[C@H]1C(=O)N(C)[C@@H](CC(C)C)C(=O)N[C@@H]1C(=O)N[C@@H](CC(C)C)C(=O)N(C)[C@@H](CC(C)C)C(=O)N(C)[C@H](CC(C)C)C(=O)N[C@@H](C)C(=O)N[C@H](CC(C)C)C(=O)N2CCC[C@H]2C(=O)O[C@@H]1C,L1_9.1.3.4.1.2,6702,-6.21,10,7,Lariat,0.156463,0.0905233,-33.4509,12.104,10.006,2.098,0.179728,0.108958,11.714,9.736,1.978,89,95,train,test,train,train,train,train,train,train,test,train,,train,-0.1049999999999999,-0.3559891
6691,2021_Kelly,CC(=O)N1CCC[C@@H]1C(=O)N(C)[C@H](CC(C)C)C(=O)N[C@@H]1C(=O)N(C)[C@H](CC(C)C)C(=O)N(C)[C@H](CC(C)C)C(=O)N(C)[C@@H](CC(C)C)C(=O)N(C)[C@@H](C)C(=O)N[C@@H](CC(C)C)C(=O)N2CCC[C@@H]2C(=O)O[C@@H]1C,L1_8.4.4.3.3.1,6691,-5.56,10,7,Lariat,0.14147,0.0752576,-21.7982,11.631,10.223,1.408,0.124594,0.067456,11.165,9.828,1.337,27,31,val,test,val,train,train,train,train,train,train,train,,val,0.2200000000000002,0.21868296
6669,2021_Kelly,CC(=O)N1CCC[C@@H]1C(=O)N(C)[C@H](CC(C)C)C(=O)N[C@@H]1C(=O)N[C@H](CC(C)C)C(=O)N[C@H](CC(C)C)C(=O)N[C@H](CC(C)C)C(=O)N(C)[C@H](C)C(=O)N[C@@H](CC(C)C)C(=O)N2CCC[C@@H]2C(=O)O[C@@H]1C,L1_8.2.2.2.4.1,6669,-6.12,10,7,Lariat,0.166584,0.0993624,-28.9221,11.504,9.79,1.714,0.123005,0.064752,10.995,9.331,1.664,86,74,train,test,train,train,train,train,test,test,val,train,,train,-0.06,-0.55367374
6660,2021_Kelly,CC(=O)N1CCC[C@@H]1C(=O)N(C)[C@H](CC(C)C)C(=O)N[C@@H]1C(=O)N[C@@H](CC(C)C)C(=O)N[C@H](CC(C)C)C(=O)N(C)[C@H](CC(C)C)C(=O)N[C@@H](C)C(=O)N[C@@H](CC(C)C)C(=O)N2CCC[C@@H]2C(=O)O[C@@H]1C,L1_8.1.2.4.1.1,6660,-6.93,10,7,Lariat,0.172007,0.106475,-39.5905,11.885,10.056,1.829,0.152217,0.0949538,10.995,9.46,1.535,3,89,train,test,train,train,train,train,train,train,val,test,,train,-0.4649999999999998,-0.73018485
6655,2021_Kelly,CC(=O)N1CCC[C@@H]1C(=O)N(C)[C@H](CC(C)C)C(=O)N[C@@H]1C(=O)N[C@@H](CC(C)C)C(=O)N[C@@H](CC(C)C)C(=O)N[C@H](CC(C)C)C(=O)N[C@@H](C)C(=O)N[C@@H](CC(C)C)C(=O)N2CCC[C@@H]2C(=O)O[C@@H]1C,L1_8.1.1.2.1.1,6655,-7.4,10,7,Lariat,0.242606,0.159277,-28.6817,10.561,8.854,1.707,0.144937,0.0902382,10.46,8.988,1.472,5,3,train,test,train,val,train,train,train,train,test,train,,train,-0.7000000000000002,-0.6429255
6654,2021_Kelly,CC(=O)N1CCC[C@@H]1C(=O)N(C)[C@H](CC(C)C)C(=O)N[C@@H]1C(=O)N(C)[C@H](CC(C)C)C(=O)N(C)[C@H](CC(C)C)C(=O)N(C)[C@@H](CC(C)C)C(=O)N(C)[C@@H](C)C(=O)N[C@@H](CC(C)C)C(=O)N2CCC[C@H]2C(=O)O[C@@H]1C,L1_7.4.4.3.3.1,6654,-5.72,10,7,Lariat,0.163012,0.0906903,-19.8622,11.321,9.707,1.614,0.230892,0.174971,11.388,9.83,1.558,35,97,train,test,train,train,val,train,train,train,train,val,,train,0.1400000000000001,-0.09600489
6646,2021_Kelly,CC(=O)N1CCC[C@@H]1C(=O)N(C)[C@H](CC(C)C)C(=O)N[C@@H]1C(=O)N(C)[C@H](CC(C)C)C(=O)N[C@H](CC(C)C)C(=O)N[C@H](CC(C)C)C(=O)N(C)[C@H](C)C(=O)N[C@@H](CC(C)C)C(=O)N2CCC[C@H]2C(=O)O[C@@H]1C,L1_7.4.2.2.4.1,6646,-6.2,10,7,Lariat,0.229005,0.138514,-30.7832,11.448,9.484,1.964,0.183932,0.12309,10.838,9.337,1.501,100,64,train,test,train,train,train,train,train,train,train,train,,train,-0.1,-0.30675268
6639,2021_Kelly,CC(=O)N1CCC[C@@H]1C(=O)N(C)[C@H](CC(C)C)C(=O)N[C@@H]1C(=O)N(C)[C@@H](CC(C)C)C(=O)N(C)[C@H](CC(C)C)C(=O)N(C)[C@@H](CC(C)C)C(=O)N(C)[C@@H](C)C(=O)N[C@@H](CC(C)C)C(=O)N2CCC[C@H]2C(=O)O[C@@H]1C,L1_7.3.4.3.3.1,6639,-5.7,10,7,Lariat,0.203214,0.143348,-17.7908,11.266,9.51,1.756,0.168916,0.11463,11.224,9.716,1.508,32,21,val,test,val,train,train,train,train,train,train,train,,val,0.1499999999999999,0.0979218
6622,2021_Kelly,CC(=O)N1CCC[C@@H]1C(=O)N(C)[C@H](CC(C)C)C(=O)N[C@@H]1C(=O)N[C@H](CC(C)C)C(=O)N[C@H](CC(C)C)C(=O)N(C)[C@@H](CC(C)C)C(=O)N(C)[C@@H](C)C(=O)N[C@@H](CC(C)C)C(=O)N2CCC[C@H]2C(=O)O[C@@H]1C,L1_7.2.2.3.3.1,6622,-5.48,10,7,Lariat,0.215139,0.144482,-25.8597,11.491,9.848,1.643,0.163922,0.109,11.638,9.955,1.683,37,28,train,test,train,train,train,val,train,train,train,train,,train,0.2599999999999998,-0.08273076
6609,2021_Kelly,CC(=O)N1CCC[C@@H]1C(=O)N(C)[C@H](CC(C)C)C(=O)N[C@@H]1C(=O)N[C@@H](CC(C)C)C(=O)N(C)[C@H](CC(C)C)C(=O)N(C)[C@@H](CC(C)C)C(=O)N(C)[C@@H](C)C(=O)N[C@@H](CC(C)C)C(=O)N2CCC[C@H]2C(=O)O[C@@H]1C,L1_7.1.4.3.3.1,6609,-5.86,10,7,Lariat,0.184337,0.125994,-24.336,11.663,10.08,1.583,0.136529,0.0741013,11.368,9.957,1.411,11,91,train,test,train,train,train,train,train,train,val,train,,train,0.0699999999999998,0.06784654
6570,2021_Kelly,CC(=O)N1CCC[C@H]1C(=O)N(C)[C@H](CC(C)C)C(=O)N[C@@H]1C(=O)N[C@H](CC(C)C)C(=O)N(C)[C@@H](CC(C)C)C(=O)N[C@@H](CC(C)C)C(=O)N[C@@H](C)C(=O)N[C@@H](CC(C)C)C(=O)N2CCC[C@@H]2C(=O)O[C@@H]1C,L1_6.2.3.1.1.1,6570,-5.57,10,7,Lariat,0.258375,0.176646,-26.9606,11.351,9.638,1.713,0.139167,0.0877896,10.981,9.425,1.556,57,45,train,test,train,train,train,val,test,train,train,test,,train,0.2149999999999998,0.23312621
6566,2021_Kelly,CC(=O)N1CCC[C@H]1C(=O)N(C)[C@H](CC(C)C)C(=O)N[C@@H]1C(=O)N[C@H](CC(C)C)C(=O)N[C@@H](CC(C)C)C(=O)N(C)[C@H](CC(C)C)C(=O)N[C@H](C)C(=O)N[C@@H](CC(C)C)C(=O)N2CCC[C@@H]2C(=O)O[C@@H]1C,L1_6.2.1.4.2.1,6566,-5.23,10,7,Lariat,0.231397,0.142527,-37.5422,11.374,9.513,1.861,0.122899,0.064809,10.923,9.386,1.537,80,100,train,test,train,train,val,train,train,train,train,train,,train,0.3849999999999998,0.34589052
6561,2021_Kelly,CC(=O)N1CCC[C@H]1C(=O)N(C)[C@H](CC(C)C)C(=O)N[C@@H]1C(=O)N[C@@H](CC(C)C)C(=O)N(C)[C@H](CC(C)C)C(=O)N(C)[C@H](CC(C)C)C(=O)N(C)[C@H](C)C(=O)N[C@@H](CC(C)C)C(=O)N2CCC[C@@H]2C(=O)O[C@@H]1C,L1_6.1.4.4.4.1,6561,-5.58,10,7,Lariat,0.162143,0.0973222,-35.4892,11.489,9.6,1.889,0.0951789,0.0468498,10.346,9.148,1.198,84,85,train,test,train,train,train,test,train,train,train,train,,train,0.2099999999999999,0.2974273
6555,2021_Kelly,CC(=O)N1CCC[C@H]1C(=O)N(C)[C@H](CC(C)C)C(=O)N[C@@H]1C(=O)N[C@@H](CC(C)C)C(=O)N(C)[C@@H](CC(C)C)C(=O)N(C)[C@H](CC(C)C)C(=O)N[C@H](C)C(=O)N[C@@H](CC(C)C)C(=O)N2CCC[C@@H]2C(=O)O[C@@H]1C,L1_6.1.3.4.2.1,6555,-5.49,10,7,Lariat,0.270902,0.193924,-32.2636,11.515,9.718,1.797,0.112421,0.0613281,10.654,9.33,1.324,13,12,train,test,train,train,train,train,val,train,test,train,,train,0.2549999999999999,0.31144637
6544,2021_Kelly,CC(=O)N1CCC[C@H]1C(=O)N(C)[C@H](CC(C)C)C(=O)N[C@@H]1C(=O)N[C@@H](CC(C)C)C(=O)N[C@@H](CC(C)C)C(=O)N[C@H](CC(C)C)C(=O)N[C@@H](C)C(=O)N[C@@H](CC(C)C)C(=O)N2CCC[C@@H]2C(=O)O[C@@H]1C,L1_6.1.1.2.1.1,6544,-6.57,10,7,Lariat,0.141767,0.0816204,-35.8083,10.617,8.908,1.709,0.115322,0.0664394,10.407,8.706,1.701,8,92,train,test,train,train,train,train,train,train,train,train,,train,-0.2850000000000001,-0.3502013
6542,2021_Kelly,CC(=O)N1CCC[C@H]1C(=O)N(C)[C@H](CC(C)C)C(=O)N[C@@H]1C(=O)N(C)[C@H](CC(C)C)C(=O)N(C)[C@H](CC(C)C)C(=O)N[C@H](CC(C)C)C(=O)N(C)[C@H](C)C(=O)N[C@@H](CC(C)C)C(=O)N2CCC[C@H]2C(=O)O[C@@H]1C,L1_5.4.4.2.4.1,6542,-4.99,10,7,Lariat,0.129604,0.0616696,-21.8481,11.102,9.389,1.713,0.113315,0.0604035,10.366,8.874,1.492,86,45,train,test,train,train,train,train,val,train,train,train,,train,0.5049999999999999,0.45981926
6541,2021_Kelly,CC(=O)N1CCC[C@H]1C(=O)N(C)[C@H](CC(C)C)C(=O)N[C@@H]1C(=O)N(C)[C@H](CC(C)C)C(=O)N(C)[C@@H](CC(C)C)C(=O)N(C)[C@H](CC(C)C)C(=O)N(C)[C@H](C)C(=O)N[C@@H](CC(C)C)C(=O)N2CCC[C@H]2C(=O)O[C@@H]1C,L1_5.4.3.4.4.1,6541,-5.47,10,7,Lariat,0.289411,0.191334,-21.6196,11.407,9.762,1.645,0.123934,0.0740868,10.974,9.233,1.741,52,49,train,test,train,train,train,train,train,train,train,train,,train,0.2650000000000001,0.3481545
6539,2021_Kelly,CC(=O)N1CCC[C@H]1C(=O)N(C)[C@H](CC(C)C)C(=O)N[C@@H]1C(=O)N(C)[C@H](CC(C)C)C(=O)N[C@H](CC(C)C)C(=O)N(C)[C@H](CC(C)C)C(=O)N(C)[C@H](C)C(=O)N[C@@H](CC(C)C)C(=O)N2CCC[C@H]2C(=O)O[C@@H]1C,L1_5.4.2.4.4.1,6539,-5.1,10,7,Lariat,0.107558,0.0588435,-28.0741,11.15,9.489,1.661,0.11424,0.0858446,10.631,9.024,1.607,90,53,train,test,test,train,train,train,train,test,train,train,,train,0.4500000000000002,0.49205887
6532,2021_Kelly,CC(=O)N1CCC[C@H]1C(=O)N(C)[C@H](CC(C)C)C(=O)N[C@@H]1C(=O)N(C)[C@H](CC(C)C)C(=O)N[C@@H](CC(C)C)C(=O)N(C)[C@@H](CC(C)C)C(=O)N(C)[C@H](C)C(=O)N[C@@H](CC(C)C)C(=O)N2CCC[C@H]2C(=O)O[C@@H]1C,L1_5.4.1.3.4.1,6532,-5.11,10,7,Lariat,0.241194,0.177899,-31.6122,11.816,10.154,1.662,0.164118,0.109867,11.19,9.696,1.494,52,71,train,test,train,train,train,train,train,train,train,test,,train,0.4449999999999998,0.37725973
6531,2021_Kelly,CC(=O)N1CCC[C@H]1C(=O)N(C)[C@H](CC(C)C)C(=O)N[C@@H]1C(=O)N(C)[C@H](CC(C)C)C(=O)N[C@@H](CC(C)C)C(=O)N[C@H](CC(C)C)C(=O)N(C)[C@H](C)C(=O)N[C@@H](CC(C)C)C(=O)N2CCC[C@H]2C(=O)O[C@@H]1C,L1_5.4.1.2.4.1,6531,-5.1,10,7,Lariat,0.115684,0.0555698,-25.3365,10.755,9.088,1.667,0.104659,0.0492723,10.173,9.066,1.107,65,62,train,test,train,val,val,train,train,train,train,train,,train,0.4500000000000002,0.34913957
6524,2021_Kelly,CC(=O)N1CCC[C@H]1C(=O)N(C)[C@H](CC(C)C)C(=O)N[C@@H]1C(=O)N(C)[C@@H](CC(C)C)C(=O)N(C)[C@@H](CC(C)C)C(=O)N(C)[C@H](CC(C)C)C(=O)N(C)[C@@H](C)C(=O)N[C@@H](CC(C)C)C(=O)N2CCC[C@H]2C(=O)O[C@@H]1C,L1_5.3.3.4.3.1,6524,-5.26,10,7,Lariat,0.143218,0.075633,-31.8638,11.679,10.061,1.618,0.11792,0.0641795,11.283,9.644,1.639,3,56,train,test,train,train,train,train,train,val,train,train,,train,0.3700000000000001,0.6231809
6522,2021_Kelly,CC(=O)N1CCC[C@H]1C(=O)N(C)[C@H](CC(C)C)C(=O)N[C@@H]1C(=O)N(C)[C@@H](CC(C)C)C(=O)N[C@H](CC(C)C)C(=O)N[C@@H](CC(C)C)C(=O)N[C@@H](C)C(=O)N[C@@H](CC(C)C)C(=O)N2CCC[C@H]2C(=O)O[C@@H]1C,L1_5.3.2.1.1.1,6522,-6.5,10,7,Lariat,0.172852,0.0938692,-28.2663,10.602,8.986,1.616,0.0862924,0.0545274,10.135,8.762,1.373,43,64,train,test,test,train,val,train,train,test,train,val,,train,-0.25,-0.15758973
6494,2021_Kelly,CC(=O)N1CCC[C@H]1C(=O)N(C)[C@H](CC(C)C)C(=O)N[C@@H]1C(=O)N[C@H](CC(C)C)C(=O)N[C@@H](CC(C)C)C(=O)N[C@@H](CC(C)C)C(=O)N(C)[C@@H](C)C(=O)N[C@@H](CC(C)C)C(=O)N2CCC[C@H]2C(=O)O[C@@H]1C,L1_5.2.1.1.3.1,6494,-5.89,10,7,Lariat,0.132306,0.0771794,-38.4312,11.512,9.606,1.906,0.130176,0.0779815,10.756,9.087,1.669,88,87,val,test,train,train,train,train,val,train,train,val,,val,0.0550000000000001,0.1456318
6491,2021_Kelly,CC(=O)N1CCC[C@H]1C(=O)N(C)[C@H](CC(C)C)C(=O)N[C@@H]1C(=O)N[C@@H](CC(C)C)C(=O)N(C)[C@@H](CC(C)C)C(=O)N(C)[C@H](CC(C)C)C(=O)N(C)[C@H](C)C(=O)N[C@@H](CC(C)C)C(=O)N2CCC[C@H]2C(=O)O[C@@H]1C,L1_5.1.3.4.4.1,6491,-5.64,10,7,Lariat,0.217045,0.130968,-38.3804,11.134,9.627,1.507,0.153072,0.0980581,11.519,10.044,1.475,45,53,val,test,train,train,val,train,train,train,train,val,,val,0.1800000000000001,0.19588728
6475,2021_Kelly,CC(=O)N1CCC[C@H]1C(=O)N(C)[C@H](CC(C)C)C(=O)N[C@@H]1C(=O)N[C@@H](CC(C)C)C(=O)N[C@@H](CC(C)C)C(=O)N[C@H](CC(C)C)C(=O)N[C@H](C)C(=O)N[C@@H](CC(C)C)C(=O)N2CCC[C@H]2C(=O)O[C@@H]1C,L1_5.1.1.2.2.1,6475,-6.31,10,7,Lariat,0.139117,0.0842257,-34.5577,11.624,9.636,1.988,0.101783,0.0519636,10.451,9.006,1.445,64,17,train,test,train,train,train,train,test,train,train,train,,train,-0.1549999999999998,-0.14810458
6455,2021_Kelly,CC(=O)N1CCC[C@@H]1C(=O)N(C)[C@@H](CC(C)C)C(=O)N[C@@H]1C(=O)N(C)[C@@H](CC(C)C)C(=O)N(C)[C@H](CC(C)C)C(=O)N(C)[C@H](CC(C)C)C(=O)N(C)[C@@H](C)C(=O)N[C@@H](CC(C)C)C(=O)N2CCC[C@@H]2C(=O)O[C@@H]1C,L1_4.3.4.4.3.1,6455,-5.42,10,7,Lariat,0.213578,0.143962,-32.2843,12.221,10.272,1.949,0.126471,0.0749522,11.038,9.834,1.204,6,34,train,test,train,train,train,train,train,train,train,train,,train,0.29,0.18952967
6452,2021_Kelly,CC(=O)N1CCC[C@@H]1C(=O)N(C)[C@@H](CC(C)C)C(=O)N[C@@H]1C(=O)N(C)[C@@H](CC(C)C)C(=O)N(C)[C@@H](CC(C)C)C(=O)N(C)[C@H](CC(C)C)C(=O)N(C)[C@H](C)C(=O)N[C@@H](CC(C)C)C(=O)N2CCC[C@@H]2C(=O)O[C@@H]1C,L1_4.3.3.4.4.1,6452,-5.05,10,7,Lariat,0.221791,0.154622,-32.9276,12.302,10.45,1.852,0.153865,0.111253,11.388,10.002,1.386,53,29,train,test,train,train,train,train,train,test,train,train,,train,0.4750000000000001,0.26286894
6449,2021_Kelly,CC(=O)N1CCC[C@@H]1C(=O)N(C)[C@@H](CC(C)C)C(=O)N[C@@H]1C(=O)N(C)[C@@H](CC(C)C)C(=O)N(C)[C@@H](CC(C)C)C(=O)N[C@@H](CC(C)C)C(=O)N[C@@H](C)C(=O)N[C@@H](CC(C)C)C(=O)N2CCC[C@@H]2C(=O)O[C@@H]1C,L1_4.3.3.1.1.1,6449,-6.61,10,7,Lariat,0.179256,0.112197,-28.2258,11.467,9.682,1.785,0.113719,0.0575601,10.463,8.902,1.561,3,55,train,test,train,train,train,train,train,train,train,train,,train,-0.3050000000000001,-0.5566279
6447,2021_Kelly,CC(=O)N1CCC[C@@H]1C(=O)N(C)[C@@H](CC(C)C)C(=O)N[C@@H]1C(=O)N(C)[C@@H](CC(C)C)C(=O)N[C@H](CC(C)C)C(=O)N(C)[C@@H](CC(C)C)C(=O)N(C)[C@@H](C)C(=O)N[C@@H](CC(C)C)C(=O)N2CCC[C@@H]2C(=O)O[C@@H]1C,L1_4.3.2.3.3.1,6447,-5.66,10,7,Lariat,0.200231,0.124818,-29.2941,12.206,10.372,1.834,0.165991,0.112573,11.522,10.003,1.519,99,3,train,test,val,train,train,train,train,train,train,test,,train,0.1699999999999999,-0.036212727
6443,2021_Kelly,CC(=O)N1CCC[C@@H]1C(=O)N(C)[C@@H](CC(C)C)C(=O)N[C@@H]1C(=O)N(C)[C@@H](CC(C)C)C(=O)N[C@@H](CC(C)C)C(=O)N(C)[C@@H](CC(C)C)C(=O)N(C)[C@@H](C)C(=O)N[C@@H](CC(C)C)C(=O)N2CCC[C@@H]2C(=O)O[C@@H]1C,L1_4.3.1.3.3.1,6443,-5.62,10,7,Lariat,0.238976,0.172435,-36.5551,11.845,10.104,1.741,0.168753,0.112071,11.37,9.689,1.681,60,8,train,test,train,train,train,train,train,train,train,train,,train,0.1899999999999999,0.070103124
6442,2021_Kelly,CC(=O)N1CCC[C@@H]1C(=O)N(C)[C@@H](CC(C)C)C(=O)N[C@@H]1C(=O)N(C)[C@@H](CC(C)C)C(=O)N[C@@H](CC(C)C)C(=O)N(C)[C@@H](CC(C)C)C(=O)N[C@@H](C)C(=O)N[C@@H](CC(C)C)C(=O)N2CCC[C@@H]2C(=O)O[C@@H]1C,L1_4.3.1.3.1.1,6442,-5.85,10,7,Lariat,0.1934,0.137373,-34.9679,11.742,9.64,2.102,0.152613,0.0972816,11.186,9.624,1.562,94,37,train,test,train,train,train,train,train,train,train,train,,train,0.0750000000000001,0.3582849
6440,2021_Kelly,CC(=O)N1CCC[C@@H]1C(=O)N(C)[C@@H](CC(C)C)C(=O)N[C@@H]1C(=O)N(C)[C@@H](CC(C)C)C(=O)N[C@@H](CC(C)C)C(=O)N[C@@H](CC(C)C)C(=O)N[C@@H](C)C(=O)N[C@@H](CC(C)C)C(=O)N2CCC[C@@H]2C(=O)O[C@@H]1C,L1_4.3.1.1.1.1,6440,-7.29,10,7,Lariat,0.176892,0.106891,-30.0513,11.523,9.711,1.812,0.164717,0.11066,11.052,9.414,1.638,69,22,train,test,train,train,train,train,test,train,train,train,,train,-0.645,-0.4407965
6435,2021_Kelly,CC(=O)N1CCC[C@@H]1C(=O)N(C)[C@@H](CC(C)C)C(=O)N[C@@H]1C(=O)N[C@H](CC(C)C)C(=O)N(C)[C@H](CC(C)C)C(=O)N[C@@H](CC(C)C)C(=O)N[C@@H](C)C(=O)N[C@@H](CC(C)C)C(=O)N2CCC[C@@H]2C(=O)O[C@@H]1C,L1_4.2.4.1.1.1,6435,-5.93,10,7,Lariat,0.205609,0.131182,-34.9473,11.64,9.872,1.768,0.151058,0.100993,11.511,10.036,1.475,66,54,train,test,train,test,train,test,train,train,train,train,,train,0.0350000000000001,0.18302284
6434,2021_Kelly,CC(=O)N1CCC[C@@H]1C(=O)N(C)[C@@H](CC(C)C)C(=O)N[C@@H]1C(=O)N[C@H](CC(C)C)C(=O)N(C)[C@@H](CC(C)C)C(=O)N(C)[C@H](CC(C)C)C(=O)N(C)[C@H](C)C(=O)N[C@@H](CC(C)C)C(=O)N2CCC[C@@H]2C(=O)O[C@@H]1C,L1_4.2.3.4.4.1,6434,-5.22,10,7,Lariat,0.274383,0.189053,-31.174,11.981,10.007,1.974,0.0909713,0.0423208,10.515,9.382,1.133,4,95,train,test,train,train,train,train,train,val,val,train,,train,0.3900000000000001,0.3858313
6412,2021_Kelly,CC(=O)N1CCC[C@@H]1C(=O)N(C)[C@@H](CC(C)C)C(=O)N[C@@H]1C(=O)N[C@@H](CC(C)C)C(=O)N(C)[C@H](CC(C)C)C(=O)N(C)[C@@H](CC(C)C)C(=O)N(C)[C@@H](C)C(=O)N[C@@H](CC(C)C)C(=O)N2CCC[C@@H]2C(=O)O[C@@H]1C,L1_4.1.4.3.3.1,6412,-5.21,10,7,Lariat,0.192212,0.136129,-27.1049,12.019,10.201,1.818,0.229846,0.165424,11.821,10.207,1.614,75,100,train,test,train,train,train,train,train,train,test,train,,train,0.395,0.15289094
6404,2021_Kelly,CC(=O)N1CCC[C@@H]1C(=O)N(C)[C@@H](CC(C)C)C(=O)N[C@@H]1C(=O)N[C@@H](CC(C)C)C(=O)N(C)[C@@H](CC(C)C)C(=O)N[C@@H](CC(C)C)C(=O)N(C)[C@H](C)C(=O)N[C@@H](CC(C)C)C(=O)N2CCC[C@@H]2C(=O)O[C@@H]1C,L1_4.1.3.1.4.1,6404,-5.45,10,7,Lariat,0.262115,0.181243,-35.4377,12.019,10.04,1.979,0.174433,0.11348,10.911,9.444,1.467,82,67,train,test,train,val,val,train,train,train,train,train,,train,0.2749999999999999,0.2643662
6399,2021_Kelly,CC(=O)N1CCC[C@@H]1C(=O)N(C)[C@@H](CC(C)C)C(=O)N[C@@H]1C(=O)N[C@@H](CC(C)C)C(=O)N[C@H](CC(C)C)C(=O)N[C@H](CC(C)C)C(=O)N[C@H](C)C(=O)N[C@@H](CC(C)C)C(=O)N2CCC[C@@H]2C(=O)O[C@@H]1C,L1_4.1.2.2.2.1,6399,-6.36,10,7,Lariat,0.210919,0.122717,-38.1091,10.991,9.311,1.68,0.169092,0.0949604,10.781,9.35,1.431,32,26,train,test,train,train,train,train,train,train,val,train,,train,-0.1800000000000001,-0.4252417
6397,2021_Kelly,CC(=O)N1CCC[C@@H]1C(=O)N(C)[C@@H](CC(C)C)C(=O)N[C@@H]1C(=O)N[C@@H](CC(C)C)C(=O)N[C@H](CC(C)C)C(=O)N[C@@H](CC(C)C)C(=O)N(C)[C@H](C)C(=O)N[C@@H](CC(C)C)C(=O)N2CCC[C@@H]2C(=O)O[C@@H]1C,L1_4.1.2.1.4.1,6397,-6.17,10,7,Lariat,0.158464,0.104175,-36.5803,11.423,9.734,1.689,0.277697,0.202357,11.017,9.578,1.439,4,79,train,test,train,train,train,train,train,train,train,train,,train,-0.0849999999999999,0.01111947
6394,2021_Kelly,CC(=O)N1CCC[C@@H]1C(=O)N(C)[C@@H](CC(C)C)C(=O)N[C@@H]1C(=O)N[C@@H](CC(C)C)C(=O)N[C@@H](CC(C)C)C(=O)N[C@H](CC(C)C)C(=O)N[C@@H](C)C(=O)N[C@@H](CC(C)C)C(=O)N2CCC[C@@H]2C(=O)O[C@@H]1C,L1_4.1.1.2.1.1,6394,-6.92,10,7,Lariat,0.14284,0.0788346,-28.9753,11.021,9.332,1.689,0.10148,0.050546,10.236,8.925,1.311,73,92,val,test,train,test,train,train,test,train,train,train,,val,-0.4599999999999999,-0.39815813
6383,2021_Kelly,CC(=O)N1CCC[C@@H]1C(=O)N(C)[C@@H](CC(C)C)C(=O)N[C@@H]1C(=O)N(C)[C@H](CC(C)C)C(=O)N(C)[C@@H](CC(C)C)C(=O)N(C)[C@@H](CC(C)C)C(=O)N(C)[C@@H](C)C(=O)N[C@@H](CC(C)C)C(=O)N2CCC[C@H]2C(=O)O[C@@H]1C,L1_3.4.3.3.3.1,6383,-5.46,10,7,Lariat,0.200648,0.12488,-24.8329,11.885,10.086,1.799,0.117289,0.062576,11.081,9.633,1.448,13,70,train,test,train,train,train,train,train,train,train,train,,train,0.27,0.16479151
6371,2021_Kelly,CC(=O)N1CCC[C@@H]1C(=O)N(C)[C@@H](CC(C)C)C(=O)N[C@@H]1C(=O)N(C)[C@H](CC(C)C)C(=O)N[C@@H](CC(C)C)C(=O)N(C)[C@@H](CC(C)C)C(=O)N(C)[C@@H](C)C(=O)N[C@@H](CC(C)C)C(=O)N2CCC[C@H]2C(=O)O[C@@H]1C,L1_3.4.1.3.3.1,6371,-5.35,10,7,Lariat,0.261032,0.162233,-25.606,11.913,10.175,1.738,0.137258,0.0911588,11.235,9.727,1.508,52,39,train,test,train,train,train,train,train,train,train,test,,train,0.3250000000000002,0.24238093
6365,2021_Kelly,CC(=O)N1CCC[C@@H]1C(=O)N(C)[C@@H](CC(C)C)C(=O)N[C@@H]1C(=O)N(C)[C@@H](CC(C)C)C(=O)N(C)[C@H](CC(C)C)C(=O)N(C)[C@H](CC(C)C)C(=O)N(C)[C@@H](C)C(=O)N[C@@H](CC(C)C)C(=O)N2CCC[C@H]2C(=O)O[C@@H]1C,L1_3.3.4.4.3.1,6365,-5.55,10,7,Lariat,0.305088,0.21191,-25.5086,12.099,10.211,1.888,0.123911,0.075174,11.248,9.677,1.571,82,64,val,test,train,train,train,train,train,train,train,train,,val,0.2250000000000001,0.08873525
6362,2021_Kelly,CC(=O)N1CCC[C@@H]1C(=O)N(C)[C@@H](CC(C)C)C(=O)N[C@@H]1C(=O)N(C)[C@@H](CC(C)C)C(=O)N(C)[C@H](CC(C)C)C(=O)N[C@H](CC(C)C)C(=O)N(C)[C@@H](C)C(=O)N[C@@H](CC(C)C)C(=O)N2CCC[C@H]2C(=O)O[C@@H]1C,L1_3.3.4.2.3.1,6362,-5.82,10,7,Lariat,0.159174,0.0987948,-29.4776,12.174,10.286,1.888,0.147918,0.0987039,12.076,10.16,1.916,85,70,train,test,train,train,train,train,val,val,train,train,,train,0.0899999999999998,-0.34494728
6357,2021_Kelly,CC(=O)N1CCC[C@@H]1C(=O)N(C)[C@@H](CC(C)C)C(=O)N[C@@H]1C(=O)N(C)[C@@H](CC(C)C)C(=O)N[C@H](CC(C)C)C(=O)N[C@@H](CC(C)C)C(=O)N[C@@H](C)C(=O)N[C@@H](CC(C)C)C(=O)N2CCC[C@H]2C(=O)O[C@@H]1C,L1_3.3.2.1.1.1,6357,-6.78,10,7,Lariat,0.174321,0.112263,-36.8812,11.567,9.384,2.183,0.121648,0.0659676,10.402,8.865,1.537,40,100,train,test,train,val,train,train,test,train,train,train,,train,-0.3900000000000001,-0.47358352
6353,2021_Kelly,CC(=O)N1CCC[C@@H]1C(=O)N(C)[C@@H](CC(C)C)C(=O)N[C@@H]1C(=O)N(C)[C@@H](CC(C)C)C(=O)N[C@@H](CC(C)C)C(=O)N[C@H](CC(C)C)C(=O)N(C)[C@@H](C)C(=O)N[C@@H](CC(C)C)C(=O)N2CCC[C@H]2C(=O)O[C@@H]1C,L1_3.3.1.2.3.1,6353,-5.41,10,7,Lariat,0.226702,0.1578,-33.0252,11.689,9.547,2.142,0.204268,0.140603,11.623,9.865,1.758,8,43,train,test,train,val,train,train,train,train,train,train,,train,0.2949999999999999,0.005275503
6339,2021_Kelly,CC(=O)N1CCC[C@@H]1C(=O)N(C)[C@@H](CC(C)C)C(=O)N[C@@H]1C(=O)N[C@H](CC(C)C)C(=O)N[C@H](CC(C)C)C(=O)N[C@@H](CC(C)C)C(=O)N[C@@H](C)C(=O)N[C@@H](CC(C)C)C(=O)N2CCC[C@H]2C(=O)O[C@@H]1C,L1_3.2.2.1.1.1,6339,-6.53,10,7,Lariat,0.197294,0.121674,-31.0538,11.724,9.696,2.028,0.162708,0.106607,11.536,9.67,1.866,94,62,train,test,train,train,train,train,train,train,train,train,,train,-0.2650000000000001,-0.83213216
6313,2021_Kelly,CC(=O)N1CCC[C@@H]1C(=O)N(C)[C@@H](CC(C)C)C(=O)N[C@@H]1C(=O)N[C@@H](CC(C)C)C(=O)N[C@@H](CC(C)C)C(=O)N[C@@H](CC(C)C)C(=O)N(C)[C@H](C)C(=O)N[C@@H](CC(C)C)C(=O)N2CCC[C@H]2C(=O)O[C@@H]1C,L1_3.1.1.1.4.1,6313,-6.04,10,7,Lariat,0.171857,0.103815,-33.4887,11.52,9.573,1.947,0.15608,0.0913149,11.782,10.055,1.727,22,94,test,test,train,train,train,train,train,train,train,train,,test,-0.02,-0.048119813
6310,2021_Kelly,CC(=O)N1CCC[C@H]1C(=O)N(C)[C@@H](CC(C)C)C(=O)N[C@@H]1C(=O)N(C)[C@H](CC(C)C)C(=O)N(C)[C@H](CC(C)C)C(=O)N[C@H](CC(C)C)C(=O)N(C)[C@H](C)C(=O)N[C@@H](CC(C)C)C(=O)N2CCC[C@@H]2C(=O)O[C@@H]1C,L1_2.4.4.2.4.1,6310,-5.08,10,7,Lariat,0.174142,0.0981696,-28.4002,11.576,9.796,1.78,0.14046,0.0916196,11.489,9.862,1.627,3,86,train,test,val,train,train,train,train,train,val,train,,train,0.4599999999999999,0.4348153
6306,2021_Kelly,CC(=O)N1CCC[C@H]1C(=O)N(C)[C@@H](CC(C)C)C(=O)N[C@@H]1C(=O)N(C)[C@H](CC(C)C)C(=O)N(C)[C@@H](CC(C)C)C(=O)N(C)[C@@H](CC(C)C)C(=O)N(C)[C@@H](C)C(=O)N[C@@H](CC(C)C)C(=O)N2CCC[C@@H]2C(=O)O[C@@H]1C,L1_2.4.3.3.3.1,6306,-5.46,10,7,Lariat,0.249992,0.183553,-18.351,11.225,9.792,1.433,0.135035,0.0810417,11.292,9.784,1.508,55,86,train,test,train,train,train,train,train,train,train,train,,train,0.27,0.23028393
6266,2021_Kelly,CC(=O)N1CCC[C@H]1C(=O)N(C)[C@@H](CC(C)C)C(=O)N[C@@H]1C(=O)N[C@@H](CC(C)C)C(=O)N(C)[C@@H](CC(C)C)C(=O)N(C)[C@@H](CC(C)C)C(=O)N(C)[C@H](C)C(=O)N[C@@H](CC(C)C)C(=O)N2CCC[C@@H]2C(=O)O[C@@H]1C,L1_2.1.3.3.4.1,6266,-5.36,10,7,Lariat,0.170792,0.101601,-32.3936,11.799,9.97,1.829,0.140515,0.0863151,11.367,9.644,1.723,26,41,train,test,train,train,train,train,train,train,test,train,,train,0.3199999999999998,0.15666978
6253,2021_Kelly,CC(=O)N1CCC[C@@H]1C(=O)N(C)[C@H](CC(C)C)C(=O)N[C@@H]1C(=O)N(C)[C@H](CC(C)C)C(=O)N(C)[C@@H](CC(C)C)C(=O)N(C)[C@@H](CC(C)C)C(=O)N(C)[C@H](C)C(=O)N[C@H](CC(C)C)C(=O)N2CCC[C@@H]2C(=O)O[C@@H]1C,L1_16.4.3.3.4.2,6253,-5.78,10,7,Lariat,0.133239,0.0755156,-24.1998,11.576,9.776,1.8,0.201047,0.138494,11.826,10.122,1.704,58,56,train,test,train,train,val,test,test,train,train,train,,train,0.1099999999999998,0.40443796
6252,2021_Kelly,CC(=O)N1CCC[C@@H]1C(=O)N(C)[C@H](CC(C)C)C(=O)N[C@@H]1C(=O)N(C)[C@H](CC(C)C)C(=O)N(C)[C@@H](CC(C)C)C(=O)N[C@@H](CC(C)C)C(=O)N(C)[C@H](C)C(=O)N[C@H](CC(C)C)C(=O)N2CCC[C@@H]2C(=O)O[C@@H]1C,L1_16.4.3.1.4.2,6252,-5.92,10,7,Lariat,0.27147,0.190434,-35.8516,11.719,9.965,1.754,0.169,0.106868,11.438,9.712,1.726,45,30,train,test,train,train,train,train,train,train,train,train,,train,0.04,0.32842386
6244,2021_Kelly,CC(=O)N1CCC[C@@H]1C(=O)N(C)[C@H](CC(C)C)C(=O)N[C@@H]1C(=O)N(C)[C@@H](CC(C)C)C(=O)N(C)[C@H](CC(C)C)C(=O)N(C)[C@H](CC(C)C)C(=O)N(C)[C@@H](C)C(=O)N[C@H](CC(C)C)C(=O)N2CCC[C@@H]2C(=O)O[C@@H]1C,L1_16.3.4.4.3.2,6244,-5.49,10,7,Lariat,0.195776,0.126359,-19.6339,11.8,10.123,1.677,0.177893,0.115031,11.997,10.351,1.646,60,54,train,test,train,train,train,val,train,train,test,train,,train,0.2549999999999999,0.3477068
6228,2021_Kelly,CC(=O)N1CCC[C@@H]1C(=O)N(C)[C@H](CC(C)C)C(=O)N[C@@H]1C(=O)N(C)[C@@H](CC(C)C)C(=O)N[C@@H](CC(C)C)C(=O)N[C@@H](CC(C)C)C(=O)N[C@@H](C)C(=O)N[C@H](CC(C)C)C(=O)N2CCC[C@@H]2C(=O)O[C@@H]1C,L1_16.3.1.1.1.2,6228,-8.7,10,7,Lariat,0.282821,0.205931,-31.5496,11.312,9.404,1.908,0.169276,0.111144,11.581,9.588,1.993,63,52,train,test,train,train,test,val,train,train,train,train,,train,-1.0,-0.72873086
6214,2021_Kelly,CC(=O)N1CCC[C@@H]1C(=O)N(C)[C@H](CC(C)C)C(=O)N[C@@H]1C(=O)N[C@H](CC(C)C)C(=O)N[C@H](CC(C)C)C(=O)N[C@H](CC(C)C)C(=O)N[C@@H](C)C(=O)N[C@H](CC(C)C)C(=O)N2CCC[C@@H]2C(=O)O[C@@H]1C,L1_16.2.2.2.1.2,6214,-7.44,10,7,Lariat,0.154605,0.091312,-41.5124,11.37,9.129,2.241,0.141277,0.0829777,11.402,9.41,1.992,38,21,train,test,train,val,test,val,train,val,test,train,,train,-0.7200000000000002,-0.9384156
6210,2021_Kelly,CC(=O)N1CCC[C@@H]1C(=O)N(C)[C@H](CC(C)C)C(=O)N[C@@H]1C(=O)N[C@H](CC(C)C)C(=O)N[C@@H](CC(C)C)C(=O)N[C@@H](CC(C)C)C(=O)N(C)[C@@H](C)C(=O)N[C@H](CC(C)C)C(=O)N2CCC[C@@H]2C(=O)O[C@@H]1C,L1_16.2.1.1.3.2,6210,-6.35,10,7,Lariat,0.158036,0.0936854,-36.5188,11.366,9.692,1.674,0.144472,0.0827502,11.303,9.695,1.608,79,31,train,test,train,train,train,val,train,train,val,train,,train,-0.1749999999999998,-0.013755068
6195,2021_Kelly,CC(=O)N1CCC[C@@H]1C(=O)N(C)[C@H](CC(C)C)C(=O)N[C@@H]1C(=O)N[C@@H](CC(C)C)C(=O)N[C@@H](CC(C)C)C(=O)N(C)[C@@H](CC(C)C)C(=O)N[C@@H](C)C(=O)N[C@H](CC(C)C)C(=O)N2CCC[C@@H]2C(=O)O[C@@H]1C,L1_16.1.1.3.1.2,6195,-6.86,10,7,Lariat,0.174312,0.100361,-36.1242,11.298,9.584,1.714,0.150571,0.0896702,11.356,9.765,1.591,98,10,train,test,train,train,val,train,train,train,train,train,,train,-0.4300000000000001,-0.26186293
6193,2021_Kelly,CC(=O)N1CCC[C@@H]1C(=O)N(C)[C@H](CC(C)C)C(=O)N[C@@H]1C(=O)N[C@@H](CC(C)C)C(=O)N[C@@H](CC(C)C)C(=O)N[C@@H](CC(C)C)C(=O)N(C)[C@@H](C)C(=O)N[C@H](CC(C)C)C(=O)N2CCC[C@@H]2C(=O)O[C@@H]1C,L1_16.1.1.1.3.2,6193,-6.66,10,7,Lariat,0.243802,0.13445,-40.2456,11.742,9.823,1.919,0.161721,0.0931389,11.212,9.378,1.834,56,91,train,test,train,train,val,train,train,train,train,train,,train,-0.33,-0.28477627
6191,2021_Kelly,CC(=O)N1CCC[C@@H]1C(=O)N(C)[C@H](CC(C)C)C(=O)N[C@@H]1C(=O)N(C)[C@H](CC(C)C)C(=O)N(C)[C@H](CC(C)C)C(=O)N(C)[C@@H](CC(C)C)C(=O)N(C)[C@H](C)C(=O)N[C@H](CC(C)C)C(=O)N2CCC[C@H]2C(=O)O[C@@H]1C,L1_15.4.4.3.4.2,6191,-5.2,10,7,Lariat,0.184744,0.119511,-25.5664,11.668,10.209,1.459,0.202387,0.142635,11.509,9.892,1.617,86,85,train,test,train,train,test,train,train,train,train,train,,train,0.3999999999999999,0.33877432
6190,2021_Kelly,CC(=O)N1CCC[C@@H]1C(=O)N(C)[C@H](CC(C)C)C(=O)N[C@@H]1C(=O)N(C)[C@H](CC(C)C)C(=O)N(C)[C@H](CC(C)C)C(=O)N[C@H](CC(C)C)C(=O)N(C)[C@H](C)C(=O)N[C@H](CC(C)C)C(=O)N2CCC[C@H]2C(=O)O[C@@H]1C,L1_15.4.4.2.4.2,6190,-5.3,10,7,Lariat,0.164503,0.0920379,-25.5949,11.376,9.745,1.631,0.103619,0.0437548,10.429,9.036,1.393,44,39,train,test,train,train,train,train,train,train,train,train,,train,0.3500000000000001,0.32000273
6181,2021_Kelly,CC(=O)N1CCC[C@@H]1C(=O)N(C)[C@H](CC(C)C)C(=O)N[C@@H]1C(=O)N(C)[C@@H](CC(C)C)C(=O)N(C)[C@H](CC(C)C)C(=O)N(C)[C@H](CC(C)C)C(=O)N[C@@H](C)C(=O)N[C@H](CC(C)C)C(=O)N2CCC[C@H]2C(=O)O[C@@H]1C,L1_15.3.4.4.1.2,6181,-5.26,10,7,Lariat,0.15989,0.100748,-27.7447,11.602,9.827,1.775,0.162082,0.109472,11.431,9.854,1.577,23,77,train,test,train,train,train,train,train,train,train,train,,train,0.3700000000000001,-0.2414465
6178,2021_Kelly,CC(=O)N1CCC[C@@H]1C(=O)N(C)[C@H](CC(C)C)C(=O)N[C@@H]1C(=O)N(C)[C@@H](CC(C)C)C(=O)N(C)[C@H](CC(C)C)C(=O)N(C)[C@@H](CC(C)C)C(=O)N[C@@H](C)C(=O)N[C@H](CC(C)C)C(=O)N2CCC[C@H]2C(=O)O[C@@H]1C,L1_15.3.4.3.1.2,6178,-5.94,10,7,Lariat,0.17514,0.113144,-29.2066,11.393,9.593,1.8,0.120467,0.0734804,10.546,9.221,1.325,85,67,test,test,train,train,train,train,val,train,train,val,,test,0.0299999999999998,-0.22846428
6177,2021_Kelly,CC(=O)N1CCC[C@@H]1C(=O)N(C)[C@H](CC(C)C)C(=O)N[C@@H]1C(=O)N(C)[C@@H](CC(C)C)C(=O)N(C)[C@H](CC(C)C)C(=O)N[C@@H](CC(C)C)C(=O)N(C)[C@H](C)C(=O)N[C@H](CC(C)C)C(=O)N2CCC[C@H]2C(=O)O[C@@H]1C,L1_15.3.4.1.4.2,6177,-5.63,10,7,Lariat,0.139544,0.0852914,-27.0374,11.571,10.053,1.518,0.128157,0.0805489,11.42,10.057,1.363,90,33,test,test,train,train,train,train,val,train,train,train,,test,0.185,0.3030243
6133,2021_Kelly,CC(=O)N1CCC[C@@H]1C(=O)N(C)[C@H](CC(C)C)C(=O)N[C@@H]1C(=O)N[C@H](CC(C)C)C(=O)N[C@H](CC(C)C)C(=O)N[C@@H](CC(C)C)C(=O)N(C)[C@H](C)C(=O)N[C@H](CC(C)C)C(=O)N2CCC[C@H]2C(=O)O[C@@H]1C,L1_15.2.2.1.4.2,6133,-5.99,10,7,Lariat,0.298945,0.211265,-32.5218,11.67,9.807,1.863,0.209138,0.144461,10.731,9.309,1.422,28,65,train,test,train,val,train,train,train,test,test,test,,train,0.0049999999999998,0.028993696
6124,2021_Kelly,CC(=O)N1CCC[C@@H]1C(=O)N(C)[C@H](CC(C)C)C(=O)N[C@@H]1C(=O)N[C@H](CC(C)C)C(=O)N[C@@H](CC(C)C)C(=O)N[C@H](CC(C)C)C(=O)N[C@@H](C)C(=O)N[C@H](CC(C)C)C(=O)N2CCC[C@H]2C(=O)O[C@@H]1C,L1_15.2.1.2.1.2,6124,-7.14,10,7,Lariat,0.166778,0.094193,-28.8019,10.662,9.065,1.597,0.147898,0.0905584,11.187,9.54,1.647,39,3,train,test,train,train,test,train,train,test,train,train,,train,-0.5699999999999998,-0.5130756
6122,2021_Kelly,CC(=O)N1CCC[C@@H]1C(=O)N(C)[C@H](CC(C)C)C(=O)N[C@@H]1C(=O)N[C@@H](CC(C)C)C(=O)N(C)[C@H](CC(C)C)C(=O)N(C)[C@@H](CC(C)C)C(=O)N(C)[C@@H](C)C(=O)N[C@H](CC(C)C)C(=O)N2CCC[C@H]2C(=O)O[C@@H]1C,L1_15.1.4.3.3.2,6122,-5.87,10,7,Lariat,0.171565,0.106748,-22.7899,11.14,9.744,1.396,0.202297,0.138122,11.301,9.854,1.447,97,78,train,test,train,train,train,train,train,train,train,train,,train,0.0649999999999999,-0.0486247
6098,2021_Kelly,CC(=O)N1CCC[C@H]1C(=O)N(C)[C@H](CC(C)C)C(=O)N[C@@H]1C(=O)N(C)[C@H](CC(C)C)C(=O)N(C)[C@H](CC(C)C)C(=O)N[C@H](CC(C)C)C(=O)N(C)[C@@H](C)C(=O)N[C@H](CC(C)C)C(=O)N2CCC[C@@H]2C(=O)O[C@@H]1C,L1_14.4.4.2.3.2,6098,-5.5,10,7,Lariat,0.19232,0.134959,-29.0039,11.792,10.011,1.781,0.109243,0.0504603,10.713,9.61,1.103,22,74,train,test,train,train,train,train,train,train,train,train,,train,0.25,0.19412823
6092,2021_Kelly,CC(=O)N1CCC[C@H]1C(=O)N(C)[C@H](CC(C)C)C(=O)N[C@@H]1C(=O)N(C)[C@H](CC(C)C)C(=O)N(C)[C@@H](CC(C)C)C(=O)N[C@@H](CC(C)C)C(=O)N[C@@H](C)C(=O)N[C@H](CC(C)C)C(=O)N2CCC[C@@H]2C(=O)O[C@@H]1C,L1_14.4.3.1.1.2,6092,-5.56,10,7,Lariat,0.181494,0.123693,-23.3805,11.113,9.361,1.752,0.19168,0.127178,10.792,9.246,1.546,68,8,val,test,train,train,train,train,test,train,train,train,,val,0.2200000000000002,-0.07852079
6090,2021_Kelly,CC(=O)N1CCC[C@H]1C(=O)N(C)[C@H](CC(C)C)C(=O)N[C@@H]1C(=O)N(C)[C@H](CC(C)C)C(=O)N[C@H](CC(C)C)C(=O)N[C@H](CC(C)C)C(=O)N(C)[C@H](C)C(=O)N[C@H](CC(C)C)C(=O)N2CCC[C@@H]2C(=O)O[C@@H]1C,L1_14.4.2.2.4.2,6090,-6.45,10,7,Lariat,0.204018,0.134432,-27.7055,11.75,9.792,1.958,0.189478,0.131385,11.485,9.799,1.686,13,49,train,test,val,train,train,test,train,train,train,train,,train,-0.2250000000000001,-0.1637612
6047,2021_Kelly,CC(=O)N1CCC[C@H]1C(=O)N(C)[C@H](CC(C)C)C(=O)N[C@@H]1C(=O)N[C@@H](CC(C)C)C(=O)N(C)[C@@H](CC(C)C)C(=O)N(C)[C@H](CC(C)C)C(=O)N(C)[C@H](C)C(=O)N[C@H](CC(C)C)C(=O)N2CCC[C@@H]2C(=O)O[C@@H]1C,L1_14.1.3.4.4.2,6047,-5.48,10,7,Lariat,0.12841,0.0616428,-26.7173,11.375,9.664,1.711,0.163781,0.0978604,11.846,9.925,1.921,91,36,train,test,train,train,test,train,train,train,train,train,,train,0.2599999999999998,0.20736827
6037,2021_Kelly,CC(=O)N1CCC[C@H]1C(=O)N(C)[C@H](CC(C)C)C(=O)N[C@@H]1C(=O)N[C@@H](CC(C)C)C(=O)N[C@@H](CC(C)C)C(=O)N[C@@H](CC(C)C)C(=O)N[C@@H](C)C(=O)N[C@H](CC(C)C)C(=O)N2CCC[C@@H]2C(=O)O[C@@H]1C,L1_14.1.1.1.1.2,6037,-7.68,10,7,Lariat,0.211649,0.132945,-30.7112,11.186,9.275,1.911,0.150339,0.0844242,11.265,9.396,1.869,10,99,test,test,test,train,train,train,train,test,train,train,,test,-0.8399999999999999,-0.65400416
6025,2021_Kelly,CC(=O)N1CCC[C@H]1C(=O)N(C)[C@H](CC(C)C)C(=O)N[C@@H]1C(=O)N(C)[C@@H](CC(C)C)C(=O)N(C)[C@H](CC(C)C)C(=O)N(C)[C@H](CC(C)C)C(=O)N(C)[C@H](C)C(=O)N[C@H](CC(C)C)C(=O)N2CCC[C@H]2C(=O)O[C@@H]1C,L1_13.3.4.4.4.2,6025,-5.28,10,7,Lariat,0.14654,0.0860861,-15.7674,11.473,9.909,1.564,0.1785,0.123401,10.949,9.644,1.305,35,15,train,test,test,train,train,train,train,train,train,train,,train,0.3599999999999999,0.25750047
6010,2021_Kelly,CC(=O)N1CCC[C@H]1C(=O)N(C)[C@H](CC(C)C)C(=O)N[C@@H]1C(=O)N[C@H](CC(C)C)C(=O)N(C)[C@H](CC(C)C)C(=O)N[C@H](CC(C)C)C(=O)N(C)[C@@H](C)C(=O)N[C@H](CC(C)C)C(=O)N2CCC[C@H]2C(=O)O[C@@H]1C,L1_13.2.4.2.3.2,6010,-5.09,10,7,Lariat,0.113305,0.064064,-32.737,11.152,9.642,1.51,0.116809,0.0619559,10.94,9.459,1.481,83,31,train,test,train,val,train,train,train,train,train,train,,train,0.455,0.37911892
6009,2021_Kelly,CC(=O)N1CCC[C@H]1C(=O)N(C)[C@H](CC(C)C)C(=O)N[C@@H]1C(=O)N[C@H](CC(C)C)C(=O)N(C)[C@H](CC(C)C)C(=O)N[C@@H](CC(C)C)C(=O)N[C@@H](C)C(=O)N[C@H](CC(C)C)C(=O)N2CCC[C@H]2C(=O)O[C@@H]1C,L1_13.2.4.1.1.2,6009,-5.9,10,7,Lariat,0.14006,0.0833958,-27.5728,11.286,10.023,1.263,0.130112,0.0871917,11.035,9.882,1.153,45,50,test,test,train,train,val,train,val,test,train,train,,test,0.0499999999999998,0.35934883
5992,2021_Kelly,CC(=O)N1CCC[C@H]1C(=O)N(C)[C@H](CC(C)C)C(=O)N[C@@H]1C(=O)N[C@H](CC(C)C)C(=O)N[C@@H](CC(C)C)C(=O)N[C@@H](CC(C)C)C(=O)N[C@@H](C)C(=O)N[C@H](CC(C)C)C(=O)N2CCC[C@H]2C(=O)O[C@@H]1C,L1_13.2.1.1.1.2,5992,-6.58,10,7,Lariat,0.232698,0.147106,-35.9859,11.482,9.538,1.944,0.239921,0.163506,10.612,8.939,1.673,82,28,train,test,train,train,train,val,train,train,train,train,,train,-0.29,-0.18362282
5988,2021_Kelly,CC(=O)N1CCC[C@H]1C(=O)N(C)[C@H](CC(C)C)C(=O)N[C@@H]1C(=O)N[C@@H](CC(C)C)C(=O)N(C)[C@@H](CC(C)C)C(=O)N(C)[C@@H](CC(C)C)C(=O)N[C@@H](C)C(=O)N[C@H](CC(C)C)C(=O)N2CCC[C@H]2C(=O)O[C@@H]1C,L1_13.1.3.3.1.2,5988,-5.94,10,7,Lariat,0.230162,0.146656,-31.5464,11.552,9.788,1.764,0.164674,0.104372,11.414,9.562,1.852,34,13,train,test,train,train,val,train,test,train,train,train,,train,0.0299999999999998,-0.18092097
5972,2021_Kelly,CC(=O)N1CCC[C@@H]1C(=O)N(C)[C@@H](CC(C)C)C(=O)N[C@@H]1C(=O)N(C)[C@H](CC(C)C)C(=O)N(C)[C@H](CC(C)C)C(=O)N[C@@H](CC(C)C)C(=O)N(C)[C@@H](C)C(=O)N[C@H](CC(C)C)C(=O)N2CCC[C@@H]2C(=O)O[C@@H]1C,L1_12.4.4.1.3.2,5972,-5.13,10,7,Lariat,0.255045,0.191185,-28.6151,11.917,10.0,1.917,0.127732,0.08127,11.957,10.182,1.775,81,93,train,test,test,test,train,test,train,train,train,train,,train,0.435,0.49313068
5969,2021_Kelly,CC(=O)N1CCC[C@@H]1C(=O)N(C)[C@@H](CC(C)C)C(=O)N[C@@H]1C(=O)N(C)[C@H](CC(C)C)C(=O)N[C@H](CC(C)C)C(=O)N(C)[C@H](CC(C)C)C(=O)N[C@H](C)C(=O)N[C@H](CC(C)C)C(=O)N2CCC[C@@H]2C(=O)O[C@@H]1C,L1_12.4.2.4.2.2,5969,-5.79,10,7,Lariat,0.210781,0.14098,-32.0331,11.507,9.625,1.882,0.117411,0.0724107,10.617,8.965,1.652,65,56,train,test,train,train,train,train,train,train,train,train,,train,0.1049999999999999,-0.13452926
5968,2021_Kelly,CC(=O)N1CCC[C@@H]1C(=O)N(C)[C@@H](CC(C)C)C(=O)N[C@@H]1C(=O)N(C)[C@H](CC(C)C)C(=O)N[C@H](CC(C)C)C(=O)N(C)[C@@H](CC(C)C)C(=O)N(C)[C@H](C)C(=O)N[C@H](CC(C)C)C(=O)N2CCC[C@@H]2C(=O)O[C@@H]1C,L1_12.4.2.3.4.2,5968,-5.39,10,7,Lariat,0.114913,0.0498152,-25.5541,10.944,9.661,1.283,0.112577,0.052534,11.114,9.93,1.184,68,70,train,test,train,train,train,train,train,train,train,train,,train,0.3050000000000001,0.23689465
5962,2021_Kelly,CC(=O)N1CCC[C@@H]1C(=O)N(C)[C@@H](CC(C)C)C(=O)N[C@@H]1C(=O)N(C)[C@H](CC(C)C)C(=O)N[C@@H](CC(C)C)C(=O)N[C@H](CC(C)C)C(=O)N[C@@H](C)C(=O)N[C@H](CC(C)C)C(=O)N2CCC[C@@H]2C(=O)O[C@@H]1C,L1_12.4.1.2.1.2,5962,-6.31,10,7,Lariat,0.207202,0.136042,-29.9131,11.014,9.211,1.803,0.101834,0.0596933,10.59,9.173,1.417,22,7,train,test,train,train,val,train,train,train,train,train,,train,-0.1549999999999998,-0.5996214
5961,2021_Kelly,CC(=O)N1CCC[C@@H]1C(=O)N(C)[C@@H](CC(C)C)C(=O)N[C@@H]1C(=O)N(C)[C@@H](CC(C)C)C(=O)N(C)[C@H](CC(C)C)C(=O)N(C)[C@H](CC(C)C)C(=O)N(C)[C@@H](C)C(=O)N[C@H](CC(C)C)C(=O)N2CCC[C@@H]2C(=O)O[C@@H]1C,L1_12.3.4.4.3.2,5961,-5.55,10,7,Lariat,0.174781,0.109544,-24.7284,12.335,10.401,1.934,0.195809,0.141319,11.844,10.278,1.566,33,80,train,test,train,train,train,train,train,train,val,test,,train,0.2250000000000001,0.2136447
5956,2021_Kelly,CC(=O)N1CCC[C@@H]1C(=O)N(C)[C@@H](CC(C)C)C(=O)N[C@@H]1C(=O)N(C)[C@@H](CC(C)C)C(=O)N[C@H](CC(C)C)C(=O)N[C@@H](CC(C)C)C(=O)N[C@@H](C)C(=O)N[C@H](CC(C)C)C(=O)N2CCC[C@@H]2C(=O)O[C@@H]1C,L1_12.3.2.1.1.2,5956,-6.09,10,7,Lariat,0.163832,0.0910582,-29.6997,10.627,9.049,1.578,0.107764,0.0639246,10.13,8.488,1.642,5,78,train,test,test,train,train,train,train,train,train,train,,train,-0.0449999999999999,-0.44658822
5954,2021_Kelly,CC(=O)N1CCC[C@@H]1C(=O)N(C)[C@@H](CC(C)C)C(=O)N[C@@H]1C(=O)N(C)[C@@H](CC(C)C)C(=O)N[C@@H](CC(C)C)C(=O)N(C)[C@@H](CC(C)C)C(=O)N(C)[C@H](C)C(=O)N[C@H](CC(C)C)C(=O)N2CCC[C@@H]2C(=O)O[C@@H]1C,L1_12.3.1.3.4.2,5954,-5.33,10,7,Lariat,0.240033,0.176609,-30.4311,11.87,9.844,2.026,0.238145,0.182496,11.29,9.547,1.743,41,93,train,test,train,test,train,train,train,test,train,train,,train,0.3349999999999999,0.43910855
5951,2021_Kelly,CC(=O)N1CCC[C@@H]1C(=O)N(C)[C@@H](CC(C)C)C(=O)N[C@@H]1C(=O)N(C)[C@@H](CC(C)C)C(=O)N[C@@H](CC(C)C)C(=O)N[C@@H](CC(C)C)C(=O)N[C@@H](C)C(=O)N[C@H](CC(C)C)C(=O)N2CCC[C@@H]2C(=O)O[C@@H]1C,L1_12.3.1.1.1.2,5951,-7.32,10,7,Lariat,0.244726,0.168727,-39.1909,11.483,9.627,1.856,0.218537,0.148426,11.162,9.429,1.733,74,13,test,test,train,train,train,train,train,train,train,train,,test,-0.6600000000000001,-0.83812916
5949,2021_Kelly,CC(=O)N1CCC[C@@H]1C(=O)N(C)[C@@H](CC(C)C)C(=O)N[C@@H]1C(=O)N[C@H](CC(C)C)C(=O)N(C)[C@@H](CC(C)C)C(=O)N[C@H](CC(C)C)C(=O)N[C@@H](C)C(=O)N[C@H](CC(C)C)C(=O)N2CCC[C@@H]2C(=O)O[C@@H]1C,L1_12.2.3.2.1.2,5949,-5.97,10,7,Lariat,0.195566,0.122936,-32.9057,10.855,9.3,1.555,0.145461,0.09354,10.641,9.052,1.589,24,97,train,test,test,train,train,train,train,train,train,train,,train,0.0150000000000001,0.18735217
5935,2021_Kelly,CC(=O)N1CCC[C@@H]1C(=O)N(C)[C@@H](CC(C)C)C(=O)N[C@@H]1C(=O)N[C@@H](CC(C)C)C(=O)N[C@H](CC(C)C)C(=O)N(C)[C@@H](CC(C)C)C(=O)N(C)[C@@H](C)C(=O)N[C@H](CC(C)C)C(=O)N2CCC[C@@H]2C(=O)O[C@@H]1C,L1_12.1.2.3.3.2,5935,-5.95,10,7,Lariat,0.203005,0.141171,-34.3044,11.267,9.489,1.778,0.194544,0.12914,11.789,9.957,1.832,92,37,train,test,train,train,train,train,val,train,train,train,,train,0.0249999999999999,0.3231848
5924,2021_Kelly,CC(=O)N1CCC[C@@H]1C(=O)N(C)[C@@H](CC(C)C)C(=O)N[C@@H]1C(=O)N(C)[C@H](CC(C)C)C(=O)N(C)[C@H](CC(C)C)C(=O)N[C@@H](CC(C)C)C(=O)N(C)[C@H](C)C(=O)N[C@H](CC(C)C)C(=O)N2CCC[C@H]2C(=O)O[C@@H]1C,L1_11.4.4.1.4.2,5924,-5.33,10,7,Lariat,0.250984,0.173698,-26.1122,11.588,10.001,1.587,0.0928467,0.0421047,10.855,9.65,1.205,94,31,train,test,train,train,val,train,test,train,train,train,,train,0.3349999999999999,0.3775149
5908,2021_Kelly,CC(=O)N1CCC[C@@H]1C(=O)N(C)[C@@H](CC(C)C)C(=O)N[C@@H]1C(=O)N(C)[C@@H](CC(C)C)C(=O)N(C)[C@H](CC(C)C)C(=O)N[C@@H](CC(C)C)C(=O)N(C)[C@H](C)C(=O)N[C@H](CC(C)C)C(=O)N2CCC[C@H]2C(=O)O[C@@H]1C,L1_11.3.4.1.4.2,5908,-5.56,10,7,Lariat,0.140181,0.0835921,-23.7474,11.692,10.017,1.675,0.125106,0.0712738,11.406,9.873,1.533,43,92,train,test,train,train,train,train,test,train,train,train,,train,0.2200000000000002,0.23941223
5887,2021_Kelly,CC(=O)N1CCC[C@@H]1C(=O)N(C)[C@@H](CC(C)C)C(=O)N[C@@H]1C(=O)N[C@H](CC(C)C)C(=O)N(C)[C@@H](CC(C)C)C(=O)N(C)[C@H](CC(C)C)C(=O)N(C)[C@H](C)C(=O)N[C@H](CC(C)C)C(=O)N2CCC[C@H]2C(=O)O[C@@H]1C,L1_11.2.3.4.4.2,5887,-5.41,10,7,Lariat,0.174322,0.113377,-17.4944,11.693,10.168,1.525,0.125034,0.0752049,11.501,10.245,1.256,55,42,train,test,train,train,test,train,test,train,train,train,,train,0.2949999999999999,0.21772121
5886,2021_Kelly,CC(=O)N1CCC[C@@H]1C(=O)N(C)[C@@H](CC(C)C)C(=O)N[C@@H]1C(=O)N[C@H](CC(C)C)C(=O)N(C)[C@@H](CC(C)C)C(=O)N(C)[C@H](CC(C)C)C(=O)N(C)[C@@H](C)C(=O)N[C@H](CC(C)C)C(=O)N2CCC[C@H]2C(=O)O[C@@H]1C,L1_11.2.3.4.3.2,5886,-5.46,10,7,Lariat,0.16296,0.109046,-20.5281,11.01,9.804,1.206,0.147284,0.0933887,11.055,9.448,1.607,93,36,test,test,train,train,train,test,train,train,train,train,,test,0.27,0.2407511
5880,2021_Kelly,CC(=O)N1CCC[C@@H]1C(=O)N(C)[C@@H](CC(C)C)C(=O)N[C@@H]1C(=O)N[C@H](CC(C)C)C(=O)N(C)[C@@H](CC(C)C)C(=O)N[C@@H](CC(C)C)C(=O)N(C)[C@@H](C)C(=O)N[C@H](CC(C)C)C(=O)N2CCC[C@H]2C(=O)O[C@@H]1C,L1_11.2.3.1.3.2,5880,-5.43,10,7,Lariat,0.157624,0.0977781,-24.8543,11.473,9.607,1.866,0.154571,0.0987052,11.291,9.614,1.677,31,99,train,test,test,train,train,val,val,train,train,train,,train,0.2850000000000001,0.24262007
5859,2021_Kelly,CC(=O)N1CCC[C@@H]1C(=O)N(C)[C@@H](CC(C)C)C(=O)N[C@@H]1C(=O)N[C@@H](CC(C)C)C(=O)N(C)[C@H](CC(C)C)C(=O)N[C@H](CC(C)C)C(=O)N(C)[C@H](C)C(=O)N[C@H](CC(C)C)C(=O)N2CCC[C@H]2C(=O)O[C@@H]1C,L1_11.1.4.2.4.2,5859,-6.05,10,7,Lariat,0.170315,0.113103,-28.9589,11.613,9.895,1.718,0.10824,0.0606826,11.128,9.555,1.573,84,78,train,test,train,train,train,train,train,train,train,train,,train,-0.0249999999999999,-0.02791655
5858,2021_Kelly,CC(=O)N1CCC[C@@H]1C(=O)N(C)[C@@H](CC(C)C)C(=O)N[C@@H]1C(=O)N[C@@H](CC(C)C)C(=O)N(C)[C@H](CC(C)C)C(=O)N[C@@H](CC(C)C)C(=O)N[C@@H](C)C(=O)N[C@H](CC(C)C)C(=O)N2CCC[C@H]2C(=O)O[C@@H]1C,L1_11.1.4.1.1.2,5858,-6.36,10,7,Lariat,0.203501,0.13356,-31.3048,11.743,9.833,1.91,0.203526,0.150823,11.337,9.7,1.637,96,62,train,test,train,train,train,train,train,train,train,train,,train,-0.1800000000000001,-0.18987668
5852,2021_Kelly,CC(=O)N1CCC[C@@H]1C(=O)N(C)[C@@H](CC(C)C)C(=O)N[C@@H]1C(=O)N[C@@H](CC(C)C)C(=O)N[C@H](CC(C)C)C(=O)N[C@H](CC(C)C)C(=O)N[C@H](C)C(=O)N[C@H](CC(C)C)C(=O)N2CCC[C@H]2C(=O)O[C@@H]1C,L1_11.1.2.2.2.2,5852,-6.82,10,7,Lariat,0.173288,0.114619,-35.2095,11.266,9.4,1.866,0.159703,0.102648,11.256,9.751,1.505,97,3,train,test,train,train,val,train,train,train,train,train,,train,-0.4100000000000001,-0.45819306
5849,2021_Kelly,CC(=O)N1CCC[C@@H]1C(=O)N(C)[C@@H](CC(C)C)C(=O)N[C@@H]1C(=O)N[C@@H](CC(C)C)C(=O)N[C@@H](CC(C)C)C(=O)N(C)[C@@H](CC(C)C)C(=O)N(C)[C@H](C)C(=O)N[C@H](CC(C)C)C(=O)N2CCC[C@H]2C(=O)O[C@@H]1C,L1_11.1.1.3.4.2,5849,-6.18,10,7,Lariat,0.170012,0.108135,-27.3435,11.397,9.632,1.765,0.167237,0.115469,10.543,9.091,1.452,12,52,train,test,val,train,train,val,train,train,val,train,,train,-0.0899999999999998,-0.023793831
5846,2021_Kelly,CC(=O)N1CCC[C@@H]1C(=O)N(C)[C@@H](CC(C)C)C(=O)N[C@@H]1C(=O)N[C@@H](CC(C)C)C(=O)N[C@@H](CC(C)C)C(=O)N[C@H](CC(C)C)C(=O)N(C)[C@H](C)C(=O)N[C@H](CC(C)C)C(=O)N2CCC[C@H]2C(=O)O[C@@H]1C,L1_11.1.1.2.4.2,5846,-6.59,10,7,Lariat,0.198231,0.135631,-36.6307,11.84,9.928,1.912,0.16071,0.108326,10.631,9.2,1.431,60,21,test,test,train,train,train,train,train,train,train,train,,test,-0.2949999999999999,-0.2329541
5842,2021_Kelly,CC(=O)N1CCC[C@H]1C(=O)N(C)[C@@H](CC(C)C)C(=O)N[C@@H]1C(=O)N(C)[C@H](CC(C)C)C(=O)N(C)[C@H](CC(C)C)C(=O)N[C@H](CC(C)C)C(=O)N(C)[C@H](C)C(=O)N[C@H](CC(C)C)C(=O)N2CCC[C@@H]2C(=O)O[C@@H]1C,L1_10.4.4.2.4.2,5842,-6.25,10,7,Lariat,0.126876,0.0684543,-27.4545,11.414,9.746,1.668,0.138194,0.0880679,10.872,9.286,1.586,81,44,train,test,train,train,train,train,train,train,train,train,,train,-0.125,0.10198046
5822,2021_Kelly,CC(=O)N1CCC[C@H]1C(=O)N(C)[C@@H](CC(C)C)C(=O)N[C@@H]1C(=O)N(C)[C@@H](CC(C)C)C(=O)N(C)[C@H](CC(C)C)C(=O)N(C)[C@@H](CC(C)C)C(=O)N(C)[C@H](C)C(=O)N[C@H](CC(C)C)C(=O)N2CCC[C@@H]2C(=O)O[C@@H]1C,L1_10.3.4.3.4.2,5822,-5.36,10,7,Lariat,0.146989,0.0883168,-22.6098,11.451,9.723,1.728,0.272359,0.191301,11.884,9.997,1.887,58,77,train,test,train,train,train,train,train,train,train,train,,train,0.3199999999999998,0.28433007
5811,2021_Kelly,CC(=O)N1CCC[C@H]1C(=O)N(C)[C@@H](CC(C)C)C(=O)N[C@@H]1C(=O)N(C)[C@@H](CC(C)C)C(=O)N(C)[C@@H](CC(C)C)C(=O)N[C@@H](CC(C)C)C(=O)N(C)[C@H](C)C(=O)N[C@H](CC(C)C)C(=O)N2CCC[C@@H]2C(=O)O[C@@H]1C,L1_10.3.3.1.4.2,5811,-5.89,10,7,Lariat,0.162504,0.0985205,-19.5504,11.63,9.858,1.772,0.116506,0.0741237,11.389,9.656,1.733,3,4,train,test,val,train,train,test,train,test,train,train,,train,0.0550000000000001,0.1535692
5803,2021_Kelly,CC(=O)N1CCC[C@H]1C(=O)N(C)[C@@H](CC(C)C)C(=O)N[C@@H]1C(=O)N(C)[C@@H](CC(C)C)C(=O)N[C@@H](CC(C)C)C(=O)N(C)[C@@H](CC(C)C)C(=O)N[C@@H](C)C(=O)N[C@H](CC(C)C)C(=O)N2CCC[C@@H]2C(=O)O[C@@H]1C,L1_10.3.1.3.1.2,5803,-6.97,10,7,Lariat,0.256317,0.157083,-25.474,11.55,9.667,1.883,0.110166,0.0555988,11.013,9.406,1.607,53,55,train,test,train,train,train,train,val,train,train,train,,train,-0.4849999999999999,-0.43679786
5797,2021_Kelly,CC(=O)N1CCC[C@H]1C(=O)N(C)[C@@H](CC(C)C)C(=O)N[C@@H]1C(=O)N[C@H](CC(C)C)C(=O)N(C)[C@H](CC(C)C)C(=O)N[C@H](CC(C)C)C(=O)N(C)[C@H](C)C(=O)N[C@H](CC(C)C)C(=O)N2CCC[C@@H]2C(=O)O[C@@H]1C,L1_10.2.4.2.4.2,5797,-6.93,10,7,Lariat,0.14987,0.0783313,-28.5661,11.131,9.418,1.713,0.112989,0.063348,10.407,8.988,1.419,49,100,train,test,train,train,train,train,val,train,train,train,,train,-0.4649999999999998,0.08564164
5783,2021_Kelly,CC(=O)N1CCC[C@H]1C(=O)N(C)[C@@H](CC(C)C)C(=O)N[C@@H]1C(=O)N[C@H](CC(C)C)C(=O)N[C@@H](CC(C)C)C(=O)N(C)[C@H](CC(C)C)C(=O)N(C)[C@@H](C)C(=O)N[C@H](CC(C)C)C(=O)N2CCC[C@@H]2C(=O)O[C@@H]1C,L1_10.2.1.4.3.2,5783,-5.4,10,7,Lariat,0.118384,0.0652399,-19.4906,10.619,9.161,1.458,0.109115,0.0614512,10.786,9.393,1.393,9,72,train,test,train,train,train,train,val,test,test,train,,train,0.2999999999999998,0.15695955
5764,2021_Kelly,CC(=O)N1CCC[C@H]1C(=O)N(C)[C@@H](CC(C)C)C(=O)N[C@@H]1C(=O)N[C@@H](CC(C)C)C(=O)N[C@@H](CC(C)C)C(=O)N[C@@H](CC(C)C)C(=O)N[C@@H](C)C(=O)N[C@H](CC(C)C)C(=O)N2CCC[C@@H]2C(=O)O[C@@H]1C,L1_10.1.1.1.1.2,5764,-9.0,10,7,Lariat,0.183303,0.105943,-31.8356,11.483,9.296,2.187,0.143658,0.0876652,11.234,9.287,1.947,67,56,train,test,test,train,train,val,train,train,val,train,,train,-1.0,-0.91750735
5757,2021_Kelly,CC(=O)N1CCC[C@H]1C(=O)N(C)[C@@H](CC(C)C)C(=O)N[C@@H]1C(=O)N(C)[C@H](CC(C)C)C(=O)N(C)[C@@H](CC(C)C)C(=O)N(C)[C@@H](CC(C)C)C(=O)N(C)[C@H](C)C(=O)N[C@@H](CC(C)C)C(=O)N2CCC[C@H]2C(=O)O[C@@H]1C,L1_1.4.3.3.4.1,5757,-5.32,10,7,Lariat,0.14167,0.0787718,-26.7761,12.066,10.277,1.789,0.136954,0.0830136,11.982,10.278,1.704,68,41,train,test,train,test,train,train,train,train,test,train,,train,0.3399999999999998,0.43495488
5753,2021_Kelly,CC(=O)N1CCC[C@H]1C(=O)N(C)[C@@H](CC(C)C)C(=O)N[C@@H]1C(=O)N(C)[C@H](CC(C)C)C(=O)N[C@H](CC(C)C)C(=O)N(C)[C@H](CC(C)C)C(=O)N[C@@H](C)C(=O)N[C@@H](CC(C)C)C(=O)N2CCC[C@H]2C(=O)O[C@@H]1C,L1_1.4.2.4.1.1,5753,-5.99,10,7,Lariat,0.142366,0.0822482,-18.8749,10.632,9.119,1.513,0.0893038,0.0458643,9.977,8.71,1.267,90,34,train,test,train,train,train,train,test,train,val,train,,train,0.0049999999999998,0.17901532
5748,2021_Kelly,CC(=O)N1CCC[C@H]1C(=O)N(C)[C@@H](CC(C)C)C(=O)N[C@@H]1C(=O)N(C)[C@H](CC(C)C)C(=O)N[C@H](CC(C)C)C(=O)N[C@@H](CC(C)C)C(=O)N(C)[C@H](C)C(=O)N[C@@H](CC(C)C)C(=O)N2CCC[C@H]2C(=O)O[C@@H]1C,L1_1.4.2.1.4.1,5748,-6.1,10,7,Lariat,0.183056,0.110455,-30.4309,12.077,10.085,1.992,0.14389,0.0864038,11.408,9.736,1.672,92,31,val,test,train,train,train,train,train,train,train,train,,val,-0.0499999999999998,-0.14234766
5734,2021_Kelly,CC(=O)N1CCC[C@H]1C(=O)N(C)[C@@H](CC(C)C)C(=O)N[C@@H]1C(=O)N(C)[C@@H](CC(C)C)C(=O)N[C@H](CC(C)C)C(=O)N(C)[C@H](CC(C)C)C(=O)N[C@@H](C)C(=O)N[C@@H](CC(C)C)C(=O)N2CCC[C@H]2C(=O)O[C@@H]1C,L1_1.3.2.4.1.1,5734,-6.23,10,7,Lariat,0.189167,0.117855,-38.9267,12.2,10.073,2.127,0.206593,0.142536,11.622,9.821,1.801,27,99,train,test,train,val,val,train,train,test,train,val,,train,-0.1150000000000002,-0.108545326
5731,2021_Kelly,CC(=O)N1CCC[C@H]1C(=O)N(C)[C@@H](CC(C)C)C(=O)N[C@@H]1C(=O)N(C)[C@@H](CC(C)C)C(=O)N[C@@H](CC(C)C)C(=O)N(C)[C@H](CC(C)C)C(=O)N(C)[C@H](C)C(=O)N[C@@H](CC(C)C)C(=O)N2CCC[C@H]2C(=O)O[C@@H]1C,L1_1.3.1.4.4.1,5731,-5.22,10,7,Lariat,0.160444,0.0905989,-32.824,11.939,10.039,1.9,0.243771,0.183864,11.618,9.808,1.81,31,32,train,test,train,train,train,val,train,train,train,train,,train,0.3900000000000001,0.34846193
5723,2021_Kelly,CC(=O)N1CCC[C@H]1C(=O)N(C)[C@@H](CC(C)C)C(=O)N[C@@H]1C(=O)N(C)[C@@H](CC(C)C)C(=O)N[C@@H](CC(C)C)C(=O)N[C@@H](CC(C)C)C(=O)N(C)[C@@H](C)C(=O)N[C@@H](CC(C)C)C(=O)N2CCC[C@H]2C(=O)O[C@@H]1C,L1_1.3.1.1.3.1,5723,-6.68,10,7,Lariat,0.225987,0.147383,-32.7092,11.466,9.372,2.094,0.157619,0.0987134,11.704,9.947,1.757,100,78,train,test,train,train,train,train,test,val,test,train,,train,-0.3399999999999998,-0.27371964
5712,2021_Kelly,CC(=O)N1CCC[C@H]1C(=O)N(C)[C@@H](CC(C)C)C(=O)N[C@@H]1C(=O)N[C@H](CC(C)C)C(=O)N(C)[C@@H](CC(C)C)C(=O)N[C@@H](CC(C)C)C(=O)N(C)[C@@H](C)C(=O)N[C@@H](CC(C)C)C(=O)N2CCC[C@H]2C(=O)O[C@@H]1C,L1_1.2.3.1.3.1,5712,-5.96,10,7,Lariat,0.155328,0.100608,-26.196,11.202,9.608,1.594,0.147475,0.098388,11.836,9.965,1.871,29,75,train,test,train,train,train,train,train,test,train,test,,train,0.02,0.15934159
5696,2021_Kelly,CC(=O)N1CCC[C@H]1C(=O)N(C)[C@@H](CC(C)C)C(=O)N[C@@H]1C(=O)N[C@H](CC(C)C)C(=O)N[C@@H](CC(C)C)C(=O)N[C@H](CC(C)C)C(=O)N[C@H](C)C(=O)N[C@@H](CC(C)C)C(=O)N2CCC[C@H]2C(=O)O[C@@H]1C,L1_1.2.1.2.2.1,5696,-6.78,10,7,Lariat,0.176266,0.11615,-32.8537,10.894,8.947,1.947,0.0911704,0.0506226,9.949,8.355,1.594,53,90,train,test,train,train,train,train,train,train,train,train,,train,-0.3900000000000001,-0.50871694
5695,2021_Kelly,CC(=O)N1CCC[C@H]1C(=O)N(C)[C@@H](CC(C)C)C(=O)N[C@@H]1C(=O)N[C@H](CC(C)C)C(=O)N[C@@H](CC(C)C)C(=O)N[C@@H](CC(C)C)C(=O)N(C)[C@@H](C)C(=O)N[C@@H](CC(C)C)C(=O)N2CCC[C@H]2C(=O)O[C@@H]1C,L1_1.2.1.1.3.1,5695,-6.56,10,7,Lariat,0.15354,0.083405,-25.6883,10.652,8.882,1.77,0.124055,0.0732574,10.734,9.038,1.696,2,90,train,test,train,test,train,train,val,train,train,train,,train,-0.2799999999999998,-0.033766873
5680,2021_Kelly,CC(=O)N1CCC[C@H]1C(=O)N(C)[C@@H](CC(C)C)C(=O)N[C@@H]1C(=O)N[C@@H](CC(C)C)C(=O)N[C@H](CC(C)C)C(=O)N[C@@H](CC(C)C)C(=O)N[C@@H](C)C(=O)N[C@@H](CC(C)C)C(=O)N2CCC[C@H]2C(=O)O[C@@H]1C,L1_1.1.2.1.1.1,5680,-7.3,10,7,Lariat,0.189704,0.124288,-43.7203,11.194,9.012,2.182,0.186367,0.12087,11.337,9.424,1.913,26,4,train,test,train,val,test,train,train,train,test,train,,train,-0.6499999999999999,-0.40182826
5595,2020_Townsend,CC(C)C[C@H]1C(=O)N[C@@H](Cc2ccccc2)CC(=O)N2CCC[C@@H]2C(=O)N(C)[C@H](CC(C)C)C(=O)N[C@@H](Cc2ccccc2)C(=O)N2CCC[C@H]2C(=O)N(C)[C@@H](C)C(=O)N1C,hepta_2018,5595,-5.23,7,7,Circle,0.126024,0.0404465,-24.5247,9.104,7.836,1.268,0.133613,0.0540582,9.268,7.969,1.299,75,24,train,test,test,train,train,train,train,train,train,train,,train,0.3849999999999998,0.31239724
5583,2020_Townsend,CC(C)C[C@@H]1NC(=O)CN(Cc2ccccc2)C(=O)[C@H](C)N(C)C(=O)[C@@H]2CCCN2C(=O)[C@H](Cc2ccccc2)NC(=O)[C@H](CC(C)C)N(C)C(=O)[C@H]2CCCN2C1=O,hepta_2006,5583,-5.43,7,7,Circle,0.11929,0.032916,-37.7083,8.738,7.582,1.156,0.155653,0.0658778,8.769,7.658,1.111,94,46,train,test,val,train,train,train,val,train,test,train,,train,0.2850000000000001,0.1952926
5581,2020_Townsend,CC(C)C[C@@H]1NC(=O)[C@H](C)N(C)C(=O)[C@@H]2CCCN2C(=O)[C@H](Cc2ccccc2)NC(=O)CN(Cc2ccccc2)C(=O)[C@H]2CCCN2C(=O)[C@H](CC(C)C)N(C)C1=O,hepta_2004,5581,-5.58,7,7,Circle,0.140128,0.0474574,-39.5656,9.18,7.97,1.21,0.144221,0.0417232,9.44,8.303,1.137,61,71,train,test,train,train,train,train,train,train,train,train,,train,0.2099999999999999,-0.15355313
5576,2020_Townsend,CC(C)C[C@H]1C(=O)N2CCC[C@@H]2C(=O)N[C@H](CC(C)C)C(=O)N[C@@H](Cc2ccccc2)C(=O)N2CCC[C@H]2C(=O)N(C)[C@@H](C)C(=O)N(Cc2ccccc2)CC(=O)N1C,hepta_1999,5576,-10.0,7,7,Circle,0.164124,0.0388506,-35.0756,9.253,8.071,1.182,0.130986,0.0449244,9.152,8.012,1.14,57,51,train,test,val,val,val,test,test,test,train,test,,train,-1.0,-0.57487917
5563,2020_Townsend,CC(C)C[C@@H]1NC(=O)[C@H](C)N(C)C(=O)[C@@H]2CCCN2C(=O)[C@H](Cc2ccccc2)NC(=O)CN(Cc2ccccc2)C(=O)[C@H]2CCCN2C(=O)[C@@H](CC(C)C)NC1=O,hepta_1986,5563,-5.82,7,7,Circle,0.167127,0.0600707,-29.639,9.194,7.854,1.34,0.13565,0.0485324,9.024,7.851,1.173,16,46,train,test,train,train,train,train,train,train,train,train,,train,0.0899999999999998,0.1834162
5560,2020_Townsend,CC(C)C[C@H]1C(=O)N2CCC[C@@H]2C(=O)N(C)[C@@H](CC(C)C)C(=O)N[C@@H](Cc2ccccc2)C(=O)N2CCC[C@H]2C(=O)N(C)[C@@H](C)C(=O)N[C@H](CC(C)C)C(=O)N1C,hepta_1983,5560,-5.43,7,7,Circle,0.139248,0.0456525,-26.7409,9.065,7.884,1.181,0.222888,0.12722,9.046,7.917,1.129,35,48,train,test,train,train,train,train,train,train,test,test,,train,0.2850000000000001,0.31189144
5552,2020_Townsend,CC(C)C[C@@H]1NC(=O)[C@H](C)N(C)C(=O)[C@@H]2CCCN2C(=O)[C@H](Cc2ccccc2)NC(=O)[C@H](CC(C)C)N(C)C(=O)[C@H]2CCCN2C(=O)[C@H](CC(C)C)NC1=O,hepta_1975,5552,-5.57,7,7,Circle,0.121434,0.0477067,-19.617,9.015,7.912,1.103,0.107986,0.0421336,9.077,7.955,1.122,27,65,train,test,train,train,train,train,train,train,train,train,,train,0.2149999999999998,0.06424756
5550,2020_Townsend,CC(C)C[C@@H]1NC(=O)[C@H]2CCCN2C(=O)[C@H](CC(C)C)NC(=O)[C@@H](CC(C)C)N(C)C(=O)[C@H](C)N(C)C(=O)[C@@H]2CCCN2C(=O)[C@H](Cc2ccccc2)NC1=O,hepta_1973,5550,-5.83,7,7,Circle,0.141446,0.0482338,-31.4718,9.519,8.277,1.242,0.140964,0.0328833,9.099,7.817,1.282,100,35,train,test,val,train,train,train,train,train,train,train,,train,0.0849999999999999,0.15679936
5545,2020_Townsend,CC(C)C[C@H]1NC(=O)[C@H](C)N(C)C(=O)[C@@H]2CCCN2C(=O)[C@H](Cc2ccccc2)NC(=O)[C@@H](CC(C)C)N(C)C(=O)[C@H]2CCCN2C(=O)[C@@H](CC(C)C)NC1=O,hepta_1968,5545,-5.94,7,7,Circle,0.112588,0.0396053,-28.2881,9.182,8.047,1.135,0.112126,0.0422659,9.135,7.999,1.136,61,12,train,test,train,train,train,train,train,train,train,train,,train,0.0299999999999998,0.10492186
5525,2020_Townsend,CC(C)C[C@H]1C(=O)N[C@H](CC(C)C)C(=O)N2CCC[C@@H]2C(=O)N(C)[C@@H](CC(C)C)C(=O)N[C@@H](Cc2ccccc2)C(=O)N2CCC[C@H]2C(=O)N[C@H](C)C(=O)N1C,hepta_1948,5525,-5.65,7,7,Circle,0.161803,0.0733767,-27.2605,9.322,8.011,1.311,0.106722,0.0463765,9.111,7.86,1.251,64,59,train,test,test,train,train,train,train,train,test,test,,train,0.1749999999999998,0.28414905
5524,2020_Townsend,CC(C)C[C@@H]1NC(=O)[C@@H](C)NC(=O)[C@@H]2CCCN2C(=O)[C@H](Cc2ccccc2)NC(=O)[C@H](CC(C)C)N(C)C(=O)[C@H]2CCCN2C(=O)[C@@H](CC(C)C)N(C)C1=O,hepta_1947,5524,-6.16,7,7,Circle,0.168796,0.0613717,-23.4258,9.024,7.933,1.091,0.122888,0.0393728,8.586,7.519,1.067,66,31,train,test,train,train,train,train,val,train,train,train,,train,-0.08,0.17719068
5520,2020_Townsend,CC(C)C[C@@H]1NC(=O)[C@H]2CCCN2C(=O)[C@H](CC(C)C)N(C)C(=O)[C@H](CC(C)C)NC(=O)[C@@H](C)NC(=O)[C@@H]2CCCN2C(=O)[C@H](Cc2ccccc2)NC1=O,hepta_1943,5520,-6.11,7,7,Circle,0.195969,0.0815097,-23.5056,8.578,7.356,1.222,0.109401,0.0507976,8.708,7.519,1.189,7,77,val,test,train,test,train,train,val,train,train,train,,val,-0.0550000000000001,-0.47565627
5511,2020_Townsend,CC(C)C[C@@H]1C(=O)N2CCC[C@H]2C(=O)N(Cc2ccccc2)CC(=O)N[C@@H](Cc2ccccc2)C(=O)N2CCC[C@H]2C(=O)N[C@@H](C)C(=O)N(Cc2ccccc2)CC(=O)N1C,hepta_1934,5511,-6.24,7,7,Circle,0.193963,0.0751791,-32.7773,9.051,7.735,1.316,0.183243,0.0674755,8.912,7.574,1.338,95,37,train,test,train,train,test,train,train,train,train,val,,train,-0.1200000000000001,0.17709891
5509,2020_Townsend,CC(C)C[C@H]1C(=O)N[C@@H](Cc2ccccc2)C(=O)N2CCC[C@H]2C(=O)N[C@@H](C)C(=O)N(C)[C@H](CC(C)C)C(=O)N[C@@H](Cc2ccccc2)CC(=O)N2CCC[C@H]2C(=O)N1C,hepta_1932,5509,-5.65,7,7,Circle,0.176371,0.0779851,-22.4385,9.206,8.048,1.158,0.208337,0.0879716,9.374,8.163,1.211,2,34,train,test,train,train,train,train,train,train,train,train,,train,0.1749999999999998,-0.014927402
5488,2020_Townsend,CC(C)C[C@H]1C(=O)N[C@@H](Cc2ccccc2)C(=O)N2CCC[C@H]2C(=O)N[C@@H](C)C(=O)N[C@H](CC(C)C)C(=O)N(Cc2ccccc2)CC(=O)N2CCC[C@H]2C(=O)N1C,hepta_1911,5488,-5.53,7,7,Circle,0.110998,0.0397109,-31.9101,8.586,7.466,1.12,0.156301,0.0706354,8.917,7.703,1.214,7,61,val,test,train,train,test,train,train,train,train,train,,val,0.2349999999999998,-0.3795431
5459,2020_Townsend,CC(C)C[C@H]1NC(=O)[C@@H]2CCCN2C(=O)CN(Cc2ccccc2)C(=O)[C@@H](CC(C)C)NC(=O)[C@H](C)NC(=O)[C@@H]2CCCN2C(=O)[C@H](Cc2ccccc2)NC1=O,hepta_1882,5459,-5.95,7,7,Circle,0.21653,0.0816775,-43.2203,9.232,7.783,1.449,0.149543,0.0624385,8.555,7.19,1.365,14,52,train,test,train,val,train,train,train,train,train,test,,train,0.0249999999999999,-0.1613352
5439,2020_Townsend,CC(C)C[C@@H]1NC(=O)[C@@H]2CCCN2C(=O)[C@@H](CC(C)C)NC(=O)[C@@H](CC(C)C)N(C)C(=O)[C@H](C)NC(=O)[C@@H]2CCCN2C(=O)[C@H](Cc2ccccc2)NC1=O,hepta_1862,5439,-5.92,7,7,Circle,0.183967,0.0925509,-27.6833,8.828,7.599,1.229,0.143956,0.0487254,8.764,7.503,1.261,11,66,train,test,train,train,train,train,test,train,train,train,,train,0.04,0.13039853
5434,2020_Townsend,CC(C)C[C@H]1NC(=O)[C@@H]2CCCN2C(=O)[C@@H](CC(C)C)NC(=O)[C@@H](CC(C)C)N(C)C(=O)[C@H](C)NC(=O)[C@@H]2CCCN2C(=O)[C@H](Cc2ccccc2)NC1=O,hepta_1857,5434,-6.18,7,7,Circle,0.209581,0.0922076,-30.2619,9.178,7.774,1.404,0.106712,0.0447822,8.54,7.404,1.136,34,94,val,test,train,train,train,train,test,train,train,test,,val,-0.0899999999999998,0.10407473
5424,2020_Townsend,CC(C)C[C@H]1C(=O)N(Cc2ccccc2)CC(=O)N2CCC[C@@H]2C(=O)N(Cc2ccccc2)CC(=O)N[C@@H](Cc2ccccc2)C(=O)N2CCC[C@H]2C(=O)N[C@@H](Cc2ccccc2)CC(=O)N1C,hepta_1847,5424,-7.14,7,7,Circle,0.172573,0.0464511,-34.0784,9.366,8.171,1.195,0.162137,0.0364786,9.758,8.538,1.22,18,96,train,test,train,train,train,train,train,train,val,train,,train,-0.5699999999999998,-0.0493055
5417,2020_Townsend,CC(C)C[C@@H]1NC(=O)[C@H]2CCCN2C(=O)CN(Cc2ccccc2)C(=O)CN(Cc2ccccc2)C(=O)C[C@H](Cc2ccccc2)NC(=O)[C@@H]2CCCN2C(=O)[C@H](Cc2ccccc2)NC1=O,hepta_1840,5417,-6.03,7,7,Circle,0.182184,0.0471202,-33.62,9.732,8.65,1.082,0.207239,0.0845318,9.818,8.645,1.173,60,58,train,test,train,train,train,train,train,train,train,train,,train,-0.0150000000000001,-0.20170678
5390,2020_Townsend,CC(C)C[C@H]1NC(=O)C[C@H](Cc2ccccc2)NC(=O)[C@@H]2CCCN2C(=O)[C@H](Cc2ccccc2)NC(=O)[C@@H](CC(C)C)NC(=O)[C@H]2CCCN2C(=O)C[C@H](Cc2ccccc2)NC1=O,hepta_1813,5390,-5.71,7,7,Circle,0.160052,0.0428336,-30.82,9.871,8.796,1.075,0.161368,0.0421367,9.995,8.919,1.076,44,45,train,test,train,train,train,train,train,train,train,train,,train,0.145,0.25453144
5355,2020_Townsend,CC(C)C[C@H]1NC(=O)C[C@H](Cc2ccccc2)NC(=O)[C@@H]2CCCN2C(=O)[C@H](Cc2ccccc2)NC(=O)[C@@H](CC(C)C)N(C)C(=O)[C@H]2CCCN2C(=O)[C@@H](CC(C)C)NC1=O,hepta_1778,5355,-5.47,7,7,Circle,0.147734,0.0507543,-32.6772,9.812,8.458,1.354,0.102648,0.0401922,9.765,8.598,1.167,54,95,train,test,val,train,train,train,train,train,train,val,,train,0.2650000000000001,0.21095555
5348,2020_Townsend,CCCN1CC(=O)N(C)[C@@H](CC(C)C)C(=O)N[C@@H](Cc2ccccc2)CC(=O)N2CCC[C@H]2C(=O)N(Cc2ccccc2)CC(=O)N[C@@H](Cc2ccccc2)C(=O)N2CCC[C@H]2C1=O,hepta_1771,5348,-5.67,7,7,Circle,0.155654,0.0367637,-38.5555,9.743,8.349,1.394,0.125688,0.0437164,9.673,8.363,1.31,31,17,train,test,test,val,test,val,train,train,train,train,,train,0.165,-0.15885244
5344,2020_Townsend,CCCN1CC(=O)N(Cc2ccccc2)CC(=O)N[C@@H](Cc2ccccc2)CC(=O)N2CCC[C@H]2C(=O)N[C@@H](CC(C)C)C(=O)N[C@@H](Cc2ccccc2)C(=O)N2CCC[C@H]2C1=O,hepta_1767,5344,-6.28,7,7,Circle,0.159567,0.0441091,-49.8002,9.698,8.371,1.327,0.15241,0.045141,9.438,8.2,1.238,59,29,train,test,train,train,test,train,train,train,train,train,,train,-0.1400000000000001,-0.32871056
5329,2020_Townsend,CCCN1CC(=O)N(C)[C@H](CC(C)C)C(=O)N(Cc2ccccc2)CC(=O)N2CCC[C@H]2C(=O)N(C)[C@@H](CC(C)C)C(=O)N[C@@H](Cc2ccccc2)C(=O)N2CCC[C@H]2C1=O,hepta_1752,5329,-5.3,7,7,Circle,0.173277,0.065206,-29.3684,9.01,7.839,1.171,0.11276,0.0379978,8.834,7.72,1.114,76,78,test,test,train,train,train,train,train,train,train,train,,test,0.3500000000000001,0.24638064
5322,2020_Townsend,CCCN1CC(=O)N[C@@H](CC(C)C)C(=O)N(Cc2ccccc2)CC(=O)N2CCC[C@H]2C(=O)N(C)[C@@H](CC(C)C)C(=O)N[C@@H](Cc2ccccc2)C(=O)N2CCC[C@H]2C1=O,hepta_1745,5322,-5.42,7,7,Circle,0.157645,0.0526354,-28.4971,9.538,8.478,1.06,0.160247,0.0522812,9.485,8.465,1.02,16,32,train,test,train,train,train,train,train,train,test,train,,train,0.29,0.46707726
5314,2020_Townsend,CCCN1CC(=O)N(Cc2ccccc2)CC(=O)N(C)[C@H](CC(C)C)C(=O)N2CCC[C@H]2C(=O)N[C@@H](CC(C)C)C(=O)N[C@@H](Cc2ccccc2)C(=O)N2CCC[C@H]2C1=O,hepta_1737,5314,-5.99,7,7,Circle,0.13415,0.0454536,-25.4499,9.33,8.115,1.215,0.146295,0.0490155,9.445,8.223,1.222,58,66,train,test,train,val,train,train,train,train,val,train,,train,0.0049999999999998,-1.1372947
5313,2020_Townsend,CCCN1CC(=O)N[C@H](CC(C)C)C(=O)N[C@@H](Cc2ccccc2)CC(=O)N2CCC[C@H]2C(=O)N[C@@H](CC(C)C)C(=O)N[C@@H](Cc2ccccc2)C(=O)N2CCC[C@H]2C1=O,hepta_1736,5313,-6.22,7,7,Circle,0.153902,0.0467148,-29.4768,9.522,8.217,1.305,0.150663,0.059214,9.456,8.241,1.215,40,63,train,test,train,train,train,test,test,train,train,train,,train,-0.1099999999999998,0.062497094
5307,2020_Townsend,CCCN1CC(=O)N(C)[C@@H](CC(C)C)C(=O)N(C)[C@H](CC(C)C)C(=O)N2CCC[C@H]2C(=O)N(C)[C@H](CC(C)C)C(=O)N[C@@H](Cc2ccccc2)C(=O)N2CCC[C@H]2C1=O,hepta_1730,5307,-4.89,7,7,Circle,0.132009,0.0529263,-29.388,9.615,8.488,1.127,0.135006,0.0526386,9.155,8.108,1.047,41,82,train,test,val,train,val,train,train,train,train,train,,train,0.5550000000000002,0.5039985
5295,2020_Townsend,CCCN1CC(=O)N(C)[C@@H](CC(C)C)C(=O)N(C)[C@H](CC(C)C)C(=O)N2CCC[C@H]2C(=O)N[C@@H](CC(C)C)C(=O)N[C@@H](Cc2ccccc2)C(=O)N2CCC[C@H]2C1=O,hepta_1718,5295,-5.69,7,7,Circle,0.103141,0.0393315,-24.0801,8.727,7.711,1.016,0.11405,0.0338774,8.78,7.813,0.967,77,92,train,test,train,test,train,train,train,val,test,train,,train,0.1549999999999998,0.14505441
5294,2020_Townsend,CCCN1CC(=O)N(C)[C@H](CC(C)C)C(=O)N(C)[C@@H](CC(C)C)C(=O)N2CCC[C@H]2C(=O)N[C@@H](CC(C)C)C(=O)N[C@@H](Cc2ccccc2)C(=O)N2CCC[C@H]2C1=O,hepta_1717,5294,-6.22,7,7,Circle,0.14182,0.0642813,-29.0722,9.47,8.332,1.138,0.122401,0.0360395,9.459,8.384,1.075,52,6,train,test,train,train,train,train,train,train,test,train,,train,-0.1099999999999998,0.11257641
5272,2020_Townsend,CCCN1CC(=O)N[C@H](CC(C)C)C(=O)N(C)[C@@H](CC(C)C)C(=O)N2CCC[C@H]2C(=O)N[C@@H](CC(C)C)C(=O)N[C@@H](Cc2ccccc2)C(=O)N2CCC[C@H]2C1=O,hepta_1695,5272,-6.07,7,7,Circle,0.125528,0.0431932,-19.7471,9.006,7.703,1.303,0.10655,0.0351305,8.921,7.699,1.222,98,65,train,test,train,train,train,train,train,train,val,test,,train,-0.0350000000000001,0.15557574
5251,2020_Townsend,CC(C)C[C@H]1C(=O)N[C@@H](Cc2ccccc2)CC(=O)N2CCC[C@H]2C(=O)N(C)[C@H](CC(C)C)C(=O)N[C@@H](Cc2ccccc2)C(=O)N2CCC[C@H]2C(=O)N[C@@H](Cc2ccccc2)CC(=O)N1C,hepta_1674,5251,-5.97,7,7,Circle,0.195602,0.0632752,-26.6536,10.329,9.146,1.183,0.171627,0.0736012,10.067,9.078,0.989,39,45,train,test,train,val,train,train,train,train,train,val,,train,0.0150000000000001,-0.08683577
5249,2020_Townsend,CC(C)C[C@H]1C(=O)N(C)[C@@H](CC(C)C)C(=O)N2CCC[C@H]2C(=O)N(Cc2ccccc2)CC(=O)N[C@@H](Cc2ccccc2)C(=O)N2CCC[C@H]2C(=O)N[C@@H](Cc2ccccc2)CC(=O)N1C,hepta_1672,5249,-5.5,7,7,Circle,0.178319,0.0626247,-30.3658,10.147,9.088,1.059,0.205808,0.0633778,10.25,9.332,0.918,41,19,train,test,train,test,train,test,train,train,train,val,,train,0.25,0.2360981
5248,2020_Townsend,CC(C)C[C@@H]1NC(=O)C[C@H](Cc2ccccc2)NC(=O)[C@@H]2CCCN2C(=O)[C@H](Cc2ccccc2)NC(=O)[C@H](CC(C)C)N(C)C(=O)[C@@H]2CCCN2C(=O)C[C@H](Cc2ccccc2)NC1=O,hepta_1671,5248,-5.52,7,7,Circle,0.224577,0.0919916,-32.0289,10.128,8.81,1.318,0.150805,0.0419501,9.984,8.752,1.232,53,93,test,test,train,train,train,train,val,train,train,train,,test,0.2400000000000002,0.008625567
5240,2020_Townsend,CC(C)C[C@@H]1C(=O)N2CCC[C@H]2C(=O)N(C)[C@H](CC(C)C)C(=O)N[C@@H](Cc2ccccc2)C(=O)N2CCC[C@H]2C(=O)N[C@@H](Cc2ccccc2)CC(=O)N(Cc2ccccc2)CC(=O)N1C,hepta_1663,5240,-5.76,7,7,Circle,0.187865,0.061934,-29.4069,10.07,8.825,1.245,0.247314,0.103489,9.737,8.523,1.214,11,50,train,test,train,val,train,val,train,train,train,train,,train,0.1200000000000001,-0.08887813
5238,2020_Townsend,CC(C)C[C@@H]1NC(=O)C[C@H](Cc2ccccc2)NC(=O)[C@@H]2CCCN2C(=O)[C@H](Cc2ccccc2)NC(=O)[C@H](CC(C)C)N(C)C(=O)[C@@H]2CCCN2C(=O)CN(Cc2ccccc2)C1=O,hepta_1661,5238,-5.64,7,7,Circle,0.173838,0.0496953,-29.8299,9.645,8.491,1.154,0.163373,0.0445598,9.419,8.414,1.005,100,49,train,test,val,train,train,train,test,train,train,train,,train,0.1800000000000001,0.27136302
5198,2020_Townsend,CC(C)C[C@@H]1NC(=O)C[C@H](Cc2ccccc2)NC(=O)[C@@H]2CCCN2C(=O)[C@H](Cc2ccccc2)NC(=O)[C@H](CC(C)C)N(C)C(=O)[C@@H]2CCCN2C(=O)[C@H](CC(C)C)NC1=O,hepta_1621,5198,-5.57,7,7,Circle,0.18849,0.0722821,-39.3123,9.853,8.369,1.484,0.104137,0.040323,9.202,8.047,1.155,91,32,train,test,test,train,train,train,val,train,train,train,,train,0.2149999999999998,0.040975735
5183,2020_Townsend,CC(C)C[C@H]1NC(=O)[C@@H]2CCCN2C(=O)[C@@H](CC(C)C)NC(=O)[C@@H](CC(C)C)N(C)C(=O)C[C@H](Cc2ccccc2)NC(=O)[C@@H]2CCCN2C(=O)[C@H](Cc2ccccc2)NC1=O,hepta_1606,5183,-5.49,7,7,Circle,0.138837,0.05408,-31.2807,9.867,8.492,1.375,0.181583,0.054832,10.032,8.684,1.348,22,6,train,test,test,train,train,train,train,train,train,train,,train,0.2549999999999999,0.25748074
5166,2020_Townsend,CCCN1CC(=O)N[C@@H](CC(C)C)C(=O)N[C@@H](Cc2ccccc2)CC(=O)N2CCC[C@@H]2C(=O)N(C)[C@@H](CC(C)C)C(=O)N[C@@H](Cc2ccccc2)C(=O)N2CCC[C@@H]2C1=O,hepta_1589,5166,-5.64,7,7,Circle,0.157953,0.0482735,-22.7877,9.598,8.387,1.211,0.16116,0.0385834,9.746,8.48,1.266,92,37,train,test,train,val,val,train,val,train,train,train,,train,0.1800000000000001,0.19627811
5131,2020_Townsend,CCCN1CC(=O)N[C@H](CC(C)C)C(=O)N[C@@H](Cc2ccccc2)CC(=O)N2CCC[C@@H]2C(=O)N[C@H](CC(C)C)C(=O)N[C@@H](Cc2ccccc2)C(=O)N2CCC[C@@H]2C1=O,hepta_1554,5131,-5.76,7,7,Circle,0.161358,0.0559296,-20.626,8.961,7.753,1.208,0.143031,0.0520258,9.206,7.864,1.342,46,9,train,test,train,train,test,train,train,train,test,test,,train,0.1200000000000001,-0.10808541
5114,2020_Townsend,CCCN1CC(=O)N(C)[C@@H](CC(C)C)C(=O)N[C@H](CC(C)C)C(=O)N2CCC[C@@H]2C(=O)N(C)[C@@H](CC(C)C)C(=O)N[C@@H](Cc2ccccc2)C(=O)N2CCC[C@@H]2C1=O,hepta_1537,5114,-5.16,7,7,Circle,0.16975,0.0481571,-36.9503,9.879,8.667,1.212,0.157398,0.0706439,9.291,8.355,0.936,74,67,train,test,train,train,train,train,test,train,train,train,,train,0.4199999999999999,0.4284982
5086,2020_Townsend,CCCN1CC(=O)N[C@@H](CC(C)C)C(=O)N[C@@H](CC(C)C)C(=O)N2CCC[C@@H]2C(=O)N[C@@H](CC(C)C)C(=O)N[C@@H](Cc2ccccc2)C(=O)N2CCC[C@@H]2C1=O,hepta_1509,5086,-5.74,7,7,Circle,0.125988,0.0497729,-25.9658,9.141,7.887,1.254,0.13957,0.0491648,8.76,7.706,1.054,19,45,train,test,train,train,train,train,train,train,train,test,,train,0.1299999999999999,-0.10360415
5073,2020_Townsend,CC(C)C[C@H]1C(=O)N[C@@H](Cc2ccccc2)CC(=O)N2CCC[C@@H]2C(=O)N(C)[C@H](CC(C)C)C(=O)N[C@@H](Cc2ccccc2)C(=O)N2CCC[C@@H]2C(=O)N[C@@H](Cc2ccccc2)CC(=O)N1C,hepta_1496,5073,-5.55,7,7,Circle,0.307874,0.153099,-26.0616,10.113,8.829,1.284,0.128244,0.060791,10.076,8.866,1.21,15,30,train,test,test,val,train,train,train,train,test,val,,train,0.2250000000000001,0.24272723
5068,2020_Townsend,CC(C)C[C@H]1C(=O)N(Cc2ccccc2)CC(=O)N2CCC[C@@H]2C(=O)N(C)[C@@H](CC(C)C)C(=O)N[C@@H](Cc2ccccc2)C(=O)N2CCC[C@@H]2C(=O)N[C@@H](Cc2ccccc2)CC(=O)N1C,hepta_1491,5068,-5.37,7,7,Circle,0.217241,0.0756445,-28.8812,9.897,8.739,1.158,0.18278,0.0615264,9.868,8.759,1.109,90,39,train,test,train,train,test,train,test,train,val,train,,train,0.3149999999999999,0.26012033
5047,2020_Townsend,CC(C)C[C@H]1NC(=O)[C@@H](CC(C)C)N(C)C(=O)C[C@H](Cc2ccccc2)NC(=O)[C@H]2CCCN2C(=O)[C@H](Cc2ccccc2)NC(=O)CN(Cc2ccccc2)C(=O)[C@H]2CCCN2C1=O,hepta_1470,5047,-5.91,7,7,Circle,0.180768,0.0574616,-42.5791,10.36,8.997,1.363,0.148749,0.0444508,9.989,8.762,1.227,75,41,train,test,test,train,test,train,train,train,train,train,,train,0.0449999999999999,-0.01500763
5022,2020_Townsend,CC(C)C[C@@H]1NC(=O)C[C@H](Cc2ccccc2)NC(=O)[C@H]2CCCN2C(=O)[C@H](Cc2ccccc2)NC(=O)[C@H](CC(C)C)N(C)C(=O)[C@H]2CCCN2C(=O)[C@H](CC(C)C)NC1=O,hepta_1445,5022,-5.31,7,7,Circle,0.149813,0.0513925,-19.1419,9.287,8.097,1.19,0.175395,0.0501541,9.451,8.464,0.987,56,16,train,test,train,test,train,train,train,train,train,train,,train,0.3450000000000002,0.23184498
5013,2020_Townsend,CC(C)C[C@H]1C(=O)N2CCC[C@@H]2C(=O)N[C@H](CC(C)C)C(=O)N[C@@H](Cc2ccccc2)C(=O)N2CCC[C@@H]2C(=O)N[C@@H](Cc2ccccc2)CC(=O)N[C@H](CC(C)C)C(=O)N1C,hepta_1436,5013,-5.69,7,7,Circle,0.169091,0.0516055,-31.765,10.035,8.631,1.404,0.151203,0.0520412,9.612,8.423,1.189,81,88,train,test,test,train,train,train,test,val,train,train,,train,0.1549999999999998,0.18572153
5010,2020_Townsend,CC(C)C[C@@H]1NC(=O)C[C@H](Cc2ccccc2)NC(=O)[C@H]2CCCN2C(=O)[C@H](Cc2ccccc2)NC(=O)[C@@H](CC(C)C)NC(=O)[C@H]2CCCN2C(=O)[C@@H](CC(C)C)N(C)C1=O,hepta_1433,5010,-5.54,7,7,Circle,0.166957,0.0673633,-21.7213,9.065,7.959,1.106,0.150303,0.0493128,9.104,7.937,1.167,58,58,train,test,train,train,train,test,train,train,train,train,,train,0.2299999999999999,0.30653632
5002,2020_Townsend,CC(C)C[C@@H]1NC(=O)C[C@H](Cc2ccccc2)NC(=O)[C@H]2CCCN2C(=O)[C@H](Cc2ccccc2)NC(=O)[C@H](CC(C)C)NC(=O)[C@H]2CCCN2C(=O)[C@H](CC(C)C)NC1=O,hepta_1425,5002,-5.74,7,7,Circle,0.137436,0.0454402,-17.7135,9.256,8.161,1.095,0.201231,0.0850868,9.214,7.976,1.238,31,95,val,test,train,val,train,train,train,train,train,train,,val,0.1299999999999999,-0.097258285
5000,2020_Townsend,CC(C)C[C@@H]1NC(=O)C[C@H](Cc2ccccc2)NC(=O)[C@H]2CCCN2C(=O)[C@H](Cc2ccccc2)NC(=O)[C@H](CC(C)C)NC(=O)[C@H]2CCCN2C(=O)[C@@H](CC(C)C)NC1=O,hepta_1423,5000,-6.55,7,7,Circle,0.155845,0.055154,-33.3766,10.22,8.547,1.673,0.16038,0.0425287,9.256,7.973,1.283,72,23,val,test,val,train,train,test,train,train,train,val,,val,-0.2749999999999999,-0.13752049
4998,2020_Townsend,CC(C)C[C@@H]1NC(=O)[C@H]2CCCN2C(=O)[C@@H](CC(C)C)NC(=O)[C@@H](CC(C)C)NC(=O)C[C@H](Cc2ccccc2)NC(=O)[C@H]2CCCN2C(=O)[C@H](Cc2ccccc2)NC1=O,hepta_1421,4998,-6.27,7,7,Circle,0.196202,0.0676768,-26.1381,9.434,8.113,1.321,0.180422,0.0776098,9.419,8.228,1.191,98,51,train,test,train,train,train,val,train,train,train,train,,train,-0.1349999999999998,-0.17765217
4991,2020_Townsend,CC(C)C[C@H]1C(=O)N[C@@H](Cc2ccccc2)CC(=O)N2CCC[C@H]2C(=O)N(C)[C@@H](CC(C)C)C(=O)N[C@@H](Cc2ccccc2)C(=O)N2CCC[C@@H]2C(=O)N[C@@H](Cc2ccccc2)CC(=O)N1C,hepta_1414,4991,-5.23,7,7,Circle,0.240998,0.092776,-25.8366,10.194,9.081,1.113,0.143257,0.0604596,10.003,8.902,1.101,40,33,train,test,train,train,train,train,train,train,train,train,,train,0.3849999999999998,0.24094911
4979,2020_Townsend,CC(C)C[C@H]1NC(=O)C[C@H](Cc2ccccc2)NC(=O)[C@H]2CCCN2C(=O)[C@H](Cc2ccccc2)NC(=O)CN(Cc2ccccc2)C(=O)[C@@H]2CCCN2C(=O)CN(Cc2ccccc2)C1=O,hepta_1402,4979,-5.85,7,7,Circle,0.191288,0.0605161,-37.6961,9.817,8.451,1.366,0.132029,0.0369859,9.488,8.403,1.085,19,38,train,test,train,val,train,train,test,train,train,train,,train,0.0750000000000001,-0.11568935
4974,2020_Townsend,CC(C)C[C@H]1NC(=O)C[C@H](Cc2ccccc2)NC(=O)[C@H]2CCCN2C(=O)[C@H](Cc2ccccc2)NC(=O)[C@@H](CC(C)C)N(C)C(=O)[C@@H]2CCCN2C(=O)C[C@H](Cc2ccccc2)NC1=O,hepta_1397,4974,-5.74,7,7,Circle,0.147203,0.0426961,-28.6384,9.706,8.673,1.033,0.144554,0.0351146,9.799,8.845,0.954,99,81,train,test,train,train,test,train,train,train,train,train,,train,0.1299999999999999,0.15019585
4973,2020_Townsend,CC(C)C[C@@H]1C(=O)N(Cc2ccccc2)CC(=O)N2CCC[C@H]2C(=O)N(C)[C@H](CC(C)C)C(=O)N[C@@H](Cc2ccccc2)C(=O)N2CCC[C@@H]2C(=O)N[C@@H](Cc2ccccc2)CC(=O)N1C,hepta_1396,4973,-5.48,7,7,Circle,0.170864,0.0590041,-32.68,9.738,8.707,1.031,0.194152,0.0924276,9.846,8.731,1.115,55,83,train,test,train,train,train,train,train,train,train,train,,train,0.2599999999999998,0.18478478
4941,2020_Townsend,CC(C)C[C@@H]1NC(=O)C[C@H](Cc2ccccc2)NC(=O)[C@H]2CCCN2C(=O)[C@H](Cc2ccccc2)NC(=O)CN(Cc2ccccc2)C(=O)[C@@H]2CCCN2C(=O)[C@@H](CC(C)C)NC1=O,hepta_1364,4941,-5.85,7,7,Circle,0.255468,0.0853804,-27.8004,9.758,8.47,1.288,0.162891,0.0500048,9.546,8.347,1.199,38,42,train,test,test,train,test,val,train,train,test,train,,train,0.0750000000000001,-0.12707284
4939,2020_Townsend,CC(C)C[C@@H]1NC(=O)[C@@H](CC(C)C)N(C)C(=O)C[C@H](Cc2ccccc2)NC(=O)[C@H]2CCCN2C(=O)[C@H](Cc2ccccc2)NC(=O)[C@H](CC(C)C)N(C)C(=O)[C@@H]2CCCN2C1=O,hepta_1362,4939,-5.52,7,7,Circle,0.194826,0.048722,-27.6234,9.827,8.607,1.22,0.191352,0.0632058,9.815,8.672,1.143,49,3,train,test,train,train,test,train,train,train,train,train,,train,0.2400000000000002,0.4276439
4920,2020_Townsend,CC(C)C[C@@H]1NC(=O)[C@@H]2CCCN2C(=O)[C@@H](CC(C)C)N(C)C(=O)[C@H](CC(C)C)NC(=O)C[C@H](Cc2ccccc2)NC(=O)[C@H]2CCCN2C(=O)[C@H](Cc2ccccc2)NC1=O,hepta_1343,4920,-5.36,7,7,Circle,0.178667,0.0543058,-31.1938,10.073,8.736,1.337,0.116625,0.0371358,9.496,8.35,1.146,85,80,train,test,train,train,train,train,train,train,train,train,,train,0.3199999999999998,0.086364955
4914,2020_Townsend,CC(C)C[C@@H]1NC(=O)[C@@H](CC(C)C)N(C)C(=O)C[C@H](Cc2ccccc2)NC(=O)[C@H]2CCCN2C(=O)[C@H](Cc2ccccc2)NC(=O)[C@@H](CC(C)C)NC(=O)[C@@H]2CCCN2C1=O,hepta_1337,4914,-5.36,7,7,Circle,0.151552,0.0447112,-30.3378,10.026,8.716,1.31,0.14513,0.0405062,9.453,8.325,1.128,20,100,train,test,train,train,train,train,train,train,test,train,,train,0.3199999999999998,0.28015107
4905,2020_Townsend,CC(C)C[C@@H]1NC(=O)C[C@H](Cc2ccccc2)NC(=O)[C@H]2CCCN2C(=O)[C@H](Cc2ccccc2)NC(=O)[C@H](CC(C)C)NC(=O)[C@@H]2CCCN2C(=O)[C@H](CC(C)C)NC1=O,hepta_1328,4905,-5.71,7,7,Circle,0.225784,0.0809651,-35.0239,9.748,8.326,1.422,0.187076,0.0691544,9.641,8.199,1.442,55,11,train,test,test,train,train,test,train,train,test,test,,train,0.145,-0.026722968
4856,2020_Townsend,CC(C)C[C@H]1C(=O)N[C@@H](Cc2ccccc2)C(=O)N2CCC[C@H]2C(=O)N(C)[C@H](C)C(=O)N(C)[C@H](CC(C)C)C(=O)N(C)[C@H](CC(C)C)C(=O)N2CCC[C@@H]2C(=O)N1C,hepta_1279,4856,-5.12,7,7,Circle,0.113577,0.0350162,-21.7569,8.871,7.873,0.998,0.145874,0.0595998,8.935,8.047,0.888,33,73,train,test,val,train,val,train,train,train,train,val,,train,0.4399999999999999,0.6364834
4847,2020_Townsend,CC(C)C[C@@H]1NC(=O)[C@H]2CCCN2C(=O)CN(Cc2ccccc2)C(=O)[C@@H](CC(C)C)NC(=O)[C@@H](C)N(C)C(=O)[C@@H]2CCCN2C(=O)[C@H](Cc2ccccc2)NC1=O,hepta_1270,4847,-5.99,7,7,Circle,0.144198,0.0582213,-31.5718,9.074,7.771,1.303,0.146023,0.0710532,8.808,7.634,1.174,56,36,test,test,train,train,train,test,val,val,train,train,,test,0.0049999999999998,-0.106439844
4844,2020_Townsend,CC(C)C[C@H]1C(=O)N2CCC[C@@H]2C(=O)N(C)[C@@H](CC(C)C)C(=O)N[C@@H](Cc2ccccc2)C(=O)N2CCC[C@H]2C(=O)N(C)[C@H](C)C(=O)N[C@H](CC(C)C)C(=O)N1C,hepta_1267,4844,-5.14,7,7,Circle,0.111618,0.048519,-41.8748,9.153,7.88,1.273,0.132063,0.037215,9.202,8.214,0.988,91,43,train,test,train,train,train,train,train,train,val,train,,train,0.4300000000000001,0.36273897
4839,2020_Townsend,CC(C)C[C@H]1C(=O)N2CCC[C@@H]2C(=O)N(C)[C@H](CC(C)C)C(=O)N[C@@H](Cc2ccccc2)C(=O)N2CCC[C@H]2C(=O)N(C)[C@H](C)C(=O)N[C@H](CC(C)C)C(=O)N1C,hepta_1262,4839,-5.18,7,7,Circle,0.126038,0.0520791,-33.2468,9.263,7.907,1.356,0.136902,0.0468741,9.118,8.062,1.056,76,23,train,test,train,train,train,train,test,train,train,train,,train,0.4100000000000001,0.36255056
4832,2020_Townsend,CC(C)C[C@@H]1NC(=O)[C@H]2CCCN2C(=O)[C@H](CC(C)C)N(C)C(=O)[C@H](CC(C)C)NC(=O)[C@@H](C)N(C)C(=O)[C@@H]2CCCN2C(=O)[C@H](Cc2ccccc2)NC1=O,hepta_1255,4832,-5.64,7,7,Circle,0.143352,0.0488377,-33.631,9.006,7.82,1.186,0.105578,0.0338224,8.707,7.716,0.991,77,17,train,test,train,test,train,train,train,train,test,train,,train,0.1800000000000001,-0.27204147
4823,2020_Townsend,CC(C)C[C@@H]1NC(=O)[C@@H](C)N(C)C(=O)[C@@H]2CCCN2C(=O)[C@H](Cc2ccccc2)NC(=O)[C@@H](CC(C)C)NC(=O)[C@H]2CCCN2C(=O)[C@@H](CC(C)C)N(C)C1=O,hepta_1246,4823,-5.49,7,7,Circle,0.11229,0.0397084,-29.4383,9.282,8.2,1.082,0.136404,0.0458478,9.088,8.141,0.947,96,94,train,test,train,train,train,val,val,train,train,train,,train,0.2549999999999999,0.19743134
4817,2020_Townsend,CC(C)C[C@@H]1NC(=O)[C@@H](C)N(C)C(=O)[C@@H]2CCCN2C(=O)[C@H](Cc2ccccc2)NC(=O)[C@H](CC(C)C)NC(=O)[C@H]2CCCN2C(=O)[C@H](CC(C)C)NC1=O,hepta_1240,4817,-6.31,7,7,Circle,0.138722,0.0405344,-41.9925,9.243,7.806,1.437,0.131743,0.0426455,8.68,7.42,1.26,52,42,train,test,train,train,train,train,val,train,train,test,,train,-0.1549999999999998,0.0441664
4799,2020_Townsend,CC(C)C[C@@H]1NC(=O)[C@@H]2CCCN2C(=O)CN(Cc2ccccc2)C(=O)CN(Cc2ccccc2)C(=O)[C@@H](C)N(C)C(=O)[C@@H]2CCCN2C(=O)[C@H](Cc2ccccc2)NC1=O,hepta_1222,4799,-6.8,7,7,Circle,0.238075,0.100295,-40.0302,9.441,8.187,1.254,0.128102,0.0341334,9.023,7.998,1.025,63,100,train,test,train,train,val,val,train,train,train,train,,train,-0.3999999999999999,-0.48424232
4792,2020_Townsend,CC(C)C[C@H]1C(=O)N2CCC[C@H]2C(=O)N(Cc2ccccc2)CC(=O)N[C@@H](Cc2ccccc2)C(=O)N2CCC[C@H]2C(=O)N(C)[C@H](C)C(=O)N(C)[C@H](CC(C)C)C(=O)N1C,hepta_1215,4792,-5.7,7,7,Circle,0.13066,0.0362966,-28.4874,9.187,8.174,1.013,0.146214,0.038058,9.524,8.204,1.32,63,74,train,test,train,train,val,train,train,train,train,train,,train,0.1499999999999999,0.16513492
4780,2020_Townsend,CC(C)C[C@H]1C(=O)N[C@@H](Cc2ccccc2)C(=O)N2CCC[C@H]2C(=O)N(C)[C@H](C)C(=O)N(Cc2ccccc2)CC(=O)N[C@H](CC(C)C)C(=O)N2CCC[C@H]2C(=O)N1C,hepta_1203,4780,-5.2,7,7,Circle,0.190039,0.0714301,-33.0195,9.396,8.197,1.199,0.0978611,0.0370102,8.614,7.655,0.959,26,2,train,test,train,train,train,train,train,test,train,train,,train,0.3999999999999999,0.30659366
4774,2020_Townsend,CC(C)C[C@H]1C(=O)N[C@@H](Cc2ccccc2)C(=O)N2CCC[C@H]2C(=O)N(C)[C@H](C)C(=O)N(C)[C@H](CC(C)C)C(=O)N(C)[C@@H](CC(C)C)C(=O)N2CCC[C@H]2C(=O)N1C,hepta_1197,4774,-5.36,7,7,Circle,0.103178,0.0358126,-32.6695,9.633,8.579,1.054,0.127338,0.0410805,9.285,8.171,1.114,68,95,train,test,train,train,train,val,test,val,train,train,,train,0.3199999999999998,0.34302646
4759,2020_Townsend,CC(C)C[C@@H]1NC(=O)[C@@H](C)N(C)C(=O)[C@@H]2CCCN2C(=O)[C@H](Cc2ccccc2)NC(=O)[C@H](CC(C)C)N(C)C(=O)[C@@H]2CCCN2C(=O)[C@H](CC(C)C)N(C)C1=O,hepta_1182,4759,-5.42,7,7,Circle,0.130135,0.0543611,-28.18,9.251,8.112,1.139,0.11586,0.0474338,9.168,8.187,0.981,6,100,val,test,test,train,train,train,train,train,train,val,,val,0.29,0.18496026
4739,2020_Townsend,CC(C)C[C@H]1NC(=O)[C@@H](C)N(C)C(=O)[C@@H]2CCCN2C(=O)[C@H](Cc2ccccc2)NC(=O)[C@@H](CC(C)C)N(C)C(=O)[C@@H]2CCCN2C(=O)[C@@H](CC(C)C)N(C)C1=O,hepta_1162,4739,-5.26,7,7,Circle,0.131447,0.0532757,-28.2462,9.323,7.983,1.34,0.16083,0.0529816,9.187,8.025,1.162,70,68,val,test,train,train,train,train,train,val,test,train,,val,0.3700000000000001,0.347651
4723,2020_Townsend,CC(C)C[C@@H]1NC(=O)[C@@H]2CCCN2C(=O)[C@H](CC(C)C)NC(=O)[C@H](CC(C)C)NC(=O)[C@@H](C)N(C)C(=O)[C@@H]2CCCN2C(=O)[C@H](Cc2ccccc2)NC1=O,hepta_1146,4723,-6.52,7,7,Circle,0.183592,0.10397,-34.872,8.785,7.461,1.324,0.122125,0.0606886,8.544,7.385,1.159,84,53,train,test,train,train,train,train,val,test,train,train,,train,-0.2599999999999998,0.18152
4720,2020_Townsend,CC(C)C[C@@H]1NC(=O)[C@@H](C)N(C)C(=O)[C@@H]2CCCN2C(=O)[C@H](Cc2ccccc2)NC(=O)[C@@H](CC(C)C)NC(=O)[C@@H]2CCCN2C(=O)[C@@H](CC(C)C)NC1=O,hepta_1143,4720,-6.34,7,7,Circle,0.17044,0.0609527,-40.5659,9.382,7.98,1.402,0.202369,0.0825151,8.65,7.399,1.251,49,80,test,test,val,train,train,train,train,train,train,train,,test,-0.1699999999999999,-0.35873255
4718,2020_Townsend,CC(C)C[C@H]1NC(=O)[C@@H]2CCCN2C(=O)[C@@H](CC(C)C)NC(=O)[C@@H](CC(C)C)NC(=O)[C@@H](C)N(C)C(=O)[C@@H]2CCCN2C(=O)[C@H](Cc2ccccc2)NC1=O,hepta_1141,4718,-6.01,7,7,Circle,0.150514,0.0446594,-28.9069,8.853,7.714,1.139,0.100332,0.0406988,8.835,7.736,1.099,77,44,train,test,train,train,train,train,train,train,test,test,,train,-0.0049999999999998,-0.715864
4713,2020_Townsend,CC(C)C[C@@H]1C(=O)N(Cc2ccccc2)CC(=O)N2CCC[C@H]2C(=O)N(Cc2ccccc2)CC(=O)N[C@@H](Cc2ccccc2)C(=O)N2CCC[C@H]2C(=O)N(C)[C@@H](C)C(=O)N1C,hepta_1136,4713,-5.92,7,7,Circle,0.145756,0.0451,-28.7971,9.287,8.145,1.142,0.180077,0.0651946,9.246,8.106,1.14,74,53,train,test,train,train,train,train,val,test,train,train,,train,0.04,-0.17060132
4709,2020_Townsend,CC(C)C[C@@H]1NC(=O)CN(Cc2ccccc2)C(=O)[C@H](C)N(C)C(=O)[C@@H]2CCCN2C(=O)[C@H](Cc2ccccc2)NC(=O)CN(Cc2ccccc2)C(=O)[C@@H]2CCCN2C1=O,hepta_1132,4709,-5.81,7,7,Circle,0.152263,0.058774,-41.4658,9.208,7.946,1.262,0.14524,0.0375596,8.918,7.859,1.059,47,51,test,test,val,train,train,train,train,val,train,test,,test,0.0950000000000002,0.14871554
4698,2020_Townsend,CC(C)C[C@H]1C(=O)N[C@@H](Cc2ccccc2)C(=O)N2CCC[C@H]2C(=O)N(C)[C@@H](C)C(=O)N[C@H](CC(C)C)C(=O)N[C@@H](Cc2ccccc2)CC(=O)N2CCC[C@H]2C(=O)N1C,hepta_1121,4698,-5.58,7,7,Circle,0.141786,0.0597378,-33.9805,9.309,7.983,1.326,0.14008,0.0538477,9.027,7.874,1.153,88,19,test,test,train,train,test,train,train,train,train,train,,test,0.2099999999999999,0.072739616
4689,2020_Townsend,CC(C)C[C@@H]1NC(=O)[C@@H](CC(C)C)N(C)C(=O)[C@H](C)N(C)C(=O)[C@@H]2CCCN2C(=O)[C@H](Cc2ccccc2)NC(=O)CN(Cc2ccccc2)C(=O)[C@@H]2CCCN2C1=O,hepta_1112,4689,-5.81,7,7,Circle,0.162139,0.0552052,-25.9612,9.497,8.342,1.155,0.152992,0.0470895,9.009,7.977,1.032,54,47,train,test,train,train,train,train,test,train,test,train,,train,0.0950000000000002,0.085509405
4685,2020_Townsend,CC(C)C[C@H]1C(=O)N[C@@H](Cc2ccccc2)C(=O)N2CCC[C@H]2C(=O)N(C)[C@@H](C)C(=O)N[C@H](CC(C)C)C(=O)N(Cc2ccccc2)CC(=O)N2CCC[C@H]2C(=O)N1C,hepta_1108,4685,-6.09,7,7,Circle,0.145074,0.0667722,-36.9101,9.234,7.917,1.317,0.110247,0.0414837,9.065,7.921,1.144,55,78,test,test,train,train,train,train,test,train,train,train,,test,-0.0449999999999999,0.30249327
4673,2020_Townsend,CC(C)C[C@H]1C(=O)N2CCC[C@H]2C(=O)N(C)[C@H](CC(C)C)C(=O)N[C@@H](Cc2ccccc2)C(=O)N2CCC[C@H]2C(=O)N(C)[C@@H](C)C(=O)N(C)[C@H](CC(C)C)C(=O)N1C,hepta_1096,4673,-5.73,7,7,Circle,0.141351,0.0434703,-27.6631,9.46,8.324,1.136,0.12511,0.0352595,9.268,8.293,0.975,96,65,train,test,train,train,train,test,train,test,train,train,,train,0.1349999999999998,0.10265
4659,2020_Townsend,CC(C)C[C@H]1NC(=O)[C@@H]2CCCN2C(=O)[C@@H](CC(C)C)NC(=O)CN(Cc2ccccc2)C(=O)[C@H](C)N(C)C(=O)[C@@H]2CCCN2C(=O)[C@H](Cc2ccccc2)NC1=O,hepta_1082,4659,-5.8,7,7,Circle,0.149903,0.0416468,-31.9287,9.068,7.883,1.185,0.225176,0.109787,8.695,7.477,1.218,68,70,train,test,train,train,val,val,train,train,train,train,,train,0.1,-0.021408007
4638,2020_Townsend,CC(C)C[C@@H]1NC(=O)[C@H](C)N(C)C(=O)[C@@H]2CCCN2C(=O)[C@H](Cc2ccccc2)NC(=O)[C@@H](CC(C)C)NC(=O)[C@@H]2CCCN2C(=O)[C@@H](CC(C)C)N(C)C1=O,hepta_1061,4638,-5.96,7,7,Circle,0.145919,0.0405345,-27.518,9.17,7.906,1.264,0.147449,0.0520462,8.92,7.676,1.244,43,63,train,test,train,train,train,train,train,train,train,train,,train,0.02,-0.20388447
4637,2020_Townsend,CC(C)C[C@H]1C(=O)N2CCC[C@H]2C(=O)N[C@H](CC(C)C)C(=O)N[C@@H](Cc2ccccc2)C(=O)N2CCC[C@H]2C(=O)N(C)[C@@H](C)C(=O)N[C@H](CC(C)C)C(=O)N1C,hepta_1060,4637,-6.38,7,7,Circle,0.133541,0.0461425,-32.0056,9.107,7.785,1.322,0.0980916,0.039155,8.761,7.518,1.243,49,16,train,test,test,test,train,train,train,train,train,test,,train,-0.1899999999999999,-0.2564399
4634,2020_Townsend,CC(C)C[C@H]1NC(=O)[C@H](C)N(C)C(=O)[C@@H]2CCCN2C(=O)[C@H](Cc2ccccc2)NC(=O)[C@@H](CC(C)C)N(C)C(=O)[C@@H]2CCCN2C(=O)[C@@H](CC(C)C)NC1=O,hepta_1057,4634,-6.0,7,7,Circle,0.125015,0.0575981,-33.129,9.419,7.975,1.444,0.14228,0.0477756,8.862,7.859,1.003,64,71,train,test,train,train,train,train,train,train,train,train,,train,0.0,0.38064545
4631,2020_Townsend,CC(C)C[C@@H]1NC(=O)[C@H](C)N(C)C(=O)[C@@H]2CCCN2C(=O)[C@H](Cc2ccccc2)NC(=O)[C@@H](CC(C)C)NC(=O)[C@@H]2CCCN2C(=O)[C@H](CC(C)C)NC1=O,hepta_1054,4631,-4.0,7,7,Circle,0.124598,0.0613533,-37.6244,9.127,7.664,1.463,0.130796,0.0546751,8.495,7.209,1.286,100,50,val,test,val,train,train,train,test,train,val,train,,val,1.0,-0.54005843
4621,2020_Townsend,CC(C)C[C@H]1C(=O)N(Cc2ccccc2)CC(=O)N2CCC[C@@H]2C(=O)N(C)[C@@H](CC(C)C)C(=O)N[C@@H](Cc2ccccc2)C(=O)N2CCC[C@H]2C(=O)N[C@@H](C)C(=O)N1C,hepta_1044,4621,-10.0,7,7,Circle,0.152703,0.0584431,-29.0115,9.221,8.093,1.128,0.136079,0.0509251,9.273,8.026,1.247,73,17,train,test,test,train,train,train,train,train,train,train,,train,-1.0,-0.32204208
4594,2020_Townsend,CC(C)C[C@@H]1NC(=O)[C@H](CC(C)C)N(C)C(=O)[C@H](C)NC(=O)[C@@H]2CCCN2C(=O)[C@H](Cc2ccccc2)NC(=O)[C@H](CC(C)C)N(C)C(=O)[C@H]2CCCN2C1=O,hepta_1017,4594,-5.28,7,7,Circle,0.115577,0.0357289,-33.7965,9.04,7.767,1.273,0.138408,0.0718529,8.8,7.769,1.031,32,57,train,test,train,test,val,train,train,train,train,train,,train,0.3599999999999999,0.1345024
4588,2020_Townsend,CC(C)C[C@@H]1NC(=O)[C@H]2CCCN2C(=O)[C@H](CC(C)C)N(C)C(=O)[C@@H](CC(C)C)N(C)C(=O)[C@H](C)NC(=O)[C@@H]2CCCN2C(=O)[C@H](Cc2ccccc2)NC1=O,hepta_1011,4588,-5.84,7,7,Circle,0.128786,0.0450436,-29.0375,9.063,7.843,1.22,0.109456,0.0307661,9.174,7.976,1.198,91,62,train,test,val,train,train,test,train,train,train,train,,train,0.08,-0.04546325
4584,2020_Townsend,CC(C)C[C@@H]1NC(=O)[C@@H](CC(C)C)N(C)C(=O)[C@H](C)NC(=O)[C@@H]2CCCN2C(=O)[C@H](Cc2ccccc2)NC(=O)[C@@H](CC(C)C)N(C)C(=O)[C@H]2CCCN2C1=O,hepta_1007,4584,-5.9,7,7,Circle,0.140588,0.0446513,-28.8908,9.128,7.818,1.31,0.119622,0.0394311,8.919,7.66,1.259,16,28,train,test,train,val,train,train,train,train,train,train,,train,0.0499999999999998,0.011459783
4583,2020_Townsend,CC(C)C[C@H]1C(=O)N[C@@H](Cc2ccccc2)C(=O)N2CCC[C@H]2C(=O)N[C@@H](C)C(=O)N(C)[C@H](CC(C)C)C(=O)N[C@H](CC(C)C)C(=O)N2CCC[C@@H]2C(=O)N1C,hepta_1006,4583,-5.37,7,7,Circle,0.110932,0.0440025,-24.8172,9.031,7.826,1.205,0.112559,0.0431677,9.099,7.789,1.31,91,63,test,test,train,train,train,train,train,train,test,train,,test,0.3149999999999999,0.31164187
4559,2020_Townsend,CC(C)C[C@H]1NC(=O)[C@H](C)NC(=O)[C@@H]2CCCN2C(=O)[C@H](Cc2ccccc2)NC(=O)[C@@H](CC(C)C)NC(=O)[C@H]2CCCN2C(=O)[C@@H](CC(C)C)NC1=O,hepta_982,4559,-10.0,7,7,Circle,0.132104,0.0470929,-26.9825,8.594,7.225,1.369,0.106467,0.0412185,8.3,7.047,1.253,6,45,train,test,train,train,val,test,train,train,train,train,,train,-1.0,-0.3232532
4553,2020_Townsend,CC(C)C[C@H]1NC(=O)[C@@H]2CCCN2C(=O)C[C@H](Cc2ccccc2)NC(=O)CN(Cc2ccccc2)C(=O)[C@@H](C)NC(=O)[C@@H]2CCCN2C(=O)[C@H](Cc2ccccc2)NC1=O,hepta_976,4553,-6.45,7,7,Circle,0.175141,0.0701082,-35.1531,9.022,7.666,1.356,0.172821,0.0481888,9.27,7.99,1.28,84,81,train,test,train,train,train,train,train,train,train,train,,train,-0.2250000000000001,-0.21201682
4552,2020_Townsend,CC(C)C[C@H]1C(=O)N[C@@H](Cc2ccccc2)C(=O)N2CCC[C@H]2C(=O)N[C@H](C)C(=O)N(C)[C@H](CC(C)C)C(=O)N[C@@H](Cc2ccccc2)CC(=O)N2CCC[C@H]2C(=O)N1C,hepta_975,4552,-5.41,7,7,Circle,0.222027,0.0794822,-27.7738,9.338,8.017,1.321,0.137259,0.0593943,9.459,8.281,1.178,19,13,train,test,train,test,train,train,train,train,val,test,,train,0.2949999999999999,-0.06229446
4546,2020_Townsend,CC(C)C[C@H]1C(=O)N2CCC[C@H]2C(=O)N(Cc2ccccc2)CC(=O)N[C@@H](Cc2ccccc2)C(=O)N2CCC[C@H]2C(=O)N[C@H](C)C(=O)N(C)[C@@H](CC(C)C)C(=O)N1C,hepta_969,4546,-5.4,7,7,Circle,0.185832,0.0739929,-27.6011,9.306,7.945,1.361,0.15275,0.0377827,9.226,7.894,1.332,30,80,train,test,train,train,train,train,train,train,test,train,,train,0.2999999999999998,0.05213788
4539,2020_Townsend,CC(C)C[C@@H]1NC(=O)[C@@H]2CCCN2C(=O)C[C@H](Cc2ccccc2)NC(=O)[C@@H](CC(C)C)N(C)C(=O)[C@@H](C)NC(=O)[C@@H]2CCCN2C(=O)[C@H](Cc2ccccc2)NC1=O,hepta_962,4539,-10.0,7,7,Circle,0.180457,0.0579824,-31.8327,9.139,7.712,1.427,0.160127,0.0434611,9.602,8.353,1.249,40,90,train,test,train,train,train,train,train,val,train,train,,train,-1.0,-0.07506827
4538,2020_Townsend,CC(C)C[C@H]1C(=O)N[C@@H](Cc2ccccc2)C(=O)N2CCC[C@H]2C(=O)N[C@H](C)C(=O)N[C@H](CC(C)C)C(=O)N[C@@H](Cc2ccccc2)CC(=O)N2CCC[C@H]2C(=O)N1C,hepta_961,4538,-10.0,7,7,Circle,0.127274,0.0478348,-26.5489,8.894,7.698,1.196,0.152196,0.0483006,9.23,7.998,1.232,50,44,train,test,train,train,train,train,train,train,train,train,,train,-1.0,-0.5662065
4526,2020_Townsend,CC(C)C[C@H]1C(=O)N2CCC[C@H]2C(=O)N(C)[C@H](CC(C)C)C(=O)N[C@@H](Cc2ccccc2)C(=O)N2CCC[C@H]2C(=O)N[C@H](C)C(=O)N(C)[C@@H](CC(C)C)C(=O)N1C,hepta_949,4526,-5.5,7,7,Circle,0.105574,0.044479,-33.3404,9.367,8.234,1.133,0.126095,0.054575,9.238,8.25,0.988,65,45,train,test,train,train,train,train,val,train,val,test,,train,0.25,0.13925464
4523,2020_Townsend,CC(C)C[C@H]1NC(=O)[C@@H](C)NC(=O)[C@@H]2CCCN2C(=O)[C@H](Cc2ccccc2)NC(=O)[C@@H](CC(C)C)N(C)C(=O)[C@@H]2CCCN2C(=O)CN(Cc2ccccc2)C1=O,hepta_946,4523,-6.6,7,7,Circle,0.162997,0.0578451,-32.7619,9.181,7.918,1.263,0.148282,0.053334,9.157,7.899,1.258,74,6,test,test,train,train,train,train,train,train,val,train,,test,-0.2999999999999998,-0.106192455
4487,2020_Townsend,CC(C)C[C@H]1C(=O)N2CCC[C@H]2C(=O)N[C@H](CC(C)C)C(=O)N[C@@H](Cc2ccccc2)C(=O)N2CCC[C@H]2C(=O)N[C@H](C)C(=O)N[C@H](CC(C)C)C(=O)N1C,hepta_910,4487,-6.51,7,7,Circle,0.137511,0.0489218,-36.123,9.142,7.86,1.282,0.136632,0.0648342,8.693,7.476,1.217,27,55,train,test,train,train,train,train,train,test,train,val,,train,-0.2549999999999999,-0.030418247
4461,2020_Townsend,CCCN1CC(=O)N(C)[C@H](CC(C)C)C(=O)N(Cc2ccccc2)CC(=O)N2CCC[C@@H]2C(=O)N(C)[C@@H](CC(C)C)C(=O)N[C@@H](Cc2ccccc2)C(=O)N2CCC[C@H]2C1=O,hepta_884,4461,-6.0,7,7,Circle,0.158292,0.0438816,-37.9355,9.263,8.114,1.149,0.1234,0.0418623,9.106,8.148,0.958,68,36,train,test,train,train,train,val,val,test,train,val,,train,0.0,0.27779704
4447,2020_Townsend,CCCN1CC(=O)N(Cc2ccccc2)CC(=O)N[C@@H](CC(C)C)C(=O)N2CCC[C@@H]2C(=O)N(C)[C@H](CC(C)C)C(=O)N[C@@H](Cc2ccccc2)C(=O)N2CCC[C@H]2C1=O,hepta_870,4447,-5.71,7,7,Circle,0.141451,0.0486179,-31.4141,9.34,8.167,1.173,0.119792,0.0353567,8.974,7.838,1.136,43,82,train,test,train,test,train,test,val,train,val,train,,train,0.145,0.28966814
4442,2020_Townsend,CCCN1CC(=O)N(C)[C@H](CC(C)C)C(=O)N(Cc2ccccc2)CC(=O)N2CCC[C@@H]2C(=O)N[C@@H](CC(C)C)C(=O)N[C@@H](Cc2ccccc2)C(=O)N2CCC[C@H]2C1=O,hepta_865,4442,-7.05,7,7,Circle,0.140557,0.0471709,-33.1936,9.294,8.096,1.198,0.163274,0.0726072,9.095,7.917,1.178,72,80,train,test,train,val,train,train,train,train,train,test,,train,-0.5249999999999999,-0.29320437
4438,2020_Townsend,CCCN1CC(=O)N(C)[C@@H](CC(C)C)C(=O)N(C)[C@H](CC(C)C)C(=O)N2CCC[C@@H]2C(=O)N(C)[C@@H](CC(C)C)C(=O)N[C@@H](Cc2ccccc2)C(=O)N2CCC[C@H]2C1=O,hepta_861,4438,-4.97,7,7,Circle,0.0834231,0.0324302,-29.2044,8.626,7.643,0.983,0.0936942,0.041867,8.712,7.773,0.939,90,92,train,test,train,train,train,train,train,val,train,val,,train,0.5150000000000001,0.39635032
4415,2020_Townsend,CCCN1CC(=O)N(C)[C@H](CC(C)C)C(=O)N(C)[C@@H](CC(C)C)C(=O)N2CCC[C@@H]2C(=O)N[C@@H](CC(C)C)C(=O)N[C@@H](Cc2ccccc2)C(=O)N2CCC[C@H]2C1=O,hepta_838,4415,-5.34,7,7,Circle,0.141465,0.0615142,-32.5184,9.596,8.395,1.201,0.11635,0.0399378,8.985,7.83,1.155,100,14,val,test,train,train,train,train,train,train,train,train,,val,0.33,0.10762428
4397,2020_Townsend,CCCN1CC(=O)N(C)[C@@H](CC(C)C)C(=O)N[C@H](CC(C)C)C(=O)N2CCC[C@@H]2C(=O)N[C@@H](CC(C)C)C(=O)N[C@@H](Cc2ccccc2)C(=O)N2CCC[C@H]2C1=O,hepta_820,4397,-6.77,7,7,Circle,0.155203,0.0575037,-29.0781,9.352,8.001,1.351,0.112132,0.0436178,9.117,7.802,1.315,75,10,val,test,train,train,train,train,train,train,train,train,,val,-0.3849999999999998,0.09617935
4386,2020_Townsend,CCCN1CC(=O)N[C@@H](CC(C)C)C(=O)N[C@H](CC(C)C)C(=O)N2CCC[C@@H]2C(=O)N[C@@H](CC(C)C)C(=O)N[C@@H](Cc2ccccc2)C(=O)N2CCC[C@H]2C1=O,hepta_809,4386,-6.48,7,7,Circle,0.0848004,0.0440006,-24.9841,8.67,7.278,1.392,0.125651,0.04833,8.812,7.43,1.382,91,95,train,test,val,train,test,test,train,train,train,val,,train,-0.2400000000000002,-0.3677719
4382,2020_Townsend,CC(C)C[C@H]1C(=O)N[C@@H](Cc2ccccc2)C(=O)N2CCC[C@@H]2C(=O)N(C)[C@H](C)C(=O)N(Cc2ccccc2)CC(=O)N[C@@H](Cc2ccccc2)CC(=O)N2CCC[C@@H]2C(=O)N1C,hepta_805,4382,-6.4,7,7,Circle,0.212355,0.0709364,-27.7899,9.664,8.51,1.154,0.141,0.0418508,9.667,8.668,0.999,15,33,train,test,train,train,train,train,train,val,train,test,,train,-0.2000000000000001,0.13750173
4379,2020_Townsend,CC(C)C[C@@H]1NC(=O)[C@@H](C)N(C)C(=O)[C@H]2CCCN2C(=O)[C@H](Cc2ccccc2)NC(=O)CN(Cc2ccccc2)C(=O)[C@H]2CCCN2C(=O)C[C@H](Cc2ccccc2)NC1=O,hepta_802,4379,-10.0,7,7,Circle,0.126611,0.0422396,-24.1979,8.52,7.44,1.08,0.132599,0.0399,9.256,8.103,1.153,100,61,train,test,train,test,train,val,train,train,train,train,,train,-1.0,0.027829483
4378,2020_Townsend,CC(C)C[C@H]1C(=O)N(Cc2ccccc2)CC(=O)N2CCC[C@@H]2C(=O)N(Cc2ccccc2)CC(=O)N[C@@H](Cc2ccccc2)C(=O)N2CCC[C@@H]2C(=O)N(C)[C@H](C)C(=O)N1C,hepta_801,4378,-5.87,7,7,Circle,0.16115,0.0440731,-33.3492,9.544,8.437,1.107,0.147867,0.0477714,9.142,8.202,0.94,11,28,train,test,val,train,train,train,val,train,train,train,,train,0.0649999999999999,-0.16063245
4366,2020_Townsend,CC(C)C[C@@H]1NC(=O)[C@H]2CCCN2C(=O)C[C@H](Cc2ccccc2)NC(=O)[C@H](CC(C)C)N(C)C(=O)[C@@H](C)N(C)C(=O)[C@H]2CCCN2C(=O)[C@H](Cc2ccccc2)NC1=O,hepta_789,4366,-10.0,7,7,Circle,0.210819,0.0640694,-32.5241,9.744,8.456,1.288,0.129765,0.0485322,9.531,8.415,1.116,22,36,val,test,train,val,test,val,train,train,train,train,,val,-1.0,-0.46637607
4364,2020_Townsend,CC(C)C[C@@H]1NC(=O)[C@@H](C)N(C)C(=O)[C@H]2CCCN2C(=O)[C@H](Cc2ccccc2)NC(=O)[C@@H](CC(C)C)N(C)C(=O)[C@H]2CCCN2C(=O)C[C@H](Cc2ccccc2)NC1=O,hepta_787,4364,-6.25,7,7,Circle,0.151206,0.0478048,-19.9102,9.172,8.195,0.977,0.157208,0.060829,9.222,8.206,1.016,16,65,train,test,train,val,train,train,train,test,test,test,,train,-0.125,-0.09207117
4363,2020_Townsend,CC(C)C[C@H]1C(=O)N(Cc2ccccc2)CC(=O)N2CCC[C@@H]2C(=O)N(C)[C@H](CC(C)C)C(=O)N[C@@H](Cc2ccccc2)C(=O)N2CCC[C@@H]2C(=O)N(C)[C@H](C)C(=O)N1C,hepta_786,4363,-5.75,7,7,Circle,0.134654,0.0525145,-27.2517,9.137,8.01,1.127,0.1305,0.0501885,8.862,7.827,1.035,18,26,train,test,train,test,train,train,train,train,train,train,,train,0.125,0.3297243
4359,2020_Townsend,CC(C)C[C@H]1C(=O)N[C@@H](Cc2ccccc2)CC(=O)N2CCC[C@@H]2C(=O)N[C@H](CC(C)C)C(=O)N[C@@H](Cc2ccccc2)C(=O)N2CCC[C@@H]2C(=O)N(C)[C@H](C)C(=O)N1C,hepta_782,4359,-6.3,7,7,Circle,0.236056,0.10084,-32.2494,9.787,8.492,1.295,0.106819,0.0412764,9.265,8.053,1.212,14,28,train,test,train,train,val,train,train,train,train,test,,train,-0.1499999999999999,-0.36598015
4355,2020_Townsend,CC(C)C[C@@H]1C(=O)N2CCC[C@@H]2C(=O)N(C)[C@H](CC(C)C)C(=O)N[C@@H](Cc2ccccc2)C(=O)N2CCC[C@@H]2C(=O)N(C)[C@H](C)C(=O)N(Cc2ccccc2)CC(=O)N1C,hepta_778,4355,-5.62,7,7,Circle,0.152946,0.0520915,-27.1199,9.384,8.217,1.167,0.154127,0.0551186,8.994,7.943,1.051,10,63,train,test,train,val,train,train,train,val,train,test,,train,0.1899999999999999,0.056979433
4344,2020_Townsend,CC(C)C[C@H]1C(=O)N[C@@H](Cc2ccccc2)C(=O)N2CCC[C@@H]2C(=O)N(C)[C@H](C)C(=O)N[C@H](CC(C)C)C(=O)N(Cc2ccccc2)CC(=O)N2CCC[C@@H]2C(=O)N1C,hepta_767,4344,-5.77,7,7,Circle,0.210522,0.0890676,-30.482,9.207,8.097,1.11,0.114761,0.0560982,8.979,7.94,1.039,63,84,train,test,val,val,train,train,test,train,train,train,,train,0.1150000000000002,-0.31651872
4330,2020_Townsend,CC(C)C[C@@H]1NC(=O)[C@@H](C)N(C)C(=O)[C@H]2CCCN2C(=O)[C@H](Cc2ccccc2)NC(=O)CN(Cc2ccccc2)C(=O)[C@H]2CCCN2C(=O)[C@H](CC(C)C)NC1=O,hepta_753,4330,-6.3,7,7,Circle,0.165805,0.0458106,-36.031,9.705,8.479,1.226,0.113782,0.0414698,8.813,7.837,0.976,4,76,train,test,train,train,test,train,train,train,train,test,,train,-0.1499999999999999,0.013970509
4318,2020_Townsend,CC(C)C[C@@H]1NC(=O)[C@@H](C)N(C)C(=O)[C@H]2CCCN2C(=O)[C@H](Cc2ccccc2)NC(=O)[C@H](CC(C)C)N(C)C(=O)[C@H]2CCCN2C(=O)[C@@H](CC(C)C)N(C)C1=O,hepta_741,4318,-6.17,7,7,Circle,0.124048,0.0475671,-29.2765,9.189,8.196,0.993,0.133392,0.0448835,9.279,8.154,1.125,25,86,test,test,train,train,train,train,train,train,train,train,,test,-0.0849999999999999,0.28884465
4290,2020_Townsend,CC(C)C[C@@H]1NC(=O)[C@@H](C)N(C)C(=O)[C@H]2CCCN2C(=O)[C@H](Cc2ccccc2)NC(=O)[C@H](CC(C)C)NC(=O)[C@H]2CCCN2C(=O)[C@H](CC(C)C)NC1=O,hepta_713,4290,-6.61,7,7,Circle,0.100232,0.0342827,-27.7545,8.773,7.697,1.076,0.103312,0.0334472,8.755,7.758,0.997,30,79,train,test,test,train,train,train,test,test,train,train,,train,-0.3050000000000001,-0.065459654
4289,2020_Townsend,CC(C)C[C@@H]1NC(=O)[C@H]2CCCN2C(=O)[C@H](CC(C)C)NC(=O)[C@@H](CC(C)C)NC(=O)[C@@H](C)N(C)C(=O)[C@H]2CCCN2C(=O)[C@H](Cc2ccccc2)NC1=O,hepta_712,4289,-6.7,7,7,Circle,0.139527,0.0678821,-26.8102,9.012,7.838,1.174,0.0979189,0.0355175,8.445,7.293,1.152,65,78,train,test,train,test,train,train,train,train,train,train,,train,-0.3500000000000001,-0.5006896
4284,2020_Townsend,CC(C)C[C@H]1C(=O)N[C@@H](Cc2ccccc2)CC(=O)N2CCC[C@@H]2C(=O)N(Cc2ccccc2)CC(=O)N[C@@H](Cc2ccccc2)C(=O)N2CCC[C@@H]2C(=O)N(C)[C@@H](C)C(=O)N1C,hepta_707,4284,-5.8,7,7,Circle,0.168028,0.049332,-28.1645,9.628,8.439,1.189,0.161772,0.0418526,9.89,8.606,1.284,97,32,train,test,train,train,train,train,test,test,train,test,,train,0.1,-0.800338
4275,2020_Townsend,CC(C)C[C@@H]1NC(=O)[C@H](C)N(C)C(=O)[C@H]2CCCN2C(=O)[C@H](Cc2ccccc2)NC(=O)CN(Cc2ccccc2)C(=O)[C@H]2CCCN2C(=O)CN(Cc2ccccc2)C1=O,hepta_698,4275,-5.43,7,7,Circle,0.197319,0.0812571,-45.8953,9.59,8.3,1.29,0.142792,0.052667,9.075,8.044,1.031,40,34,test,test,train,train,train,train,test,train,train,train,,test,0.2850000000000001,0.06521405
4265,2020_Townsend,CC(C)C[C@H]1C(=O)N(Cc2ccccc2)CC(=O)N2CCC[C@@H]2C(=O)N(C)[C@H](CC(C)C)C(=O)N[C@@H](Cc2ccccc2)C(=O)N2CCC[C@@H]2C(=O)N(C)[C@@H](C)C(=O)N1C,hepta_688,4265,-10.0,7,7,Circle,0.141922,0.0396575,-25.393,9.356,8.196,1.16,0.104204,0.0350786,9.355,8.212,1.143,16,89,train,test,train,test,train,train,train,train,test,val,,train,-1.0,0.035278633
4255,2020_Townsend,CC(C)C[C@@H]1NC(=O)[C@H](C)N(C)C(=O)[C@H]2CCCN2C(=O)[C@H](Cc2ccccc2)NC(=O)CN(Cc2ccccc2)C(=O)[C@H]2CCCN2C(=O)[C@H](CC(C)C)N(C)C1=O,hepta_678,4255,-5.01,7,7,Circle,0.149993,0.05728,-39.7474,8.983,7.734,1.249,0.183786,0.0556062,9.152,8.05,1.102,92,30,train,test,train,train,train,train,train,train,test,train,,train,0.4950000000000001,0.41481447
4247,2020_Townsend,CC(C)C[C@H]1C(=O)N2CCC[C@@H]2C(=O)N(Cc2ccccc2)CC(=O)N[C@@H](Cc2ccccc2)C(=O)N2CCC[C@@H]2C(=O)N(C)[C@@H](C)C(=O)N[C@H](CC(C)C)C(=O)N1C,hepta_670,4247,-5.48,7,7,Circle,0.152277,0.0465462,-34.5042,9.137,7.828,1.309,0.136381,0.0436038,9.29,8.088,1.202,45,39,train,test,train,train,train,train,test,train,train,train,,train,0.2599999999999998,0.21382774
4239,2020_Townsend,CC(C)C[C@H]1NC(=O)[C@H](C)N(C)C(=O)[C@H]2CCCN2C(=O)[C@H](Cc2ccccc2)NC(=O)[C@@H](CC(C)C)N(C)C(=O)[C@H]2CCCN2C(=O)CN(Cc2ccccc2)C1=O,hepta_662,4239,-5.39,7,7,Circle,0.172538,0.070753,-36.6348,9.676,8.429,1.247,0.144477,0.0528558,9.382,8.243,1.139,7,30,val,test,train,train,train,train,train,train,train,train,,val,0.3050000000000001,0.12570073
4236,2020_Townsend,CC(C)C[C@H]1NC(=O)[C@H]2CCCN2C(=O)[C@@H](CC(C)C)N(C)C(=O)CN(Cc2ccccc2)C(=O)[C@H](C)N(C)C(=O)[C@H]2CCCN2C(=O)[C@H](Cc2ccccc2)NC1=O,hepta_659,4236,-5.35,7,7,Circle,0.112047,0.042466,-36.5738,9.152,7.847,1.305,0.147449,0.0613616,9.117,7.979,1.138,84,61,train,test,train,val,train,train,val,val,test,train,,train,0.3250000000000002,0.2935003
4209,2020_Townsend,CC(C)C[C@H]1C(=O)N[C@@H](Cc2ccccc2)C(=O)N2CCC[C@@H]2C(=O)N(C)[C@@H](C)C(=O)N(C)[C@H](CC(C)C)C(=O)N[C@H](CC(C)C)C(=O)N2CCC[C@@H]2C(=O)N1C,hepta_632,4209,-5.52,7,7,Circle,0.174441,0.0674475,-22.3128,9.345,8.291,1.054,0.119701,0.0429138,9.186,8.235,0.951,76,85,train,test,val,train,train,train,train,train,train,train,,train,0.2400000000000002,0.32201862
4201,2020_Townsend,CC(C)C[C@@H]1NC(=O)[C@@H](CC(C)C)NC(=O)[C@H](C)N(C)C(=O)[C@H]2CCCN2C(=O)[C@H](Cc2ccccc2)NC(=O)[C@H](CC(C)C)N(C)C(=O)[C@H]2CCCN2C1=O,hepta_624,4201,-5.0,7,7,Circle,0.126493,0.0514997,-27.4757,9.025,7.831,1.194,0.108551,0.0397205,9.064,8.071,0.993,77,35,train,test,test,train,train,val,train,train,test,train,,train,0.5,0.33530718
4190,2020_Townsend,CC(C)C[C@H]1C(=O)N[C@@H](Cc2ccccc2)C(=O)N2CCC[C@@H]2C(=O)N(C)[C@@H](C)C(=O)N[C@H](CC(C)C)C(=O)N[C@H](CC(C)C)C(=O)N2CCC[C@@H]2C(=O)N1C,hepta_613,4190,-5.96,7,7,Circle,0.121657,0.0580924,-34.4039,9.351,8.018,1.333,0.105483,0.0374291,8.852,7.827,1.025,87,88,train,test,train,test,train,test,test,train,train,train,,train,0.02,0.14707707
4186,2020_Townsend,CC(C)C[C@@H]1NC(=O)[C@H]2CCCN2C(=O)[C@H](CC(C)C)NC(=O)[C@@H](CC(C)C)NC(=O)[C@H](C)N(C)C(=O)[C@H]2CCCN2C(=O)[C@H](Cc2ccccc2)NC1=O,hepta_609,4186,-6.31,7,7,Circle,0.128918,0.0513985,-44.3688,9.007,7.721,1.286,0.192476,0.082354,8.916,7.667,1.249,4,48,train,test,train,train,train,train,train,train,train,train,,train,-0.1549999999999998,-0.8234659
4184,2020_Townsend,CC(C)C[C@@H]1NC(=O)[C@H](C)N(C)C(=O)[C@H]2CCCN2C(=O)[C@H](Cc2ccccc2)NC(=O)[C@@H](CC(C)C)NC(=O)[C@H]2CCCN2C(=O)[C@@H](CC(C)C)NC1=O,hepta_607,4184,-6.35,7,7,Circle,0.200516,0.0862973,-25.7232,9.058,7.655,1.403,0.120968,0.0496681,8.73,7.58,1.15,24,41,val,test,train,val,train,train,train,train,train,train,,val,-0.1749999999999998,-0.5330916
4164,2020_Townsend,CC(C)C[C@H]1C(=O)N[C@@H](Cc2ccccc2)C(=O)N2CCC[C@@H]2C(=O)N(C)[C@H](C)C(=O)N(C)[C@H](CC(C)C)C(=O)N(Cc2ccccc2)CC(=O)N2CCC[C@H]2C(=O)N1C,hepta_587,4164,-5.42,7,7,Circle,0.152143,0.0518023,-24.9946,9.322,8.434,0.888,0.14171,0.0397726,9.251,8.264,0.987,24,75,train,test,train,train,train,train,train,train,train,test,,train,0.29,0.44613492
4151,2020_Townsend,CC(C)C[C@@H]1NC(=O)CN(Cc2ccccc2)C(=O)[C@@H](C)N(C)C(=O)[C@H]2CCCN2C(=O)[C@H](Cc2ccccc2)NC(=O)[C@@H](CC(C)C)N(C)C(=O)[C@@H]2CCCN2C1=O,hepta_574,4151,-5.17,7,7,Circle,0.158621,0.0485073,-32.5199,9.649,8.569,1.08,0.13385,0.0559904,8.998,8.148,0.85,36,23,val,test,train,train,train,train,train,train,train,val,,val,0.415,0.46944135
4131,2020_Townsend,CC(C)C[C@@H]1NC(=O)[C@@H](C)N(C)C(=O)[C@H]2CCCN2C(=O)[C@H](Cc2ccccc2)NC(=O)CN(Cc2ccccc2)C(=O)[C@@H]2CCCN2C(=O)[C@@H](CC(C)C)NC1=O,hepta_554,4131,-5.67,7,7,Circle,0.145341,0.0337762,-17.2428,8.701,7.752,0.949,0.134842,0.0423311,8.86,7.726,1.134,55,34,val,test,train,val,train,train,train,train,train,train,,val,0.165,0.13652365
4116,2020_Townsend,CC(C)C[C@H]1C(=O)N(C)[C@H](CC(C)C)C(=O)N2CCC[C@H]2C(=O)N[C@H](CC(C)C)C(=O)N[C@@H](Cc2ccccc2)C(=O)N2CCC[C@@H]2C(=O)N(C)[C@H](C)C(=O)N1C,hepta_539,4116,-5.79,7,7,Circle,0.109311,0.0424823,-26.0065,8.919,8.055,0.864,0.139827,0.0517331,9.171,8.001,1.17,12,65,train,test,train,train,val,train,train,train,train,train,,train,0.1049999999999999,-0.43731612
4113,2020_Townsend,CC(C)C[C@H]1NC(=O)[C@@H](C)N(C)C(=O)[C@H]2CCCN2C(=O)[C@H](Cc2ccccc2)NC(=O)[C@@H](CC(C)C)N(C)C(=O)[C@@H]2CCCN2C(=O)[C@@H](CC(C)C)N(C)C1=O,hepta_536,4113,-5.05,7,7,Circle,0.183025,0.0692198,-30.6972,9.68,8.41,1.27,0.245376,0.115351,9.145,8.011,1.134,27,13,test,test,train,train,val,train,train,train,train,train,,test,0.4750000000000001,0.36643714
4104,2020_Townsend,CC(C)C[C@@H]1NC(=O)[C@H](CC(C)C)N(C)C(=O)[C@@H](C)N(C)C(=O)[C@H]2CCCN2C(=O)[C@H](Cc2ccccc2)NC(=O)[C@@H](CC(C)C)NC(=O)[C@@H]2CCCN2C1=O,hepta_527,4104,-6.33,7,7,Circle,0.206646,0.09632,-31.6449,9.311,8.144,1.167,0.0952622,0.0328417,8.582,7.681,0.901,54,73,test,test,train,train,train,train,test,train,val,train,,test,-0.165,-0.22043002
4094,2020_Townsend,CC(C)C[C@@H]1NC(=O)[C@@H](C)N(C)C(=O)[C@H]2CCCN2C(=O)[C@H](Cc2ccccc2)NC(=O)[C@@H](CC(C)C)NC(=O)[C@@H]2CCCN2C(=O)[C@H](CC(C)C)NC1=O,hepta_517,4094,-5.83,7,7,Circle,0.13249,0.0448069,-22.8318,8.622,7.549,1.073,0.194158,0.0735831,8.735,7.652,1.083,15,45,test,test,val,train,train,train,train,train,train,train,,test,0.0849999999999999,-0.66567427
4078,2020_Townsend,CC(C)C[C@@H]1NC(=O)[C@@H]2CCCN2C(=O)CN(Cc2ccccc2)C(=O)CN(Cc2ccccc2)C(=O)[C@H](C)N(C)C(=O)[C@H]2CCCN2C(=O)[C@H](Cc2ccccc2)NC1=O,hepta_501,4078,-10.0,7,7,Circle,0.129443,0.0436834,-40.6686,8.99,7.636,1.354,0.161659,0.0457042,8.581,7.431,1.15,84,66,train,test,train,train,test,train,test,train,test,train,,train,-1.0,-0.66452974
4072,2020_Townsend,CC(C)C[C@H]1NC(=O)[C@H](C)N(C)C(=O)[C@H]2CCCN2C(=O)[C@H](Cc2ccccc2)NC(=O)CN(Cc2ccccc2)C(=O)[C@@H]2CCCN2C(=O)CN(Cc2ccccc2)C1=O,hepta_495,4072,-5.87,7,7,Circle,0.209684,0.0945821,-36.6085,9.163,7.898,1.265,0.148693,0.0698901,9.072,8.104,0.968,45,42,train,test,train,train,test,train,train,train,train,val,,train,0.0649999999999999,-0.07659039
4058,2020_Townsend,CC(C)C[C@@H]1NC(=O)[C@H](C)N(C)C(=O)[C@H]2CCCN2C(=O)[C@H](Cc2ccccc2)NC(=O)[C@H](CC(C)C)N(C)C(=O)[C@@H]2CCCN2C(=O)CN(Cc2ccccc2)C1=O,hepta_481,4058,-4.97,7,7,Circle,0.145835,0.0527189,-44.5858,9.667,8.329,1.338,0.111914,0.0442942,8.789,7.876,0.913,94,3,train,test,train,train,train,train,train,train,train,train,,train,0.5150000000000001,0.12315692
4025,2020_Townsend,CC(C)C[C@@H]1NC(=O)[C@@H]2CCCN2C(=O)[C@@H](CC(C)C)NC(=O)CN(Cc2ccccc2)C(=O)[C@H](C)N(C)C(=O)[C@H]2CCCN2C(=O)[C@H](Cc2ccccc2)NC1=O,hepta_448,4025,-6.36,7,7,Circle,0.153611,0.0525231,-30.4657,9.012,7.654,1.358,0.140592,0.06147,8.914,7.716,1.198,51,91,train,test,train,train,train,val,train,train,test,train,,train,-0.1800000000000001,0.036303803
3996,2020_Townsend,CC(C)C[C@@H]1NC(=O)[C@H](C)N(C)C(=O)[C@H]2CCCN2C(=O)[C@H](Cc2ccccc2)NC(=O)[C@@H](CC(C)C)NC(=O)[C@@H]2CCCN2C(=O)[C@@H](CC(C)C)N(C)C1=O,hepta_419,3996,-5.35,7,7,Circle,0.172407,0.0657952,-33.6883,9.313,8.041,1.272,0.140702,0.0668842,8.979,7.761,1.218,26,70,train,test,train,train,train,train,test,train,train,train,,train,0.3250000000000002,0.3112175
3994,2020_Townsend,CC(C)C[C@@H]1NC(=O)[C@@H](CC(C)C)N(C)C(=O)[C@H](C)N(C)C(=O)[C@H]2CCCN2C(=O)[C@H](Cc2ccccc2)NC(=O)[C@@H](CC(C)C)NC(=O)[C@@H]2CCCN2C1=O,hepta_417,3994,-5.5,7,7,Circle,0.14367,0.0468295,-16.2922,8.752,7.605,1.147,0.119301,0.0389463,8.839,7.706,1.133,21,20,train,test,train,train,train,train,train,train,train,train,,train,0.25,0.055015907
3968,2020_Townsend,CC(C)C[C@@H]1NC(=O)[C@@H](C)NC(=O)[C@H]2CCCN2C(=O)[C@H](Cc2ccccc2)NC(=O)[C@H](CC(C)C)N(C)C(=O)[C@H]2CCCN2C(=O)C[C@H](Cc2ccccc2)NC1=O,hepta_391,3968,-10.0,7,7,Circle,0.157389,0.0611752,-21.1753,8.932,7.806,1.126,0.145692,0.0457671,9.133,8.058,1.075,77,28,val,test,train,train,train,test,train,val,test,train,,val,-1.0,0.050420135
3966,2020_Townsend,CC(C)C[C@H]1NC(=O)[C@@H](C)NC(=O)[C@H]2CCCN2C(=O)[C@H](Cc2ccccc2)NC(=O)CN(Cc2ccccc2)C(=O)[C@H]2CCCN2C(=O)CN(Cc2ccccc2)C1=O,hepta_389,3966,-6.38,7,7,Circle,0.177005,0.0601853,-47.206,9.194,7.861,1.333,0.144571,0.0515019,8.738,7.591,1.147,39,53,train,test,train,train,train,train,test,train,train,test,,train,-0.1899999999999999,-0.12061121
3957,2020_Townsend,CC(C)C[C@H]1NC(=O)[C@@H](C)NC(=O)[C@H]2CCCN2C(=O)[C@H](Cc2ccccc2)NC(=O)[C@@H](CC(C)C)N(C)C(=O)[C@H]2CCCN2C(=O)C[C@H](Cc2ccccc2)NC1=O,hepta_380,3957,-6.05,7,7,Circle,0.171642,0.0626654,-29.3023,9.25,7.98,1.27,0.139775,0.0496196,8.664,7.565,1.099,74,100,train,test,train,train,train,train,test,train,test,train,,train,-0.0249999999999999,-0.28686464
3953,2020_Townsend,CC(C)C[C@@H]1NC(=O)[C@@H](C)NC(=O)[C@H]2CCCN2C(=O)[C@H](Cc2ccccc2)NC(=O)[C@H](CC(C)C)N(C)C(=O)[C@H]2CCCN2C(=O)CN(Cc2ccccc2)C1=O,hepta_376,3953,-6.12,7,7,Circle,0.137259,0.0473058,-40.3827,9.088,7.837,1.251,0.154263,0.0557309,8.588,7.503,1.085,85,79,train,test,train,train,train,train,train,train,train,train,,train,-0.06,0.27485782
3952,2020_Townsend,CC(C)C[C@@H]1NC(=O)[C@@H](C)NC(=O)[C@H]2CCCN2C(=O)[C@H](Cc2ccccc2)NC(=O)CN(Cc2ccccc2)C(=O)[C@H]2CCCN2C(=O)[C@H](CC(C)C)N(C)C1=O,hepta_375,3952,-10.0,7,7,Circle,0.178319,0.0644713,-32.7684,9.184,7.928,1.256,0.122454,0.039916,8.864,7.609,1.255,32,44,train,test,train,train,train,train,train,train,val,train,,train,-1.0,0.36014158
3949,2020_Townsend,CC(C)C[C@H]1C(=O)N2CCC[C@@H]2C(=O)N(C)[C@@H](CC(C)C)C(=O)N[C@@H](Cc2ccccc2)C(=O)N2CCC[C@@H]2C(=O)N[C@H](C)C(=O)N(C)[C@@H](CC(C)C)C(=O)N1C,hepta_372,3949,-5.34,7,7,Circle,0.122726,0.044794,-32.7703,9.248,7.92,1.328,0.101179,0.0457746,8.77,7.744,1.026,67,51,train,test,train,train,train,train,train,train,test,train,,train,0.33,0.21919043
3926,2020_Townsend,CC(C)C[C@@H]1NC(=O)[C@@H](C)NC(=O)[C@H]2CCCN2C(=O)[C@H](Cc2ccccc2)NC(=O)[C@H](CC(C)C)N(C)C(=O)[C@H]2CCCN2C(=O)[C@@H](CC(C)C)N(C)C1=O,hepta_349,3926,-5.76,7,7,Circle,0.10956,0.0331108,-27.8788,9.061,7.69,1.371,0.129958,0.0477452,8.916,7.651,1.265,20,37,train,test,train,train,test,val,val,train,test,test,,train,0.1200000000000001,0.45110387
3923,2020_Townsend,CC(C)C[C@@H]1NC(=O)[C@H](CC(C)C)N(C)C(=O)[C@@H](C)NC(=O)[C@H]2CCCN2C(=O)[C@H](Cc2ccccc2)NC(=O)[C@@H](CC(C)C)N(C)C(=O)[C@H]2CCCN2C1=O,hepta_346,3923,-5.38,7,7,Circle,0.151878,0.0581676,-29.1279,9.201,7.89,1.311,0.119283,0.043907,8.752,7.643,1.109,40,8,val,test,train,test,test,train,train,train,train,train,,val,0.31,0.35607105
3903,2020_Townsend,CC(C)C[C@@H]1NC(=O)[C@H]2CCCN2C(=O)[C@@H](CC(C)C)NC(=O)[C@H](CC(C)C)N(C)C(=O)[C@@H](C)NC(=O)[C@H]2CCCN2C(=O)[C@H](Cc2ccccc2)NC1=O,hepta_326,3903,-4.0,7,7,Circle,0.153971,0.0668515,-37.3142,9.47,8.063,1.407,0.262412,0.121527,8.651,7.451,1.2,82,31,train,test,train,train,train,val,train,train,test,train,,train,1.0,-0.20664966
3897,2020_Townsend,CC(C)C[C@H]1NC(=O)[C@@H](C)NC(=O)[C@H]2CCCN2C(=O)[C@H](Cc2ccccc2)NC(=O)[C@@H](CC(C)C)N(C)C(=O)[C@H]2CCCN2C(=O)[C@@H](CC(C)C)NC1=O,hepta_320,3897,-5.83,7,7,Circle,0.127445,0.0432689,-33.3971,9.109,7.801,1.308,0.102408,0.0481126,8.973,7.725,1.248,56,42,train,test,test,val,train,train,train,train,test,train,,train,0.0849999999999999,-0.22589812
3890,2020_Townsend,CC(C)C[C@@H]1NC(=O)[C@@H](CC(C)C)NC(=O)[C@@H](C)NC(=O)[C@H]2CCCN2C(=O)[C@H](Cc2ccccc2)NC(=O)[C@@H](CC(C)C)NC(=O)[C@H]2CCCN2C1=O,hepta_313,3890,-6.07,7,7,Circle,0.155941,0.059959,-34.8407,9.017,7.643,1.374,0.111297,0.0382471,8.541,7.275,1.266,99,3,train,test,test,train,train,test,train,train,val,train,,train,-0.0350000000000001,-0.10706763
3887,2020_Townsend,CC(C)C[C@H]1NC(=O)[C@@H](C)NC(=O)[C@H]2CCCN2C(=O)[C@H](Cc2ccccc2)NC(=O)[C@@H](CC(C)C)NC(=O)[C@H]2CCCN2C(=O)[C@@H](CC(C)C)NC1=O,hepta_310,3887,-6.79,7,7,Circle,0.137208,0.0418729,-35.7222,8.845,7.376,1.469,0.150744,0.0535691,8.573,7.358,1.215,22,85,train,test,train,train,train,test,train,val,train,train,,train,-0.395,-0.4534284
3879,2020_Townsend,CC(C)C[C@@H]1NC(=O)[C@H]2CCCN2C(=O)CN(Cc2ccccc2)C(=O)CN(Cc2ccccc2)C(=O)[C@H](C)NC(=O)[C@H]2CCCN2C(=O)[C@H](Cc2ccccc2)NC1=O,hepta_302,3879,-6.76,7,7,Circle,0.13976,0.0427215,-37.1758,8.871,7.543,1.328,0.167091,0.0441053,8.857,7.636,1.221,46,85,train,test,train,train,train,train,train,test,train,train,,train,-0.3799999999999999,-0.2553683
3874,2020_Townsend,CC(C)C[C@H]1C(=O)N2CCC[C@@H]2C(=O)N(Cc2ccccc2)CC(=O)N[C@@H](Cc2ccccc2)C(=O)N2CCC[C@@H]2C(=O)N[C@@H](C)C(=O)N(C)[C@H](CC(C)C)C(=O)N1C,hepta_297,3874,-5.34,7,7,Circle,0.156429,0.0356162,-29.1299,9.747,8.474,1.273,0.145742,0.0485952,9.494,8.23,1.264,31,14,train,test,train,train,train,test,train,train,train,train,,train,0.33,-0.3098507
3873,2020_Townsend,CC(C)C[C@H]1C(=O)N(Cc2ccccc2)CC(=O)N2CCC[C@@H]2C(=O)N(C)[C@H](CC(C)C)C(=O)N[C@@H](Cc2ccccc2)C(=O)N2CCC[C@@H]2C(=O)N[C@@H](C)C(=O)N1C,hepta_296,3873,-6.43,7,7,Circle,0.145923,0.0405743,-28.0539,9.208,7.968,1.24,0.115812,0.037257,9.323,8.074,1.249,91,23,val,test,train,train,train,train,test,val,train,train,,val,-0.2149999999999998,-0.108549014
3871,2020_Townsend,CC(C)C[C@@H]1NC(=O)[C@H](C)NC(=O)[C@H]2CCCN2C(=O)[C@H](Cc2ccccc2)NC(=O)[C@H](CC(C)C)N(C)C(=O)[C@H]2CCCN2C(=O)CN(Cc2ccccc2)C1=O,hepta_294,3871,-6.12,7,7,Circle,0.14392,0.0416456,-32.1492,9.014,7.817,1.197,0.14274,0.0447111,8.506,7.446,1.06,49,29,train,test,train,val,train,val,train,train,train,train,,train,-0.06,0.08109704
3867,2020_Townsend,CC(C)C[C@H]1C(=O)N(Cc2ccccc2)CC(=O)N2CCC[C@@H]2C(=O)N[C@H](CC(C)C)C(=O)N[C@@H](Cc2ccccc2)C(=O)N2CCC[C@@H]2C(=O)N[C@@H](C)C(=O)N1C,hepta_290,3867,-6.15,7,7,Circle,0.148926,0.0401366,-34.6708,9.223,7.851,1.372,0.144061,0.0457405,8.723,7.62,1.103,99,70,train,test,train,val,train,train,train,train,train,train,,train,-0.0750000000000001,-0.55076885
3864,2020_Townsend,CC(C)C[C@H]1C(=O)N2CCC[C@@H]2C(=O)N(C)[C@@H](CC(C)C)C(=O)N[C@@H](Cc2ccccc2)C(=O)N2CCC[C@@H]2C(=O)N[C@@H](C)C(=O)N(C)[C@H](CC(C)C)C(=O)N1C,hepta_287,3864,-4.93,7,7,Circle,0.192193,0.0959662,-28.288,9.206,8.017,1.189,0.102885,0.0404971,8.926,8.005,0.921,11,69,train,test,train,train,test,train,train,val,train,train,,train,0.5350000000000001,0.55827194
3826,2020_Townsend,CC(C)C[C@H]1C(=O)N[C@@H](Cc2ccccc2)C(=O)N2CCC[C@@H]2C(=O)N[C@@H](C)C(=O)N[C@H](CC(C)C)C(=O)N[C@H](CC(C)C)C(=O)N2CCC[C@@H]2C(=O)N1C,hepta_249,3826,-6.54,7,7,Circle,0.135772,0.0561662,-37.7944,9.187,7.77,1.417,0.152325,0.0502457,8.578,7.433,1.145,92,43,train,test,train,test,train,test,train,val,train,train,,train,-0.27,-0.06528932
3823,2020_Townsend,CC(C)C[C@H]1NC(=O)[C@H]2CCCN2C(=O)[C@@H](CC(C)C)NC(=O)[C@@H](CC(C)C)N(C)C(=O)[C@H](C)NC(=O)[C@H]2CCCN2C(=O)[C@H](Cc2ccccc2)NC1=O,hepta_246,3823,-5.93,7,7,Circle,0.166604,0.0594527,-25.8333,8.988,7.74,1.248,0.147869,0.0468558,8.843,7.707,1.136,61,50,train,test,test,train,val,train,train,train,train,train,,train,0.0350000000000001,0.1005757
3813,2020_Townsend,C[C@H]1NC(=O)[C@H]2CCCN2C(=O)[C@H](Cc2ccccc2)NC(=O)CN(Cc2ccccc2)C(=O)[C@@H]2CCCN2C(=O)CN(Cc2ccccc2)C(=O)CN(Cc2ccccc2)C1=O,hepta_236,3813,-6.19,7,7,Circle,0.21947,0.0806184,-46.5426,9.5,8.154,1.346,0.211928,0.116869,8.816,7.474,1.342,5,17,train,test,val,train,train,train,train,train,train,train,,train,-0.0950000000000002,-0.092648104
3807,2020_Townsend,CC(C)C[C@H]1C(=O)N[C@@H](Cc2ccccc2)CC(=O)N2CCC[C@H]2C(=O)N(C)[C@H](CC(C)C)C(=O)N[C@@H](Cc2ccccc2)C(=O)N2CCC[C@@H]2C(=O)N[C@H](C)C(=O)N1C,hepta_230,3807,-5.55,7,7,Circle,0.159966,0.0598301,-23.0405,9.024,7.621,1.403,0.156234,0.0529946,9.209,7.832,1.377,73,34,train,test,train,train,train,test,val,train,train,train,,train,0.2250000000000001,0.291089
3789,2020_Townsend,CC(C)C[C@H]1C(=O)N(Cc2ccccc2)CC(=O)N2CCC[C@H]2C(=O)N[C@H](CC(C)C)C(=O)N[C@@H](Cc2ccccc2)C(=O)N2CCC[C@@H]2C(=O)N[C@H](C)C(=O)N1C,hepta_212,3789,-5.26,7,7,Circle,0.20165,0.0883477,-35.077,9.003,7.703,1.3,0.165365,0.0697558,8.948,7.659,1.289,90,94,test,test,test,train,train,train,test,train,val,train,,test,0.3700000000000001,-0.09200621
3788,2020_Townsend,CC(C)C[C@@H]1NC(=O)[C@@H](C)NC(=O)[C@H]2CCCN2C(=O)[C@H](Cc2ccccc2)NC(=O)CN(Cc2ccccc2)C(=O)[C@@H]2CCCN2C(=O)[C@@H](CC(C)C)N(C)C1=O,hepta_211,3788,-5.72,7,7,Circle,0.205902,0.0745343,-35.3047,9.557,8.259,1.298,0.185378,0.0793223,9.221,7.851,1.37,41,49,train,test,train,val,train,train,val,train,train,train,,train,0.1400000000000001,-0.53108317
3768,2020_Townsend,CC(C)C[C@@H]1NC(=O)[C@@H](C)NC(=O)[C@H]2CCCN2C(=O)[C@H](Cc2ccccc2)NC(=O)CN(Cc2ccccc2)C(=O)[C@@H]2CCCN2C(=O)[C@@H](CC(C)C)NC1=O,hepta_191,3768,-6.25,7,7,Circle,0.155356,0.0542813,-29.3828,8.644,7.396,1.248,0.108409,0.0348027,8.904,7.818,1.086,10,90,train,test,train,train,train,train,train,train,train,train,,train,-0.125,-0.08237239
3759,2020_Townsend,CC(C)C[C@@H]1NC(=O)[C@@H]2CCCN2C(=O)[C@@H](CC(C)C)N(C)C(=O)[C@H](CC(C)C)N(C)C(=O)[C@@H](C)NC(=O)[C@H]2CCCN2C(=O)[C@H](Cc2ccccc2)NC1=O,hepta_182,3759,-5.87,7,7,Circle,0.127571,0.0401947,-26.8864,9.067,7.754,1.313,0.134633,0.0639452,9.045,7.742,1.303,2,68,train,test,train,val,train,val,train,train,test,train,,train,0.0649999999999999,0.32313251
3758,2020_Townsend,CC(C)C[C@@H]1NC(=O)[C@@H](C)NC(=O)[C@H]2CCCN2C(=O)[C@H](Cc2ccccc2)NC(=O)[C@@H](CC(C)C)N(C)C(=O)[C@@H]2CCCN2C(=O)[C@H](CC(C)C)N(C)C1=O,hepta_181,3758,-10.0,7,7,Circle,0.0973159,0.0416849,-33.017,9.145,7.772,1.373,0.0920982,0.0353332,8.707,7.74,0.967,66,9,train,test,train,train,train,train,val,val,val,train,,train,-1.0,-0.24699856
3756,2020_Townsend,CC(C)C[C@H]1NC(=O)[C@@H]2CCCN2C(=O)CN(Cc2ccccc2)C(=O)[C@@H](CC(C)C)NC(=O)[C@@H](C)NC(=O)[C@H]2CCCN2C(=O)[C@H](Cc2ccccc2)NC1=O,hepta_179,3756,-7.35,7,7,Circle,0.134798,0.0429713,-21.467,8.6,7.518,1.082,0.118043,0.0325988,8.519,7.485,1.034,16,17,train,test,train,train,train,test,train,val,train,train,,train,-0.6749999999999998,-0.40697527
3753,2020_Townsend,CC(C)C[C@@H]1NC(=O)[C@@H](CC(C)C)N(C)C(=O)[C@@H](C)NC(=O)[C@H]2CCCN2C(=O)[C@H](Cc2ccccc2)NC(=O)[C@@H](CC(C)C)N(C)C(=O)[C@@H]2CCCN2C1=O,hepta_176,3753,-5.18,7,7,Circle,0.153615,0.0557267,-26.389,9.328,8.147,1.181,0.104399,0.04821,8.778,7.703,1.075,31,73,train,test,train,train,train,train,train,train,train,train,,train,0.4100000000000001,0.391007
3745,2020_Townsend,CC(C)C[C@@H]1NC(=O)[C@@H]2CCCN2C(=O)[C@@H](CC(C)C)N(C)C(=O)[C@H](CC(C)C)NC(=O)[C@@H](C)NC(=O)[C@H]2CCCN2C(=O)[C@H](Cc2ccccc2)NC1=O,hepta_168,3745,-5.9,7,7,Circle,0.123458,0.0542881,-30.9831,9.35,7.897,1.453,0.118025,0.0331015,8.658,7.621,1.037,42,18,test,test,train,val,train,train,train,train,train,train,,test,0.0499999999999998,0.25616193
3734,2020_Townsend,CC(C)C[C@@H]1NC(=O)[C@@H]2CCCN2C(=O)[C@H](CC(C)C)NC(=O)[C@H](CC(C)C)NC(=O)[C@@H](C)NC(=O)[C@H]2CCCN2C(=O)[C@H](Cc2ccccc2)NC1=O,hepta_157,3734,-10.0,7,7,Circle,0.186437,0.0966544,-32.5927,8.798,7.366,1.432,0.120945,0.0400834,8.56,7.341,1.219,3,77,train,test,val,train,train,train,test,train,train,test,,train,-1.0,-0.3165518
3723,2020_Townsend,CC(C)C[C@H]1C(=O)N(Cc2ccccc2)CC(=O)N2CCC[C@H]2C(=O)N(Cc2ccccc2)CC(=O)N[C@@H](Cc2ccccc2)C(=O)N2CCC[C@@H]2C(=O)N[C@@H](C)C(=O)N1C,hepta_146,3723,-6.05,7,7,Circle,0.198912,0.0667131,-37.0692,9.614,8.362,1.252,0.148374,0.0460198,8.895,7.775,1.12,41,7,val,test,train,train,train,train,train,val,val,train,,val,-0.0249999999999999,-0.23321852
3696,2020_Townsend,CC(C)C[C@H]1NC(=O)[C@H](C)NC(=O)[C@H]2CCCN2C(=O)[C@H](Cc2ccccc2)NC(=O)[C@@H](CC(C)C)N(C)C(=O)[C@@H]2CCCN2C(=O)CN(Cc2ccccc2)C1=O,hepta_119,3696,-5.25,7,7,Circle,0.186287,0.0775753,-48.3644,9.409,8.068,1.341,0.141348,0.0347415,8.226,6.932,1.294,3,49,train,test,train,train,train,test,train,train,train,train,,train,0.375,0.14559232
3692,2020_Townsend,CC(C)C[C@H]1C(=O)N(C)[C@H](CC(C)C)C(=O)N2CCC[C@H]2C(=O)N(C)[C@H](CC(C)C)C(=O)N[C@@H](Cc2ccccc2)C(=O)N2CCC[C@@H]2C(=O)N[C@@H](C)C(=O)N1C,hepta_115,3692,-5.23,7,7,Circle,0.124066,0.0436724,-21.6504,9.193,7.792,1.401,0.123826,0.0407024,9.134,7.913,1.221,16,87,test,test,train,train,train,train,train,train,train,test,,test,0.3849999999999998,0.59352803
3665,2020_Townsend,CC(C)C[C@H]1C(=O)N[C@@H](Cc2ccccc2)C(=O)N2CCC[C@@H]2C(=O)N[C@@H](C)C(=O)N[C@H](CC(C)C)C(=O)N[C@H](CC(C)C)C(=O)N2CCC[C@H]2C(=O)N1C,hepta_88,3665,-6.29,7,7,Circle,0.156648,0.0502102,-24.107,8.758,7.576,1.182,0.084383,0.0376181,8.544,7.464,1.08,22,18,train,test,train,val,train,train,test,train,val,val,,train,-0.145,-0.17504933
3661,2020_Townsend,CC(C)C[C@H]1NC(=O)[C@H](C)NC(=O)[C@H]2CCCN2C(=O)[C@H](Cc2ccccc2)NC(=O)[C@@H](CC(C)C)N(C)C(=O)[C@@H]2CCCN2C(=O)[C@@H](CC(C)C)NC1=O,hepta_84,3661,-6.06,7,7,Circle,0.127586,0.0507288,-41.965,9.661,8.109,1.552,0.123538,0.0486456,8.935,7.734,1.201,31,67,train,test,train,test,train,train,train,train,train,train,,train,-0.0299999999999998,-0.058427326
3660,2020_Townsend,CC(C)C[C@H]1NC(=O)[C@@H]2CCCN2C(=O)[C@@H](CC(C)C)NC(=O)[C@@H](CC(C)C)N(C)C(=O)[C@H](C)NC(=O)[C@H]2CCCN2C(=O)[C@H](Cc2ccccc2)NC1=O,hepta_83,3660,-6.28,7,7,Circle,0.16562,0.0584224,-39.9114,9.617,8.029,1.588,0.125672,0.0522766,8.615,7.526,1.089,32,19,train,test,train,train,train,val,train,train,train,val,,train,-0.1400000000000001,-0.061920904
3656,2020_Townsend,CC(C)C[C@@H]1NC(=O)[C@@H]2CCCN2C(=O)[C@H](CC(C)C)NC(=O)[C@@H](CC(C)C)NC(=O)[C@H](C)NC(=O)[C@H]2CCCN2C(=O)[C@H](Cc2ccccc2)NC1=O,hepta_79,3656,-10.0,7,7,Circle,0.182908,0.0777466,-28.5638,8.961,7.61,1.351,0.148407,0.045969,8.464,7.304,1.16,80,23,train,test,train,train,val,train,train,train,train,train,,train,-1.0,-0.90909237
3654,2020_Townsend,CC(C)C[C@@H]1NC(=O)[C@@H]2CCCN2C(=O)[C@@H](CC(C)C)NC(=O)[C@@H](CC(C)C)NC(=O)[C@H](C)NC(=O)[C@H]2CCCN2C(=O)[C@H](Cc2ccccc2)NC1=O,hepta_77,3654,-10.0,7,7,Circle,0.11802,0.0431894,-24.9475,8.498,7.06,1.438,0.195739,0.0969993,8.558,7.183,1.375,79,33,train,test,train,train,train,train,train,train,train,train,,train,-1.0,-0.87466615
3628,2020_Townsend,CCCN1CC(=O)N[C@@H](CC(C)C)C(=O)N(C)[C@@H](CC(C)C)C(=O)N2CCC[C@H]2C(=O)N(Cc2ccccc2)CC(=O)N[C@@H](Cc2ccccc2)C(=O)N2CCC[C@@H]2C1=O,hepta_51,3628,-5.2,7,7,Circle,0.155993,0.0565461,-33.4502,9.108,7.839,1.269,0.108034,0.0490822,9.137,8.17,0.967,34,65,train,test,train,train,val,train,train,train,test,train,,train,0.3999999999999999,0.27062756
3592,2020_Townsend,CCCN1CC(=O)N[C@H](CC(C)C)C(=O)N[C@@H](CC(C)C)C(=O)N2CCC[C@H]2C(=O)N(C)[C@@H](CC(C)C)C(=O)N[C@@H](Cc2ccccc2)C(=O)N2CCC[C@@H]2C1=O,hepta_15,3592,-5.2,7,7,Circle,0.16765,0.0661918,-36.7823,9.747,8.372,1.375,0.12138,0.0330566,8.739,7.832,0.907,91,72,train,test,train,train,train,train,train,train,train,train,,train,0.3999999999999999,0.3594367
3590,2020_Townsend,CCCN1CC(=O)N[C@@H](CC(C)C)C(=O)N(C)[C@@H](CC(C)C)C(=O)N2CCC[C@H]2C(=O)N[C@H](CC(C)C)C(=O)N[C@@H](Cc2ccccc2)C(=O)N2CCC[C@@H]2C1=O,hepta_13,3590,-6.15,7,7,Circle,0.148846,0.0681032,-32.5124,9.396,8.058,1.338,0.132928,0.0457796,8.865,7.777,1.088,8,18,train,test,train,train,train,train,train,train,train,train,,train,-0.0750000000000001,0.124823436
3578,2020_Townsend,CCCN1CC(=O)N[C@H](CC(C)C)C(=O)N[C@@H](CC(C)C)C(=O)N2CCC[C@H]2C(=O)N[C@H](CC(C)C)C(=O)N[C@@H](Cc2ccccc2)C(=O)N2CCC[C@@H]2C1=O,hepta_1,3578,-6.26,7,7,Circle,0.233066,0.102856,-39.1887,9.592,8.185,1.407,0.196211,0.0713416,9.033,7.933,1.1,67,32,train,test,train,train,train,train,test,train,train,train,,train,-0.1299999999999999,-0.43821764
3572,2020_Townsend,CC(C)C[C@H]1C(=O)N[C@@H](Cc2ccccc2)CC(=O)N2CCC[C@@H]2C(=O)N(C)[C@@H](CC(C)C)C(=O)N[C@@H](Cc2ccccc2)C(=O)N(C)[C@H](C)C(=O)N1C,hexa_1058,3572,-5.19,6,6,Circle,0.179679,0.0439997,-29.9874,8.936,7.719,1.217,0.143988,0.0478454,8.836,7.92,0.916,4,76,train,test,train,train,train,train,val,train,train,train,,train,0.4049999999999998,0.25483334
3563,2020_Townsend,CC(C)C[C@H]1C(=O)N[C@@H](Cc2ccccc2)C(=O)N(C)[C@H](C)C(=O)N(C)[C@H](CC(C)C)C(=O)N(Cc2ccccc2)CC(=O)N2CCC[C@@H]2C(=O)N1C,hexa_1049,3563,-5.09,6,6,Circle,0.155173,0.0404257,-22.0726,8.563,7.531,1.032,0.116603,0.0282413,8.252,7.24,1.012,43,26,test,test,val,train,val,train,val,train,train,val,,test,0.455,0.54938287
3560,2020_Townsend,CC(C)C[C@@H]1NC(=O)[C@H](CC(C)C)N(C)C(=O)[C@@H](C)N(C)C(=O)[C@H](Cc2ccccc2)NC(=O)CN(Cc2ccccc2)C(=O)[C@H]2CCCN2C1=O,hexa_1046,3560,-5.22,6,6,Circle,0.217517,0.102677,-24.1156,8.421,7.388,1.033,0.125547,0.0398369,8.33,7.338,0.992,12,70,val,test,test,train,val,train,test,train,train,train,,val,0.3900000000000001,0.4141956
3555,2020_Townsend,CC(C)C[C@@H]1NC(=O)[C@@H](CC(C)C)N(C)C(=O)[C@@H](C)N(C)C(=O)[C@H](Cc2ccccc2)NC(=O)CN(Cc2ccccc2)C(=O)[C@H]2CCCN2C1=O,hexa_1041,3555,-5.55,6,6,Circle,0.154871,0.0369195,-22.173,8.54,7.412,1.128,0.203722,0.0749939,8.378,7.419,0.959,93,85,train,test,train,train,train,train,train,train,train,train,,train,0.2250000000000001,0.5257785
3539,2020_Townsend,CC(C)C[C@@H]1NC(=O)[C@H]2CCCN2C(=O)CN(Cc2ccccc2)C(=O)[C@H](CC(C)C)NC(=O)[C@@H](C)N(C)C(=O)[C@H](Cc2ccccc2)NC1=O,hexa_1025,3539,-6.46,6,6,Circle,0.189839,0.0712931,-33.4518,8.583,7.282,1.301,0.12339,0.0303283,8.111,7.205,0.906,41,58,train,test,train,train,train,train,test,train,train,train,,train,-0.2299999999999999,0.23656602
3537,2020_Townsend,CC(C)C[C@@H]1NC(=O)[C@@H](C)N(C)C(=O)[C@H](Cc2ccccc2)NC(=O)[C@H](CC(C)C)N(C)C(=O)[C@H]2CCCN2C(=O)[C@H](CC(C)C)N(C)C1=O,hexa_1023,3537,-4.87,6,6,Circle,0.135933,0.0486409,-21.1719,8.455,7.39,1.065,0.100491,0.0415242,8.368,7.369,0.999,66,97,test,test,train,train,train,train,test,test,train,train,,test,0.565,0.7966538
3536,2020_Townsend,CC(C)C[C@@H]1NC(=O)[C@H]2CCCN2C(=O)[C@H](CC(C)C)N(C)C(=O)[C@H](CC(C)C)N(C)C(=O)[C@@H](C)N(C)C(=O)[C@H](Cc2ccccc2)NC1=O,hexa_1022,3536,-5.47,6,6,Circle,0.178001,0.0710271,-18.4168,8.463,7.329,1.134,0.122696,0.0327411,8.454,7.597,0.857,49,9,train,test,train,test,train,train,train,train,train,train,,train,0.2650000000000001,0.17989476
3534,2020_Townsend,CC(C)C[C@@H]1NC(=O)[C@@H](CC(C)C)NC(=O)[C@@H](C)N(C)C(=O)[C@H](Cc2ccccc2)NC(=O)CN(Cc2ccccc2)C(=O)[C@H]2CCCN2C1=O,hexa_1020,3534,-5.28,6,6,Circle,0.161189,0.0497083,-28.3495,8.424,7.22,1.204,0.160131,0.0456131,8.399,7.247,1.152,9,71,val,test,val,train,test,test,train,train,train,train,,val,0.3599999999999999,0.31381738
3511,2020_Townsend,CC(C)C[C@@H]1NC(=O)[C@@H](C)N(C)C(=O)[C@H](Cc2ccccc2)NC(=O)[C@@H](CC(C)C)N(C)C(=O)[C@H]2CCCN2C(=O)[C@H](CC(C)C)NC1=O,hexa_997,3511,-5.46,6,6,Circle,0.161484,0.0526327,-19.5419,8.268,7.238,1.03,0.100498,0.0295317,8.419,7.379,1.04,82,7,train,test,train,test,train,train,test,train,train,train,,train,0.27,0.30909425
3502,2020_Townsend,CC(C)C[C@H]1C(=O)N[C@@H](Cc2ccccc2)C(=O)N(C)[C@H](C)C(=O)N[C@H](CC(C)C)C(=O)N[C@H](CC(C)C)C(=O)N2CCC[C@@H]2C(=O)N1C,hexa_988,3502,-5.76,6,6,Circle,0.126568,0.0582991,-25.7054,8.343,7.192,1.151,0.134669,0.0391639,8.18,7.111,1.069,82,6,train,test,train,test,train,train,test,train,train,train,,train,0.1200000000000001,0.056572333
3491,2020_Townsend,CC(C)C[C@H]1NC(=O)[C@@H](C)N(C)C(=O)[C@H](Cc2ccccc2)NC(=O)[C@@H](CC(C)C)NC(=O)[C@H]2CCCN2C(=O)[C@@H](CC(C)C)NC1=O,hexa_977,3491,-5.23,6,6,Circle,0.157556,0.0672631,-27.3054,8.177,6.953,1.224,0.10866,0.0309455,7.965,6.827,1.138,16,35,train,test,train,train,train,train,train,train,train,train,,train,0.3849999999999998,0.041944504
3481,2020_Townsend,CC(C)C[C@@H]1C(=O)N[C@@H](Cc2ccccc2)CC(=O)N2CCC[C@@H]2C(=O)N(C)[C@H](CC(C)C)C(=O)N[C@@H](Cc2ccccc2)C(=O)N(C)[C@@H](C)C(=O)N1C,hexa_967,3481,-5.19,6,6,Circle,0.199635,0.0699323,-24.4068,8.718,7.703,1.015,0.162255,0.0688831,8.793,7.75,1.043,38,7,train,test,train,val,train,train,train,train,train,train,,train,0.4049999999999998,-0.33731806
3468,2020_Townsend,CC(C)C[C@@H]1NC(=O)[C@H](CC(C)C)N(C)C(=O)[C@H](C)N(C)C(=O)[C@H](Cc2ccccc2)NC(=O)CN(Cc2ccccc2)C(=O)[C@H]2CCCN2C1=O,hexa_954,3468,-5.23,6,6,Circle,0.150868,0.0481044,-22.1564,8.311,7.309,1.002,0.112178,0.0311912,8.382,7.391,0.991,60,77,val,test,val,train,train,train,train,train,train,train,,val,0.3849999999999998,0.12586685
3454,2020_Townsend,CC(C)C[C@H]1C(=O)N2CCC[C@@H]2C(=O)N(C)[C@H](CC(C)C)C(=O)N[C@@H](Cc2ccccc2)C(=O)N(C)[C@@H](C)C(=O)N(C)[C@H](CC(C)C)C(=O)N1C,hexa_940,3454,-5.02,6,6,Circle,0.141328,0.0353549,-18.9688,8.457,7.263,1.194,0.117791,0.0394204,8.357,7.275,1.082,100,100,train,test,train,val,train,train,val,train,train,val,,train,0.4900000000000002,0.62105876
3451,2020_Townsend,CC(C)C[C@@H]1NC(=O)[C@H]2CCCN2C(=O)[C@H](CC(C)C)NC(=O)CN(Cc2ccccc2)C(=O)[C@H](C)N(C)C(=O)[C@H](Cc2ccccc2)NC1=O,hexa_937,3451,-5.22,6,6,Circle,0.168627,0.0590061,-26.9157,8.312,7.36,0.952,0.136252,0.029453,8.305,7.44,0.865,59,6,train,test,test,train,train,val,val,train,train,train,,train,0.3900000000000001,0.27905977
3448,2020_Townsend,CC(C)C[C@@H]1NC(=O)[C@@H](CC(C)C)NC(=O)[C@H](C)N(C)C(=O)[C@H](Cc2ccccc2)NC(=O)CN(Cc2ccccc2)C(=O)[C@H]2CCCN2C1=O,hexa_934,3448,-5.79,6,6,Circle,0.126594,0.0518441,-32.8034,8.297,6.975,1.322,0.12515,0.0474654,8.341,7.257,1.084,79,28,train,test,val,train,train,test,train,train,train,train,,train,0.1049999999999999,0.22114159
3435,2020_Townsend,CC(C)C[C@@H]1NC(=O)[C@H]2CCCN2C(=O)[C@H](CC(C)C)N(C)C(=O)[C@H](CC(C)C)NC(=O)[C@H](C)N(C)C(=O)[C@H](Cc2ccccc2)NC1=O,hexa_921,3435,-5.04,6,6,Circle,0.14845,0.0494863,-38.5814,8.403,7.101,1.302,0.141374,0.045777,8.225,7.042,1.183,50,20,train,test,train,val,test,train,train,train,train,test,,train,0.48,0.39844006
3426,2020_Townsend,CC(C)C[C@H]1C(=O)N2CCC[C@@H]2C(=O)N[C@H](CC(C)C)C(=O)N[C@@H](Cc2ccccc2)C(=O)N(C)[C@@H](C)C(=O)N[C@H](CC(C)C)C(=O)N1C,hexa_912,3426,-5.05,6,6,Circle,0.15753,0.047392,-20.5999,8.177,7.038,1.139,0.107308,0.0408602,8.324,7.142,1.182,56,50,test,test,test,train,train,train,train,train,train,train,,test,0.4750000000000001,0.40234035
3424,2020_Townsend,CC(C)C[C@@H]1NC(=O)[C@@H](CC(C)C)N(C)C(=O)[C@H](C)N(C)C(=O)[C@H](Cc2ccccc2)NC(=O)[C@@H](CC(C)C)NC(=O)[C@H]2CCCN2C1=O,hexa_910,3424,-5.51,6,6,Circle,0.177013,0.0631062,-23.2923,8.241,7.065,1.176,0.163139,0.0516622,8.312,7.291,1.021,60,32,train,test,train,train,train,train,train,val,train,train,,train,0.2450000000000001,0.37816483
3419,2020_Townsend,CC(C)C[C@H]1NC(=O)[C@H]2CCCN2C(=O)[C@@H](CC(C)C)NC(=O)[C@@H](CC(C)C)N(C)C(=O)[C@H](C)N(C)C(=O)[C@H](Cc2ccccc2)NC1=O,hexa_905,3419,-5.7,6,6,Circle,0.153328,0.0396639,-31.4566,8.428,7.153,1.275,0.156386,0.0354817,8.191,7.161,1.03,34,19,test,test,train,train,train,val,train,val,train,train,,test,0.1499999999999999,0.43888938
3412,2020_Townsend,CC(C)C[C@@H]1NC(=O)[C@H]2CCCN2C(=O)[C@@H](CC(C)C)NC(=O)[C@@H](CC(C)C)NC(=O)[C@H](C)N(C)C(=O)[C@H](Cc2ccccc2)NC1=O,hexa_898,3412,-6.11,6,6,Circle,0.115213,0.0379062,-25.4348,8.24,7.014,1.226,0.104666,0.0366502,8.238,7.014,1.224,86,39,train,test,train,test,train,val,test,train,train,train,,train,-0.0550000000000001,0.52525055
3396,2020_Townsend,CC(C)C[C@H]1NC(=O)[C@@H](C)N(C)C(=O)[C@H](Cc2ccccc2)NC(=O)CN(Cc2ccccc2)C(=O)[C@@H]2CCCN2C(=O)CN(Cc2ccccc2)C1=O,hexa_882,3396,-5.43,6,6,Circle,0.225145,0.0757223,-31.2937,8.621,7.55,1.071,0.178915,0.0552181,8.498,7.507,0.991,43,76,train,test,train,train,val,train,train,train,train,test,,train,0.2850000000000001,0.15810482
3390,2020_Townsend,CC(C)C[C@@H]1C(=O)N2CCC[C@H]2C(=O)N(C)[C@H](CC(C)C)C(=O)N[C@@H](Cc2ccccc2)C(=O)N(C)[C@H](C)C(=O)N(Cc2ccccc2)CC(=O)N1C,hexa_876,3390,-4.97,6,6,Circle,0.184248,0.0534013,-17.6152,8.579,7.531,1.048,0.166048,0.0457854,8.347,7.358,0.989,64,11,train,test,train,val,test,train,train,train,train,test,,train,0.5150000000000001,0.5732632
3385,2020_Townsend,CC(C)C[C@@H]1NC(=O)[C@@H](C)N(C)C(=O)[C@H](Cc2ccccc2)NC(=O)CN(Cc2ccccc2)C(=O)[C@@H]2CCCN2C(=O)[C@H](CC(C)C)N(C)C1=O,hexa_871,3385,-5.07,6,6,Circle,0.197538,0.0938348,-27.3588,8.525,7.446,1.079,0.170628,0.0417279,8.388,7.289,1.099,54,20,val,test,train,train,test,train,train,train,test,train,,val,0.4649999999999998,0.4668283
3365,2020_Townsend,CC(C)C[C@@H]1NC(=O)[C@H](CC(C)C)N(C)C(=O)[C@@H](C)N(C)C(=O)[C@H](Cc2ccccc2)NC(=O)[C@H](CC(C)C)N(C)C(=O)[C@@H]2CCCN2C1=O,hexa_851,3365,-4.77,6,6,Circle,0.145851,0.0406805,-16.6119,8.388,7.4,0.988,0.143886,0.0490838,8.34,7.382,0.958,18,55,train,test,test,train,train,train,train,train,train,test,,train,0.6150000000000002,0.69910604
3361,2020_Townsend,CC(C)C[C@@H]1NC(=O)[C@H](CC(C)C)N(C)C(=O)[C@@H](C)N(C)C(=O)[C@H](Cc2ccccc2)NC(=O)[C@@H](CC(C)C)N(C)C(=O)[C@@H]2CCCN2C1=O,hexa_847,3361,-4.81,6,6,Circle,0.120067,0.054406,-27.0435,8.411,7.39,1.021,0.125907,0.037535,8.562,7.52,1.042,53,74,train,test,train,val,train,train,train,train,train,train,,train,0.5950000000000002,0.6283218
3357,2020_Townsend,CC(C)C[C@@H]1NC(=O)[C@@H](C)N(C)C(=O)[C@H](Cc2ccccc2)NC(=O)[C@H](CC(C)C)N(C)C(=O)[C@@H]2CCCN2C(=O)[C@@H](CC(C)C)N(C)C1=O,hexa_843,3357,-4.85,6,6,Circle,0.150175,0.041852,-17.9808,8.6,7.447,1.153,0.120789,0.0424671,8.638,7.489,1.149,91,64,train,test,train,train,train,train,train,val,test,test,,train,0.5750000000000002,0.7613001
3356,2020_Townsend,CC(C)C[C@@H]1NC(=O)[C@@H](C)N(C)C(=O)[C@H](Cc2ccccc2)NC(=O)[C@@H](CC(C)C)N(C)C(=O)[C@@H]2CCCN2C(=O)[C@H](CC(C)C)N(C)C1=O,hexa_842,3356,-4.75,6,6,Circle,0.101222,0.0316998,-23.1978,8.222,7.194,1.028,0.127774,0.0478976,8.503,7.413,1.09,26,67,train,test,val,train,train,train,train,train,train,train,,train,0.625,0.7169867
3337,2020_Townsend,CC(C)C[C@@H]1NC(=O)[C@@H](CC(C)C)NC(=O)[C@@H](C)N(C)C(=O)[C@H](Cc2ccccc2)NC(=O)[C@H](CC(C)C)N(C)C(=O)[C@@H]2CCCN2C1=O,hexa_823,3337,-5.28,6,6,Circle,0.142584,0.0520153,-18.1042,8.105,7.043,1.062,0.103862,0.030436,8.239,7.153,1.086,74,87,train,test,train,test,train,train,train,train,train,test,,train,0.3599999999999999,0.4151489
3321,2020_Townsend,CC(C)C[C@@H]1NC(=O)[C@@H](C)N(C)C(=O)[C@H](Cc2ccccc2)NC(=O)[C@@H](CC(C)C)NC(=O)[C@@H]2CCCN2C(=O)[C@@H](CC(C)C)NC1=O,hexa_807,3321,-6.12,6,6,Circle,0.151266,0.0487918,-34.4926,8.468,7.182,1.286,0.142957,0.0422666,7.957,7.035,0.922,12,19,train,test,train,train,train,train,train,train,train,train,,train,-0.06,0.027614295
3308,2020_Townsend,CC(C)C[C@H]1C(=O)N[C@@H](Cc2ccccc2)C(=O)N(C)[C@@H](C)C(=O)N(C)[C@H](CC(C)C)C(=O)N[C@@H](Cc2ccccc2)CC(=O)N2CCC[C@H]2C(=O)N1C,hexa_794,3308,-4.75,6,6,Circle,0.152286,0.0363744,-20.7171,8.796,7.898,0.898,0.14537,0.0474759,8.922,8.044,0.878,64,100,train,test,train,train,train,train,train,val,train,val,,train,0.625,0.68565553
3287,2020_Townsend,CC(C)C[C@@H]1NC(=O)[C@@H](CC(C)C)N(C)C(=O)[C@H](C)N(C)C(=O)[C@H](Cc2ccccc2)NC(=O)CN(Cc2ccccc2)C(=O)[C@@H]2CCCN2C1=O,hexa_773,3287,-4.94,6,6,Circle,0.146,0.0429327,-39.8602,8.482,7.196,1.286,0.127955,0.0354033,8.516,7.258,1.258,95,36,train,test,train,train,test,train,train,train,val,train,,train,0.5299999999999998,0.5922293
3266,2020_Townsend,CC(C)C[C@@H]1NC(=O)[C@H](CC(C)C)N(C)C(=O)[C@H](C)N(C)C(=O)[C@H](Cc2ccccc2)NC(=O)[C@H](CC(C)C)N(C)C(=O)[C@@H]2CCCN2C1=O,hexa_752,3266,-4.0,6,6,Circle,0.129058,0.0361122,-15.0526,8.402,7.445,0.957,0.140999,0.0434773,8.426,7.53,0.896,29,47,train,test,train,train,train,train,train,train,train,train,,train,1.0,0.6930347
3256,2020_Townsend,CC(C)C[C@H]1NC(=O)[C@H](C)N(C)C(=O)[C@H](Cc2ccccc2)NC(=O)CN(Cc2ccccc2)C(=O)[C@@H]2CCCN2C(=O)[C@@H](CC(C)C)NC1=O,hexa_742,3256,-5.11,6,6,Circle,0.155893,0.0429557,-35.5919,8.448,7.132,1.316,0.184311,0.0559896,8.696,7.488,1.208,6,69,train,test,train,train,train,test,train,val,train,train,,train,0.4449999999999998,0.18013097
3253,2020_Townsend,CC(C)C[C@@H]1NC(=O)[C@@H](CC(C)C)N(C)C(=O)[C@H](C)N(C)C(=O)[C@H](Cc2ccccc2)NC(=O)[C@@H](CC(C)C)N(C)C(=O)[C@@H]2CCCN2C1=O,hexa_739,3253,-4.0,6,6,Circle,0.147656,0.0412406,-17.4143,8.671,7.541,1.13,0.141985,0.0393595,8.621,7.499,1.122,72,12,train,test,train,train,train,train,train,test,train,val,,train,1.0,0.7517799
3240,2020_Townsend,CC(C)C[C@@H]1NC(=O)[C@H](C)N(C)C(=O)[C@H](Cc2ccccc2)NC(=O)[C@@H](CC(C)C)N(C)C(=O)[C@@H]2CCCN2C(=O)[C@H](CC(C)C)NC1=O,hexa_726,3240,-5.11,6,6,Circle,0.131097,0.0399199,-20.2998,8.428,7.35,1.078,0.141488,0.0361829,8.355,7.357,0.998,59,16,test,test,val,train,train,train,test,train,train,train,,test,0.4449999999999998,-0.011289343
3233,2020_Townsend,CC(C)C[C@H]1C(=O)N[C@H](CC(C)C)C(=O)N2CCC[C@H]2C(=O)N[C@H](CC(C)C)C(=O)N[C@@H](Cc2ccccc2)C(=O)N(C)[C@@H](C)C(=O)N1C,hexa_719,3233,-4.88,6,6,Circle,0.12329,0.0480256,-18.9398,7.963,6.833,1.13,0.122427,0.0326418,7.877,6.789,1.088,6,24,train,test,test,train,train,train,train,train,val,train,,train,0.56,0.3800053
3211,2020_Townsend,CC(C)C[C@H]1C(=O)N[C@@H](Cc2ccccc2)CC(=O)N2CCC[C@@H]2C(=O)N(C)[C@@H](CC(C)C)C(=O)N[C@@H](Cc2ccccc2)C(=O)N[C@H](C)C(=O)N1C,hexa_697,3211,-5.29,6,6,Circle,0.199835,0.0675975,-20.0029,8.431,7.438,0.993,0.110223,0.0383618,8.34,7.239,1.101,62,7,train,test,train,train,train,train,train,train,train,train,,train,0.355,0.55985963
3210,2020_Townsend,CC(C)C[C@H]1NC(=O)[C@@H](C)NC(=O)[C@H](Cc2ccccc2)NC(=O)CN(Cc2ccccc2)C(=O)[C@H]2CCCN2C(=O)C[C@H](Cc2ccccc2)NC1=O,hexa_696,3210,-5.54,6,6,Circle,0.196386,0.0640053,-26.4128,8.451,7.376,1.075,0.141302,0.0342195,8.455,7.409,1.046,15,40,test,test,train,train,train,train,train,train,train,train,,test,0.2299999999999999,-0.05678221
3196,2020_Townsend,CC(C)C[C@H]1NC(=O)[C@H]2CCCN2C(=O)C[C@H](Cc2ccccc2)NC(=O)[C@@H](CC(C)C)N(C)C(=O)[C@@H](C)NC(=O)[C@H](Cc2ccccc2)NC1=O,hexa_682,3196,-5.81,6,6,Circle,0.169322,0.0622387,-26.65,8.436,7.233,1.203,0.242823,0.0947056,8.876,7.697,1.179,10,63,train,test,train,train,train,train,train,train,train,train,,train,0.0950000000000002,0.086446375
3192,2020_Townsend,CC(C)C[C@@H]1NC(=O)[C@H]2CCCN2C(=O)CN(Cc2ccccc2)C(=O)[C@H](CC(C)C)N(C)C(=O)[C@@H](C)NC(=O)[C@H](Cc2ccccc2)NC1=O,hexa_678,3192,-6.49,6,6,Circle,0.207027,0.0763673,-35.4956,8.426,7.238,1.188,0.123956,0.0329685,8.34,7.434,0.906,59,78,val,test,train,test,train,train,train,train,test,train,,val,-0.2450000000000001,-0.021840349
3184,2020_Townsend,CC(C)C[C@@H]1NC(=O)[C@H]2CCCN2C(=O)CN(Cc2ccccc2)C(=O)[C@@H](CC(C)C)N(C)C(=O)[C@@H](C)NC(=O)[C@H](Cc2ccccc2)NC1=O,hexa_670,3184,-6.1,6,6,Circle,0.213055,0.0776137,-34.602,8.468,7.334,1.134,0.112216,0.0346563,7.943,6.981,0.962,9,46,train,test,train,train,train,val,train,train,train,train,,train,-0.0499999999999998,-0.06388632
3183,2020_Townsend,CC(C)C[C@@H]1NC(=O)[C@H]2CCCN2C(=O)C[C@H](Cc2ccccc2)NC(=O)[C@@H](CC(C)C)NC(=O)[C@@H](C)NC(=O)[C@H](Cc2ccccc2)NC1=O,hexa_669,3183,-10.0,6,6,Circle,0.19073,0.0496839,-22.9274,8.433,7.36,1.073,0.140629,0.0406609,8.381,7.284,1.097,77,99,train,test,val,train,train,train,train,train,train,train,,train,-1.0,-0.74933285
3177,2020_Townsend,CC(C)C[C@H]1NC(=O)[C@@H](C)NC(=O)[C@H](Cc2ccccc2)NC(=O)[C@@H](CC(C)C)N(C)C(=O)[C@H]2CCCN2C(=O)CN(Cc2ccccc2)C1=O,hexa_663,3177,-6.09,6,6,Circle,0.160068,0.055051,-38.8913,8.633,7.468,1.165,0.10826,0.0296613,8.224,7.222,1.002,61,6,train,test,test,train,train,train,test,train,train,val,,train,-0.0449999999999999,0.07868515
3167,2020_Townsend,CC(C)C[C@@H]1NC(=O)[C@H]2CCCN2C(=O)[C@H](CC(C)C)N(C)C(=O)[C@H](CC(C)C)N(C)C(=O)[C@@H](C)NC(=O)[C@H](Cc2ccccc2)NC1=O,hexa_653,3167,-5.57,6,6,Circle,0.176022,0.0700012,-29.4214,8.306,7.196,1.11,0.111756,0.0464946,8.351,7.21,1.141,95,21,train,test,val,train,test,train,train,train,train,train,,train,0.2149999999999998,-0.0802387
3162,2020_Townsend,CC(C)C[C@@H]1NC(=O)[C@@H](CC(C)C)N(C)C(=O)[C@@H](C)NC(=O)[C@H](Cc2ccccc2)NC(=O)[C@H](CC(C)C)N(C)C(=O)[C@H]2CCCN2C1=O,hexa_648,3162,-4.91,6,6,Circle,0.135106,0.0379891,-24.6687,8.399,7.261,1.138,0.148425,0.045911,8.387,7.369,1.018,71,54,train,test,train,train,train,train,train,train,train,train,,train,0.5449999999999999,0.51876074
3149,2020_Townsend,CC(C)C[C@H]1C(=O)N[C@@H](Cc2ccccc2)C(=O)N[C@H](C)C(=O)N(C)[C@H](CC(C)C)C(=O)N[C@H](CC(C)C)C(=O)N2CCC[C@@H]2C(=O)N1C,hexa_635,3149,-5.3,6,6,Circle,0.214852,0.079448,-15.2953,8.222,7.046,1.176,0.137314,0.0474653,8.152,7.176,0.976,73,40,val,test,test,val,train,train,val,train,test,train,,val,0.3500000000000001,0.43493146
3146,2020_Townsend,CC(C)C[C@H]1C(=O)N2CCC[C@@H]2C(=O)N(C)[C@H](CC(C)C)C(=O)N[C@@H](Cc2ccccc2)C(=O)N[C@H](C)C(=O)N[C@H](CC(C)C)C(=O)N1C,hexa_632,3146,-5.47,6,6,Circle,0.0957984,0.0380842,-25.3584,8.286,7.001,1.285,0.123951,0.05057,8.19,7.055,1.135,89,89,train,test,train,val,train,val,val,val,train,train,,train,0.2650000000000001,0.21241947
3143,2020_Townsend,CC(C)C[C@@H]1NC(=O)[C@H]2CCCN2C(=O)[C@H](CC(C)C)N(C)C(=O)[C@H](CC(C)C)NC(=O)[C@@H](C)NC(=O)[C@H](Cc2ccccc2)NC1=O,hexa_629,3143,-5.16,6,6,Circle,0.162984,0.0606659,-26.9813,8.138,6.973,1.165,0.124169,0.0385734,7.914,6.797,1.117,15,54,train,test,train,train,train,train,test,train,train,train,,train,0.4199999999999999,0.07680206
3126,2020_Townsend,CC(C)C[C@H]1NC(=O)[C@H]2CCCN2C(=O)[C@@H](CC(C)C)N(C)C(=O)[C@@H](CC(C)C)NC(=O)[C@@H](C)NC(=O)[C@H](Cc2ccccc2)NC1=O,hexa_612,3126,-6.1,6,6,Circle,0.141733,0.0471176,-32.6313,8.369,7.046,1.323,0.0860198,0.0349344,8.114,6.857,1.257,92,29,train,test,train,train,train,test,train,train,train,val,,train,-0.0499999999999998,-0.12550128
3111,2020_Townsend,CC(C)C[C@@H]1NC(=O)[C@H](C)NC(=O)[C@H](Cc2ccccc2)NC(=O)[C@H](CC(C)C)N(C)C(=O)[C@H]2CCCN2C(=O)C[C@H](Cc2ccccc2)NC1=O,hexa_597,3111,-6.0,6,6,Circle,0.197137,0.0653218,-26.4833,8.572,7.39,1.182,0.159878,0.038869,8.547,7.453,1.094,18,87,train,test,train,test,train,train,train,train,train,train,,train,0.0,0.24414553
3094,2020_Townsend,CC(C)C[C@@H]1NC(=O)[C@H]2CCCN2C(=O)CN(Cc2ccccc2)C(=O)[C@H](CC(C)C)N(C)C(=O)[C@H](C)NC(=O)[C@H](Cc2ccccc2)NC1=O,hexa_580,3094,-10.0,6,6,Circle,0.168594,0.0462064,-27.8287,8.164,7.071,1.093,0.157976,0.0397242,8.112,7.043,1.069,23,39,test,test,val,train,train,train,train,test,train,train,,test,-1.0,-0.6179815
3085,2020_Townsend,CC(C)C[C@H]1NC(=O)[C@@H](CC(C)C)N(C)C(=O)[C@H](C)NC(=O)[C@H](Cc2ccccc2)NC(=O)CN(Cc2ccccc2)C(=O)[C@H]2CCCN2C1=O,hexa_571,3085,-5.49,6,6,Circle,0.111236,0.0330538,-25.9485,8.233,7.039,1.194,0.125482,0.0372245,8.175,6.994,1.181,98,63,train,test,train,train,val,train,train,train,train,train,,train,0.2549999999999999,0.3363847
3076,2020_Townsend,CC(C)C[C@@H]1NC(=O)[C@H](CC(C)C)N(C)C(=O)[C@H](C)NC(=O)[C@H](Cc2ccccc2)NC(=O)[C@H](CC(C)C)N(C)C(=O)[C@H]2CCCN2C1=O,hexa_562,3076,-5.17,6,6,Circle,0.170699,0.0501225,-17.6209,8.407,7.211,1.196,0.128365,0.0343131,8.135,7.245,0.89,56,45,train,test,train,train,train,train,train,train,train,train,,train,0.415,0.48529106
3062,2020_Townsend,CC(C)C[C@@H]1NC(=O)[C@@H](CC(C)C)N(C)C(=O)[C@H](C)NC(=O)[C@H](Cc2ccccc2)NC(=O)[C@@H](CC(C)C)N(C)C(=O)[C@H]2CCCN2C1=O,hexa_548,3062,-4.92,6,6,Circle,0.145788,0.0646582,-28.4952,8.274,7.018,1.256,0.12271,0.0461723,8.399,7.478,0.921,17,16,train,test,train,train,train,train,train,train,train,train,,train,0.54,0.5518344
3057,2020_Townsend,CC(C)C[C@H]1C(=O)N[C@H](CC(C)C)C(=O)N2CCC[C@@H]2C(=O)N(C)[C@H](CC(C)C)C(=O)N[C@@H](Cc2ccccc2)C(=O)N[C@@H](C)C(=O)N1C,hexa_543,3057,-6.14,6,6,Circle,0.123479,0.0373279,-24.2363,8.149,7.141,1.008,0.10972,0.0438608,8.151,7.126,1.025,96,17,val,test,train,train,train,val,train,train,train,train,,val,-0.0699999999999998,0.13234858
3054,2020_Townsend,CC(C)C[C@H]1NC(=O)[C@H](C)NC(=O)[C@H](Cc2ccccc2)NC(=O)[C@@H](CC(C)C)N(C)C(=O)[C@H]2CCCN2C(=O)[C@@H](CC(C)C)N(C)C1=O,hexa_540,3054,-10.0,6,6,Circle,0.133753,0.043821,-24.3481,8.236,7.039,1.197,0.0776268,0.0282567,8.179,7.003,1.176,57,16,train,test,test,val,train,train,train,train,train,train,,train,-1.0,0.14052965
3052,2020_Townsend,CC(C)C[C@@H]1NC(=O)[C@H](C)NC(=O)[C@H](Cc2ccccc2)NC(=O)[C@H](CC(C)C)N(C)C(=O)[C@H]2CCCN2C(=O)[C@H](CC(C)C)NC1=O,hexa_538,3052,-6.04,6,6,Circle,0.188978,0.0838041,-17.8645,8.151,6.993,1.158,0.0952494,0.0326538,7.966,6.937,1.029,43,75,train,test,train,train,val,train,train,train,train,train,,train,-0.02,0.18463303
3043,2020_Townsend,CC(C)C[C@@H]1NC(=O)[C@H](C)NC(=O)[C@H](Cc2ccccc2)NC(=O)[C@@H](CC(C)C)NC(=O)[C@H]2CCCN2C(=O)[C@H](CC(C)C)N(C)C1=O,hexa_529,3043,-6.52,6,6,Circle,0.125177,0.0387677,-27.8118,8.201,6.938,1.263,0.105018,0.0325528,8.043,6.856,1.187,100,15,train,test,train,train,train,test,train,train,train,test,,train,-0.2599999999999998,0.32498366
3036,2020_Townsend,CC(C)C[C@@H]1NC(=O)[C@H](C)NC(=O)[C@H](Cc2ccccc2)NC(=O)[C@@H](CC(C)C)NC(=O)[C@H]2CCCN2C(=O)[C@@H](CC(C)C)N(C)C1=O,hexa_522,3036,-10.0,6,6,Circle,0.171651,0.063811,-26.0034,8.262,7.101,1.161,0.12959,0.0547173,8.029,6.904,1.125,39,50,train,test,train,test,train,train,train,test,train,train,,train,-1.0,-0.17812276
3035,2020_Townsend,CC(C)C[C@@H]1NC(=O)[C@H]2CCCN2C(=O)[C@@H](CC(C)C)N(C)C(=O)[C@@H](CC(C)C)NC(=O)[C@H](C)NC(=O)[C@H](Cc2ccccc2)NC1=O,hexa_521,3035,-10.0,6,6,Circle,0.171962,0.058002,-27.0056,8.207,7.01,1.197,0.0795345,0.0322408,8.159,6.839,1.32,10,17,train,test,train,val,train,test,train,val,test,train,,train,-1.0,-0.8446484
3022,2020_Townsend,CC(C)C[C@@H]1C(=O)N[C@@H](Cc2ccccc2)CC(=O)N2CCC[C@H]2C(=O)N(Cc2ccccc2)CC(=O)N[C@@H](Cc2ccccc2)C(=O)N[C@H](C)C(=O)N1C,hexa_508,3022,-5.53,6,6,Circle,0.201421,0.0418742,-34.0277,9.08,7.929,1.151,0.163439,0.0386449,9.051,7.897,1.154,16,88,test,test,val,train,train,train,train,train,train,train,,test,0.2349999999999998,0.07401502
3011,2020_Townsend,CC(C)C[C@H]1C(=O)N[C@@H](Cc2ccccc2)C(=O)N[C@H](C)C(=O)N(C)[C@@H](CC(C)C)C(=O)N(Cc2ccccc2)CC(=O)N2CCC[C@H]2C(=O)N1C,hexa_497,3011,-5.35,6,6,Circle,0.155391,0.0390049,-28.9899,8.563,7.478,1.085,0.107815,0.040322,8.368,7.483,0.885,82,67,train,test,train,train,train,train,train,train,train,train,,train,0.3250000000000002,0.3514979
2993,2020_Townsend,CC(C)C[C@@H]1NC(=O)[C@@H](CC(C)C)N(C)C(=O)[C@@H](C)NC(=O)[C@H](Cc2ccccc2)NC(=O)CN(Cc2ccccc2)C(=O)[C@@H]2CCCN2C1=O,hexa_479,2993,-5.44,6,6,Circle,0.178325,0.0584223,-22.8224,8.364,7.232,1.132,0.154091,0.0517388,8.312,7.226,1.086,23,13,train,test,train,train,train,train,train,train,train,train,,train,0.2799999999999998,0.27905756
2991,2020_Townsend,CC(C)C[C@H]1C(=O)N(Cc2ccccc2)CC(=O)N2CCC[C@H]2C(=O)N[C@H](CC(C)C)C(=O)N[C@@H](Cc2ccccc2)C(=O)N[C@H](C)C(=O)N1C,hexa_477,2991,-5.79,6,6,Circle,0.245211,0.0944836,-32.9101,8.368,7.176,1.192,0.125733,0.0314614,8.194,7.125,1.069,25,78,train,test,train,train,train,train,train,train,train,train,,train,0.1049999999999999,0.13883246
2975,2020_Townsend,CC(C)C[C@@H]1NC(=O)[C@@H](C)NC(=O)[C@H](Cc2ccccc2)NC(=O)CN(Cc2ccccc2)C(=O)[C@@H]2CCCN2C(=O)[C@@H](CC(C)C)NC1=O,hexa_461,2975,-6.32,6,6,Circle,0.161867,0.0418908,-31.4833,8.485,7.286,1.199,0.143108,0.0395596,8.087,6.914,1.173,94,65,train,test,train,train,train,train,val,train,test,val,,train,-0.1600000000000001,0.020577326
2973,2020_Townsend,CC(C)C[C@@H]1NC(=O)[C@@H](C)NC(=O)[C@H](Cc2ccccc2)NC(=O)[C@@H](CC(C)C)NC(=O)[C@@H]2CCCN2C(=O)CN(Cc2ccccc2)C1=O,hexa_459,2973,-6.63,6,6,Circle,0.175987,0.0524776,-41.3379,8.557,7.202,1.355,0.136606,0.0671933,8.387,7.296,1.091,62,9,train,test,val,train,train,train,train,train,train,train,,train,-0.3149999999999999,-0.15189207
2948,2020_Townsend,CC(C)C[C@@H]1NC(=O)[C@@H](C)NC(=O)[C@H](Cc2ccccc2)NC(=O)[C@H](CC(C)C)N(C)C(=O)[C@@H]2CCCN2C(=O)[C@@H](CC(C)C)NC1=O,hexa_434,2948,-5.87,6,6,Circle,0.153742,0.0407816,-34.1718,8.331,7.1,1.231,0.11939,0.0419637,8.066,6.958,1.108,54,52,train,test,train,train,train,train,test,train,train,train,,train,0.0649999999999999,-0.026572675
2927,2020_Townsend,CC(C)C[C@H]1C(=O)N(Cc2ccccc2)CC(=O)N2CCC[C@H]2C(=O)N(Cc2ccccc2)CC(=O)N[C@@H](Cc2ccccc2)C(=O)N[C@@H](C)C(=O)N1C,hexa_413,2927,-5.5,6,6,Circle,0.207929,0.0652858,-34.4673,8.791,7.65,1.141,0.150337,0.0433745,8.56,7.668,0.892,20,55,train,test,train,train,train,train,test,train,train,train,,train,0.25,0.0727417
2920,2020_Townsend,CC(C)C[C@H]1C(=O)N(Cc2ccccc2)CC(=O)N2CCC[C@H]2C(=O)N(C)[C@@H](CC(C)C)C(=O)N[C@@H](Cc2ccccc2)C(=O)N[C@@H](C)C(=O)N1C,hexa_406,2920,-5.52,6,6,Circle,0.135768,0.0446597,-34.4559,8.322,7.174,1.148,0.108406,0.0435997,8.47,7.449,1.021,52,85,train,test,test,train,train,train,train,train,test,test,,train,0.2400000000000002,0.3267259
2912,2020_Townsend,CC(C)C[C@H]1NC(=O)[C@H](C)NC(=O)[C@H](Cc2ccccc2)NC(=O)[C@@H](CC(C)C)N(C)C(=O)[C@@H]2CCCN2C(=O)C[C@H](Cc2ccccc2)NC1=O,hexa_398,2912,-10.0,6,6,Circle,0.181545,0.0361304,-25.2426,8.443,7.095,1.348,0.186865,0.0685892,8.045,6.852,1.193,100,98,train,test,val,train,train,train,train,test,train,train,,train,-1.0,-0.45880747
2905,2020_Townsend,CC(C)C[C@@H]1NC(=O)[C@@H](CC(C)C)N(C)C(=O)[C@H](C)NC(=O)[C@H](Cc2ccccc2)NC(=O)CN(Cc2ccccc2)C(=O)[C@@H]2CCCN2C1=O,hexa_391,2905,-5.48,6,6,Circle,0.15313,0.0574361,-22.2959,8.42,7.298,1.122,0.132618,0.0399305,8.36,7.281,1.079,94,5,train,test,train,train,train,test,train,train,train,train,,train,0.2599999999999998,0.36172694
2904,2020_Townsend,CC(C)C[C@H]1C(=O)N2CCC[C@H]2C(=O)N(Cc2ccccc2)CC(=O)N[C@@H](Cc2ccccc2)C(=O)N[C@@H](C)C(=O)N[C@H](CC(C)C)C(=O)N1C,hexa_390,2904,-5.65,6,6,Circle,0.178897,0.0503461,-23.9818,8.369,7.266,1.103,0.158233,0.0421881,8.323,7.225,1.098,41,43,train,test,train,train,val,train,train,test,train,val,,train,0.1749999999999998,0.3554278
2898,2020_Townsend,CC(C)C[C@H]1C(=O)N(Cc2ccccc2)CC(=O)N2CCC[C@H]2C(=O)N[C@H](CC(C)C)C(=O)N[C@@H](Cc2ccccc2)C(=O)N[C@@H](C)C(=O)N1C,hexa_384,2898,-6.07,6,6,Circle,0.135011,0.0400426,-42.5623,8.298,7.043,1.255,0.111004,0.0506487,8.456,7.331,1.125,12,40,train,test,train,test,train,train,train,train,train,train,,train,-0.0350000000000001,-0.008081302
2885,2020_Townsend,CC(C)C[C@@H]1C(=O)N(C)[C@H](CC(C)C)C(=O)N2CCC[C@H]2C(=O)N(C)[C@H](CC(C)C)C(=O)N[C@@H](Cc2ccccc2)C(=O)N[C@@H](C)C(=O)N1C,hexa_371,2885,-5.22,6,6,Circle,0.13955,0.0469613,-25.2807,8.492,7.253,1.239,0.13424,0.0508633,8.111,7.098,1.013,54,49,train,test,train,train,train,test,train,train,train,train,,train,0.3900000000000001,0.3850178
2871,2020_Townsend,CC(C)C[C@H]1NC(=O)[C@@H]2CCCN2C(=O)[C@@H](CC(C)C)NC(=O)CN(Cc2ccccc2)C(=O)[C@H](C)NC(=O)[C@H](Cc2ccccc2)NC1=O,hexa_357,2871,-6.43,6,6,Circle,0.150988,0.0451082,-33.9811,8.206,6.846,1.36,0.175802,0.0503341,7.944,6.728,1.216,20,70,train,test,train,train,val,train,train,val,train,train,,train,-0.2149999999999998,-0.23411292
2864,2020_Townsend,CC(C)C[C@H]1NC(=O)[C@@H](CC(C)C)N(C)C(=O)[C@H](C)NC(=O)[C@H](Cc2ccccc2)NC(=O)[C@@H](CC(C)C)N(C)C(=O)[C@@H]2CCCN2C1=O,hexa_350,2864,-5.22,6,6,Circle,0.228361,0.0747855,-31.6794,8.323,7.192,1.131,0.152839,0.0472816,8.376,7.263,1.113,25,64,test,test,train,train,test,train,train,train,train,val,,test,0.3900000000000001,0.34678453
2863,2020_Townsend,CC(C)C[C@H]1NC(=O)[C@@H]2CCCN2C(=O)[C@@H](CC(C)C)N(C)C(=O)[C@@H](CC(C)C)N(C)C(=O)[C@H](C)NC(=O)[C@H](Cc2ccccc2)NC1=O,hexa_349,2863,-5.51,6,6,Circle,0.139221,0.0451613,-23.1422,8.35,7.048,1.302,0.0897059,0.0289715,7.613,6.44,1.173,40,28,train,test,train,train,train,train,val,val,train,train,,train,0.2450000000000001,0.17985933
2850,2020_Townsend,CC(C)C[C@H]1C(=O)N[C@H](CC(C)C)C(=O)N2CCC[C@H]2C(=O)N[C@H](CC(C)C)C(=O)N[C@@H](Cc2ccccc2)C(=O)N[C@@H](C)C(=O)N1C,hexa_336,2850,-6.3,6,6,Circle,0.172874,0.0738556,-31.9394,8.475,7.17,1.305,0.144475,0.0520036,8.2,7.044,1.156,22,59,train,test,train,train,train,test,train,train,train,train,,train,-0.1499999999999999,0.084838435
2845,2020_Townsend,CC(C)C[C@H]1NC(=O)[C@H](C)NC(=O)[C@H](Cc2ccccc2)NC(=O)[C@@H](CC(C)C)N(C)C(=O)[C@@H]2CCCN2C(=O)[C@@H](CC(C)C)NC1=O,hexa_331,2845,-6.11,6,6,Circle,0.152675,0.0591652,-28.4655,8.403,7.009,1.394,0.142244,0.0591907,7.727,6.529,1.198,87,30,test,test,train,train,train,train,train,train,val,train,,test,-0.0550000000000001,0.22875394
2839,2020_Townsend,CCCN1CC(=O)N(Cc2ccccc2)CC(=O)N(Cc2ccccc2)CC(=O)N2CCC[C@H]2C(=O)N(Cc2ccccc2)CC(=O)N[C@@H](Cc2ccccc2)C1=O,hexa_325,2839,-5.87,6,6,Circle,0.22525,0.0535965,-39.2887,9.426,8.419,1.007,0.178425,0.0532799,8.705,7.712,0.993,42,4,val,test,train,train,train,train,train,train,train,train,,val,0.0649999999999999,0.10261421
2821,2020_Townsend,CCCN1CC(=O)N[C@@H](CC(C)C)C(=O)N[C@@H](Cc2ccccc2)CC(=O)N2CCC[C@H]2C(=O)N[C@@H](CC(C)C)C(=O)N[C@@H](Cc2ccccc2)C1=O,hexa_307,2821,-5.99,6,6,Circle,0.196816,0.0751439,-38.8123,8.749,7.432,1.317,0.181556,0.0448905,8.615,7.38,1.235,91,19,train,test,train,train,train,test,train,train,train,val,,train,0.0049999999999998,0.26184988
2819,2020_Townsend,CCCN1CC(=O)N[C@@H](CC(C)C)C(=O)N(C)[C@H](CC(C)C)C(=O)N2CCC[C@H]2C(=O)N(Cc2ccccc2)CC(=O)N[C@@H](Cc2ccccc2)C1=O,hexa_305,2819,-4.98,6,6,Circle,0.159527,0.0517397,-29.0032,8.912,7.906,1.006,0.132345,0.0330119,8.825,7.737,1.088,26,84,train,test,val,train,test,train,val,train,val,train,,train,0.5099999999999998,0.34213215
2817,2020_Townsend,CCCN1CC(=O)N[C@H](CC(C)C)C(=O)N(Cc2ccccc2)CC(=O)N2CCC[C@H]2C(=O)N(C)[C@@H](CC(C)C)C(=O)N[C@@H](Cc2ccccc2)C1=O,hexa_303,2817,-4.88,6,6,Circle,0.147677,0.052271,-23.2411,8.654,7.588,1.066,0.143644,0.0512539,8.699,7.662,1.037,89,28,train,test,train,train,train,train,train,test,train,train,,train,0.56,0.53811395
2803,2020_Townsend,CCCN1CC(=O)N[C@H](CC(C)C)C(=O)N[C@@H](CC(C)C)C(=O)N2CCC[C@H]2C(=O)N(Cc2ccccc2)CC(=O)N[C@@H](Cc2ccccc2)C1=O,hexa_289,2803,-5.5,6,6,Circle,0.202043,0.0702002,-23.8074,8.598,7.459,1.139,0.159057,0.0445534,8.396,7.317,1.079,54,20,train,test,train,val,train,train,train,train,train,test,,train,0.25,0.14672662
2799,2020_Townsend,CCCN1CC(=O)N(C)[C@H](CC(C)C)C(=O)N[C@@H](CC(C)C)C(=O)N2CCC[C@H]2C(=O)N(C)[C@@H](CC(C)C)C(=O)N[C@@H](Cc2ccccc2)C1=O,hexa_285,2799,-4.74,6,6,Circle,0.150129,0.0481895,-15.5282,8.585,7.736,0.849,0.0901196,0.0302467,8.302,7.483,0.819,77,24,train,test,train,test,train,train,val,train,test,val,,train,0.6299999999999999,0.58137023
2795,2020_Townsend,CCCN1CC(=O)N[C@H](CC(C)C)C(=O)N[C@H](CC(C)C)C(=O)N2CCC[C@H]2C(=O)N(Cc2ccccc2)CC(=O)N[C@@H](Cc2ccccc2)C1=O,hexa_281,2795,-5.88,6,6,Circle,0.207983,0.0569688,-23.7323,8.694,7.609,1.085,0.169491,0.052759,8.569,7.506,1.063,77,82,train,test,train,val,train,test,train,train,train,val,,train,0.06,0.042048648
2788,2020_Townsend,CCCN1CC(=O)N(C)[C@H](CC(C)C)C(=O)N[C@H](CC(C)C)C(=O)N2CCC[C@H]2C(=O)N(C)[C@H](CC(C)C)C(=O)N[C@@H](Cc2ccccc2)C1=O,hexa_274,2788,-4.82,6,6,Circle,0.130093,0.0442285,-22.7997,8.867,7.751,1.116,0.16168,0.0471558,8.596,7.643,0.953,41,87,train,test,train,train,train,train,train,train,test,train,,train,0.5899999999999999,0.4716143
2787,2020_Townsend,CCCN1CC(=O)N[C@H](CC(C)C)C(=O)N(C)[C@H](CC(C)C)C(=O)N2CCC[C@H]2C(=O)N(C)[C@H](CC(C)C)C(=O)N[C@@H](Cc2ccccc2)C1=O,hexa_273,2787,-4.83,6,6,Circle,0.138502,0.044437,-22.7132,8.72,7.669,1.051,0.168628,0.0577442,8.62,7.595,1.025,31,51,train,test,train,train,train,test,train,val,train,train,,train,0.585,0.8761049
2782,2020_Townsend,CCCN1CC(=O)N[C@@H](CC(C)C)C(=O)N(C)[C@H](CC(C)C)C(=O)N2CCC[C@H]2C(=O)N[C@@H](CC(C)C)C(=O)N[C@@H](Cc2ccccc2)C1=O,hexa_268,2782,-5.2,6,6,Circle,0.19014,0.0707462,-19.9252,8.538,7.396,1.142,0.141843,0.0372669,8.469,7.296,1.173,67,15,train,test,train,train,train,train,train,train,train,train,,train,0.3999999999999999,0.45567
2776,2020_Townsend,CCCN1CC(=O)N(C)[C@H](CC(C)C)C(=O)N[C@H](CC(C)C)C(=O)N2CCC[C@H]2C(=O)N[C@H](CC(C)C)C(=O)N[C@@H](Cc2ccccc2)C1=O,hexa_262,2776,-4.89,6,6,Circle,0.174286,0.0658777,-28.604,8.689,7.504,1.185,0.163542,0.056695,8.509,7.438,1.071,19,56,train,test,train,val,test,val,val,train,test,train,,train,0.5550000000000002,0.7208472
2773,2020_Townsend,CCCN1CC(=O)N[C@@H](CC(C)C)C(=O)N[C@@H](CC(C)C)C(=O)N2CCC[C@H]2C(=O)N[C@H](CC(C)C)C(=O)N[C@@H](Cc2ccccc2)C1=O,hexa_259,2773,-6.08,6,6,Circle,0.12633,0.0408015,-24.8222,8.413,7.232,1.181,0.130282,0.0377225,8.17,7.136,1.034,11,62,train,test,train,train,train,train,train,train,train,train,,train,-0.04,0.15835108
2761,2020_Townsend,CCCN1CC(=O)N(C)[C@@H](CC(C)C)C(=O)N(Cc2ccccc2)CC(=O)N2CCC[C@@H]2C(=O)N(C)[C@@H](CC(C)C)C(=O)N[C@@H](Cc2ccccc2)C1=O,hexa_247,2761,-5.15,6,6,Circle,0.185213,0.0759118,-27.3384,8.777,7.815,0.962,0.114696,0.0411369,8.62,7.755,0.865,24,82,train,test,test,train,val,test,train,train,train,val,,train,0.4249999999999998,0.2013727
2752,2020_Townsend,CCCN1CC(=O)N(Cc2ccccc2)CC(=O)N(C)[C@H](CC(C)C)C(=O)N2CCC[C@@H]2C(=O)N(C)[C@H](CC(C)C)C(=O)N[C@@H](Cc2ccccc2)C1=O,hexa_238,2752,-5.54,6,6,Circle,0.131355,0.0440289,-33.0508,8.87,7.751,1.119,0.16286,0.0594175,8.847,7.729,1.118,23,69,test,test,train,test,train,train,test,train,train,test,,test,0.2299999999999999,-0.14264086
2748,2020_Townsend,CCCN1CC(=O)N(C)[C@@H](CC(C)C)C(=O)N(Cc2ccccc2)CC(=O)N2CCC[C@@H]2C(=O)N[C@H](CC(C)C)C(=O)N[C@@H](Cc2ccccc2)C1=O,hexa_234,2748,-5.13,6,6,Circle,0.1872,0.0574391,-34.4686,8.651,7.549,1.102,0.11155,0.0372264,8.357,7.31,1.047,84,42,train,test,train,train,train,train,train,val,train,train,,train,0.435,0.30961704
2746,2020_Townsend,CCCN1CC(=O)N(C)[C@H](CC(C)C)C(=O)N[C@@H](CC(C)C)C(=O)N2CCC[C@@H]2C(=O)N(Cc2ccccc2)CC(=O)N[C@@H](Cc2ccccc2)C1=O,hexa_232,2746,-5.37,6,6,Circle,0.151346,0.0442944,-26.5306,8.679,7.603,1.076,0.163857,0.0558649,8.695,7.713,0.982,78,94,train,test,train,train,train,train,val,val,val,train,,train,0.3149999999999999,0.3630327
2727,2020_Townsend,CCCN1CC(=O)N(C)[C@@H](CC(C)C)C(=O)N[C@@H](CC(C)C)C(=O)N2CCC[C@@H]2C(=O)N(C)[C@H](CC(C)C)C(=O)N[C@@H](Cc2ccccc2)C1=O,hexa_213,2727,-4.98,6,6,Circle,0.108075,0.0343585,-31.5326,8.655,7.624,1.031,0.140604,0.0454549,8.582,7.771,0.811,57,36,train,test,train,train,train,train,train,val,train,train,,train,0.5099999999999998,0.48730773
2698,2020_Townsend,CCCN1CC(=O)N(C)[C@H](CC(C)C)C(=O)N[C@H](CC(C)C)C(=O)N2CCC[C@@H]2C(=O)N[C@H](CC(C)C)C(=O)N[C@@H](Cc2ccccc2)C1=O,hexa_184,2698,-5.76,6,6,Circle,0.181356,0.0725479,-27.7865,8.574,7.421,1.153,0.122506,0.0299063,8.549,7.547,1.002,9,92,val,test,train,train,train,train,test,train,train,train,,val,0.1200000000000001,0.14491086
2685,2020_Townsend,CC(C)C[C@H]1C(=O)N(Cc2ccccc2)CC(=O)N2CCC[C@H]2C(=O)N(Cc2ccccc2)CC(=O)N[C@@H](Cc2ccccc2)C(=O)N[C@@H](Cc2ccccc2)CC(=O)N1C,hexa_171,2685,-5.46,6,6,Circle,0.175216,0.0593953,-23.565,8.854,7.845,1.009,0.18299,0.0386646,8.81,7.732,1.078,16,3,train,test,train,train,train,train,train,train,test,train,,train,0.27,0.13914602
2673,2020_Townsend,CC(C)C[C@H]1NC(=O)C[C@H](Cc2ccccc2)NC(=O)[C@H](Cc2ccccc2)NC(=O)CN(Cc2ccccc2)C(=O)[C@@H]2CCCN2C(=O)CN(Cc2ccccc2)C1=O,hexa_159,2673,-6.02,6,6,Circle,0.153001,0.0418616,-27.9585,8.962,7.872,1.09,0.248608,0.104867,9.175,8.104,1.071,80,56,train,test,train,test,train,train,train,train,train,train,,train,-0.0099999999999997,0.14149465
2666,2020_Townsend,CC(C)C[C@H]1NC(=O)C[C@H](Cc2ccccc2)NC(=O)[C@H](Cc2ccccc2)NC(=O)[C@@H](CC(C)C)N(C)C(=O)[C@@H]2CCCN2C(=O)C[C@H](Cc2ccccc2)NC1=O,hexa_152,2666,-5.88,6,6,Circle,0.253007,0.0741591,-25.274,9.638,8.638,1.0,0.140878,0.0395235,8.66,7.661,0.999,74,23,train,test,train,train,train,train,train,test,train,train,,train,0.06,-0.21535796
2644,2020_Townsend,CC(C)C[C@@H]1C(=O)N(C)[C@H](CC(C)C)C(=O)N2CCC[C@H]2C(=O)N(C)[C@H](CC(C)C)C(=O)N[C@@H](Cc2ccccc2)C(=O)N[C@@H](Cc2ccccc2)CC(=O)N1C,hexa_130,2644,-5.16,6,6,Circle,0.174757,0.0503127,-16.5443,9.385,8.315,1.07,0.150467,0.0432143,9.462,8.497,0.965,53,33,train,test,train,test,val,train,test,train,val,train,,train,0.4199999999999999,0.3102972
2635,2020_Townsend,CC(C)C[C@@H]1NC(=O)[C@H](CC(C)C)N(C)C(=O)C[C@H](Cc2ccccc2)NC(=O)[C@H](Cc2ccccc2)NC(=O)[C@@H](CC(C)C)N(C)C(=O)[C@@H]2CCCN2C1=O,hexa_121,2635,-5.26,6,6,Circle,0.167368,0.0532315,-18.6641,8.947,7.916,1.031,0.179309,0.063096,8.812,7.718,1.094,74,42,test,test,train,test,train,test,train,train,train,train,,test,0.3700000000000001,0.29050684
2607,2020_Townsend,CC(C)C[C@@H]1NC(=O)[C@@H](CC(C)C)NC(=O)C[C@H](Cc2ccccc2)NC(=O)[C@H](Cc2ccccc2)NC(=O)[C@@H](CC(C)C)N(C)C(=O)[C@@H]2CCCN2C1=O,hexa_93,2607,-5.65,6,6,Circle,0.181699,0.0466632,-25.0586,9.411,8.236,1.175,0.128599,0.0391473,8.889,7.771,1.118,59,86,train,test,test,train,train,val,train,train,train,test,,train,0.1749999999999998,0.058612853
2594,2020_Townsend,CC(C)C[C@H]1NC(=O)C[C@H](Cc2ccccc2)NC(=O)[C@H](Cc2ccccc2)NC(=O)[C@@H](CC(C)C)NC(=O)[C@@H]2CCCN2C(=O)[C@@H](CC(C)C)NC1=O,hexa_80,2594,-5.81,6,6,Circle,0.153613,0.0416512,-20.6685,8.726,7.646,1.08,0.144111,0.0407264,8.681,7.622,1.059,81,54,train,test,train,train,train,train,train,train,train,train,,train,0.0950000000000002,-0.03924483
2590,2020_Townsend,CC(C)C[C@@H]1NC(=O)[C@H]2CCCN2C(=O)C[C@H](Cc2ccccc2)NC(=O)CN(Cc2ccccc2)C(=O)C[C@H](Cc2ccccc2)NC(=O)[C@H](Cc2ccccc2)NC1=O,hexa_76,2590,-6.41,6,6,Circle,0.333188,0.117105,-32.7116,9.378,8.287,1.091,0.248697,0.110489,9.142,8.029,1.113,18,84,train,test,test,train,train,train,train,train,train,train,,train,-0.205,-0.009221092
2584,2020_Townsend,CC(C)C[C@H]1C(=O)N(Cc2ccccc2)CC(=O)N2CCC[C@@H]2C(=O)N(C)[C@@H](CC(C)C)C(=O)N[C@@H](Cc2ccccc2)C(=O)N[C@@H](Cc2ccccc2)CC(=O)N1C,hexa_70,2584,-5.37,6,6,Circle,0.164934,0.0427595,-22.2418,8.761,7.774,0.987,0.186897,0.064,8.774,7.795,0.979,92,43,train,test,val,train,val,train,train,train,train,train,,train,0.3149999999999999,0.082735375
2578,2020_Townsend,CC(C)C[C@H]1C(=O)N[C@@H](Cc2ccccc2)C(=O)N[C@@H](Cc2ccccc2)CC(=O)N[C@H](CC(C)C)C(=O)N[C@@H](Cc2ccccc2)CC(=O)N2CCC[C@@H]2C(=O)N1C,hexa_64,2578,-5.63,6,6,Circle,0.187005,0.0430742,-35.1628,9.625,8.558,1.067,0.17838,0.0565565,9.17,8.098,1.072,46,69,train,test,train,train,train,train,train,train,train,train,,train,0.185,0.098847404
2572,2020_Townsend,CC(C)C[C@@H]1NC(=O)[C@@H](CC(C)C)N(C)C(=O)C[C@H](Cc2ccccc2)NC(=O)[C@H](Cc2ccccc2)NC(=O)CN(Cc2ccccc2)C(=O)[C@H]2CCCN2C1=O,hexa_58,2572,-5.56,6,6,Circle,0.184546,0.0475989,-22.6466,9.073,8.108,0.965,0.168278,0.0416971,9.167,8.181,0.986,59,58,val,test,train,train,train,val,train,train,train,train,,val,0.2200000000000002,0.095192045
2541,2020_Townsend,CC(C)C[C@H]1C(=O)N[C@H](CC(C)C)C(=O)N2CCC[C@@H]2C(=O)N(C)[C@H](CC(C)C)C(=O)N[C@@H](Cc2ccccc2)C(=O)N[C@@H](Cc2ccccc2)CC(=O)N1C,hexa_27,2541,-5.0,6,6,Circle,0.159407,0.0470258,-20.2252,8.821,7.797,1.024,0.123496,0.0426624,8.856,7.734,1.122,72,62,train,test,train,train,test,train,train,train,train,train,,train,0.5,0.45443147
2537,2020_Townsend,CC(C)C[C@@H]1NC(=O)[C@H]2CCCN2C(=O)[C@H](CC(C)C)NC(=O)[C@H](CC(C)C)N(C)C(=O)C[C@H](Cc2ccccc2)NC(=O)[C@H](Cc2ccccc2)NC1=O,hexa_23,2537,-5.39,6,6,Circle,0.169217,0.0754521,-30.8782,9.218,8.084,1.134,0.188108,0.0711692,9.076,8.025,1.051,10,99,val,test,train,train,train,train,train,train,train,train,,val,0.3050000000000001,0.42877525
2534,2020_Townsend,CC(C)C[C@@H]1NC(=O)[C@@H](CC(C)C)NC(=O)C[C@H](Cc2ccccc2)NC(=O)[C@H](Cc2ccccc2)NC(=O)[C@H](CC(C)C)N(C)C(=O)[C@H]2CCCN2C1=O,hexa_20,2534,-5.12,6,6,Circle,0.171655,0.0439656,-26.7661,8.999,7.942,1.057,0.143274,0.0416277,9.23,8.03,1.2,44,61,train,test,train,val,train,val,train,train,train,test,,train,0.4399999999999999,0.29771394
2523,2020_Townsend,CC(C)C[C@H]1NC(=O)C[C@H](Cc2ccccc2)NC(=O)[C@H](Cc2ccccc2)NC(=O)[C@@H](CC(C)C)N(C)C(=O)[C@H]2CCCN2C(=O)[C@@H](CC(C)C)NC1=O,hexa_9,2523,-5.32,6,6,Circle,0.150833,0.0400837,-29.6769,8.701,7.545,1.156,0.158034,0.0431997,8.823,7.726,1.097,76,59,test,test,train,train,val,train,test,train,train,train,,test,0.3399999999999998,0.32568526
2516,2020_Townsend,CC(C)C[C@@H]1NC(=O)C[C@H](Cc2ccccc2)NC(=O)[C@H](Cc2ccccc2)NC(=O)[C@@H](CC(C)C)NC(=O)[C@H]2CCCN2C(=O)[C@@H](CC(C)C)NC1=O,hexa_2,2516,-6.02,6,6,Circle,0.138522,0.0494498,-21.8828,8.514,7.332,1.182,0.200309,0.0732378,8.738,7.593,1.145,63,32,train,test,train,train,train,train,train,train,train,test,,train,-0.0099999999999997,0.016388223
2339,2018_Naylor,CC(C)C[C@@H]1NC(=O)[C@H](Cc2ccccc2)NC(=O)[C@H]2CCCN2C(=O)[C@H](CC2CCCCC2)NC(=O)[C@H](CC2CCCCC2)NC(=O)[C@@H](C)NC1=O,1NMe3perNH-2Ala34Cha6F(45),2339,-5.34,6,6,Circle,0.140785,0.05713,-29.8145,8.553,7.23,1.323,0.156876,0.0296405,8.8,7.643,1.157,6,72,train,test,train,train,test,train,train,train,train,train,,train,0.33,0.21968542
2338,2018_Naylor,CC(C)C[C@@H]1NC(=O)[C@H](Cc2ccccc2)NC(=O)[C@H]2CCCN2C(=O)[C@H](CC(C)C)NC(=O)[C@H](CC(C)C)NC(=O)[C@@H](CC(C)C)NC1=O,1NMe3perNH-6F(44),2338,-4.99,6,6,Circle,0.197907,0.0644938,-25.0677,8.679,7.429,1.25,0.150279,0.0387317,8.652,7.663,0.989,96,51,train,test,val,train,train,train,train,train,train,train,,train,0.5049999999999999,-0.000718832
2307,2018_Naylor,CC(C)C[C@@H]1NC(=O)[C@H](Cc2ccccc2)N(C)C(=O)[C@H]2CCCN2C(=O)[C@H](CC(C)C)NC(=O)[C@H](C)N(C)C(=O)[C@@H](C)N(C)C1=O,1NMe3-23Ala6F(13),2307,-5.08,6,6,Circle,0.116004,0.0409561,-27.1225,7.888,6.728,1.16,0.107078,0.0387267,7.958,6.943,1.015,47,10,train,test,test,train,train,train,train,train,val,train,,train,0.4599999999999999,0.35660374
1812,2016_Furukawa,CCCC[C@@H]1NC(=O)[C@@H](CC(C)C)NC(=O)CN(CC2CCOCC2)C(=O)[C@@H](Cc2ccccc2)NC(=O)CN(CC)C(=O)[C@H]2CCCN2C1=O,2.8-09H,1812,-6.15,6,6,Circle,0.16215,0.058314,-26.1166,8.144,6.88,1.264,0.104348,0.0432726,8.174,6.935,1.239,48,7,train,test,test,train,train,val,val,train,train,train,,train,-0.0750000000000001,-0.08776149
1807,2016_Furukawa,CCCCCN1CC(=O)N[C@H](CC(C)C)C(=O)N[C@@H](CCCC)C(=O)N2CCC[C@@H]2C(=O)N(CCCOC(C)C)CC(=O)N[C@H](C)C1=O,2.8-04H,1807,-5.81,6,6,Circle,0.142793,0.047406,-18.2525,8.206,7.082,1.124,0.12467,0.0417578,8.362,7.205,1.157,61,20,train,test,train,train,train,train,train,train,train,train,,train,0.0950000000000002,-0.2770294
1804,2016_Furukawa,CCCCCN1CC(=O)N[C@H](CC(C)C)C(=O)N[C@@H](CCCC)C(=O)N2CCC[C@@H]2C(=O)N(CC)CC(=O)N[C@H](C)C1=O,2.8-01H,1804,-6.36,6,6,Circle,0.123755,0.0524612,-23.9696,7.214,5.915,1.299,0.090118,0.0340238,7.286,6.05,1.236,67,99,train,test,train,train,train,train,train,test,train,train,,train,-0.1800000000000001,-0.50071096
1797,2016_Furukawa,CCCC[C@@H]1NC(=O)[C@@H](CC(C)C)N(C)C(=O)CN(CC2CCOCC2)C(=O)[C@@H](C)NC(=O)CN(Cc2ccc3c(c2)OCO3)C(=O)[C@H]2CCCN2C1=O,2.8-12Me,1797,-6.05,6,6,Circle,0.201895,0.0787012,-34.1895,8.562,7.047,1.515,0.0946646,0.0376359,8.217,6.753,1.464,93,93,train,test,train,train,train,train,train,val,val,train,,train,-0.0249999999999999,-0.041040123
1788,2016_Furukawa,CCCC[C@@H]1NC(=O)[C@@H](CC(C)C)N(C)C(=O)CN(CC2CCOCC2)C(=O)[C@@H](C)NC(=O)CN(CC)C(=O)[C@H]2CCCN2C1=O,2.8-03Me,1788,-7.19,6,6,Circle,0.118869,0.0530562,-33.8829,7.784,6.448,1.336,0.108492,0.0580691,7.765,6.575,1.19,43,75,train,test,test,train,train,train,val,train,train,train,,train,-0.5950000000000002,-0.6911924
1787,2016_Furukawa,CCCC[C@@H]1NC(=O)[C@@H](CC(C)C)N(C)C(=O)CN(CC2CCCCC2)C(=O)[C@@H](C)NC(=O)CN(CC)C(=O)[C@H]2CCCN2C1=O,2.8-02Me,1787,-5.57,6,6,Circle,0.168262,0.0677544,-23.5416,7.786,6.497,1.289,0.112899,0.0439191,7.928,6.805,1.123,94,36,train,test,train,val,train,train,train,train,train,train,,train,0.2149999999999998,0.26805067
1779,2016_Furukawa,CCCC[C@@H]1NC(=O)[C@@H](CC(C)C)NC(=O)CN(CC2CCOCC2)C(=O)[C@@H](C)NC(=O)CN(Cc2ccc3c(c2)OCO3)C(=O)[C@@H]2CCCN2C1=O,2.7-12H,1779,-6.64,6,6,Circle,0.146803,0.0427257,-32.8717,8.436,6.918,1.518,0.216343,0.067889,8.627,7.029,1.598,83,79,train,test,train,test,train,train,train,train,train,test,,train,-0.3199999999999998,-0.58837885
1770,2016_Furukawa,CCCC[C@@H]1NC(=O)[C@@H](CC(C)C)NC(=O)CN(CC2CCOCC2)C(=O)[C@@H](C)NC(=O)CN(CC)C(=O)[C@@H]2CCCN2C1=O,2.7-03H,1770,-8.0,6,6,Circle,0.174348,0.0740865,-26.2398,7.658,6.295,1.363,0.102929,0.0418542,7.824,6.388,1.436,11,21,train,test,train,test,train,train,train,val,train,train,,train,-1.0,-0.8971773
1766,2016_Furukawa,CCCC[C@@H]1NC(=O)[C@@H](CC(C)C)N(C)C(=O)CN(CC2CCCCC2)C(=O)[C@@H](Cc2ccccc2)NC(=O)CN(Cc2ccc3c(c2)OCO3)C(=O)[C@@H]2CCCN2C1=O,2.7-17Me,1766,-5.94,6,6,Circle,0.14298,0.0412389,-27.1682,9.78,8.442,1.338,0.149689,0.0351537,9.717,8.411,1.306,84,7,train,test,val,train,train,train,train,train,train,train,,train,0.0299999999999998,0.13558532
1765,2016_Furukawa,CCCCCN1CC(=O)N(C)[C@H](CC(C)C)C(=O)N[C@@H](CCCC)C(=O)N2CCC[C@H]2C(=O)N(Cc2ccc3c(c2)OCO3)CC(=O)N[C@H](Cc2ccccc2)C1=O,2.7-16Me,1765,-5.43,6,6,Circle,0.195879,0.0405057,-30.3714,9.33,8.084,1.246,0.170121,0.0410038,9.288,8.012,1.276,62,45,val,test,test,train,train,train,train,train,train,train,,val,0.2850000000000001,-0.7239026
1755,2016_Furukawa,CCCC[C@@H]1NC(=O)[C@@H](CC(C)C)N(C)C(=O)CN(CC2CCCCC2)C(=O)[C@@H](C)NC(=O)CN(CCCOC(C)C)C(=O)[C@@H]2CCCN2C1=O,2.7-06Me,1755,-5.3,6,6,Circle,0.1382,0.035602,-20.143,9.004,7.823,1.181,0.144207,0.0396279,8.66,7.516,1.144,71,71,train,test,val,train,train,val,train,train,val,train,,train,0.3500000000000001,0.52055746
1754,2016_Furukawa,CCCCCN1CC(=O)N(C)[C@H](CC(C)C)C(=O)N[C@@H](CCCC)C(=O)N2CCC[C@H]2C(=O)N(CC)CC(=O)N[C@H](Cc2ccccc2)C1=O,2.7-05Me,1754,-4.96,6,6,Circle,0.133399,0.0446262,-22.1943,8.662,7.685,0.977,0.134686,0.0369537,8.369,7.314,1.055,5,18,train,test,train,train,train,train,train,train,train,val,,train,0.52,0.57112724
1720,2016_Furukawa,CCCC[C@@H]1NC(=O)[C@@H](CC(C)C)N(C)C(=O)CN(CC2CCOCC2)C(=O)[C@H](C)NC(=O)CN(CCCOC(C)C)C(=O)[C@H]2CCCN2C1=O,2.6-07Me,1720,-5.95,6,6,Circle,0.15349,0.0585508,-21.417,8.593,7.445,1.148,0.120441,0.0473891,8.466,7.352,1.114,3,44,train,test,train,test,train,train,test,train,train,train,,train,0.0249999999999999,0.042436853
1701,2016_Furukawa,CCCC[C@@H]1NC(=O)[C@@H](CC(C)C)NC(=O)CN(CC2CCCCC2)C(=O)[C@H](C)NC(=O)CN(CCCOC(C)C)C(=O)[C@@H]2CCCN2C1=O,2.5-06H,1701,-5.29,6,6,Circle,0.201079,0.0665993,-22.4203,8.568,7.302,1.266,0.151427,0.0418913,8.28,7.086,1.194,77,71,train,test,train,train,train,train,train,train,train,train,,train,0.355,0.23029627
1692,2016_Furukawa,CCCC[C@@H]1NC(=O)[C@@H](CC(C)C)N(C)C(=O)CN(CC2CCOCC2)C(=O)[C@H](Cc2ccccc2)NC(=O)CN(CCCOC(C)C)C(=O)[C@@H]2CCCN2C1=O,2.5-15Me,1692,-5.08,6,6,Circle,0.199787,0.0517758,-22.6511,9.709,8.561,1.148,0.104495,0.0317964,8.882,8.025,0.857,17,48,train,test,train,train,val,train,train,train,train,train,,train,0.4599999999999999,0.39971918
1673,2016_Furukawa,CCCC[C@@H]1NC(=O)[C@H](CC(C)C)NC(=O)CN(CC2CCCCC2)C(=O)[C@@H](Cc2ccccc2)NC(=O)CN(CCCOC(C)C)C(=O)[C@H]2CCCN2C1=O,2.4-14H,1673,-5.22,6,6,Circle,0.170293,0.0526258,-23.868,8.813,7.672,1.141,0.225304,0.0673205,9.124,7.839,1.285,14,35,test,test,train,train,train,train,train,train,train,train,,test,0.3900000000000001,0.45705086
1668,2016_Furukawa,CCCC[C@@H]1NC(=O)[C@H](CC(C)C)NC(=O)CN(CC2CCOCC2)C(=O)[C@@H](Cc2ccccc2)NC(=O)CN(CC)C(=O)[C@H]2CCCN2C1=O,2.4-09H,1668,-6.99,6,6,Circle,0.179202,0.067722,-31.1809,8.221,6.901,1.32,0.142527,0.0377558,8.362,6.912,1.45,50,63,train,test,train,train,train,train,train,train,train,train,,train,-0.4950000000000001,-0.5557797
1649,2016_Furukawa,CCCC[C@@H]1NC(=O)[C@H](CC(C)C)N(C)C(=O)CN(CC2CCCCC2)C(=O)[C@@H](Cc2ccccc2)NC(=O)CN(CC)C(=O)[C@H]2CCCN2C1=O,2.4-08Me,1649,-5.16,6,6,Circle,0.195285,0.0817057,-24.188,8.412,7.274,1.138,0.143382,0.0420334,8.505,7.321,1.184,73,82,train,test,train,train,train,train,train,train,train,train,,train,0.4199999999999999,0.46748298
1639,2016_Furukawa,CCCCCN1CC(=O)N[C@@H](CC(C)C)C(=O)N[C@@H](CCCC)C(=O)N2CCC[C@H]2C(=O)N(Cc2ccc3c(c2)OCO3)CC(=O)N[C@H](Cc2ccccc2)C1=O,2.3-16H,1639,-5.39,6,6,Circle,0.197642,0.0612967,-35.9512,8.508,6.919,1.589,0.180113,0.069005,8.602,6.96,1.642,49,81,val,test,val,val,train,train,train,train,val,train,,val,0.3050000000000001,0.34037584
1622,2016_Furukawa,CCCC[C@@H]1NC(=O)[C@H](CC(C)C)N(C)C(=O)CN(CC2CCCCC2)C(=O)[C@@H](Cc2ccccc2)NC(=O)CN(Cc2ccc3c(c2)OCO3)C(=O)[C@@H]2CCCN2C1=O,2.3-17Me,1622,-5.95,6,6,Circle,0.138373,0.0352112,-24.5147,8.61,7.175,1.435,0.136915,0.0422405,8.69,7.315,1.375,47,65,train,test,train,train,train,train,train,test,train,train,-6.39,test,0.0249999999999999,0.008582309
1604,2016_Furukawa,CCCC[C@@H]1NC(=O)[C@H](CC(C)C)NC(=O)CN(CC2CCCCC2)C(=O)[C@H](Cc2ccccc2)NC(=O)CN(Cc2ccc3c(c2)OCO3)C(=O)[C@H]2CCCN2C1=O,2.2-18H,1604,-5.71,6,6,Circle,0.156341,0.0542141,-24.0887,9.114,7.57,1.544,0.149527,0.044153,9.059,7.588,1.471,39,10,train,test,test,test,train,train,test,train,test,train,,train,0.145,0.3084659
1598,2016_Furukawa,CCCC[C@@H]1NC(=O)[C@H](CC(C)C)NC(=O)CN(CC2CCCCC2)C(=O)[C@H](C)NC(=O)CN(Cc2ccc3c(c2)OCO3)C(=O)[C@H]2CCCN2C1=O,2.2-12H,1598,-5.1,6,6,Circle,0.134827,0.0557919,-31.0774,8.786,7.386,1.4,0.138514,0.0354339,8.307,6.801,1.506,53,54,train,test,train,train,val,train,train,train,test,val,,train,0.4500000000000002,0.45880085
1570,2016_Furukawa,CCCCCN1CC(=O)N(C)[C@@H](CC(C)C)C(=O)N[C@@H](CCCC)C(=O)N2CCC[C@@H]2C(=O)N(CC)CC(=O)N[C@@H](C)C1=O,2.2-01Me,1135,-5.4,6,6,Circle,0.135029,0.0534357,-16.3872,7.692,6.548,1.144,0.102216,0.0380935,7.634,6.522,1.112,46,28,test,test,val,train,test,train,train,train,test,train,,test,0.2999999999999998,0.32128215
1567,2016_Furukawa,CCCCCN1CC(=O)N[C@@H](CC(C)C)C(=O)N[C@@H](CCCC)C(=O)N2CCC[C@H]2C(=O)N(Cc2ccc3c(c2)OCO3)CC(=O)N[C@@H](Cc2ccccc2)C1=O,2.1-16H,1567,-5.09,6,6,Circle,0.18391,0.0519066,-28.3332,9.054,7.8,1.254,0.204871,0.0458251,9.27,8.056,1.214,84,37,train,test,train,test,val,train,train,train,train,train,,train,0.455,0.20433067
1528,2016_Furukawa,CCCC[C@@H]1NC(=O)[C@H](CC(C)C)N(C)C(=O)CN(CC2CCOCC2)C(=O)[C@H](Cc2ccc3ccccc3c2)NC(=O)CN(Cc2ccccc2Cn2cccn2)C(=O)[C@H]2CCCN2C1=O,1.10-35,1528,-6.29,6,6,Circle,0.200827,0.0792364,-26.3971,9.926,8.763,1.163,0.114635,0.0409994,10.051,8.905,1.146,48,69,train,test,train,test,train,train,train,train,test,train,,train,-0.145,-0.035016224
1523,2016_Furukawa,CCCCCN1CC(=O)N(C)[C@@H](CC(C)C)C(=O)N[C@@H](CCCC)C(=O)N2CCC[C@@H]2C(=O)N(Cc2ccccc2Cn2cccn2)CC(=O)N[C@@H](Cc2ccc3ccccc3c2)C1=O,1.10-30,1523,-7.8,6,6,Circle,0.205076,0.047594,-24.6104,10.333,9.218,1.115,0.177267,0.0435556,10.273,9.193,1.08,84,48,train,test,train,train,train,train,train,train,train,train,,train,-0.8999999999999999,-0.9558027
1519,2016_Furukawa,CCCC[C@@H]1NC(=O)[C@H](CC(C)C)N(C)C(=O)CN(CCc2cccnc2)C(=O)[C@H](Cc2ccccc2)NC(=O)CN(Cc2ccccc2Cn2cccn2)C(=O)[C@H]2CCCN2C1=O,1.10-26,1519,-5.69,6,6,Circle,0.178322,0.0534534,-29.7638,9.704,8.577,1.127,0.160183,0.0400799,9.209,8.303,0.906,51,89,test,test,train,train,train,train,train,train,train,train,,test,0.1549999999999998,0.081210926
1515,2016_Furukawa,CCCC[C@@H]1NC(=O)[C@H](CC(C)C)N(C)C(=O)CN(Cc2ccccc2)C(=O)[C@H](Cc2ccccc2)NC(=O)CN(Cc2ccccc2Cn2cccn2)C(=O)[C@H]2CCCN2C1=O,1.10-22,1515,-6.46,6,6,Circle,0.24922,0.0634134,-28.3418,9.893,8.776,1.117,0.20883,0.0499562,9.797,8.719,1.078,26,20,train,test,train,train,test,train,val,train,train,train,,train,-0.2299999999999999,-0.18909763
1513,2016_Furukawa,CCCC[C@@H]1NC(=O)[C@H](CC(C)C)N(C)C(=O)CN(CCOc2ccccc2)C(=O)[C@H](CC(C)C)NC(=O)CN(Cc2ccccc2Cn2cccn2)C(=O)[C@H]2CCCN2C1=O,1.10-20,1513,-6.23,6,6,Circle,0.230509,0.0657417,-26.583,9.913,8.75,1.163,0.189163,0.0466576,9.873,8.739,1.134,62,32,train,test,test,train,train,train,val,train,train,train,,train,-0.1150000000000002,0.042614266
1511,2016_Furukawa,CCCC[C@@H]1NC(=O)[C@H](CC(C)C)N(C)C(=O)CN(CCc2cccnc2)C(=O)[C@H](CC(C)C)NC(=O)CN(Cc2ccccc2Cn2cccn2)C(=O)[C@H]2CCCN2C1=O,1.10-18,1511,-5.59,6,6,Circle,0.183257,0.0469187,-28.8204,9.702,8.463,1.239,0.18364,0.0484585,9.309,8.235,1.074,81,65,train,test,train,test,train,test,test,train,train,train,,train,0.205,0.08779539
1509,2016_Furukawa,CCCC[C@@H]1NC(=O)[C@H](CC(C)C)N(C)C(=O)CN(CC2CCOCC2)C(=O)[C@H](CC(C)C)NC(=O)CN(Cc2ccccc2Cn2cccn2)C(=O)[C@H]2CCCN2C1=O,1.10-16,1509,-5.38,6,6,Circle,0.17352,0.0422392,-26.4505,9.952,8.681,1.271,0.136639,0.0412252,9.56,8.427,1.133,81,99,train,test,train,train,train,train,train,train,train,test,,train,0.31,0.3230573
1506,2016_Furukawa,CCCC[C@@H]1NC(=O)[C@H](CC(C)C)N(C)C(=O)CN(Cc2ccccc2)C(=O)[C@H](CC(C)C)NC(=O)CN(Cc2ccccc2Cn2cccn2)C(=O)[C@H]2CCCN2C1=O,1.10-13,1506,-5.66,6,6,Circle,0.204873,0.06364,-28.2389,9.775,8.586,1.189,0.171673,0.0445302,9.793,8.662,1.131,68,88,train,test,train,train,val,train,train,train,train,train,,train,0.1699999999999999,0.15579839
1447,2016_Furukawa,CCCC[C@@H]1NC(=O)[C@H](CC(C)C)N(C)C(=O)CN(CC2CCCCC2)C(=O)[C@H](Cc2ccc3ccccc3c2)NC(=O)CN(Cc2ccc3c(c2)OCO3)C(=O)[C@H]2CCCN2C1=O,1.8-34,1447,-9.12,6,6,Circle,0.17961,0.0391611,-22.1815,9.594,8.457,1.137,0.16586,0.0435218,9.855,8.572,1.283,70,10,train,test,train,train,train,val,train,test,train,val,,train,-1.0,-0.96850425
1437,2016_Furukawa,CCCC[C@@H]1NC(=O)[C@H](CC(C)C)N(C)C(=O)CN(CC2CCCCC2)C(=O)[C@H](Cc2ccccc2)NC(=O)CN(Cc2ccc3c(c2)OCO3)C(=O)[C@H]2CCCN2C1=O,1.8-24,1437,-7.54,6,6,Circle,0.143362,0.039722,-20.34,9.246,8.073,1.173,0.171013,0.0385058,9.055,7.92,1.135,88,31,train,test,train,train,train,train,train,train,train,train,,train,-0.77,-0.61632895
1434,2016_Furukawa,CCCC[C@@H]1NC(=O)[C@H](CC(C)C)N(C)C(=O)CN(CCCc2cnn(C)c2)C(=O)[C@H](CC(C)C)NC(=O)CN(Cc2ccc3c(c2)OCO3)C(=O)[C@H]2CCCN2C1=O,1.8-21,1434,-5.44,6,6,Circle,0.193996,0.0442191,-23.8169,9.047,7.591,1.456,0.161263,0.0395093,9.057,7.807,1.25,66,72,val,test,train,train,val,train,train,train,train,train,,val,0.2799999999999998,0.29518276
1420,2016_Furukawa,CCCC[C@@H]1NC(=O)[C@H](CC(C)C)N(C)C(=O)CN(CCc2cccnc2)C(=O)[C@H](C)NC(=O)CN(Cc2ccc3c(c2)OCO3)C(=O)[C@H]2CCCN2C1=O,1.8-07,1420,-6.27,6,6,Circle,0.195582,0.0446891,-28.6317,8.688,7.286,1.402,0.229286,0.0473104,8.724,7.288,1.436,18,22,train,test,train,train,train,train,val,train,train,train,,train,-0.1349999999999998,-0.17624447
1401,2016_Furukawa,CCCC[C@@H]1NC(=O)[C@H](CC(C)C)N(C)C(=O)CN(CCCc2ccccc2)C(=O)[C@H](Cc2ccccc2)NC(=O)CN(CCCCc2ccccc2)C(=O)[C@H]2CCCN2C1=O,1.7-28,1401,-8.51,6,6,Circle,0.202378,0.0396554,-18.5267,9.71,8.838,0.872,0.195953,0.0417771,9.752,8.898,0.854,18,80,train,test,train,train,train,train,train,val,train,train,,train,-1.0,-1.033521
1386,2016_Furukawa,CCCC[C@@H]1NC(=O)[C@H](CC(C)C)N(C)C(=O)CN(Cc2ccccc2)C(=O)[C@H](CC(C)C)NC(=O)CN(CCCCc2ccccc2)C(=O)[C@H]2CCCN2C1=O,1.7-13,1386,-7.53,6,6,Circle,0.242294,0.0561931,-21.8037,9.459,8.425,1.034,0.17494,0.0440312,9.176,8.286,0.89,78,52,train,test,train,train,train,train,train,train,train,test,,train,-0.7650000000000001,-0.52336407
1349,2016_Furukawa,CCCC[C@@H]1NC(=O)[C@H](CC(C)C)N(C)C(=O)CN(CC2CCOCC2)C(=O)[C@H](CC(C)C)NC(=O)CN(Cc2ccc(Cl)cc2)C(=O)[C@H]2CCCN2C1=O,1.6-16,1349,-5.22,6,6,Circle,0.177938,0.046174,-21.4886,9.312,8.115,1.197,0.158018,0.0449276,8.902,7.838,1.064,87,87,train,test,train,train,train,train,val,train,train,train,,train,0.3900000000000001,0.36352593
1327,2016_Furukawa,CCCC[C@@H]1NC(=O)[C@H](CC(C)C)N(C)C(=O)CN(CC2CCCCC2)C(=O)[C@H](Cc2ccc3ccccc3c2)NC(=O)CN(CCN2CCOCC2)C(=O)[C@H]2CCCN2C1=O,1.5-34,1327,-6.42,6,6,Circle,0.129984,0.0426177,-25.4565,9.987,8.73,1.257,0.148339,0.0415615,9.627,8.547,1.08,8,49,val,test,val,train,test,train,train,val,train,test,,val,-0.2099999999999999,-0.059300475
1322,2016_Furukawa,CCCC[C@@H]1NC(=O)[C@H](CC(C)C)N(C)C(=O)CN(CCOc2ccccc2)C(=O)[C@H](Cc2ccccc2)NC(=O)CN(CCN2CCOCC2)C(=O)[C@H]2CCCN2C1=O,1.5-29,1322,-5.76,6,6,Circle,0.21194,0.0549488,-28.3309,9.862,8.641,1.221,0.178637,0.0434057,9.558,8.398,1.16,49,17,train,test,train,train,train,train,train,test,test,train,,train,0.1200000000000001,0.19679125
1320,2016_Furukawa,CCCC[C@@H]1NC(=O)[C@H](CC(C)C)N(C)C(=O)CN(CCOC)C(=O)[C@H](Cc2ccc3ccccc3c2)NC(=O)CN(CCN2CCOCC2)C(=O)[C@H]2CCCN2C1=O,1.5-27,1320,-5.73,6,6,Circle,0.20038,0.0490186,-29.1149,9.721,8.455,1.266,0.134472,0.0418534,9.251,8.081,1.17,32,88,train,test,train,train,train,train,train,train,train,train,,train,0.1349999999999998,0.04911314
1304,2016_Furukawa,CCCC[C@@H]1NC(=O)[C@H](CC(C)C)N(C)C(=O)CN(CCCc2cnn(C)c2)C(=O)[C@H](C)NC(=O)CN(CCN2CCOCC2)C(=O)[C@H]2CCCN2C1=O,1.5-11,1304,-8.2,6,6,Circle,0.207817,0.062788,-33.6081,9.377,7.903,1.474,0.158512,0.0433668,8.472,7.257,1.215,16,75,train,test,train,train,train,val,train,train,train,train,,train,-1.0,-0.87454695
1297,2016_Furukawa,CCCC[C@@H]1NC(=O)[C@H](CC(C)C)N(C)C(=O)CN(CC2CCCCC2)C(=O)[C@H](C)NC(=O)CN(CCN2CCOCC2)C(=O)[C@H]2CCCN2C1=O,1.5-04,1297,-5.92,6,6,Circle,0.156198,0.0584512,-24.4633,8.816,7.533,1.283,0.138448,0.0478806,8.731,7.539,1.192,100,74,train,test,train,train,train,train,train,train,train,test,,train,0.04,0.029101834
1290,2016_Furukawa,CCCC[C@@H]1NC(=O)[C@H](CC(C)C)N(C)C(=O)CN(CCCc2ccccc2)C(=O)[C@H](Cc2ccc3ccccc3c2)NC(=O)CN(CCCOC(C)C)C(=O)[C@H]2CCCN2C1=O,1.4-37,1290,-7.0,6,6,Circle,0.204268,0.0409016,-20.7621,10.299,9.208,1.091,0.152847,0.0401948,9.541,8.712,0.829,73,8,train,test,train,train,train,train,train,train,train,train,,train,-0.5,-0.7234275
1288,2016_Furukawa,CCCC[C@@H]1NC(=O)[C@H](CC(C)C)N(C)C(=O)CN(CC2CCOCC2)C(=O)[C@H](Cc2ccc3ccccc3c2)NC(=O)CN(CCCOC(C)C)C(=O)[C@H]2CCCN2C1=O,1.4-35,1288,-5.28,6,6,Circle,0.155162,0.0461132,-21.7001,9.859,8.647,1.212,0.13396,0.0438262,9.244,8.261,0.983,20,35,train,test,train,train,train,train,train,train,train,train,,train,0.3599999999999999,0.3653193
1287,2016_Furukawa,CCCC[C@@H]1NC(=O)[C@H](CC(C)C)N(C)C(=O)CN(CC2CCCCC2)C(=O)[C@H](Cc2ccc3ccccc3c2)NC(=O)CN(CCCOC(C)C)C(=O)[C@H]2CCCN2C1=O,1.4-34,1287,-6.98,6,6,Circle,0.154571,0.0451654,-16.5293,9.76,8.726,1.034,0.138808,0.0382769,9.662,8.714,0.948,35,35,train,test,train,train,train,train,train,train,train,train,,train,-0.4900000000000002,-0.53395045
1285,2016_Furukawa,CCCC[C@@H]1NC(=O)[C@H](CC(C)C)N(C)C(=O)CN(CCCN2CCCC2=O)C(=O)[C@H](Cc2ccccc2)NC(=O)CN(CCCOC(C)C)C(=O)[C@H]2CCCN2C1=O,1.4-32,1285,-6.23,6,6,Circle,0.19931,0.0508728,-27.495,9.834,8.483,1.351,0.163649,0.0407463,9.117,8.006,1.111,93,43,train,test,train,train,train,train,train,train,train,train,,train,-0.1150000000000002,-0.102326855
1281,2016_Furukawa,CCCC[C@@H]1NC(=O)[C@H](CC(C)C)N(C)C(=O)CN(CCCc2ccccc2)C(=O)[C@H](Cc2ccccc2)NC(=O)CN(CCCOC(C)C)C(=O)[C@H]2CCCN2C1=O,1.4-28,1281,-5.86,6,6,Circle,0.191927,0.0404058,-21.6708,10.082,9.0,1.082,0.164348,0.0374858,9.189,8.356,0.833,31,90,train,test,test,train,train,train,test,train,test,train,,train,0.0699999999999998,0.11687918
1265,2016_Furukawa,CCCC[C@@H]1NC(=O)[C@H](CC(C)C)N(C)C(=O)CN(CCCN2CCCC2=O)C(=O)[C@H](C)NC(=O)CN(CCCOC(C)C)C(=O)[C@H]2CCCN2C1=O,1.4-12,1265,-7.72,6,6,Circle,0.174831,0.0397461,-29.4913,9.334,7.786,1.548,0.121831,0.0345484,8.677,7.414,1.263,58,90,train,test,train,train,train,train,train,train,train,train,,train,-0.8599999999999999,-0.82005554
1237,2016_Furukawa,CCCC[C@@H]1NC(=O)[C@H](CC(C)C)N(C)C(=O)CN(CC2CCCCC2)C(=O)[C@H](Cc2ccccc2)NC(=O)CN(CC(C)C)C(=O)[C@H]2CCCN2C1=O,1.3-24,1237,-6.82,6,6,Circle,0.132393,0.0408216,-16.7004,9.254,8.124,1.13,0.134479,0.0392392,9.117,8.03,1.087,3,42,train,test,train,train,train,train,train,train,train,train,,train,-0.4100000000000001,-0.33778828
1236,2016_Furukawa,CCCC[C@@H]1NC(=O)[C@H](CC(C)C)N(C)C(=O)CN(CCCN2CCCC2=O)C(=O)[C@H](CC(C)C)NC(=O)CN(CC(C)C)C(=O)[C@H]2CCCN2C1=O,1.3-23,1236,-6.27,6,6,Circle,0.181161,0.0605228,-28.6136,9.075,7.544,1.531,0.0917372,0.0359883,8.597,7.414,1.183,46,81,train,test,train,train,train,train,test,train,val,train,,train,-0.1349999999999998,-0.20080966
1211,2016_Furukawa,CCCC[C@@H]1NC(=O)[C@H](CC(C)C)N(C)C(=O)CN(CCOc2ccccc2)C(=O)[C@H](Cc2ccc3ccccc3c2)NC(=O)CN(CCC)C(=O)[C@H]2CCCN2C1=O,1.2-38,1211,-7.29,6,6,Circle,0.181112,0.0521427,-19.7627,9.271,8.24,1.031,0.132464,0.0416329,9.382,8.37,1.012,49,33,train,test,train,train,train,val,train,train,train,train,,train,-0.645,-0.39650297
1197,2016_Furukawa,CCCC[C@@H]1NC(=O)[C@H](CC(C)C)N(C)C(=O)CN(CC2CCCCC2)C(=O)[C@H](Cc2ccccc2)NC(=O)CN(CCC)C(=O)[C@H]2CCCN2C1=O,1.2-24,1197,-6.23,6,6,Circle,0.137188,0.0426022,-17.0874,9.071,7.962,1.109,0.138558,0.0435704,8.912,7.892,1.02,51,42,train,test,train,test,train,train,test,train,train,train,,train,-0.1150000000000002,0.059356958
1192,2016_Furukawa,CCCC[C@@H]1NC(=O)[C@H](CC(C)C)N(C)C(=O)CN(CCCc2ccccc2)C(=O)[C@H](CC(C)C)NC(=O)CN(CCC)C(=O)[C@H]2CCCN2C1=O,1.2-19,1192,-5.57,6,6,Circle,0.176029,0.0568115,-19.3267,8.915,7.841,1.074,0.174217,0.042176,8.821,7.831,0.99,71,50,test,test,train,val,train,test,train,train,train,train,,test,0.2149999999999998,0.16541411
1189,2016_Furukawa,CCCC[C@@H]1NC(=O)[C@H](CC(C)C)N(C)C(=O)CN(CC2CCOCC2)C(=O)[C@H](CC(C)C)NC(=O)CN(CCC)C(=O)[C@H]2CCCN2C1=O,1.2-16,1189,-5.34,6,6,Circle,0.11476,0.0425739,-20.1644,8.737,7.49,1.247,0.117707,0.0455208,8.583,7.42,1.163,35,16,test,test,train,train,train,val,train,train,test,train,,test,0.33,0.30262256
1182,2016_Furukawa,CCCC[C@@H]1NC(=O)[C@H](CC(C)C)N(C)C(=O)CN(CCCc2ccccc2)C(=O)[C@H](C)NC(=O)CN(CCC)C(=O)[C@H]2CCCN2C1=O,1.2-09,1182,-4.96,6,6,Circle,0.169766,0.0520378,-23.3257,8.456,7.289,1.167,0.151824,0.0427557,8.505,7.375,1.13,100,21,train,test,train,train,val,train,train,test,train,train,,train,0.52,0.4616753
1174,2016_Furukawa,CCCC[C@@H]1NC(=O)[C@H](CC(C)C)N(C)C(=O)CN(CCOC)C(=O)[C@H](C)NC(=O)CN(CCC)C(=O)[C@H]2CCCN2C1=O,1.2-01,1174,-6.56,6,6,Circle,0.135147,0.0643544,-23.6071,7.877,6.548,1.329,0.0804955,0.0363216,7.759,6.544,1.215,8,56,test,test,train,val,train,train,train,train,train,train,,test,-0.2799999999999998,-0.3915829
1164,2016_Furukawa,CCCC[C@@H]1NC(=O)[C@H](CC(C)C)N(C)C(=O)CN(CCCc2cnn(C)c2)C(=O)[C@H](Cc2ccccc2)NC(=O)CN(CC)C(=O)[C@H]2CCCN2C1=O,1.1-31,1164,-5.7,6,6,Circle,0.183503,0.0600505,-25.4676,8.713,7.587,1.126,0.138265,0.0386006,8.398,7.426,0.972,43,86,train,test,train,train,train,train,train,test,val,val,,train,0.1499999999999999,0.17975245
1159,2016_Furukawa,CCCC[C@@H]1NC(=O)[C@H](CC(C)C)N(C)C(=O)CN(CCc2cccnc2)C(=O)[C@H](Cc2ccccc2)NC(=O)CN(CC)C(=O)[C@H]2CCCN2C1=O,1.1-26,1159,-5.87,6,6,Circle,0.160192,0.0543838,-22.7676,8.454,7.438,1.016,0.161258,0.0412898,8.486,7.47,1.016,73,3,train,test,test,val,train,train,train,train,train,train,,train,0.0649999999999999,0.03696163
1142,2016_Furukawa,CCCC[C@@H]1NC(=O)[C@H](CC(C)C)N(C)C(=O)CN(CCCc2ccccc2)C(=O)[C@H](C)NC(=O)CN(CC)C(=O)[C@H]2CCCN2C1=O,1.1-09,1142,-5.16,6,6,Circle,0.165237,0.0474075,-21.5477,8.305,7.177,1.128,0.153033,0.0513355,8.269,7.168,1.101,66,14,train,test,train,test,train,train,test,train,test,val,,train,0.4199999999999999,0.3646841
1141,2016_Furukawa,CCCCCN1CC(=O)N(C)[C@@H](CC(C)C)C(=O)N[C@@H](CCCC)C(=O)N2CCC[C@@H]2C(=O)N(CC)CC(=O)N[C@@H](CC(C)C)C1=O,1.1-08,1141,-4.94,6,6,Circle,0.145302,0.0595251,-16.9482,8.356,7.23,1.126,0.122303,0.042128,8.28,7.243,1.037,24,33,train,test,train,train,train,train,train,train,test,train,,train,0.5299999999999998,0.3849315
1093,2015_Wang,N=C(N)NCCC[C@@H]1NC(=O)[C@H](Cc2cc3ccccc3[nH]2)NC(=O)[C@H]2CCCN2C(=O)[C@H](CCCCN)NC(=O)[C@H](CCCNC(=N)N)NC(=O)[C@@H](CCCNC(=N)N)NC1=O,Compound.49,1093,-10.0,6,6,Circle,0.203851,0.0524626,-455.5223,10.7,8.091,2.609,0.10966,0.0321923,10.132,8.041,2.091,11,13,val,test,test,train,train,train,train,train,train,test,-7.91,test,-1.0,-0.63376766
1083,2015_Wang,CC(C)C[C@@H]1NC(=O)[C@H](Cc2ccccc2)NC(=O)CNC(=O)[C@@H](C)NC(=O)[C@H](Cc2ccc(O)cc2)NC(=O)[C@@H]2CCCN2C1=O,Compound.39,1083,-7.52,6,6,Circle,0.165334,0.0404434,-45.593,7.74,6.208,1.532,0.217293,0.108287,7.274,5.906,1.368,2,72,train,test,train,train,val,train,train,test,train,train,,train,-0.7599999999999998,-0.858694
1082,2015_Wang,CC(C)C[C@@H]1NC(=O)[C@@H](Cc2ccccc2)NC(=O)CNC(=O)[C@@H](C)NC(=O)[C@H](Cc2ccc(O)cc2)NC(=O)[C@@H]2CCCN2C1=O,Compound.38,1082,-8.0,6,6,Circle,0.095464,0.05024,-44.2082,7.619,6.019,1.6,0.114403,0.0330259,7.434,6.099,1.335,19,32,train,test,train,train,train,val,train,val,test,train,,train,-1.0,-0.85777074
1074,2015_Wang,CC(C)C[C@@H]1NC(=O)[C@H](Cc2cc3ccccc3[nH]2)NC(=O)[C@H]2CCCN2C(=O)[C@H](CC(C)C)NC(=O)[C@H](Cc2cc3ccccc3[nH]2)NC(=O)[C@@H](CC(C)C)NC1=O,Compound.30,1074,-10.0,6,6,Circle,0.168194,0.0412098,-30.1441,9.337,7.949,1.388,0.106694,0.0389486,9.154,7.809,1.345,70,49,train,test,val,train,train,train,test,test,test,train,-8.0,test,-1.0,-0.74223775
1061,2015_Wang,CC(C)C[C@@H]1NC(=O)[C@H](CC(C)C)N(C)C(=O)[C@@H](CC(C)C)N(C)C(=O)[C@H](CC(C)C)N(C)C(=O)[C@H](Cc2ccc(O)cc2)N(C)C(=O)[C@H]2CCCN2C1=O,Compound.17,1061,-5.82,6,6,Circle,0.165121,0.0615729,-29.2069,9.221,8.25,0.971,0.163223,0.0455557,9.174,8.279,0.895,23,32,train,test,val,train,train,train,train,train,test,train,,train,0.0899999999999998,-0.09939854
