CycPeptMPDB_ID,Source,SMILES,Original_Name_in_Source_Literature,Structurally_Unique_ID,PAMPA,Monomer_Length,Monomer_Length_in_Main_Chain,Molecule_Shape,Water_avgRMSD_All,Water_avgRMSD_BackBone,Desolvation_Free_Energy,Water_3D_SASA,Water_3D_NPSA,Water_3D_PSA,Hexane_avgRMSD_All,Hexane_avgRMSD_BackBone,Hexane_3D_SASA,Hexane_3D_NPSA,Hexane_3D_PSA,Water_RepFrame,Hexane_RepFrame,split_0,split_1,split_2,split_3,split_4,split_5,split_6,split_7,split_8,split_9,PAMPA_WuXi,split_wuxi,Normalized_PAMPA,Pred_9
7067,2021_Kelly,CC(=O)N[C@@H]1C(=O)N2CCC[C@H]2C(=O)N(C)[C@H](CC(C)C)C(=O)N(C)[C@H](CC(C)C)C(=O)N(C)[C@H](CC(C)C)C(=O)N(C)[C@H](CC(C)C)C(=O)N(C)[C@H](C)C(=O)N[C@@H](CC(C)C)C(=O)N2CCC[C@@H]2C(=O)O[C@@H]1C,L4_4.4.4.4.1,7067,-5.1,10,9,Lariat,0.133914,0.0724431,-20.9324,11.24,9.708,1.532,0.134837,0.080495,11.24,9.771,1.469,12,30,train,train,train,train,train,train,train,train,train,test,,train,0.4500000000000002,0.20453946
7052,2021_Kelly,CC(=O)N[C@@H]1C(=O)N2CCC[C@H]2C(=O)N(C)[C@H](CC(C)C)C(=O)N(C)[C@H](CC(C)C)C(=O)N[C@@H](CC(C)C)C(=O)N[C@H](CC(C)C)C(=O)N[C@H](C)C(=O)N[C@@H](CC(C)C)C(=O)N2CCC[C@@H]2C(=O)O[C@@H]1C,L4_4.1.2.2.1,7052,-6.18,10,9,Lariat,0.204174,0.108835,-30.5486,11.037,9.076,1.961,0.127348,0.070517,10.68,8.92,1.76,30,46,train,train,val,train,train,train,train,train,train,test,,train,-0.0899999999999998,-0.38897043
7037,2021_Kelly,CC(=O)N[C@@H]1C(=O)N2CCC[C@H]2C(=O)N(C)[C@H](CC(C)C)C(=O)N(C)[C@@H](CC(C)C)C(=O)N[C@@H](CC(C)C)C(=O)N[C@H](CC(C)C)C(=O)N[C@H](C)C(=O)N[C@@H](CC(C)C)C(=O)N2CCC[C@@H]2C(=O)O[C@@H]1C,L4_3.1.2.2.1,7037,-6.41,10,9,Lariat,0.134622,0.0748197,-34.3385,11.139,9.268,1.871,0.0984571,0.046229,10.545,9.186,1.359,95,70,train,train,train,train,val,train,train,train,train,test,,train,-0.205,-0.07231735
7027,2021_Kelly,CC(=O)N[C@@H]1C(=O)N2CCC[C@H]2C(=O)N(C)[C@H](CC(C)C)C(=O)N[C@H](CC(C)C)C(=O)N(C)[C@@H](CC(C)C)C(=O)N[C@@H](CC(C)C)C(=O)N[C@@H](C)C(=O)N[C@@H](CC(C)C)C(=O)N2CCC[C@@H]2C(=O)O[C@@H]1C,L4_2.3.1.1.1,7027,-6.88,10,9,Lariat,0.116088,0.0655413,-31.5607,11.236,9.363,1.873,0.123828,0.06944,11.035,9.426,1.609,23,46,train,train,train,train,train,train,val,train,train,test,,train,-0.4399999999999999,-0.16752149
7025,2021_Kelly,CC(=O)N[C@@H]1C(=O)N2CCC[C@H]2C(=O)N(C)[C@H](CC(C)C)C(=O)N[C@H](CC(C)C)C(=O)N[C@H](CC(C)C)C(=O)N(C)[C@H](CC(C)C)C(=O)N(C)[C@@H](C)C(=O)N[C@@H](CC(C)C)C(=O)N2CCC[C@@H]2C(=O)O[C@@H]1C,L4_2.2.4.3.1,7025,-6.44,10,9,Lariat,0.155245,0.0899695,-34.9226,11.246,9.119,2.127,0.0977114,0.0587842,11.331,9.228,2.103,56,24,train,train,train,train,train,train,train,train,train,test,,train,-0.2200000000000002,-0.017834563
7011,2021_Kelly,CC(=O)N[C@@H]1C(=O)N2CCC[C@H]2C(=O)N(C)[C@H](CC(C)C)C(=O)N[C@H](CC(C)C)C(=O)N[C@@H](CC(C)C)C(=O)N(C)[C@@H](CC(C)C)C(=O)N(C)[C@@H](C)C(=O)N[C@@H](CC(C)C)C(=O)N2CCC[C@@H]2C(=O)O[C@@H]1C,L4_2.1.3.3.1,7011,-6.54,10,9,Lariat,0.14318,0.0806374,-33.8854,11.238,9.194,2.044,0.112016,0.0497931,10.91,9.294,1.616,46,75,train,test,train,train,train,train,train,train,train,test,,train,-0.27,-0.11893232
6993,2021_Kelly,CC(=O)N[C@@H]1C(=O)N2CCC[C@H]2C(=O)N(C)[C@H](CC(C)C)C(=O)N[C@@H](CC(C)C)C(=O)N[C@H](CC(C)C)C(=O)N[C@@H](CC(C)C)C(=O)N(C)[C@H](C)C(=O)N[C@@H](CC(C)C)C(=O)N2CCC[C@@H]2C(=O)O[C@@H]1C,L4_1.2.1.4.1,6993,-6.75,10,9,Lariat,0.169796,0.114288,-27.5175,10.962,9.085,1.877,0.130322,0.0734502,11.659,9.63,2.029,11,82,val,train,train,val,val,train,train,val,train,test,,val,-0.375,-0.115434155
6958,2021_Kelly,CC(=O)N1CCC[C@H]1C(=O)N[C@@H]1C(=O)N[C@H](CC(C)C)C(=O)N(C)[C@H](CC(C)C)C(=O)N[C@H](CC(C)C)C(=O)N[C@@H](CC(C)C)C(=O)N[C@H](C)C(=O)N[C@@H](CC(C)C)C(=O)N2CCC[C@@H]2C(=O)O[C@@H]1C,L3_4.2.1.2.1,6958,-6.13,10,8,Lariat,0.186965,0.121479,-39.2817,11.316,9.103,2.213,0.126787,0.0729885,10.824,9.223,1.601,98,95,train,val,val,train,train,train,test,val,train,test,,train,-0.0649999999999999,0.13344406
6957,2021_Kelly,CC(=O)N1CCC[C@H]1C(=O)N[C@@H]1C(=O)N[C@H](CC(C)C)C(=O)N(C)[C@H](CC(C)C)C(=O)N[C@@H](CC(C)C)C(=O)N(C)[C@H](CC(C)C)C(=O)N(C)[C@H](C)C(=O)N[C@@H](CC(C)C)C(=O)N2CCC[C@@H]2C(=O)O[C@@H]1C,L3_4.1.4.4.1,6957,-5.35,10,8,Lariat,0.117441,0.048344,-25.828,11.037,9.196,1.841,0.10968,0.0439639,10.924,9.206,1.718,6,86,train,train,train,train,test,train,train,train,train,test,,train,0.3250000000000002,0.43820846
6948,2021_Kelly,CC(=O)N1CCC[C@H]1C(=O)N[C@@H]1C(=O)N[C@H](CC(C)C)C(=O)N(C)[C@H](CC(C)C)C(=O)N[C@@H](CC(C)C)C(=O)N[C@@H](CC(C)C)C(=O)N[C@H](C)C(=O)N[C@@H](CC(C)C)C(=O)N2CCC[C@@H]2C(=O)O[C@@H]1C,L3_4.1.1.2.1,6948,-6.28,10,8,Lariat,0.162951,0.0914755,-22.948,10.572,8.922,1.65,0.101224,0.0433531,10.246,8.878,1.368,90,29,test,train,train,train,test,train,train,train,train,test,,test,-0.1400000000000001,0.03730485
6936,2021_Kelly,CC(=O)N1CCC[C@H]1C(=O)N[C@@H]1C(=O)N[C@H](CC(C)C)C(=O)N(C)[C@@H](CC(C)C)C(=O)N(C)[C@@H](CC(C)C)C(=O)N[C@@H](CC(C)C)C(=O)N(C)[C@H](C)C(=O)N[C@@H](CC(C)C)C(=O)N2CCC[C@@H]2C(=O)O[C@@H]1C,L3_3.3.1.4.1,6936,-5.57,10,8,Lariat,0.244066,0.158302,-31.6797,11.884,9.941,1.943,0.159191,0.0921012,10.93,9.423,1.507,61,22,train,train,train,train,train,test,train,train,train,test,,train,0.2149999999999998,0.4238657
6925,2021_Kelly,CC(=O)N1CCC[C@H]1C(=O)N[C@@H]1C(=O)N[C@H](CC(C)C)C(=O)N[C@H](CC(C)C)C(=O)N(C)[C@H](CC(C)C)C(=O)N(C)[C@H](CC(C)C)C(=O)N(C)[C@H](C)C(=O)N[C@@H](CC(C)C)C(=O)N2CCC[C@@H]2C(=O)O[C@@H]1C,L3_2.4.4.4.1,6925,-4.64,10,8,Lariat,0.146633,0.0884965,-30.6852,11.536,9.619,1.917,0.139066,0.0782591,11.62,9.916,1.704,81,43,train,train,train,train,train,train,train,train,test,test,,train,0.6800000000000002,0.16579157
6912,2021_Kelly,CC(=O)N1CCC[C@H]1C(=O)N[C@@H]1C(=O)N[C@H](CC(C)C)C(=O)N[C@H](CC(C)C)C(=O)N(C)[C@@H](CC(C)C)C(=O)N[C@@H](CC(C)C)C(=O)N[C@H](C)C(=O)N[C@@H](CC(C)C)C(=O)N2CCC[C@@H]2C(=O)O[C@@H]1C,L3_2.3.1.2.1,6912,-5.41,10,8,Lariat,0.148005,0.0983861,-48.7757,11.415,9.528,1.887,0.0983242,0.043389,10.253,8.908,1.345,44,41,train,val,train,test,train,train,train,train,train,test,,train,0.2949999999999999,-0.0023426525
6903,2021_Kelly,CC(=O)N1CCC[C@H]1C(=O)N[C@@H]1C(=O)N[C@H](CC(C)C)C(=O)N[C@H](CC(C)C)C(=O)N[C@H](CC(C)C)C(=O)N[C@H](CC(C)C)C(=O)N[C@@H](C)C(=O)N[C@@H](CC(C)C)C(=O)N2CCC[C@@H]2C(=O)O[C@@H]1C,L3_2.2.2.1.1,6903,-5.54,10,8,Lariat,0.257141,0.157527,-32.8824,11.208,9.342,1.866,0.118192,0.049511,10.334,8.812,1.522,72,17,train,train,train,train,train,train,val,train,train,test,,train,0.2299999999999999,-0.30420148
6894,2021_Kelly,CC(=O)N1CCC[C@H]1C(=O)N[C@@H]1C(=O)N[C@H](CC(C)C)C(=O)N[C@H](CC(C)C)C(=O)N[C@@H](CC(C)C)C(=O)N[C@H](CC(C)C)C(=O)N(C)[C@H](C)C(=O)N[C@@H](CC(C)C)C(=O)N2CCC[C@@H]2C(=O)O[C@@H]1C,L3_2.1.2.4.1,6894,-5.63,10,8,Lariat,0.289637,0.167228,-33.0509,10.781,8.808,1.973,0.141278,0.0830061,10.812,9.165,1.647,53,47,train,train,train,train,train,train,test,train,train,test,,train,0.185,0.4725234
6890,2021_Kelly,CC(=O)N1CCC[C@H]1C(=O)N[C@@H]1C(=O)N[C@H](CC(C)C)C(=O)N[C@H](CC(C)C)C(=O)N[C@@H](CC(C)C)C(=O)N[C@@H](CC(C)C)C(=O)N[C@H](C)C(=O)N[C@@H](CC(C)C)C(=O)N2CCC[C@@H]2C(=O)O[C@@H]1C,L3_2.1.1.2.1,6890,-6.59,10,8,Lariat,0.124164,0.0593895,-32.6276,10.776,9.086,1.69,0.092308,0.0417146,10.12,8.786,1.334,94,55,train,train,val,train,train,train,train,val,train,test,,train,-0.2949999999999999,-0.26136434
6854,2021_Kelly,CC(=O)N1CCC[C@H]1C(=O)N[C@@H]1C(=O)N[C@H](CC(C)C)C(=O)N[C@@H](CC(C)C)C(=O)N[C@@H](CC(C)C)C(=O)N[C@@H](CC(C)C)C(=O)N[C@@H](C)C(=O)N[C@@H](CC(C)C)C(=O)N2CCC[C@@H]2C(=O)O[C@@H]1C,L3_1.1.1.1.1,6854,-6.33,10,8,Lariat,0.150534,0.0921601,-42.2102,11.635,9.631,2.004,0.0841466,0.0376031,9.857,8.621,1.236,30,87,train,train,val,train,train,val,train,test,train,test,,train,-0.165,-0.28528953
6853,2021_Kelly,CC(=O)N1CCC[C@H]1C(=O)N[C@@H]1C(=O)N(C)[C@H](CC(C)C)C(=O)N(C)[C@H](CC(C)C)C(=O)N(C)[C@H](CC(C)C)C(=O)N(C)[C@@H](CC(C)C)C(=O)N(C)[C@@H](C)C(=O)N[C@@H](CC(C)C)C(=O)N2CCC[C@@H]2C(=O)O[C@@H]1C,L2_4.4.3.3.1,6853,-5.08,10,8,Lariat,0.143535,0.0924726,-27.9404,11.212,9.548,1.664,0.121028,0.0848318,11.32,9.804,1.516,20,32,train,train,train,train,train,train,train,train,train,test,,train,0.4599999999999999,0.50091404
6848,2021_Kelly,CC(=O)N1CCC[C@H]1C(=O)N[C@@H]1C(=O)N(C)[C@H](CC(C)C)C(=O)N(C)[C@H](CC(C)C)C(=O)N(C)[C@@H](CC(C)C)C(=O)N(C)[C@@H](CC(C)C)C(=O)N(C)[C@H](C)C(=O)N[C@@H](CC(C)C)C(=O)N2CCC[C@@H]2C(=O)O[C@@H]1C,L2_4.3.3.4.1,6848,-5.08,10,8,Lariat,0.152329,0.0883066,-19.9989,11.112,9.576,1.536,0.142211,0.0812382,11.188,9.684,1.504,37,63,train,val,train,test,train,train,train,train,train,test,,train,0.4599999999999999,0.42168382
6830,2021_Kelly,CC(=O)N1CCC[C@H]1C(=O)N[C@@H]1C(=O)N(C)[C@H](CC(C)C)C(=O)N(C)[C@@H](CC(C)C)C(=O)N(C)[C@@H](CC(C)C)C(=O)N(C)[C@@H](CC(C)C)C(=O)N(C)[C@H](C)C(=O)N[C@@H](CC(C)C)C(=O)N2CCC[C@@H]2C(=O)O[C@@H]1C,L2_3.3.3.4.1,6830,-5.09,10,8,Lariat,0.160637,0.102139,-23.9927,11.664,10.073,1.591,0.193609,0.113452,11.085,9.758,1.327,44,13,train,val,train,val,test,train,train,train,train,test,,train,0.455,0.42034528
6822,2021_Kelly,CC(=O)N1CCC[C@H]1C(=O)N[C@@H]1C(=O)N(C)[C@H](CC(C)C)C(=O)N(C)[C@@H](CC(C)C)C(=O)N[C@H](CC(C)C)C(=O)N(C)[C@@H](CC(C)C)C(=O)N[C@H](C)C(=O)N[C@@H](CC(C)C)C(=O)N2CCC[C@@H]2C(=O)O[C@@H]1C,L2_3.2.3.2.1,6822,-5.33,10,8,Lariat,0.127574,0.0631118,-20.2997,11.429,9.937,1.492,0.126837,0.0668025,11.388,9.973,1.415,41,58,train,train,train,test,train,train,train,val,train,test,,train,0.3349999999999999,0.23672938
6821,2021_Kelly,CC(=O)N1CCC[C@H]1C(=O)N[C@@H]1C(=O)N(C)[C@H](CC(C)C)C(=O)N(C)[C@@H](CC(C)C)C(=O)N[C@@H](CC(C)C)C(=O)N(C)[C@H](CC(C)C)C(=O)N(C)[C@H](C)C(=O)N[C@@H](CC(C)C)C(=O)N2CCC[C@@H]2C(=O)O[C@@H]1C,L2_3.1.4.4.1,6821,-6.01,10,8,Lariat,0.164041,0.101627,-29.4342,11.836,9.994,1.842,0.140664,0.083822,11.287,9.745,1.542,77,63,train,train,train,train,train,train,train,train,train,test,,train,-0.0049999999999998,0.18914078
6814,2021_Kelly,CC(=O)N1CCC[C@H]1C(=O)N[C@@H]1C(=O)N(C)[C@H](CC(C)C)C(=O)N[C@H](CC(C)C)C(=O)N(C)[C@H](CC(C)C)C(=O)N[C@H](CC(C)C)C(=O)N(C)[C@H](C)C(=O)N[C@@H](CC(C)C)C(=O)N2CCC[C@@H]2C(=O)O[C@@H]1C,L2_2.4.2.4.1,6814,-5.79,10,8,Lariat,0.162001,0.104971,-34.5236,11.792,9.759,2.033,0.120229,0.0611065,11.022,9.482,1.54,18,14,train,train,train,train,train,train,train,train,train,test,,train,0.1049999999999999,0.19695146
6809,2021_Kelly,CC(=O)N1CCC[C@H]1C(=O)N[C@@H]1C(=O)N(C)[C@H](CC(C)C)C(=O)N[C@H](CC(C)C)C(=O)N(C)[C@@H](CC(C)C)C(=O)N[C@H](CC(C)C)C(=O)N(C)[C@H](C)C(=O)N[C@@H](CC(C)C)C(=O)N2CCC[C@@H]2C(=O)O[C@@H]1C,L2_2.3.2.4.1,6809,-5.52,10,8,Lariat,0.156405,0.0900299,-43.8668,11.59,9.811,1.779,0.169165,0.114622,10.906,9.341,1.565,68,34,train,train,val,train,train,test,train,train,train,test,,train,0.2400000000000002,0.33946887
6800,2021_Kelly,CC(=O)N1CCC[C@H]1C(=O)N[C@@H]1C(=O)N(C)[C@H](CC(C)C)C(=O)N[C@H](CC(C)C)C(=O)N[C@H](CC(C)C)C(=O)N(C)[C@@H](CC(C)C)C(=O)N[C@@H](C)C(=O)N[C@@H](CC(C)C)C(=O)N2CCC[C@@H]2C(=O)O[C@@H]1C,L2_2.2.3.1.1,6800,-6.1,10,8,Lariat,0.182955,0.113512,-34.3776,12.014,9.993,2.021,0.137995,0.0845223,11.255,9.562,1.693,60,70,train,train,train,train,train,train,train,test,train,test,,train,-0.0499999999999998,-0.03182036
6792,2021_Kelly,CC(=O)N1CCC[C@H]1C(=O)N[C@@H]1C(=O)N(C)[C@H](CC(C)C)C(=O)N[C@H](CC(C)C)C(=O)N[C@@H](CC(C)C)C(=O)N(C)[C@H](CC(C)C)C(=O)N[C@H](C)C(=O)N[C@@H](CC(C)C)C(=O)N2CCC[C@@H]2C(=O)O[C@@H]1C,L2_2.1.4.2.1,6792,-5.53,10,8,Lariat,0.174055,0.115894,-25.7578,10.924,9.049,1.875,0.114754,0.0660075,10.417,9.02,1.397,88,66,train,test,train,val,test,train,train,train,train,test,,train,0.2349999999999998,0.08108181
6787,2021_Kelly,CC(=O)N1CCC[C@H]1C(=O)N[C@@H]1C(=O)N(C)[C@H](CC(C)C)C(=O)N[C@H](CC(C)C)C(=O)N[C@@H](CC(C)C)C(=O)N[C@H](CC(C)C)C(=O)N(C)[C@@H](C)C(=O)N[C@@H](CC(C)C)C(=O)N2CCC[C@@H]2C(=O)O[C@@H]1C,L2_2.1.2.3.1,6787,-5.82,10,8,Lariat,0.137986,0.0767629,-40.056,11.374,9.392,1.982,0.187451,0.112452,10.947,9.248,1.699,98,75,test,train,train,val,val,train,train,test,test,test,,test,0.0899999999999998,0.18088228
6772,2021_Kelly,CC(=O)N1CCC[C@H]1C(=O)N[C@@H]1C(=O)N(C)[C@H](CC(C)C)C(=O)N[C@@H](CC(C)C)C(=O)N[C@@H](CC(C)C)C(=O)N(C)[C@@H](CC(C)C)C(=O)N[C@@H](C)C(=O)N[C@@H](CC(C)C)C(=O)N2CCC[C@@H]2C(=O)O[C@@H]1C,L2_1.1.3.1.1,6772,-6.01,10,8,Lariat,0.17004,0.111149,-40.6049,11.854,9.864,1.99,0.119746,0.0642754,10.815,9.087,1.728,41,45,test,train,train,train,val,train,train,test,train,test,,test,-0.0049999999999998,-0.056766916
6725,2021_Kelly,CC(=O)N1CCC[C@H]1C(=O)N(C)[C@@H](CC(C)C)C(=O)N[C@@H]1C(=O)N[C@H](CC(C)C)C(=O)N(C)[C@@H](CC(C)C)C(=O)N(C)[C@H](CC(C)C)C(=O)N[C@@H](C)C(=O)N[C@H](CC(C)C)C(=O)N2CCC[C@H]2C(=O)O[C@@H]1C,L1_9.2.3.4.1.2,6725,-5.29,10,7,Lariat,0.189416,0.118549,-39.3285,11.714,9.634,2.08,0.101325,0.0537139,10.549,9.265,1.284,43,24,train,train,val,val,train,val,train,train,train,test,,train,0.355,0.32832295
6724,2021_Kelly,CC(=O)N1CCC[C@H]1C(=O)N(C)[C@@H](CC(C)C)C(=O)N[C@@H]1C(=O)N[C@H](CC(C)C)C(=O)N(C)[C@@H](CC(C)C)C(=O)N(C)[C@@H](CC(C)C)C(=O)N(C)[C@H](C)C(=O)N[C@H](CC(C)C)C(=O)N2CCC[C@H]2C(=O)O[C@@H]1C,L1_9.2.3.3.4.2,6724,-5.48,10,7,Lariat,0.171592,0.105256,-31.3596,11.659,9.807,1.852,0.167085,0.109385,12.063,10.327,1.736,84,92,train,train,test,train,test,test,test,train,train,test,,train,0.2599999999999998,0.16159329
6705,2021_Kelly,CC(=O)N1CCC[C@H]1C(=O)N(C)[C@@H](CC(C)C)C(=O)N[C@@H]1C(=O)N[C@@H](CC(C)C)C(=O)N(C)[C@H](CC(C)C)C(=O)N(C)[C@@H](CC(C)C)C(=O)N(C)[C@H](C)C(=O)N[C@H](CC(C)C)C(=O)N2CCC[C@H]2C(=O)O[C@@H]1C,L1_9.1.4.3.4.2,6705,-5.82,10,7,Lariat,0.200148,0.125123,-27.7089,11.672,9.787,1.885,0.138001,0.0867134,11.664,10.172,1.492,66,47,val,train,train,train,train,train,train,train,train,test,,val,0.0899999999999998,0.20852838
6698,2021_Kelly,CC(=O)N1CCC[C@H]1C(=O)N(C)[C@@H](CC(C)C)C(=O)N[C@@H]1C(=O)N[C@@H](CC(C)C)C(=O)N[C@H](CC(C)C)C(=O)N[C@H](CC(C)C)C(=O)N[C@H](C)C(=O)N[C@H](CC(C)C)C(=O)N2CCC[C@H]2C(=O)O[C@@H]1C,L1_9.1.2.2.2.2,6698,-6.89,10,7,Lariat,0.119436,0.0619785,-26.7669,10.738,8.818,1.92,0.128284,0.0705102,11.233,9.451,1.782,68,31,train,val,train,train,val,train,train,val,val,test,,train,-0.4449999999999998,-0.28192666
6690,2021_Kelly,CC(=O)N1CCC[C@@H]1C(=O)N(C)[C@H](CC(C)C)C(=O)N[C@@H]1C(=O)N(C)[C@H](CC(C)C)C(=O)N[C@H](CC(C)C)C(=O)N(C)[C@@H](CC(C)C)C(=O)N(C)[C@@H](C)C(=O)N[C@@H](CC(C)C)C(=O)N2CCC[C@@H]2C(=O)O[C@@H]1C,L1_8.4.2.3.3.1,6690,-5.08,10,7,Lariat,0.112056,0.055741,-20.9828,11.488,10.104,1.384,0.16309,0.112382,10.75,9.317,1.433,33,74,test,train,train,train,train,val,train,val,test,test,,test,0.4599999999999999,0.25209367
6684,2021_Kelly,CC(=O)N1CCC[C@@H]1C(=O)N(C)[C@H](CC(C)C)C(=O)N[C@@H]1C(=O)N(C)[C@@H](CC(C)C)C(=O)N(C)[C@@H](CC(C)C)C(=O)N[C@@H](CC(C)C)C(=O)N(C)[C@H](C)C(=O)N[C@@H](CC(C)C)C(=O)N2CCC[C@@H]2C(=O)O[C@@H]1C,L1_8.3.3.1.4.1,6684,-5.43,10,7,Lariat,0.220859,0.150865,-31.3678,11.775,10.013,1.762,0.246386,0.178534,11.255,9.731,1.524,96,30,train,train,test,train,train,train,train,train,test,test,,train,0.2850000000000001,0.07508415
6662,2021_Kelly,CC(=O)N1CCC[C@@H]1C(=O)N(C)[C@H](CC(C)C)C(=O)N[C@@H]1C(=O)N[C@@H](CC(C)C)C(=O)N(C)[C@@H](CC(C)C)C(=O)N[C@@H](CC(C)C)C(=O)N(C)[C@@H](C)C(=O)N[C@@H](CC(C)C)C(=O)N2CCC[C@@H]2C(=O)O[C@@H]1C,L1_8.1.3.1.3.1,6662,-5.46,10,7,Lariat,0.251426,0.156234,-29.9781,11.683,9.651,2.032,0.183886,0.117557,11.573,9.89,1.683,15,9,val,train,test,train,train,train,train,test,train,test,,val,0.27,-0.124556854
6660,2021_Kelly,CC(=O)N1CCC[C@@H]1C(=O)N(C)[C@H](CC(C)C)C(=O)N[C@@H]1C(=O)N[C@@H](CC(C)C)C(=O)N[C@H](CC(C)C)C(=O)N(C)[C@H](CC(C)C)C(=O)N[C@@H](C)C(=O)N[C@@H](CC(C)C)C(=O)N2CCC[C@@H]2C(=O)O[C@@H]1C,L1_8.1.2.4.1.1,6660,-6.93,10,7,Lariat,0.172007,0.106475,-39.5905,11.885,10.056,1.829,0.152217,0.0949538,10.995,9.46,1.535,3,89,train,test,train,train,train,train,train,train,val,test,,train,-0.4649999999999998,-0.5682289
6638,2021_Kelly,CC(=O)N1CCC[C@@H]1C(=O)N(C)[C@H](CC(C)C)C(=O)N[C@@H]1C(=O)N(C)[C@@H](CC(C)C)C(=O)N(C)[C@H](CC(C)C)C(=O)N[C@H](CC(C)C)C(=O)N(C)[C@H](C)C(=O)N[C@@H](CC(C)C)C(=O)N2CCC[C@H]2C(=O)O[C@@H]1C,L1_7.3.4.2.4.1,6638,-6.45,10,7,Lariat,0.308922,0.201377,-27.5275,12.063,10.379,1.684,0.17064,0.10236,11.387,9.87,1.517,84,92,train,train,train,train,test,train,train,test,train,test,,train,-0.2250000000000001,-0.12296803
6637,2021_Kelly,CC(=O)N1CCC[C@@H]1C(=O)N(C)[C@H](CC(C)C)C(=O)N[C@@H]1C(=O)N(C)[C@@H](CC(C)C)C(=O)N[C@H](CC(C)C)C(=O)N(C)[C@@H](CC(C)C)C(=O)N(C)[C@@H](C)C(=O)N[C@@H](CC(C)C)C(=O)N2CCC[C@H]2C(=O)O[C@@H]1C,L1_7.3.2.3.3.1,6637,-6.01,10,7,Lariat,0.132212,0.0733833,-37.0407,11.396,9.453,1.943,0.119687,0.0668125,10.916,9.348,1.568,67,14,train,train,test,train,train,train,test,train,train,test,,train,-0.0049999999999998,0.055618968
6630,2021_Kelly,CC(=O)N1CCC[C@@H]1C(=O)N(C)[C@H](CC(C)C)C(=O)N[C@@H]1C(=O)N[C@H](CC(C)C)C(=O)N(C)[C@H](CC(C)C)C(=O)N(C)[C@@H](CC(C)C)C(=O)N(C)[C@@H](C)C(=O)N[C@@H](CC(C)C)C(=O)N2CCC[C@H]2C(=O)O[C@@H]1C,L1_7.2.4.3.3.1,6630,-5.59,10,7,Lariat,0.173451,0.107008,-25.3283,11.92,10.131,1.789,0.0972939,0.0601874,11.216,9.687,1.529,54,52,train,train,test,train,train,train,train,train,train,test,,train,0.205,0.25964522
6612,2021_Kelly,CC(=O)N1CCC[C@@H]1C(=O)N(C)[C@H](CC(C)C)C(=O)N[C@@H]1C(=O)N[C@H](CC(C)C)C(=O)N[C@@H](CC(C)C)C(=O)N[C@@H](CC(C)C)C(=O)N(C)[C@@H](C)C(=O)N[C@@H](CC(C)C)C(=O)N2CCC[C@H]2C(=O)O[C@@H]1C,L1_7.2.1.1.3.1,6612,-6.41,10,7,Lariat,0.15184,0.0838377,-29.019,10.795,8.98,1.815,0.111337,0.0643686,10.826,9.14,1.686,2,85,train,train,train,train,train,train,train,val,test,test,,train,-0.205,-0.19372489
6601,2021_Kelly,CC(=O)N1CCC[C@@H]1C(=O)N(C)[C@H](CC(C)C)C(=O)N[C@@H]1C(=O)N[C@@H](CC(C)C)C(=O)N[C@H](CC(C)C)C(=O)N[C@H](CC(C)C)C(=O)N[C@@H](C)C(=O)N[C@@H](CC(C)C)C(=O)N2CCC[C@H]2C(=O)O[C@@H]1C,L1_7.1.2.2.1.1,6601,-7.49,10,7,Lariat,0.206009,0.122968,-30.7131,11.438,9.366,2.072,0.395671,0.31558,10.924,9.162,1.762,68,39,train,train,val,train,train,val,train,train,train,test,,train,-0.7450000000000001,-0.6544505
6590,2021_Kelly,CC(=O)N1CCC[C@H]1C(=O)N(C)[C@H](CC(C)C)C(=O)N[C@@H]1C(=O)N(C)[C@@H](CC(C)C)C(=O)N(C)[C@H](CC(C)C)C(=O)N(C)[C@@H](CC(C)C)C(=O)N(C)[C@H](C)C(=O)N[C@@H](CC(C)C)C(=O)N2CCC[C@@H]2C(=O)O[C@@H]1C,L1_6.3.4.3.4.1,6590,-5.41,10,7,Lariat,0.193388,0.130201,-23.3753,11.629,10.239,1.39,0.136241,0.0875445,11.273,9.963,1.31,24,13,train,train,train,train,train,test,val,train,train,test,,train,0.2949999999999999,0.43055528
6578,2021_Kelly,CC(=O)N1CCC[C@H]1C(=O)N(C)[C@H](CC(C)C)C(=O)N[C@@H]1C(=O)N[C@H](CC(C)C)C(=O)N(C)[C@H](CC(C)C)C(=O)N[C@H](CC(C)C)C(=O)N(C)[C@H](C)C(=O)N[C@@H](CC(C)C)C(=O)N2CCC[C@@H]2C(=O)O[C@@H]1C,L1_6.2.4.2.4.1,6578,-5.21,10,7,Lariat,0.183953,0.11662,-38.2179,12.095,10.058,2.037,0.251062,0.182133,11.658,9.915,1.743,49,22,train,train,train,train,train,train,test,train,train,test,,train,0.395,0.34951717
6572,2021_Kelly,CC(=O)N1CCC[C@H]1C(=O)N(C)[C@H](CC(C)C)C(=O)N[C@@H]1C(=O)N[C@H](CC(C)C)C(=O)N(C)[C@@H](CC(C)C)C(=O)N(C)[C@@H](CC(C)C)C(=O)N[C@@H](C)C(=O)N[C@@H](CC(C)C)C(=O)N2CCC[C@@H]2C(=O)O[C@@H]1C,L1_6.2.3.3.1.1,6572,-5.25,10,7,Lariat,0.178715,0.11599,-38.1281,11.912,9.799,2.113,0.134405,0.0744929,11.075,9.63,1.445,41,98,train,val,train,train,train,train,train,train,train,test,,train,0.375,0.2830225
6570,2021_Kelly,CC(=O)N1CCC[C@H]1C(=O)N(C)[C@H](CC(C)C)C(=O)N[C@@H]1C(=O)N[C@H](CC(C)C)C(=O)N(C)[C@@H](CC(C)C)C(=O)N[C@@H](CC(C)C)C(=O)N[C@@H](C)C(=O)N[C@@H](CC(C)C)C(=O)N2CCC[C@@H]2C(=O)O[C@@H]1C,L1_6.2.3.1.1.1,6570,-5.57,10,7,Lariat,0.258375,0.176646,-26.9606,11.351,9.638,1.713,0.139167,0.0877896,10.981,9.425,1.556,57,45,train,test,train,train,train,val,test,train,train,test,,train,0.2149999999999998,0.22275372
6564,2021_Kelly,CC(=O)N1CCC[C@H]1C(=O)N(C)[C@H](CC(C)C)C(=O)N[C@@H]1C(=O)N[C@H](CC(C)C)C(=O)N[C@@H](CC(C)C)C(=O)N(C)[C@@H](CC(C)C)C(=O)N(C)[C@@H](C)C(=O)N[C@@H](CC(C)C)C(=O)N2CCC[C@@H]2C(=O)O[C@@H]1C,L1_6.2.1.3.3.1,6564,-5.34,10,7,Lariat,0.192188,0.118841,-31.0059,11.053,9.345,1.708,0.261775,0.187935,10.638,9.256,1.382,33,13,train,train,train,train,train,train,train,test,test,test,,train,0.33,0.23216452
6556,2021_Kelly,CC(=O)N1CCC[C@H]1C(=O)N(C)[C@H](CC(C)C)C(=O)N[C@@H]1C(=O)N[C@@H](CC(C)C)C(=O)N(C)[C@@H](CC(C)C)C(=O)N(C)[C@H](CC(C)C)C(=O)N(C)[C@@H](C)C(=O)N[C@@H](CC(C)C)C(=O)N2CCC[C@@H]2C(=O)O[C@@H]1C,L1_6.1.3.4.3.1,6556,-5.32,10,7,Lariat,0.234801,0.153391,-38.394,11.915,9.978,1.937,0.147161,0.0896426,11.036,9.634,1.402,34,53,train,train,train,test,train,val,train,train,val,test,,train,0.3399999999999998,-0.0013493486
6546,2021_Kelly,CC(=O)N1CCC[C@H]1C(=O)N(C)[C@H](CC(C)C)C(=O)N[C@@H]1C(=O)N[C@@H](CC(C)C)C(=O)N[C@@H](CC(C)C)C(=O)N(C)[C@H](CC(C)C)C(=O)N[C@@H](C)C(=O)N[C@@H](CC(C)C)C(=O)N2CCC[C@@H]2C(=O)O[C@@H]1C,L1_6.1.1.4.1.1,6546,-8.0,10,7,Lariat,0.131682,0.0617742,-27.2152,10.558,9.003,1.555,0.170347,0.106242,11.409,9.769,1.64,38,35,train,train,train,val,train,train,train,train,test,test,,train,-1.0,0.11597821
6543,2021_Kelly,CC(=O)N1CCC[C@H]1C(=O)N(C)[C@H](CC(C)C)C(=O)N[C@@H]1C(=O)N[C@@H](CC(C)C)C(=O)N[C@@H](CC(C)C)C(=O)N[C@@H](CC(C)C)C(=O)N(C)[C@@H](C)C(=O)N[C@@H](CC(C)C)C(=O)N2CCC[C@@H]2C(=O)O[C@@H]1C,L1_6.1.1.1.3.1,6543,-6.31,10,7,Lariat,0.284339,0.192279,-35.3725,11.737,9.777,1.96,0.183504,0.125962,11.235,9.822,1.413,85,74,train,train,test,train,test,train,train,train,train,test,,train,-0.1549999999999998,-0.04484598
6532,2021_Kelly,CC(=O)N1CCC[C@H]1C(=O)N(C)[C@H](CC(C)C)C(=O)N[C@@H]1C(=O)N(C)[C@H](CC(C)C)C(=O)N[C@@H](CC(C)C)C(=O)N(C)[C@@H](CC(C)C)C(=O)N(C)[C@H](C)C(=O)N[C@@H](CC(C)C)C(=O)N2CCC[C@H]2C(=O)O[C@@H]1C,L1_5.4.1.3.4.1,6532,-5.11,10,7,Lariat,0.241194,0.177899,-31.6122,11.816,10.154,1.662,0.164118,0.109867,11.19,9.696,1.494,52,71,train,test,train,train,train,train,train,train,train,test,,train,0.4449999999999998,0.35821477
6528,2021_Kelly,CC(=O)N1CCC[C@H]1C(=O)N(C)[C@H](CC(C)C)C(=O)N[C@@H]1C(=O)N(C)[C@@H](CC(C)C)C(=O)N(C)[C@H](CC(C)C)C(=O)N(C)[C@@H](CC(C)C)C(=O)N(C)[C@H](C)C(=O)N[C@@H](CC(C)C)C(=O)N2CCC[C@H]2C(=O)O[C@@H]1C,L1_5.3.4.3.4.1,6528,-5.31,10,7,Lariat,0.122823,0.0662126,-21.812,11.276,9.871,1.405,0.121815,0.0755201,11.253,9.878,1.375,85,94,train,val,train,train,test,train,train,train,test,test,,train,0.3450000000000002,0.27143517
6526,2021_Kelly,CC(=O)N1CCC[C@H]1C(=O)N(C)[C@H](CC(C)C)C(=O)N[C@@H]1C(=O)N(C)[C@@H](CC(C)C)C(=O)N(C)[C@H](CC(C)C)C(=O)N[C@H](CC(C)C)C(=O)N(C)[C@H](C)C(=O)N[C@@H](CC(C)C)C(=O)N2CCC[C@H]2C(=O)O[C@@H]1C,L1_5.3.4.2.4.1,6526,-5.22,10,7,Lariat,0.20044,0.116567,-39.3532,11.322,9.448,1.874,0.206065,0.136657,11.22,9.443,1.777,9,84,train,train,train,train,train,train,train,train,train,test,,train,0.3900000000000001,0.19235604
6521,2021_Kelly,CC(=O)N1CCC[C@H]1C(=O)N(C)[C@H](CC(C)C)C(=O)N[C@@H]1C(=O)N(C)[C@@H](CC(C)C)C(=O)N[C@@H](CC(C)C)C(=O)N(C)[C@H](CC(C)C)C(=O)N(C)[C@H](C)C(=O)N[C@@H](CC(C)C)C(=O)N2CCC[C@H]2C(=O)O[C@@H]1C,L1_5.3.1.4.4.1,6521,-5.13,10,7,Lariat,0.136407,0.0876328,-29.4957,11.255,9.356,1.899,0.202499,0.140902,11.456,9.875,1.581,27,100,train,train,train,train,train,train,train,test,train,test,,train,0.435,0.35192454
6518,2021_Kelly,CC(=O)N1CCC[C@H]1C(=O)N(C)[C@H](CC(C)C)C(=O)N[C@@H]1C(=O)N(C)[C@@H](CC(C)C)C(=O)N[C@@H](CC(C)C)C(=O)N(C)[C@@H](CC(C)C)C(=O)N(C)[C@@H](C)C(=O)N[C@@H](CC(C)C)C(=O)N2CCC[C@H]2C(=O)O[C@@H]1C,L1_5.3.1.3.3.1,6518,-5.25,10,7,Lariat,0.146184,0.0840344,-32.3554,11.884,10.104,1.78,0.183309,0.121876,11.6,9.891,1.709,82,60,train,train,val,train,val,train,train,train,val,test,,train,0.375,0.21968897
6515,2021_Kelly,CC(=O)N1CCC[C@H]1C(=O)N(C)[C@H](CC(C)C)C(=O)N[C@@H]1C(=O)N(C)[C@@H](CC(C)C)C(=O)N[C@@H](CC(C)C)C(=O)N[C@H](CC(C)C)C(=O)N[C@H](C)C(=O)N[C@@H](CC(C)C)C(=O)N2CCC[C@H]2C(=O)O[C@@H]1C,L1_5.3.1.2.2.1,6515,-5.81,10,7,Lariat,0.232919,0.145428,-30.9084,11.382,9.468,1.914,0.157934,0.102256,11.734,9.873,1.861,55,14,val,train,train,train,train,train,train,train,train,test,,val,0.0950000000000002,0.14133638
6512,2021_Kelly,CC(=O)N1CCC[C@H]1C(=O)N(C)[C@H](CC(C)C)C(=O)N[C@@H]1C(=O)N[C@H](CC(C)C)C(=O)N(C)[C@H](CC(C)C)C(=O)N(C)[C@@H](CC(C)C)C(=O)N(C)[C@@H](C)C(=O)N[C@@H](CC(C)C)C(=O)N2CCC[C@H]2C(=O)O[C@@H]1C,L1_5.2.4.3.3.1,6512,-5.14,10,7,Lariat,0.189096,0.112342,-26.5994,11.273,9.585,1.688,0.164844,0.101572,11.296,9.722,1.574,78,45,train,val,test,val,train,train,train,train,train,test,,train,0.4300000000000001,0.43205452
6509,2021_Kelly,CC(=O)N1CCC[C@H]1C(=O)N(C)[C@H](CC(C)C)C(=O)N[C@@H]1C(=O)N[C@H](CC(C)C)C(=O)N(C)[C@H](CC(C)C)C(=O)N[C@@H](CC(C)C)C(=O)N(C)[C@H](C)C(=O)N[C@@H](CC(C)C)C(=O)N2CCC[C@H]2C(=O)O[C@@H]1C,L1_5.2.4.1.4.1,6509,-5.32,10,7,Lariat,0.291473,0.186333,-34.1837,11.66,9.962,1.698,0.143001,0.0753196,11.226,9.796,1.43,5,57,train,val,train,train,val,test,train,train,train,test,,train,0.3399999999999998,0.30068052
6501,2021_Kelly,CC(=O)N1CCC[C@H]1C(=O)N(C)[C@H](CC(C)C)C(=O)N[C@@H]1C(=O)N[C@H](CC(C)C)C(=O)N[C@H](CC(C)C)C(=O)N[C@H](CC(C)C)C(=O)N[C@@H](C)C(=O)N[C@@H](CC(C)C)C(=O)N2CCC[C@H]2C(=O)O[C@@H]1C,L1_5.2.2.2.1.1,6501,-6.62,10,7,Lariat,0.161051,0.0916476,-32.3205,11.32,9.499,1.821,0.170772,0.101642,11.758,9.908,1.85,74,47,train,train,val,train,train,train,train,train,train,test,,train,-0.31,-0.3147161
6499,2021_Kelly,CC(=O)N1CCC[C@H]1C(=O)N(C)[C@H](CC(C)C)C(=O)N[C@@H]1C(=O)N[C@H](CC(C)C)C(=O)N[C@@H](CC(C)C)C(=O)N(C)[C@H](CC(C)C)C(=O)N(C)[C@H](C)C(=O)N[C@@H](CC(C)C)C(=O)N2CCC[C@H]2C(=O)O[C@@H]1C,L1_5.2.1.4.4.1,6499,-5.13,10,7,Lariat,0.144316,0.0787562,-27.0998,11.195,9.497,1.698,0.120808,0.0762405,10.957,9.285,1.672,98,17,train,train,train,train,train,train,train,train,train,test,,train,0.435,0.3924275
6495,2021_Kelly,CC(=O)N1CCC[C@H]1C(=O)N(C)[C@H](CC(C)C)C(=O)N[C@@H]1C(=O)N[C@H](CC(C)C)C(=O)N[C@@H](CC(C)C)C(=O)N[C@H](CC(C)C)C(=O)N(C)[C@@H](C)C(=O)N[C@@H](CC(C)C)C(=O)N2CCC[C@H]2C(=O)O[C@@H]1C,L1_5.2.1.2.3.1,6495,-5.13,10,7,Lariat,0.200862,0.130051,-39.913,12.111,10.066,2.045,0.128082,0.0734092,10.213,8.826,1.387,3,12,val,train,train,train,train,train,test,train,train,test,,val,0.435,0.30114433
6476,2021_Kelly,CC(=O)N1CCC[C@H]1C(=O)N(C)[C@H](CC(C)C)C(=O)N[C@@H]1C(=O)N[C@@H](CC(C)C)C(=O)N[C@@H](CC(C)C)C(=O)N[C@H](CC(C)C)C(=O)N(C)[C@@H](C)C(=O)N[C@@H](CC(C)C)C(=O)N2CCC[C@H]2C(=O)O[C@@H]1C,L1_5.1.1.2.3.1,6476,-5.14,10,7,Lariat,0.203202,0.137645,-42.2197,11.732,9.749,1.983,0.183357,0.126464,11.26,9.622,1.638,95,44,val,train,train,train,train,train,test,train,train,test,,val,0.4300000000000001,0.24936259
6465,2021_Kelly,CC(=O)N1CCC[C@@H]1C(=O)N(C)[C@@H](CC(C)C)C(=O)N[C@@H]1C(=O)N(C)[C@H](CC(C)C)C(=O)N(C)[C@@H](CC(C)C)C(=O)N[C@H](CC(C)C)C(=O)N(C)[C@H](C)C(=O)N[C@@H](CC(C)C)C(=O)N2CCC[C@@H]2C(=O)O[C@@H]1C,L1_4.4.3.2.4.1,6465,-5.03,10,7,Lariat,0.150646,0.0860411,-25.1345,11.528,9.761,1.767,0.193514,0.132032,11.316,9.629,1.687,62,71,train,train,train,test,train,train,train,test,train,test,,train,0.4849999999999999,0.19477317
6459,2021_Kelly,CC(=O)N1CCC[C@@H]1C(=O)N(C)[C@@H](CC(C)C)C(=O)N[C@@H]1C(=O)N(C)[C@H](CC(C)C)C(=O)N[C@H](CC(C)C)C(=O)N[C@@H](CC(C)C)C(=O)N(C)[C@H](C)C(=O)N[C@@H](CC(C)C)C(=O)N2CCC[C@@H]2C(=O)O[C@@H]1C,L1_4.4.2.1.4.1,6459,-6.18,10,7,Lariat,0.133813,0.08309,-29.1428,11.745,9.911,1.834,0.186856,0.118451,11.202,9.473,1.729,77,46,train,train,train,train,train,train,train,train,train,test,,train,-0.0899999999999998,-0.03250641
6447,2021_Kelly,CC(=O)N1CCC[C@@H]1C(=O)N(C)[C@@H](CC(C)C)C(=O)N[C@@H]1C(=O)N(C)[C@@H](CC(C)C)C(=O)N[C@H](CC(C)C)C(=O)N(C)[C@@H](CC(C)C)C(=O)N(C)[C@@H](C)C(=O)N[C@@H](CC(C)C)C(=O)N2CCC[C@@H]2C(=O)O[C@@H]1C,L1_4.3.2.3.3.1,6447,-5.66,10,7,Lariat,0.200231,0.124818,-29.2941,12.206,10.372,1.834,0.165991,0.112573,11.522,10.003,1.519,99,3,train,test,val,train,train,train,train,train,train,test,,train,0.1699999999999999,0.11988671
6432,2021_Kelly,CC(=O)N1CCC[C@@H]1C(=O)N(C)[C@@H](CC(C)C)C(=O)N[C@@H]1C(=O)N[C@H](CC(C)C)C(=O)N(C)[C@@H](CC(C)C)C(=O)N(C)[C@@H](CC(C)C)C(=O)N(C)[C@@H](C)C(=O)N[C@@H](CC(C)C)C(=O)N2CCC[C@@H]2C(=O)O[C@@H]1C,L1_4.2.3.3.3.1,6432,-5.85,10,7,Lariat,0.155887,0.0995553,-26.8919,11.064,9.424,1.64,0.162091,0.0933848,11.287,9.757,1.53,36,52,train,train,train,train,test,train,train,train,train,test,,train,0.0750000000000001,0.3146891
6429,2021_Kelly,CC(=O)N1CCC[C@@H]1C(=O)N(C)[C@@H](CC(C)C)C(=O)N[C@@H]1C(=O)N[C@H](CC(C)C)C(=O)N(C)[C@@H](CC(C)C)C(=O)N[C@@H](CC(C)C)C(=O)N(C)[C@@H](C)C(=O)N[C@@H](CC(C)C)C(=O)N2CCC[C@@H]2C(=O)O[C@@H]1C,L1_4.2.3.1.3.1,6429,-5.18,10,7,Lariat,0.165895,0.0969753,-24.8499,11.471,9.699,1.772,0.13151,0.0701777,11.017,9.6,1.417,73,22,val,train,train,train,train,test,test,val,train,test,,val,0.4100000000000001,0.31345838
6409,2021_Kelly,CC(=O)N1CCC[C@@H]1C(=O)N(C)[C@@H](CC(C)C)C(=O)N[C@@H]1C(=O)N[C@@H](CC(C)C)C(=O)N(C)[C@H](CC(C)C)C(=O)N[C@H](CC(C)C)C(=O)N[C@H](C)C(=O)N[C@@H](CC(C)C)C(=O)N2CCC[C@@H]2C(=O)O[C@@H]1C,L1_4.1.4.2.2.1,6409,-5.61,10,7,Lariat,0.247915,0.173731,-37.7839,11.764,9.742,2.022,0.233058,0.166603,10.844,9.454,1.39,47,2,train,train,train,train,test,train,test,train,train,test,,train,0.1949999999999998,0.14856282
6392,2021_Kelly,CC(=O)N1CCC[C@@H]1C(=O)N(C)[C@@H](CC(C)C)C(=O)N[C@@H]1C(=O)N[C@@H](CC(C)C)C(=O)N[C@@H](CC(C)C)C(=O)N[C@@H](CC(C)C)C(=O)N[C@@H](C)C(=O)N[C@@H](CC(C)C)C(=O)N2CCC[C@@H]2C(=O)O[C@@H]1C,L1_4.1.1.1.1.1,6392,-6.92,10,7,Lariat,0.245529,0.169631,-42.1495,11.432,9.375,2.057,0.204037,0.129803,11.142,9.347,1.795,11,59,train,train,train,train,test,train,train,train,train,test,,train,-0.4599999999999999,-0.54451877
6376,2021_Kelly,CC(=O)N1CCC[C@@H]1C(=O)N(C)[C@@H](CC(C)C)C(=O)N[C@@H]1C(=O)N(C)[C@H](CC(C)C)C(=O)N[C@H](CC(C)C)C(=O)N[C@H](CC(C)C)C(=O)N[C@H](C)C(=O)N[C@@H](CC(C)C)C(=O)N2CCC[C@H]2C(=O)O[C@@H]1C,L1_3.4.2.2.2.1,6376,-6.05,10,7,Lariat,0.227125,0.144831,-37.5152,12.051,9.976,2.075,0.163359,0.105269,11.546,9.754,1.792,77,57,val,train,train,train,train,train,train,train,test,test,,val,-0.0249999999999999,-0.11706509
6371,2021_Kelly,CC(=O)N1CCC[C@@H]1C(=O)N(C)[C@@H](CC(C)C)C(=O)N[C@@H]1C(=O)N(C)[C@H](CC(C)C)C(=O)N[C@@H](CC(C)C)C(=O)N(C)[C@@H](CC(C)C)C(=O)N(C)[C@@H](C)C(=O)N[C@@H](CC(C)C)C(=O)N2CCC[C@H]2C(=O)O[C@@H]1C,L1_3.4.1.3.3.1,6371,-5.35,10,7,Lariat,0.261032,0.162233,-25.606,11.913,10.175,1.738,0.137258,0.0911588,11.235,9.727,1.508,52,39,train,test,train,train,train,train,train,train,train,test,,train,0.3250000000000002,0.33731127
6369,2021_Kelly,CC(=O)N1CCC[C@@H]1C(=O)N(C)[C@@H](CC(C)C)C(=O)N[C@@H]1C(=O)N(C)[C@H](CC(C)C)C(=O)N[C@@H](CC(C)C)C(=O)N[C@H](CC(C)C)C(=O)N(C)[C@H](C)C(=O)N[C@@H](CC(C)C)C(=O)N2CCC[C@H]2C(=O)O[C@@H]1C,L1_3.4.1.2.4.1,6369,-5.22,10,7,Lariat,0.22007,0.146211,-24.5208,11.961,10.132,1.829,0.199376,0.13313,11.565,9.9,1.665,3,53,train,train,val,train,train,train,test,train,train,test,,train,0.3900000000000001,0.39281023
6358,2021_Kelly,CC(=O)N1CCC[C@@H]1C(=O)N(C)[C@@H](CC(C)C)C(=O)N[C@@H]1C(=O)N(C)[C@@H](CC(C)C)C(=O)N[C@H](CC(C)C)C(=O)N(C)[C@@H](CC(C)C)C(=O)N(C)[C@@H](C)C(=O)N[C@@H](CC(C)C)C(=O)N2CCC[C@H]2C(=O)O[C@@H]1C,L1_3.3.2.3.3.1,6358,-5.61,10,7,Lariat,0.154242,0.100728,-26.8511,11.288,9.277,2.011,0.115244,0.06389,11.299,9.561,1.738,76,2,val,train,train,train,train,train,train,train,val,test,,val,0.1949999999999998,0.10533266
6351,2021_Kelly,CC(=O)N1CCC[C@@H]1C(=O)N(C)[C@@H](CC(C)C)C(=O)N[C@@H]1C(=O)N[C@H](CC(C)C)C(=O)N(C)[C@H](CC(C)C)C(=O)N(C)[C@H](CC(C)C)C(=O)N(C)[C@H](C)C(=O)N[C@@H](CC(C)C)C(=O)N2CCC[C@H]2C(=O)O[C@@H]1C,L1_3.2.4.4.4.1,6351,-5.5,10,7,Lariat,0.192398,0.116228,-31.1867,12.19,10.311,1.879,0.139949,0.0832775,11.932,10.337,1.595,13,29,test,train,test,train,train,val,train,train,train,test,,test,0.25,0.27487308
6350,2021_Kelly,CC(=O)N1CCC[C@@H]1C(=O)N(C)[C@@H](CC(C)C)C(=O)N[C@@H]1C(=O)N[C@H](CC(C)C)C(=O)N(C)[C@H](CC(C)C)C(=O)N(C)[C@H](CC(C)C)C(=O)N(C)[C@@H](C)C(=O)N[C@@H](CC(C)C)C(=O)N2CCC[C@H]2C(=O)O[C@@H]1C,L1_3.2.4.4.3.1,6350,-5.31,10,7,Lariat,0.19089,0.122943,-26.2927,11.798,9.883,1.915,0.206325,0.14366,11.567,9.841,1.726,4,52,train,train,train,train,train,val,train,train,val,test,,train,0.3450000000000002,0.2466676
6338,2021_Kelly,CC(=O)N1CCC[C@@H]1C(=O)N(C)[C@@H](CC(C)C)C(=O)N[C@@H]1C(=O)N[C@H](CC(C)C)C(=O)N[C@@H](CC(C)C)C(=O)N(C)[C@H](CC(C)C)C(=O)N(C)[C@H](C)C(=O)N[C@@H](CC(C)C)C(=O)N2CCC[C@H]2C(=O)O[C@@H]1C,L1_3.2.1.4.4.1,6338,-5.62,10,7,Lariat,0.210546,0.140466,-27.9364,12.103,10.048,2.055,0.286082,0.190118,11.771,10.082,1.689,63,42,train,train,train,train,train,train,train,train,train,test,,train,0.1899999999999999,0.2707105
6326,2021_Kelly,CC(=O)N1CCC[C@@H]1C(=O)N(C)[C@@H](CC(C)C)C(=O)N[C@@H]1C(=O)N[C@@H](CC(C)C)C(=O)N[C@H](CC(C)C)C(=O)N(C)[C@H](CC(C)C)C(=O)N[C@@H](C)C(=O)N[C@@H](CC(C)C)C(=O)N2CCC[C@H]2C(=O)O[C@@H]1C,L1_3.1.2.4.1.1,6326,-6.85,10,7,Lariat,0.209263,0.134434,-24.0375,11.484,9.567,1.917,0.147644,0.0906591,11.301,9.578,1.723,49,45,train,train,train,train,test,train,train,test,train,test,,train,-0.4249999999999998,-0.31843865
6236,2021_Kelly,CC(=O)N1CCC[C@@H]1C(=O)N(C)[C@H](CC(C)C)C(=O)N[C@@H]1C(=O)N(C)[C@@H](CC(C)C)C(=O)N(C)[C@@H](CC(C)C)C(=O)N[C@H](CC(C)C)C(=O)N[C@H](C)C(=O)N[C@H](CC(C)C)C(=O)N2CCC[C@@H]2C(=O)O[C@@H]1C,L1_16.3.3.2.2.2,6236,-5.82,10,7,Lariat,0.214518,0.141202,-36.9934,11.733,9.892,1.841,0.094359,0.0462009,10.647,9.282,1.365,94,89,train,train,train,train,val,train,train,train,test,test,,train,0.0899999999999998,-0.21464281
6226,2021_Kelly,CC(=O)N1CCC[C@@H]1C(=O)N(C)[C@H](CC(C)C)C(=O)N[C@@H]1C(=O)N[C@H](CC(C)C)C(=O)N(C)[C@H](CC(C)C)C(=O)N(C)[C@@H](CC(C)C)C(=O)N(C)[C@@H](C)C(=O)N[C@H](CC(C)C)C(=O)N2CCC[C@@H]2C(=O)O[C@@H]1C,L1_16.2.4.3.3.2,6226,-5.16,10,7,Lariat,0.172634,0.097913,-23.6957,11.153,9.523,1.63,0.225955,0.155472,10.953,9.468,1.485,71,43,train,train,train,train,train,test,train,train,val,test,,train,0.4199999999999999,0.12899412
6219,2021_Kelly,CC(=O)N1CCC[C@@H]1C(=O)N(C)[C@H](CC(C)C)C(=O)N[C@@H]1C(=O)N[C@H](CC(C)C)C(=O)N[C@H](CC(C)C)C(=O)N(C)[C@H](CC(C)C)C(=O)N(C)[C@H](C)C(=O)N[C@H](CC(C)C)C(=O)N2CCC[C@@H]2C(=O)O[C@@H]1C,L1_16.2.2.4.4.2,6219,-6.08,10,7,Lariat,0.227243,0.151792,-20.998,11.31,9.789,1.521,0.143774,0.089989,11.137,9.786,1.351,38,68,train,train,train,train,train,train,train,test,train,test,,train,-0.04,-0.10638763
6165,2021_Kelly,CC(=O)N1CCC[C@@H]1C(=O)N(C)[C@H](CC(C)C)C(=O)N[C@@H]1C(=O)N(C)[C@@H](CC(C)C)C(=O)N[C@@H](CC(C)C)C(=O)N[C@@H](CC(C)C)C(=O)N(C)[C@@H](C)C(=O)N[C@H](CC(C)C)C(=O)N2CCC[C@H]2C(=O)O[C@@H]1C,L1_15.3.1.1.3.2,6165,-5.97,10,7,Lariat,0.227897,0.147172,-26.9233,11.776,10.071,1.705,0.130467,0.0718315,11.494,9.971,1.523,75,80,train,train,train,train,train,val,train,train,train,test,,train,0.0150000000000001,-0.37585664
6162,2021_Kelly,CC(=O)N1CCC[C@@H]1C(=O)N(C)[C@H](CC(C)C)C(=O)N[C@@H]1C(=O)N[C@H](CC(C)C)C(=O)N(C)[C@H](CC(C)C)C(=O)N(C)[C@H](CC(C)C)C(=O)N[C@@H](C)C(=O)N[C@H](CC(C)C)C(=O)N2CCC[C@H]2C(=O)O[C@@H]1C,L1_15.2.4.4.1.2,6162,-5.75,10,7,Lariat,0.218946,0.145025,-29.5315,11.343,9.703,1.64,0.113959,0.0578518,11.246,9.811,1.435,77,88,train,val,train,test,val,train,train,train,train,test,,train,0.125,0.24176748
6153,2021_Kelly,CC(=O)N1CCC[C@@H]1C(=O)N(C)[C@H](CC(C)C)C(=O)N[C@@H]1C(=O)N[C@H](CC(C)C)C(=O)N(C)[C@@H](CC(C)C)C(=O)N(C)[C@H](CC(C)C)C(=O)N(C)[C@H](C)C(=O)N[C@H](CC(C)C)C(=O)N2CCC[C@H]2C(=O)O[C@@H]1C,L1_15.2.3.4.4.2,6153,-5.44,10,7,Lariat,0.223569,0.151037,-13.0613,11.145,9.707,1.438,0.156274,0.102211,11.167,9.911,1.256,65,31,train,train,test,train,train,train,train,train,train,test,,train,0.2799999999999998,0.29917404
6146,2021_Kelly,CC(=O)N1CCC[C@@H]1C(=O)N(C)[C@H](CC(C)C)C(=O)N[C@@H]1C(=O)N[C@H](CC(C)C)C(=O)N(C)[C@@H](CC(C)C)C(=O)N[C@@H](CC(C)C)C(=O)N(C)[C@H](C)C(=O)N[C@H](CC(C)C)C(=O)N2CCC[C@H]2C(=O)O[C@@H]1C,L1_15.2.3.1.4.2,6146,-5.62,10,7,Lariat,0.194127,0.12494,-16.3345,11.159,9.812,1.347,0.188499,0.130637,11.121,9.888,1.233,68,40,train,train,val,train,train,train,train,test,train,test,,train,0.1899999999999999,0.20573412
6139,2021_Kelly,CC(=O)N1CCC[C@@H]1C(=O)N(C)[C@H](CC(C)C)C(=O)N[C@@H]1C(=O)N[C@H](CC(C)C)C(=O)N[C@H](CC(C)C)C(=O)N(C)[C@@H](CC(C)C)C(=O)N(C)[C@@H](C)C(=O)N[C@H](CC(C)C)C(=O)N2CCC[C@H]2C(=O)O[C@@H]1C,L1_15.2.2.3.3.2,6139,-5.87,10,7,Lariat,0.202054,0.12536,-26.0241,11.043,9.396,1.647,0.197673,0.128807,10.71,9.284,1.426,45,42,train,train,val,train,train,train,train,train,val,test,,train,0.0649999999999999,0.12971133
6133,2021_Kelly,CC(=O)N1CCC[C@@H]1C(=O)N(C)[C@H](CC(C)C)C(=O)N[C@@H]1C(=O)N[C@H](CC(C)C)C(=O)N[C@H](CC(C)C)C(=O)N[C@@H](CC(C)C)C(=O)N(C)[C@H](C)C(=O)N[C@H](CC(C)C)C(=O)N2CCC[C@H]2C(=O)O[C@@H]1C,L1_15.2.2.1.4.2,6133,-5.99,10,7,Lariat,0.298945,0.211265,-32.5218,11.67,9.807,1.863,0.209138,0.144461,10.731,9.309,1.422,28,65,train,test,train,val,train,train,train,test,test,test,,train,0.0049999999999998,-0.14452834
6119,2021_Kelly,CC(=O)N1CCC[C@@H]1C(=O)N(C)[C@H](CC(C)C)C(=O)N[C@@H]1C(=O)N[C@@H](CC(C)C)C(=O)N(C)[C@@H](CC(C)C)C(=O)N(C)[C@H](CC(C)C)C(=O)N(C)[C@@H](C)C(=O)N[C@H](CC(C)C)C(=O)N2CCC[C@H]2C(=O)O[C@@H]1C,L1_15.1.3.4.3.2,6119,-6.51,10,7,Lariat,0.140136,0.0769064,-21.176,11.101,9.609,1.492,0.11498,0.061937,10.926,9.569,1.357,64,4,train,train,train,train,test,train,train,train,train,test,,train,-0.2549999999999999,-0.05650722
6101,2021_Kelly,CC(=O)N1CCC[C@@H]1C(=O)N(C)[C@H](CC(C)C)C(=O)N[C@@H]1C(=O)N[C@@H](CC(C)C)C(=O)N[C@@H](CC(C)C)C(=O)N[C@H](CC(C)C)C(=O)N(C)[C@H](C)C(=O)N[C@H](CC(C)C)C(=O)N2CCC[C@H]2C(=O)O[C@@H]1C,L1_15.1.1.2.4.2,6101,-6.34,10,7,Lariat,0.212176,0.129284,-32.1227,11.22,9.145,2.075,0.121655,0.0683068,10.94,9.452,1.488,94,35,train,train,train,train,val,train,test,train,train,test,,train,-0.1699999999999999,-0.25170428
6096,2021_Kelly,CC(=O)N1CCC[C@H]1C(=O)N(C)[C@H](CC(C)C)C(=O)N[C@@H]1C(=O)N(C)[C@H](CC(C)C)C(=O)N(C)[C@H](CC(C)C)C(=O)N[C@@H](CC(C)C)C(=O)N(C)[C@@H](C)C(=O)N[C@H](CC(C)C)C(=O)N2CCC[C@@H]2C(=O)O[C@@H]1C,L1_14.4.4.1.3.2,6096,-5.15,10,7,Lariat,0.195843,0.123861,-27.7248,12.328,10.468,1.86,0.203541,0.145536,11.642,10.005,1.637,2,29,train,train,train,train,train,train,test,train,train,test,,train,0.4249999999999998,0.35405532
6075,2021_Kelly,CC(=O)N1CCC[C@H]1C(=O)N(C)[C@H](CC(C)C)C(=O)N[C@@H]1C(=O)N(C)[C@@H](CC(C)C)C(=O)N[C@H](CC(C)C)C(=O)N[C@H](CC(C)C)C(=O)N(C)[C@H](C)C(=O)N[C@H](CC(C)C)C(=O)N2CCC[C@@H]2C(=O)O[C@@H]1C,L1_14.3.2.2.4.2,6075,-6.14,10,7,Lariat,0.245442,0.157115,-34.693,11.558,9.563,1.995,0.163304,0.109548,11.576,9.738,1.838,66,47,train,train,val,train,train,train,train,train,train,test,,train,-0.0699999999999998,-0.10512279
6067,2021_Kelly,CC(=O)N1CCC[C@H]1C(=O)N(C)[C@H](CC(C)C)C(=O)N[C@@H]1C(=O)N[C@H](CC(C)C)C(=O)N(C)[C@@H](CC(C)C)C(=O)N[C@@H](CC(C)C)C(=O)N(C)[C@@H](C)C(=O)N[C@H](CC(C)C)C(=O)N2CCC[C@@H]2C(=O)O[C@@H]1C,L1_14.2.3.1.3.2,6067,-5.08,10,7,Lariat,0.126177,0.0742247,-26.0886,11.068,9.504,1.564,0.133459,0.0865024,11.607,9.886,1.721,36,93,test,train,train,train,train,train,test,val,train,test,,test,0.4599999999999999,0.3584025
6053,2021_Kelly,CC(=O)N1CCC[C@H]1C(=O)N(C)[C@H](CC(C)C)C(=O)N[C@@H]1C(=O)N[C@@H](CC(C)C)C(=O)N(C)[C@H](CC(C)C)C(=O)N(C)[C@H](CC(C)C)C(=O)N(C)[C@H](C)C(=O)N[C@H](CC(C)C)C(=O)N2CCC[C@@H]2C(=O)O[C@@H]1C,L1_14.1.4.4.4.2,6053,-5.74,10,7,Lariat,0.131554,0.074853,-32.3418,11.731,9.532,2.199,0.207905,0.146421,11.834,9.974,1.86,77,18,train,train,train,test,test,val,val,train,train,test,,train,0.1299999999999999,0.013468828
6043,2021_Kelly,CC(=O)N1CCC[C@H]1C(=O)N(C)[C@H](CC(C)C)C(=O)N[C@@H]1C(=O)N[C@@H](CC(C)C)C(=O)N[C@H](CC(C)C)C(=O)N[C@H](CC(C)C)C(=O)N[C@H](C)C(=O)N[C@H](CC(C)C)C(=O)N2CCC[C@@H]2C(=O)O[C@@H]1C,L1_14.1.2.2.2.2,6043,-6.93,10,7,Lariat,0.260073,0.163324,-47.1649,11.599,9.457,2.142,0.135264,0.068594,10.412,8.825,1.587,4,77,train,train,train,train,train,train,train,train,train,test,,train,-0.4649999999999998,-0.41626623
6035,2021_Kelly,CC(=O)N1CCC[C@H]1C(=O)N(C)[C@H](CC(C)C)C(=O)N[C@@H]1C(=O)N(C)[C@H](CC(C)C)C(=O)N(C)[C@H](CC(C)C)C(=O)N(C)[C@@H](CC(C)C)C(=O)N(C)[C@H](C)C(=O)N[C@H](CC(C)C)C(=O)N2CCC[C@H]2C(=O)O[C@@H]1C,L1_13.4.4.3.4.2,6035,-5.04,10,7,Lariat,0.124219,0.0647219,-20.2364,11.346,9.812,1.534,0.104264,0.0662962,10.736,9.559,1.177,93,33,train,train,train,train,val,train,train,train,train,test,,train,0.48,0.3868409
6034,2021_Kelly,CC(=O)N1CCC[C@H]1C(=O)N(C)[C@H](CC(C)C)C(=O)N[C@@H]1C(=O)N(C)[C@H](CC(C)C)C(=O)N(C)[C@H](CC(C)C)C(=O)N(C)[C@@H](CC(C)C)C(=O)N(C)[C@@H](C)C(=O)N[C@H](CC(C)C)C(=O)N2CCC[C@H]2C(=O)O[C@@H]1C,L1_13.4.4.3.3.2,6034,-5.63,10,7,Lariat,0.167053,0.109453,-22.9161,11.158,9.603,1.555,0.093424,0.0482242,10.907,9.605,1.302,34,34,train,train,train,train,train,train,train,train,train,test,,train,0.185,0.3435099
6016,2021_Kelly,CC(=O)N1CCC[C@H]1C(=O)N(C)[C@H](CC(C)C)C(=O)N[C@@H]1C(=O)N(C)[C@@H](CC(C)C)C(=O)N[C@@H](CC(C)C)C(=O)N(C)[C@@H](CC(C)C)C(=O)N(C)[C@H](C)C(=O)N[C@H](CC(C)C)C(=O)N2CCC[C@H]2C(=O)O[C@@H]1C,L1_13.3.1.3.4.2,6016,-5.71,10,7,Lariat,0.171203,0.103411,-25.1524,11.622,9.987,1.635,0.184123,0.114533,11.333,9.987,1.346,21,70,train,train,val,train,train,test,train,train,test,test,,train,0.145,-0.048092257
6004,2021_Kelly,CC(=O)N1CCC[C@H]1C(=O)N(C)[C@H](CC(C)C)C(=O)N[C@@H]1C(=O)N[C@H](CC(C)C)C(=O)N[C@H](CC(C)C)C(=O)N(C)[C@H](CC(C)C)C(=O)N(C)[C@H](C)C(=O)N[C@H](CC(C)C)C(=O)N2CCC[C@H]2C(=O)O[C@@H]1C,L1_13.2.2.4.4.2,6004,-6.44,10,7,Lariat,0.164612,0.095421,-23.8656,11.093,9.563,1.53,0.110945,0.0670823,10.641,9.102,1.539,82,22,train,train,train,test,val,train,train,val,train,test,,train,-0.2200000000000002,0.06413056
5982,2021_Kelly,CC(=O)N1CCC[C@H]1C(=O)N(C)[C@H](CC(C)C)C(=O)N[C@@H]1C(=O)N[C@@H](CC(C)C)C(=O)N[C@H](CC(C)C)C(=O)N[C@H](CC(C)C)C(=O)N[C@H](C)C(=O)N[C@H](CC(C)C)C(=O)N2CCC[C@H]2C(=O)O[C@@H]1C,L1_13.1.2.2.2.2,5982,-6.6,10,7,Lariat,0.124531,0.0652513,-24.1715,10.672,9.041,1.631,0.0971646,0.0497122,9.87,8.387,1.483,97,47,train,train,val,train,train,test,test,train,val,test,,train,-0.2999999999999998,-0.20744176
5967,2021_Kelly,CC(=O)N1CCC[C@@H]1C(=O)N(C)[C@@H](CC(C)C)C(=O)N[C@@H]1C(=O)N(C)[C@H](CC(C)C)C(=O)N[C@H](CC(C)C)C(=O)N(C)[C@@H](CC(C)C)C(=O)N(C)[C@@H](C)C(=O)N[C@H](CC(C)C)C(=O)N2CCC[C@@H]2C(=O)O[C@@H]1C,L1_12.4.2.3.3.2,5967,-5.18,10,7,Lariat,0.136874,0.0818317,-39.9732,12.368,10.447,1.921,0.128449,0.0719453,11.862,9.952,1.91,60,89,train,train,train,train,train,train,train,train,train,test,,train,0.4100000000000001,0.34326285
5961,2021_Kelly,CC(=O)N1CCC[C@@H]1C(=O)N(C)[C@@H](CC(C)C)C(=O)N[C@@H]1C(=O)N(C)[C@@H](CC(C)C)C(=O)N(C)[C@H](CC(C)C)C(=O)N(C)[C@H](CC(C)C)C(=O)N(C)[C@@H](C)C(=O)N[C@H](CC(C)C)C(=O)N2CCC[C@@H]2C(=O)O[C@@H]1C,L1_12.3.4.4.3.2,5961,-5.55,10,7,Lariat,0.174781,0.109544,-24.7284,12.335,10.401,1.934,0.195809,0.141319,11.844,10.278,1.566,33,80,train,test,train,train,train,train,train,train,val,test,,train,0.2250000000000001,0.3414024
5960,2021_Kelly,CC(=O)N1CCC[C@@H]1C(=O)N(C)[C@@H](CC(C)C)C(=O)N[C@@H]1C(=O)N(C)[C@@H](CC(C)C)C(=O)N(C)[C@H](CC(C)C)C(=O)N(C)[C@H](CC(C)C)C(=O)N[C@@H](C)C(=O)N[C@H](CC(C)C)C(=O)N2CCC[C@@H]2C(=O)O[C@@H]1C,L1_12.3.4.4.1.2,5960,-5.67,10,7,Lariat,0.169761,0.113934,-25.0072,11.527,9.715,1.812,0.12442,0.0768711,11.142,9.546,1.596,67,2,train,train,train,train,train,train,train,train,train,test,,train,0.165,0.17551376
5953,2021_Kelly,CC(=O)N1CCC[C@@H]1C(=O)N(C)[C@@H](CC(C)C)C(=O)N[C@@H]1C(=O)N(C)[C@@H](CC(C)C)C(=O)N[C@@H](CC(C)C)C(=O)N(C)[C@@H](CC(C)C)C(=O)N(C)[C@@H](C)C(=O)N[C@H](CC(C)C)C(=O)N2CCC[C@@H]2C(=O)O[C@@H]1C,L1_12.3.1.3.3.2,5953,-5.52,10,7,Lariat,0.269789,0.192783,-28.2573,12.036,10.201,1.835,0.21461,0.150233,11.75,10.075,1.675,40,15,train,train,train,train,train,train,test,train,train,test,,train,0.2400000000000002,0.17198905
5944,2021_Kelly,CC(=O)N1CCC[C@@H]1C(=O)N(C)[C@@H](CC(C)C)C(=O)N[C@@H]1C(=O)N[C@H](CC(C)C)C(=O)N[C@H](CC(C)C)C(=O)N[C@H](CC(C)C)C(=O)N(C)[C@@H](C)C(=O)N[C@H](CC(C)C)C(=O)N2CCC[C@@H]2C(=O)O[C@@H]1C,L1_12.2.2.2.3.2,5944,-5.95,10,7,Lariat,0.205262,0.139913,-33.8228,11.614,9.847,1.767,0.14978,0.0950341,11.078,9.346,1.732,2,50,train,train,train,train,train,val,train,train,test,test,,train,0.0249999999999999,0.016664453
5940,2021_Kelly,CC(=O)N1CCC[C@@H]1C(=O)N(C)[C@@H](CC(C)C)C(=O)N[C@@H]1C(=O)N[C@H](CC(C)C)C(=O)N[C@@H](CC(C)C)C(=O)N[C@@H](CC(C)C)C(=O)N[C@@H](C)C(=O)N[C@H](CC(C)C)C(=O)N2CCC[C@@H]2C(=O)O[C@@H]1C,L1_12.2.1.1.1.2,5940,-5.51,10,7,Lariat,0.166968,0.0923737,-32.2822,10.792,8.942,1.85,0.119417,0.0749849,10.487,8.799,1.688,30,37,val,train,val,train,val,train,train,train,val,test,,val,0.2450000000000001,-0.55560595
5931,2021_Kelly,CC(=O)N1CCC[C@@H]1C(=O)N(C)[C@@H](CC(C)C)C(=O)N[C@@H]1C(=O)N[C@@H](CC(C)C)C(=O)N[C@@H](CC(C)C)C(=O)N[C@H](CC(C)C)C(=O)N[C@H](C)C(=O)N[C@H](CC(C)C)C(=O)N2CCC[C@@H]2C(=O)O[C@@H]1C,L1_12.1.1.2.2.2,5931,-6.52,10,7,Lariat,0.225108,0.146722,-35.026,11.896,9.788,2.108,0.16087,0.103991,11.418,9.633,1.785,76,78,train,train,train,train,train,train,test,train,train,test,,train,-0.2599999999999998,-0.4058853
5916,2021_Kelly,CC(=O)N1CCC[C@@H]1C(=O)N(C)[C@@H](CC(C)C)C(=O)N[C@@H]1C(=O)N(C)[C@H](CC(C)C)C(=O)N[C@H](CC(C)C)C(=O)N[C@H](CC(C)C)C(=O)N(C)[C@@H](C)C(=O)N[C@H](CC(C)C)C(=O)N2CCC[C@H]2C(=O)O[C@@H]1C,L1_11.4.2.2.3.2,5916,-5.68,10,7,Lariat,0.168045,0.110208,-31.6715,11.258,9.528,1.73,0.227698,0.158998,11.434,9.744,1.69,39,100,train,train,train,train,train,train,train,train,train,test,,train,0.1600000000000001,-0.12540884
5909,2021_Kelly,CC(=O)N1CCC[C@@H]1C(=O)N(C)[C@@H](CC(C)C)C(=O)N[C@@H]1C(=O)N(C)[C@@H](CC(C)C)C(=O)N(C)[C@H](CC(C)C)C(=O)N[C@H](CC(C)C)C(=O)N(C)[C@H](C)C(=O)N[C@H](CC(C)C)C(=O)N2CCC[C@H]2C(=O)O[C@@H]1C,L1_11.3.4.2.4.2,5909,-5.99,10,7,Lariat,0.19603,0.125514,-25.4937,12.006,10.263,1.743,0.18938,0.117455,11.585,9.971,1.614,31,32,val,train,train,train,val,train,train,train,train,test,,val,0.0049999999999998,-0.006436575
5891,2021_Kelly,CC(=O)N1CCC[C@@H]1C(=O)N(C)[C@@H](CC(C)C)C(=O)N[C@@H]1C(=O)N[C@H](CC(C)C)C(=O)N(C)[C@H](CC(C)C)C(=O)N[C@H](CC(C)C)C(=O)N(C)[C@@H](C)C(=O)N[C@H](CC(C)C)C(=O)N2CCC[C@H]2C(=O)O[C@@H]1C,L1_11.2.4.2.3.2,5891,-5.48,10,7,Lariat,0.154152,0.104349,-23.9847,10.989,9.526,1.463,0.102137,0.0562322,10.559,9.108,1.451,81,71,train,train,train,train,train,train,train,train,train,test,,train,0.2599999999999998,0.38342047
5875,2021_Kelly,CC(=O)N1CCC[C@@H]1C(=O)N(C)[C@@H](CC(C)C)C(=O)N[C@@H]1C(=O)N[C@H](CC(C)C)C(=O)N[C@H](CC(C)C)C(=O)N(C)[C@@H](CC(C)C)C(=O)N(C)[C@H](C)C(=O)N[C@H](CC(C)C)C(=O)N2CCC[C@H]2C(=O)O[C@@H]1C,L1_11.2.2.3.4.2,5875,-5.64,10,7,Lariat,0.259919,0.193388,-26.6004,11.398,9.541,1.857,0.171799,0.124907,11.029,9.524,1.505,38,50,train,train,train,train,val,train,val,val,val,test,,train,0.1800000000000001,0.035939965
5856,2021_Kelly,CC(=O)N1CCC[C@@H]1C(=O)N(C)[C@@H](CC(C)C)C(=O)N[C@@H]1C(=O)N[C@@H](CC(C)C)C(=O)N(C)[C@@H](CC(C)C)C(=O)N[C@@H](CC(C)C)C(=O)N(C)[C@@H](C)C(=O)N[C@H](CC(C)C)C(=O)N2CCC[C@H]2C(=O)O[C@@H]1C,L1_11.1.3.1.3.2,5856,-6.0,10,7,Lariat,0.13259,0.0687116,-19.8852,10.385,8.954,1.431,0.113968,0.0656004,10.733,9.231,1.502,5,50,train,val,train,train,val,train,train,train,train,test,,train,0.0,0.11366813
5843,2021_Kelly,CC(=O)N1CCC[C@H]1C(=O)N(C)[C@@H](CC(C)C)C(=O)N[C@@H]1C(=O)N(C)[C@H](CC(C)C)C(=O)N(C)[C@H](CC(C)C)C(=O)N(C)[C@@H](CC(C)C)C(=O)N(C)[C@H](C)C(=O)N[C@H](CC(C)C)C(=O)N2CCC[C@@H]2C(=O)O[C@@H]1C,L1_10.4.4.3.4.2,5843,-5.93,10,7,Lariat,0.162855,0.100301,-21.9834,11.087,9.553,1.534,0.144853,0.0890416,11.1,9.515,1.585,47,77,train,train,val,train,test,train,train,train,train,test,,train,0.0350000000000001,0.36243376
5820,2021_Kelly,CC(=O)N1CCC[C@H]1C(=O)N(C)[C@@H](CC(C)C)C(=O)N[C@@H]1C(=O)N(C)[C@@H](CC(C)C)C(=O)N(C)[C@H](CC(C)C)C(=O)N(C)[C@@H](CC(C)C)C(=O)N[C@@H](C)C(=O)N[C@H](CC(C)C)C(=O)N2CCC[C@@H]2C(=O)O[C@@H]1C,L1_10.3.4.3.1.2,5820,-5.34,10,7,Lariat,0.186613,0.105004,-19.5355,11.012,9.349,1.663,0.101069,0.0594,10.24,8.732,1.508,94,79,val,train,train,train,val,train,train,test,train,test,,val,0.33,0.049256764
5817,2021_Kelly,CC(=O)N1CCC[C@H]1C(=O)N(C)[C@@H](CC(C)C)C(=O)N[C@@H]1C(=O)N(C)[C@@H](CC(C)C)C(=O)N(C)[C@H](CC(C)C)C(=O)N[C@H](CC(C)C)C(=O)N[C@@H](C)C(=O)N[C@H](CC(C)C)C(=O)N2CCC[C@@H]2C(=O)O[C@@H]1C,L1_10.3.4.2.1.2,5817,-6.74,10,7,Lariat,0.184648,0.11147,-38.4094,11.868,9.737,2.131,0.111633,0.0589102,10.841,9.277,1.564,29,78,train,val,train,train,train,test,train,train,val,test,,train,-0.3700000000000001,-0.22688566
5804,2021_Kelly,CC(=O)N1CCC[C@H]1C(=O)N(C)[C@@H](CC(C)C)C(=O)N[C@@H]1C(=O)N(C)[C@@H](CC(C)C)C(=O)N[C@@H](CC(C)C)C(=O)N(C)[C@@H](CC(C)C)C(=O)N(C)[C@@H](C)C(=O)N[C@H](CC(C)C)C(=O)N2CCC[C@@H]2C(=O)O[C@@H]1C,L1_10.3.1.3.3.2,5804,-6.3,10,7,Lariat,0.206139,0.127976,-33.5005,11.841,9.934,1.907,0.192383,0.108413,11.664,9.868,1.796,67,3,train,val,train,train,val,train,train,val,train,test,,train,-0.1499999999999999,-0.31707144
5800,2021_Kelly,CC(=O)N1CCC[C@H]1C(=O)N(C)[C@@H](CC(C)C)C(=O)N[C@@H]1C(=O)N[C@H](CC(C)C)C(=O)N(C)[C@H](CC(C)C)C(=O)N(C)[C@H](CC(C)C)C(=O)N[C@H](C)C(=O)N[C@H](CC(C)C)C(=O)N2CCC[C@@H]2C(=O)O[C@@H]1C,L1_10.2.4.4.2.2,5800,-6.51,10,7,Lariat,0.156017,0.105534,-24.7542,11.277,9.238,2.039,0.0862388,0.0531562,10.333,8.592,1.741,48,63,train,train,train,train,train,train,train,val,train,test,,train,-0.2549999999999999,-0.08760618
5799,2021_Kelly,CC(=O)N1CCC[C@H]1C(=O)N(C)[C@@H](CC(C)C)C(=O)N[C@@H]1C(=O)N[C@H](CC(C)C)C(=O)N(C)[C@H](CC(C)C)C(=O)N(C)[C@@H](CC(C)C)C(=O)N(C)[C@H](C)C(=O)N[C@H](CC(C)C)C(=O)N2CCC[C@@H]2C(=O)O[C@@H]1C,L1_10.2.4.3.4.2,5799,-6.21,10,7,Lariat,0.230307,0.154555,-19.6334,11.355,9.743,1.612,0.153009,0.106609,11.056,9.777,1.279,41,30,train,val,train,train,val,train,train,train,train,test,,train,-0.1049999999999999,0.1541192
5785,2021_Kelly,CC(=O)N1CCC[C@H]1C(=O)N(C)[C@@H](CC(C)C)C(=O)N[C@@H]1C(=O)N[C@H](CC(C)C)C(=O)N[C@H](CC(C)C)C(=O)N[C@@H](CC(C)C)C(=O)N[C@@H](C)C(=O)N[C@H](CC(C)C)C(=O)N2CCC[C@@H]2C(=O)O[C@@H]1C,L1_10.2.2.1.1.2,5785,-7.29,10,7,Lariat,0.281839,0.202744,-33.821,11.362,9.279,2.083,0.133369,0.0814731,11.322,9.394,1.928,10,25,train,train,train,train,train,train,train,train,train,test,,train,-0.645,-1.0025043
5777,2021_Kelly,CC(=O)N1CCC[C@H]1C(=O)N(C)[C@@H](CC(C)C)C(=O)N[C@@H]1C(=O)N[C@@H](CC(C)C)C(=O)N(C)[C@H](CC(C)C)C(=O)N(C)[C@H](CC(C)C)C(=O)N[C@H](C)C(=O)N[C@H](CC(C)C)C(=O)N2CCC[C@@H]2C(=O)O[C@@H]1C,L1_10.1.4.4.2.2,5777,-6.85,10,7,Lariat,0.169706,0.102825,-24.2583,11.197,9.501,1.696,0.150427,0.0958358,11.468,9.744,1.724,20,89,train,train,train,train,test,train,train,train,test,test,,train,-0.4249999999999998,0.026679229
5772,2021_Kelly,CC(=O)N1CCC[C@H]1C(=O)N(C)[C@@H](CC(C)C)C(=O)N[C@@H]1C(=O)N[C@@H](CC(C)C)C(=O)N[C@H](CC(C)C)C(=O)N(C)[C@@H](CC(C)C)C(=O)N(C)[C@@H](C)C(=O)N[C@H](CC(C)C)C(=O)N2CCC[C@@H]2C(=O)O[C@@H]1C,L1_10.1.2.3.3.2,5772,-5.72,10,7,Lariat,0.208849,0.116699,-30.959,11.723,9.941,1.782,0.136283,0.0809378,11.875,9.97,1.905,3,49,train,train,val,train,train,test,test,val,train,test,,train,0.1400000000000001,-0.09209859
5767,2021_Kelly,CC(=O)N1CCC[C@H]1C(=O)N(C)[C@@H](CC(C)C)C(=O)N[C@@H]1C(=O)N[C@@H](CC(C)C)C(=O)N[C@@H](CC(C)C)C(=O)N[C@H](CC(C)C)C(=O)N(C)[C@H](C)C(=O)N[C@H](CC(C)C)C(=O)N2CCC[C@@H]2C(=O)O[C@@H]1C,L1_10.1.1.2.4.2,5767,-6.84,10,7,Lariat,0.229139,0.146108,-37.0246,12.338,10.21,2.128,0.15644,0.104498,11.616,9.765,1.851,38,6,val,train,train,train,train,train,train,train,train,test,,val,-0.4199999999999999,-0.6078167
5758,2021_Kelly,CC(=O)N1CCC[C@H]1C(=O)N(C)[C@@H](CC(C)C)C(=O)N[C@@H]1C(=O)N(C)[C@H](CC(C)C)C(=O)N(C)[C@@H](CC(C)C)C(=O)N(C)[C@H](CC(C)C)C(=O)N[C@@H](C)C(=O)N[C@@H](CC(C)C)C(=O)N2CCC[C@H]2C(=O)O[C@@H]1C,L1_1.4.3.4.1.1,5758,-5.36,10,7,Lariat,0.194893,0.117625,-28.7512,11.571,9.855,1.716,0.145507,0.0905795,11.279,9.736,1.543,25,94,train,train,train,train,train,train,test,train,train,test,,train,0.3199999999999998,0.3703887
5735,2021_Kelly,CC(=O)N1CCC[C@H]1C(=O)N(C)[C@@H](CC(C)C)C(=O)N[C@@H]1C(=O)N(C)[C@@H](CC(C)C)C(=O)N(C)[C@@H](CC(C)C)C(=O)N[C@@H](CC(C)C)C(=O)N(C)[C@@H](C)C(=O)N[C@@H](CC(C)C)C(=O)N2CCC[C@H]2C(=O)O[C@@H]1C,L1_1.3.3.1.3.1,5735,-6.15,10,7,Lariat,0.242255,0.152101,-33.4638,12.114,10.296,1.818,0.209694,0.147321,11.546,9.751,1.795,70,11,train,train,train,val,val,test,train,train,train,test,,train,-0.0750000000000001,0.035459887
5732,2021_Kelly,CC(=O)N1CCC[C@H]1C(=O)N(C)[C@@H](CC(C)C)C(=O)N[C@@H]1C(=O)N(C)[C@@H](CC(C)C)C(=O)N[C@H](CC(C)C)C(=O)N[C@@H](CC(C)C)C(=O)N[C@@H](C)C(=O)N[C@@H](CC(C)C)C(=O)N2CCC[C@H]2C(=O)O[C@@H]1C,L1_1.3.2.1.1.1,5732,-6.69,10,7,Lariat,0.208037,0.123184,-38.3471,11.942,9.752,2.19,0.145484,0.0857659,11.094,9.265,1.829,98,11,train,train,train,train,train,train,test,train,train,test,,train,-0.3450000000000002,-0.3901751
5718,2021_Kelly,CC(=O)N1CCC[C@H]1C(=O)N(C)[C@@H](CC(C)C)C(=O)N[C@@H]1C(=O)N[C@H](CC(C)C)C(=O)N(C)[C@@H](CC(C)C)C(=O)N(C)[C@H](CC(C)C)C(=O)N(C)[C@H](C)C(=O)N[C@@H](CC(C)C)C(=O)N2CCC[C@H]2C(=O)O[C@@H]1C,L1_1.2.3.4.4.1,5718,-5.4,10,7,Lariat,0.125912,0.061155,-39.0646,11.868,9.978,1.89,0.075906,0.0486787,10.722,9.359,1.363,50,14,train,train,train,train,train,train,test,train,train,test,,train,0.2999999999999998,0.2988865
5712,2021_Kelly,CC(=O)N1CCC[C@H]1C(=O)N(C)[C@@H](CC(C)C)C(=O)N[C@@H]1C(=O)N[C@H](CC(C)C)C(=O)N(C)[C@@H](CC(C)C)C(=O)N[C@@H](CC(C)C)C(=O)N(C)[C@@H](C)C(=O)N[C@@H](CC(C)C)C(=O)N2CCC[C@H]2C(=O)O[C@@H]1C,L1_1.2.3.1.3.1,5712,-5.96,10,7,Lariat,0.155328,0.100608,-26.196,11.202,9.608,1.594,0.147475,0.098388,11.836,9.965,1.871,29,75,train,test,train,train,train,train,train,test,train,test,,train,0.02,0.04225133
5704,2021_Kelly,CC(=O)N1CCC[C@H]1C(=O)N(C)[C@@H](CC(C)C)C(=O)N[C@@H]1C(=O)N[C@H](CC(C)C)C(=O)N[C@H](CC(C)C)C(=O)N[C@H](CC(C)C)C(=O)N(C)[C@H](C)C(=O)N[C@@H](CC(C)C)C(=O)N2CCC[C@H]2C(=O)O[C@@H]1C,L1_1.2.2.2.4.1,5704,-6.24,10,7,Lariat,0.168352,0.097863,-40.6865,11.479,9.311,2.168,0.133677,0.0804884,10.778,9.085,1.693,53,82,train,train,train,train,test,train,train,train,train,test,,train,-0.1200000000000001,-0.051530946
5688,2021_Kelly,CC(=O)N1CCC[C@H]1C(=O)N(C)[C@@H](CC(C)C)C(=O)N[C@@H]1C(=O)N[C@@H](CC(C)C)C(=O)N(C)[C@@H](CC(C)C)C(=O)N(C)[C@@H](CC(C)C)C(=O)N[C@@H](C)C(=O)N[C@@H](CC(C)C)C(=O)N2CCC[C@H]2C(=O)O[C@@H]1C,L1_1.1.3.3.1.1,5688,-6.84,10,7,Lariat,0.191012,0.120164,-33.0122,11.805,9.819,1.986,0.168936,0.11163,11.592,9.723,1.869,24,37,test,train,train,train,train,test,train,train,train,test,,test,-0.4199999999999999,-0.20127426
5678,2021_Kelly,CC(=O)N1CCC[C@H]1C(=O)N(C)[C@@H](CC(C)C)C(=O)N[C@@H]1C(=O)N[C@@H](CC(C)C)C(=O)N[C@@H](CC(C)C)C(=O)N(C)[C@H](CC(C)C)C(=O)N[C@H](C)C(=O)N[C@@H](CC(C)C)C(=O)N2CCC[C@H]2C(=O)O[C@@H]1C,L1_1.1.1.4.2.1,5678,-5.98,10,7,Lariat,0.358163,0.271716,-34.85,12.229,10.054,2.175,0.167779,0.109604,11.81,9.915,1.895,100,31,train,train,train,train,train,train,train,train,train,test,,train,0.0099999999999997,-0.1415879
5676,2021_Kelly,CC(=O)N1CCC[C@H]1C(=O)N(C)[C@@H](CC(C)C)C(=O)N[C@@H]1C(=O)N[C@@H](CC(C)C)C(=O)N[C@@H](CC(C)C)C(=O)N(C)[C@@H](CC(C)C)C(=O)N(C)[C@@H](C)C(=O)N[C@@H](CC(C)C)C(=O)N2CCC[C@H]2C(=O)O[C@@H]1C,L1_1.1.1.3.3.1,5676,-6.5,10,7,Lariat,0.212429,0.140616,-28.102,11.368,9.48,1.888,0.120217,0.0729414,11.465,9.824,1.641,96,31,train,train,val,test,train,train,train,train,train,test,,train,-0.25,-0.27194783
5672,2021_Kelly,CC(=O)N1CCC[C@H]1C(=O)N(C)[C@@H](CC(C)C)C(=O)N[C@@H]1C(=O)N[C@@H](CC(C)C)C(=O)N[C@@H](CC(C)C)C(=O)N[C@H](CC(C)C)C(=O)N[C@@H](C)C(=O)N[C@@H](CC(C)C)C(=O)N2CCC[C@H]2C(=O)O[C@@H]1C,L1_1.1.1.2.1.1,5672,-6.69,10,7,Lariat,0.135003,0.0757569,-29.1365,11.228,9.239,1.989,0.136259,0.0852844,11.36,9.38,1.98,61,48,test,train,train,train,test,train,test,train,val,test,,test,-0.3450000000000002,-0.58511573
5599,2020_Townsend,CC(C)C[C@H]1C(=O)N[C@@H](Cc2ccccc2)C(=O)N2CCC[C@H]2C(=O)N(C)[C@@H](C)C(=O)N(Cc2ccccc2)CC(=O)N[C@@H](Cc2ccccc2)CC(=O)N2CCC[C@@H]2C(=O)N1C,hepta_2022,5599,-10.0,7,7,Circle,0.148562,0.0402566,-34.0274,9.652,8.268,1.384,0.127847,0.0506146,9.181,8.082,1.099,79,76,train,train,train,train,train,train,train,val,test,test,,train,-1.0,0.1120715
5576,2020_Townsend,CC(C)C[C@H]1C(=O)N2CCC[C@@H]2C(=O)N[C@H](CC(C)C)C(=O)N[C@@H](Cc2ccccc2)C(=O)N2CCC[C@H]2C(=O)N(C)[C@@H](C)C(=O)N(Cc2ccccc2)CC(=O)N1C,hepta_1999,5576,-10.0,7,7,Circle,0.164124,0.0388506,-35.0756,9.253,8.071,1.182,0.130986,0.0449244,9.152,8.012,1.14,57,51,train,test,val,val,val,test,test,test,train,test,,train,-1.0,-0.7285356
5574,2020_Townsend,CC(C)C[C@@H]1NC(=O)[C@H](C)N(C)C(=O)[C@@H]2CCCN2C(=O)[C@H](Cc2ccccc2)NC(=O)[C@@H](CC(C)C)NC(=O)[C@H]2CCCN2C(=O)C[C@H](Cc2ccccc2)NC1=O,hepta_1997,5574,-10.0,7,7,Circle,0.153549,0.052582,-30.1189,9.285,7.88,1.405,0.133042,0.0617553,9.095,7.896,1.199,91,87,train,train,train,train,train,train,train,train,val,test,,train,-1.0,-0.1662145
5560,2020_Townsend,CC(C)C[C@H]1C(=O)N2CCC[C@@H]2C(=O)N(C)[C@@H](CC(C)C)C(=O)N[C@@H](Cc2ccccc2)C(=O)N2CCC[C@H]2C(=O)N(C)[C@@H](C)C(=O)N[C@H](CC(C)C)C(=O)N1C,hepta_1983,5560,-5.43,7,7,Circle,0.139248,0.0456525,-26.7409,9.065,7.884,1.181,0.222888,0.12722,9.046,7.917,1.129,35,48,train,test,train,train,train,train,train,train,test,test,,train,0.2850000000000001,0.338402
5554,2020_Townsend,CC(C)C[C@H]1C(=O)N[C@H](CC(C)C)C(=O)N2CCC[C@@H]2C(=O)N(C)[C@H](CC(C)C)C(=O)N[C@@H](Cc2ccccc2)C(=O)N2CCC[C@H]2C(=O)N(C)[C@@H](C)C(=O)N1C,hepta_1977,5554,-5.81,7,7,Circle,0.111937,0.0459602,-23.2237,8.927,7.714,1.213,0.113332,0.0504966,9.065,8.008,1.057,44,49,train,train,train,train,train,train,test,train,train,test,,train,0.0950000000000002,0.21757896
5549,2020_Townsend,CC(C)C[C@@H]1NC(=O)[C@H]2CCCN2C(=O)[C@H](CC(C)C)N(C)C(=O)[C@@H](CC(C)C)NC(=O)[C@H](C)N(C)C(=O)[C@@H]2CCCN2C(=O)[C@H](Cc2ccccc2)NC1=O,hepta_1972,5549,-6.1,7,7,Circle,0.119101,0.0382579,-28.9339,8.699,7.406,1.293,0.0981639,0.0360605,8.567,7.487,1.08,92,39,train,train,train,test,train,test,train,train,val,test,,train,-0.0499999999999998,-0.88637465
5537,2020_Townsend,CC(C)C[C@H]1NC(=O)[C@@H](C)NC(=O)[C@@H]2CCCN2C(=O)[C@H](Cc2ccccc2)NC(=O)[C@@H](CC(C)C)N(C)C(=O)[C@H]2CCCN2C(=O)C[C@H](Cc2ccccc2)NC1=O,hepta_1960,5537,-10.0,7,7,Circle,0.166678,0.0592887,-24.7053,8.819,7.725,1.094,0.135868,0.0478975,9.497,8.212,1.285,93,30,train,val,train,train,train,train,train,train,test,test,,train,-1.0,-0.8757872
5525,2020_Townsend,CC(C)C[C@H]1C(=O)N[C@H](CC(C)C)C(=O)N2CCC[C@@H]2C(=O)N(C)[C@@H](CC(C)C)C(=O)N[C@@H](Cc2ccccc2)C(=O)N2CCC[C@H]2C(=O)N[C@H](C)C(=O)N1C,hepta_1948,5525,-5.65,7,7,Circle,0.161803,0.0733767,-27.2605,9.322,8.011,1.311,0.106722,0.0463765,9.111,7.86,1.251,64,59,train,test,test,train,train,train,train,train,test,test,,train,0.1749999999999998,0.15000531
5519,2020_Townsend,CC(C)C[C@H]1C(=O)N2CCC[C@@H]2C(=O)N[C@H](CC(C)C)C(=O)N[C@@H](Cc2ccccc2)C(=O)N2CCC[C@H]2C(=O)N[C@H](C)C(=O)N[C@H](CC(C)C)C(=O)N1C,hepta_1942,5519,-5.64,7,7,Circle,0.148919,0.047057,-39.1864,9.066,7.613,1.453,0.125934,0.031872,8.563,7.44,1.123,80,89,train,train,train,train,test,test,train,train,train,test,,train,0.1800000000000001,0.18054189
5487,2020_Townsend,CC(C)C[C@@H]1NC(=O)[C@@H]2CCCN2C(=O)CN(Cc2ccccc2)C(=O)[C@@H](CC(C)C)N(C)C(=O)[C@H](C)NC(=O)[C@@H]2CCCN2C(=O)[C@H](Cc2ccccc2)NC1=O,hepta_1910,5487,-6.05,7,7,Circle,0.140159,0.0468106,-34.6727,9.241,8.023,1.218,0.127168,0.0411753,8.748,7.548,1.2,7,61,train,train,test,train,train,train,train,train,train,test,,train,-0.0249999999999999,-0.2326331
5467,2020_Townsend,CC(C)C[C@@H]1NC(=O)[C@H](C)NC(=O)[C@@H]2CCCN2C(=O)[C@H](Cc2ccccc2)NC(=O)[C@@H](CC(C)C)NC(=O)[C@@H]2CCCN2C(=O)CN(Cc2ccccc2)C1=O,hepta_1890,5467,-6.4,7,7,Circle,0.176359,0.0519896,-46.4809,9.416,8.012,1.404,0.145341,0.0341546,8.17,7.018,1.152,18,36,train,train,train,train,val,train,train,train,train,test,,train,-0.2000000000000001,-0.15359472
5465,2020_Townsend,CC(C)C[C@@H]1NC(=O)[C@H](CC(C)C)N(C)C(=O)[C@H](C)NC(=O)[C@@H]2CCCN2C(=O)[C@H](Cc2ccccc2)NC(=O)[C@@H](CC(C)C)N(C)C(=O)[C@@H]2CCCN2C1=O,hepta_1888,5465,-5.68,7,7,Circle,0.138555,0.0617887,-32.5403,9.269,7.883,1.386,0.110594,0.0435894,9.155,7.92,1.235,46,15,train,val,train,train,train,train,train,train,train,test,,train,0.1600000000000001,0.1437128
5459,2020_Townsend,CC(C)C[C@H]1NC(=O)[C@@H]2CCCN2C(=O)CN(Cc2ccccc2)C(=O)[C@@H](CC(C)C)NC(=O)[C@H](C)NC(=O)[C@@H]2CCCN2C(=O)[C@H](Cc2ccccc2)NC1=O,hepta_1882,5459,-5.95,7,7,Circle,0.21653,0.0816775,-43.2203,9.232,7.783,1.449,0.149543,0.0624385,8.555,7.19,1.365,14,52,train,test,train,val,train,train,train,train,train,test,,train,0.0249999999999999,-0.19062982
5458,2020_Townsend,CC(C)C[C@H]1C(=O)N2CCC[C@H]2C(=O)N(C)[C@H](CC(C)C)C(=O)N[C@@H](Cc2ccccc2)C(=O)N2CCC[C@H]2C(=O)N[C@@H](C)C(=O)N[C@H](CC(C)C)C(=O)N1C,hepta_1881,5458,-5.6,7,7,Circle,0.162044,0.0679396,-23.6394,9.038,7.694,1.344,0.136199,0.053111,8.819,7.657,1.162,31,99,train,train,train,train,train,train,train,train,train,test,,train,0.2000000000000001,0.25904432
5448,2020_Townsend,CC(C)C[C@@H]1NC(=O)[C@H](C)NC(=O)[C@@H]2CCCN2C(=O)[C@H](Cc2ccccc2)NC(=O)[C@@H](CC(C)C)N(C)C(=O)[C@@H]2CCCN2C(=O)[C@H](CC(C)C)NC1=O,hepta_1871,5448,-5.45,7,7,Circle,0.127795,0.0429233,-30.4627,8.952,7.63,1.322,0.105668,0.036226,8.607,7.278,1.329,95,48,train,train,train,val,test,train,train,train,train,test,,train,0.2749999999999999,0.26195186
5434,2020_Townsend,CC(C)C[C@H]1NC(=O)[C@@H]2CCCN2C(=O)[C@@H](CC(C)C)NC(=O)[C@@H](CC(C)C)N(C)C(=O)[C@H](C)NC(=O)[C@@H]2CCCN2C(=O)[C@H](Cc2ccccc2)NC1=O,hepta_1857,5434,-6.18,7,7,Circle,0.209581,0.0922076,-30.2619,9.178,7.774,1.404,0.106712,0.0447822,8.54,7.404,1.136,34,94,val,test,train,train,train,train,test,train,train,test,,val,-0.0899999999999998,-0.13293664
5425,2020_Townsend,CC(C)C[C@H]1C(=O)N[C@@H](Cc2ccccc2)C(=O)N2CCC[C@H]2C(=O)N[C@@H](Cc2ccccc2)CC(=O)N(Cc2ccccc2)CC(=O)N[C@@H](Cc2ccccc2)CC(=O)N2CCC[C@@H]2C(=O)N1C,hepta_1848,5425,-5.73,7,7,Circle,0.183788,0.050095,-29.3737,10.417,9.12,1.297,0.193991,0.0687541,9.902,8.672,1.23,91,42,test,train,train,train,train,train,train,train,val,test,,test,0.1349999999999998,0.105697356
5423,2020_Townsend,CC(C)C[C@@H]1NC(=O)C[C@H](Cc2ccccc2)NC(=O)[C@@H]2CCCN2C(=O)[C@H](Cc2ccccc2)NC(=O)CN(Cc2ccccc2)C(=O)[C@H]2CCCN2C(=O)C[C@H](Cc2ccccc2)NC1=O,hepta_1846,5423,-10.0,7,7,Circle,0.183322,0.0458367,-30.5679,9.799,8.789,1.01,0.150146,0.0376353,9.946,8.98,0.966,7,94,train,train,test,train,train,train,train,test,train,test,,train,-1.0,-0.0038163923
5419,2020_Townsend,CC(C)C[C@@H]1C(=O)N[C@@H](Cc2ccccc2)CC(=O)N2CCC[C@@H]2C(=O)N(C)[C@H](CC(C)C)C(=O)N[C@@H](Cc2ccccc2)C(=O)N2CCC[C@H]2C(=O)N[C@@H](Cc2ccccc2)CC(=O)N1C,hepta_1842,5419,-5.69,7,7,Circle,0.230407,0.0770283,-27.2737,10.157,8.957,1.2,0.144998,0.0461226,9.899,8.96,0.939,8,97,train,val,test,train,train,val,train,train,train,test,,train,0.1549999999999998,-0.36597157
5412,2020_Townsend,CC(C)C[C@H]1C(=O)N[C@@H](Cc2ccccc2)C(=O)N2CCC[C@H]2C(=O)N[C@@H](Cc2ccccc2)CC(=O)N(C)[C@H](CC(C)C)C(=O)N(Cc2ccccc2)CC(=O)N2CCC[C@@H]2C(=O)N1C,hepta_1835,5412,-5.58,7,7,Circle,0.183772,0.0644048,-30.7443,9.248,8.217,1.031,0.144135,0.0406126,9.956,9.158,0.798,45,47,train,train,train,train,train,train,train,train,test,test,,train,0.2099999999999999,-0.15978722
5411,2020_Townsend,CC(C)C[C@H]1C(=O)N(Cc2ccccc2)CC(=O)N2CCC[C@@H]2C(=O)N(C)[C@H](CC(C)C)C(=O)N[C@@H](Cc2ccccc2)C(=O)N2CCC[C@H]2C(=O)N[C@@H](Cc2ccccc2)CC(=O)N1C,hepta_1834,5411,-5.65,7,7,Circle,0.170099,0.0512924,-28.2534,9.592,8.395,1.197,0.161811,0.0422592,9.456,8.369,1.087,11,11,train,train,train,train,train,train,train,test,train,test,,train,0.1749999999999998,-0.051856223
5393,2020_Townsend,CC(C)C[C@H]1NC(=O)C[C@H](Cc2ccccc2)NC(=O)[C@@H]2CCCN2C(=O)[C@H](Cc2ccccc2)NC(=O)[C@@H](CC(C)C)N(C)C(=O)[C@H]2CCCN2C(=O)CN(Cc2ccccc2)C1=O,hepta_1816,5393,-6.84,7,7,Circle,0.309399,0.126243,-38.5527,10.067,8.741,1.326,0.178337,0.0731601,9.983,8.864,1.119,48,38,train,train,train,test,val,train,val,val,train,test,,train,-0.4199999999999999,0.16531636
5392,2020_Townsend,CC(C)C[C@H]1NC(=O)[C@H]2CCCN2C(=O)CN(Cc2ccccc2)C(=O)[C@@H](CC(C)C)N(C)C(=O)C[C@H](Cc2ccccc2)NC(=O)[C@@H]2CCCN2C(=O)[C@H](Cc2ccccc2)NC1=O,hepta_1815,5392,-5.82,7,7,Circle,0.15819,0.0513194,-42.2147,10.074,8.761,1.313,0.176359,0.0558678,9.944,8.791,1.153,91,61,train,val,test,train,val,test,train,val,train,test,,train,0.0899999999999998,0.07119107
5379,2020_Townsend,CC(C)C[C@@H]1NC(=O)C[C@H](Cc2ccccc2)NC(=O)[C@@H]2CCCN2C(=O)[C@H](Cc2ccccc2)NC(=O)[C@H](CC(C)C)N(C)C(=O)[C@H]2CCCN2C(=O)[C@@H](CC(C)C)N(C)C1=O,hepta_1802,5379,-5.2,7,7,Circle,0.126143,0.037314,-23.8013,9.416,8.231,1.185,0.132909,0.037864,9.541,8.393,1.148,48,82,train,train,train,train,train,train,train,train,train,test,,train,0.3999999999999999,0.29434416
5376,2020_Townsend,CC(C)C[C@H]1NC(=O)[C@H]2CCCN2C(=O)CN(Cc2ccccc2)C(=O)[C@@H](CC(C)C)NC(=O)C[C@H](Cc2ccccc2)NC(=O)[C@@H]2CCCN2C(=O)[C@H](Cc2ccccc2)NC1=O,hepta_1799,5376,-5.86,7,7,Circle,0.199557,0.0735191,-40.3787,10.248,8.928,1.32,0.121973,0.0413279,9.284,8.236,1.048,43,32,train,train,train,train,train,train,train,train,test,test,,train,0.0699999999999998,0.059988987
5373,2020_Townsend,CC(C)C[C@H]1C(=O)N2CCC[C@@H]2C(=O)N[C@H](CC(C)C)C(=O)N[C@@H](Cc2ccccc2)C(=O)N2CCC[C@H]2C(=O)N[C@@H](Cc2ccccc2)CC(=O)N(C)[C@H](CC(C)C)C(=O)N1C,hepta_1796,5373,-5.65,7,7,Circle,0.18924,0.0663994,-24.6385,9.841,8.761,1.08,0.127275,0.0427478,9.76,8.802,0.958,3,12,train,train,train,val,train,train,test,train,train,test,,train,0.1749999999999998,0.23843332
5366,2020_Townsend,CC(C)C[C@@H]1NC(=O)[C@H](CC(C)C)N(C)C(=O)C[C@H](Cc2ccccc2)NC(=O)[C@@H]2CCCN2C(=O)[C@H](Cc2ccccc2)NC(=O)[C@@H](CC(C)C)NC(=O)[C@H]2CCCN2C1=O,hepta_1789,5366,-5.46,7,7,Circle,0.160974,0.0547772,-32.532,9.827,8.504,1.323,0.128879,0.0327551,9.603,8.578,1.025,68,27,train,train,train,train,train,test,val,train,train,test,,train,0.27,0.2060121
5351,2020_Townsend,CCCN1CC(=O)N(Cc2ccccc2)CC(=O)N[C@@H](Cc2ccccc2)CC(=O)N2CCC[C@H]2C(=O)N(Cc2ccccc2)CC(=O)N[C@@H](Cc2ccccc2)C(=O)N2CCC[C@H]2C1=O,hepta_1774,5351,-5.72,7,7,Circle,0.196103,0.0695685,-43.1668,9.298,8.153,1.145,0.198648,0.051099,9.455,8.214,1.241,40,38,train,val,val,train,val,train,val,train,test,test,,train,0.1400000000000001,4.3325126e-06
5349,2020_Townsend,CCCN1CC(=O)N(Cc2ccccc2)CC(=O)N[C@@H](Cc2ccccc2)CC(=O)N2CCC[C@H]2C(=O)N(C)[C@@H](CC(C)C)C(=O)N[C@@H](Cc2ccccc2)C(=O)N2CCC[C@H]2C1=O,hepta_1772,5349,-5.64,7,7,Circle,0.18923,0.0755553,-28.1037,9.315,8.097,1.218,0.192007,0.057283,9.624,8.447,1.177,69,30,train,train,train,test,train,train,train,train,train,test,,train,0.1800000000000001,0.1459552
5333,2020_Townsend,CCCN1CC(=O)N(C)[C@@H](CC(C)C)C(=O)N[C@@H](Cc2ccccc2)CC(=O)N2CCC[C@H]2C(=O)N[C@@H](CC(C)C)C(=O)N[C@@H](Cc2ccccc2)C(=O)N2CCC[C@H]2C1=O,hepta_1756,5333,-5.71,7,7,Circle,0.152648,0.0573561,-39.9794,9.496,8.094,1.402,0.149697,0.0390452,9.411,8.212,1.199,75,44,train,train,val,test,train,train,train,train,train,test,,train,0.145,0.21854316
5320,2020_Townsend,CCCN1CC(=O)N[C@@H](CC(C)C)C(=O)N(C)[C@H](CC(C)C)C(=O)N2CCC[C@H]2C(=O)N(Cc2ccccc2)CC(=O)N[C@@H](Cc2ccccc2)C(=O)N2CCC[C@H]2C1=O,hepta_1743,5320,-5.83,7,7,Circle,0.203703,0.0902873,-38.8188,9.411,8.235,1.176,0.13717,0.0379085,9.348,8.228,1.12,53,80,train,train,val,train,test,train,train,train,train,test,,train,0.0849999999999999,0.377456
5318,2020_Townsend,CCCN1CC(=O)N(C)[C@@H](CC(C)C)C(=O)N[C@H](CC(C)C)C(=O)N2CCC[C@H]2C(=O)N(Cc2ccccc2)CC(=O)N[C@@H](Cc2ccccc2)C(=O)N2CCC[C@H]2C1=O,hepta_1741,5318,-5.3,7,7,Circle,0.170365,0.0436135,-44.8271,10.196,8.982,1.214,0.147977,0.0407351,9.863,8.72,1.143,45,10,test,train,test,train,train,val,val,train,train,test,,test,0.3500000000000001,0.38042453
5309,2020_Townsend,CCCN1CC(=O)N[C@H](CC(C)C)C(=O)N(Cc2ccccc2)CC(=O)N2CCC[C@H]2C(=O)N(C)[C@H](CC(C)C)C(=O)N[C@@H](Cc2ccccc2)C(=O)N2CCC[C@H]2C1=O,hepta_1732,5309,-5.87,7,7,Circle,0.130754,0.0472714,-27.8901,9.391,8.291,1.1,0.126507,0.0419849,9.431,8.355,1.076,48,100,train,train,train,train,train,train,train,train,train,test,,train,0.0649999999999999,0.12654221
5275,2020_Townsend,CCCN1CC(=O)N(C)[C@@H](CC(C)C)C(=O)N[C@@H](CC(C)C)C(=O)N2CCC[C@H]2C(=O)N[C@H](CC(C)C)C(=O)N[C@@H](Cc2ccccc2)C(=O)N2CCC[C@H]2C1=O,hepta_1698,5275,-5.62,7,7,Circle,0.113939,0.0415131,-17.1986,8.942,7.812,1.13,0.100187,0.0298784,9.075,8.042,1.033,78,11,train,train,train,test,train,train,train,train,val,test,,train,0.1899999999999999,-0.22026546
5272,2020_Townsend,CCCN1CC(=O)N[C@H](CC(C)C)C(=O)N(C)[C@@H](CC(C)C)C(=O)N2CCC[C@H]2C(=O)N[C@@H](CC(C)C)C(=O)N[C@@H](Cc2ccccc2)C(=O)N2CCC[C@H]2C1=O,hepta_1695,5272,-6.07,7,7,Circle,0.125528,0.0431932,-19.7471,9.006,7.703,1.303,0.10655,0.0351305,8.921,7.699,1.222,98,65,train,test,train,train,train,train,train,train,val,test,,train,-0.0350000000000001,-0.057838645
5269,2020_Townsend,CCCN1CC(=O)N[C@H](CC(C)C)C(=O)N[C@@H](CC(C)C)C(=O)N2CCC[C@H]2C(=O)N(C)[C@H](CC(C)C)C(=O)N[C@@H](Cc2ccccc2)C(=O)N2CCC[C@H]2C1=O,hepta_1692,5269,-5.79,7,7,Circle,0.195096,0.0848074,-28.6378,9.336,8.047,1.289,0.122627,0.043913,9.244,7.998,1.246,90,74,train,train,train,train,test,train,train,train,train,test,,train,0.1049999999999999,0.1091778
5208,2020_Townsend,CC(C)C[C@H]1NC(=O)[C@@H]2CCCN2C(=O)CN(Cc2ccccc2)C(=O)[C@@H](CC(C)C)NC(=O)C[C@H](Cc2ccccc2)NC(=O)[C@@H]2CCCN2C(=O)[C@H](Cc2ccccc2)NC1=O,hepta_1631,5208,-6.1,7,7,Circle,0.199617,0.055129,-42.2833,10.246,8.867,1.379,0.189327,0.0779946,9.339,8.035,1.304,8,3,train,train,train,train,train,train,train,train,train,test,,train,-0.0499999999999998,0.06272189
5187,2020_Townsend,CC(C)C[C@@H]1NC(=O)C[C@H](Cc2ccccc2)NC(=O)[C@@H]2CCCN2C(=O)[C@H](Cc2ccccc2)NC(=O)[C@@H](CC(C)C)N(C)C(=O)[C@@H]2CCCN2C(=O)[C@@H](CC(C)C)NC1=O,hepta_1610,5187,-5.53,7,7,Circle,0.260937,0.107807,-30.1543,9.907,8.447,1.46,0.172083,0.0581404,9.721,8.491,1.23,21,64,val,train,val,val,train,train,train,train,train,test,,val,0.2349999999999998,0.28805822
5186,2020_Townsend,CC(C)C[C@@H]1NC(=O)C[C@H](Cc2ccccc2)NC(=O)[C@@H]2CCCN2C(=O)[C@H](Cc2ccccc2)NC(=O)[C@@H](CC(C)C)NC(=O)[C@@H]2CCCN2C(=O)[C@@H](CC(C)C)N(C)C1=O,hepta_1609,5186,-5.74,7,7,Circle,0.12436,0.0422484,-32.0621,10.173,8.77,1.403,0.150816,0.039865,9.303,8.149,1.154,79,30,train,train,train,train,train,train,val,train,train,test,,train,0.1299999999999999,0.15414144
5174,2020_Townsend,CCCN1CC(=O)N(C)[C@H](CC(C)C)C(=O)N[C@@H](Cc2ccccc2)CC(=O)N2CCC[C@@H]2C(=O)N(Cc2ccccc2)CC(=O)N[C@@H](Cc2ccccc2)C(=O)N2CCC[C@@H]2C1=O,hepta_1597,5174,-5.74,7,7,Circle,0.191099,0.060449,-33.418,9.96,8.852,1.108,0.150479,0.0482692,10.03,8.841,1.189,18,84,train,train,train,train,train,train,train,train,train,test,,train,0.1299999999999999,-0.35708806
5145,2020_Townsend,CCCN1CC(=O)N[C@@H](CC(C)C)C(=O)N[C@@H](Cc2ccccc2)CC(=O)N2CCC[C@@H]2C(=O)N[C@@H](CC(C)C)C(=O)N[C@@H](Cc2ccccc2)C(=O)N2CCC[C@@H]2C1=O,hepta_1568,5145,-6.24,7,7,Circle,0.15278,0.0498244,-34.5858,9.499,8.216,1.283,0.220539,0.081514,9.241,8.089,1.152,41,85,train,train,val,train,train,train,test,train,train,test,,train,-0.1200000000000001,-0.22039174
5140,2020_Townsend,CCCN1CC(=O)N[C@H](CC(C)C)C(=O)N(C)[C@@H](CC(C)C)C(=O)N2CCC[C@@H]2C(=O)N(Cc2ccccc2)CC(=O)N[C@@H](Cc2ccccc2)C(=O)N2CCC[C@@H]2C1=O,hepta_1563,5140,-5.68,7,7,Circle,0.149447,0.0705604,-35.4178,9.295,8.015,1.28,0.119051,0.0402089,8.874,7.9,0.974,12,70,train,train,train,train,train,train,test,train,train,test,,train,0.1600000000000001,0.19747198
5135,2020_Townsend,CCCN1CC(=O)N[C@H](CC(C)C)C(=O)N(Cc2ccccc2)CC(=O)N2CCC[C@@H]2C(=O)N(C)[C@H](CC(C)C)C(=O)N[C@@H](Cc2ccccc2)C(=O)N2CCC[C@@H]2C1=O,hepta_1558,5135,-5.41,7,7,Circle,0.140065,0.0466935,-39.604,9.985,8.776,1.209,0.109963,0.047574,9.657,8.394,1.263,93,23,val,train,val,val,train,val,train,train,train,test,,val,0.2949999999999999,0.2537112
5131,2020_Townsend,CCCN1CC(=O)N[C@H](CC(C)C)C(=O)N[C@@H](Cc2ccccc2)CC(=O)N2CCC[C@@H]2C(=O)N[C@H](CC(C)C)C(=O)N[C@@H](Cc2ccccc2)C(=O)N2CCC[C@@H]2C1=O,hepta_1554,5131,-5.76,7,7,Circle,0.161358,0.0559296,-20.626,8.961,7.753,1.208,0.143031,0.0520258,9.206,7.864,1.342,46,9,train,test,train,train,test,train,train,train,test,test,,train,0.1200000000000001,-0.08905667
5126,2020_Townsend,CCCN1CC(=O)N[C@@H](CC(C)C)C(=O)N[C@@H](CC(C)C)C(=O)N2CCC[C@@H]2C(=O)N(Cc2ccccc2)CC(=O)N[C@@H](Cc2ccccc2)C(=O)N2CCC[C@@H]2C1=O,hepta_1549,5126,-5.75,7,7,Circle,0.216045,0.0788831,-31.5386,9.484,8.236,1.248,0.216589,0.104421,9.14,7.964,1.176,11,43,train,train,test,train,train,train,test,train,train,test,,train,0.125,0.21431282
5119,2020_Townsend,CCCN1CC(=O)N(Cc2ccccc2)CC(=O)N[C@@H](CC(C)C)C(=O)N2CCC[C@@H]2C(=O)N[C@H](CC(C)C)C(=O)N[C@@H](Cc2ccccc2)C(=O)N2CCC[C@@H]2C1=O,hepta_1542,5119,-5.82,7,7,Circle,0.19999,0.071842,-27.7405,8.846,7.792,1.054,0.14121,0.0478422,8.733,7.696,1.037,30,48,train,val,val,train,train,test,train,train,train,test,,train,0.0899999999999998,-0.1621679
5098,2020_Townsend,CCCN1CC(=O)N[C@@H](CC(C)C)C(=O)N(C)[C@H](CC(C)C)C(=O)N2CCC[C@@H]2C(=O)N[C@@H](CC(C)C)C(=O)N[C@@H](Cc2ccccc2)C(=O)N2CCC[C@@H]2C1=O,hepta_1521,5098,-5.73,7,7,Circle,0.15624,0.0592229,-33.6644,9.626,8.267,1.359,0.178927,0.0652646,9.311,8.102,1.209,37,46,train,train,train,train,train,train,train,train,val,test,,train,0.1349999999999998,0.02746864
5096,2020_Townsend,CCCN1CC(=O)N[C@H](CC(C)C)C(=O)N(C)[C@@H](CC(C)C)C(=O)N2CCC[C@@H]2C(=O)N[C@@H](CC(C)C)C(=O)N[C@@H](Cc2ccccc2)C(=O)N2CCC[C@@H]2C1=O,hepta_1519,5096,-5.82,7,7,Circle,0.158625,0.0679409,-28.4541,9.246,8.13,1.116,0.118896,0.0441758,9.583,8.298,1.285,85,68,train,train,val,train,val,val,test,train,train,test,,train,0.0899999999999998,0.16972414
5094,2020_Townsend,CCCN1CC(=O)N(C)[C@@H](CC(C)C)C(=O)N[C@H](CC(C)C)C(=O)N2CCC[C@@H]2C(=O)N[C@@H](CC(C)C)C(=O)N[C@@H](Cc2ccccc2)C(=O)N2CCC[C@@H]2C1=O,hepta_1517,5094,-5.85,7,7,Circle,0.163591,0.0510416,-33.6891,9.937,8.573,1.364,0.220944,0.100914,9.101,7.921,1.18,100,2,train,train,train,train,train,train,train,val,train,test,,train,0.0750000000000001,0.16294886
5089,2020_Townsend,CCCN1CC(=O)N(C)[C@H](CC(C)C)C(=O)N[C@H](CC(C)C)C(=O)N2CCC[C@@H]2C(=O)N[C@H](CC(C)C)C(=O)N[C@@H](Cc2ccccc2)C(=O)N2CCC[C@@H]2C1=O,hepta_1512,5089,-5.65,7,7,Circle,0.184741,0.0731082,-28.9242,9.378,8.118,1.26,0.0872439,0.038295,9.09,8.04,1.05,81,47,train,train,train,val,train,train,train,test,train,test,,train,0.1749999999999998,0.37795636
5086,2020_Townsend,CCCN1CC(=O)N[C@@H](CC(C)C)C(=O)N[C@@H](CC(C)C)C(=O)N2CCC[C@@H]2C(=O)N[C@@H](CC(C)C)C(=O)N[C@@H](Cc2ccccc2)C(=O)N2CCC[C@@H]2C1=O,hepta_1509,5086,-5.74,7,7,Circle,0.125988,0.0497729,-25.9658,9.141,7.887,1.254,0.13957,0.0491648,8.76,7.706,1.054,19,45,train,test,train,train,train,train,train,train,train,test,,train,0.1299999999999999,-0.28538358
5054,2020_Townsend,CC(C)C[C@@H]1NC(=O)CN(Cc2ccccc2)C(=O)C[C@H](Cc2ccccc2)NC(=O)[C@H]2CCCN2C(=O)[C@H](Cc2ccccc2)NC(=O)[C@@H](CC(C)C)N(C)C(=O)[C@H]2CCCN2C1=O,hepta_1477,5054,-5.38,7,7,Circle,0.194889,0.0733727,-30.1518,9.785,8.663,1.122,0.161844,0.0509165,9.835,8.738,1.097,48,17,train,train,train,train,train,train,test,train,test,test,,train,0.31,0.2479431
5029,2020_Townsend,CC(C)C[C@H]1NC(=O)C[C@H](Cc2ccccc2)NC(=O)[C@H]2CCCN2C(=O)[C@H](Cc2ccccc2)NC(=O)CN(Cc2ccccc2)C(=O)[C@H]2CCCN2C(=O)[C@@H](CC(C)C)NC1=O,hepta_1452,5029,-6.25,7,7,Circle,0.172713,0.0606945,-46.1633,10.024,8.559,1.465,0.183311,0.0553873,9.628,8.442,1.186,96,50,train,train,train,train,train,train,train,test,val,test,,train,-0.125,-0.12387662
4997,2020_Townsend,CC(C)C[C@H]1NC(=O)C[C@H](Cc2ccccc2)NC(=O)[C@H]2CCCN2C(=O)[C@H](Cc2ccccc2)NC(=O)[C@@H](CC(C)C)NC(=O)[C@H]2CCCN2C(=O)[C@@H](CC(C)C)NC1=O,hepta_1420,4997,-5.85,7,7,Circle,0.188248,0.0521812,-26.2312,9.651,8.441,1.21,0.165609,0.0741966,9.704,8.273,1.431,41,9,train,train,train,train,train,train,train,val,test,test,,train,0.0750000000000001,-0.043721173
4996,2020_Townsend,O=C1CN(Cc2ccccc2)C(=O)C[C@H](Cc2ccccc2)NC(=O)[C@H]2CCCN2C(=O)[C@H](Cc2ccccc2)NC(=O)CN(Cc2ccccc2)C(=O)[C@@H]2CCCN2C(=O)C[C@H](Cc2ccccc2)N1,hepta_1419,4996,-6.09,7,7,Circle,0.242018,0.0912443,-35.1516,10.238,8.943,1.295,0.171674,0.0533804,10.352,9.125,1.227,62,53,train,train,test,test,train,train,train,train,train,test,,train,-0.0449999999999999,-0.11301619
4986,2020_Townsend,CC(C)C[C@@H]1C(=O)N[C@@H](Cc2ccccc2)CC(=O)N2CCC[C@H]2C(=O)N(C)[C@H](CC(C)C)C(=O)N[C@@H](Cc2ccccc2)C(=O)N2CCC[C@@H]2C(=O)N[C@@H](Cc2ccccc2)CC(=O)N1C,hepta_1409,4986,-5.34,7,7,Circle,0.165423,0.0566536,-20.8327,9.684,8.647,1.037,0.138558,0.0558076,10.066,8.984,1.082,10,27,test,train,train,train,train,val,train,train,train,test,,test,0.33,0.16756356
4965,2020_Townsend,CC(C)C[C@@H]1NC(=O)[C@@H](CC(C)C)N(C)C(=O)C[C@H](Cc2ccccc2)NC(=O)[C@H]2CCCN2C(=O)[C@H](Cc2ccccc2)NC(=O)CN(Cc2ccccc2)C(=O)[C@@H]2CCCN2C1=O,hepta_1388,4965,-5.25,7,7,Circle,0.168447,0.0532353,-32.8962,9.853,8.649,1.204,0.156633,0.0432675,9.937,8.652,1.285,95,53,train,train,train,train,train,train,val,test,test,test,,train,0.375,0.24574418
4952,2020_Townsend,CC(C)C[C@H]1C(=O)N2CCC[C@H]2C(=O)N(C)[C@H](CC(C)C)C(=O)N[C@@H](Cc2ccccc2)C(=O)N2CCC[C@@H]2C(=O)N[C@@H](Cc2ccccc2)CC(=O)N(C)[C@H](CC(C)C)C(=O)N1C,hepta_1375,4952,-5.38,7,7,Circle,0.205237,0.0696586,-21.2178,10.356,9.175,1.181,0.132988,0.0406148,10.185,9.04,1.145,67,17,train,train,train,train,train,val,train,train,val,test,,train,0.31,0.40227854
4951,2020_Townsend,CC(C)C[C@H]1C(=O)N(C)[C@H](CC(C)C)C(=O)N2CCC[C@H]2C(=O)N(C)[C@H](CC(C)C)C(=O)N[C@@H](Cc2ccccc2)C(=O)N2CCC[C@@H]2C(=O)N[C@@H](Cc2ccccc2)CC(=O)N1C,hepta_1374,4951,-5.52,7,7,Circle,0.157693,0.0555336,-17.561,9.551,8.418,1.133,0.131922,0.04602,9.697,8.523,1.174,98,76,train,train,train,train,test,train,test,train,train,test,,train,0.2400000000000002,0.3500735
4950,2020_Townsend,CC(C)C[C@H]1C(=O)N[C@@H](Cc2ccccc2)C(=O)N2CCC[C@@H]2C(=O)N[C@@H](Cc2ccccc2)CC(=O)N(C)[C@H](CC(C)C)C(=O)N(C)[C@H](CC(C)C)C(=O)N2CCC[C@H]2C(=O)N1C,hepta_1373,4950,-5.23,7,7,Circle,0.165598,0.0425604,-34.0158,10.258,9.167,1.091,0.176906,0.0593487,10.42,9.294,1.126,16,42,train,train,train,train,train,train,val,train,train,test,,train,0.3849999999999998,0.32013074
4946,2020_Townsend,CC(C)C[C@@H]1NC(=O)C[C@H](Cc2ccccc2)NC(=O)[C@H]2CCCN2C(=O)[C@H](Cc2ccccc2)NC(=O)[C@H](CC(C)C)N(C)C(=O)[C@@H]2CCCN2C(=O)[C@H](CC(C)C)N(C)C1=O,hepta_1369,4946,-5.25,7,7,Circle,0.164641,0.0666466,-22.0742,9.556,8.451,1.105,0.17004,0.0579062,9.914,8.844,1.07,91,20,train,train,train,train,train,train,train,train,train,test,,train,0.375,0.27948803
4912,2020_Townsend,CC(C)C[C@@H]1NC(=O)[C@@H](CC(C)C)NC(=O)C[C@H](Cc2ccccc2)NC(=O)[C@H]2CCCN2C(=O)[C@H](Cc2ccccc2)NC(=O)[C@@H](CC(C)C)N(C)C(=O)[C@@H]2CCCN2C1=O,hepta_1335,4912,-5.31,7,7,Circle,0.136691,0.0398487,-38.6809,9.713,8.556,1.157,0.107998,0.0325127,9.722,8.674,1.048,76,19,train,train,train,train,train,train,val,train,test,test,,train,0.3450000000000002,0.06024676
4905,2020_Townsend,CC(C)C[C@@H]1NC(=O)C[C@H](Cc2ccccc2)NC(=O)[C@H]2CCCN2C(=O)[C@H](Cc2ccccc2)NC(=O)[C@H](CC(C)C)NC(=O)[C@@H]2CCCN2C(=O)[C@H](CC(C)C)NC1=O,hepta_1328,4905,-5.71,7,7,Circle,0.225784,0.0809651,-35.0239,9.748,8.326,1.422,0.187076,0.0691544,9.641,8.199,1.442,55,11,train,test,test,train,train,test,train,train,test,test,,train,0.145,-0.092423156
4889,2020_Townsend,CC(C)C[C@H]1C(=O)N[C@@H](Cc2ccccc2)CC(=O)N2CCC[C@@H]2C(=O)N(C)[C@H](CC(C)C)C(=O)N[C@@H](Cc2ccccc2)C(=O)N2CCC[C@H]2C(=O)N(C)[C@H](C)C(=O)N1C,hepta_1312,4889,-5.76,7,7,Circle,0.159956,0.061824,-26.4867,9.615,8.549,1.066,0.153728,0.0655624,9.473,8.449,1.024,60,38,train,val,test,val,train,train,train,train,train,test,,train,0.1200000000000001,0.33427665
4887,2020_Townsend,CC(C)C[C@@H]1NC(=O)[C@@H](C)N(C)C(=O)[C@@H]2CCCN2C(=O)[C@H](Cc2ccccc2)NC(=O)CN(Cc2ccccc2)C(=O)[C@H]2CCCN2C(=O)CN(Cc2ccccc2)C1=O,hepta_1310,4887,-5.91,7,7,Circle,0.18966,0.0513311,-33.2125,8.905,7.774,1.131,0.189267,0.0599004,8.937,7.896,1.041,77,79,train,train,train,train,train,val,train,train,train,test,,train,0.0449999999999999,0.04061285
4883,2020_Townsend,CC(C)C[C@H]1NC(=O)CN(Cc2ccccc2)C(=O)[C@@H](C)N(C)C(=O)[C@@H]2CCCN2C(=O)[C@H](Cc2ccccc2)NC(=O)CN(Cc2ccccc2)C(=O)[C@H]2CCCN2C1=O,hepta_1306,4883,-5.57,7,7,Circle,0.186083,0.0557258,-41.5027,9.285,8.004,1.281,0.156856,0.0514491,9.177,7.975,1.202,52,52,train,train,train,train,train,train,train,train,test,test,,train,0.2149999999999998,0.16494448
4878,2020_Townsend,CC(C)C[C@@H]1C(=O)N(C)[C@H](CC(C)C)C(=O)N2CCC[C@@H]2C(=O)N(Cc2ccccc2)CC(=O)N[C@@H](Cc2ccccc2)C(=O)N2CCC[C@H]2C(=O)N(C)[C@H](C)C(=O)N1C,hepta_1301,4878,-5.61,7,7,Circle,0.136223,0.0379659,-24.5627,9.103,8.057,1.046,0.144889,0.0417754,8.926,7.94,0.986,17,99,train,train,train,val,train,train,train,train,train,test,,train,0.1949999999999998,0.108450904
4873,2020_Townsend,CC(C)C[C@@H]1NC(=O)[C@H](CC(C)C)N(C)C(=O)[C@@H](C)N(C)C(=O)[C@@H]2CCCN2C(=O)[C@H](Cc2ccccc2)NC(=O)CN(Cc2ccccc2)C(=O)[C@H]2CCCN2C1=O,hepta_1296,4873,-5.4,7,7,Circle,0.169903,0.0714289,-37.9169,9.107,7.8,1.307,0.130701,0.0436062,8.717,7.778,0.939,52,61,train,train,val,train,train,train,train,val,train,test,,train,0.2999999999999998,0.024478931
4853,2020_Townsend,CC(C)C[C@@H]1NC(=O)[C@H]2CCCN2C(=O)CN(Cc2ccccc2)C(=O)[C@H](CC(C)C)NC(=O)[C@@H](C)N(C)C(=O)[C@@H]2CCCN2C(=O)[C@H](Cc2ccccc2)NC1=O,hepta_1276,4853,-5.73,7,7,Circle,0.170221,0.0462411,-43.8671,9.393,8.106,1.287,0.239406,0.0945967,9.039,7.851,1.188,3,21,train,train,train,test,test,train,train,train,train,test,,train,0.1349999999999998,-0.091756314
4845,2020_Townsend,CC(C)C[C@H]1C(=O)N[C@H](CC(C)C)C(=O)N2CCC[C@@H]2C(=O)N(C)[C@@H](CC(C)C)C(=O)N[C@@H](Cc2ccccc2)C(=O)N2CCC[C@H]2C(=O)N(C)[C@H](C)C(=O)N1C,hepta_1268,4845,-5.05,7,7,Circle,0.119858,0.0346618,-25.3749,9.325,8.106,1.219,0.104115,0.0422382,9.193,8.151,1.042,60,12,val,train,train,val,train,train,train,train,val,test,,val,0.4750000000000001,0.5171539
4817,2020_Townsend,CC(C)C[C@@H]1NC(=O)[C@@H](C)N(C)C(=O)[C@@H]2CCCN2C(=O)[C@H](Cc2ccccc2)NC(=O)[C@H](CC(C)C)NC(=O)[C@H]2CCCN2C(=O)[C@H](CC(C)C)NC1=O,hepta_1240,4817,-6.31,7,7,Circle,0.138722,0.0405344,-41.9925,9.243,7.806,1.437,0.131743,0.0426455,8.68,7.42,1.26,52,42,train,test,train,train,train,train,val,train,train,test,,train,-0.1549999999999998,-0.18376257
4815,2020_Townsend,CC(C)C[C@@H]1NC(=O)[C@@H](CC(C)C)NC(=O)[C@@H](C)N(C)C(=O)[C@@H]2CCCN2C(=O)[C@H](Cc2ccccc2)NC(=O)[C@@H](CC(C)C)NC(=O)[C@H]2CCCN2C1=O,hepta_1238,4815,-5.71,7,7,Circle,0.174816,0.0663853,-39.6593,9.286,7.901,1.385,0.158235,0.0644003,8.883,7.691,1.192,62,57,train,train,train,train,train,train,train,train,train,test,,train,0.145,0.21618457
4808,2020_Townsend,CC(C)C[C@H]1C(=O)N2CCC[C@H]2C(=O)N(Cc2ccccc2)CC(=O)N[C@@H](Cc2ccccc2)C(=O)N2CCC[C@H]2C(=O)N(C)[C@H](C)C(=O)N(Cc2ccccc2)CC(=O)N1C,hepta_1231,4808,-5.76,7,7,Circle,0.168005,0.0606738,-44.3081,9.374,8.269,1.105,0.139795,0.0399343,9.229,8.19,1.039,94,11,train,train,train,train,train,train,train,train,test,test,,train,0.1200000000000001,0.19900604
4776,2020_Townsend,CC(C)C[C@@H]1NC(=O)[C@@H]2CCCN2C(=O)CN(Cc2ccccc2)C(=O)[C@@H](CC(C)C)N(C)C(=O)[C@@H](C)N(C)C(=O)[C@@H]2CCCN2C(=O)[C@H](Cc2ccccc2)NC1=O,hepta_1199,4776,-6.71,7,7,Circle,0.139907,0.0463367,-31.9068,9.276,8.048,1.228,0.132159,0.038785,9.052,7.772,1.28,28,54,test,train,test,train,train,val,test,test,train,test,,test,-0.355,-0.26460525
4766,2020_Townsend,CC(C)C[C@H]1C(=O)N[C@@H](Cc2ccccc2)C(=O)N2CCC[C@H]2C(=O)N(C)[C@H](C)C(=O)N(C)[C@H](CC(C)C)C(=O)N(C)[C@H](CC(C)C)C(=O)N2CCC[C@H]2C(=O)N1C,hepta_1189,4766,-4.99,7,7,Circle,0.113593,0.042683,-29.1759,9.137,7.83,1.307,0.130309,0.0421886,9.265,8.175,1.09,36,30,train,train,val,train,train,train,val,train,train,test,,train,0.5049999999999999,0.23031761
4747,2020_Townsend,CC(C)C[C@H]1C(=O)N2CCC[C@H]2C(=O)N[C@H](CC(C)C)C(=O)N[C@@H](Cc2ccccc2)C(=O)N2CCC[C@H]2C(=O)N(C)[C@H](C)C(=O)N(C)[C@H](CC(C)C)C(=O)N1C,hepta_1170,4747,-6.82,7,7,Circle,0.121682,0.0396585,-34.3141,9.31,8.146,1.164,0.128429,0.049125,9.184,7.872,1.312,70,6,val,train,test,val,train,val,train,train,train,test,,val,-0.4100000000000001,-0.48560017
4736,2020_Townsend,CC(C)C[C@@H]1NC(=O)[C@@H](C)N(C)C(=O)[C@@H]2CCCN2C(=O)[C@H](Cc2ccccc2)NC(=O)[C@H](CC(C)C)N(C)C(=O)[C@@H]2CCCN2C(=O)[C@@H](CC(C)C)NC1=O,hepta_1159,4736,-5.32,7,7,Circle,0.119482,0.0448155,-15.4479,8.789,7.69,1.099,0.0970276,0.0413241,8.695,7.681,1.014,91,67,train,train,train,val,train,train,val,train,train,test,,train,0.3399999999999998,0.34872496
4734,2020_Townsend,CC(C)C[C@@H]1NC(=O)[C@@H]2CCCN2C(=O)[C@@H](CC(C)C)NC(=O)[C@H](CC(C)C)N(C)C(=O)[C@@H](C)N(C)C(=O)[C@@H]2CCCN2C(=O)[C@H](Cc2ccccc2)NC1=O,hepta_1157,4734,-6.32,7,7,Circle,0.147601,0.0674523,-37.7968,8.907,7.654,1.253,0.145923,0.058192,8.719,7.662,1.057,5,68,train,train,train,train,val,train,train,train,train,test,,train,-0.1600000000000001,0.11353102
4724,2020_Townsend,CC(C)C[C@H]1NC(=O)[C@@H](C)N(C)C(=O)[C@@H]2CCCN2C(=O)[C@H](Cc2ccccc2)NC(=O)[C@@H](CC(C)C)N(C)C(=O)[C@@H]2CCCN2C(=O)[C@@H](CC(C)C)NC1=O,hepta_1147,4724,-5.67,7,7,Circle,0.164887,0.056244,-29.8901,9.416,8.209,1.207,0.147533,0.0496716,9.212,8.078,1.134,27,32,train,train,train,train,val,train,train,test,train,test,,train,0.165,0.089499
4718,2020_Townsend,CC(C)C[C@H]1NC(=O)[C@@H]2CCCN2C(=O)[C@@H](CC(C)C)NC(=O)[C@@H](CC(C)C)NC(=O)[C@@H](C)N(C)C(=O)[C@@H]2CCCN2C(=O)[C@H](Cc2ccccc2)NC1=O,hepta_1141,4718,-6.01,7,7,Circle,0.150514,0.0446594,-28.9069,8.853,7.714,1.139,0.100332,0.0406988,8.835,7.736,1.099,77,44,train,test,train,train,train,train,train,train,test,test,,train,-0.0049999999999998,-0.33260804
4714,2020_Townsend,CC(C)C[C@H]1C(=O)N[C@@H](Cc2ccccc2)CC(=O)N2CCC[C@H]2C(=O)N(C)[C@@H](CC(C)C)C(=O)N[C@@H](Cc2ccccc2)C(=O)N2CCC[C@H]2C(=O)N(C)[C@@H](C)C(=O)N1C,hepta_1137,4714,-5.23,7,7,Circle,0.128785,0.047806,-24.8441,9.256,7.971,1.285,0.131381,0.0433111,9.199,7.987,1.212,90,77,train,train,train,val,train,train,train,train,train,test,,train,0.3849999999999998,0.27423763
4709,2020_Townsend,CC(C)C[C@@H]1NC(=O)CN(Cc2ccccc2)C(=O)[C@H](C)N(C)C(=O)[C@@H]2CCCN2C(=O)[C@H](Cc2ccccc2)NC(=O)CN(Cc2ccccc2)C(=O)[C@@H]2CCCN2C1=O,hepta_1132,4709,-5.81,7,7,Circle,0.152263,0.058774,-41.4658,9.208,7.946,1.262,0.14524,0.0375596,8.918,7.859,1.059,47,51,test,test,val,train,train,train,train,val,train,test,,test,0.0950000000000002,-0.15188713
4693,2020_Townsend,CC(C)C[C@@H]1NC(=O)[C@H](C)N(C)C(=O)[C@@H]2CCCN2C(=O)[C@H](Cc2ccccc2)NC(=O)[C@H](CC(C)C)NC(=O)[C@@H]2CCCN2C(=O)C[C@H](Cc2ccccc2)NC1=O,hepta_1116,4693,-6.22,7,7,Circle,0.19594,0.0733475,-33.1183,8.937,7.44,1.497,0.104274,0.0404364,8.708,7.54,1.168,57,37,train,train,train,train,train,train,train,train,train,test,,train,-0.1099999999999998,-0.09700373
4691,2020_Townsend,CC(C)C[C@@H]1NC(=O)CN(Cc2ccccc2)C(=O)[C@H](C)N(C)C(=O)[C@@H]2CCCN2C(=O)[C@H](Cc2ccccc2)NC(=O)[C@@H](CC(C)C)N(C)C(=O)[C@@H]2CCCN2C1=O,hepta_1114,4691,-5.64,7,7,Circle,0.152225,0.0519344,-27.04,9.171,8.018,1.153,0.137062,0.05694,8.931,7.893,1.038,82,25,train,train,train,train,train,train,val,train,train,test,,train,0.1800000000000001,0.10098323
4687,2020_Townsend,CC(C)C[C@@H]1NC(=O)[C@H](C)N(C)C(=O)[C@@H]2CCCN2C(=O)[C@H](Cc2ccccc2)NC(=O)[C@@H](CC(C)C)NC(=O)[C@@H]2CCCN2C(=O)C[C@H](Cc2ccccc2)NC1=O,hepta_1110,4687,-6.2,7,7,Circle,0.118424,0.0417376,-25.5314,8.425,7.118,1.307,0.134873,0.0454698,8.532,7.327,1.205,85,3,val,train,train,train,train,train,train,train,train,test,,val,-0.1,0.010903865
4679,2020_Townsend,CC(C)C[C@H]1NC(=O)CN(Cc2ccccc2)C(=O)[C@H](C)N(C)C(=O)[C@@H]2CCCN2C(=O)[C@H](Cc2ccccc2)NC(=O)[C@@H](CC(C)C)N(C)C(=O)[C@@H]2CCCN2C1=O,hepta_1102,4679,-5.22,7,7,Circle,0.135664,0.0619929,-28.5342,8.879,7.68,1.199,0.113471,0.0391877,8.731,7.781,0.95,71,77,train,train,train,train,train,train,val,train,train,test,,train,0.3900000000000001,0.14422217
4668,2020_Townsend,CC(C)C[C@@H]1NC(=O)[C@H](CC(C)C)N(C)C(=O)[C@H](C)N(C)C(=O)[C@@H]2CCCN2C(=O)[C@H](Cc2ccccc2)NC(=O)[C@H](CC(C)C)N(C)C(=O)[C@@H]2CCCN2C1=O,hepta_1091,4668,-5.16,7,7,Circle,0.122448,0.0463047,-34.2702,9.045,7.83,1.215,0.104265,0.0427852,8.967,8.071,0.896,69,14,train,train,train,test,val,train,train,train,train,test,,train,0.4199999999999999,0.36963472
4652,2020_Townsend,CC(C)C[C@H]1C(=O)N[C@H](CC(C)C)C(=O)N2CCC[C@H]2C(=O)N(C)[C@H](CC(C)C)C(=O)N[C@@H](Cc2ccccc2)C(=O)N2CCC[C@H]2C(=O)N(C)[C@@H](C)C(=O)N1C,hepta_1075,4652,-6.0,7,7,Circle,0.11886,0.042128,-25.437,9.23,7.908,1.322,0.139978,0.053372,8.982,7.961,1.021,27,8,train,train,train,train,train,train,train,train,train,test,,train,0.0,0.12713563
4637,2020_Townsend,CC(C)C[C@H]1C(=O)N2CCC[C@H]2C(=O)N[C@H](CC(C)C)C(=O)N[C@@H](Cc2ccccc2)C(=O)N2CCC[C@H]2C(=O)N(C)[C@@H](C)C(=O)N[C@H](CC(C)C)C(=O)N1C,hepta_1060,4637,-6.38,7,7,Circle,0.133541,0.0461425,-32.0056,9.107,7.785,1.322,0.0980916,0.039155,8.761,7.518,1.243,49,16,train,test,test,test,train,train,train,train,train,test,,train,-0.1899999999999999,-0.07763636
4636,2020_Townsend,CC(C)C[C@H]1C(=O)N[C@H](CC(C)C)C(=O)N2CCC[C@H]2C(=O)N[C@H](CC(C)C)C(=O)N[C@@H](Cc2ccccc2)C(=O)N2CCC[C@H]2C(=O)N(C)[C@@H](C)C(=O)N1C,hepta_1059,4636,-7.13,7,7,Circle,0.219407,0.0930325,-37.8218,9.485,8.268,1.217,0.129828,0.0540712,8.901,7.676,1.225,58,45,train,train,train,train,train,train,train,train,train,test,,train,-0.565,-0.84663856
4632,2020_Townsend,CC(C)C[C@@H]1NC(=O)[C@H](C)N(C)C(=O)[C@@H]2CCCN2C(=O)[C@H](Cc2ccccc2)NC(=O)[C@H](CC(C)C)NC(=O)[C@@H]2CCCN2C(=O)[C@@H](CC(C)C)NC1=O,hepta_1055,4632,-5.96,7,7,Circle,0.140418,0.0636513,-28.7271,8.871,7.461,1.41,0.138968,0.0476579,8.416,7.198,1.218,57,78,val,train,train,train,train,train,train,train,train,test,,val,0.02,0.28927955
4630,2020_Townsend,CC(C)C[C@@H]1NC(=O)[C@@H]2CCCN2C(=O)[C@H](CC(C)C)NC(=O)[C@@H](CC(C)C)NC(=O)[C@H](C)N(C)C(=O)[C@@H]2CCCN2C(=O)[C@H](Cc2ccccc2)NC1=O,hepta_1053,4630,-7.49,7,7,Circle,0.119469,0.0416911,-38.6431,9.488,8.143,1.345,0.117031,0.0432365,8.51,7.525,0.985,40,68,test,train,train,train,train,test,train,train,train,test,,test,-0.7450000000000001,-0.5503929
4629,2020_Townsend,CC(C)C[C@@H]1NC(=O)[C@@H](CC(C)C)NC(=O)[C@H](C)N(C)C(=O)[C@@H]2CCCN2C(=O)[C@H](Cc2ccccc2)NC(=O)[C@@H](CC(C)C)NC(=O)[C@@H]2CCCN2C1=O,hepta_1052,4629,-6.17,7,7,Circle,0.191337,0.0741373,-28.134,9.248,7.919,1.329,0.145827,0.076138,8.779,7.668,1.111,75,42,train,train,val,train,train,train,train,train,train,test,,train,-0.0849999999999999,0.01984435
4625,2020_Townsend,CC(C)C[C@H]1C(=O)N[C@@H](Cc2ccccc2)C(=O)N2CCC[C@H]2C(=O)N[C@@H](C)C(=O)N(C)[C@H](CC(C)C)C(=O)N[C@@H](Cc2ccccc2)CC(=O)N2CCC[C@@H]2C(=O)N1C,hepta_1048,4625,-6.23,7,7,Circle,0.151186,0.047062,-24.7561,9.093,7.851,1.242,0.109724,0.0415908,9.035,7.688,1.347,100,51,val,train,train,train,train,train,train,train,train,test,,val,-0.1150000000000002,0.19149528
4612,2020_Townsend,CC(C)C[C@@H]1NC(=O)[C@H](C)NC(=O)[C@@H]2CCCN2C(=O)[C@H](Cc2ccccc2)NC(=O)CN(Cc2ccccc2)C(=O)[C@H]2CCCN2C(=O)[C@H](CC(C)C)N(C)C1=O,hepta_1035,4612,-6.57,7,7,Circle,0.170565,0.0471299,-54.7606,9.805,8.544,1.261,0.115577,0.0476418,9.048,7.794,1.254,95,100,train,train,train,val,train,val,train,test,train,test,,train,-0.2850000000000001,-0.33900824
4605,2020_Townsend,CC(C)C[C@@H]1NC(=O)[C@H](C)NC(=O)[C@@H]2CCCN2C(=O)[C@H](Cc2ccccc2)NC(=O)[C@@H](CC(C)C)N(C)C(=O)[C@H]2CCCN2C(=O)CN(Cc2ccccc2)C1=O,hepta_1028,4605,-10.0,7,7,Circle,0.156334,0.0654754,-37.7989,9.251,7.979,1.272,0.167085,0.0833102,9.139,7.996,1.143,4,92,train,train,train,train,train,train,train,train,test,test,,train,-1.0,-0.25406453
4602,2020_Townsend,CC(C)C[C@H]1NC(=O)[C@@H](CC(C)C)N(C)C(=O)[C@H](C)NC(=O)[C@@H]2CCCN2C(=O)[C@H](Cc2ccccc2)NC(=O)CN(Cc2ccccc2)C(=O)[C@H]2CCCN2C1=O,hepta_1025,4602,-5.96,7,7,Circle,0.150241,0.0528706,-28.4455,8.979,7.732,1.247,0.112848,0.0327363,8.722,7.599,1.123,90,87,train,val,train,test,train,train,train,train,train,test,,train,0.02,0.08025935
4601,2020_Townsend,CC(C)C[C@H]1NC(=O)[C@H](C)NC(=O)[C@@H]2CCCN2C(=O)[C@H](Cc2ccccc2)NC(=O)[C@@H](CC(C)C)N(C)C(=O)[C@H]2CCCN2C(=O)CN(Cc2ccccc2)C1=O,hepta_1024,4601,-6.32,7,7,Circle,0.179783,0.0679054,-37.3402,9.237,7.878,1.359,0.141583,0.0494113,8.859,7.788,1.071,56,59,train,train,train,train,train,val,val,train,train,test,,train,-0.1600000000000001,-0.42568678
4585,2020_Townsend,CC(C)C[C@H]1C(=O)N2CCC[C@@H]2C(=O)N(C)[C@H](CC(C)C)C(=O)N[C@@H](Cc2ccccc2)C(=O)N2CCC[C@H]2C(=O)N[C@@H](C)C(=O)N[C@H](CC(C)C)C(=O)N1C,hepta_1008,4585,-5.69,7,7,Circle,0.145744,0.0610533,-31.2729,9.119,7.85,1.269,0.118694,0.0450578,8.896,7.66,1.236,100,68,test,train,val,train,val,train,train,train,train,test,,test,0.1549999999999998,0.018059287
4552,2020_Townsend,CC(C)C[C@H]1C(=O)N[C@@H](Cc2ccccc2)C(=O)N2CCC[C@H]2C(=O)N[C@H](C)C(=O)N(C)[C@H](CC(C)C)C(=O)N[C@@H](Cc2ccccc2)CC(=O)N2CCC[C@H]2C(=O)N1C,hepta_975,4552,-5.41,7,7,Circle,0.222027,0.0794822,-27.7738,9.338,8.017,1.321,0.137259,0.0593943,9.459,8.281,1.178,19,13,train,test,train,test,train,train,train,train,val,test,,train,0.2949999999999999,0.20911424
4526,2020_Townsend,CC(C)C[C@H]1C(=O)N2CCC[C@H]2C(=O)N(C)[C@H](CC(C)C)C(=O)N[C@@H](Cc2ccccc2)C(=O)N2CCC[C@H]2C(=O)N[C@H](C)C(=O)N(C)[C@@H](CC(C)C)C(=O)N1C,hepta_949,4526,-5.5,7,7,Circle,0.105574,0.044479,-33.3404,9.367,8.234,1.133,0.126095,0.054575,9.238,8.25,0.988,65,45,train,test,train,train,train,train,val,train,val,test,,train,0.25,0.29356945
4513,2020_Townsend,CC(C)C[C@@H]1NC(=O)[C@@H]2CCCN2C(=O)CN(Cc2ccccc2)C(=O)[C@@H](CC(C)C)NC(=O)[C@@H](C)NC(=O)[C@@H]2CCCN2C(=O)[C@H](Cc2ccccc2)NC1=O,hepta_936,4513,-10.0,7,7,Circle,0.166101,0.0865392,-36.7314,8.793,7.372,1.421,0.0803445,0.0386969,8.311,7.068,1.243,30,69,train,train,train,train,train,test,train,train,train,test,,train,-1.0,-0.6333136
4501,2020_Townsend,CC(C)C[C@H]1C(=O)N2CCC[C@H]2C(=O)N(C)[C@H](CC(C)C)C(=O)N[C@@H](Cc2ccccc2)C(=O)N2CCC[C@H]2C(=O)N[C@H](C)C(=O)N[C@H](CC(C)C)C(=O)N1C,hepta_924,4501,-6.09,7,7,Circle,0.156736,0.0628532,-23.5362,9.071,7.669,1.402,0.141993,0.0474483,8.838,7.691,1.147,95,93,train,train,train,train,test,train,train,train,val,test,,train,-0.0449999999999999,0.28067824
4497,2020_Townsend,CC(C)C[C@@H]1NC(=O)[C@@H]2CCCN2C(=O)[C@@H](CC(C)C)N(C)C(=O)[C@H](CC(C)C)NC(=O)[C@@H](C)NC(=O)[C@@H]2CCCN2C(=O)[C@H](Cc2ccccc2)NC1=O,hepta_920,4497,-6.41,7,7,Circle,0.1461,0.0544159,-37.979,9.196,7.92,1.276,0.154715,0.0541704,8.439,7.242,1.197,69,43,train,train,train,train,train,val,train,train,train,test,,train,-0.205,0.14448409
4493,2020_Townsend,CC(C)C[C@@H]1NC(=O)[C@@H]2CCCN2C(=O)[C@H](CC(C)C)N(C)C(=O)[C@@H](CC(C)C)NC(=O)[C@@H](C)NC(=O)[C@@H]2CCCN2C(=O)[C@H](Cc2ccccc2)NC1=O,hepta_916,4493,-10.0,7,7,Circle,0.194709,0.0699371,-33.364,9.158,7.736,1.422,0.131842,0.0337133,8.5,7.411,1.089,15,30,val,val,train,test,train,train,train,train,train,test,,val,-1.0,-0.13725518
4484,2020_Townsend,CC(C)C[C@H]1NC(=O)[C@@H]2CCCN2C(=O)[C@@H](CC(C)C)N(C)C(=O)[C@@H](CC(C)C)NC(=O)[C@@H](C)NC(=O)[C@@H]2CCCN2C(=O)[C@H](Cc2ccccc2)NC1=O,hepta_907,4484,-6.28,7,7,Circle,0.220848,0.0961777,-36.365,8.983,7.587,1.396,0.138362,0.0360168,8.595,7.492,1.103,16,5,test,train,train,train,train,train,train,train,train,test,,test,-0.1400000000000001,0.027918186
4477,2020_Townsend,CC(C)C[C@@H]1NC(=O)[C@@H](CC(C)C)NC(=O)[C@@H](C)NC(=O)[C@@H]2CCCN2C(=O)[C@H](Cc2ccccc2)NC(=O)[C@@H](CC(C)C)NC(=O)[C@@H]2CCCN2C1=O,hepta_900,4477,-6.69,7,7,Circle,0.195505,0.080106,-45.0976,9.185,7.757,1.428,0.123492,0.0407163,8.677,7.431,1.246,35,65,train,train,train,test,train,train,train,train,train,test,,train,-0.3450000000000002,-0.52512866
4453,2020_Townsend,CCCN1CC(=O)N[C@@H](CC(C)C)C(=O)N(C)[C@@H](CC(C)C)C(=O)N2CCC[C@@H]2C(=O)N(Cc2ccccc2)CC(=O)N[C@@H](Cc2ccccc2)C(=O)N2CCC[C@H]2C1=O,hepta_876,4453,-5.5,7,7,Circle,0.120839,0.0403991,-38.4103,9.409,8.252,1.157,0.144422,0.0507215,9.568,8.412,1.156,52,20,train,train,train,train,train,train,train,train,train,test,,train,0.25,0.23235996
4442,2020_Townsend,CCCN1CC(=O)N(C)[C@H](CC(C)C)C(=O)N(Cc2ccccc2)CC(=O)N2CCC[C@@H]2C(=O)N[C@@H](CC(C)C)C(=O)N[C@@H](Cc2ccccc2)C(=O)N2CCC[C@H]2C1=O,hepta_865,4442,-7.05,7,7,Circle,0.140557,0.0471709,-33.1936,9.294,8.096,1.198,0.163274,0.0726072,9.095,7.917,1.178,72,80,train,test,train,val,train,train,train,train,train,test,,train,-0.5249999999999999,-0.19654842
4437,2020_Townsend,CCCN1CC(=O)N(C)[C@H](CC(C)C)C(=O)N[C@H](CC(C)C)C(=O)N2CCC[C@@H]2C(=O)N(Cc2ccccc2)CC(=O)N[C@@H](Cc2ccccc2)C(=O)N2CCC[C@H]2C1=O,hepta_860,4437,-5.21,7,7,Circle,0.167451,0.0595818,-25.5011,8.962,7.719,1.243,0.126607,0.0374274,8.884,7.65,1.234,81,83,train,train,train,train,train,train,train,test,train,test,,train,0.395,0.22428922
4411,2020_Townsend,CCCN1CC(=O)N(C)[C@@H](CC(C)C)C(=O)N(C)[C@H](CC(C)C)C(=O)N2CCC[C@@H]2C(=O)N[C@H](CC(C)C)C(=O)N[C@@H](Cc2ccccc2)C(=O)N2CCC[C@H]2C1=O,hepta_834,4411,-5.0,7,7,Circle,0.137173,0.0442898,-23.3496,9.062,7.961,1.101,0.13654,0.0489455,8.973,7.934,1.039,42,7,train,train,train,val,val,train,train,val,train,test,,train,0.5,0.21311836
4409,2020_Townsend,CCCN1CC(=O)N(C)[C@H](CC(C)C)C(=O)N[C@@H](CC(C)C)C(=O)N2CCC[C@@H]2C(=O)N(C)[C@H](CC(C)C)C(=O)N[C@@H](Cc2ccccc2)C(=O)N2CCC[C@H]2C1=O,hepta_832,4409,-5.2,7,7,Circle,0.123981,0.0529062,-25.9794,9.147,7.962,1.185,0.139357,0.0519913,9.225,8.104,1.121,76,77,test,train,train,train,train,train,train,train,train,test,,test,0.3999999999999999,0.45280465
4407,2020_Townsend,CCCN1CC(=O)N[C@@H](CC(C)C)C(=O)N(C)[C@H](CC(C)C)C(=O)N2CCC[C@@H]2C(=O)N(C)[C@H](CC(C)C)C(=O)N[C@@H](Cc2ccccc2)C(=O)N2CCC[C@H]2C1=O,hepta_830,4407,-6.01,7,7,Circle,0.156308,0.0571687,-24.1185,8.941,7.765,1.176,0.133384,0.039258,9.022,8.008,1.014,5,22,train,train,train,train,test,train,train,train,train,test,,train,-0.0049999999999998,-0.25375476
4402,2020_Townsend,CCCN1CC(=O)N[C@H](CC(C)C)C(=O)N[C@@H](CC(C)C)C(=O)N2CCC[C@@H]2C(=O)N(C)[C@@H](CC(C)C)C(=O)N[C@@H](Cc2ccccc2)C(=O)N2CCC[C@H]2C1=O,hepta_825,4402,-5.07,7,7,Circle,0.189173,0.07056,-28.8122,9.46,8.07,1.39,0.147142,0.0512575,9.107,7.883,1.224,80,80,val,train,train,train,train,train,test,train,train,test,,val,0.4649999999999998,0.24026589
4400,2020_Townsend,CCCN1CC(=O)N[C@@H](CC(C)C)C(=O)N(C)[C@H](CC(C)C)C(=O)N2CCC[C@@H]2C(=O)N[C@@H](CC(C)C)C(=O)N[C@@H](Cc2ccccc2)C(=O)N2CCC[C@H]2C1=O,hepta_823,4400,-5.61,7,7,Circle,0.128468,0.0462961,-29.321,9.302,8.005,1.297,0.183188,0.0849673,9.399,8.129,1.27,23,84,train,train,train,train,train,train,train,train,train,test,,train,0.1949999999999998,-0.076605335
4389,2020_Townsend,CCCN1CC(=O)N(C)[C@H](CC(C)C)C(=O)N[C@H](CC(C)C)C(=O)N2CCC[C@@H]2C(=O)N[C@H](CC(C)C)C(=O)N[C@@H](Cc2ccccc2)C(=O)N2CCC[C@H]2C1=O,hepta_812,4389,-6.26,7,7,Circle,0.148608,0.0564355,-22.9294,9.279,8.096,1.183,0.12836,0.0434923,9.076,7.938,1.138,34,63,train,train,train,test,train,train,train,test,val,test,,train,-0.1299999999999999,-0.038802642
4382,2020_Townsend,CC(C)C[C@H]1C(=O)N[C@@H](Cc2ccccc2)C(=O)N2CCC[C@@H]2C(=O)N(C)[C@H](C)C(=O)N(Cc2ccccc2)CC(=O)N[C@@H](Cc2ccccc2)CC(=O)N2CCC[C@@H]2C(=O)N1C,hepta_805,4382,-6.4,7,7,Circle,0.212355,0.0709364,-27.7899,9.664,8.51,1.154,0.141,0.0418508,9.667,8.668,0.999,15,33,train,test,train,train,train,train,train,val,train,test,,train,-0.2000000000000001,-0.031703006
4372,2020_Townsend,CC(C)C[C@@H]1C(=O)N[C@@H](Cc2ccccc2)CC(=O)N2CCC[C@@H]2C(=O)N(C)[C@H](CC(C)C)C(=O)N[C@@H](Cc2ccccc2)C(=O)N2CCC[C@@H]2C(=O)N(C)[C@H](C)C(=O)N1C,hepta_795,4372,-10.0,7,7,Circle,0.149685,0.053702,-25.6049,9.811,8.599,1.212,0.16633,0.0585278,9.614,8.495,1.119,6,82,train,train,train,train,train,train,train,train,train,test,,train,-1.0,-0.053299088
4364,2020_Townsend,CC(C)C[C@@H]1NC(=O)[C@@H](C)N(C)C(=O)[C@H]2CCCN2C(=O)[C@H](Cc2ccccc2)NC(=O)[C@@H](CC(C)C)N(C)C(=O)[C@H]2CCCN2C(=O)C[C@H](Cc2ccccc2)NC1=O,hepta_787,4364,-6.25,7,7,Circle,0.151206,0.0478048,-19.9102,9.172,8.195,0.977,0.157208,0.060829,9.222,8.206,1.016,16,65,train,test,train,val,train,train,train,test,test,test,,train,-0.125,-0.19852848
4359,2020_Townsend,CC(C)C[C@H]1C(=O)N[C@@H](Cc2ccccc2)CC(=O)N2CCC[C@@H]2C(=O)N[C@H](CC(C)C)C(=O)N[C@@H](Cc2ccccc2)C(=O)N2CCC[C@@H]2C(=O)N(C)[C@H](C)C(=O)N1C,hepta_782,4359,-6.3,7,7,Circle,0.236056,0.10084,-32.2494,9.787,8.492,1.295,0.106819,0.0412764,9.265,8.053,1.212,14,28,train,test,train,train,val,train,train,train,train,test,,train,-0.1499999999999999,-0.3938366
4358,2020_Townsend,CC(C)C[C@H]1NC(=O)[C@H]2CCCN2C(=O)C[C@H](Cc2ccccc2)NC(=O)[C@@H](CC(C)C)N(C)C(=O)[C@@H](C)N(C)C(=O)[C@H]2CCCN2C(=O)[C@H](Cc2ccccc2)NC1=O,hepta_781,4358,-6.18,7,7,Circle,0.258247,0.110863,-32.7338,9.645,8.551,1.094,0.144511,0.0605993,9.561,8.43,1.131,74,61,train,train,train,test,train,train,train,test,train,test,,train,-0.0899999999999998,-0.42483413
4355,2020_Townsend,CC(C)C[C@@H]1C(=O)N2CCC[C@@H]2C(=O)N(C)[C@H](CC(C)C)C(=O)N[C@@H](Cc2ccccc2)C(=O)N2CCC[C@@H]2C(=O)N(C)[C@H](C)C(=O)N(Cc2ccccc2)CC(=O)N1C,hepta_778,4355,-5.62,7,7,Circle,0.152946,0.0520915,-27.1199,9.384,8.217,1.167,0.154127,0.0551186,8.994,7.943,1.051,10,63,train,test,train,val,train,train,train,val,train,test,,train,0.1899999999999999,-0.023633886
4348,2020_Townsend,CC(C)C[C@@H]1NC(=O)[C@@H](CC(C)C)N(C)C(=O)[C@@H](C)N(C)C(=O)[C@H]2CCCN2C(=O)[C@H](Cc2ccccc2)NC(=O)CN(Cc2ccccc2)C(=O)[C@H]2CCCN2C1=O,hepta_771,4348,-10.0,7,7,Circle,0.154172,0.0383885,-25.7962,9.231,8.163,1.068,0.0878635,0.0325652,8.609,7.633,0.976,100,12,train,train,val,train,train,test,train,train,train,test,,train,-1.0,-0.18049337
4346,2020_Townsend,CC(C)C[C@@H]1NC(=O)[C@@H](C)N(C)C(=O)[C@H]2CCCN2C(=O)[C@H](Cc2ccccc2)NC(=O)[C@@H](CC(C)C)N(C)C(=O)[C@H]2CCCN2C(=O)CN(Cc2ccccc2)C1=O,hepta_769,4346,-5.24,7,7,Circle,0.13981,0.05883,-31.9416,8.932,7.802,1.13,0.160744,0.0765404,9.05,8.081,0.969,35,58,train,train,train,val,train,train,train,train,train,test,,train,0.3799999999999999,0.20480151
4333,2020_Townsend,CC(C)C[C@H]1C(=O)N2CCC[C@@H]2C(=O)N(C)[C@H](CC(C)C)C(=O)N[C@@H](Cc2ccccc2)C(=O)N2CCC[C@@H]2C(=O)N(C)[C@H](C)C(=O)N(C)[C@H](CC(C)C)C(=O)N1C,hepta_756,4333,-5.57,7,7,Circle,0.125274,0.0489198,-16.296,9.1,8.125,0.975,0.109487,0.0436665,9.157,8.262,0.895,41,51,train,train,train,train,val,train,test,train,train,test,,train,0.2149999999999998,-0.07561134
4330,2020_Townsend,CC(C)C[C@@H]1NC(=O)[C@@H](C)N(C)C(=O)[C@H]2CCCN2C(=O)[C@H](Cc2ccccc2)NC(=O)CN(Cc2ccccc2)C(=O)[C@H]2CCCN2C(=O)[C@H](CC(C)C)NC1=O,hepta_753,4330,-6.3,7,7,Circle,0.165805,0.0458106,-36.031,9.705,8.479,1.226,0.113782,0.0414698,8.813,7.837,0.976,4,76,train,test,train,train,test,train,train,train,train,test,,train,-0.1499999999999999,-0.074591294
4327,2020_Townsend,CC(C)C[C@@H]1NC(=O)[C@@H](C)N(C)C(=O)[C@H]2CCCN2C(=O)[C@H](Cc2ccccc2)NC(=O)[C@H](CC(C)C)N(C)C(=O)[C@H]2CCCN2C(=O)[C@H](CC(C)C)N(C)C1=O,hepta_750,4327,-5.1,7,7,Circle,0.109366,0.0492652,-30.5976,9.5,8.4,1.1,0.130957,0.0443913,9.382,8.309,1.073,38,41,train,train,val,train,train,test,train,train,train,test,,train,0.4500000000000002,0.3670135
4324,2020_Townsend,CC(C)C[C@@H]1NC(=O)[C@@H](C)N(C)C(=O)[C@H]2CCCN2C(=O)[C@H](Cc2ccccc2)NC(=O)[C@@H](CC(C)C)NC(=O)[C@H]2CCCN2C(=O)CN(Cc2ccccc2)C1=O,hepta_747,4324,-6.15,7,7,Circle,0.181745,0.0629149,-44.4603,9.451,8.112,1.339,0.146896,0.0525983,8.803,7.877,0.926,25,30,train,train,val,train,test,train,train,train,train,test,,train,-0.0750000000000001,-0.06778909
4284,2020_Townsend,CC(C)C[C@H]1C(=O)N[C@@H](Cc2ccccc2)CC(=O)N2CCC[C@@H]2C(=O)N(Cc2ccccc2)CC(=O)N[C@@H](Cc2ccccc2)C(=O)N2CCC[C@@H]2C(=O)N(C)[C@@H](C)C(=O)N1C,hepta_707,4284,-5.8,7,7,Circle,0.168028,0.049332,-28.1645,9.628,8.439,1.189,0.161772,0.0418526,9.89,8.606,1.284,97,32,train,test,train,train,train,train,test,test,train,test,,train,0.1,-0.46987122
4262,2020_Townsend,CC(C)C[C@@H]1C(=O)N(Cc2ccccc2)CC(=O)N2CCC[C@@H]2C(=O)N(C)[C@H](CC(C)C)C(=O)N[C@@H](Cc2ccccc2)C(=O)N2CCC[C@@H]2C(=O)N(C)[C@@H](C)C(=O)N1C,hepta_685,4262,-5.4,7,7,Circle,0.19305,0.0737034,-26.6602,9.387,8.283,1.104,0.117016,0.0391102,9.029,8.002,1.027,53,6,train,val,train,train,train,train,train,val,train,test,,train,0.2999999999999998,0.19671802
4256,2020_Townsend,CC(C)C[C@@H]1NC(=O)[C@H](C)N(C)C(=O)[C@H]2CCCN2C(=O)[C@H](Cc2ccccc2)NC(=O)[C@H](CC(C)C)N(C)C(=O)[C@H]2CCCN2C(=O)CN(Cc2ccccc2)C1=O,hepta_679,4256,-5.89,7,7,Circle,0.157669,0.0601804,-29.7198,9.168,8.037,1.131,0.0948911,0.034294,8.856,7.864,0.992,55,35,train,train,train,test,train,train,train,train,train,test,,train,0.0550000000000001,0.27036643
4245,2020_Townsend,CC(C)C[C@@H]1NC(=O)[C@H](C)N(C)C(=O)[C@H]2CCCN2C(=O)[C@H](Cc2ccccc2)NC(=O)[C@@H](CC(C)C)NC(=O)[C@H]2CCCN2C(=O)C[C@H](Cc2ccccc2)NC1=O,hepta_668,4245,-6.26,7,7,Circle,0.172919,0.0431965,-29.7649,9.623,8.131,1.492,0.133468,0.0473873,8.806,7.736,1.07,58,37,train,train,train,val,train,train,train,test,train,test,,train,-0.1299999999999999,-0.40393698
4207,2020_Townsend,CC(C)C[C@H]1NC(=O)[C@H]2CCCN2C(=O)[C@@H](CC(C)C)N(C)C(=O)[C@@H](CC(C)C)N(C)C(=O)[C@H](C)N(C)C(=O)[C@H]2CCCN2C(=O)[C@H](Cc2ccccc2)NC1=O,hepta_630,4207,-4.97,7,7,Circle,0.133415,0.0457828,-19.0217,8.802,7.843,0.959,0.148949,0.0475112,9.207,8.02,1.187,26,70,train,train,test,train,train,train,train,train,train,test,,train,0.5150000000000001,0.19090112
4202,2020_Townsend,CC(C)C[C@@H]1NC(=O)[C@H]2CCCN2C(=O)[C@H](CC(C)C)NC(=O)[C@H](CC(C)C)N(C)C(=O)[C@H](C)N(C)C(=O)[C@H]2CCCN2C(=O)[C@H](Cc2ccccc2)NC1=O,hepta_625,4202,-5.48,7,7,Circle,0.121572,0.0491344,-38.0002,9.484,8.095,1.389,0.132872,0.03848,9.001,7.702,1.299,49,65,train,train,train,train,train,train,test,train,train,test,,train,0.2599999999999998,-0.119180426
4200,2020_Townsend,CC(C)C[C@@H]1NC(=O)[C@H](C)N(C)C(=O)[C@H]2CCCN2C(=O)[C@H](Cc2ccccc2)NC(=O)[C@@H](CC(C)C)N(C)C(=O)[C@H]2CCCN2C(=O)[C@H](CC(C)C)NC1=O,hepta_623,4200,-5.64,7,7,Circle,0.121096,0.057413,-41.4041,9.361,8.094,1.267,0.0922239,0.0392514,8.671,7.727,0.944,100,98,train,train,train,train,train,train,train,test,train,test,,train,0.1800000000000001,0.16586228
4177,2020_Townsend,CC(C)C[C@@H]1NC(=O)[C@@H]2CCCN2C(=O)C[C@H](Cc2ccccc2)NC(=O)CN(Cc2ccccc2)C(=O)[C@@H](C)N(C)C(=O)[C@H]2CCCN2C(=O)[C@H](Cc2ccccc2)NC1=O,hepta_600,4177,-10.0,7,7,Circle,0.13776,0.0428356,-38.4319,9.563,8.315,1.248,0.179199,0.0729623,9.36,8.114,1.246,35,2,train,train,train,train,train,train,train,train,val,test,,train,-1.0,0.016510345
4170,2020_Townsend,CC(C)C[C@@H]1NC(=O)[C@@H](C)N(C)C(=O)[C@H]2CCCN2C(=O)[C@H](Cc2ccccc2)NC(=O)[C@H](CC(C)C)N(C)C(=O)[C@@H]2CCCN2C(=O)C[C@H](Cc2ccccc2)NC1=O,hepta_593,4170,-5.58,7,7,Circle,0.182228,0.0639101,-24.6967,9.515,8.426,1.089,0.151939,0.0566582,9.359,8.269,1.09,97,57,train,train,train,val,train,test,train,train,test,test,,train,0.2099999999999999,0.24745996
4169,2020_Townsend,CC(C)C[C@H]1C(=O)N2CCC[C@H]2C(=O)N(Cc2ccccc2)CC(=O)N[C@@H](Cc2ccccc2)C(=O)N2CCC[C@@H]2C(=O)N(C)[C@H](C)C(=O)N(C)[C@@H](CC(C)C)C(=O)N1C,hepta_592,4169,-5.29,7,7,Circle,0.16135,0.0387122,-34.5715,9.424,8.313,1.111,0.177538,0.0738167,9.414,8.231,1.183,32,29,train,train,train,train,train,train,train,train,val,test,,train,0.355,0.3974689
4164,2020_Townsend,CC(C)C[C@H]1C(=O)N[C@@H](Cc2ccccc2)C(=O)N2CCC[C@@H]2C(=O)N(C)[C@H](C)C(=O)N(C)[C@H](CC(C)C)C(=O)N(Cc2ccccc2)CC(=O)N2CCC[C@H]2C(=O)N1C,hepta_587,4164,-5.42,7,7,Circle,0.152143,0.0518023,-24.9946,9.322,8.434,0.888,0.14171,0.0397726,9.251,8.264,0.987,24,75,train,test,train,train,train,train,train,train,train,test,,train,0.29,0.02014191
4162,2020_Townsend,CC(C)C[C@H]1NC(=O)[C@@H]2CCCN2C(=O)C[C@H](Cc2ccccc2)NC(=O)[C@@H](CC(C)C)N(C)C(=O)[C@@H](C)N(C)C(=O)[C@H]2CCCN2C(=O)[C@H](Cc2ccccc2)NC1=O,hepta_585,4162,-5.55,7,7,Circle,0.129002,0.038786,-22.5992,9.014,7.956,1.058,0.157639,0.0683718,9.181,8.163,1.018,55,14,train,train,test,test,train,test,train,train,val,test,,train,0.2250000000000001,-0.07151082
4161,2020_Townsend,CC(C)C[C@@H]1C(=O)N[C@@H](Cc2ccccc2)C(=O)N2CCC[C@@H]2C(=O)N(C)[C@H](C)C(=O)N(C)[C@H](CC(C)C)C(=O)N(Cc2ccccc2)CC(=O)N2CCC[C@H]2C(=O)N1C,hepta_584,4161,-5.66,7,7,Circle,0.125532,0.0390618,-29.2863,9.324,8.069,1.255,0.174944,0.0638184,9.174,8.129,1.045,45,25,test,train,val,train,train,train,train,test,val,test,,test,0.1699999999999999,0.11248168
4159,2020_Townsend,CC(C)C[C@H]1NC(=O)[C@@H](C)N(C)C(=O)[C@H]2CCCN2C(=O)[C@H](Cc2ccccc2)NC(=O)[C@@H](CC(C)C)N(C)C(=O)[C@@H]2CCCN2C(=O)C[C@H](Cc2ccccc2)NC1=O,hepta_582,4159,-5.79,7,7,Circle,0.138903,0.0422036,-23.523,8.774,7.478,1.296,0.155949,0.0593444,9.361,8.077,1.284,60,50,train,val,train,train,val,val,test,train,train,test,,train,0.1049999999999999,0.104274094
4148,2020_Townsend,CC(C)C[C@@H]1NC(=O)[C@@H]2CCCN2C(=O)C[C@H](Cc2ccccc2)NC(=O)[C@@H](CC(C)C)NC(=O)[C@@H](C)N(C)C(=O)[C@H]2CCCN2C(=O)[C@H](Cc2ccccc2)NC1=O,hepta_571,4148,-10.0,7,7,Circle,0.166607,0.0553433,-30.3265,9.317,7.904,1.413,0.111217,0.0363779,9.181,8.147,1.034,73,37,val,train,train,train,train,train,test,train,train,test,,val,-1.0,-0.54651994
4137,2020_Townsend,CC(C)C[C@@H]1NC(=O)[C@@H]2CCCN2C(=O)CN(Cc2ccccc2)C(=O)[C@H](CC(C)C)NC(=O)[C@@H](C)N(C)C(=O)[C@H]2CCCN2C(=O)[C@H](Cc2ccccc2)NC1=O,hepta_560,4137,-5.94,7,7,Circle,0.125223,0.0366771,-22.1033,8.543,7.396,1.147,0.120368,0.044248,8.763,7.652,1.111,62,52,test,train,train,train,train,train,train,train,train,test,,test,0.0299999999999998,0.113257356
4107,2020_Townsend,CC(C)C[C@@H]1NC(=O)[C@@H](C)N(C)C(=O)[C@H]2CCCN2C(=O)[C@H](Cc2ccccc2)NC(=O)[C@H](CC(C)C)N(C)C(=O)[C@@H]2CCCN2C(=O)[C@@H](CC(C)C)NC1=O,hepta_530,4107,-5.38,7,7,Circle,0.125964,0.0412489,-15.2558,8.827,7.887,0.94,0.106648,0.0349884,8.549,7.678,0.871,68,85,train,train,test,train,train,train,test,test,train,test,,train,0.31,0.33443493
4084,2020_Townsend,CC(C)C[C@H]1C(=O)N[C@@H](Cc2ccccc2)CC(=O)N2CCC[C@H]2C(=O)N(C)[C@@H](CC(C)C)C(=O)N[C@@H](Cc2ccccc2)C(=O)N2CCC[C@@H]2C(=O)N(C)[C@@H](C)C(=O)N1C,hepta_507,4084,-5.12,7,7,Circle,0.176669,0.0587067,-33.9317,9.872,8.603,1.269,0.14237,0.053751,9.703,8.608,1.095,73,38,test,train,train,train,train,train,train,val,train,test,,test,0.4399999999999999,0.41837525
4055,2020_Townsend,CC(C)C[C@@H]1NC(=O)CN(Cc2ccccc2)C(=O)[C@H](C)N(C)C(=O)[C@H]2CCCN2C(=O)[C@H](Cc2ccccc2)NC(=O)[C@H](CC(C)C)N(C)C(=O)[C@@H]2CCCN2C1=O,hepta_478,4055,-5.58,7,7,Circle,0.116283,0.0431269,-30.536,8.97,7.655,1.315,0.17758,0.0692275,8.838,7.793,1.045,38,100,train,train,train,train,train,train,train,train,test,test,,train,0.2099999999999999,0.3340702
4048,2020_Townsend,CC(C)C[C@H]1C(=O)N2CCC[C@H]2C(=O)N(Cc2ccccc2)CC(=O)N[C@@H](Cc2ccccc2)C(=O)N2CCC[C@@H]2C(=O)N(C)[C@@H](C)C(=O)N[C@H](CC(C)C)C(=O)N1C,hepta_471,4048,-5.56,7,7,Circle,0.184695,0.0658709,-37.9503,9.608,8.336,1.272,0.13002,0.0474393,9.124,8.088,1.036,5,40,test,train,train,train,train,val,train,train,train,test,,test,0.2200000000000002,0.26363707
4014,2020_Townsend,CC(C)C[C@@H]1NC(=O)[C@@H](CC(C)C)N(C)C(=O)[C@H](C)N(C)C(=O)[C@H]2CCCN2C(=O)[C@H](Cc2ccccc2)NC(=O)[C@@H](CC(C)C)N(C)C(=O)[C@@H]2CCCN2C1=O,hepta_437,4014,-5.04,7,7,Circle,0.181877,0.0642167,-28.2169,9.484,8.267,1.217,0.170097,0.0652475,9.083,8.071,1.012,65,57,train,train,train,train,train,test,train,test,train,test,,train,0.48,0.46054736
4013,2020_Townsend,CC(C)C[C@H]1C(=O)N[C@@H](Cc2ccccc2)C(=O)N2CCC[C@@H]2C(=O)N(C)[C@@H](C)C(=O)N[C@H](CC(C)C)C(=O)N(C)[C@H](CC(C)C)C(=O)N2CCC[C@H]2C(=O)N1C,hepta_436,4013,-4.83,7,7,Circle,0.153845,0.0469635,-21.8024,9.357,8.147,1.21,0.106231,0.0334348,8.885,7.756,1.129,96,30,test,train,test,train,train,test,train,train,train,test,,test,0.585,0.6028022
4011,2020_Townsend,CC(C)C[C@H]1C(=O)N2CCC[C@H]2C(=O)N[C@H](CC(C)C)C(=O)N[C@@H](Cc2ccccc2)C(=O)N2CCC[C@@H]2C(=O)N(C)[C@@H](C)C(=O)N(C)[C@H](CC(C)C)C(=O)N1C,hepta_434,4011,-5.33,7,7,Circle,0.120022,0.0427831,-24.235,9.121,7.92,1.201,0.119144,0.0562113,8.849,7.908,0.941,33,90,train,train,train,train,test,test,train,train,train,test,,train,0.3349999999999999,-0.10546006
4008,2020_Townsend,CC(C)C[C@H]1NC(=O)[C@H](C)N(C)C(=O)[C@H]2CCCN2C(=O)[C@H](Cc2ccccc2)NC(=O)[C@@H](CC(C)C)N(C)C(=O)[C@@H]2CCCN2C(=O)[C@@H](CC(C)C)N(C)C1=O,hepta_431,4008,-5.06,7,7,Circle,0.133325,0.0491086,-25.6015,9.046,7.707,1.339,0.132355,0.0464838,9.134,7.993,1.141,38,86,train,train,train,train,train,train,train,train,train,test,,train,0.4700000000000002,0.35304162
4002,2020_Townsend,CC(C)C[C@@H]1NC(=O)[C@@H]2CCCN2C(=O)[C@@H](CC(C)C)N(C)C(=O)[C@H](CC(C)C)NC(=O)[C@H](C)N(C)C(=O)[C@H]2CCCN2C(=O)[C@H](Cc2ccccc2)NC1=O,hepta_425,4002,-5.32,7,7,Circle,0.150433,0.0535369,-27.6934,8.955,7.656,1.299,0.124835,0.0389401,8.82,7.495,1.325,69,79,train,train,train,val,train,val,train,train,train,test,,train,0.3399999999999998,0.09219894
3993,2020_Townsend,CC(C)C[C@@H]1NC(=O)[C@@H](CC(C)C)NC(=O)[C@H](C)N(C)C(=O)[C@H]2CCCN2C(=O)[C@H](Cc2ccccc2)NC(=O)[C@@H](CC(C)C)N(C)C(=O)[C@@H]2CCCN2C1=O,hepta_416,3993,-5.67,7,7,Circle,0.125688,0.041892,-32.2789,9.142,7.933,1.209,0.154985,0.089008,8.868,7.818,1.05,80,58,test,train,train,train,train,train,train,test,train,test,,test,0.165,0.22518827
3989,2020_Townsend,CC(C)C[C@H]1NC(=O)[C@@H]2CCCN2C(=O)[C@@H](CC(C)C)N(C)C(=O)[C@@H](CC(C)C)NC(=O)[C@H](C)N(C)C(=O)[C@H]2CCCN2C(=O)[C@H](Cc2ccccc2)NC1=O,hepta_412,3989,-5.99,7,7,Circle,0.148673,0.050351,-28.2151,9.169,7.89,1.279,0.162894,0.0579157,8.991,7.715,1.276,90,100,train,train,train,train,train,test,train,train,train,test,,train,0.0049999999999998,-0.15381324
3984,2020_Townsend,CC(C)C[C@@H]1NC(=O)[C@H](C)N(C)C(=O)[C@H]2CCCN2C(=O)[C@H](Cc2ccccc2)NC(=O)[C@@H](CC(C)C)NC(=O)[C@@H]2CCCN2C(=O)[C@@H](CC(C)C)NC1=O,hepta_407,3984,-6.4,7,7,Circle,0.152667,0.0535411,-40.204,9.599,8.046,1.553,0.202962,0.084077,8.745,7.602,1.143,47,93,train,train,train,train,train,train,train,val,train,test,,train,-0.2000000000000001,-0.07517475
3982,2020_Townsend,CC(C)C[C@H]1C(=O)N[C@@H](Cc2ccccc2)C(=O)N2CCC[C@@H]2C(=O)N[C@H](C)C(=O)N(Cc2ccccc2)CC(=O)N[C@@H](Cc2ccccc2)CC(=O)N2CCC[C@@H]2C(=O)N1C,hepta_405,3982,-6.09,7,7,Circle,0.166431,0.0522982,-38.0375,9.517,8.181,1.336,0.137272,0.0418727,9.203,8.0,1.203,13,80,train,train,train,train,train,train,train,train,val,test,,train,-0.0449999999999999,-0.56722313
3981,2020_Townsend,CC(C)C[C@@H]1C(=O)N[C@@H](Cc2ccccc2)C(=O)N2CCC[C@@H]2C(=O)N[C@H](C)C(=O)N(Cc2ccccc2)CC(=O)N[C@@H](Cc2ccccc2)CC(=O)N2CCC[C@@H]2C(=O)N1C,hepta_404,3981,-5.83,7,7,Circle,0.251727,0.110367,-36.9146,9.638,8.329,1.309,0.160634,0.0435628,9.909,8.497,1.412,3,24,train,val,train,train,val,train,train,train,train,test,,train,0.0849999999999999,-0.45529515
3966,2020_Townsend,CC(C)C[C@H]1NC(=O)[C@@H](C)NC(=O)[C@H]2CCCN2C(=O)[C@H](Cc2ccccc2)NC(=O)CN(Cc2ccccc2)C(=O)[C@H]2CCCN2C(=O)CN(Cc2ccccc2)C1=O,hepta_389,3966,-6.38,7,7,Circle,0.177005,0.0601853,-47.206,9.194,7.861,1.333,0.144571,0.0515019,8.738,7.591,1.147,39,53,train,test,train,train,train,train,test,train,train,test,,train,-0.1899999999999999,-0.46909124
3963,2020_Townsend,CC(C)C[C@H]1C(=O)N2CCC[C@@H]2C(=O)N(Cc2ccccc2)CC(=O)N[C@@H](Cc2ccccc2)C(=O)N2CCC[C@@H]2C(=O)N[C@H](C)C(=O)N(C)[C@H](CC(C)C)C(=O)N1C,hepta_386,3963,-5.64,7,7,Circle,0.152782,0.0451284,-40.1813,9.532,8.258,1.274,0.152885,0.0451068,9.272,8.215,1.057,45,56,val,train,test,train,train,train,train,test,train,test,,val,0.1800000000000001,0.15543169
3948,2020_Townsend,CC(C)C[C@@H]1NC(=O)[C@@H](CC(C)C)N(C)C(=O)[C@@H](C)NC(=O)[C@H]2CCCN2C(=O)[C@H](Cc2ccccc2)NC(=O)CN(Cc2ccccc2)C(=O)[C@H]2CCCN2C1=O,hepta_371,3948,-5.33,7,7,Circle,0.171639,0.0496898,-39.122,9.773,8.449,1.324,0.086008,0.033862,8.607,7.537,1.07,77,57,train,train,train,test,train,train,test,train,train,test,,train,0.3349999999999999,0.10282326
3940,2020_Townsend,CC(C)C[C@H]1NC(=O)[C@H]2CCCN2C(=O)CN(Cc2ccccc2)C(=O)[C@@H](CC(C)C)N(C)C(=O)[C@@H](C)NC(=O)[C@H]2CCCN2C(=O)[C@H](Cc2ccccc2)NC1=O,hepta_363,3940,-5.86,7,7,Circle,0.160542,0.051336,-24.7685,8.773,7.762,1.011,0.130484,0.0520058,8.673,7.7,0.973,84,23,train,train,test,train,train,train,train,train,train,test,,train,0.0699999999999998,0.23932827
3938,2020_Townsend,CC(C)C[C@H]1C(=O)N(C)[C@H](CC(C)C)C(=O)N2CCC[C@@H]2C(=O)N(C)[C@H](CC(C)C)C(=O)N[C@@H](Cc2ccccc2)C(=O)N2CCC[C@@H]2C(=O)N[C@H](C)C(=O)N1C,hepta_361,3938,-5.6,7,7,Circle,0.14277,0.0533368,-27.8104,9.385,8.103,1.282,0.0879302,0.0344666,9.067,7.996,1.071,84,85,train,train,val,train,train,train,train,train,test,test,,train,0.2000000000000001,-0.22621547
3926,2020_Townsend,CC(C)C[C@@H]1NC(=O)[C@@H](C)NC(=O)[C@H]2CCCN2C(=O)[C@H](Cc2ccccc2)NC(=O)[C@H](CC(C)C)N(C)C(=O)[C@H]2CCCN2C(=O)[C@@H](CC(C)C)N(C)C1=O,hepta_349,3926,-5.76,7,7,Circle,0.10956,0.0331108,-27.8788,9.061,7.69,1.371,0.129958,0.0477452,8.916,7.651,1.265,20,37,train,test,train,train,test,val,val,train,test,test,,train,0.1200000000000001,0.32612842
3921,2020_Townsend,CC(C)C[C@H]1C(=O)N2CCC[C@@H]2C(=O)N[C@H](CC(C)C)C(=O)N[C@@H](Cc2ccccc2)C(=O)N2CCC[C@@H]2C(=O)N[C@H](C)C(=O)N(C)[C@@H](CC(C)C)C(=O)N1C,hepta_344,3921,-10.0,7,7,Circle,0.144315,0.0475747,-37.3361,9.293,8.03,1.263,0.131137,0.0468024,9.146,7.968,1.178,89,88,test,train,test,train,val,train,train,train,train,test,,test,-1.0,0.12615596
3918,2020_Townsend,CC(C)C[C@H]1C(=O)N(C)[C@H](CC(C)C)C(=O)N2CCC[C@@H]2C(=O)N[C@H](CC(C)C)C(=O)N[C@@H](Cc2ccccc2)C(=O)N2CCC[C@@H]2C(=O)N[C@H](C)C(=O)N1C,hepta_341,3918,-5.98,7,7,Circle,0.148998,0.0458157,-32.693,9.08,7.712,1.368,0.131046,0.0782757,8.957,7.7,1.257,96,13,train,train,train,val,test,train,train,train,train,test,,train,0.0099999999999997,0.2271664
3892,2020_Townsend,CC(C)C[C@@H]1NC(=O)[C@H]2CCCN2C(=O)[C@H](CC(C)C)NC(=O)[C@@H](CC(C)C)NC(=O)[C@@H](C)NC(=O)[C@H]2CCCN2C(=O)[C@H](Cc2ccccc2)NC1=O,hepta_315,3892,-10.0,7,7,Circle,0.170903,0.0668462,-31.9503,9.033,7.641,1.392,0.107238,0.0374261,8.671,7.331,1.34,56,17,val,train,train,train,train,train,train,train,train,test,,val,-1.0,-0.40469304
3877,2020_Townsend,CC(C)C[C@H]1C(=O)N(Cc2ccccc2)CC(=O)N2CCC[C@@H]2C(=O)N(C)[C@@H](CC(C)C)C(=O)N[C@@H](Cc2ccccc2)C(=O)N2CCC[C@@H]2C(=O)N[C@@H](C)C(=O)N1C,hepta_300,3877,-5.6,7,7,Circle,0.167603,0.0575495,-34.289,9.576,8.27,1.306,0.102692,0.0422466,8.971,7.822,1.149,74,78,train,train,train,test,train,train,train,train,train,test,,train,0.2000000000000001,-0.00061490014
3857,2020_Townsend,CC(C)C[C@@H]1NC(=O)[C@H](C)NC(=O)[C@H]2CCCN2C(=O)[C@H](Cc2ccccc2)NC(=O)CN(Cc2ccccc2)C(=O)[C@H]2CCCN2C(=O)[C@H](CC(C)C)NC1=O,hepta_280,3857,-5.76,7,7,Circle,0.212301,0.0910348,-39.3703,9.128,7.685,1.443,0.137425,0.0429591,9.189,7.92,1.269,76,61,train,train,train,train,val,train,train,test,test,test,,train,0.1200000000000001,0.114675194
3855,2020_Townsend,CC(C)C[C@@H]1NC(=O)[C@H]2CCCN2C(=O)[C@H](CC(C)C)NC(=O)CN(Cc2ccccc2)C(=O)[C@H](C)NC(=O)[C@H]2CCCN2C(=O)[C@H](Cc2ccccc2)NC1=O,hepta_278,3855,-10.0,7,7,Circle,0.148675,0.0695311,-36.9802,9.015,7.669,1.346,0.148812,0.0695053,8.599,7.521,1.078,55,91,val,val,val,train,train,train,test,train,train,test,,val,-1.0,0.0020858236
3854,2020_Townsend,CC(C)C[C@@H]1NC(=O)[C@H](C)NC(=O)[C@H]2CCCN2C(=O)[C@H](Cc2ccccc2)NC(=O)[C@H](CC(C)C)N(C)C(=O)[C@H]2CCCN2C(=O)[C@H](CC(C)C)N(C)C1=O,hepta_277,3854,-5.57,7,7,Circle,0.144523,0.0643429,-21.0186,8.925,7.868,1.057,0.11369,0.0458625,8.834,7.836,0.998,99,58,train,train,train,train,train,train,train,train,train,test,,train,0.2149999999999998,-0.033558745
3850,2020_Townsend,CC(C)C[C@@H]1NC(=O)[C@H]2CCCN2C(=O)CN(Cc2ccccc2)C(=O)[C@@H](CC(C)C)NC(=O)[C@H](C)NC(=O)[C@H]2CCCN2C(=O)[C@H](Cc2ccccc2)NC1=O,hepta_273,3850,-6.07,7,7,Circle,0.172381,0.0584269,-40.5233,9.359,8.017,1.342,0.144183,0.0442859,8.601,7.47,1.131,97,68,test,train,train,test,train,train,train,train,train,test,,test,-0.0350000000000001,-0.419959
3849,2020_Townsend,CC(C)C[C@H]1C(=O)N2CCC[C@@H]2C(=O)N(C)[C@@H](CC(C)C)C(=O)N[C@@H](Cc2ccccc2)C(=O)N2CCC[C@@H]2C(=O)N[C@@H](C)C(=O)N[C@H](CC(C)C)C(=O)N1C,hepta_272,3849,-5.73,7,7,Circle,0.137866,0.0455954,-33.7465,9.284,8.055,1.229,0.0965645,0.0349129,8.72,7.646,1.074,61,36,train,train,train,train,train,train,train,train,train,test,,train,0.1349999999999998,0.11123823
3847,2020_Townsend,CC(C)C[C@@H]1NC(=O)[C@H]2CCCN2C(=O)[C@H](CC(C)C)N(C)C(=O)[C@@H](CC(C)C)N(C)C(=O)[C@H](C)NC(=O)[C@H]2CCCN2C(=O)[C@H](Cc2ccccc2)NC1=O,hepta_270,3847,-6.17,7,7,Circle,0.166598,0.0732827,-31.3609,9.22,8.055,1.165,0.14821,0.0599396,8.961,7.902,1.059,60,79,train,train,train,train,train,train,train,train,test,test,,train,-0.0849999999999999,-0.10091044
3843,2020_Townsend,CC(C)C[C@@H]1NC(=O)[C@H](C)NC(=O)[C@H]2CCCN2C(=O)[C@H](Cc2ccccc2)NC(=O)[C@@H](CC(C)C)N(C)C(=O)[C@H]2CCCN2C(=O)[C@@H](CC(C)C)N(C)C1=O,hepta_266,3843,-5.98,7,7,Circle,0.144885,0.0550302,-30.5755,9.419,8.095,1.324,0.143344,0.0609502,9.066,7.974,1.092,26,10,val,train,test,train,train,train,train,train,train,test,,val,0.0099999999999997,-0.58076847
3835,2020_Townsend,CC(C)C[C@@H]1NC(=O)[C@H]2CCCN2C(=O)[C@H](CC(C)C)N(C)C(=O)[C@H](CC(C)C)NC(=O)[C@H](C)NC(=O)[C@H]2CCCN2C(=O)[C@H](Cc2ccccc2)NC1=O,hepta_258,3835,-6.6,7,7,Circle,0.141547,0.0562203,-45.7521,9.503,8.046,1.457,0.0970191,0.0399549,8.852,7.661,1.191,52,92,train,train,train,train,train,train,train,train,train,test,,train,-0.2999999999999998,-0.025289077
3833,2020_Townsend,CC(C)C[C@@H]1NC(=O)[C@H](C)NC(=O)[C@H]2CCCN2C(=O)[C@H](Cc2ccccc2)NC(=O)[C@@H](CC(C)C)N(C)C(=O)[C@H]2CCCN2C(=O)[C@H](CC(C)C)NC1=O,hepta_256,3833,-5.96,7,7,Circle,0.16744,0.0841973,-33.9192,9.078,7.716,1.362,0.0870832,0.0374862,8.579,7.468,1.111,76,8,train,train,val,train,test,train,train,train,val,test,,train,0.02,-0.76784605
3825,2020_Townsend,CC(C)C[C@@H]1NC(=O)[C@H](C)NC(=O)[C@H]2CCCN2C(=O)[C@H](Cc2ccccc2)NC(=O)[C@@H](CC(C)C)N(C)C(=O)[C@H]2CCCN2C(=O)[C@@H](CC(C)C)NC1=O,hepta_248,3825,-6.6,7,7,Circle,0.144364,0.0535716,-30.2776,8.836,7.518,1.318,0.0863287,0.037091,8.563,7.423,1.14,87,83,val,train,train,train,train,train,val,train,train,test,,val,-0.2999999999999998,-0.439992
3819,2020_Townsend,CC(C)C[C@@H]1NC(=O)[C@H](C)NC(=O)[C@H]2CCCN2C(=O)[C@H](Cc2ccccc2)NC(=O)[C@@H](CC(C)C)NC(=O)[C@H]2CCCN2C(=O)[C@H](CC(C)C)NC1=O,hepta_242,3819,-5.92,7,7,Circle,0.237051,0.111201,-29.7235,8.858,7.509,1.349,0.171756,0.0809149,8.752,7.519,1.233,51,22,train,train,train,val,train,train,train,train,train,test,,train,0.04,-0.91939634
3804,2020_Townsend,CC(C)C[C@@H]1NC(=O)CN(Cc2ccccc2)C(=O)[C@@H](C)NC(=O)[C@H]2CCCN2C(=O)[C@H](Cc2ccccc2)NC(=O)CN(Cc2ccccc2)C(=O)[C@@H]2CCCN2C1=O,hepta_227,3804,-6.24,7,7,Circle,0.191593,0.0602851,-40.457,8.935,7.724,1.211,0.262438,0.121923,9.007,7.888,1.119,39,87,train,val,train,train,train,test,test,test,train,test,,train,-0.1200000000000001,0.03524191
3801,2020_Townsend,CC(C)C[C@H]1NC(=O)[C@@H](C)NC(=O)[C@H]2CCCN2C(=O)[C@H](Cc2ccccc2)NC(=O)CN(Cc2ccccc2)C(=O)[C@@H]2CCCN2C(=O)CN(Cc2ccccc2)C1=O,hepta_224,3801,-6.54,7,7,Circle,0.19385,0.0817791,-40.7764,9.275,7.896,1.379,0.141086,0.0369268,9.275,7.89,1.385,50,100,train,train,train,train,val,train,train,test,train,test,,train,-0.27,-0.0034831204
3773,2020_Townsend,CC(C)C[C@H]1C(=O)N2CCC[C@H]2C(=O)N(C)[C@H](CC(C)C)C(=O)N[C@@H](Cc2ccccc2)C(=O)N2CCC[C@@H]2C(=O)N[C@H](C)C(=O)N(C)[C@H](CC(C)C)C(=O)N1C,hepta_196,3773,-5.13,7,7,Circle,0.152394,0.0763106,-21.4503,9.31,8.21,1.1,0.119383,0.0468609,9.196,7.895,1.301,70,98,train,train,val,train,train,train,train,train,train,test,,train,0.435,0.27395332
3771,2020_Townsend,CC(C)C[C@@H]1NC(=O)[C@H](CC(C)C)N(C)C(=O)[C@@H](C)NC(=O)[C@H]2CCCN2C(=O)[C@H](Cc2ccccc2)NC(=O)[C@H](CC(C)C)N(C)C(=O)[C@@H]2CCCN2C1=O,hepta_194,3771,-5.72,7,7,Circle,0.254343,0.0973913,-33.8771,9.389,8.045,1.344,0.113456,0.0461654,8.948,7.807,1.141,4,80,train,train,train,train,train,train,test,test,train,test,,train,0.1400000000000001,0.33585238
3765,2020_Townsend,CC(C)C[C@@H]1NC(=O)[C@@H]2CCCN2C(=O)CN(Cc2ccccc2)C(=O)[C@@H](CC(C)C)NC(=O)[C@@H](C)NC(=O)[C@H]2CCCN2C(=O)[C@H](Cc2ccccc2)NC1=O,hepta_188,3765,-10.0,7,7,Circle,0.120556,0.0454166,-34.8669,8.827,7.406,1.421,0.10121,0.0442708,8.576,7.279,1.297,85,15,train,train,train,train,train,train,val,train,val,test,,train,-1.0,-0.5453037
3747,2020_Townsend,CC(C)C[C@H]1NC(=O)[C@@H](C)NC(=O)[C@H]2CCCN2C(=O)[C@H](Cc2ccccc2)NC(=O)[C@@H](CC(C)C)N(C)C(=O)[C@@H]2CCCN2C(=O)[C@@H](CC(C)C)N(C)C1=O,hepta_170,3747,-6.11,7,7,Circle,0.119893,0.0453247,-38.1461,9.21,7.961,1.249,0.0908531,0.0399346,8.823,7.847,0.976,73,58,train,train,test,train,train,train,val,train,train,test,,train,-0.0550000000000001,0.11248112
3743,2020_Townsend,CC(C)C[C@@H]1NC(=O)[C@@H](C)NC(=O)[C@H]2CCCN2C(=O)[C@H](Cc2ccccc2)NC(=O)[C@H](CC(C)C)N(C)C(=O)[C@@H]2CCCN2C(=O)[C@@H](CC(C)C)NC1=O,hepta_166,3743,-6.54,7,7,Circle,0.141371,0.0486801,-29.8597,9.023,7.82,1.203,0.121204,0.0420802,8.464,7.457,1.007,90,43,train,train,test,train,train,train,test,train,train,test,,train,-0.27,-0.03662059
3734,2020_Townsend,CC(C)C[C@@H]1NC(=O)[C@@H]2CCCN2C(=O)[C@H](CC(C)C)NC(=O)[C@H](CC(C)C)NC(=O)[C@@H](C)NC(=O)[C@H]2CCCN2C(=O)[C@H](Cc2ccccc2)NC1=O,hepta_157,3734,-10.0,7,7,Circle,0.186437,0.0966544,-32.5927,8.798,7.366,1.432,0.120945,0.0400834,8.56,7.341,1.219,3,77,train,test,val,train,train,train,test,train,train,test,,train,-1.0,-0.20417999
3705,2020_Townsend,CC(C)C[C@@H]1NC(=O)[C@@H]2CCCN2C(=O)CN(Cc2ccccc2)C(=O)[C@@H](CC(C)C)N(C)C(=O)[C@H](C)NC(=O)[C@H]2CCCN2C(=O)[C@H](Cc2ccccc2)NC1=O,hepta_128,3705,-5.79,7,7,Circle,0.171086,0.0609402,-30.951,9.23,7.935,1.295,0.117743,0.0367178,8.808,7.628,1.18,52,35,train,val,train,train,train,train,train,train,train,test,,train,0.1049999999999999,-0.037290607
3700,2020_Townsend,CC(C)C[C@@H]1NC(=O)[C@@H]2CCCN2C(=O)C[C@H](Cc2ccccc2)NC(=O)[C@@H](CC(C)C)NC(=O)[C@H](C)NC(=O)[C@H]2CCCN2C(=O)[C@H](Cc2ccccc2)NC1=O,hepta_123,3700,-6.89,7,7,Circle,0.142009,0.0368949,-27.4604,8.905,7.628,1.277,0.119845,0.0569256,8.995,7.871,1.124,57,68,train,train,train,train,train,train,train,train,train,test,,train,-0.4449999999999998,-0.7470686
3692,2020_Townsend,CC(C)C[C@H]1C(=O)N(C)[C@H](CC(C)C)C(=O)N2CCC[C@H]2C(=O)N(C)[C@H](CC(C)C)C(=O)N[C@@H](Cc2ccccc2)C(=O)N2CCC[C@@H]2C(=O)N[C@@H](C)C(=O)N1C,hepta_115,3692,-5.23,7,7,Circle,0.124066,0.0436724,-21.6504,9.193,7.792,1.401,0.123826,0.0407024,9.134,7.913,1.221,16,87,test,test,train,train,train,train,train,train,train,test,,test,0.3849999999999998,0.37544543
3671,2020_Townsend,CC(C)C[C@@H]1NC(=O)[C@H](C)NC(=O)[C@H]2CCCN2C(=O)[C@H](Cc2ccccc2)NC(=O)[C@@H](CC(C)C)N(C)C(=O)[C@@H]2CCCN2C(=O)[C@H](CC(C)C)NC1=O,hepta_94,3671,-6.11,7,7,Circle,0.150041,0.0545391,-39.4844,9.432,7.954,1.478,0.139488,0.0576913,8.773,7.57,1.203,67,17,train,train,train,train,train,test,train,train,train,test,,train,-0.0550000000000001,-0.13440774
3663,2020_Townsend,CC(C)C[C@H]1C(=O)N[C@H](CC(C)C)C(=O)N2CCC[C@H]2C(=O)N[C@H](CC(C)C)C(=O)N[C@@H](Cc2ccccc2)C(=O)N2CCC[C@@H]2C(=O)N[C@@H](C)C(=O)N1C,hepta_86,3663,-5.78,7,7,Circle,0.145683,0.0477967,-33.4585,9.361,7.865,1.496,0.182267,0.0858474,9.062,7.639,1.423,61,49,train,train,val,train,train,train,train,train,train,test,,train,0.1099999999999998,0.08839631
3658,2020_Townsend,CC(C)C[C@@H]1NC(=O)[C@H](C)NC(=O)[C@H]2CCCN2C(=O)[C@H](Cc2ccccc2)NC(=O)[C@H](CC(C)C)NC(=O)[C@@H]2CCCN2C(=O)[C@@H](CC(C)C)NC1=O,hepta_81,3658,-6.26,7,7,Circle,0.128124,0.0453847,-25.6763,8.68,7.482,1.198,0.11046,0.0447586,8.511,7.346,1.165,24,2,train,train,train,train,train,train,train,train,train,test,,train,-0.1299999999999999,-0.38397557
3657,2020_Townsend,CC(C)C[C@@H]1NC(=O)[C@H](C)NC(=O)[C@H]2CCCN2C(=O)[C@H](Cc2ccccc2)NC(=O)[C@@H](CC(C)C)NC(=O)[C@@H]2CCCN2C(=O)[C@H](CC(C)C)NC1=O,hepta_80,3657,-10.0,7,7,Circle,0.238249,0.112785,-23.5439,8.584,7.268,1.316,0.142713,0.0497379,8.519,7.34,1.179,40,73,test,train,train,train,val,test,train,train,train,test,,test,-1.0,-1.1505644
3625,2020_Townsend,CCCN1CC(=O)N[C@@H](CC(C)C)C(=O)N(C)[C@H](CC(C)C)C(=O)N2CCC[C@H]2C(=O)N(Cc2ccccc2)CC(=O)N[C@@H](Cc2ccccc2)C(=O)N2CCC[C@@H]2C1=O,hepta_48,3625,-5.64,7,7,Circle,0.15733,0.0540439,-32.363,9.629,8.359,1.27,0.134355,0.062197,9.358,8.077,1.281,59,35,train,train,train,train,train,val,train,train,train,test,,train,0.1800000000000001,0.39120102
3622,2020_Townsend,CCCN1CC(=O)N[C@H](CC(C)C)C(=O)N(C)[C@@H](CC(C)C)C(=O)N2CCC[C@H]2C(=O)N(Cc2ccccc2)CC(=O)N[C@@H](Cc2ccccc2)C(=O)N2CCC[C@@H]2C1=O,hepta_45,3622,-5.36,7,7,Circle,0.253605,0.126821,-35.3465,9.724,8.489,1.235,0.12231,0.0415025,9.21,8.209,1.001,8,97,train,train,train,train,train,train,train,test,train,test,,train,0.3199999999999998,0.24666849
3596,2020_Townsend,CCCN1CC(=O)N(C)[C@H](CC(C)C)C(=O)N(C)[C@H](CC(C)C)C(=O)N2CCC[C@H]2C(=O)N[C@H](CC(C)C)C(=O)N[C@@H](Cc2ccccc2)C(=O)N2CCC[C@@H]2C1=O,hepta_19,3596,-5.81,7,7,Circle,0.17854,0.0579344,-42.587,10.019,8.785,1.234,0.129658,0.04614,9.55,8.564,0.986,13,3,train,train,train,train,train,train,train,test,train,test,,train,0.0950000000000002,0.009795666
3577,2020_Townsend,CCCN1CC(=O)N[C@H](CC(C)C)C(=O)N[C@H](CC(C)C)C(=O)N2CCC[C@H]2C(=O)N[C@H](CC(C)C)C(=O)N[C@@H](Cc2ccccc2)C(=O)N2CCC[C@@H]2C1=O,hepta_0,3577,-6.56,7,7,Circle,0.171265,0.0690464,-28.4834,9.239,7.968,1.271,0.105984,0.0440956,8.722,7.473,1.249,58,93,train,train,train,train,train,train,train,train,train,test,,train,-0.2799999999999998,-0.62720793
3561,2020_Townsend,CC(C)C[C@H]1NC(=O)[C@H]2CCCN2C(=O)C[C@H](Cc2ccccc2)NC(=O)[C@@H](CC(C)C)N(C)C(=O)[C@@H](C)N(C)C(=O)[C@H](Cc2ccccc2)NC1=O,hexa_1047,3561,-5.66,6,6,Circle,0.150941,0.0350987,-26.2733,8.502,7.311,1.191,0.138852,0.046826,8.8,7.539,1.261,39,64,test,train,train,train,train,train,train,train,train,test,,test,0.1699999999999999,0.11817912
3550,2020_Townsend,CC(C)C[C@@H]1NC(=O)[C@@H](C)N(C)C(=O)[C@H](Cc2ccccc2)NC(=O)CN(Cc2ccccc2)C(=O)[C@H]2CCCN2C(=O)[C@@H](CC(C)C)N(C)C1=O,hexa_1036,3550,-5.3,6,6,Circle,0.148742,0.0338263,-31.8766,8.658,7.486,1.172,0.156821,0.0413732,8.481,7.371,1.11,46,12,train,train,train,train,train,train,train,train,train,test,,train,0.3500000000000001,0.33634764
3532,2020_Townsend,CC(C)C[C@@H]1NC(=O)[C@@H](CC(C)C)N(C)C(=O)[C@@H](C)N(C)C(=O)[C@H](Cc2ccccc2)NC(=O)[C@H](CC(C)C)N(C)C(=O)[C@H]2CCCN2C1=O,hexa_1018,3532,-5.04,6,6,Circle,0.137094,0.036542,-22.8869,8.495,7.47,1.025,0.112467,0.0414051,8.298,7.177,1.121,68,69,train,train,train,test,train,train,train,train,test,test,,train,0.48,0.5831776
3525,2020_Townsend,CC(C)C[C@H]1NC(=O)[C@@H](C)N(C)C(=O)[C@H](Cc2ccccc2)NC(=O)CN(Cc2ccccc2)C(=O)[C@H]2CCCN2C(=O)[C@@H](CC(C)C)NC1=O,hexa_1011,3525,-5.63,6,6,Circle,0.142326,0.0468172,-23.742,8.264,7.2,1.064,0.100768,0.0353858,8.197,7.167,1.03,54,68,train,train,train,test,train,train,train,train,train,test,,train,0.185,-0.34989744
3523,2020_Townsend,CC(C)C[C@@H]1NC(=O)[C@@H](CC(C)C)N(C)C(=O)[C@@H](C)N(C)C(=O)[C@H](Cc2ccccc2)NC(=O)[C@@H](CC(C)C)N(C)C(=O)[C@H]2CCCN2C1=O,hexa_1009,3523,-5.06,6,6,Circle,0.161573,0.0629513,-27.9457,8.431,7.29,1.141,0.106202,0.0393448,8.328,7.152,1.176,45,35,test,train,train,train,test,train,train,test,train,test,,test,0.4700000000000002,0.46908215
3499,2020_Townsend,CC(C)C[C@H]1NC(=O)[C@@H](C)N(C)C(=O)[C@H](Cc2ccccc2)NC(=O)[C@@H](CC(C)C)N(C)C(=O)[C@H]2CCCN2C(=O)[C@@H](CC(C)C)NC1=O,hexa_985,3499,-5.97,6,6,Circle,0.151872,0.0498776,-24.4292,8.319,7.186,1.133,0.123499,0.0329393,8.371,7.342,1.029,60,26,train,val,train,test,train,train,train,train,train,test,,train,0.0150000000000001,-0.26166362
3495,2020_Townsend,CC(C)C[C@@H]1NC(=O)[C@@H](C)N(C)C(=O)[C@H](Cc2ccccc2)NC(=O)[C@H](CC(C)C)NC(=O)[C@H]2CCCN2C(=O)[C@@H](CC(C)C)NC1=O,hexa_981,3495,-6.39,6,6,Circle,0.127767,0.0366665,-32.4739,8.369,7.19,1.179,0.163326,0.0802438,8.086,6.994,1.092,49,47,train,train,train,train,train,val,val,train,train,test,,train,-0.1949999999999998,-0.59240097
3487,2020_Townsend,CC(C)C[C@@H]1NC(=O)[C@H](C)N(C)C(=O)[C@H](Cc2ccccc2)NC(=O)CN(Cc2ccccc2)C(=O)[C@H]2CCCN2C(=O)C[C@H](Cc2ccccc2)NC1=O,hexa_973,3487,-5.81,6,6,Circle,0.166473,0.0515737,-38.6421,8.619,7.338,1.281,0.17335,0.0474469,8.543,7.508,1.035,4,73,train,train,train,train,train,train,train,train,test,test,,train,0.0950000000000002,-0.8634014
3484,2020_Townsend,CC(C)C[C@H]1NC(=O)[C@H](C)N(C)C(=O)[C@H](Cc2ccccc2)NC(=O)CN(Cc2ccccc2)C(=O)[C@H]2CCCN2C(=O)C[C@H](Cc2ccccc2)NC1=O,hexa_970,3484,-5.64,6,6,Circle,0.189195,0.0537751,-23.5743,8.521,7.481,1.04,0.13051,0.0270018,8.582,7.627,0.955,4,26,train,train,test,train,val,train,train,train,train,test,,train,0.1800000000000001,0.121512
3437,2020_Townsend,CC(C)C[C@H]1C(=O)N[C@@H](Cc2ccccc2)C(=O)N(C)[C@@H](C)C(=O)N[C@H](CC(C)C)C(=O)N(C)[C@H](CC(C)C)C(=O)N2CCC[C@@H]2C(=O)N1C,hexa_923,3437,-5.15,6,6,Circle,0.132996,0.0418345,-22.6771,8.506,7.36,1.146,0.128535,0.0415184,8.628,7.575,1.053,19,99,val,val,train,train,train,train,train,train,train,test,,val,0.4249999999999998,0.7204736
3435,2020_Townsend,CC(C)C[C@@H]1NC(=O)[C@H]2CCCN2C(=O)[C@H](CC(C)C)N(C)C(=O)[C@H](CC(C)C)NC(=O)[C@H](C)N(C)C(=O)[C@H](Cc2ccccc2)NC1=O,hexa_921,3435,-5.04,6,6,Circle,0.14845,0.0494863,-38.5814,8.403,7.101,1.302,0.141374,0.045777,8.225,7.042,1.183,50,20,train,test,train,val,test,train,train,train,train,test,,train,0.48,0.2825664
3431,2020_Townsend,CC(C)C[C@@H]1NC(=O)[C@H](C)N(C)C(=O)[C@H](Cc2ccccc2)NC(=O)[C@@H](CC(C)C)N(C)C(=O)[C@H]2CCCN2C(=O)[C@H](CC(C)C)NC1=O,hexa_917,3431,-5.43,6,6,Circle,0.164904,0.0490593,-20.9495,8.33,7.102,1.228,0.156212,0.0528567,8.324,7.167,1.157,5,35,train,val,val,train,train,train,train,train,train,test,,train,0.2850000000000001,0.010883428
3425,2020_Townsend,CC(C)C[C@@H]1NC(=O)[C@@H](CC(C)C)NC(=O)[C@H](C)N(C)C(=O)[C@H](Cc2ccccc2)NC(=O)[C@@H](CC(C)C)N(C)C(=O)[C@H]2CCCN2C1=O,hexa_911,3425,-5.06,6,6,Circle,0.165109,0.0535845,-24.1365,8.41,7.108,1.302,0.147708,0.0562026,8.204,7.073,1.131,62,33,train,train,train,train,train,train,train,train,train,test,,train,0.4700000000000002,0.3277095
3415,2020_Townsend,CC(C)C[C@@H]1NC(=O)[C@H](C)N(C)C(=O)[C@H](Cc2ccccc2)NC(=O)[C@@H](CC(C)C)NC(=O)[C@H]2CCCN2C(=O)[C@H](CC(C)C)NC1=O,hexa_901,3415,-6.06,6,6,Circle,0.20256,0.081391,-22.7731,8.299,7.097,1.202,0.16598,0.0642511,8.085,7.016,1.069,77,9,train,train,train,train,train,train,test,train,val,test,,train,-0.0299999999999998,-0.07653968
3404,2020_Townsend,CC(C)C[C@H]1C(=O)N[C@@H](Cc2ccccc2)C(=O)N(C)[C@H](C)C(=O)N(C)[C@@H](CC(C)C)C(=O)N[C@@H](Cc2ccccc2)CC(=O)N2CCC[C@H]2C(=O)N1C,hexa_890,3404,-5.1,6,6,Circle,0.233502,0.0884504,-19.796,8.819,7.769,1.05,0.14399,0.0495329,8.615,7.639,0.976,28,66,test,train,train,train,train,train,train,test,train,test,,test,0.4500000000000002,0.50692165
3400,2020_Townsend,CC(C)C[C@@H]1NC(=O)[C@@H](C)N(C)C(=O)[C@H](Cc2ccccc2)NC(=O)CN(Cc2ccccc2)C(=O)[C@@H]2CCCN2C(=O)CN(Cc2ccccc2)C1=O,hexa_886,3400,-5.49,6,6,Circle,0.191298,0.0676772,-28.7141,8.586,7.498,1.088,0.15723,0.0485576,8.48,7.351,1.129,70,47,train,train,train,train,train,train,train,train,train,test,,train,0.2549999999999999,0.29310134
3396,2020_Townsend,CC(C)C[C@H]1NC(=O)[C@@H](C)N(C)C(=O)[C@H](Cc2ccccc2)NC(=O)CN(Cc2ccccc2)C(=O)[C@@H]2CCCN2C(=O)CN(Cc2ccccc2)C1=O,hexa_882,3396,-5.43,6,6,Circle,0.225145,0.0757223,-31.2937,8.621,7.55,1.071,0.178915,0.0552181,8.498,7.507,0.991,43,76,train,test,train,train,val,train,train,train,train,test,,train,0.2850000000000001,0.072505295
3391,2020_Townsend,CC(C)C[C@@H]1C(=O)N[C@@H](Cc2ccccc2)C(=O)N(C)[C@H](C)C(=O)N(C)[C@H](CC(C)C)C(=O)N(Cc2ccccc2)CC(=O)N2CCC[C@H]2C(=O)N1C,hexa_877,3391,-5.01,6,6,Circle,0.155723,0.0440509,-23.3967,8.5,7.485,1.015,0.156424,0.058881,8.513,7.529,0.984,97,45,train,train,train,train,train,train,train,train,train,test,,train,0.4950000000000001,0.39122292
3390,2020_Townsend,CC(C)C[C@@H]1C(=O)N2CCC[C@H]2C(=O)N(C)[C@H](CC(C)C)C(=O)N[C@@H](Cc2ccccc2)C(=O)N(C)[C@H](C)C(=O)N(Cc2ccccc2)CC(=O)N1C,hexa_876,3390,-4.97,6,6,Circle,0.184248,0.0534013,-17.6152,8.579,7.531,1.048,0.166048,0.0457854,8.347,7.358,0.989,64,11,train,test,train,val,test,train,train,train,train,test,,train,0.5150000000000001,0.27589753
3387,2020_Townsend,CC(C)C[C@@H]1NC(=O)[C@H](CC(C)C)N(C)C(=O)[C@@H](C)N(C)C(=O)[C@H](Cc2ccccc2)NC(=O)CN(Cc2ccccc2)C(=O)[C@@H]2CCCN2C1=O,hexa_873,3387,-4.93,6,6,Circle,0.185242,0.062299,-27.9957,8.336,7.185,1.151,0.0963745,0.0317473,8.449,7.39,1.059,31,2,test,train,train,train,val,val,train,train,train,test,,test,0.5350000000000001,0.48790804
3386,2020_Townsend,CC(C)C[C@@H]1NC(=O)[C@@H](C)N(C)C(=O)[C@H](Cc2ccccc2)NC(=O)[C@H](CC(C)C)N(C)C(=O)[C@@H]2CCCN2C(=O)CN(Cc2ccccc2)C1=O,hexa_872,3386,-5.07,6,6,Circle,0.176121,0.0646008,-24.8488,8.487,7.418,1.069,0.170851,0.0624309,8.443,7.345,1.098,54,5,val,train,test,train,train,train,train,train,train,test,,val,0.4649999999999998,0.35796613
3369,2020_Townsend,CC(C)C[C@H]1C(=O)N2CCC[C@H]2C(=O)N(C)[C@H](CC(C)C)C(=O)N[C@@H](Cc2ccccc2)C(=O)N(C)[C@H](C)C(=O)N(C)[C@H](CC(C)C)C(=O)N1C,hexa_855,3369,-4.8,6,6,Circle,0.143293,0.0503687,-17.4007,8.423,7.461,0.962,0.158698,0.0590772,8.661,7.722,0.939,95,57,train,train,train,train,train,train,train,val,train,test,,train,0.6000000000000001,0.59185
3368,2020_Townsend,CC(C)C[C@@H]1NC(=O)[C@@H]2CCCN2C(=O)CN(Cc2ccccc2)C(=O)[C@H](CC(C)C)NC(=O)[C@@H](C)N(C)C(=O)[C@H](Cc2ccccc2)NC1=O,hexa_854,3368,-5.22,6,6,Circle,0.158982,0.0580248,-29.6662,8.356,7.205,1.151,0.219255,0.0964445,8.327,7.215,1.112,100,70,val,train,train,train,val,train,train,val,train,test,,val,0.3900000000000001,0.2407606
3365,2020_Townsend,CC(C)C[C@@H]1NC(=O)[C@H](CC(C)C)N(C)C(=O)[C@@H](C)N(C)C(=O)[C@H](Cc2ccccc2)NC(=O)[C@H](CC(C)C)N(C)C(=O)[C@@H]2CCCN2C1=O,hexa_851,3365,-4.77,6,6,Circle,0.145851,0.0406805,-16.6119,8.388,7.4,0.988,0.143886,0.0490838,8.34,7.382,0.958,18,55,train,test,test,train,train,train,train,train,train,test,,train,0.6150000000000002,0.78900474
3359,2020_Townsend,CC(C)C[C@H]1C(=O)N[C@@H](Cc2ccccc2)C(=O)N(C)[C@H](C)C(=O)N(C)[C@@H](CC(C)C)C(=O)N[C@H](CC(C)C)C(=O)N2CCC[C@H]2C(=O)N1C,hexa_845,3359,-4.8,6,6,Circle,0.111262,0.0366248,-23.258,8.601,7.633,0.968,0.120129,0.0340842,8.366,7.531,0.835,84,88,train,val,train,test,train,train,train,train,train,test,,train,0.6000000000000001,0.55620104
3357,2020_Townsend,CC(C)C[C@@H]1NC(=O)[C@@H](C)N(C)C(=O)[C@H](Cc2ccccc2)NC(=O)[C@H](CC(C)C)N(C)C(=O)[C@@H]2CCCN2C(=O)[C@@H](CC(C)C)N(C)C1=O,hexa_843,3357,-4.85,6,6,Circle,0.150175,0.041852,-17.9808,8.6,7.447,1.153,0.120789,0.0424671,8.638,7.489,1.149,91,64,train,test,train,train,train,train,train,val,test,test,,train,0.5750000000000002,0.47193134
3354,2020_Townsend,CC(C)C[C@H]1NC(=O)[C@@H]2CCCN2C(=O)[C@@H](CC(C)C)NC(=O)CN(Cc2ccccc2)C(=O)[C@@H](C)N(C)C(=O)[C@H](Cc2ccccc2)NC1=O,hexa_840,3354,-5.07,6,6,Circle,0.154666,0.0657756,-31.3317,8.212,7.044,1.168,0.163004,0.0510431,8.221,7.089,1.132,91,92,test,train,train,train,train,train,val,train,train,test,,test,0.4649999999999998,0.26746702
3352,2020_Townsend,CC(C)C[C@H]1C(=O)N[C@@H](Cc2ccccc2)C(=O)N(C)[C@H](C)C(=O)N(C)[C@H](CC(C)C)C(=O)N[C@H](CC(C)C)C(=O)N2CCC[C@H]2C(=O)N1C,hexa_838,3352,-4.85,6,6,Circle,0.118043,0.0358086,-13.4662,8.37,7.461,0.909,0.120751,0.0379167,8.627,7.393,1.234,54,96,train,train,train,train,test,train,train,test,test,test,,train,0.5750000000000002,0.5688208
3350,2020_Townsend,CC(C)C[C@H]1C(=O)N(C)[C@H](CC(C)C)C(=O)N2CCC[C@H]2C(=O)N[C@H](CC(C)C)C(=O)N[C@@H](Cc2ccccc2)C(=O)N(C)[C@H](C)C(=O)N1C,hexa_836,3350,-4.78,6,6,Circle,0.179626,0.0637131,-17.8369,8.26,7.262,0.998,0.14415,0.03727,8.275,7.336,0.939,37,85,train,train,train,train,train,train,train,val,train,test,,train,0.6099999999999999,0.5249843
3346,2020_Townsend,CC(C)C[C@H]1NC(=O)[C@@H]2CCCN2C(=O)[C@@H](CC(C)C)N(C)C(=O)[C@@H](CC(C)C)N(C)C(=O)[C@@H](C)N(C)C(=O)[C@H](Cc2ccccc2)NC1=O,hexa_832,3346,-4.82,6,6,Circle,0.123207,0.0396688,-24.5213,8.514,7.372,1.142,0.142771,0.0532172,8.262,7.216,1.046,98,37,test,train,train,test,train,val,train,train,train,test,,test,0.5899999999999999,0.41012776
3341,2020_Townsend,CC(C)C[C@@H]1NC(=O)[C@@H]2CCCN2C(=O)[C@@H](CC(C)C)N(C)C(=O)[C@H](CC(C)C)NC(=O)[C@@H](C)N(C)C(=O)[C@H](Cc2ccccc2)NC1=O,hexa_827,3341,-5.02,6,6,Circle,0.174917,0.0464688,-21.9094,8.4,7.224,1.176,0.147356,0.0397505,8.242,7.148,1.094,93,21,train,val,train,train,train,train,train,train,val,test,,train,0.4900000000000002,0.51273865
3337,2020_Townsend,CC(C)C[C@@H]1NC(=O)[C@@H](CC(C)C)NC(=O)[C@@H](C)N(C)C(=O)[C@H](Cc2ccccc2)NC(=O)[C@H](CC(C)C)N(C)C(=O)[C@@H]2CCCN2C1=O,hexa_823,3337,-5.28,6,6,Circle,0.142584,0.0520153,-18.1042,8.105,7.043,1.062,0.103862,0.030436,8.239,7.153,1.086,74,87,train,test,train,test,train,train,train,train,train,test,,train,0.3599999999999999,0.30579218
3331,2020_Townsend,CC(C)C[C@@H]1NC(=O)[C@@H](C)N(C)C(=O)[C@H](Cc2ccccc2)NC(=O)[C@@H](CC(C)C)N(C)C(=O)[C@@H]2CCCN2C(=O)[C@@H](CC(C)C)NC1=O,hexa_817,3331,-5.19,6,6,Circle,0.12404,0.042937,-32.607,8.573,7.328,1.245,0.136643,0.051222,8.412,7.28,1.132,48,70,train,val,test,train,train,train,train,train,train,test,,train,0.4049999999999998,0.35671645
3327,2020_Townsend,CC(C)C[C@H]1NC(=O)[C@@H](C)N(C)C(=O)[C@H](Cc2ccccc2)NC(=O)[C@@H](CC(C)C)N(C)C(=O)[C@@H]2CCCN2C(=O)[C@@H](CC(C)C)NC1=O,hexa_813,3327,-5.8,6,6,Circle,0.189867,0.0797419,-24.4916,8.508,7.198,1.31,0.144825,0.0435551,8.186,7.146,1.04,100,33,train,val,train,train,train,val,train,train,train,test,,train,0.1,0.2455219
3326,2020_Townsend,CC(C)C[C@@H]1NC(=O)[C@@H]2CCCN2C(=O)[C@H](CC(C)C)NC(=O)[C@H](CC(C)C)NC(=O)[C@@H](C)N(C)C(=O)[C@H](Cc2ccccc2)NC1=O,hexa_812,3326,-6.26,6,6,Circle,0.122874,0.0325984,-24.4975,8.156,6.963,1.193,0.144231,0.0508799,8.292,7.029,1.263,84,7,train,train,test,train,test,test,test,test,train,test,,train,-0.1299999999999999,-0.3091453
3313,2020_Townsend,CC(C)C[C@@H]1NC(=O)[C@@H]2CCCN2C(=O)C[C@H](Cc2ccccc2)NC(=O)CN(Cc2ccccc2)C(=O)[C@H](C)N(C)C(=O)[C@H](Cc2ccccc2)NC1=O,hexa_799,3313,-6.11,6,6,Circle,0.156023,0.0419533,-28.6879,8.632,7.559,1.073,0.149544,0.0360386,8.119,7.125,0.994,11,47,train,train,train,train,test,train,train,train,train,test,,train,-0.0550000000000001,-0.07168056
3311,2020_Townsend,CC(C)C[C@@H]1C(=O)N(Cc2ccccc2)CC(=O)N2CCC[C@H]2C(=O)N(Cc2ccccc2)CC(=O)N[C@@H](Cc2ccccc2)C(=O)N(C)[C@@H](C)C(=O)N1C,hexa_797,3311,-5.03,6,6,Circle,0.163151,0.0342078,-28.3309,8.458,7.319,1.139,0.157679,0.0367303,8.351,7.342,1.009,21,54,val,train,train,train,val,train,train,train,train,test,,val,0.4849999999999999,0.3581859
3300,2020_Townsend,CC(C)C[C@H]1C(=O)N(C)[C@H](CC(C)C)C(=O)N2CCC[C@H]2C(=O)N(Cc2ccccc2)CC(=O)N[C@@H](Cc2ccccc2)C(=O)N(C)[C@@H](C)C(=O)N1C,hexa_786,3300,-4.82,6,6,Circle,0.169885,0.0308309,-20.668,8.479,7.397,1.082,0.154243,0.0545521,8.558,7.567,0.991,8,43,train,train,val,train,train,train,test,train,train,test,,train,0.5899999999999999,0.5218681
3299,2020_Townsend,CC(C)C[C@H]1C(=O)N[C@@H](Cc2ccccc2)C(=O)N(C)[C@@H](C)C(=O)N(C)[C@H](CC(C)C)C(=O)N(Cc2ccccc2)CC(=O)N2CCC[C@H]2C(=O)N1C,hexa_785,3299,-4.0,6,6,Circle,0.159925,0.0472681,-20.7061,8.564,7.549,1.015,0.154277,0.0580256,8.455,7.599,0.856,40,72,train,train,test,train,train,train,train,val,train,test,-4.95,test,1.0,0.7336026
3293,2020_Townsend,CC(C)C[C@H]1NC(=O)[C@H](C)N(C)C(=O)[C@H](Cc2ccccc2)NC(=O)[C@@H](CC(C)C)N(C)C(=O)[C@@H]2CCCN2C(=O)C[C@H](Cc2ccccc2)NC1=O,hexa_779,3293,-5.86,6,6,Circle,0.240217,0.0822407,-23.675,8.838,7.571,1.267,0.187309,0.0755018,8.692,7.63,1.062,21,63,train,train,train,train,val,train,train,test,train,test,,train,0.0699999999999998,0.1511495
3286,2020_Townsend,CC(C)C[C@@H]1NC(=O)[C@H](C)N(C)C(=O)[C@H](Cc2ccccc2)NC(=O)[C@@H](CC(C)C)N(C)C(=O)[C@@H]2CCCN2C(=O)CN(Cc2ccccc2)C1=O,hexa_772,3286,-4.99,6,6,Circle,0.194422,0.0599438,-30.9218,8.633,7.43,1.203,0.103799,0.0404011,8.291,7.163,1.128,8,30,train,val,train,train,train,train,train,train,test,test,,train,0.5049999999999999,0.36476514
3248,2020_Townsend,CC(C)C[C@H]1C(=O)N[C@@H](Cc2ccccc2)C(=O)N(C)[C@@H](C)C(=O)N(C)[C@H](CC(C)C)C(=O)N[C@H](CC(C)C)C(=O)N2CCC[C@H]2C(=O)N1C,hexa_734,3248,-4.74,6,6,Circle,0.162136,0.0589113,-19.5156,8.478,7.28,1.198,0.148112,0.0482987,8.485,7.275,1.21,65,43,train,train,test,train,train,train,train,test,train,test,,train,0.6299999999999999,0.5621005
3212,2020_Townsend,CC(C)C[C@@H]1NC(=O)[C@@H](C)NC(=O)[C@H](Cc2ccccc2)NC(=O)CN(Cc2ccccc2)C(=O)[C@H]2CCCN2C(=O)C[C@H](Cc2ccccc2)NC1=O,hexa_698,3212,-5.8,6,6,Circle,0.187833,0.0488013,-25.2318,8.628,7.575,1.053,0.160703,0.0333491,8.456,7.425,1.031,89,15,train,train,val,train,train,train,train,train,train,test,,train,0.1,0.0061201975
3206,2020_Townsend,CC(C)C[C@H]1C(=O)N2CCC[C@@H]2C(=O)N(C)[C@@H](CC(C)C)C(=O)N[C@@H](Cc2ccccc2)C(=O)N[C@H](C)C(=O)N(Cc2ccccc2)CC(=O)N1C,hexa_692,3206,-5.27,6,6,Circle,0.17115,0.0444805,-25.1559,8.462,7.494,0.968,0.136511,0.0463955,8.55,7.55,1.0,5,73,train,val,test,val,train,test,train,train,train,test,,train,0.3650000000000002,0.4658826
3181,2020_Townsend,CC(C)C[C@H]1C(=O)N2CCC[C@@H]2C(=O)N(C)[C@@H](CC(C)C)C(=O)N[C@@H](Cc2ccccc2)C(=O)N[C@H](C)C(=O)N(C)[C@H](CC(C)C)C(=O)N1C,hexa_667,3181,-4.99,6,6,Circle,0.124892,0.0345523,-19.0442,8.367,7.293,1.074,0.118837,0.0469295,8.284,7.314,0.97,68,55,val,train,train,train,train,train,train,val,val,test,,val,0.5049999999999999,0.5070573
3169,2020_Townsend,CC(C)C[C@@H]1NC(=O)[C@H](CC(C)C)N(C)C(=O)[C@@H](C)NC(=O)[C@H](Cc2ccccc2)NC(=O)[C@H](CC(C)C)N(C)C(=O)[C@H]2CCCN2C1=O,hexa_655,3169,-4.87,6,6,Circle,0.174205,0.0734841,-21.0442,8.166,7.195,0.971,0.134983,0.0426823,8.075,7.123,0.952,16,28,train,train,test,train,val,train,val,val,train,test,,train,0.565,0.4752554
3168,2020_Townsend,CC(C)C[C@@H]1NC(=O)[C@@H](C)NC(=O)[C@H](Cc2ccccc2)NC(=O)[C@H](CC(C)C)N(C)C(=O)[C@H]2CCCN2C(=O)[C@H](CC(C)C)N(C)C1=O,hexa_654,3168,-4.81,6,6,Circle,0.198701,0.087216,-20.0323,8.058,6.856,1.202,0.122518,0.053398,8.192,7.199,0.993,22,65,train,val,train,train,train,train,train,train,train,test,,train,0.5950000000000002,0.24405716
3136,2020_Townsend,CC(C)C[C@@H]1NC(=O)[C@H]2CCCN2C(=O)[C@@H](CC(C)C)NC(=O)[C@H](CC(C)C)N(C)C(=O)[C@@H](C)NC(=O)[C@H](Cc2ccccc2)NC1=O,hexa_622,3136,-6.61,6,6,Circle,0.145346,0.0419022,-30.8589,8.313,7.15,1.163,0.133218,0.0420342,8.036,6.945,1.091,5,45,train,train,train,val,train,test,train,train,train,test,,train,-0.3050000000000001,0.083139405
3129,2020_Townsend,CC(C)C[C@H]1C(=O)N[C@@H](Cc2ccccc2)C(=O)N[C@H](C)C(=O)N[C@H](CC(C)C)C(=O)N[C@H](CC(C)C)C(=O)N2CCC[C@@H]2C(=O)N1C,hexa_615,3129,-6.99,6,6,Circle,0.131133,0.0430404,-29.3398,8.137,6.791,1.346,0.167783,0.0681188,7.84,6.729,1.111,30,48,train,train,train,val,train,test,train,train,train,test,,train,-0.4950000000000001,-0.079012975
3112,2020_Townsend,CC(C)C[C@H]1C(=O)N2CCC[C@@H]2C(=O)N(C)[C@@H](CC(C)C)C(=O)N[C@@H](Cc2ccccc2)C(=O)N[C@@H](C)C(=O)N(Cc2ccccc2)CC(=O)N1C,hexa_598,3112,-5.19,6,6,Circle,0.18363,0.0492221,-18.7332,8.5,7.36,1.14,0.169074,0.0749016,8.371,7.353,1.018,58,34,train,train,train,train,val,train,test,train,train,test,,train,0.4049999999999998,0.35434914
3101,2020_Townsend,CC(C)C[C@@H]1NC(=O)[C@H]2CCCN2C(=O)C[C@H](Cc2ccccc2)NC(=O)[C@@H](CC(C)C)N(C)C(=O)[C@H](C)NC(=O)[C@H](Cc2ccccc2)NC1=O,hexa_587,3101,-10.0,6,6,Circle,0.183291,0.0543315,-22.7949,8.147,7.083,1.064,0.157971,0.0431753,8.418,7.362,1.056,33,3,train,train,val,val,train,train,train,train,test,test,,train,-1.0,-0.18529812
3091,2020_Townsend,CC(C)C[C@H]1C(=O)N[C@@H](Cc2ccccc2)C(=O)N[C@@H](C)C(=O)N[C@H](CC(C)C)C(=O)N(Cc2ccccc2)CC(=O)N2CCC[C@@H]2C(=O)N1C,hexa_577,3091,-5.77,6,6,Circle,0.160822,0.058811,-27.0841,8.294,7.119,1.175,0.177006,0.0625281,8.228,7.191,1.037,58,100,train,train,train,test,test,train,val,train,train,test,,train,0.1150000000000002,0.10519658
3055,2020_Townsend,CC(C)C[C@H]1NC(=O)[C@@H](CC(C)C)N(C)C(=O)[C@H](C)NC(=O)[C@H](Cc2ccccc2)NC(=O)[C@@H](CC(C)C)N(C)C(=O)[C@H]2CCCN2C1=O,hexa_541,3055,-5.2,6,6,Circle,0.105358,0.0404982,-21.9851,8.288,7.197,1.091,0.10598,0.0430884,8.076,6.846,1.23,77,22,val,train,train,train,train,train,test,train,test,test,,val,0.3999999999999999,0.05407561
3046,2020_Townsend,CC(C)C[C@@H]1NC(=O)[C@H]2CCCN2C(=O)[C@H](CC(C)C)N(C)C(=O)[C@@H](CC(C)C)NC(=O)[C@H](C)NC(=O)[C@H](Cc2ccccc2)NC1=O,hexa_532,3046,-6.27,6,6,Circle,0.142995,0.0459822,-29.5429,8.288,7.039,1.249,0.111333,0.0390159,8.204,7.041,1.163,44,59,train,train,train,test,test,train,val,train,train,test,,train,-0.1349999999999998,0.19319381
3043,2020_Townsend,CC(C)C[C@@H]1NC(=O)[C@H](C)NC(=O)[C@H](Cc2ccccc2)NC(=O)[C@@H](CC(C)C)NC(=O)[C@H]2CCCN2C(=O)[C@H](CC(C)C)N(C)C1=O,hexa_529,3043,-6.52,6,6,Circle,0.125177,0.0387677,-27.8118,8.201,6.938,1.263,0.105018,0.0325528,8.043,6.856,1.187,100,15,train,test,train,train,train,test,train,train,train,test,,train,-0.2599999999999998,0.035654712
3040,2020_Townsend,CC(C)C[C@@H]1NC(=O)[C@@H](CC(C)C)N(C)C(=O)[C@H](C)NC(=O)[C@H](Cc2ccccc2)NC(=O)[C@@H](CC(C)C)NC(=O)[C@H]2CCCN2C1=O,hexa_526,3040,-5.69,6,6,Circle,0.196468,0.0616915,-25.889,8.225,7.019,1.206,0.202982,0.085183,8.195,7.051,1.144,29,48,val,train,train,train,train,train,train,train,test,test,,val,0.1549999999999998,0.3301147
3019,2020_Townsend,CC(C)C[C@@H]1NC(=O)[C@@H]2CCCN2C(=O)C[C@H](Cc2ccccc2)NC(=O)CN(Cc2ccccc2)C(=O)[C@@H](C)NC(=O)[C@H](Cc2ccccc2)NC1=O,hexa_505,3019,-6.07,6,6,Circle,0.179812,0.0511838,-26.9041,8.348,7.226,1.122,0.14088,0.0387451,8.561,7.488,1.073,48,73,train,val,train,train,train,train,test,test,train,test,,train,-0.0350000000000001,0.10715474
3016,2020_Townsend,CC(C)C[C@H]1NC(=O)[C@@H](C)NC(=O)[C@H](Cc2ccccc2)NC(=O)CN(Cc2ccccc2)C(=O)[C@@H]2CCCN2C(=O)C[C@H](Cc2ccccc2)NC1=O,hexa_502,3016,-6.56,6,6,Circle,0.225499,0.0707524,-36.6912,8.806,7.7,1.106,0.213617,0.0796106,8.49,7.378,1.112,88,27,train,val,train,train,train,train,train,val,train,test,,train,-0.2799999999999998,-0.20829485
3008,2020_Townsend,CC(C)C[C@H]1NC(=O)[C@@H](C)NC(=O)[C@H](Cc2ccccc2)NC(=O)CN(Cc2ccccc2)C(=O)[C@@H]2CCCN2C(=O)CN(Cc2ccccc2)C1=O,hexa_494,3008,-6.22,6,6,Circle,0.208026,0.0709959,-35.2023,8.519,7.278,1.241,0.135961,0.0430459,8.26,7.12,1.14,65,28,train,train,train,val,test,train,train,train,train,test,,train,-0.1099999999999998,-0.35064286
3007,2020_Townsend,CC(C)C[C@H]1C(=O)N(C)[C@H](CC(C)C)C(=O)N2CCC[C@H]2C(=O)N(Cc2ccccc2)CC(=O)N[C@@H](Cc2ccccc2)C(=O)N[C@H](C)C(=O)N1C,hexa_493,3007,-5.37,6,6,Circle,0.180018,0.0635509,-29.8224,8.651,7.624,1.027,0.167189,0.0571327,8.502,7.424,1.078,35,22,test,train,train,train,train,train,train,train,train,test,,test,0.3149999999999999,0.39739907
3005,2020_Townsend,CC(C)C[C@@H]1NC(=O)[C@@H]2CCCN2C(=O)C[C@H](Cc2ccccc2)NC(=O)[C@@H](CC(C)C)N(C)C(=O)[C@@H](C)NC(=O)[C@H](Cc2ccccc2)NC1=O,hexa_491,3005,-5.93,6,6,Circle,0.168816,0.0372975,-33.8839,8.764,7.519,1.245,0.150796,0.0469987,8.609,7.343,1.266,15,63,train,train,train,train,val,train,train,train,train,test,,train,0.0350000000000001,-0.1616221
2963,2020_Townsend,CC(C)C[C@H]1NC(=O)[C@@H](C)NC(=O)[C@H](Cc2ccccc2)NC(=O)CN(Cc2ccccc2)C(=O)[C@@H]2CCCN2C(=O)[C@@H](CC(C)C)NC1=O,hexa_449,2963,-6.63,6,6,Circle,0.189098,0.0574131,-34.3113,8.569,7.157,1.412,0.143847,0.0465231,7.729,6.509,1.22,20,68,train,train,val,train,train,train,train,val,test,test,,train,-0.3149999999999999,0.13176608
2941,2020_Townsend,CC(C)C[C@H]1C(=O)N[C@H](CC(C)C)C(=O)N2CCC[C@H]2C(=O)N[C@H](CC(C)C)C(=O)N[C@@H](Cc2ccccc2)C(=O)N[C@H](C)C(=O)N1C,hexa_427,2941,-6.26,6,6,Circle,0.152496,0.0383995,-28.3815,8.403,7.132,1.271,0.118937,0.0378284,7.96,6.967,0.993,22,98,test,train,train,train,train,train,train,train,train,test,,test,-0.1299999999999999,0.18645062
2933,2020_Townsend,CC(C)C[C@@H]1NC(=O)[C@@H]2CCCN2C(=O)[C@H](CC(C)C)NC(=O)[C@@H](CC(C)C)NC(=O)[C@@H](C)NC(=O)[C@H](Cc2ccccc2)NC1=O,hexa_419,2933,-7.26,6,6,Circle,0.161008,0.0564541,-25.7247,8.244,6.898,1.346,0.112232,0.0325554,7.897,6.703,1.194,62,89,train,train,train,train,test,train,train,train,train,test,,train,-0.6299999999999999,-0.664073
2930,2020_Townsend,CC(C)C[C@H]1NC(=O)[C@@H]2CCCN2C(=O)[C@@H](CC(C)C)NC(=O)[C@@H](CC(C)C)NC(=O)[C@@H](C)NC(=O)[C@H](Cc2ccccc2)NC1=O,hexa_416,2930,-6.7,6,6,Circle,0.147619,0.046023,-31.3791,8.278,6.875,1.403,0.139189,0.0405074,7.736,6.645,1.091,29,74,train,train,train,train,train,train,train,test,train,test,,train,-0.3500000000000001,-0.49814743
2928,2020_Townsend,CC(C)C[C@H]1C(=O)N[C@@H](Cc2ccccc2)CC(=O)N2CCC[C@H]2C(=O)N(Cc2ccccc2)CC(=O)N[C@@H](Cc2ccccc2)C(=O)N[C@@H](C)C(=O)N1C,hexa_414,2928,-6.12,6,6,Circle,0.163993,0.0358834,-25.1456,8.269,7.135,1.134,0.190489,0.064314,8.323,7.317,1.006,98,2,train,train,val,train,train,train,val,train,train,test,,train,-0.06,0.15341176
2926,2020_Townsend,CC(C)C[C@H]1C(=O)N[C@@H](Cc2ccccc2)CC(=O)N2CCC[C@H]2C(=O)N(C)[C@@H](CC(C)C)C(=O)N[C@@H](Cc2ccccc2)C(=O)N[C@@H](C)C(=O)N1C,hexa_412,2926,-5.24,6,6,Circle,0.202205,0.0786582,-18.4641,8.647,7.621,1.026,0.182676,0.0699726,8.377,7.424,0.953,4,91,train,train,train,train,train,test,train,train,train,test,,train,0.3799999999999999,0.32678825
2920,2020_Townsend,CC(C)C[C@H]1C(=O)N(Cc2ccccc2)CC(=O)N2CCC[C@H]2C(=O)N(C)[C@@H](CC(C)C)C(=O)N[C@@H](Cc2ccccc2)C(=O)N[C@@H](C)C(=O)N1C,hexa_406,2920,-5.52,6,6,Circle,0.135768,0.0446597,-34.4559,8.322,7.174,1.148,0.108406,0.0435997,8.47,7.449,1.021,52,85,train,test,test,train,train,train,train,train,test,test,,train,0.2400000000000002,0.3841614
2916,2020_Townsend,CC(C)C[C@H]1C(=O)N(Cc2ccccc2)CC(=O)N2CCC[C@H]2C(=O)N(C)[C@H](CC(C)C)C(=O)N[C@@H](Cc2ccccc2)C(=O)N[C@@H](C)C(=O)N1C,hexa_402,2916,-5.2,6,6,Circle,0.109787,0.0298149,-36.3516,8.083,6.863,1.22,0.137576,0.0433313,8.479,7.599,0.88,9,64,train,train,train,val,train,train,train,train,test,test,,train,0.3999999999999999,0.10202268
2907,2020_Townsend,CC(C)C[C@@H]1NC(=O)[C@H](C)NC(=O)[C@H](Cc2ccccc2)NC(=O)[C@H](CC(C)C)N(C)C(=O)[C@@H]2CCCN2C(=O)CN(Cc2ccccc2)C1=O,hexa_393,2907,-5.89,6,6,Circle,0.15021,0.0598993,-31.7922,8.243,7.025,1.218,0.112398,0.044321,8.162,7.073,1.089,93,87,train,train,test,train,train,val,train,train,train,test,,train,0.0550000000000001,0.13407484
2903,2020_Townsend,CC(C)C[C@H]1C(=O)N[C@H](CC(C)C)C(=O)N2CCC[C@H]2C(=O)N(Cc2ccccc2)CC(=O)N[C@@H](Cc2ccccc2)C(=O)N[C@@H](C)C(=O)N1C,hexa_389,2903,-5.12,6,6,Circle,0.153648,0.0404613,-23.0755,7.944,6.787,1.157,0.186204,0.0840831,8.297,7.139,1.158,91,97,train,train,train,train,train,val,train,train,train,test,,train,0.4399999999999999,0.24946617
2880,2020_Townsend,CC(C)C[C@@H]1NC(=O)[C@H](C)NC(=O)[C@H](Cc2ccccc2)NC(=O)CN(Cc2ccccc2)C(=O)[C@@H]2CCCN2C(=O)[C@@H](CC(C)C)NC1=O,hexa_366,2880,-5.68,6,6,Circle,0.182293,0.0554102,-42.1865,8.029,6.721,1.308,0.136602,0.0416337,8.292,7.082,1.21,56,99,train,train,train,train,train,test,val,train,val,test,,train,0.1600000000000001,-0.092531964
2875,2020_Townsend,CC(C)C[C@H]1C(=O)N[C@H](CC(C)C)C(=O)N2CCC[C@H]2C(=O)N(C)[C@@H](CC(C)C)C(=O)N[C@@H](Cc2ccccc2)C(=O)N[C@@H](C)C(=O)N1C,hexa_361,2875,-5.25,6,6,Circle,0.155657,0.0491942,-22.4074,8.357,7.336,1.021,0.198376,0.0948005,8.399,7.295,1.104,55,47,train,train,train,train,train,test,train,train,train,test,,train,0.375,0.26211622
2865,2020_Townsend,CC(C)C[C@H]1C(=O)N2CCC[C@H]2C(=O)N[C@H](CC(C)C)C(=O)N[C@@H](Cc2ccccc2)C(=O)N[C@@H](C)C(=O)N(C)[C@H](CC(C)C)C(=O)N1C,hexa_351,2865,-5.61,6,6,Circle,0.11707,0.034706,-23.1098,8.365,7.205,1.16,0.113353,0.0390869,8.339,7.265,1.074,61,20,train,val,train,train,test,train,train,test,train,test,,train,0.1949999999999998,0.11014719
2862,2020_Townsend,CC(C)C[C@H]1NC(=O)[C@H](C)NC(=O)[C@H](Cc2ccccc2)NC(=O)[C@@H](CC(C)C)N(C)C(=O)[C@@H]2CCCN2C(=O)[C@@H](CC(C)C)N(C)C1=O,hexa_348,2862,-5.41,6,6,Circle,0.21369,0.0732913,-22.058,8.194,7.112,1.082,0.178595,0.0803527,8.104,6.985,1.119,82,98,train,val,train,train,train,train,train,train,train,test,,train,0.2949999999999999,0.24546665
2854,2020_Townsend,CC(C)C[C@@H]1NC(=O)[C@H](C)NC(=O)[C@H](Cc2ccccc2)NC(=O)[C@@H](CC(C)C)NC(=O)[C@@H]2CCCN2C(=O)[C@H](CC(C)C)N(C)C1=O,hexa_340,2854,-10.0,6,6,Circle,0.103769,0.0434413,-31.7528,8.384,7.05,1.334,0.247051,0.138076,8.054,6.853,1.201,84,46,train,train,test,train,train,train,train,train,train,test,,train,-1.0,-0.366592
2841,2020_Townsend,CC(C)C[C@@H]1NC(=O)[C@H](C)NC(=O)[C@H](Cc2ccccc2)NC(=O)[C@@H](CC(C)C)NC(=O)[C@@H]2CCCN2C(=O)[C@@H](CC(C)C)NC1=O,hexa_327,2841,-6.23,6,6,Circle,0.175148,0.0620475,-36.1437,8.401,6.951,1.45,0.236505,0.100304,7.909,6.733,1.176,30,6,train,train,train,test,train,test,train,train,train,test,,train,-0.1150000000000002,-0.2857365
2831,2020_Townsend,CCCN1CC(=O)N[C@H](CC(C)C)C(=O)N(Cc2ccccc2)CC(=O)N2CCC[C@H]2C(=O)N(Cc2ccccc2)CC(=O)N[C@@H](Cc2ccccc2)C1=O,hexa_317,2831,-5.83,6,6,Circle,0.21461,0.0717747,-33.5052,8.941,7.798,1.143,0.207094,0.0709123,8.65,7.632,1.018,65,14,train,train,train,val,train,val,train,train,train,test,,train,0.0849999999999999,0.27453017
2803,2020_Townsend,CCCN1CC(=O)N[C@H](CC(C)C)C(=O)N[C@@H](CC(C)C)C(=O)N2CCC[C@H]2C(=O)N(Cc2ccccc2)CC(=O)N[C@@H](Cc2ccccc2)C1=O,hexa_289,2803,-5.5,6,6,Circle,0.202043,0.0702002,-23.8074,8.598,7.459,1.139,0.159057,0.0445534,8.396,7.317,1.079,54,20,train,test,train,val,train,train,train,train,train,test,,train,0.25,0.29629996
2789,2020_Townsend,CCCN1CC(=O)N(C)[C@H](CC(C)C)C(=O)N(C)[C@H](CC(C)C)C(=O)N2CCC[C@H]2C(=O)N[C@H](CC(C)C)C(=O)N[C@@H](Cc2ccccc2)C1=O,hexa_275,2789,-4.8,6,6,Circle,0.15268,0.0390494,-17.5018,8.283,7.378,0.905,0.107922,0.0363037,8.4,7.569,0.831,100,90,train,train,train,test,train,test,train,train,train,test,,train,0.6000000000000001,0.3858592
2770,2020_Townsend,CCCN1CC(=O)N[C@H](CC(C)C)C(=O)N[C@H](CC(C)C)C(=O)N2CCC[C@H]2C(=O)N[C@@H](CC(C)C)C(=O)N[C@@H](Cc2ccccc2)C1=O,hexa_256,2770,-5.08,6,6,Circle,0.157795,0.0448752,-22.6135,8.236,7.073,1.163,0.205994,0.104068,8.17,7.106,1.064,93,8,val,train,train,val,val,train,test,test,val,test,,val,0.4599999999999999,-0.023824733
2765,2020_Townsend,CCCN1CC(=O)N[C@H](CC(C)C)C(=O)N[C@@H](Cc2ccccc2)CC(=O)N2CCC[C@@H]2C(=O)N(Cc2ccccc2)CC(=O)N[C@@H](Cc2ccccc2)C1=O,hexa_251,2765,-5.19,6,6,Circle,0.172743,0.0540042,-30.3721,8.634,7.572,1.062,0.168582,0.0477737,8.826,7.798,1.028,70,10,train,train,train,train,train,train,val,train,train,test,,train,0.4049999999999998,0.08112684
2752,2020_Townsend,CCCN1CC(=O)N(Cc2ccccc2)CC(=O)N(C)[C@H](CC(C)C)C(=O)N2CCC[C@@H]2C(=O)N(C)[C@H](CC(C)C)C(=O)N[C@@H](Cc2ccccc2)C1=O,hexa_238,2752,-5.54,6,6,Circle,0.131355,0.0440289,-33.0508,8.87,7.751,1.119,0.16286,0.0594175,8.847,7.729,1.118,23,69,test,test,train,test,train,train,test,train,train,test,,test,0.2299999999999999,0.1123482
2739,2020_Townsend,CCCN1CC(=O)N(C)[C@H](CC(C)C)C(=O)N(C)[C@@H](CC(C)C)C(=O)N2CCC[C@@H]2C(=O)N(C)[C@H](CC(C)C)C(=O)N[C@@H](Cc2ccccc2)C1=O,hexa_225,2739,-5.09,6,6,Circle,0.140523,0.0455287,-18.4989,8.601,7.526,1.075,0.1154,0.0390952,8.554,7.713,0.841,37,67,train,train,train,val,train,train,train,train,val,test,,train,0.455,0.52578515
2715,2020_Townsend,CCCN1CC(=O)N(C)[C@@H](CC(C)C)C(=O)N[C@H](CC(C)C)C(=O)N2CCC[C@@H]2C(=O)N(C)[C@H](CC(C)C)C(=O)N[C@@H](Cc2ccccc2)C1=O,hexa_201,2715,-5.16,6,6,Circle,0.151126,0.0364579,-17.0668,8.672,7.778,0.894,0.139652,0.0431119,8.569,7.359,1.21,67,22,train,train,train,train,train,train,train,train,train,test,,train,0.4199999999999999,0.5312202
2703,2020_Townsend,CCCN1CC(=O)N(C)[C@@H](CC(C)C)C(=O)N[C@H](CC(C)C)C(=O)N2CCC[C@@H]2C(=O)N[C@H](CC(C)C)C(=O)N[C@@H](Cc2ccccc2)C1=O,hexa_189,2703,-5.19,6,6,Circle,0.11818,0.0351634,-21.9618,8.561,7.551,1.01,0.116211,0.0432408,8.553,7.512,1.041,13,25,train,train,train,val,val,val,train,train,train,test,,train,0.4049999999999998,0.36875975
2676,2020_Townsend,CC(C)C[C@H]1C(=O)N(C)[C@@H](CC(C)C)C(=O)N2CCC[C@H]2C(=O)N(Cc2ccccc2)CC(=O)N[C@@H](Cc2ccccc2)C(=O)N[C@@H](Cc2ccccc2)CC(=O)N1C,hexa_162,2676,-5.23,6,6,Circle,0.148582,0.0432298,-19.7062,8.769,7.946,0.823,0.163586,0.0431381,9.605,8.657,0.948,50,83,train,train,train,train,train,train,train,train,train,test,,train,0.3849999999999998,0.4034509
2672,2020_Townsend,CC(C)C[C@H]1C(=O)N(C)[C@H](CC(C)C)C(=O)N2CCC[C@H]2C(=O)N(Cc2ccccc2)CC(=O)N[C@@H](Cc2ccccc2)C(=O)N[C@@H](Cc2ccccc2)CC(=O)N1C,hexa_158,2672,-5.52,6,6,Circle,0.189985,0.0405206,-22.2431,9.815,8.741,1.074,0.160613,0.0344004,9.375,8.32,1.055,10,13,train,train,train,train,train,train,train,train,train,test,,train,0.2400000000000002,0.1983251
2651,2020_Townsend,CC(C)C[C@H]1C(=O)N(Cc2ccccc2)CC(=O)N2CCC[C@H]2C(=O)N[C@H](CC(C)C)C(=O)N[C@@H](Cc2ccccc2)C(=O)N[C@@H](Cc2ccccc2)CC(=O)N1C,hexa_137,2651,-5.93,6,6,Circle,0.157546,0.0444653,-26.5781,8.935,7.779,1.156,0.195658,0.0737898,9.167,7.984,1.183,32,69,train,train,train,train,train,train,train,train,train,test,,train,0.0350000000000001,0.12612715
2649,2020_Townsend,CC(C)C[C@H]1NC(=O)[C@@H](CC(C)C)N(C)C(=O)C[C@H](Cc2ccccc2)NC(=O)[C@H](Cc2ccccc2)NC(=O)CN(Cc2ccccc2)C(=O)[C@@H]2CCCN2C1=O,hexa_135,2649,-5.31,6,6,Circle,0.197246,0.0584785,-23.9783,8.96,7.865,1.095,0.149639,0.0394586,8.59,7.483,1.107,50,74,train,val,train,train,train,train,train,train,train,test,,train,0.3450000000000002,0.2984529
2632,2020_Townsend,CC(C)C[C@H]1C(=O)N[C@@H](Cc2ccccc2)C(=O)N[C@@H](Cc2ccccc2)CC(=O)N[C@H](CC(C)C)C(=O)N(C)[C@@H](CC(C)C)C(=O)N2CCC[C@H]2C(=O)N1C,hexa_118,2632,-5.02,6,6,Circle,0.144092,0.0444167,-18.6384,8.946,7.985,0.961,0.165121,0.0572213,8.925,7.968,0.957,94,47,train,train,train,train,train,test,train,train,train,test,,train,0.4900000000000002,0.36854723
2628,2020_Townsend,CC(C)C[C@@H]1NC(=O)[C@@H](CC(C)C)N(C)C(=O)C[C@H](Cc2ccccc2)NC(=O)[C@H](Cc2ccccc2)NC(=O)[C@@H](CC(C)C)N(C)C(=O)[C@@H]2CCCN2C1=O,hexa_114,2628,-5.24,6,6,Circle,0.218778,0.0622226,-20.0345,9.379,8.316,1.063,0.169232,0.0563133,9.371,8.343,1.028,40,52,test,train,train,train,train,train,train,train,train,test,,test,0.3799999999999999,0.44721198
2626,2020_Townsend,CC(C)C[C@H]1C(=O)N[C@@H](Cc2ccccc2)C(=O)N[C@@H](Cc2ccccc2)CC(=O)N(C)[C@H](CC(C)C)C(=O)N[C@H](CC(C)C)C(=O)N2CCC[C@H]2C(=O)N1C,hexa_112,2626,-5.11,6,6,Circle,0.184002,0.0614884,-19.838,8.923,7.967,0.956,0.18341,0.0393034,9.098,8.156,0.942,29,61,val,train,train,train,test,val,train,train,train,test,,val,0.4449999999999998,0.37241212
2607,2020_Townsend,CC(C)C[C@@H]1NC(=O)[C@@H](CC(C)C)NC(=O)C[C@H](Cc2ccccc2)NC(=O)[C@H](Cc2ccccc2)NC(=O)[C@@H](CC(C)C)N(C)C(=O)[C@@H]2CCCN2C1=O,hexa_93,2607,-5.65,6,6,Circle,0.181699,0.0466632,-25.0586,9.411,8.236,1.175,0.128599,0.0391473,8.889,7.771,1.118,59,86,train,test,test,train,train,val,train,train,train,test,,train,0.1749999999999998,0.16999176
2603,2020_Townsend,CC(C)C[C@H]1NC(=O)[C@@H]2CCCN2C(=O)[C@@H](CC(C)C)NC(=O)[C@@H](CC(C)C)N(C)C(=O)C[C@H](Cc2ccccc2)NC(=O)[C@H](Cc2ccccc2)NC1=O,hexa_89,2603,-5.19,6,6,Circle,0.157658,0.0462296,-30.5409,9.355,8.195,1.16,0.145248,0.0551195,9.169,7.822,1.347,60,89,train,train,test,train,train,train,val,train,train,test,,train,0.4049999999999998,0.2693006
2583,2020_Townsend,CC(C)C[C@@H]1NC(=O)C[C@H](Cc2ccccc2)NC(=O)[C@H](Cc2ccccc2)NC(=O)[C@H](CC(C)C)N(C)C(=O)[C@H]2CCCN2C(=O)C[C@H](Cc2ccccc2)NC1=O,hexa_69,2583,-5.37,6,6,Circle,0.167534,0.0409881,-31.049,9.329,8.101,1.228,0.180637,0.0678088,9.578,8.431,1.147,34,34,val,train,train,train,train,train,train,train,train,test,,val,0.3149999999999999,0.3539688
2567,2020_Townsend,CC(C)C[C@@H]1NC(=O)C[C@H](Cc2ccccc2)NC(=O)[C@H](Cc2ccccc2)NC(=O)[C@@H](CC(C)C)NC(=O)[C@H]2CCCN2C(=O)C[C@H](Cc2ccccc2)NC1=O,hexa_53,2567,-4.97,6,6,Circle,0.196171,0.0395219,-25.1375,8.588,7.387,1.201,0.151132,0.040146,9.045,8.0,1.045,65,90,train,train,train,train,train,test,train,train,train,test,,train,0.5150000000000001,0.571183
2563,2020_Townsend,CC(C)C[C@H]1NC(=O)[C@H]2CCCN2C(=O)CN(Cc2ccccc2)C(=O)[C@@H](CC(C)C)N(C)C(=O)C[C@H](Cc2ccccc2)NC(=O)[C@H](Cc2ccccc2)NC1=O,hexa_49,2563,-5.63,6,6,Circle,0.167198,0.0499204,-28.7868,8.719,7.838,0.881,0.172167,0.0402678,9.478,8.243,1.235,8,23,train,train,train,train,train,train,train,train,test,test,,train,0.185,0.26475477
2550,2020_Townsend,CC(C)C[C@H]1C(=O)N2CCC[C@@H]2C(=O)N(C)[C@@H](CC(C)C)C(=O)N[C@@H](Cc2ccccc2)C(=O)N[C@@H](Cc2ccccc2)CC(=O)N[C@H](CC(C)C)C(=O)N1C,hexa_36,2550,-5.5,6,6,Circle,0.137211,0.0333191,-23.3841,8.916,7.839,1.077,0.199467,0.0695833,9.067,8.037,1.03,38,53,train,train,train,test,train,train,test,train,train,test,,train,0.25,0.18836223
2534,2020_Townsend,CC(C)C[C@@H]1NC(=O)[C@@H](CC(C)C)NC(=O)C[C@H](Cc2ccccc2)NC(=O)[C@H](Cc2ccccc2)NC(=O)[C@H](CC(C)C)N(C)C(=O)[C@H]2CCCN2C1=O,hexa_20,2534,-5.12,6,6,Circle,0.171655,0.0439656,-26.7661,8.999,7.942,1.057,0.143274,0.0416277,9.23,8.03,1.2,44,61,train,test,train,val,train,val,train,train,train,test,,train,0.4399999999999999,0.42808568
2517,2020_Townsend,CC(C)C[C@@H]1NC(=O)[C@@H](CC(C)C)NC(=O)C[C@H](Cc2ccccc2)NC(=O)[C@H](Cc2ccccc2)NC(=O)[C@@H](CC(C)C)NC(=O)[C@H]2CCCN2C1=O,hexa_3,2517,-5.03,6,6,Circle,0.159228,0.0484344,-27.3304,8.891,7.66,1.231,0.181145,0.0537404,8.736,7.747,0.989,38,14,train,train,train,train,train,train,train,train,train,test,,train,0.4849999999999999,0.44098365
2516,2020_Townsend,CC(C)C[C@@H]1NC(=O)C[C@H](Cc2ccccc2)NC(=O)[C@H](Cc2ccccc2)NC(=O)[C@@H](CC(C)C)NC(=O)[C@H]2CCCN2C(=O)[C@@H](CC(C)C)NC1=O,hexa_2,2516,-6.02,6,6,Circle,0.138522,0.0494498,-21.8828,8.514,7.332,1.182,0.200309,0.0732378,8.738,7.593,1.145,63,32,train,test,train,train,train,train,train,train,train,test,,train,-0.0099999999999997,0.23366793
2328,2018_Naylor,CC(C)C[C@@H]1NC(=O)[C@H](Cc2ccc(O)cc2)N(C)C(=O)[C@H]2CCCN2C(=O)[C@H](CC(C)C)NC(=O)[C@H](CC(C)C)N(C)C(=O)[C@@H](CC(C)C)N(C)C1=O,1NMe3-6Tyr(34),25,-5.52,6,6,Circle,0.170966,0.0559001,-26.4993,9.225,8.278,0.947,0.151633,0.0488316,9.034,8.25,0.784,33,84,train,train,train,train,train,train,train,train,train,test,,train,0.2400000000000002,-0.10956158
2315,2018_Naylor,CC(C)C[C@@H]1NC(=O)[C@H](Cc2ccccc2)N(C)C(=O)[C@H]2CCCN2C(=O)[C@H](CC(C)C)NC(=O)[C@H](CC(C)C)N(C)C(=O)[C@@H](CC(C)C)N(C)C1=O,1NMe3-6F(21),2315,-6.16,6,6,Circle,0.174612,0.0645442,-19.7353,9.237,8.13,1.107,0.165575,0.0710635,9.253,8.274,0.979,44,51,train,train,train,train,train,train,test,train,train,test,,train,-0.08,-0.085028276
2311,2018_Naylor,CC(C)C[C@@H]1NC(=O)[C@H](Cc2ccccc2)N(C)C(=O)[C@H]2CCCN2C(=O)[C@H](CC(C)C)NC(=O)[C@H](CC(C)C)N(C)C(=O)[C@@H](C)N(C)C1=O,1NMe3-2Ala6F(17),2311,-5.03,6,6,Circle,0.181491,0.0518385,-27.5701,8.568,7.437,1.131,0.136466,0.0358351,8.446,7.392,1.054,63,19,train,train,train,train,train,train,train,train,train,test,,train,0.4849999999999999,0.41277134
1817,2016_Furukawa,CCCC[C@@H]1NC(=O)[C@@H](CC(C)C)NC(=O)CN(CC2CCCCC2)C(=O)[C@@H](Cc2ccccc2)NC(=O)CN(CCCOC(C)C)C(=O)[C@H]2CCCN2C1=O,2.8-14H,1817,-5.16,6,6,Circle,0.202661,0.0663516,-21.8944,9.396,8.234,1.162,0.159325,0.0434662,9.359,8.071,1.288,84,49,train,train,train,train,train,test,test,train,train,test,,train,0.4199999999999999,0.42261517
1816,2016_Furukawa,CCCCCN1CC(=O)N[C@H](CC(C)C)C(=O)N[C@@H](CCCC)C(=O)N2CCC[C@@H]2C(=O)N(CCCOC(C)C)CC(=O)N[C@H](Cc2ccccc2)C1=O,2.8-13H,1816,-5.03,6,6,Circle,0.181262,0.0565368,-23.5764,8.727,7.494,1.233,0.134443,0.0327449,8.931,7.833,1.098,7,65,train,train,train,train,train,train,train,train,train,test,,train,0.4849999999999999,0.5049968
1814,2016_Furukawa,CCCC[C@@H]1NC(=O)[C@@H](CC(C)C)NC(=O)CN(CC2CCCCC2)C(=O)[C@@H](C)NC(=O)CN(Cc2ccc3c(c2)OCO3)C(=O)[C@H]2CCCN2C1=O,2.8-11H,1814,-5.19,6,6,Circle,0.117439,0.0354104,-27.9954,8.085,6.651,1.434,0.130327,0.0792095,8.269,6.833,1.436,95,23,train,train,val,train,train,train,train,train,train,test,,train,0.4049999999999998,0.26722592
1805,2016_Furukawa,CCCC[C@@H]1NC(=O)[C@@H](CC(C)C)NC(=O)CN(CC2CCCCC2)C(=O)[C@@H](C)NC(=O)CN(CC)C(=O)[C@H]2CCCN2C1=O,2.8-02H,1805,-6.0,6,6,Circle,0.130373,0.0668836,-24.5112,7.445,6.12,1.325,0.0863639,0.0350686,7.396,6.22,1.176,6,97,train,train,train,train,train,val,train,train,train,test,,train,0.0,-0.027388547
1803,2016_Furukawa,CCCC[C@@H]1NC(=O)[C@@H](CC(C)C)N(C)C(=O)CN(CC2CCOCC2)C(=O)[C@@H](Cc2ccccc2)NC(=O)CN(Cc2ccc3c(c2)OCO3)C(=O)[C@H]2CCCN2C1=O,2.8-18Me,1803,-5.29,6,6,Circle,0.208143,0.0767419,-32.0433,9.233,7.819,1.414,0.128156,0.0381882,9.053,7.655,1.398,45,30,train,train,train,train,train,train,train,train,val,test,,train,0.355,0.25709647
1783,2016_Furukawa,CCCCCN1CC(=O)N[C@H](CC(C)C)C(=O)N[C@@H](CCCC)C(=O)N2CCC[C@H]2C(=O)N(Cc2ccc3c(c2)OCO3)CC(=O)N[C@H](Cc2ccccc2)C1=O,2.7-16H,1783,-5.12,6,6,Circle,0.191192,0.0421243,-34.4445,9.137,7.831,1.306,0.232998,0.0695748,8.954,7.579,1.375,56,76,train,train,train,train,test,train,val,train,train,test,,train,0.4399999999999999,0.24662717
1779,2016_Furukawa,CCCC[C@@H]1NC(=O)[C@@H](CC(C)C)NC(=O)CN(CC2CCOCC2)C(=O)[C@@H](C)NC(=O)CN(Cc2ccc3c(c2)OCO3)C(=O)[C@@H]2CCCN2C1=O,2.7-12H,1779,-6.64,6,6,Circle,0.146803,0.0427257,-32.8717,8.436,6.918,1.518,0.216343,0.067889,8.627,7.029,1.598,83,79,train,test,train,test,train,train,train,train,train,test,,train,-0.3199999999999998,-0.584248
1778,2016_Furukawa,CCCC[C@@H]1NC(=O)[C@@H](CC(C)C)NC(=O)CN(CC2CCCCC2)C(=O)[C@@H](C)NC(=O)CN(Cc2ccc3c(c2)OCO3)C(=O)[C@@H]2CCCN2C1=O,2.7-11H,1778,-5.42,6,6,Circle,0.144443,0.0438936,-28.8715,8.589,7.175,1.414,0.192557,0.0623533,8.8,7.294,1.506,88,95,train,train,train,train,train,val,train,val,train,test,,train,0.29,0.36054742
1777,2016_Furukawa,CCCCCN1CC(=O)N[C@H](CC(C)C)C(=O)N[C@@H](CCCC)C(=O)N2CCC[C@H]2C(=O)N(Cc2ccc3c(c2)OCO3)CC(=O)N[C@H](C)C1=O,2.7-10H,1777,-5.68,6,6,Circle,0.194971,0.0699496,-28.8047,8.398,6.911,1.487,0.212068,0.0607736,8.541,7.033,1.508,65,5,test,train,test,train,train,train,train,train,train,test,,test,0.1600000000000001,0.19192234
1768,2016_Furukawa,CCCCCN1CC(=O)N[C@H](CC(C)C)C(=O)N[C@@H](CCCC)C(=O)N2CCC[C@H]2C(=O)N(CC)CC(=O)N[C@H](C)C1=O,2.7-01H,1768,-6.71,6,6,Circle,0.162054,0.0702825,-22.3305,7.543,6.281,1.262,0.169113,0.0688951,7.419,6.184,1.235,46,65,val,train,test,train,train,train,train,test,train,test,,val,-0.355,-0.308063
1758,2016_Furukawa,CCCC[C@@H]1NC(=O)[C@@H](CC(C)C)N(C)C(=O)CN(CC2CCOCC2)C(=O)[C@@H](Cc2ccccc2)NC(=O)CN(CC)C(=O)[C@@H]2CCCN2C1=O,2.7-09Me,1758,-6.22,6,6,Circle,0.123198,0.0395242,-24.3617,8.679,7.479,1.2,0.124121,0.0330286,8.656,7.485,1.171,30,31,train,train,train,train,train,test,train,train,train,test,,train,-0.1099999999999998,-0.14433883
1751,2016_Furukawa,CCCC[C@@H]1NC(=O)[C@@H](CC(C)C)N(C)C(=O)CN(CC2CCCCC2)C(=O)[C@@H](C)NC(=O)CN(CC)C(=O)[C@@H]2CCCN2C1=O,2.7-02Me,1751,-5.75,6,6,Circle,0.107965,0.0398236,-20.4643,8.001,6.838,1.163,0.0889469,0.0317416,7.998,6.854,1.144,61,60,train,val,test,train,val,train,train,train,train,test,,train,0.125,0.28703943
1749,2016_Furukawa,CCCC[C@@H]1NC(=O)[C@@H](CC(C)C)NC(=O)CN(CC2CCOCC2)C(=O)[C@H](Cc2ccccc2)NC(=O)CN(Cc2ccc3c(c2)OCO3)C(=O)[C@H]2CCCN2C1=O,2.6-18H,1749,-5.06,6,6,Circle,0.186394,0.0607485,-28.1813,9.147,7.644,1.503,0.166092,0.0487091,9.112,7.667,1.445,5,68,train,train,train,train,train,val,train,train,train,test,,train,0.4700000000000002,0.25267568
1746,2016_Furukawa,CCCC[C@@H]1NC(=O)[C@@H](CC(C)C)NC(=O)CN(CC2CCOCC2)C(=O)[C@H](Cc2ccccc2)NC(=O)CN(CCCOC(C)C)C(=O)[C@H]2CCCN2C1=O,2.6-15H,1746,-5.34,6,6,Circle,0.158294,0.0408321,-31.6359,9.121,7.737,1.384,0.151986,0.0454595,9.153,7.918,1.235,54,14,train,train,train,test,train,train,train,train,train,test,,train,0.33,0.41595724
1736,2016_Furukawa,CCCCCN1CC(=O)N[C@H](CC(C)C)C(=O)N[C@@H](CCCC)C(=O)N2CCC[C@@H]2C(=O)N(CC)CC(=O)N[C@@H](Cc2ccccc2)C1=O,2.6-05H,1736,-4.81,6,6,Circle,0.167326,0.0633617,-21.2483,8.206,6.967,1.239,0.141409,0.0416474,8.37,7.296,1.074,32,81,train,train,train,train,train,val,train,train,val,test,,train,0.5950000000000002,0.48560518
1725,2016_Furukawa,CCCC[C@@H]1NC(=O)[C@@H](CC(C)C)N(C)C(=O)CN(CC2CCOCC2)C(=O)[C@H](C)NC(=O)CN(Cc2ccc3c(c2)OCO3)C(=O)[C@H]2CCCN2C1=O,2.6-12Me,1725,-5.47,6,6,Circle,0.18388,0.0766923,-27.7171,8.783,7.342,1.441,0.0973682,0.0362202,8.651,7.265,1.386,2,96,test,train,train,test,train,train,train,train,train,test,,test,0.2650000000000001,0.23556356
1716,2016_Furukawa,CCCC[C@@H]1NC(=O)[C@@H](CC(C)C)N(C)C(=O)CN(CC2CCOCC2)C(=O)[C@H](C)NC(=O)CN(CC)C(=O)[C@H]2CCCN2C1=O,2.6-03Me,1716,-6.6,6,6,Circle,0.124242,0.0539108,-24.0273,7.841,6.627,1.214,0.103006,0.0449044,7.745,6.568,1.177,89,39,train,train,train,train,train,test,val,train,val,test,,train,-0.2999999999999998,-0.293156
1712,2016_Furukawa,CCCC[C@@H]1NC(=O)[C@@H](CC(C)C)NC(=O)CN(CC2CCCCC2)C(=O)[C@H](Cc2ccccc2)NC(=O)CN(Cc2ccc3c(c2)OCO3)C(=O)[C@@H]2CCCN2C1=O,2.5-17H,1712,-5.61,6,6,Circle,0.164359,0.0514164,-25.9688,8.93,7.687,1.243,0.179967,0.0461965,9.39,8.044,1.346,45,5,train,train,train,train,train,train,val,train,train,test,,train,0.1949999999999998,0.38168854
1710,2016_Furukawa,CCCC[C@@H]1NC(=O)[C@@H](CC(C)C)NC(=O)CN(CC2CCOCC2)C(=O)[C@H](Cc2ccccc2)NC(=O)CN(CCCOC(C)C)C(=O)[C@@H]2CCCN2C1=O,2.5-15H,1710,-5.56,6,6,Circle,0.19861,0.0635615,-26.7504,9.545,8.197,1.348,0.208935,0.0631925,9.162,7.939,1.223,92,68,train,train,train,train,val,train,train,train,train,test,,train,0.2200000000000002,0.37064913
1676,2016_Furukawa,CCCC[C@@H]1NC(=O)[C@H](CC(C)C)NC(=O)CN(CC2CCCCC2)C(=O)[C@@H](Cc2ccccc2)NC(=O)CN(Cc2ccc3c(c2)OCO3)C(=O)[C@H]2CCCN2C1=O,2.4-17H,1676,-5.62,6,6,Circle,0.210538,0.0677472,-29.5949,9.326,7.774,1.552,0.201979,0.0436241,9.244,7.988,1.256,74,69,train,train,train,train,train,train,train,test,train,test,,train,0.1899999999999999,-0.1938123
1672,2016_Furukawa,CCCCCN1CC(=O)N[C@@H](CC(C)C)C(=O)N[C@@H](CCCC)C(=O)N2CCC[C@@H]2C(=O)N(CCCOC(C)C)CC(=O)N[C@H](Cc2ccccc2)C1=O,2.4-13H,1672,-5.19,6,6,Circle,0.169417,0.0520105,-27.3052,9.099,7.974,1.125,0.154857,0.0427938,9.165,8.088,1.077,33,95,train,train,train,train,train,train,train,train,train,test,,train,0.4049999999999998,0.41681007
1640,2016_Furukawa,CCCC[C@@H]1NC(=O)[C@H](CC(C)C)NC(=O)CN(CC2CCCCC2)C(=O)[C@@H](Cc2ccccc2)NC(=O)CN(Cc2ccc3c(c2)OCO3)C(=O)[C@@H]2CCCN2C1=O,2.3-17H,1640,-5.64,6,6,Circle,0.128144,0.0421068,-25.5733,8.986,7.847,1.139,0.173177,0.0432749,9.065,7.861,1.204,63,68,train,train,val,train,train,train,train,train,train,test,,train,0.1800000000000001,0.39287087
1629,2016_Furukawa,CCCC[C@@H]1NC(=O)[C@H](CC(C)C)NC(=O)CN(CC2CCCCC2)C(=O)[C@@H](C)NC(=O)CN(CCCOC(C)C)C(=O)[C@@H]2CCCN2C1=O,2.3-06H,1629,-5.96,6,6,Circle,0.142613,0.0431356,-25.0426,9.108,7.721,1.387,0.1747,0.0642571,8.491,7.431,1.06,37,28,train,val,train,train,train,val,train,test,val,test,,train,0.02,0.16283254
1627,2016_Furukawa,CCCCCN1CC(=O)N[C@@H](CC(C)C)C(=O)N[C@@H](CCCC)C(=O)N2CCC[C@H]2C(=O)N(CCCOC(C)C)CC(=O)N[C@H](C)C1=O,2.3-04H,1627,-6.45,6,6,Circle,0.144427,0.0368193,-28.4863,8.477,7.178,1.299,0.146223,0.0321224,8.747,7.402,1.345,8,93,train,train,train,train,train,test,val,train,val,test,,train,-0.2250000000000001,-0.038741563
1625,2016_Furukawa,CCCC[C@@H]1NC(=O)[C@H](CC(C)C)NC(=O)CN(CC2CCCCC2)C(=O)[C@@H](C)NC(=O)CN(CC)C(=O)[C@@H]2CCCN2C1=O,2.3-02H,1625,-6.48,6,6,Circle,0.101581,0.0360228,-23.7013,7.926,6.607,1.319,0.0896197,0.030983,7.92,6.608,1.312,6,89,train,train,train,train,train,test,train,train,train,test,,train,-0.2400000000000002,-0.1500752
1614,2016_Furukawa,CCCC[C@@H]1NC(=O)[C@H](CC(C)C)N(C)C(=O)CN(CC2CCOCC2)C(=O)[C@@H](Cc2ccccc2)NC(=O)CN(CC)C(=O)[C@@H]2CCCN2C1=O,2.3-09Me,1614,-6.73,6,6,Circle,0.112532,0.0365909,-22.1864,8.62,7.384,1.236,0.116655,0.0301496,8.572,7.355,1.217,48,35,train,train,train,test,train,train,train,train,val,test,,train,-0.3650000000000002,-0.36792618
1599,2016_Furukawa,CCCC[C@@H]1NC(=O)[C@H](CC(C)C)NC(=O)CN(CC2CCOCC2)C(=O)[C@H](C)NC(=O)CN(Cc2ccc3c(c2)OCO3)C(=O)[C@H]2CCCN2C1=O,2.2-13H,1599,-6.34,6,6,Circle,0.113258,0.0440098,-34.1314,8.72,7.167,1.553,0.109104,0.044539,8.296,6.627,1.669,80,84,train,val,train,test,val,train,train,train,train,test,,train,-0.1699999999999999,-0.15403743
1587,2016_Furukawa,CCCC[C@@H]1NC(=O)[C@H](CC(C)C)N(C)C(=O)CN(CC2CCOCC2)C(=O)[C@H](Cc2ccccc2)NC(=O)CN(Cc2ccc3c(c2)OCO3)C(=O)[C@H]2CCCN2C1=O,2.2-18Me,1438,-5.19,6,6,Circle,0.115699,0.0388668,-23.6016,9.071,7.834,1.237,0.134853,0.037029,8.894,7.497,1.397,10,21,train,train,train,train,train,val,train,train,train,test,,train,0.4049999999999998,0.30039185
1582,2016_Furukawa,CCCCCN1CC(=O)N(C)[C@@H](CC(C)C)C(=O)N[C@@H](CCCC)C(=O)N2CCC[C@@H]2C(=O)N(CCCOC(C)C)CC(=O)N[C@@H](Cc2ccccc2)C1=O,2.2-13Me,1270,-5.48,6,6,Circle,0.160825,0.046953,-13.989,8.986,8.065,0.921,0.133569,0.0417903,9.141,8.125,1.016,58,77,train,train,train,train,val,val,train,train,test,test,,train,0.2599999999999998,0.2410594
1575,2016_Furukawa,CCCC[C@@H]1NC(=O)[C@H](CC(C)C)N(C)C(=O)CN(CC2CCCCC2)C(=O)[C@H](C)NC(=O)CN(CCCOC(C)C)C(=O)[C@H]2CCCN2C1=O,2.2-06Me,1257,-4.88,6,6,Circle,0.129189,0.0483147,-18.9315,8.284,7.162,1.122,0.126482,0.0492065,8.294,7.206,1.088,63,59,train,train,train,val,train,val,train,train,train,test,,train,0.56,0.57714766
1573,2016_Furukawa,CCCCCN1CC(=O)N(C)[C@@H](CC(C)C)C(=O)N[C@@H](CCCC)C(=O)N2CCC[C@@H]2C(=O)N(CCCOC(C)C)CC(=O)N[C@@H](C)C1=O,2.2-04Me,1255,-4.97,6,6,Circle,0.13371,0.0496182,-15.2325,8.255,7.198,1.057,0.115016,0.0396864,8.258,7.218,1.04,22,41,train,train,val,test,val,train,train,val,val,test,,train,0.5150000000000001,0.5576226
1551,2016_Furukawa,CCCC[C@@H]1NC(=O)[C@H](CC(C)C)N(C)C(=O)CN(CC2CCOCC2)C(=O)[C@H](Cc2ccccc2)NC(=O)CN(Cc2ccc3c(c2)OCO3)C(=O)[C@@H]2CCCN2C1=O,2.1-18Me,1551,-5.03,6,6,Circle,0.170063,0.0484441,-27.3244,9.057,7.736,1.321,0.221396,0.0584913,9.071,7.801,1.27,33,20,train,train,test,train,train,train,train,test,train,test,,train,0.4849999999999999,0.41024607
1546,2016_Furukawa,CCCCCN1CC(=O)N(C)[C@@H](CC(C)C)C(=O)N[C@@H](CCCC)C(=O)N2CCC[C@H]2C(=O)N(CCCOC(C)C)CC(=O)N[C@@H](Cc2ccccc2)C1=O,2.1-13Me,1546,-5.08,6,6,Circle,0.154908,0.0518423,-17.634,9.513,8.499,1.014,0.158949,0.0416653,9.715,8.617,1.098,55,58,train,train,train,train,train,test,train,train,train,test,,train,0.4599999999999999,0.40050063
1544,2016_Furukawa,CCCC[C@@H]1NC(=O)[C@H](CC(C)C)N(C)C(=O)CN(CC2CCCCC2)C(=O)[C@H](C)NC(=O)CN(Cc2ccc3c(c2)OCO3)C(=O)[C@@H]2CCCN2C1=O,2.1-11Me,1544,-4.93,6,6,Circle,0.171374,0.056901,-24.6823,8.55,7.301,1.249,0.157501,0.0419202,8.66,7.395,1.265,37,36,train,val,train,test,train,train,train,train,train,test,,train,0.5350000000000001,0.4922441
1540,2016_Furukawa,CCCC[C@@H]1NC(=O)[C@H](CC(C)C)N(C)C(=O)CN(CC2CCOCC2)C(=O)[C@H](C)NC(=O)CN(CCCOC(C)C)C(=O)[C@@H]2CCCN2C1=O,2.1-07Me,1540,-6.61,6,6,Circle,0.169823,0.0537426,-23.1693,8.774,7.546,1.228,0.151591,0.0533691,8.415,7.268,1.147,49,83,train,train,train,train,train,val,train,test,train,test,,train,-0.3050000000000001,-0.20324947
1535,2016_Furukawa,CCCC[C@@H]1NC(=O)[C@H](CC(C)C)N(C)C(=O)CN(CC2CCCCC2)C(=O)[C@H](C)NC(=O)CN(CC)C(=O)[C@@H]2CCCN2C1=O,2.1-02Me,1535,-5.15,6,6,Circle,0.178444,0.0778397,-19.4499,7.99,6.84,1.15,0.0926704,0.0495477,7.931,6.789,1.142,29,62,train,train,train,train,train,train,train,train,train,test,,train,0.4249999999999998,0.4450116
1522,2016_Furukawa,CCCC[C@@H]1NC(=O)[C@H](CC(C)C)N(C)C(=O)CN(CCOc2ccccc2)C(=O)[C@H](Cc2ccccc2)NC(=O)CN(Cc2ccccc2Cn2cccn2)C(=O)[C@H]2CCCN2C1=O,1.10-29,1522,-6.79,6,6,Circle,0.232243,0.0599248,-29.107,10.091,8.97,1.121,0.213223,0.0500734,10.248,9.045,1.203,57,18,train,train,train,test,train,train,train,train,train,test,,train,-0.395,-0.65385413
1516,2016_Furukawa,CCCC[C@@H]1NC(=O)[C@H](CC(C)C)N(C)C(=O)CN(CCCN2CCCC2=O)C(=O)[C@H](CC(C)C)NC(=O)CN(Cc2ccccc2Cn2cccn2)C(=O)[C@H]2CCCN2C1=O,1.10-23,1516,-6.3,6,6,Circle,0.211677,0.0491749,-33.9323,10.217,8.726,1.491,0.171997,0.0429449,9.462,8.142,1.32,48,78,train,train,train,train,train,val,train,test,train,test,,train,-0.1499999999999999,-0.12036343
1509,2016_Furukawa,CCCC[C@@H]1NC(=O)[C@H](CC(C)C)N(C)C(=O)CN(CC2CCOCC2)C(=O)[C@H](CC(C)C)NC(=O)CN(Cc2ccccc2Cn2cccn2)C(=O)[C@H]2CCCN2C1=O,1.10-16,1509,-5.38,6,6,Circle,0.17352,0.0422392,-26.4505,9.952,8.681,1.271,0.136639,0.0412252,9.56,8.427,1.133,81,99,train,test,train,train,train,train,train,train,train,test,,train,0.31,0.38938263
1504,2016_Furukawa,CCCC[C@@H]1NC(=O)[C@H](CC(C)C)N(C)C(=O)CN(CCCc2cnn(C)c2)C(=O)[C@H](C)NC(=O)CN(Cc2ccccc2Cn2cccn2)C(=O)[C@H]2CCCN2C1=O,1.10-11,1504,-6.66,6,6,Circle,0.236308,0.0444247,-29.9724,9.425,8.127,1.298,0.112113,0.0380654,9.007,7.952,1.055,74,10,val,train,train,train,train,train,test,train,train,test,,val,-0.33,-0.37500286
1503,2016_Furukawa,CCCC[C@@H]1NC(=O)[C@H](CC(C)C)N(C)C(=O)CN(CCOc2ccccc2)C(=O)[C@H](C)NC(=O)CN(Cc2ccccc2Cn2cccn2)C(=O)[C@H]2CCCN2C1=O,1.10-10,1503,-5.38,6,6,Circle,0.225355,0.0640578,-29.6141,9.504,8.278,1.226,0.17591,0.0423073,9.749,8.505,1.244,73,24,train,train,train,train,train,train,train,train,train,test,,train,0.31,0.30141813
1495,2016_Furukawa,CCCCCN1CC(=O)N(C)[C@@H](CC(C)C)C(=O)N[C@@H](CCCC)C(=O)N2CCC[C@@H]2C(=O)N(Cc2ccccc2Cn2cccn2)CC(=O)N[C@@H](C)C1=O,1.10-02,1495,-5.08,6,6,Circle,0.194517,0.0612558,-22.921,9.046,7.878,1.168,0.167348,0.0537328,8.882,7.83,1.052,97,72,train,train,train,train,val,train,train,val,train,test,,train,0.4599999999999999,0.23906069
1470,2016_Furukawa,CCCCCN1CC(=O)N(C)[C@@H](CC(C)C)C(=O)N[C@@H](CCCC)C(=O)N2CCC[C@@H]2C(=O)N(Cc2cc(CC(C)C)on2)CC(=O)N[C@@H](Cc2ccccc2)C1=O,1.9-17,1470,-6.99,6,6,Circle,0.219006,0.0498428,-19.653,9.438,8.163,1.275,0.135771,0.03845,9.123,7.944,1.179,41,66,train,train,train,train,train,train,test,train,train,test,,train,-0.4950000000000001,-0.7294136
1445,2016_Furukawa,CCCC[C@@H]1NC(=O)[C@H](CC(C)C)N(C)C(=O)CN(CCCN2CCCC2=O)C(=O)[C@H](Cc2ccccc2)NC(=O)CN(Cc2ccc3c(c2)OCO3)C(=O)[C@H]2CCCN2C1=O,1.8-32,1445,-5.86,6,6,Circle,0.187872,0.0397063,-31.355,9.484,8.026,1.458,0.152528,0.0400166,9.215,7.844,1.371,74,12,test,train,train,test,train,train,test,train,train,test,,test,0.0699999999999998,0.026933338
1441,2016_Furukawa,CCCC[C@@H]1NC(=O)[C@H](CC(C)C)N(C)C(=O)CN(CCCc2ccccc2)C(=O)[C@H](Cc2ccccc2)NC(=O)CN(Cc2ccc3c(c2)OCO3)C(=O)[C@H]2CCCN2C1=O,1.8-28,1441,-8.01,6,6,Circle,0.225096,0.0463766,-25.525,9.64,8.444,1.196,0.158294,0.0377313,9.308,8.183,1.125,83,12,train,train,train,train,train,train,train,train,train,test,,train,-1.0,-0.9883675
1438,2016_Furukawa,CCCC[C@@H]1NC(=O)[C@H](CC(C)C)N(C)C(=O)CN(CC2CCOCC2)C(=O)[C@H](Cc2ccccc2)NC(=O)CN(Cc2ccc3c(c2)OCO3)C(=O)[C@H]2CCCN2C1=O,1.8-25,1438,-5.46,6,6,Circle,0.179491,0.0525032,-29.3096,9.0,7.589,1.411,0.192094,0.0575508,9.452,8.17,1.282,68,98,train,train,train,train,train,train,test,train,train,test,,train,0.27,0.30039185
1428,2016_Furukawa,CCCC[C@@H]1NC(=O)[C@H](CC(C)C)N(C)C(=O)CN(CC2CCCCC2)C(=O)[C@H](CC(C)C)NC(=O)CN(Cc2ccc3c(c2)OCO3)C(=O)[C@H]2CCCN2C1=O,1.8-15,1428,-7.5,6,6,Circle,0.199059,0.0423614,-20.9246,9.278,8.018,1.26,0.11646,0.0391531,8.911,7.766,1.145,50,100,test,train,train,test,train,test,val,train,train,test,,test,-0.75,-0.39128563
1422,2016_Furukawa,CCCC[C@@H]1NC(=O)[C@H](CC(C)C)N(C)C(=O)CN(CCCc2ccccc2)C(=O)[C@H](C)NC(=O)CN(Cc2ccc3c(c2)OCO3)C(=O)[C@H]2CCCN2C1=O,1.8-09,1422,-5.27,6,6,Circle,0.20968,0.0426827,-27.1217,9.069,7.76,1.309,0.14429,0.0428517,8.863,7.619,1.244,46,45,train,train,val,train,train,train,train,train,train,test,,train,0.3650000000000002,0.113885686
1421,2016_Furukawa,CCCCCN1CC(=O)N(C)[C@@H](CC(C)C)C(=O)N[C@@H](CCCC)C(=O)N2CCC[C@@H]2C(=O)N(Cc2ccc3c(c2)OCO3)CC(=O)N[C@@H](CC(C)C)C1=O,1.8-08,1421,-6.56,6,6,Circle,0.198379,0.0551718,-23.6819,9.139,7.814,1.325,0.189063,0.0475419,9.025,7.786,1.239,58,73,train,train,train,train,train,val,train,train,train,test,,train,-0.2799999999999998,-0.10919033
1415,2016_Furukawa,CCCCCN1CC(=O)N(C)[C@@H](CC(C)C)C(=O)N[C@@H](CCCC)C(=O)N2CCC[C@@H]2C(=O)N(Cc2ccc3c(c2)OCO3)CC(=O)N[C@@H](C)C1=O,1.8-02,1415,-4.86,6,6,Circle,0.128094,0.0412633,-22.1868,8.473,7.221,1.252,0.192694,0.04437,8.513,7.21,1.303,91,64,train,train,train,train,train,train,train,train,test,test,,train,0.5699999999999998,0.53034884
1398,2016_Furukawa,CCCC[C@@H]1NC(=O)[C@H](CC(C)C)N(C)C(=O)CN(CC2CCOCC2)C(=O)[C@H](Cc2ccccc2)NC(=O)CN(CCCCc2ccccc2)C(=O)[C@H]2CCCN2C1=O,1.7-25,1398,-5.83,6,6,Circle,0.229823,0.057197,-20.9863,9.711,8.532,1.179,0.264694,0.0473937,10.126,9.028,1.098,70,89,train,train,val,train,train,train,train,train,train,test,,train,0.0849999999999999,-0.021868784
1393,2016_Furukawa,CCCC[C@@H]1NC(=O)[C@H](CC(C)C)N(C)C(=O)CN(CCOc2ccccc2)C(=O)[C@H](CC(C)C)NC(=O)CN(CCCCc2ccccc2)C(=O)[C@H]2CCCN2C1=O,1.7-20,1393,-7.39,6,6,Circle,0.201862,0.0419367,-19.7285,9.627,8.654,0.973,0.175978,0.0395968,9.514,8.562,0.952,29,55,train,train,train,test,train,train,train,train,train,test,,train,-0.6949999999999998,-0.6613172
1392,2016_Furukawa,CCCC[C@@H]1NC(=O)[C@H](CC(C)C)N(C)C(=O)CN(CCCc2ccccc2)C(=O)[C@H](CC(C)C)NC(=O)CN(CCCCc2ccccc2)C(=O)[C@H]2CCCN2C1=O,1.7-19,1392,-10.0,6,6,Circle,0.2083,0.0518521,-19.2603,9.694,8.749,0.945,0.196339,0.0461689,9.828,8.807,1.021,87,75,train,train,train,train,train,train,train,train,train,test,-8.0,test,-1.0,-0.9177794
1391,2016_Furukawa,CCCC[C@@H]1NC(=O)[C@H](CC(C)C)N(C)C(=O)CN(CCc2cccnc2)C(=O)[C@H](CC(C)C)NC(=O)CN(CCCCc2ccccc2)C(=O)[C@H]2CCCN2C1=O,1.7-18,1391,-5.68,6,6,Circle,0.21232,0.0559634,-24.2627,9.578,8.458,1.12,0.169732,0.0385138,9.444,8.403,1.041,63,19,train,train,train,test,train,val,test,train,train,test,,train,0.1600000000000001,0.17927216
1387,2016_Furukawa,CCCC[C@@H]1NC(=O)[C@H](CC(C)C)N(C)C(=O)CN(CCOC)C(=O)[C@H](Cc2ccccc2)NC(=O)CN(CCCCc2ccccc2)C(=O)[C@H]2CCCN2C1=O,1.7-14,1387,-6.3,6,6,Circle,0.210957,0.0448635,-23.3436,9.729,8.573,1.156,0.169369,0.0400292,9.43,8.415,1.015,47,63,val,train,train,train,test,test,train,val,train,test,,val,-0.1499999999999999,-0.194984
1386,2016_Furukawa,CCCC[C@@H]1NC(=O)[C@H](CC(C)C)N(C)C(=O)CN(Cc2ccccc2)C(=O)[C@H](CC(C)C)NC(=O)CN(CCCCc2ccccc2)C(=O)[C@H]2CCCN2C1=O,1.7-13,1386,-7.53,6,6,Circle,0.242294,0.0561931,-21.8037,9.459,8.425,1.034,0.17494,0.0440312,9.176,8.286,0.89,78,52,train,test,train,train,train,train,train,train,train,test,,train,-0.7650000000000001,-0.71183616
1382,2016_Furukawa,CCCC[C@@H]1NC(=O)[C@H](CC(C)C)N(C)C(=O)CN(CCCc2ccccc2)C(=O)[C@H](C)NC(=O)CN(CCCCc2ccccc2)C(=O)[C@H]2CCCN2C1=O,1.7-09,1382,-6.12,6,6,Circle,0.24147,0.0446211,-22.71,9.646,8.512,1.134,0.188618,0.0356742,8.922,8.002,0.92,9,34,val,train,val,train,train,val,train,train,train,test,,val,-0.06,-0.027318675
1373,2016_Furukawa,CCCC[C@@H]1NC(=O)[C@H](CC(C)C)N(C)C(=O)CN(CCCN2CCCC2=O)C(=O)[C@H](Cc2ccc3ccccc3c2)NC(=O)CN(Cc2ccc(Cl)cc2)C(=O)[C@H]2CCCN2C1=O,1.6-40,1373,-7.11,6,6,Circle,0.193193,0.0463261,-27.8095,10.126,8.761,1.365,0.122454,0.0376794,9.914,8.794,1.12,13,57,train,val,train,train,train,train,val,train,train,test,,train,-0.5550000000000002,-0.5739088
1337,2016_Furukawa,CCCC[C@@H]1NC(=O)[C@H](CC(C)C)N(C)C(=O)CN(CC2CCCCC2)C(=O)[C@H](C)NC(=O)CN(Cc2ccc(Cl)cc2)C(=O)[C@H]2CCCN2C1=O,1.6-04,1337,-6.01,6,6,Circle,0.137868,0.0424552,-17.6985,8.669,7.579,1.09,0.183626,0.0449629,8.661,7.573,1.088,4,36,train,train,train,train,val,train,train,train,test,test,,train,-0.0049999999999998,0.22046928
1334,2016_Furukawa,CCCC[C@@H]1NC(=O)[C@H](CC(C)C)N(C)C(=O)CN(CCOC)C(=O)[C@H](C)NC(=O)CN(Cc2ccc(Cl)cc2)C(=O)[C@H]2CCCN2C1=O,1.6-01,1334,-5.25,6,6,Circle,0.151638,0.050433,-22.3651,8.333,7.154,1.179,0.178241,0.0474761,8.258,7.066,1.192,22,18,train,val,val,train,train,train,train,train,train,test,,train,0.375,0.2821159
1328,2016_Furukawa,CCCC[C@@H]1NC(=O)[C@H](CC(C)C)N(C)C(=O)CN(CC2CCOCC2)C(=O)[C@H](Cc2ccc3ccccc3c2)NC(=O)CN(CCN2CCOCC2)C(=O)[C@H]2CCCN2C1=O,1.5-35,1328,-5.84,6,6,Circle,0.150957,0.0422608,-26.8146,9.783,8.444,1.339,0.147592,0.0359422,9.481,8.306,1.175,53,9,val,train,val,train,train,train,train,train,train,test,,val,0.08,0.08190298
1327,2016_Furukawa,CCCC[C@@H]1NC(=O)[C@H](CC(C)C)N(C)C(=O)CN(CC2CCCCC2)C(=O)[C@H](Cc2ccc3ccccc3c2)NC(=O)CN(CCN2CCOCC2)C(=O)[C@H]2CCCN2C1=O,1.5-34,1327,-6.42,6,6,Circle,0.129984,0.0426177,-25.4565,9.987,8.73,1.257,0.148339,0.0415615,9.627,8.547,1.08,8,49,val,test,val,train,test,train,train,val,train,test,,val,-0.2099999999999999,-0.039471988
1325,2016_Furukawa,CCCC[C@@H]1NC(=O)[C@H](CC(C)C)N(C)C(=O)CN(CCCN2CCCC2=O)C(=O)[C@H](Cc2ccccc2)NC(=O)CN(CCN2CCOCC2)C(=O)[C@H]2CCCN2C1=O,1.5-32,1325,-7.35,6,6,Circle,0.188164,0.0420814,-31.3399,9.889,8.422,1.467,0.125949,0.0342588,9.217,7.935,1.282,96,71,train,train,val,train,train,train,test,train,train,test,,train,-0.6749999999999998,-0.64164674
1311,2016_Furukawa,CCCC[C@@H]1NC(=O)[C@H](CC(C)C)N(C)C(=O)CN(CCc2cccnc2)C(=O)[C@H](CC(C)C)NC(=O)CN(CCN2CCOCC2)C(=O)[C@H]2CCCN2C1=O,1.5-18,1311,-6.58,6,6,Circle,0.141294,0.0441076,-28.4124,9.086,7.847,1.239,0.137155,0.03984,9.015,7.82,1.195,100,95,test,train,train,val,train,train,train,train,train,test,,test,-0.29,-0.37209418
1303,2016_Furukawa,CCCC[C@@H]1NC(=O)[C@H](CC(C)C)N(C)C(=O)CN(CCOc2ccccc2)C(=O)[C@H](C)NC(=O)CN(CCN2CCOCC2)C(=O)[C@H]2CCCN2C1=O,1.5-10,1303,-6.21,6,6,Circle,0.203695,0.0574758,-31.4068,9.214,7.831,1.383,0.139496,0.0388129,8.822,7.591,1.231,69,50,val,train,train,test,train,train,train,train,train,test,,val,-0.1049999999999999,-0.17067637
1301,2016_Furukawa,CCCCCN1CC(=O)N(C)[C@@H](CC(C)C)C(=O)N[C@@H](CCCC)C(=O)N2CCC[C@@H]2C(=O)N(CCN2CCOCC2)CC(=O)N[C@@H](CC(C)C)C1=O,1.5-08,1301,-5.27,6,6,Circle,0.156018,0.0597837,-21.7323,9.262,8.025,1.237,0.127774,0.0398957,8.963,7.877,1.086,89,6,train,train,val,train,train,train,train,train,train,test,,train,0.3650000000000002,0.3628537
1297,2016_Furukawa,CCCC[C@@H]1NC(=O)[C@H](CC(C)C)N(C)C(=O)CN(CC2CCCCC2)C(=O)[C@H](C)NC(=O)CN(CCN2CCOCC2)C(=O)[C@H]2CCCN2C1=O,1.5-04,1297,-5.92,6,6,Circle,0.156198,0.0584512,-24.4633,8.816,7.533,1.283,0.138448,0.0478806,8.731,7.539,1.192,100,74,train,test,train,train,train,train,train,train,train,test,,train,0.04,0.10939729
1238,2016_Furukawa,CCCC[C@@H]1NC(=O)[C@H](CC(C)C)N(C)C(=O)CN(CC2CCOCC2)C(=O)[C@H](Cc2ccccc2)NC(=O)CN(CC(C)C)C(=O)[C@H]2CCCN2C1=O,1.3-25,1238,-5.07,6,6,Circle,0.130799,0.0384688,-20.1391,9.173,7.951,1.222,0.145382,0.0419762,9.044,7.827,1.217,6,34,train,train,train,train,test,train,train,train,train,test,,train,0.4649999999999998,0.4724498
1235,2016_Furukawa,CCCC[C@@H]1NC(=O)[C@H](CC(C)C)N(C)C(=O)CN(Cc2ccccc2)C(=O)[C@H](Cc2ccccc2)NC(=O)CN(CC(C)C)C(=O)[C@H]2CCCN2C1=O,1.3-22,1235,-6.06,6,6,Circle,0.174971,0.044528,-20.3244,9.056,7.967,1.089,0.125452,0.0388247,8.682,7.67,1.012,53,42,train,train,train,train,train,train,train,train,train,test,,train,-0.0299999999999998,0.0040923767
1213,2016_Furukawa,CCCC[C@@H]1NC(=O)[C@H](CC(C)C)N(C)C(=O)CN(CCCN2CCCC2=O)C(=O)[C@H](Cc2ccc3ccccc3c2)NC(=O)CN(CCC)C(=O)[C@H]2CCCN2C1=O,1.2-40,1213,-5.76,6,6,Circle,0.208494,0.0416243,-26.3387,9.342,8.07,1.272,0.0971118,0.0368408,9.162,7.991,1.171,36,6,train,train,train,train,train,train,train,test,train,test,,train,0.1200000000000001,0.066367194
1207,2016_Furukawa,CCCC[C@@H]1NC(=O)[C@H](CC(C)C)N(C)C(=O)CN(CC2CCCCC2)C(=O)[C@H](Cc2ccc3ccccc3c2)NC(=O)CN(CCC)C(=O)[C@H]2CCCN2C1=O,1.2-34,1207,-7.24,6,6,Circle,0.154424,0.037396,-17.2649,9.176,8.111,1.065,0.120478,0.0455567,9.06,8.044,1.016,97,14,train,train,train,train,val,train,train,train,train,test,,train,-0.6200000000000001,-0.6772266
1205,2016_Furukawa,CCCC[C@@H]1NC(=O)[C@H](CC(C)C)N(C)C(=O)CN(CCCN2CCCC2=O)C(=O)[C@H](Cc2ccccc2)NC(=O)CN(CCC)C(=O)[C@H]2CCCN2C1=O,1.2-32,1205,-6.24,6,6,Circle,0.183352,0.0510701,-26.2352,9.128,7.78,1.348,0.134129,0.0425098,9.011,7.744,1.267,79,36,train,train,train,train,train,test,train,train,train,test,,train,-0.1200000000000001,-0.18271519
1204,2016_Furukawa,CCCC[C@@H]1NC(=O)[C@H](CC(C)C)N(C)C(=O)CN(CCCc2cnn(C)c2)C(=O)[C@H](Cc2ccccc2)NC(=O)CN(CCC)C(=O)[C@H]2CCCN2C1=O,1.2-31,1204,-5.43,6,6,Circle,0.196731,0.0522418,-25.599,9.376,8.119,1.257,0.186785,0.0407936,8.961,7.84,1.121,48,75,train,train,train,train,train,test,val,train,train,test,,train,0.2850000000000001,0.2990655
1188,2016_Furukawa,CCCC[C@@H]1NC(=O)[C@H](CC(C)C)N(C)C(=O)CN(CC2CCCCC2)C(=O)[C@H](CC(C)C)NC(=O)CN(CCC)C(=O)[C@H]2CCCN2C1=O,1.2-15,1188,-5.7,6,6,Circle,0.139893,0.055103,-17.1077,8.503,7.399,1.104,0.135518,0.0676958,8.681,7.536,1.145,73,63,train,train,train,val,train,test,train,train,train,test,,train,0.1499999999999999,0.088749155
1168,2016_Furukawa,CCCC[C@@H]1NC(=O)[C@H](CC(C)C)N(C)C(=O)CN(CC2CCOCC2)C(=O)[C@H](Cc2ccc3ccccc3c2)NC(=O)CN(CC)C(=O)[C@H]2CCCN2C1=O,1.1-35,1168,-5.23,6,6,Circle,0.158828,0.0408408,-22.1383,8.848,7.663,1.185,0.122076,0.0468788,8.791,7.683,1.108,100,28,train,train,test,train,train,train,train,train,train,test,,train,0.3849999999999998,0.35980785
1150,2016_Furukawa,CCCCCN1CC(=O)N(C)[C@@H](CC(C)C)C(=O)N[C@@H](CCCC)C(=O)N2CCC[C@@H]2C(=O)N(CC)CC(=O)N[C@@H](Cc2ccccc2)C1=O,1.1-17,1150,-5.1,6,6,Circle,0.155873,0.0529378,-18.1046,8.641,7.58,1.061,0.136476,0.0404932,8.567,7.548,1.019,17,40,train,train,train,val,train,train,train,train,train,test,,train,0.4500000000000002,0.43705684
1138,2016_Furukawa,CCCC[C@@H]1NC(=O)[C@H](CC(C)C)N(C)C(=O)CN(CC2CCOCC2)C(=O)[C@H](C)NC(=O)CN(CC)C(=O)[C@H]2CCCN2C1=O,1.1-05,1138,-7.27,6,6,Circle,0.108689,0.0404602,-22.7068,8.052,6.716,1.336,0.0998785,0.0420356,7.939,6.653,1.286,59,88,train,val,train,train,train,train,train,train,train,test,,train,-0.6349999999999998,-0.3619634
1134,2016_Furukawa,CCCC[C@@H]1NC(=O)[C@H](CC(C)C)N(C)C(=O)CN(CCOC)C(=O)[C@H](C)NC(=O)CN(CC)C(=O)[C@H]2CCCN2C1=O,1.1-01,1134,-7.13,6,6,Circle,0.13261,0.0566967,-22.7649,7.663,6.354,1.309,0.0874376,0.0363491,7.595,6.346,1.249,88,34,train,train,train,train,train,train,test,train,train,test,,train,-0.565,-0.3798789
1103,2015_Wang,CC(C)C[C@H]1C(=O)N2CCC[C@H]2C(=O)N[C@@H](Cc2ccccc2)C(=O)N[C@@H](Cc2ccccc2)C(=O)N[C@@H](Cc2cc3ccccc3[nH]2)C(=O)N[C@@H](C(C)C)C(=O)N1C,Compound.59,1103,-10.0,6,6,Circle,0.212928,0.0447332,-35.0731,9.334,8.134,1.2,0.145734,0.0509548,9.131,8.028,1.103,63,83,train,train,train,train,train,train,test,train,test,test,,train,-1.0,-0.16183448
1093,2015_Wang,N=C(N)NCCC[C@@H]1NC(=O)[C@H](Cc2cc3ccccc3[nH]2)NC(=O)[C@H]2CCCN2C(=O)[C@H](CCCCN)NC(=O)[C@H](CCCNC(=N)N)NC(=O)[C@@H](CCCNC(=N)N)NC1=O,Compound.49,1093,-10.0,6,6,Circle,0.203851,0.0524626,-455.5223,10.7,8.091,2.609,0.10966,0.0321923,10.132,8.041,2.091,11,13,val,test,test,train,train,train,train,train,train,test,-7.91,test,-1.0,-0.28032804
1085,2015_Wang,CC(C)C[C@H]1C(=O)N2CCC[C@@H]2C(=O)N(C)[C@@H](Cc2ccc(O)cc2)C(=O)N[C@@H](C)C(=O)NCC(=O)N(C)[C@@H](Cc2ccccc2)C(=O)N1C,Compound.41,1085,-6.8,6,6,Circle,0.152229,0.0325682,-42.2131,8.16,7.049,1.111,0.152482,0.0577221,7.922,6.733,1.189,25,100,train,train,train,test,train,val,train,train,train,test,,train,-0.3999999999999999,0.19627957
1080,2015_Wang,CC(C)C[C@@H]1NC(=O)[C@@H](CC(C)C)NC(=O)[C@H](Cc2ccccc2)NC(=O)CNC(=O)[C@@H](C)NC(=O)[C@H](Cc2ccc(O)cc2)NC1=O,Compound.36,1080,-7.7,6,6,Circle,0.179876,0.069395,-44.2272,8.228,6.495,1.733,0.139064,0.0312171,7.563,6.262,1.301,95,63,train,train,train,train,train,train,train,train,train,test,,train,-0.8500000000000001,-0.6986735
1069,2015_Wang,CC(C)C[C@@H]1NC(=O)[C@@H](CC(C)C)NC(=O)[C@@H](CC(C)C)NC(=O)[C@@H](CC(C)C)NC(=O)[C@H](Cc2cc3ccccc3[nH]2)NC(=O)[C@@H]2CCCN2C1=O,Compound.25,1069,-6.55,6,6,Circle,0.116069,0.0360056,-42.583,9.021,7.65,1.371,0.152978,0.029985,8.803,7.723,1.08,33,51,train,val,train,train,train,val,train,train,train,test,,train,-0.2749999999999999,0.020035211
1048,2015_Wang,CC(C)C[C@@H]1NC(=O)[C@@H](CC(C)C)NC(=O)[C@@H](CC(C)C)NC(=O)[C@H](Cc2ccc(O)cc2)NC(=O)[C@@H]2CCCN2C(=O)[C@@H](CC(C)C)NC1=O,Compound.4,2,-5.46,6,6,Circle,0.174185,0.0661962,-31.9352,8.795,7.376,1.419,0.114103,0.0328488,8.469,7.336,1.133,5,45,train,train,train,val,train,train,train,train,train,test,,train,0.27,0.034002293
