CycPeptMPDB_ID,Source,SMILES,Original_Name_in_Source_Literature,Structurally_Unique_ID,PAMPA,Monomer_Length,Monomer_Length_in_Main_Chain,Molecule_Shape,Water_avgRMSD_All,Water_avgRMSD_BackBone,Desolvation_Free_Energy,Water_3D_SASA,Water_3D_NPSA,Water_3D_PSA,Hexane_avgRMSD_All,Hexane_avgRMSD_BackBone,Hexane_3D_SASA,Hexane_3D_NPSA,Hexane_3D_PSA,Water_RepFrame,Hexane_RepFrame,PAMPA_WuXi,split_wuxi,Normalized_PAMPA,Binary,Soft_Label,split1,split2,split3,split4,split5,split6,split7,split8,split9,split10,Pred_2
7058,2021_Kelly,CC(=O)N[C@@H]1C(=O)N2CCC[C@H]2C(=O)N(C)[C@H](CC(C)C)C(=O)N(C)[C@H](CC(C)C)C(=O)N[C@H](CC(C)C)C(=O)N(C)[C@@H](CC(C)C)C(=O)N[C@@H](C)C(=O)N[C@@H](CC(C)C)C(=O)N2CCC[C@@H]2C(=O)O[C@@H]1C,L4_4.2.3.1.1,7058,-6.47,10,9,Lariat,0.16043,0.102678,-34.0195,11.973,9.921,2.052,0.132016,0.0647145,10.865,9.436,1.429,63,45,,train,-0.2349999999999998,0,0.0,train,test,train,train,train,train,train,valid,train,train,0.15606506
7057,2021_Kelly,CC(=O)N[C@@H]1C(=O)N2CCC[C@H]2C(=O)N(C)[C@H](CC(C)C)C(=O)N(C)[C@H](CC(C)C)C(=O)N[C@H](CC(C)C)C(=O)N[C@H](CC(C)C)C(=O)N(C)[C@H](C)C(=O)N[C@@H](CC(C)C)C(=O)N2CCC[C@@H]2C(=O)O[C@@H]1C,L4_4.2.2.4.1,7057,-6.72,10,9,Lariat,0.18855,0.120025,-33.064,12.017,10.057,1.96,0.266594,0.128775,11.406,9.63,1.776,14,52,,train,-0.3599999999999999,0,0.0,train,test,train,train,train,train,train,train,train,train,0.059084166
7051,2021_Kelly,CC(=O)N[C@@H]1C(=O)N2CCC[C@H]2C(=O)N(C)[C@H](CC(C)C)C(=O)N(C)[C@@H](CC(C)C)C(=O)N(C)[C@H](CC(C)C)C(=O)N(C)[C@H](CC(C)C)C(=O)N(C)[C@H](C)C(=O)N[C@@H](CC(C)C)C(=O)N2CCC[C@@H]2C(=O)O[C@@H]1C,L4_3.4.4.4.1,7051,-4.98,10,9,Lariat,0.112933,0.0597866,-31.3287,11.343,9.808,1.535,0.123781,0.0538103,11.649,10.078,1.571,64,39,,train,0.5099999999999998,1,1.0,train,test,valid,train,test,train,train,train,train,train,0.35669202
7039,2021_Kelly,CC(=O)N[C@@H]1C(=O)N2CCC[C@H]2C(=O)N(C)[C@H](CC(C)C)C(=O)N(C)[C@@H](CC(C)C)C(=O)N[C@@H](CC(C)C)C(=O)N(C)[C@@H](CC(C)C)C(=O)N(C)[C@H](C)C(=O)N[C@@H](CC(C)C)C(=O)N2CCC[C@@H]2C(=O)O[C@@H]1C,L4_3.1.3.4.1,7039,-6.0,10,9,Lariat,0.131413,0.0889158,-23.8882,11.075,9.393,1.682,0.108394,0.057847,11.006,9.419,1.587,72,7,,train,0.0,1,1.0,train,test,train,valid,train,valid,train,train,train,train,0.19392483
7022,2021_Kelly,CC(=O)N[C@@H]1C(=O)N2CCC[C@H]2C(=O)N(C)[C@H](CC(C)C)C(=O)N[C@H](CC(C)C)C(=O)N[C@H](CC(C)C)C(=O)N(C)[C@@H](CC(C)C)C(=O)N(C)[C@@H](C)C(=O)N[C@@H](CC(C)C)C(=O)N2CCC[C@@H]2C(=O)O[C@@H]1C,L4_2.2.3.3.1,7022,-6.24,10,9,Lariat,0.163048,0.0979478,-24.7884,11.338,9.602,1.736,0.116782,0.0503724,10.792,9.46,1.332,26,4,,train,-0.1200000000000001,0,0.0,train,test,train,train,train,test,valid,train,train,train,-0.008984834
7011,2021_Kelly,CC(=O)N[C@@H]1C(=O)N2CCC[C@H]2C(=O)N(C)[C@H](CC(C)C)C(=O)N[C@H](CC(C)C)C(=O)N[C@@H](CC(C)C)C(=O)N(C)[C@@H](CC(C)C)C(=O)N(C)[C@@H](C)C(=O)N[C@@H](CC(C)C)C(=O)N2CCC[C@@H]2C(=O)O[C@@H]1C,L4_2.1.3.3.1,7011,-6.54,10,9,Lariat,0.14318,0.0806374,-33.8854,11.238,9.194,2.044,0.123042,0.0497931,10.91,9.294,1.616,46,75,,train,-0.27,0,0.0,train,test,train,train,train,train,train,train,train,test,0.004962854
7006,2021_Kelly,CC(=O)N[C@@H]1C(=O)N2CCC[C@H]2C(=O)N(C)[C@H](CC(C)C)C(=O)N[C@H](CC(C)C)C(=O)N[C@@H](CC(C)C)C(=O)N[C@@H](CC(C)C)C(=O)N(C)[C@@H](C)C(=O)N[C@@H](CC(C)C)C(=O)N2CCC[C@@H]2C(=O)O[C@@H]1C,L4_2.1.1.3.1,7006,-6.76,10,9,Lariat,0.143505,0.0820782,-39.5335,11.664,9.618,2.046,0.156896,0.0797854,10.867,9.13,1.737,8,70,,val,-0.3799999999999999,0,0.0,valid,test,valid,train,train,train,train,train,train,valid,-0.29701054
7005,2021_Kelly,CC(=O)N[C@@H]1C(=O)N2CCC[C@H]2C(=O)N(C)[C@H](CC(C)C)C(=O)N[C@H](CC(C)C)C(=O)N[C@@H](CC(C)C)C(=O)N[C@@H](CC(C)C)C(=O)N[C@H](C)C(=O)N[C@@H](CC(C)C)C(=O)N2CCC[C@@H]2C(=O)O[C@@H]1C,L4_2.1.1.2.1,7005,-7.27,10,9,Lariat,0.122913,0.0569547,-28.0329,10.924,9.346,1.578,0.107807,0.058773,10.261,8.812,1.449,22,65,,val,-0.6349999999999998,0,0.0,valid,test,train,train,train,train,train,train,train,train,-0.51854855
6978,2021_Kelly,CC(=O)N1CCC[C@H]1C(=O)N[C@@H]1C(=O)N[C@H](CC(C)C)C(=O)N(C)[C@H](CC(C)C)C(=O)N(C)[C@H](CC(C)C)C(=O)N(C)[C@@H](CC(C)C)C(=O)N[C@@H](C)C(=O)N[C@@H](CC(C)C)C(=O)N2CCC[C@@H]2C(=O)O[C@@H]1C,L3_4.4.3.1.1,6978,-5.41,10,8,Lariat,0.119195,0.0655242,-32.2718,11.539,10.047,1.492,0.123525,0.0602396,11.456,9.913,1.543,38,12,,train,0.2949999999999999,1,1.0,train,test,train,test,train,test,train,train,train,train,0.3067062
6976,2021_Kelly,CC(=O)N1CCC[C@H]1C(=O)N[C@@H]1C(=O)N[C@H](CC(C)C)C(=O)N(C)[C@H](CC(C)C)C(=O)N(C)[C@H](CC(C)C)C(=O)N[C@H](CC(C)C)C(=O)N(C)[C@@H](C)C(=O)N[C@@H](CC(C)C)C(=O)N2CCC[C@@H]2C(=O)O[C@@H]1C,L3_4.4.2.3.1,6976,-4.92,10,8,Lariat,0.177009,0.121981,-37.2546,11.665,9.828,1.837,0.118981,0.0539586,10.899,9.697,1.202,89,92,,train,0.54,1,1.0,train,test,train,train,train,test,train,train,train,train,0.3674568
6970,2021_Kelly,CC(=O)N1CCC[C@H]1C(=O)N[C@@H]1C(=O)N[C@H](CC(C)C)C(=O)N(C)[C@H](CC(C)C)C(=O)N(C)[C@@H](CC(C)C)C(=O)N(C)[C@@H](CC(C)C)C(=O)N(C)[C@@H](C)C(=O)N[C@@H](CC(C)C)C(=O)N2CCC[C@@H]2C(=O)O[C@@H]1C,L3_4.3.3.3.1,6970,-5.07,10,8,Lariat,0.121322,0.071732,-27.8316,11.308,9.664,1.644,0.114945,0.0527103,11.106,9.695,1.411,81,64,,train,0.4649999999999998,1,1.0,train,test,test,valid,test,test,train,train,train,train,0.37902242
6954,2021_Kelly,CC(=O)N1CCC[C@H]1C(=O)N[C@@H]1C(=O)N[C@H](CC(C)C)C(=O)N(C)[C@H](CC(C)C)C(=O)N[C@@H](CC(C)C)C(=O)N(C)[C@@H](CC(C)C)C(=O)N(C)[C@H](C)C(=O)N[C@@H](CC(C)C)C(=O)N2CCC[C@@H]2C(=O)O[C@@H]1C,L3_4.1.3.4.1,6954,-4.96,10,8,Lariat,0.125614,0.0684554,-26.4032,11.453,9.679,1.774,0.145875,0.0737104,11.411,9.649,1.762,30,46,,val,0.52,1,1.0,valid,test,train,valid,valid,train,train,train,valid,train,0.30817413
6934,2021_Kelly,CC(=O)N1CCC[C@H]1C(=O)N[C@@H]1C(=O)N[C@H](CC(C)C)C(=O)N(C)[C@@H](CC(C)C)C(=O)N[C@H](CC(C)C)C(=O)N(C)[C@H](CC(C)C)C(=O)N(C)[C@H](C)C(=O)N[C@@H](CC(C)C)C(=O)N2CCC[C@@H]2C(=O)O[C@@H]1C,L3_3.2.4.4.1,6934,-5.22,10,8,Lariat,0.113668,0.0498037,-16.4428,10.718,9.407,1.311,0.152401,0.0951911,10.674,9.27,1.404,39,77,,train,0.3900000000000001,1,1.0,train,test,train,train,train,train,train,valid,train,train,0.37671137
6919,2021_Kelly,CC(=O)N1CCC[C@H]1C(=O)N[C@@H]1C(=O)N[C@H](CC(C)C)C(=O)N[C@H](CC(C)C)C(=O)N(C)[C@H](CC(C)C)C(=O)N[C@@H](CC(C)C)C(=O)N(C)[C@H](C)C(=O)N[C@@H](CC(C)C)C(=O)N2CCC[C@@H]2C(=O)O[C@@H]1C,L3_2.4.1.4.1,6919,-5.71,10,8,Lariat,0.225754,0.13829,-36.7827,11.631,9.782,1.849,0.175598,0.0899382,10.784,9.389,1.395,18,47,,train,0.145,1,1.0,train,test,train,train,train,test,valid,train,train,train,0.2580966
6914,2021_Kelly,CC(=O)N1CCC[C@H]1C(=O)N[C@@H]1C(=O)N[C@H](CC(C)C)C(=O)N[C@H](CC(C)C)C(=O)N(C)[C@@H](CC(C)C)C(=O)N[C@@H](CC(C)C)C(=O)N(C)[C@H](C)C(=O)N[C@@H](CC(C)C)C(=O)N2CCC[C@@H]2C(=O)O[C@@H]1C,L3_2.3.1.4.1,6914,-5.65,10,8,Lariat,0.160561,0.110208,-31.0278,11.161,9.349,1.812,0.135314,0.0778052,10.741,9.185,1.556,91,97,,train,0.1749999999999998,1,1.0,train,test,train,train,train,train,train,train,train,train,0.27584475
6896,2021_Kelly,CC(=O)N1CCC[C@H]1C(=O)N[C@@H]1C(=O)N[C@H](CC(C)C)C(=O)N[C@H](CC(C)C)C(=O)N[C@@H](CC(C)C)C(=O)N(C)[C@@H](CC(C)C)C(=O)N(C)[C@@H](C)C(=O)N[C@@H](CC(C)C)C(=O)N2CCC[C@@H]2C(=O)O[C@@H]1C,L3_2.1.3.3.1,6896,-6.16,10,8,Lariat,0.11986,0.0600864,-22.9965,10.915,9.432,1.483,0.138388,0.0612366,10.533,9.248,1.285,58,77,,train,-0.08,0,0.0,train,test,train,train,train,train,train,train,test,train,0.1364122
6892,2021_Kelly,CC(=O)N1CCC[C@H]1C(=O)N[C@@H]1C(=O)N[C@H](CC(C)C)C(=O)N[C@H](CC(C)C)C(=O)N[C@@H](CC(C)C)C(=O)N[C@@H](CC(C)C)C(=O)N(C)[C@H](C)C(=O)N[C@@H](CC(C)C)C(=O)N2CCC[C@@H]2C(=O)O[C@@H]1C,L3_2.1.1.4.1,6892,-6.76,10,8,Lariat,0.244524,0.16417,-31.3842,11.029,9.24,1.789,0.109788,0.0512147,10.164,8.809,1.355,33,52,,train,-0.3799999999999999,0,0.0,train,test,test,train,train,train,train,test,train,train,-0.031533733
6875,2021_Kelly,CC(=O)N1CCC[C@H]1C(=O)N[C@@H]1C(=O)N[C@H](CC(C)C)C(=O)N[C@@H](CC(C)C)C(=O)N[C@H](CC(C)C)C(=O)N(C)[C@@H](CC(C)C)C(=O)N(C)[C@@H](C)C(=O)N[C@@H](CC(C)C)C(=O)N2CCC[C@@H]2C(=O)O[C@@H]1C,L3_1.2.3.3.1,6875,-5.96,10,8,Lariat,0.209285,0.152672,-38.299,11.938,9.825,2.113,0.138789,0.0776472,10.967,9.5,1.467,23,71,,train,0.02,1,1.0,train,test,train,train,train,train,train,train,train,train,0.24168018
6870,2021_Kelly,CC(=O)N1CCC[C@H]1C(=O)N[C@@H]1C(=O)N[C@H](CC(C)C)C(=O)N[C@@H](CC(C)C)C(=O)N[C@H](CC(C)C)C(=O)N[C@@H](CC(C)C)C(=O)N[C@H](C)C(=O)N[C@@H](CC(C)C)C(=O)N2CCC[C@@H]2C(=O)O[C@@H]1C,L3_1.2.1.2.1,6870,-6.69,10,8,Lariat,0.167958,0.0921003,-26.6388,11.064,9.376,1.688,0.122216,0.0520234,10.663,9.19,1.473,98,15,,train,-0.3450000000000002,0,0.0,train,test,train,train,train,train,train,valid,train,train,-0.023336582
6867,2021_Kelly,CC(=O)N1CCC[C@H]1C(=O)N[C@@H]1C(=O)N[C@H](CC(C)C)C(=O)N[C@@H](CC(C)C)C(=O)N[C@@H](CC(C)C)C(=O)N(C)[C@H](CC(C)C)C(=O)N[C@H](C)C(=O)N[C@@H](CC(C)C)C(=O)N2CCC[C@@H]2C(=O)O[C@@H]1C,L3_1.1.4.2.1,6867,-6.3,10,8,Lariat,0.119419,0.0613397,-22.7375,11.193,9.522,1.671,0.164921,0.0840173,10.605,9.128,1.477,85,60,,train,-0.1499999999999999,0,0.0,train,test,train,train,train,train,valid,train,train,train,0.1867176
6833,2021_Kelly,CC(=O)N1CCC[C@H]1C(=O)N[C@@H]1C(=O)N(C)[C@H](CC(C)C)C(=O)N(C)[C@@H](CC(C)C)C(=O)N(C)[C@@H](CC(C)C)C(=O)N(C)[C@H](CC(C)C)C(=O)N(C)[C@H](C)C(=O)N[C@@H](CC(C)C)C(=O)N2CCC[C@@H]2C(=O)O[C@@H]1C,L2_3.3.4.4.1,6833,-5.22,10,8,Lariat,0.116659,0.0576656,-17.0978,11.019,9.393,1.626,0.117548,0.0593289,11.041,9.567,1.474,17,51,,train,0.3900000000000001,1,1.0,train,test,train,train,train,test,train,train,train,train,0.3746925
6815,2021_Kelly,CC(=O)N1CCC[C@H]1C(=O)N[C@@H]1C(=O)N(C)[C@H](CC(C)C)C(=O)N[C@H](CC(C)C)C(=O)N(C)[C@H](CC(C)C)C(=O)N(C)[C@@H](CC(C)C)C(=O)N[C@@H](C)C(=O)N[C@@H](CC(C)C)C(=O)N2CCC[C@@H]2C(=O)O[C@@H]1C,L2_2.4.3.1.1,6815,-5.53,10,8,Lariat,0.196309,0.1264,-27.468,11.386,9.606,1.78,0.133767,0.0648048,10.838,9.444,1.394,58,43,,train,0.2349999999999998,1,1.0,train,test,train,train,train,train,test,train,train,train,0.12642294
6811,2021_Kelly,CC(=O)N1CCC[C@H]1C(=O)N[C@@H]1C(=O)N(C)[C@H](CC(C)C)C(=O)N[C@H](CC(C)C)C(=O)N(C)[C@@H](CC(C)C)C(=O)N(C)[C@H](CC(C)C)C(=O)N[C@H](C)C(=O)N[C@@H](CC(C)C)C(=O)N2CCC[C@@H]2C(=O)O[C@@H]1C,L2_2.3.4.2.1,6811,-5.45,10,8,Lariat,0.161162,0.0991113,-24.8885,11.287,9.58,1.707,0.12283,0.0633459,10.358,9.095,1.263,80,11,,train,0.2749999999999999,1,1.0,train,test,test,train,train,train,train,train,train,train,0.26090539
6792,2021_Kelly,CC(=O)N1CCC[C@H]1C(=O)N[C@@H]1C(=O)N(C)[C@H](CC(C)C)C(=O)N[C@H](CC(C)C)C(=O)N[C@@H](CC(C)C)C(=O)N(C)[C@H](CC(C)C)C(=O)N[C@H](C)C(=O)N[C@@H](CC(C)C)C(=O)N2CCC[C@@H]2C(=O)O[C@@H]1C,L2_2.1.4.2.1,6792,-5.53,10,8,Lariat,0.174055,0.115894,-25.7578,10.924,9.049,1.875,0.132064,0.0660075,10.417,9.02,1.397,88,66,,train,0.2349999999999998,1,1.0,train,test,train,valid,test,train,train,train,train,test,0.07287216
6790,2021_Kelly,CC(=O)N1CCC[C@H]1C(=O)N[C@@H]1C(=O)N(C)[C@H](CC(C)C)C(=O)N[C@H](CC(C)C)C(=O)N[C@@H](CC(C)C)C(=O)N(C)[C@@H](CC(C)C)C(=O)N(C)[C@H](C)C(=O)N[C@@H](CC(C)C)C(=O)N2CCC[C@@H]2C(=O)O[C@@H]1C,L2_2.1.3.4.1,6790,-5.76,10,8,Lariat,0.165838,0.107848,-28.3536,11.032,9.322,1.71,0.12267,0.0610795,10.989,9.307,1.682,3,56,,train,0.1200000000000001,1,1.0,train,test,train,train,train,train,train,train,valid,train,0.037791602
6776,2021_Kelly,CC(=O)N1CCC[C@H]1C(=O)N[C@@H]1C(=O)N(C)[C@H](CC(C)C)C(=O)N[C@@H](CC(C)C)C(=O)N[C@H](CC(C)C)C(=O)N(C)[C@@H](CC(C)C)C(=O)N[C@@H](C)C(=O)N[C@@H](CC(C)C)C(=O)N2CCC[C@@H]2C(=O)O[C@@H]1C,L2_1.2.3.1.1,6776,-5.64,10,8,Lariat,0.173185,0.114036,-34.4518,10.962,9.179,1.783,0.1791,0.086366,11.026,9.24,1.786,26,53,,train,0.1800000000000001,1,1.0,train,test,valid,train,train,train,train,train,train,train,0.14914931
6715,2021_Kelly,CC(=O)N1CCC[C@H]1C(=O)N(C)[C@@H](CC(C)C)C(=O)N[C@@H]1C(=O)N[C@H](CC(C)C)C(=O)N[C@H](CC(C)C)C(=O)N(C)[C@@H](CC(C)C)C(=O)N(C)[C@H](C)C(=O)N[C@H](CC(C)C)C(=O)N2CCC[C@H]2C(=O)O[C@@H]1C,L1_9.2.2.3.4.2,6715,-5.76,10,7,Lariat,0.124715,0.0585097,-25.5284,10.914,9.26,1.654,0.115091,0.0511253,10.835,9.293,1.542,32,61,,train,0.1200000000000001,1,1.0,train,test,train,train,train,valid,train,train,test,train,0.23027298
6714,2021_Kelly,CC(=O)N1CCC[C@H]1C(=O)N(C)[C@@H](CC(C)C)C(=O)N[C@@H]1C(=O)N[C@H](CC(C)C)C(=O)N[C@H](CC(C)C)C(=O)N[C@H](CC(C)C)C(=O)N(C)[C@H](C)C(=O)N[C@H](CC(C)C)C(=O)N2CCC[C@H]2C(=O)O[C@@H]1C,L1_9.2.2.2.4.2,6714,-6.95,10,7,Lariat,0.336552,0.245905,-35.7384,11.756,9.663,2.093,0.185886,0.109681,11.519,9.715,1.804,89,67,,test,-0.4750000000000001,0,0.0,test,test,test,test,train,train,train,train,train,train,-0.27901006
6708,2021_Kelly,CC(=O)N1CCC[C@H]1C(=O)N(C)[C@@H](CC(C)C)C(=O)N[C@@H]1C(=O)N[C@H](CC(C)C)C(=O)N[C@@H](CC(C)C)C(=O)N[C@H](CC(C)C)C(=O)N[C@@H](C)C(=O)N[C@H](CC(C)C)C(=O)N2CCC[C@H]2C(=O)O[C@@H]1C,L1_9.2.1.2.1.2,6708,-6.67,10,7,Lariat,0.149615,0.09177,-36.166,10.957,9.25,1.707,0.240289,0.157865,10.432,8.9,1.532,48,92,,train,-0.3349999999999999,0,0.0,train,test,train,test,valid,train,train,train,train,train,-0.21416987
6702,2021_Kelly,CC(=O)N1CCC[C@H]1C(=O)N(C)[C@@H](CC(C)C)C(=O)N[C@@H]1C(=O)N[C@@H](CC(C)C)C(=O)N(C)[C@@H](CC(C)C)C(=O)N(C)[C@H](CC(C)C)C(=O)N[C@@H](C)C(=O)N[C@H](CC(C)C)C(=O)N2CCC[C@H]2C(=O)O[C@@H]1C,L1_9.1.3.4.1.2,6702,-6.21,10,7,Lariat,0.156463,0.0905233,-33.4509,12.104,10.006,2.098,0.19049,0.108958,11.714,9.736,1.978,89,95,,train,-0.1049999999999999,0,0.0,train,test,train,train,train,train,train,train,test,train,-0.13867225
6691,2021_Kelly,CC(=O)N1CCC[C@@H]1C(=O)N(C)[C@H](CC(C)C)C(=O)N[C@@H]1C(=O)N(C)[C@H](CC(C)C)C(=O)N(C)[C@H](CC(C)C)C(=O)N(C)[C@@H](CC(C)C)C(=O)N(C)[C@@H](C)C(=O)N[C@@H](CC(C)C)C(=O)N2CCC[C@@H]2C(=O)O[C@@H]1C,L1_8.4.4.3.3.1,6691,-5.56,10,7,Lariat,0.14147,0.0752576,-21.7982,11.631,10.223,1.408,0.13579,0.067456,11.165,9.828,1.337,27,31,,val,0.2200000000000002,1,1.0,valid,test,valid,train,train,train,train,train,train,train,0.31757945
6669,2021_Kelly,CC(=O)N1CCC[C@@H]1C(=O)N(C)[C@H](CC(C)C)C(=O)N[C@@H]1C(=O)N[C@H](CC(C)C)C(=O)N[C@H](CC(C)C)C(=O)N[C@H](CC(C)C)C(=O)N(C)[C@H](C)C(=O)N[C@@H](CC(C)C)C(=O)N2CCC[C@@H]2C(=O)O[C@@H]1C,L1_8.2.2.2.4.1,6669,-6.12,10,7,Lariat,0.166584,0.0993624,-28.9221,11.504,9.79,1.714,0.13498,0.064752,10.995,9.331,1.664,86,74,,train,-0.06,0,0.0,train,test,train,train,train,train,test,test,valid,train,-0.0485954
6660,2021_Kelly,CC(=O)N1CCC[C@@H]1C(=O)N(C)[C@H](CC(C)C)C(=O)N[C@@H]1C(=O)N[C@@H](CC(C)C)C(=O)N[C@H](CC(C)C)C(=O)N(C)[C@H](CC(C)C)C(=O)N[C@@H](C)C(=O)N[C@@H](CC(C)C)C(=O)N2CCC[C@@H]2C(=O)O[C@@H]1C,L1_8.1.2.4.1.1,6660,-6.93,10,7,Lariat,0.172007,0.106475,-39.5905,11.885,10.056,1.829,0.164003,0.0949538,10.995,9.46,1.535,3,89,,train,-0.4649999999999998,0,0.0,train,test,train,train,train,train,train,train,valid,test,-0.31059855
6655,2021_Kelly,CC(=O)N1CCC[C@@H]1C(=O)N(C)[C@H](CC(C)C)C(=O)N[C@@H]1C(=O)N[C@@H](CC(C)C)C(=O)N[C@@H](CC(C)C)C(=O)N[C@H](CC(C)C)C(=O)N[C@@H](C)C(=O)N[C@@H](CC(C)C)C(=O)N2CCC[C@@H]2C(=O)O[C@@H]1C,L1_8.1.1.2.1.1,6655,-7.4,10,7,Lariat,0.242606,0.159277,-28.6817,10.561,8.854,1.707,0.157665,0.0902382,10.46,8.988,1.472,5,3,,train,-0.7000000000000002,0,0.0,train,test,train,valid,train,train,train,train,test,train,-0.41823816
6654,2021_Kelly,CC(=O)N1CCC[C@@H]1C(=O)N(C)[C@H](CC(C)C)C(=O)N[C@@H]1C(=O)N(C)[C@H](CC(C)C)C(=O)N(C)[C@H](CC(C)C)C(=O)N(C)[C@@H](CC(C)C)C(=O)N(C)[C@@H](C)C(=O)N[C@@H](CC(C)C)C(=O)N2CCC[C@H]2C(=O)O[C@@H]1C,L1_7.4.4.3.3.1,6654,-5.72,10,7,Lariat,0.163012,0.0906903,-19.8622,11.321,9.707,1.614,0.238404,0.174971,11.388,9.83,1.558,35,97,,train,0.1400000000000001,1,1.0,train,test,train,train,valid,train,train,train,train,valid,0.2746101
6646,2021_Kelly,CC(=O)N1CCC[C@@H]1C(=O)N(C)[C@H](CC(C)C)C(=O)N[C@@H]1C(=O)N(C)[C@H](CC(C)C)C(=O)N[C@H](CC(C)C)C(=O)N[C@H](CC(C)C)C(=O)N(C)[C@H](C)C(=O)N[C@@H](CC(C)C)C(=O)N2CCC[C@H]2C(=O)O[C@@H]1C,L1_7.4.2.2.4.1,6646,-6.2,10,7,Lariat,0.229005,0.138514,-30.7832,11.448,9.484,1.964,0.194905,0.12309,10.838,9.337,1.501,100,64,,train,-0.1,0,0.0,train,test,train,train,train,train,train,train,train,train,-0.050428703
6639,2021_Kelly,CC(=O)N1CCC[C@@H]1C(=O)N(C)[C@H](CC(C)C)C(=O)N[C@@H]1C(=O)N(C)[C@@H](CC(C)C)C(=O)N(C)[C@H](CC(C)C)C(=O)N(C)[C@@H](CC(C)C)C(=O)N(C)[C@@H](C)C(=O)N[C@@H](CC(C)C)C(=O)N2CCC[C@H]2C(=O)O[C@@H]1C,L1_7.3.4.3.3.1,6639,-5.7,10,7,Lariat,0.203214,0.143348,-17.7908,11.266,9.51,1.756,0.182573,0.11463,11.224,9.716,1.508,32,21,,val,0.1499999999999999,1,1.0,valid,test,valid,train,train,train,train,train,train,train,0.22153394
6622,2021_Kelly,CC(=O)N1CCC[C@@H]1C(=O)N(C)[C@H](CC(C)C)C(=O)N[C@@H]1C(=O)N[C@H](CC(C)C)C(=O)N[C@H](CC(C)C)C(=O)N(C)[C@@H](CC(C)C)C(=O)N(C)[C@@H](C)C(=O)N[C@@H](CC(C)C)C(=O)N2CCC[C@H]2C(=O)O[C@@H]1C,L1_7.2.2.3.3.1,6622,-5.48,10,7,Lariat,0.215139,0.144482,-25.8597,11.491,9.848,1.643,0.173124,0.109,11.638,9.955,1.683,37,28,,train,0.2599999999999998,1,1.0,train,test,train,train,train,valid,train,train,train,train,-0.095597774
6609,2021_Kelly,CC(=O)N1CCC[C@@H]1C(=O)N(C)[C@H](CC(C)C)C(=O)N[C@@H]1C(=O)N[C@@H](CC(C)C)C(=O)N(C)[C@H](CC(C)C)C(=O)N(C)[C@@H](CC(C)C)C(=O)N(C)[C@@H](C)C(=O)N[C@@H](CC(C)C)C(=O)N2CCC[C@H]2C(=O)O[C@@H]1C,L1_7.1.4.3.3.1,6609,-5.86,10,7,Lariat,0.184337,0.125994,-24.336,11.663,10.08,1.583,0.147255,0.0741013,11.368,9.957,1.411,11,91,,train,0.0699999999999998,1,1.0,train,test,train,train,train,train,train,train,valid,train,0.11446233
6570,2021_Kelly,CC(=O)N1CCC[C@H]1C(=O)N(C)[C@H](CC(C)C)C(=O)N[C@@H]1C(=O)N[C@H](CC(C)C)C(=O)N(C)[C@@H](CC(C)C)C(=O)N[C@@H](CC(C)C)C(=O)N[C@@H](C)C(=O)N[C@@H](CC(C)C)C(=O)N2CCC[C@@H]2C(=O)O[C@@H]1C,L1_6.2.3.1.1.1,6570,-5.57,10,7,Lariat,0.258375,0.176646,-26.9606,11.351,9.638,1.713,0.148759,0.0877896,10.981,9.425,1.556,57,45,,train,0.2149999999999998,1,1.0,train,test,train,train,train,valid,test,train,train,test,0.17452599
6566,2021_Kelly,CC(=O)N1CCC[C@H]1C(=O)N(C)[C@H](CC(C)C)C(=O)N[C@@H]1C(=O)N[C@H](CC(C)C)C(=O)N[C@@H](CC(C)C)C(=O)N(C)[C@H](CC(C)C)C(=O)N[C@H](C)C(=O)N[C@@H](CC(C)C)C(=O)N2CCC[C@@H]2C(=O)O[C@@H]1C,L1_6.2.1.4.2.1,6566,-5.23,10,7,Lariat,0.231397,0.142527,-37.5422,11.374,9.513,1.861,0.133422,0.064809,10.923,9.386,1.537,80,100,,train,0.3849999999999998,1,1.0,train,test,train,train,valid,train,train,train,train,train,0.2557077
6561,2021_Kelly,CC(=O)N1CCC[C@H]1C(=O)N(C)[C@H](CC(C)C)C(=O)N[C@@H]1C(=O)N[C@@H](CC(C)C)C(=O)N(C)[C@H](CC(C)C)C(=O)N(C)[C@H](CC(C)C)C(=O)N(C)[C@H](C)C(=O)N[C@@H](CC(C)C)C(=O)N2CCC[C@@H]2C(=O)O[C@@H]1C,L1_6.1.4.4.4.1,6561,-5.58,10,7,Lariat,0.162143,0.0973222,-35.4892,11.489,9.6,1.889,0.106731,0.0468498,10.346,9.148,1.198,84,85,,train,0.2099999999999999,1,1.0,train,test,train,train,train,test,train,train,train,train,0.252783
6555,2021_Kelly,CC(=O)N1CCC[C@H]1C(=O)N(C)[C@H](CC(C)C)C(=O)N[C@@H]1C(=O)N[C@@H](CC(C)C)C(=O)N(C)[C@@H](CC(C)C)C(=O)N(C)[C@H](CC(C)C)C(=O)N[C@H](C)C(=O)N[C@@H](CC(C)C)C(=O)N2CCC[C@@H]2C(=O)O[C@@H]1C,L1_6.1.3.4.2.1,6555,-5.49,10,7,Lariat,0.270902,0.193924,-32.2636,11.515,9.718,1.797,0.123092,0.0613281,10.654,9.33,1.324,13,12,,train,0.2549999999999999,1,1.0,train,test,train,train,train,train,valid,train,test,train,0.18484734
6544,2021_Kelly,CC(=O)N1CCC[C@H]1C(=O)N(C)[C@H](CC(C)C)C(=O)N[C@@H]1C(=O)N[C@@H](CC(C)C)C(=O)N[C@@H](CC(C)C)C(=O)N[C@H](CC(C)C)C(=O)N[C@@H](C)C(=O)N[C@@H](CC(C)C)C(=O)N2CCC[C@@H]2C(=O)O[C@@H]1C,L1_6.1.1.2.1.1,6544,-6.57,10,7,Lariat,0.141767,0.0816204,-35.8083,10.617,8.908,1.709,0.12494,0.0664394,10.407,8.706,1.701,8,92,,train,-0.2850000000000001,0,0.0,train,test,train,train,train,train,train,train,train,train,-0.20467384
6542,2021_Kelly,CC(=O)N1CCC[C@H]1C(=O)N(C)[C@H](CC(C)C)C(=O)N[C@@H]1C(=O)N(C)[C@H](CC(C)C)C(=O)N(C)[C@H](CC(C)C)C(=O)N[C@H](CC(C)C)C(=O)N(C)[C@H](C)C(=O)N[C@@H](CC(C)C)C(=O)N2CCC[C@H]2C(=O)O[C@@H]1C,L1_5.4.4.2.4.1,6542,-4.99,10,7,Lariat,0.129604,0.0616696,-21.8481,11.102,9.389,1.713,0.124885,0.0604035,10.366,8.874,1.492,86,45,,train,0.5049999999999999,1,1.0,train,test,train,train,train,train,valid,train,train,train,0.29258662
6541,2021_Kelly,CC(=O)N1CCC[C@H]1C(=O)N(C)[C@H](CC(C)C)C(=O)N[C@@H]1C(=O)N(C)[C@H](CC(C)C)C(=O)N(C)[C@@H](CC(C)C)C(=O)N(C)[C@H](CC(C)C)C(=O)N(C)[C@H](C)C(=O)N[C@@H](CC(C)C)C(=O)N2CCC[C@H]2C(=O)O[C@@H]1C,L1_5.4.3.4.4.1,6541,-5.47,10,7,Lariat,0.289411,0.191334,-21.6196,11.407,9.762,1.645,0.134485,0.0740868,10.974,9.233,1.741,52,49,,train,0.2650000000000001,1,1.0,train,test,train,train,train,train,train,train,train,train,0.33108956
6539,2021_Kelly,CC(=O)N1CCC[C@H]1C(=O)N(C)[C@H](CC(C)C)C(=O)N[C@@H]1C(=O)N(C)[C@H](CC(C)C)C(=O)N[C@H](CC(C)C)C(=O)N(C)[C@H](CC(C)C)C(=O)N(C)[C@H](C)C(=O)N[C@@H](CC(C)C)C(=O)N2CCC[C@H]2C(=O)O[C@@H]1C,L1_5.4.2.4.4.1,6539,-5.1,10,7,Lariat,0.107558,0.0588435,-28.0741,11.15,9.489,1.661,0.128402,0.0858446,10.631,9.024,1.607,90,53,,train,0.4500000000000002,1,1.0,train,test,test,train,train,train,train,test,train,train,0.23756891
6532,2021_Kelly,CC(=O)N1CCC[C@H]1C(=O)N(C)[C@H](CC(C)C)C(=O)N[C@@H]1C(=O)N(C)[C@H](CC(C)C)C(=O)N[C@@H](CC(C)C)C(=O)N(C)[C@@H](CC(C)C)C(=O)N(C)[C@H](C)C(=O)N[C@@H](CC(C)C)C(=O)N2CCC[C@H]2C(=O)O[C@@H]1C,L1_5.4.1.3.4.1,6532,-5.11,10,7,Lariat,0.241194,0.177899,-31.6122,11.816,10.154,1.662,0.177228,0.109867,11.19,9.696,1.494,52,71,,train,0.4449999999999998,1,1.0,train,test,train,train,train,train,train,train,train,test,0.20281784
6531,2021_Kelly,CC(=O)N1CCC[C@H]1C(=O)N(C)[C@H](CC(C)C)C(=O)N[C@@H]1C(=O)N(C)[C@H](CC(C)C)C(=O)N[C@@H](CC(C)C)C(=O)N[C@H](CC(C)C)C(=O)N(C)[C@H](C)C(=O)N[C@@H](CC(C)C)C(=O)N2CCC[C@H]2C(=O)O[C@@H]1C,L1_5.4.1.2.4.1,6531,-5.1,10,7,Lariat,0.115684,0.0555698,-25.3365,10.755,9.088,1.667,0.116612,0.0492723,10.173,9.066,1.107,65,62,,train,0.4500000000000002,1,1.0,train,test,train,valid,valid,train,train,train,train,train,0.23683259
6524,2021_Kelly,CC(=O)N1CCC[C@H]1C(=O)N(C)[C@H](CC(C)C)C(=O)N[C@@H]1C(=O)N(C)[C@@H](CC(C)C)C(=O)N(C)[C@@H](CC(C)C)C(=O)N(C)[C@H](CC(C)C)C(=O)N(C)[C@@H](C)C(=O)N[C@@H](CC(C)C)C(=O)N2CCC[C@H]2C(=O)O[C@@H]1C,L1_5.3.3.4.3.1,6524,-5.26,10,7,Lariat,0.143218,0.075633,-31.8638,11.679,10.061,1.618,0.128427,0.0641795,11.283,9.644,1.639,3,56,,train,0.3700000000000001,1,1.0,train,test,train,train,train,train,train,valid,train,train,0.24572422
6522,2021_Kelly,CC(=O)N1CCC[C@H]1C(=O)N(C)[C@H](CC(C)C)C(=O)N[C@@H]1C(=O)N(C)[C@@H](CC(C)C)C(=O)N[C@H](CC(C)C)C(=O)N[C@@H](CC(C)C)C(=O)N[C@@H](C)C(=O)N[C@@H](CC(C)C)C(=O)N2CCC[C@H]2C(=O)O[C@@H]1C,L1_5.3.2.1.1.1,6522,-6.5,10,7,Lariat,0.172852,0.0938692,-28.2663,10.602,8.986,1.616,0.0961676,0.0545274,10.135,8.762,1.373,43,64,,train,-0.25,0,0.0,train,test,test,train,valid,train,train,test,train,valid,-0.18277253
6494,2021_Kelly,CC(=O)N1CCC[C@H]1C(=O)N(C)[C@H](CC(C)C)C(=O)N[C@@H]1C(=O)N[C@H](CC(C)C)C(=O)N[C@@H](CC(C)C)C(=O)N[C@@H](CC(C)C)C(=O)N(C)[C@@H](C)C(=O)N[C@@H](CC(C)C)C(=O)N2CCC[C@H]2C(=O)O[C@@H]1C,L1_5.2.1.1.3.1,6494,-5.89,10,7,Lariat,0.132306,0.0771794,-38.4312,11.512,9.606,1.906,0.141137,0.0779815,10.756,9.087,1.669,88,87,,val,0.0550000000000001,1,1.0,valid,test,train,train,train,train,valid,train,train,valid,-0.04310245
6491,2021_Kelly,CC(=O)N1CCC[C@H]1C(=O)N(C)[C@H](CC(C)C)C(=O)N[C@@H]1C(=O)N[C@@H](CC(C)C)C(=O)N(C)[C@@H](CC(C)C)C(=O)N(C)[C@H](CC(C)C)C(=O)N(C)[C@H](C)C(=O)N[C@@H](CC(C)C)C(=O)N2CCC[C@H]2C(=O)O[C@@H]1C,L1_5.1.3.4.4.1,6491,-5.64,10,7,Lariat,0.217045,0.130968,-38.3804,11.134,9.627,1.507,0.162906,0.0980581,11.519,10.044,1.475,45,53,,val,0.1800000000000001,1,1.0,valid,test,train,train,valid,train,train,train,train,valid,0.17729422
6475,2021_Kelly,CC(=O)N1CCC[C@H]1C(=O)N(C)[C@H](CC(C)C)C(=O)N[C@@H]1C(=O)N[C@@H](CC(C)C)C(=O)N[C@@H](CC(C)C)C(=O)N[C@H](CC(C)C)C(=O)N[C@H](C)C(=O)N[C@@H](CC(C)C)C(=O)N2CCC[C@H]2C(=O)O[C@@H]1C,L1_5.1.1.2.2.1,6475,-6.31,10,7,Lariat,0.139117,0.0842257,-34.5577,11.624,9.636,1.988,0.112526,0.0519636,10.451,9.006,1.445,64,17,,train,-0.1549999999999998,0,0.0,train,test,train,train,train,train,test,train,train,train,-0.31434745
6455,2021_Kelly,CC(=O)N1CCC[C@@H]1C(=O)N(C)[C@@H](CC(C)C)C(=O)N[C@@H]1C(=O)N(C)[C@@H](CC(C)C)C(=O)N(C)[C@H](CC(C)C)C(=O)N(C)[C@H](CC(C)C)C(=O)N(C)[C@@H](C)C(=O)N[C@@H](CC(C)C)C(=O)N2CCC[C@@H]2C(=O)O[C@@H]1C,L1_4.3.4.4.3.1,6455,-5.42,10,7,Lariat,0.213578,0.143962,-32.2843,12.221,10.272,1.949,0.137167,0.0749522,11.038,9.834,1.204,6,34,,train,0.29,1,1.0,train,test,train,train,train,train,train,train,train,train,0.1861718
6452,2021_Kelly,CC(=O)N1CCC[C@@H]1C(=O)N(C)[C@@H](CC(C)C)C(=O)N[C@@H]1C(=O)N(C)[C@@H](CC(C)C)C(=O)N(C)[C@@H](CC(C)C)C(=O)N(C)[C@H](CC(C)C)C(=O)N(C)[C@H](C)C(=O)N[C@@H](CC(C)C)C(=O)N2CCC[C@@H]2C(=O)O[C@@H]1C,L1_4.3.3.4.4.1,6452,-5.05,10,7,Lariat,0.221791,0.154622,-32.9276,12.302,10.45,1.852,0.165444,0.111253,11.388,10.002,1.386,53,29,,train,0.4750000000000001,1,1.0,train,test,train,train,train,train,train,test,train,train,0.17048992
6449,2021_Kelly,CC(=O)N1CCC[C@@H]1C(=O)N(C)[C@@H](CC(C)C)C(=O)N[C@@H]1C(=O)N(C)[C@@H](CC(C)C)C(=O)N(C)[C@@H](CC(C)C)C(=O)N[C@@H](CC(C)C)C(=O)N[C@@H](C)C(=O)N[C@@H](CC(C)C)C(=O)N2CCC[C@@H]2C(=O)O[C@@H]1C,L1_4.3.3.1.1.1,6449,-6.61,10,7,Lariat,0.179256,0.112197,-28.2258,11.467,9.682,1.785,0.125591,0.0575601,10.463,8.902,1.561,3,55,,train,-0.3050000000000001,0,0.0,train,test,train,train,train,train,train,train,train,train,-0.23930784
6447,2021_Kelly,CC(=O)N1CCC[C@@H]1C(=O)N(C)[C@@H](CC(C)C)C(=O)N[C@@H]1C(=O)N(C)[C@@H](CC(C)C)C(=O)N[C@H](CC(C)C)C(=O)N(C)[C@@H](CC(C)C)C(=O)N(C)[C@@H](C)C(=O)N[C@@H](CC(C)C)C(=O)N2CCC[C@@H]2C(=O)O[C@@H]1C,L1_4.3.2.3.3.1,6447,-5.66,10,7,Lariat,0.200231,0.124818,-29.2941,12.206,10.372,1.834,0.176842,0.112573,11.522,10.003,1.519,99,3,,train,0.1699999999999999,1,1.0,train,test,valid,train,train,train,train,train,train,test,0.12584436
6443,2021_Kelly,CC(=O)N1CCC[C@@H]1C(=O)N(C)[C@@H](CC(C)C)C(=O)N[C@@H]1C(=O)N(C)[C@@H](CC(C)C)C(=O)N[C@@H](CC(C)C)C(=O)N(C)[C@@H](CC(C)C)C(=O)N(C)[C@@H](C)C(=O)N[C@@H](CC(C)C)C(=O)N2CCC[C@@H]2C(=O)O[C@@H]1C,L1_4.3.1.3.3.1,6443,-5.62,10,7,Lariat,0.238976,0.172435,-36.5551,11.845,10.104,1.741,0.18087,0.112071,11.37,9.689,1.681,60,8,,train,0.1899999999999999,1,1.0,train,test,train,train,train,train,train,train,train,train,0.12780735
6442,2021_Kelly,CC(=O)N1CCC[C@@H]1C(=O)N(C)[C@@H](CC(C)C)C(=O)N[C@@H]1C(=O)N(C)[C@@H](CC(C)C)C(=O)N[C@@H](CC(C)C)C(=O)N(C)[C@@H](CC(C)C)C(=O)N[C@@H](C)C(=O)N[C@@H](CC(C)C)C(=O)N2CCC[C@@H]2C(=O)O[C@@H]1C,L1_4.3.1.3.1.1,6442,-5.85,10,7,Lariat,0.1934,0.137373,-34.9679,11.742,9.64,2.102,0.1619,0.0972816,11.186,9.624,1.562,94,37,,train,0.0750000000000001,1,1.0,train,test,train,train,train,train,train,train,train,train,0.03517934
6440,2021_Kelly,CC(=O)N1CCC[C@@H]1C(=O)N(C)[C@@H](CC(C)C)C(=O)N[C@@H]1C(=O)N(C)[C@@H](CC(C)C)C(=O)N[C@@H](CC(C)C)C(=O)N[C@@H](CC(C)C)C(=O)N[C@@H](C)C(=O)N[C@@H](CC(C)C)C(=O)N2CCC[C@@H]2C(=O)O[C@@H]1C,L1_4.3.1.1.1.1,6440,-7.29,10,7,Lariat,0.176892,0.106891,-30.0513,11.523,9.711,1.812,0.173427,0.11066,11.052,9.414,1.638,69,22,,train,-0.645,0,0.0,train,test,train,train,train,train,test,train,train,train,-0.3353107
6435,2021_Kelly,CC(=O)N1CCC[C@@H]1C(=O)N(C)[C@@H](CC(C)C)C(=O)N[C@@H]1C(=O)N[C@H](CC(C)C)C(=O)N(C)[C@H](CC(C)C)C(=O)N[C@@H](CC(C)C)C(=O)N[C@@H](C)C(=O)N[C@@H](CC(C)C)C(=O)N2CCC[C@@H]2C(=O)O[C@@H]1C,L1_4.2.4.1.1.1,6435,-5.93,10,7,Lariat,0.205609,0.131182,-34.9473,11.64,9.872,1.768,0.162848,0.100993,11.511,10.036,1.475,66,54,,train,0.0350000000000001,1,1.0,train,test,train,test,train,test,train,train,train,train,0.13124259
6434,2021_Kelly,CC(=O)N1CCC[C@@H]1C(=O)N(C)[C@@H](CC(C)C)C(=O)N[C@@H]1C(=O)N[C@H](CC(C)C)C(=O)N(C)[C@@H](CC(C)C)C(=O)N(C)[C@H](CC(C)C)C(=O)N(C)[C@H](C)C(=O)N[C@@H](CC(C)C)C(=O)N2CCC[C@@H]2C(=O)O[C@@H]1C,L1_4.2.3.4.4.1,6434,-5.22,10,7,Lariat,0.274383,0.189053,-31.174,11.981,10.007,1.974,0.102581,0.0423208,10.515,9.382,1.133,4,95,,train,0.3900000000000001,1,1.0,train,test,train,train,train,train,train,valid,valid,train,0.30707556
6412,2021_Kelly,CC(=O)N1CCC[C@@H]1C(=O)N(C)[C@@H](CC(C)C)C(=O)N[C@@H]1C(=O)N[C@@H](CC(C)C)C(=O)N(C)[C@H](CC(C)C)C(=O)N(C)[C@@H](CC(C)C)C(=O)N(C)[C@@H](C)C(=O)N[C@@H](CC(C)C)C(=O)N2CCC[C@@H]2C(=O)O[C@@H]1C,L1_4.1.4.3.3.1,6412,-5.21,10,7,Lariat,0.192212,0.136129,-27.1049,12.019,10.201,1.818,0.237315,0.165424,11.821,10.207,1.614,75,100,,train,0.395,1,1.0,train,test,train,train,train,train,train,train,test,train,0.23182556
6404,2021_Kelly,CC(=O)N1CCC[C@@H]1C(=O)N(C)[C@@H](CC(C)C)C(=O)N[C@@H]1C(=O)N[C@@H](CC(C)C)C(=O)N(C)[C@@H](CC(C)C)C(=O)N[C@@H](CC(C)C)C(=O)N(C)[C@H](C)C(=O)N[C@@H](CC(C)C)C(=O)N2CCC[C@@H]2C(=O)O[C@@H]1C,L1_4.1.3.1.4.1,6404,-5.45,10,7,Lariat,0.262115,0.181243,-35.4377,12.019,10.04,1.979,0.184655,0.11348,10.911,9.444,1.467,82,67,,train,0.2749999999999999,1,1.0,train,test,train,valid,valid,train,train,train,train,train,0.17693944
6399,2021_Kelly,CC(=O)N1CCC[C@@H]1C(=O)N(C)[C@@H](CC(C)C)C(=O)N[C@@H]1C(=O)N[C@@H](CC(C)C)C(=O)N[C@H](CC(C)C)C(=O)N[C@H](CC(C)C)C(=O)N[C@H](C)C(=O)N[C@@H](CC(C)C)C(=O)N2CCC[C@@H]2C(=O)O[C@@H]1C,L1_4.1.2.2.2.1,6399,-6.36,10,7,Lariat,0.210919,0.122717,-38.1091,10.991,9.311,1.68,0.178419,0.0949604,10.781,9.35,1.431,32,26,,train,-0.1800000000000001,0,0.0,train,test,train,train,train,train,train,train,valid,train,-0.33461463
6397,2021_Kelly,CC(=O)N1CCC[C@@H]1C(=O)N(C)[C@@H](CC(C)C)C(=O)N[C@@H]1C(=O)N[C@@H](CC(C)C)C(=O)N[C@H](CC(C)C)C(=O)N[C@@H](CC(C)C)C(=O)N(C)[C@H](C)C(=O)N[C@@H](CC(C)C)C(=O)N2CCC[C@@H]2C(=O)O[C@@H]1C,L1_4.1.2.1.4.1,6397,-6.17,10,7,Lariat,0.158464,0.104175,-36.5803,11.423,9.734,1.689,0.286249,0.202357,11.017,9.578,1.439,4,79,,train,-0.0849999999999999,0,0.0,train,test,train,train,train,train,train,train,train,train,-0.025826193
6394,2021_Kelly,CC(=O)N1CCC[C@@H]1C(=O)N(C)[C@@H](CC(C)C)C(=O)N[C@@H]1C(=O)N[C@@H](CC(C)C)C(=O)N[C@@H](CC(C)C)C(=O)N[C@H](CC(C)C)C(=O)N[C@@H](C)C(=O)N[C@@H](CC(C)C)C(=O)N2CCC[C@@H]2C(=O)O[C@@H]1C,L1_4.1.1.2.1.1,6394,-6.92,10,7,Lariat,0.14284,0.0788346,-28.9753,11.021,9.332,1.689,0.11188,0.050546,10.236,8.925,1.311,73,92,,val,-0.4599999999999999,0,0.0,valid,test,train,test,train,train,test,train,train,train,-0.2146131
6383,2021_Kelly,CC(=O)N1CCC[C@@H]1C(=O)N(C)[C@@H](CC(C)C)C(=O)N[C@@H]1C(=O)N(C)[C@H](CC(C)C)C(=O)N(C)[C@@H](CC(C)C)C(=O)N(C)[C@@H](CC(C)C)C(=O)N(C)[C@@H](C)C(=O)N[C@@H](CC(C)C)C(=O)N2CCC[C@H]2C(=O)O[C@@H]1C,L1_3.4.3.3.3.1,6383,-5.46,10,7,Lariat,0.200648,0.12488,-24.8329,11.885,10.086,1.799,0.128558,0.062576,11.081,9.633,1.448,13,70,,train,0.27,1,1.0,train,test,train,train,train,train,train,train,train,train,0.29016727
6371,2021_Kelly,CC(=O)N1CCC[C@@H]1C(=O)N(C)[C@@H](CC(C)C)C(=O)N[C@@H]1C(=O)N(C)[C@H](CC(C)C)C(=O)N[C@@H](CC(C)C)C(=O)N(C)[C@@H](CC(C)C)C(=O)N(C)[C@@H](C)C(=O)N[C@@H](CC(C)C)C(=O)N2CCC[C@H]2C(=O)O[C@@H]1C,L1_3.4.1.3.3.1,6371,-5.35,10,7,Lariat,0.261032,0.162233,-25.606,11.913,10.175,1.738,0.146242,0.0911588,11.235,9.727,1.508,52,39,,train,0.3250000000000002,1,1.0,train,test,train,train,train,train,train,train,train,test,0.20146744
6365,2021_Kelly,CC(=O)N1CCC[C@@H]1C(=O)N(C)[C@@H](CC(C)C)C(=O)N[C@@H]1C(=O)N(C)[C@@H](CC(C)C)C(=O)N(C)[C@H](CC(C)C)C(=O)N(C)[C@H](CC(C)C)C(=O)N(C)[C@@H](C)C(=O)N[C@@H](CC(C)C)C(=O)N2CCC[C@H]2C(=O)O[C@@H]1C,L1_3.3.4.4.3.1,6365,-5.55,10,7,Lariat,0.305088,0.21191,-25.5086,12.099,10.211,1.888,0.135006,0.075174,11.248,9.677,1.571,82,64,,val,0.2250000000000001,1,1.0,valid,test,train,train,train,train,train,train,train,train,0.18541452
6362,2021_Kelly,CC(=O)N1CCC[C@@H]1C(=O)N(C)[C@@H](CC(C)C)C(=O)N[C@@H]1C(=O)N(C)[C@@H](CC(C)C)C(=O)N(C)[C@H](CC(C)C)C(=O)N[C@H](CC(C)C)C(=O)N(C)[C@@H](C)C(=O)N[C@@H](CC(C)C)C(=O)N2CCC[C@H]2C(=O)O[C@@H]1C,L1_3.3.4.2.3.1,6362,-5.82,10,7,Lariat,0.159174,0.0987948,-29.4776,12.174,10.286,1.888,0.157525,0.0987039,12.076,10.16,1.916,85,70,,train,0.0899999999999998,1,1.0,train,test,train,train,train,train,valid,valid,train,train,0.15625691
6357,2021_Kelly,CC(=O)N1CCC[C@@H]1C(=O)N(C)[C@@H](CC(C)C)C(=O)N[C@@H]1C(=O)N(C)[C@@H](CC(C)C)C(=O)N[C@H](CC(C)C)C(=O)N[C@@H](CC(C)C)C(=O)N[C@@H](C)C(=O)N[C@@H](CC(C)C)C(=O)N2CCC[C@H]2C(=O)O[C@@H]1C,L1_3.3.2.1.1.1,6357,-6.78,10,7,Lariat,0.174321,0.112263,-36.8812,11.567,9.384,2.183,0.131726,0.0659676,10.402,8.865,1.537,40,100,,train,-0.3900000000000001,0,0.0,train,test,train,valid,train,train,test,train,train,train,-0.2786293
6353,2021_Kelly,CC(=O)N1CCC[C@@H]1C(=O)N(C)[C@@H](CC(C)C)C(=O)N[C@@H]1C(=O)N(C)[C@@H](CC(C)C)C(=O)N[C@@H](CC(C)C)C(=O)N[C@H](CC(C)C)C(=O)N(C)[C@@H](C)C(=O)N[C@@H](CC(C)C)C(=O)N2CCC[C@H]2C(=O)O[C@@H]1C,L1_3.3.1.2.3.1,6353,-5.41,10,7,Lariat,0.226702,0.1578,-33.0252,11.689,9.547,2.142,0.213041,0.140603,11.623,9.865,1.758,8,43,,train,0.2949999999999999,1,1.0,train,test,train,valid,train,train,train,train,train,train,0.10454871
6339,2021_Kelly,CC(=O)N1CCC[C@@H]1C(=O)N(C)[C@@H](CC(C)C)C(=O)N[C@@H]1C(=O)N[C@H](CC(C)C)C(=O)N[C@H](CC(C)C)C(=O)N[C@@H](CC(C)C)C(=O)N[C@@H](C)C(=O)N[C@@H](CC(C)C)C(=O)N2CCC[C@H]2C(=O)O[C@@H]1C,L1_3.2.2.1.1.1,6339,-6.53,10,7,Lariat,0.197294,0.121674,-31.0538,11.724,9.696,2.028,0.171449,0.106607,11.536,9.67,1.866,94,62,,train,-0.2650000000000001,0,0.0,train,test,train,train,train,train,train,train,train,train,-0.32210374
6313,2021_Kelly,CC(=O)N1CCC[C@@H]1C(=O)N(C)[C@@H](CC(C)C)C(=O)N[C@@H]1C(=O)N[C@@H](CC(C)C)C(=O)N[C@@H](CC(C)C)C(=O)N[C@@H](CC(C)C)C(=O)N(C)[C@H](C)C(=O)N[C@@H](CC(C)C)C(=O)N2CCC[C@H]2C(=O)O[C@@H]1C,L1_3.1.1.1.4.1,6313,-6.04,10,7,Lariat,0.171857,0.103815,-33.4887,11.52,9.573,1.947,0.165017,0.0913149,11.782,10.055,1.727,22,94,,test,-0.02,0,0.0,test,test,train,train,train,train,train,train,train,train,-0.19238019
6310,2021_Kelly,CC(=O)N1CCC[C@H]1C(=O)N(C)[C@@H](CC(C)C)C(=O)N[C@@H]1C(=O)N(C)[C@H](CC(C)C)C(=O)N(C)[C@H](CC(C)C)C(=O)N[C@H](CC(C)C)C(=O)N(C)[C@H](C)C(=O)N[C@@H](CC(C)C)C(=O)N2CCC[C@@H]2C(=O)O[C@@H]1C,L1_2.4.4.2.4.1,6310,-5.08,10,7,Lariat,0.174142,0.0981696,-28.4002,11.576,9.796,1.78,0.149759,0.0916196,11.489,9.862,1.627,3,86,,train,0.4599999999999999,1,1.0,train,test,valid,train,train,train,train,train,valid,train,0.27571017
6306,2021_Kelly,CC(=O)N1CCC[C@H]1C(=O)N(C)[C@@H](CC(C)C)C(=O)N[C@@H]1C(=O)N(C)[C@H](CC(C)C)C(=O)N(C)[C@@H](CC(C)C)C(=O)N(C)[C@@H](CC(C)C)C(=O)N(C)[C@@H](C)C(=O)N[C@@H](CC(C)C)C(=O)N2CCC[C@@H]2C(=O)O[C@@H]1C,L1_2.4.3.3.3.1,6306,-5.46,10,7,Lariat,0.249992,0.183553,-18.351,11.225,9.792,1.433,0.14505,0.0810417,11.292,9.784,1.508,55,86,,train,0.27,1,1.0,train,test,train,train,train,train,train,train,train,train,0.30246818
6266,2021_Kelly,CC(=O)N1CCC[C@H]1C(=O)N(C)[C@@H](CC(C)C)C(=O)N[C@@H]1C(=O)N[C@@H](CC(C)C)C(=O)N(C)[C@@H](CC(C)C)C(=O)N(C)[C@@H](CC(C)C)C(=O)N(C)[C@H](C)C(=O)N[C@@H](CC(C)C)C(=O)N2CCC[C@@H]2C(=O)O[C@@H]1C,L1_2.1.3.3.4.1,6266,-5.36,10,7,Lariat,0.170792,0.101601,-32.3936,11.799,9.97,1.829,0.150122,0.0863151,11.367,9.644,1.723,26,41,,train,0.3199999999999998,1,1.0,train,test,train,train,train,train,train,train,test,train,0.12317909
6253,2021_Kelly,CC(=O)N1CCC[C@@H]1C(=O)N(C)[C@H](CC(C)C)C(=O)N[C@@H]1C(=O)N(C)[C@H](CC(C)C)C(=O)N(C)[C@@H](CC(C)C)C(=O)N(C)[C@@H](CC(C)C)C(=O)N(C)[C@H](C)C(=O)N[C@H](CC(C)C)C(=O)N2CCC[C@@H]2C(=O)O[C@@H]1C,L1_16.4.3.3.4.2,6253,-5.78,10,7,Lariat,0.133239,0.0755156,-24.1998,11.576,9.776,1.8,0.212602,0.138494,11.826,10.122,1.704,58,56,,train,0.1099999999999998,1,1.0,train,test,train,train,valid,test,test,train,train,train,0.31530184
6252,2021_Kelly,CC(=O)N1CCC[C@@H]1C(=O)N(C)[C@H](CC(C)C)C(=O)N[C@@H]1C(=O)N(C)[C@H](CC(C)C)C(=O)N(C)[C@@H](CC(C)C)C(=O)N[C@@H](CC(C)C)C(=O)N(C)[C@H](C)C(=O)N[C@H](CC(C)C)C(=O)N2CCC[C@@H]2C(=O)O[C@@H]1C,L1_16.4.3.1.4.2,6252,-5.92,10,7,Lariat,0.27147,0.190434,-35.8516,11.719,9.965,1.754,0.179991,0.106868,11.438,9.712,1.726,45,30,,train,0.04,1,1.0,train,test,train,train,train,train,train,train,train,train,0.2752337
6244,2021_Kelly,CC(=O)N1CCC[C@@H]1C(=O)N(C)[C@H](CC(C)C)C(=O)N[C@@H]1C(=O)N(C)[C@@H](CC(C)C)C(=O)N(C)[C@H](CC(C)C)C(=O)N(C)[C@H](CC(C)C)C(=O)N(C)[C@@H](C)C(=O)N[C@H](CC(C)C)C(=O)N2CCC[C@@H]2C(=O)O[C@@H]1C,L1_16.3.4.4.3.2,6244,-5.49,10,7,Lariat,0.195776,0.126359,-19.6339,11.8,10.123,1.677,0.188143,0.115031,11.997,10.351,1.646,60,54,,train,0.2549999999999999,1,1.0,train,test,train,train,train,valid,train,train,test,train,0.23453899
6228,2021_Kelly,CC(=O)N1CCC[C@@H]1C(=O)N(C)[C@H](CC(C)C)C(=O)N[C@@H]1C(=O)N(C)[C@@H](CC(C)C)C(=O)N[C@@H](CC(C)C)C(=O)N[C@@H](CC(C)C)C(=O)N[C@@H](C)C(=O)N[C@H](CC(C)C)C(=O)N2CCC[C@@H]2C(=O)O[C@@H]1C,L1_16.3.1.1.1.2,6228,-8.7,10,7,Lariat,0.282821,0.205931,-31.5496,11.312,9.404,1.908,0.179534,0.111144,11.581,9.588,1.993,63,52,,train,-1.0,0,0.0,train,test,train,train,test,valid,train,train,train,train,-0.61553514
6214,2021_Kelly,CC(=O)N1CCC[C@@H]1C(=O)N(C)[C@H](CC(C)C)C(=O)N[C@@H]1C(=O)N[C@H](CC(C)C)C(=O)N[C@H](CC(C)C)C(=O)N[C@H](CC(C)C)C(=O)N[C@@H](C)C(=O)N[C@H](CC(C)C)C(=O)N2CCC[C@@H]2C(=O)O[C@@H]1C,L1_16.2.2.2.1.2,6214,-7.44,10,7,Lariat,0.154605,0.091312,-41.5124,11.37,9.129,2.241,0.151258,0.0829777,11.402,9.41,1.992,38,21,,train,-0.7200000000000002,0,0.0,train,test,train,valid,test,valid,train,valid,test,train,-0.5849653
6210,2021_Kelly,CC(=O)N1CCC[C@@H]1C(=O)N(C)[C@H](CC(C)C)C(=O)N[C@@H]1C(=O)N[C@H](CC(C)C)C(=O)N[C@@H](CC(C)C)C(=O)N[C@@H](CC(C)C)C(=O)N(C)[C@@H](C)C(=O)N[C@H](CC(C)C)C(=O)N2CCC[C@@H]2C(=O)O[C@@H]1C,L1_16.2.1.1.3.2,6210,-6.35,10,7,Lariat,0.158036,0.0936854,-36.5188,11.366,9.692,1.674,0.154893,0.0827502,11.303,9.695,1.608,79,31,,train,-0.1749999999999998,0,0.0,train,test,train,train,train,valid,train,train,valid,train,-0.21720274
6195,2021_Kelly,CC(=O)N1CCC[C@@H]1C(=O)N(C)[C@H](CC(C)C)C(=O)N[C@@H]1C(=O)N[C@@H](CC(C)C)C(=O)N[C@@H](CC(C)C)C(=O)N(C)[C@@H](CC(C)C)C(=O)N[C@@H](C)C(=O)N[C@H](CC(C)C)C(=O)N2CCC[C@@H]2C(=O)O[C@@H]1C,L1_16.1.1.3.1.2,6195,-6.86,10,7,Lariat,0.174312,0.100361,-36.1242,11.298,9.584,1.714,0.160314,0.0896702,11.356,9.765,1.591,98,10,,train,-0.4300000000000001,0,0.0,train,test,train,train,valid,train,train,train,train,train,-0.55424297
6193,2021_Kelly,CC(=O)N1CCC[C@@H]1C(=O)N(C)[C@H](CC(C)C)C(=O)N[C@@H]1C(=O)N[C@@H](CC(C)C)C(=O)N[C@@H](CC(C)C)C(=O)N[C@@H](CC(C)C)C(=O)N(C)[C@@H](C)C(=O)N[C@H](CC(C)C)C(=O)N2CCC[C@@H]2C(=O)O[C@@H]1C,L1_16.1.1.1.3.2,6193,-6.66,10,7,Lariat,0.243802,0.13445,-40.2456,11.742,9.823,1.919,0.17211,0.0931389,11.212,9.378,1.834,56,91,,train,-0.33,0,0.0,train,test,train,train,valid,train,train,train,train,train,-0.44093156
6191,2021_Kelly,CC(=O)N1CCC[C@@H]1C(=O)N(C)[C@H](CC(C)C)C(=O)N[C@@H]1C(=O)N(C)[C@H](CC(C)C)C(=O)N(C)[C@H](CC(C)C)C(=O)N(C)[C@@H](CC(C)C)C(=O)N(C)[C@H](C)C(=O)N[C@H](CC(C)C)C(=O)N2CCC[C@H]2C(=O)O[C@@H]1C,L1_15.4.4.3.4.2,6191,-5.2,10,7,Lariat,0.184744,0.119511,-25.5664,11.668,10.209,1.459,0.218188,0.142635,11.509,9.892,1.617,86,85,,train,0.3999999999999999,1,1.0,train,test,train,train,test,train,train,train,train,train,0.32294083
6190,2021_Kelly,CC(=O)N1CCC[C@@H]1C(=O)N(C)[C@H](CC(C)C)C(=O)N[C@@H]1C(=O)N(C)[C@H](CC(C)C)C(=O)N(C)[C@H](CC(C)C)C(=O)N[C@H](CC(C)C)C(=O)N(C)[C@H](C)C(=O)N[C@H](CC(C)C)C(=O)N2CCC[C@H]2C(=O)O[C@@H]1C,L1_15.4.4.2.4.2,6190,-5.3,10,7,Lariat,0.164503,0.0920379,-25.5949,11.376,9.745,1.631,0.116017,0.0437548,10.429,9.036,1.393,44,39,,train,0.3500000000000001,1,1.0,train,test,train,train,train,train,train,train,train,train,0.24237427
6181,2021_Kelly,CC(=O)N1CCC[C@@H]1C(=O)N(C)[C@H](CC(C)C)C(=O)N[C@@H]1C(=O)N(C)[C@@H](CC(C)C)C(=O)N(C)[C@H](CC(C)C)C(=O)N(C)[C@H](CC(C)C)C(=O)N[C@@H](C)C(=O)N[C@H](CC(C)C)C(=O)N2CCC[C@H]2C(=O)O[C@@H]1C,L1_15.3.4.4.1.2,6181,-5.26,10,7,Lariat,0.15989,0.100748,-27.7447,11.602,9.827,1.775,0.173095,0.109472,11.431,9.854,1.577,23,77,,train,0.3700000000000001,1,1.0,train,test,train,train,train,train,train,train,train,train,0.15325657
6178,2021_Kelly,CC(=O)N1CCC[C@@H]1C(=O)N(C)[C@H](CC(C)C)C(=O)N[C@@H]1C(=O)N(C)[C@@H](CC(C)C)C(=O)N(C)[C@H](CC(C)C)C(=O)N(C)[C@@H](CC(C)C)C(=O)N[C@@H](C)C(=O)N[C@H](CC(C)C)C(=O)N2CCC[C@H]2C(=O)O[C@@H]1C,L1_15.3.4.3.1.2,6178,-5.94,10,7,Lariat,0.17514,0.113144,-29.2066,11.393,9.593,1.8,0.12999,0.0734804,10.546,9.221,1.325,85,67,,test,0.0299999999999998,1,1.0,test,test,train,train,train,train,valid,train,train,valid,0.1312753
6177,2021_Kelly,CC(=O)N1CCC[C@@H]1C(=O)N(C)[C@H](CC(C)C)C(=O)N[C@@H]1C(=O)N(C)[C@@H](CC(C)C)C(=O)N(C)[C@H](CC(C)C)C(=O)N[C@@H](CC(C)C)C(=O)N(C)[C@H](C)C(=O)N[C@H](CC(C)C)C(=O)N2CCC[C@H]2C(=O)O[C@@H]1C,L1_15.3.4.1.4.2,6177,-5.63,10,7,Lariat,0.139544,0.0852914,-27.0374,11.571,10.053,1.518,0.138198,0.0805489,11.42,10.057,1.363,90,33,,test,0.185,1,1.0,test,test,train,train,train,train,valid,train,train,train,0.2003346
6133,2021_Kelly,CC(=O)N1CCC[C@@H]1C(=O)N(C)[C@H](CC(C)C)C(=O)N[C@@H]1C(=O)N[C@H](CC(C)C)C(=O)N[C@H](CC(C)C)C(=O)N[C@@H](CC(C)C)C(=O)N(C)[C@H](C)C(=O)N[C@H](CC(C)C)C(=O)N2CCC[C@H]2C(=O)O[C@@H]1C,L1_15.2.2.1.4.2,6133,-5.99,10,7,Lariat,0.298945,0.211265,-32.5218,11.67,9.807,1.863,0.217839,0.144461,10.731,9.309,1.422,28,65,,train,0.0049999999999998,1,1.0,train,test,train,valid,train,train,train,test,test,test,0.031192191
6124,2021_Kelly,CC(=O)N1CCC[C@@H]1C(=O)N(C)[C@H](CC(C)C)C(=O)N[C@@H]1C(=O)N[C@H](CC(C)C)C(=O)N[C@@H](CC(C)C)C(=O)N[C@H](CC(C)C)C(=O)N[C@@H](C)C(=O)N[C@H](CC(C)C)C(=O)N2CCC[C@H]2C(=O)O[C@@H]1C,L1_15.2.1.2.1.2,6124,-7.14,10,7,Lariat,0.166778,0.094193,-28.8019,10.662,9.065,1.597,0.156834,0.0905584,11.187,9.54,1.647,39,3,,train,-0.5699999999999998,0,0.0,train,test,train,train,test,train,train,test,train,train,-0.33201903
6122,2021_Kelly,CC(=O)N1CCC[C@@H]1C(=O)N(C)[C@H](CC(C)C)C(=O)N[C@@H]1C(=O)N[C@@H](CC(C)C)C(=O)N(C)[C@H](CC(C)C)C(=O)N(C)[C@@H](CC(C)C)C(=O)N(C)[C@@H](C)C(=O)N[C@H](CC(C)C)C(=O)N2CCC[C@H]2C(=O)O[C@@H]1C,L1_15.1.4.3.3.2,6122,-5.87,10,7,Lariat,0.171565,0.106748,-22.7899,11.14,9.744,1.396,0.212574,0.138122,11.301,9.854,1.447,97,78,,train,0.0649999999999999,1,1.0,train,test,train,train,train,train,train,train,train,train,0.15574247
6098,2021_Kelly,CC(=O)N1CCC[C@H]1C(=O)N(C)[C@H](CC(C)C)C(=O)N[C@@H]1C(=O)N(C)[C@H](CC(C)C)C(=O)N(C)[C@H](CC(C)C)C(=O)N[C@H](CC(C)C)C(=O)N(C)[C@@H](C)C(=O)N[C@H](CC(C)C)C(=O)N2CCC[C@@H]2C(=O)O[C@@H]1C,L1_14.4.4.2.3.2,6098,-5.5,10,7,Lariat,0.19232,0.134959,-29.0039,11.792,10.011,1.781,0.122444,0.0504603,10.713,9.61,1.103,22,74,,train,0.25,1,1.0,train,test,train,train,train,train,train,train,train,train,0.25207916
6092,2021_Kelly,CC(=O)N1CCC[C@H]1C(=O)N(C)[C@H](CC(C)C)C(=O)N[C@@H]1C(=O)N(C)[C@H](CC(C)C)C(=O)N(C)[C@@H](CC(C)C)C(=O)N[C@@H](CC(C)C)C(=O)N[C@@H](C)C(=O)N[C@H](CC(C)C)C(=O)N2CCC[C@@H]2C(=O)O[C@@H]1C,L1_14.4.3.1.1.2,6092,-5.56,10,7,Lariat,0.181494,0.123693,-23.3805,11.113,9.361,1.752,0.201516,0.127178,10.792,9.246,1.546,68,8,,val,0.2200000000000002,1,1.0,valid,test,train,train,train,train,test,train,train,train,-0.20963044
6090,2021_Kelly,CC(=O)N1CCC[C@H]1C(=O)N(C)[C@H](CC(C)C)C(=O)N[C@@H]1C(=O)N(C)[C@H](CC(C)C)C(=O)N[C@H](CC(C)C)C(=O)N[C@H](CC(C)C)C(=O)N(C)[C@H](C)C(=O)N[C@H](CC(C)C)C(=O)N2CCC[C@@H]2C(=O)O[C@@H]1C,L1_14.4.2.2.4.2,6090,-6.45,10,7,Lariat,0.204018,0.134432,-27.7055,11.75,9.792,1.958,0.199453,0.131385,11.485,9.799,1.686,13,49,,train,-0.2250000000000001,0,0.0,train,test,valid,train,train,test,train,train,train,train,-0.0844814
6047,2021_Kelly,CC(=O)N1CCC[C@H]1C(=O)N(C)[C@H](CC(C)C)C(=O)N[C@@H]1C(=O)N[C@@H](CC(C)C)C(=O)N(C)[C@@H](CC(C)C)C(=O)N(C)[C@H](CC(C)C)C(=O)N(C)[C@H](C)C(=O)N[C@H](CC(C)C)C(=O)N2CCC[C@@H]2C(=O)O[C@@H]1C,L1_14.1.3.4.4.2,6047,-5.48,10,7,Lariat,0.12841,0.0616428,-26.7173,11.375,9.664,1.711,0.173616,0.0978604,11.846,9.925,1.921,91,36,,train,0.2599999999999998,1,1.0,train,test,train,train,test,train,train,train,train,train,0.107838914
6037,2021_Kelly,CC(=O)N1CCC[C@H]1C(=O)N(C)[C@H](CC(C)C)C(=O)N[C@@H]1C(=O)N[C@@H](CC(C)C)C(=O)N[C@@H](CC(C)C)C(=O)N[C@@H](CC(C)C)C(=O)N[C@@H](C)C(=O)N[C@H](CC(C)C)C(=O)N2CCC[C@@H]2C(=O)O[C@@H]1C,L1_14.1.1.1.1.2,6037,-7.68,10,7,Lariat,0.211649,0.132945,-30.7112,11.186,9.275,1.911,0.161069,0.0844242,11.265,9.396,1.869,10,99,,test,-0.8399999999999999,0,0.0,test,test,test,train,train,train,train,test,train,train,-0.626238
6025,2021_Kelly,CC(=O)N1CCC[C@H]1C(=O)N(C)[C@H](CC(C)C)C(=O)N[C@@H]1C(=O)N(C)[C@@H](CC(C)C)C(=O)N(C)[C@H](CC(C)C)C(=O)N(C)[C@H](CC(C)C)C(=O)N(C)[C@H](C)C(=O)N[C@H](CC(C)C)C(=O)N2CCC[C@H]2C(=O)O[C@@H]1C,L1_13.3.4.4.4.2,6025,-5.28,10,7,Lariat,0.14654,0.0860861,-15.7674,11.473,9.909,1.564,0.188866,0.123401,10.949,9.644,1.305,35,15,,train,0.3599999999999999,1,1.0,train,test,test,train,train,train,train,train,train,train,0.22603701
6010,2021_Kelly,CC(=O)N1CCC[C@H]1C(=O)N(C)[C@H](CC(C)C)C(=O)N[C@@H]1C(=O)N[C@H](CC(C)C)C(=O)N(C)[C@H](CC(C)C)C(=O)N[C@H](CC(C)C)C(=O)N(C)[C@@H](C)C(=O)N[C@H](CC(C)C)C(=O)N2CCC[C@H]2C(=O)O[C@@H]1C,L1_13.2.4.2.3.2,6010,-5.09,10,7,Lariat,0.113305,0.064064,-32.737,11.152,9.642,1.51,0.129045,0.0619559,10.94,9.459,1.481,83,31,,train,0.455,1,1.0,train,test,train,valid,train,train,train,train,train,train,0.30010122
6009,2021_Kelly,CC(=O)N1CCC[C@H]1C(=O)N(C)[C@H](CC(C)C)C(=O)N[C@@H]1C(=O)N[C@H](CC(C)C)C(=O)N(C)[C@H](CC(C)C)C(=O)N[C@@H](CC(C)C)C(=O)N[C@@H](C)C(=O)N[C@H](CC(C)C)C(=O)N2CCC[C@H]2C(=O)O[C@@H]1C,L1_13.2.4.1.1.2,6009,-5.9,10,7,Lariat,0.14006,0.0833958,-27.5728,11.286,10.023,1.263,0.13924,0.0871917,11.035,9.882,1.153,45,50,,test,0.0499999999999998,1,1.0,test,test,train,train,valid,train,valid,test,train,train,0.09499141
5992,2021_Kelly,CC(=O)N1CCC[C@H]1C(=O)N(C)[C@H](CC(C)C)C(=O)N[C@@H]1C(=O)N[C@H](CC(C)C)C(=O)N[C@@H](CC(C)C)C(=O)N[C@@H](CC(C)C)C(=O)N[C@@H](C)C(=O)N[C@H](CC(C)C)C(=O)N2CCC[C@H]2C(=O)O[C@@H]1C,L1_13.2.1.1.1.2,5992,-6.58,10,7,Lariat,0.232698,0.147106,-35.9859,11.482,9.538,1.944,0.255094,0.163506,10.612,8.939,1.673,82,28,,train,-0.29,0,0.0,train,test,train,train,train,valid,train,train,train,train,-0.20443882
5988,2021_Kelly,CC(=O)N1CCC[C@H]1C(=O)N(C)[C@H](CC(C)C)C(=O)N[C@@H]1C(=O)N[C@@H](CC(C)C)C(=O)N(C)[C@@H](CC(C)C)C(=O)N(C)[C@@H](CC(C)C)C(=O)N[C@@H](C)C(=O)N[C@H](CC(C)C)C(=O)N2CCC[C@H]2C(=O)O[C@@H]1C,L1_13.1.3.3.1.2,5988,-5.94,10,7,Lariat,0.230162,0.146656,-31.5464,11.552,9.788,1.764,0.174722,0.104372,11.414,9.562,1.852,34,13,,train,0.0299999999999998,1,1.0,train,test,train,train,valid,train,test,train,train,train,-0.016647406
5972,2021_Kelly,CC(=O)N1CCC[C@@H]1C(=O)N(C)[C@@H](CC(C)C)C(=O)N[C@@H]1C(=O)N(C)[C@H](CC(C)C)C(=O)N(C)[C@H](CC(C)C)C(=O)N[C@@H](CC(C)C)C(=O)N(C)[C@@H](C)C(=O)N[C@H](CC(C)C)C(=O)N2CCC[C@@H]2C(=O)O[C@@H]1C,L1_12.4.4.1.3.2,5972,-5.13,10,7,Lariat,0.255045,0.191185,-28.6151,11.917,10.0,1.917,0.13696,0.08127,11.957,10.182,1.775,81,93,,train,0.435,1,1.0,train,test,test,test,train,test,train,train,train,train,0.27042872
5969,2021_Kelly,CC(=O)N1CCC[C@@H]1C(=O)N(C)[C@@H](CC(C)C)C(=O)N[C@@H]1C(=O)N(C)[C@H](CC(C)C)C(=O)N[C@H](CC(C)C)C(=O)N(C)[C@H](CC(C)C)C(=O)N[C@H](C)C(=O)N[C@H](CC(C)C)C(=O)N2CCC[C@@H]2C(=O)O[C@@H]1C,L1_12.4.2.4.2.2,5969,-5.79,10,7,Lariat,0.210781,0.14098,-32.0331,11.507,9.625,1.882,0.127952,0.0724107,10.617,8.965,1.652,65,56,,train,0.1049999999999999,1,1.0,train,test,train,train,train,train,train,train,train,train,0.04982236
5968,2021_Kelly,CC(=O)N1CCC[C@@H]1C(=O)N(C)[C@@H](CC(C)C)C(=O)N[C@@H]1C(=O)N(C)[C@H](CC(C)C)C(=O)N[C@H](CC(C)C)C(=O)N(C)[C@@H](CC(C)C)C(=O)N(C)[C@H](C)C(=O)N[C@H](CC(C)C)C(=O)N2CCC[C@@H]2C(=O)O[C@@H]1C,L1_12.4.2.3.4.2,5968,-5.39,10,7,Lariat,0.114913,0.0498152,-25.5541,10.944,9.661,1.283,0.124515,0.052534,11.114,9.93,1.184,68,70,,train,0.3050000000000001,1,1.0,train,test,train,train,train,train,train,train,train,train,0.26871926
5962,2021_Kelly,CC(=O)N1CCC[C@@H]1C(=O)N(C)[C@@H](CC(C)C)C(=O)N[C@@H]1C(=O)N(C)[C@H](CC(C)C)C(=O)N[C@@H](CC(C)C)C(=O)N[C@H](CC(C)C)C(=O)N[C@@H](C)C(=O)N[C@H](CC(C)C)C(=O)N2CCC[C@@H]2C(=O)O[C@@H]1C,L1_12.4.1.2.1.2,5962,-6.31,10,7,Lariat,0.207202,0.136042,-29.9131,11.014,9.211,1.803,0.111981,0.0596933,10.59,9.173,1.417,22,7,,train,-0.1549999999999998,0,0.0,train,test,train,train,valid,train,train,train,train,train,-0.28412217
5961,2021_Kelly,CC(=O)N1CCC[C@@H]1C(=O)N(C)[C@@H](CC(C)C)C(=O)N[C@@H]1C(=O)N(C)[C@@H](CC(C)C)C(=O)N(C)[C@H](CC(C)C)C(=O)N(C)[C@H](CC(C)C)C(=O)N(C)[C@@H](C)C(=O)N[C@H](CC(C)C)C(=O)N2CCC[C@@H]2C(=O)O[C@@H]1C,L1_12.3.4.4.3.2,5961,-5.55,10,7,Lariat,0.174781,0.109544,-24.7284,12.335,10.401,1.934,0.209336,0.141319,11.844,10.278,1.566,33,80,,train,0.2250000000000001,1,1.0,train,test,train,train,train,train,train,train,valid,test,0.18650798
5956,2021_Kelly,CC(=O)N1CCC[C@@H]1C(=O)N(C)[C@@H](CC(C)C)C(=O)N[C@@H]1C(=O)N(C)[C@@H](CC(C)C)C(=O)N[C@H](CC(C)C)C(=O)N[C@@H](CC(C)C)C(=O)N[C@@H](C)C(=O)N[C@H](CC(C)C)C(=O)N2CCC[C@@H]2C(=O)O[C@@H]1C,L1_12.3.2.1.1.2,5956,-6.09,10,7,Lariat,0.163832,0.0910582,-29.6997,10.627,9.049,1.578,0.116515,0.0639246,10.13,8.488,1.642,5,78,,train,-0.0449999999999999,0,0.0,train,test,test,train,train,train,train,train,train,train,-0.5075064
5954,2021_Kelly,CC(=O)N1CCC[C@@H]1C(=O)N(C)[C@@H](CC(C)C)C(=O)N[C@@H]1C(=O)N(C)[C@@H](CC(C)C)C(=O)N[C@@H](CC(C)C)C(=O)N(C)[C@@H](CC(C)C)C(=O)N(C)[C@H](C)C(=O)N[C@H](CC(C)C)C(=O)N2CCC[C@@H]2C(=O)O[C@@H]1C,L1_12.3.1.3.4.2,5954,-5.33,10,7,Lariat,0.240033,0.176609,-30.4311,11.87,9.844,2.026,0.245276,0.182496,11.29,9.547,1.743,41,93,,train,0.3349999999999999,1,1.0,train,test,train,test,train,train,train,test,train,train,0.125853
5951,2021_Kelly,CC(=O)N1CCC[C@@H]1C(=O)N(C)[C@@H](CC(C)C)C(=O)N[C@@H]1C(=O)N(C)[C@@H](CC(C)C)C(=O)N[C@@H](CC(C)C)C(=O)N[C@@H](CC(C)C)C(=O)N[C@@H](C)C(=O)N[C@H](CC(C)C)C(=O)N2CCC[C@@H]2C(=O)O[C@@H]1C,L1_12.3.1.1.1.2,5951,-7.32,10,7,Lariat,0.244726,0.168727,-39.1909,11.483,9.627,1.856,0.229135,0.148426,11.162,9.429,1.733,74,13,,test,-0.6600000000000001,0,0.0,test,test,train,train,train,train,train,train,train,train,-0.60054916
5949,2021_Kelly,CC(=O)N1CCC[C@@H]1C(=O)N(C)[C@@H](CC(C)C)C(=O)N[C@@H]1C(=O)N[C@H](CC(C)C)C(=O)N(C)[C@@H](CC(C)C)C(=O)N[C@H](CC(C)C)C(=O)N[C@@H](C)C(=O)N[C@H](CC(C)C)C(=O)N2CCC[C@@H]2C(=O)O[C@@H]1C,L1_12.2.3.2.1.2,5949,-5.97,10,7,Lariat,0.195566,0.122936,-32.9057,10.855,9.3,1.555,0.154576,0.09354,10.641,9.052,1.589,24,97,,train,0.0150000000000001,1,1.0,train,test,test,train,train,train,train,train,train,train,0.031302985
5935,2021_Kelly,CC(=O)N1CCC[C@@H]1C(=O)N(C)[C@@H](CC(C)C)C(=O)N[C@@H]1C(=O)N[C@@H](CC(C)C)C(=O)N[C@H](CC(C)C)C(=O)N(C)[C@@H](CC(C)C)C(=O)N(C)[C@@H](C)C(=O)N[C@H](CC(C)C)C(=O)N2CCC[C@@H]2C(=O)O[C@@H]1C,L1_12.1.2.3.3.2,5935,-5.95,10,7,Lariat,0.203005,0.141171,-34.3044,11.267,9.489,1.778,0.204364,0.12914,11.789,9.957,1.832,92,37,,train,0.0249999999999999,1,1.0,train,test,train,train,train,train,valid,train,train,train,0.10268329
5924,2021_Kelly,CC(=O)N1CCC[C@@H]1C(=O)N(C)[C@@H](CC(C)C)C(=O)N[C@@H]1C(=O)N(C)[C@H](CC(C)C)C(=O)N(C)[C@H](CC(C)C)C(=O)N[C@@H](CC(C)C)C(=O)N(C)[C@H](C)C(=O)N[C@H](CC(C)C)C(=O)N2CCC[C@H]2C(=O)O[C@@H]1C,L1_11.4.4.1.4.2,5924,-5.33,10,7,Lariat,0.250984,0.173698,-26.1122,11.588,10.001,1.587,0.104747,0.0421047,10.855,9.65,1.205,94,31,,train,0.3349999999999999,1,1.0,train,test,train,train,valid,train,test,train,train,train,0.27741492
5908,2021_Kelly,CC(=O)N1CCC[C@@H]1C(=O)N(C)[C@@H](CC(C)C)C(=O)N[C@@H]1C(=O)N(C)[C@@H](CC(C)C)C(=O)N(C)[C@H](CC(C)C)C(=O)N[C@@H](CC(C)C)C(=O)N(C)[C@H](C)C(=O)N[C@H](CC(C)C)C(=O)N2CCC[C@H]2C(=O)O[C@@H]1C,L1_11.3.4.1.4.2,5908,-5.56,10,7,Lariat,0.140181,0.0835921,-23.7474,11.692,10.017,1.675,0.135287,0.0712738,11.406,9.873,1.533,43,92,,train,0.2200000000000002,1,1.0,train,test,train,train,train,train,test,train,train,train,0.18073292
5887,2021_Kelly,CC(=O)N1CCC[C@@H]1C(=O)N(C)[C@@H](CC(C)C)C(=O)N[C@@H]1C(=O)N[C@H](CC(C)C)C(=O)N(C)[C@@H](CC(C)C)C(=O)N(C)[C@H](CC(C)C)C(=O)N(C)[C@H](C)C(=O)N[C@H](CC(C)C)C(=O)N2CCC[C@H]2C(=O)O[C@@H]1C,L1_11.2.3.4.4.2,5887,-5.41,10,7,Lariat,0.174322,0.113377,-17.4944,11.693,10.168,1.525,0.13564,0.0752049,11.501,10.245,1.256,55,42,,train,0.2949999999999999,1,1.0,train,test,train,train,test,train,test,train,train,train,0.22687899
5886,2021_Kelly,CC(=O)N1CCC[C@@H]1C(=O)N(C)[C@@H](CC(C)C)C(=O)N[C@@H]1C(=O)N[C@H](CC(C)C)C(=O)N(C)[C@@H](CC(C)C)C(=O)N(C)[C@H](CC(C)C)C(=O)N(C)[C@@H](C)C(=O)N[C@H](CC(C)C)C(=O)N2CCC[C@H]2C(=O)O[C@@H]1C,L1_11.2.3.4.3.2,5886,-5.46,10,7,Lariat,0.16296,0.109046,-20.5281,11.01,9.804,1.206,0.157135,0.0933887,11.055,9.448,1.607,93,36,,test,0.27,1,1.0,test,test,train,train,train,test,train,train,train,train,0.2638932
5880,2021_Kelly,CC(=O)N1CCC[C@@H]1C(=O)N(C)[C@@H](CC(C)C)C(=O)N[C@@H]1C(=O)N[C@H](CC(C)C)C(=O)N(C)[C@@H](CC(C)C)C(=O)N[C@@H](CC(C)C)C(=O)N(C)[C@@H](C)C(=O)N[C@H](CC(C)C)C(=O)N2CCC[C@H]2C(=O)O[C@@H]1C,L1_11.2.3.1.3.2,5880,-5.43,10,7,Lariat,0.157624,0.0977781,-24.8543,11.473,9.607,1.866,0.164472,0.0987052,11.291,9.614,1.677,31,99,,train,0.2850000000000001,1,1.0,train,test,test,train,train,valid,valid,train,train,train,0.26757365
5859,2021_Kelly,CC(=O)N1CCC[C@@H]1C(=O)N(C)[C@@H](CC(C)C)C(=O)N[C@@H]1C(=O)N[C@@H](CC(C)C)C(=O)N(C)[C@H](CC(C)C)C(=O)N[C@H](CC(C)C)C(=O)N(C)[C@H](C)C(=O)N[C@H](CC(C)C)C(=O)N2CCC[C@H]2C(=O)O[C@@H]1C,L1_11.1.4.2.4.2,5859,-6.05,10,7,Lariat,0.170315,0.113103,-28.9589,11.613,9.895,1.718,0.118169,0.0606826,11.128,9.555,1.573,84,78,,train,-0.0249999999999999,0,0.0,train,test,train,train,train,train,train,train,train,train,0.080723986
5858,2021_Kelly,CC(=O)N1CCC[C@@H]1C(=O)N(C)[C@@H](CC(C)C)C(=O)N[C@@H]1C(=O)N[C@@H](CC(C)C)C(=O)N(C)[C@H](CC(C)C)C(=O)N[C@@H](CC(C)C)C(=O)N[C@@H](C)C(=O)N[C@H](CC(C)C)C(=O)N2CCC[C@H]2C(=O)O[C@@H]1C,L1_11.1.4.1.1.2,5858,-6.36,10,7,Lariat,0.203501,0.13356,-31.3048,11.743,9.833,1.91,0.213303,0.150823,11.337,9.7,1.637,96,62,,train,-0.1800000000000001,0,0.0,train,test,train,train,train,train,train,train,train,train,-0.12253924
5852,2021_Kelly,CC(=O)N1CCC[C@@H]1C(=O)N(C)[C@@H](CC(C)C)C(=O)N[C@@H]1C(=O)N[C@@H](CC(C)C)C(=O)N[C@H](CC(C)C)C(=O)N[C@H](CC(C)C)C(=O)N[C@H](C)C(=O)N[C@H](CC(C)C)C(=O)N2CCC[C@H]2C(=O)O[C@@H]1C,L1_11.1.2.2.2.2,5852,-6.82,10,7,Lariat,0.173288,0.114619,-35.2095,11.266,9.4,1.866,0.172222,0.102648,11.256,9.751,1.505,97,3,,train,-0.4100000000000001,0,0.0,train,test,train,train,valid,train,train,train,train,train,-0.49910265
5849,2021_Kelly,CC(=O)N1CCC[C@@H]1C(=O)N(C)[C@@H](CC(C)C)C(=O)N[C@@H]1C(=O)N[C@@H](CC(C)C)C(=O)N[C@@H](CC(C)C)C(=O)N(C)[C@@H](CC(C)C)C(=O)N(C)[C@H](C)C(=O)N[C@H](CC(C)C)C(=O)N2CCC[C@H]2C(=O)O[C@@H]1C,L1_11.1.1.3.4.2,5849,-6.18,10,7,Lariat,0.170012,0.108135,-27.3435,11.397,9.632,1.765,0.176522,0.115469,10.543,9.091,1.452,12,52,,train,-0.0899999999999998,0,0.0,train,test,valid,train,train,valid,train,train,valid,train,-0.019140378
5846,2021_Kelly,CC(=O)N1CCC[C@@H]1C(=O)N(C)[C@@H](CC(C)C)C(=O)N[C@@H]1C(=O)N[C@@H](CC(C)C)C(=O)N[C@@H](CC(C)C)C(=O)N[C@H](CC(C)C)C(=O)N(C)[C@H](C)C(=O)N[C@H](CC(C)C)C(=O)N2CCC[C@H]2C(=O)O[C@@H]1C,L1_11.1.1.2.4.2,5846,-6.59,10,7,Lariat,0.198231,0.135631,-36.6307,11.84,9.928,1.912,0.170111,0.108326,10.631,9.2,1.431,60,21,,test,-0.2949999999999999,0,0.0,test,test,train,train,train,train,train,train,train,train,-0.2571184
5842,2021_Kelly,CC(=O)N1CCC[C@H]1C(=O)N(C)[C@@H](CC(C)C)C(=O)N[C@@H]1C(=O)N(C)[C@H](CC(C)C)C(=O)N(C)[C@H](CC(C)C)C(=O)N[C@H](CC(C)C)C(=O)N(C)[C@H](C)C(=O)N[C@H](CC(C)C)C(=O)N2CCC[C@@H]2C(=O)O[C@@H]1C,L1_10.4.4.2.4.2,5842,-6.25,10,7,Lariat,0.126876,0.0684543,-27.4545,11.414,9.746,1.668,0.148213,0.0880679,10.872,9.286,1.586,81,44,,train,-0.125,0,0.0,train,test,train,train,train,train,train,train,train,train,0.14939702
5822,2021_Kelly,CC(=O)N1CCC[C@H]1C(=O)N(C)[C@@H](CC(C)C)C(=O)N[C@@H]1C(=O)N(C)[C@@H](CC(C)C)C(=O)N(C)[C@H](CC(C)C)C(=O)N(C)[C@@H](CC(C)C)C(=O)N(C)[C@H](C)C(=O)N[C@H](CC(C)C)C(=O)N2CCC[C@@H]2C(=O)O[C@@H]1C,L1_10.3.4.3.4.2,5822,-5.36,10,7,Lariat,0.146989,0.0883168,-22.6098,11.451,9.723,1.728,0.283776,0.191301,11.884,9.997,1.887,58,77,,train,0.3199999999999998,1,1.0,train,test,train,train,train,train,train,train,train,train,0.2111567
5811,2021_Kelly,CC(=O)N1CCC[C@H]1C(=O)N(C)[C@@H](CC(C)C)C(=O)N[C@@H]1C(=O)N(C)[C@@H](CC(C)C)C(=O)N(C)[C@@H](CC(C)C)C(=O)N[C@@H](CC(C)C)C(=O)N(C)[C@H](C)C(=O)N[C@H](CC(C)C)C(=O)N2CCC[C@@H]2C(=O)O[C@@H]1C,L1_10.3.3.1.4.2,5811,-5.89,10,7,Lariat,0.162504,0.0985205,-19.5504,11.63,9.858,1.772,0.126381,0.0741237,11.389,9.656,1.733,3,4,,train,0.0550000000000001,1,1.0,train,test,valid,train,train,test,train,test,train,train,0.13140878
5803,2021_Kelly,CC(=O)N1CCC[C@H]1C(=O)N(C)[C@@H](CC(C)C)C(=O)N[C@@H]1C(=O)N(C)[C@@H](CC(C)C)C(=O)N[C@@H](CC(C)C)C(=O)N(C)[C@@H](CC(C)C)C(=O)N[C@@H](C)C(=O)N[C@H](CC(C)C)C(=O)N2CCC[C@@H]2C(=O)O[C@@H]1C,L1_10.3.1.3.1.2,5803,-6.97,10,7,Lariat,0.256317,0.157083,-25.474,11.55,9.667,1.883,0.121281,0.0555988,11.013,9.406,1.607,53,55,,train,-0.4849999999999999,0,0.0,train,test,train,train,train,train,valid,train,train,train,-0.35711753
5797,2021_Kelly,CC(=O)N1CCC[C@H]1C(=O)N(C)[C@@H](CC(C)C)C(=O)N[C@@H]1C(=O)N[C@H](CC(C)C)C(=O)N(C)[C@H](CC(C)C)C(=O)N[C@H](CC(C)C)C(=O)N(C)[C@H](C)C(=O)N[C@H](CC(C)C)C(=O)N2CCC[C@@H]2C(=O)O[C@@H]1C,L1_10.2.4.2.4.2,5797,-6.93,10,7,Lariat,0.14987,0.0783313,-28.5661,11.131,9.418,1.713,0.124422,0.063348,10.407,8.988,1.419,49,100,,train,-0.4649999999999998,0,0.0,train,test,train,train,train,train,valid,train,train,train,0.013844788
5783,2021_Kelly,CC(=O)N1CCC[C@H]1C(=O)N(C)[C@@H](CC(C)C)C(=O)N[C@@H]1C(=O)N[C@H](CC(C)C)C(=O)N[C@@H](CC(C)C)C(=O)N(C)[C@H](CC(C)C)C(=O)N(C)[C@@H](C)C(=O)N[C@H](CC(C)C)C(=O)N2CCC[C@@H]2C(=O)O[C@@H]1C,L1_10.2.1.4.3.2,5783,-5.4,10,7,Lariat,0.118384,0.0652399,-19.4906,10.619,9.161,1.458,0.119366,0.0614512,10.786,9.393,1.393,9,72,,train,0.2999999999999998,1,1.0,train,test,train,train,train,train,valid,test,test,train,0.12003997
5764,2021_Kelly,CC(=O)N1CCC[C@H]1C(=O)N(C)[C@@H](CC(C)C)C(=O)N[C@@H]1C(=O)N[C@@H](CC(C)C)C(=O)N[C@@H](CC(C)C)C(=O)N[C@@H](CC(C)C)C(=O)N[C@@H](C)C(=O)N[C@H](CC(C)C)C(=O)N2CCC[C@@H]2C(=O)O[C@@H]1C,L1_10.1.1.1.1.2,5764,-9.0,10,7,Lariat,0.183303,0.105943,-31.8356,11.483,9.296,2.187,0.154083,0.0876652,11.234,9.287,1.947,67,56,,train,-1.0,0,0.0,train,test,test,train,train,valid,train,train,valid,train,-0.7101832
5757,2021_Kelly,CC(=O)N1CCC[C@H]1C(=O)N(C)[C@@H](CC(C)C)C(=O)N[C@@H]1C(=O)N(C)[C@H](CC(C)C)C(=O)N(C)[C@@H](CC(C)C)C(=O)N(C)[C@@H](CC(C)C)C(=O)N(C)[C@H](C)C(=O)N[C@@H](CC(C)C)C(=O)N2CCC[C@H]2C(=O)O[C@@H]1C,L1_1.4.3.3.4.1,5757,-5.32,10,7,Lariat,0.14167,0.0787718,-26.7761,12.066,10.277,1.789,0.146985,0.0830136,11.982,10.278,1.704,68,41,,train,0.3399999999999998,1,1.0,train,test,train,test,train,train,train,train,test,train,0.2279758
5753,2021_Kelly,CC(=O)N1CCC[C@H]1C(=O)N(C)[C@@H](CC(C)C)C(=O)N[C@@H]1C(=O)N(C)[C@H](CC(C)C)C(=O)N[C@H](CC(C)C)C(=O)N(C)[C@H](CC(C)C)C(=O)N[C@@H](C)C(=O)N[C@@H](CC(C)C)C(=O)N2CCC[C@H]2C(=O)O[C@@H]1C,L1_1.4.2.4.1.1,5753,-5.99,10,7,Lariat,0.142366,0.0822482,-18.8749,10.632,9.119,1.513,0.100578,0.0458643,9.977,8.71,1.267,90,34,,train,0.0049999999999998,1,1.0,train,test,train,train,train,train,test,train,valid,train,-0.03162127
5748,2021_Kelly,CC(=O)N1CCC[C@H]1C(=O)N(C)[C@@H](CC(C)C)C(=O)N[C@@H]1C(=O)N(C)[C@H](CC(C)C)C(=O)N[C@H](CC(C)C)C(=O)N[C@@H](CC(C)C)C(=O)N(C)[C@H](C)C(=O)N[C@@H](CC(C)C)C(=O)N2CCC[C@H]2C(=O)O[C@@H]1C,L1_1.4.2.1.4.1,5748,-6.1,10,7,Lariat,0.183056,0.110455,-30.4309,12.077,10.085,1.992,0.15362,0.0864038,11.408,9.736,1.672,92,31,,val,-0.0499999999999998,0,0.0,valid,test,train,train,train,train,train,train,train,train,-0.023722865
5734,2021_Kelly,CC(=O)N1CCC[C@H]1C(=O)N(C)[C@@H](CC(C)C)C(=O)N[C@@H]1C(=O)N(C)[C@@H](CC(C)C)C(=O)N[C@H](CC(C)C)C(=O)N(C)[C@H](CC(C)C)C(=O)N[C@@H](C)C(=O)N[C@@H](CC(C)C)C(=O)N2CCC[C@H]2C(=O)O[C@@H]1C,L1_1.3.2.4.1.1,5734,-6.23,10,7,Lariat,0.189167,0.117855,-38.9267,12.2,10.073,2.127,0.215766,0.142536,11.622,9.821,1.801,27,99,,train,-0.1150000000000002,0,0.0,train,test,train,valid,valid,train,train,test,train,valid,-0.12110351
5731,2021_Kelly,CC(=O)N1CCC[C@H]1C(=O)N(C)[C@@H](CC(C)C)C(=O)N[C@@H]1C(=O)N(C)[C@@H](CC(C)C)C(=O)N[C@@H](CC(C)C)C(=O)N(C)[C@H](CC(C)C)C(=O)N(C)[C@H](C)C(=O)N[C@@H](CC(C)C)C(=O)N2CCC[C@H]2C(=O)O[C@@H]1C,L1_1.3.1.4.4.1,5731,-5.22,10,7,Lariat,0.160444,0.0905989,-32.824,11.939,10.039,1.9,0.252481,0.183864,11.618,9.808,1.81,31,32,,train,0.3900000000000001,1,1.0,train,test,train,train,train,valid,train,train,train,train,0.1530518
5723,2021_Kelly,CC(=O)N1CCC[C@H]1C(=O)N(C)[C@@H](CC(C)C)C(=O)N[C@@H]1C(=O)N(C)[C@@H](CC(C)C)C(=O)N[C@@H](CC(C)C)C(=O)N[C@@H](CC(C)C)C(=O)N(C)[C@@H](C)C(=O)N[C@@H](CC(C)C)C(=O)N2CCC[C@H]2C(=O)O[C@@H]1C,L1_1.3.1.1.3.1,5723,-6.68,10,7,Lariat,0.225987,0.147383,-32.7092,11.466,9.372,2.094,0.166668,0.0987134,11.704,9.947,1.757,100,78,,train,-0.3399999999999998,0,0.0,train,test,train,train,train,train,test,valid,test,train,-0.20252824
5712,2021_Kelly,CC(=O)N1CCC[C@H]1C(=O)N(C)[C@@H](CC(C)C)C(=O)N[C@@H]1C(=O)N[C@H](CC(C)C)C(=O)N(C)[C@@H](CC(C)C)C(=O)N[C@@H](CC(C)C)C(=O)N(C)[C@@H](C)C(=O)N[C@@H](CC(C)C)C(=O)N2CCC[C@H]2C(=O)O[C@@H]1C,L1_1.2.3.1.3.1,5712,-5.96,10,7,Lariat,0.155328,0.100608,-26.196,11.202,9.608,1.594,0.159533,0.098388,11.836,9.965,1.871,29,75,,train,0.02,1,1.0,train,test,train,train,train,train,train,test,train,test,0.19565243
5696,2021_Kelly,CC(=O)N1CCC[C@H]1C(=O)N(C)[C@@H](CC(C)C)C(=O)N[C@@H]1C(=O)N[C@H](CC(C)C)C(=O)N[C@@H](CC(C)C)C(=O)N[C@H](CC(C)C)C(=O)N[C@H](C)C(=O)N[C@@H](CC(C)C)C(=O)N2CCC[C@H]2C(=O)O[C@@H]1C,L1_1.2.1.2.2.1,5696,-6.78,10,7,Lariat,0.176266,0.11615,-32.8537,10.894,8.947,1.947,0.101653,0.0506226,9.949,8.355,1.594,53,90,,train,-0.3900000000000001,0,0.0,train,test,train,train,train,train,train,train,train,train,-0.26019514
5695,2021_Kelly,CC(=O)N1CCC[C@H]1C(=O)N(C)[C@@H](CC(C)C)C(=O)N[C@@H]1C(=O)N[C@H](CC(C)C)C(=O)N[C@@H](CC(C)C)C(=O)N[C@@H](CC(C)C)C(=O)N(C)[C@@H](C)C(=O)N[C@@H](CC(C)C)C(=O)N2CCC[C@H]2C(=O)O[C@@H]1C,L1_1.2.1.1.3.1,5695,-6.56,10,7,Lariat,0.15354,0.083405,-25.6883,10.652,8.882,1.77,0.133867,0.0732574,10.734,9.038,1.696,2,90,,train,-0.2799999999999998,0,0.0,train,test,train,test,train,train,valid,train,train,train,-0.12040986
5680,2021_Kelly,CC(=O)N1CCC[C@H]1C(=O)N(C)[C@@H](CC(C)C)C(=O)N[C@@H]1C(=O)N[C@@H](CC(C)C)C(=O)N[C@H](CC(C)C)C(=O)N[C@@H](CC(C)C)C(=O)N[C@@H](C)C(=O)N[C@@H](CC(C)C)C(=O)N2CCC[C@H]2C(=O)O[C@@H]1C,L1_1.1.2.1.1.1,5680,-7.3,10,7,Lariat,0.189704,0.124288,-43.7203,11.194,9.012,2.182,0.19529,0.12087,11.337,9.424,1.913,26,4,,train,-0.6499999999999999,0,0.0,train,test,train,valid,test,train,train,train,test,train,-0.34419006
5595,2020_Townsend,CC(C)C[C@H]1C(=O)N[C@@H](Cc2ccccc2)CC(=O)N2CCC[C@@H]2C(=O)N(C)[C@H](CC(C)C)C(=O)N[C@@H](Cc2ccccc2)C(=O)N2CCC[C@H]2C(=O)N(C)[C@@H](C)C(=O)N1C,hepta_2018,5595,-5.23,7,7,Circle,0.126024,0.0404465,-24.5247,9.104,7.836,1.268,0.140222,0.0540582,9.268,7.969,1.299,75,24,,train,0.3849999999999998,1,1.0,train,test,test,train,train,train,train,train,train,train,0.11583079
5583,2020_Townsend,CC(C)C[C@@H]1NC(=O)CN(Cc2ccccc2)C(=O)[C@H](C)N(C)C(=O)[C@@H]2CCCN2C(=O)[C@H](Cc2ccccc2)NC(=O)[C@H](CC(C)C)N(C)C(=O)[C@H]2CCCN2C1=O,hepta_2006,5583,-5.43,7,7,Circle,0.11929,0.032916,-37.7083,8.738,7.582,1.156,0.167416,0.0658778,8.769,7.658,1.111,94,46,,train,0.2850000000000001,1,1.0,train,test,valid,train,train,train,valid,train,test,train,0.09420193
5581,2020_Townsend,CC(C)C[C@@H]1NC(=O)[C@H](C)N(C)C(=O)[C@@H]2CCCN2C(=O)[C@H](Cc2ccccc2)NC(=O)CN(Cc2ccccc2)C(=O)[C@H]2CCCN2C(=O)[C@H](CC(C)C)N(C)C1=O,hepta_2004,5581,-5.58,7,7,Circle,0.140128,0.0474574,-39.5656,9.18,7.97,1.21,0.149358,0.0417232,9.44,8.303,1.137,61,71,,train,0.2099999999999999,1,1.0,train,test,train,train,train,train,train,train,train,train,-0.08541347
5576,2020_Townsend,CC(C)C[C@H]1C(=O)N2CCC[C@@H]2C(=O)N[C@H](CC(C)C)C(=O)N[C@@H](Cc2ccccc2)C(=O)N2CCC[C@H]2C(=O)N(C)[C@@H](C)C(=O)N(Cc2ccccc2)CC(=O)N1C,hepta_1999,5576,-10.0,7,7,Circle,0.164124,0.0388506,-35.0756,9.253,8.071,1.182,0.143722,0.0449244,9.152,8.012,1.14,57,51,,train,-1.0,0,0.0,train,test,valid,valid,valid,test,test,test,train,test,-0.060860284
5563,2020_Townsend,CC(C)C[C@@H]1NC(=O)[C@H](C)N(C)C(=O)[C@@H]2CCCN2C(=O)[C@H](Cc2ccccc2)NC(=O)CN(Cc2ccccc2)C(=O)[C@H]2CCCN2C(=O)[C@@H](CC(C)C)NC1=O,hepta_1986,5563,-5.82,7,7,Circle,0.167127,0.0600707,-29.639,9.194,7.854,1.34,0.147316,0.0485324,9.024,7.851,1.173,16,46,,train,0.0899999999999998,1,1.0,train,test,train,train,train,train,train,train,train,train,-0.22686411
5560,2020_Townsend,CC(C)C[C@H]1C(=O)N2CCC[C@@H]2C(=O)N(C)[C@@H](CC(C)C)C(=O)N[C@@H](Cc2ccccc2)C(=O)N2CCC[C@H]2C(=O)N(C)[C@@H](C)C(=O)N[C@H](CC(C)C)C(=O)N1C,hepta_1983,5560,-5.43,7,7,Circle,0.139248,0.0456525,-26.7409,9.065,7.884,1.181,0.235744,0.12722,9.046,7.917,1.129,35,48,,train,0.2850000000000001,1,1.0,train,test,train,train,train,train,train,train,test,test,0.27495497
5552,2020_Townsend,CC(C)C[C@@H]1NC(=O)[C@H](C)N(C)C(=O)[C@@H]2CCCN2C(=O)[C@H](Cc2ccccc2)NC(=O)[C@H](CC(C)C)N(C)C(=O)[C@H]2CCCN2C(=O)[C@H](CC(C)C)NC1=O,hepta_1975,5552,-5.57,7,7,Circle,0.121434,0.0477067,-19.617,9.015,7.912,1.103,0.114584,0.0421336,9.077,7.955,1.122,27,65,,train,0.2149999999999998,1,1.0,train,test,train,train,train,train,train,train,train,train,0.13077891
5550,2020_Townsend,CC(C)C[C@@H]1NC(=O)[C@H]2CCCN2C(=O)[C@H](CC(C)C)NC(=O)[C@@H](CC(C)C)N(C)C(=O)[C@H](C)N(C)C(=O)[C@@H]2CCCN2C(=O)[C@H](Cc2ccccc2)NC1=O,hepta_1973,5550,-5.83,7,7,Circle,0.141446,0.0482338,-31.4718,9.519,8.277,1.242,0.144168,0.0328833,9.099,7.817,1.282,100,35,,train,0.0849999999999999,1,1.0,train,test,valid,train,train,train,train,train,train,train,-0.05551952
5545,2020_Townsend,CC(C)C[C@H]1NC(=O)[C@H](C)N(C)C(=O)[C@@H]2CCCN2C(=O)[C@H](Cc2ccccc2)NC(=O)[C@@H](CC(C)C)N(C)C(=O)[C@H]2CCCN2C(=O)[C@@H](CC(C)C)NC1=O,hepta_1968,5545,-5.94,7,7,Circle,0.112588,0.0396053,-28.2881,9.182,8.047,1.135,0.118381,0.0422659,9.135,7.999,1.136,61,12,,train,0.0299999999999998,1,1.0,train,test,train,train,train,train,train,train,train,train,0.08934935
5525,2020_Townsend,CC(C)C[C@H]1C(=O)N[C@H](CC(C)C)C(=O)N2CCC[C@@H]2C(=O)N(C)[C@@H](CC(C)C)C(=O)N[C@@H](Cc2ccccc2)C(=O)N2CCC[C@H]2C(=O)N[C@H](C)C(=O)N1C,hepta_1948,5525,-5.65,7,7,Circle,0.161803,0.0733767,-27.2605,9.322,8.011,1.311,0.117362,0.0463765,9.111,7.86,1.251,64,59,,train,0.1749999999999998,1,1.0,train,test,test,train,train,train,train,train,test,test,0.10308655
5524,2020_Townsend,CC(C)C[C@@H]1NC(=O)[C@@H](C)NC(=O)[C@@H]2CCCN2C(=O)[C@H](Cc2ccccc2)NC(=O)[C@H](CC(C)C)N(C)C(=O)[C@H]2CCCN2C(=O)[C@@H](CC(C)C)N(C)C1=O,hepta_1947,5524,-6.16,7,7,Circle,0.168796,0.0613717,-23.4258,9.024,7.933,1.091,0.134757,0.0393728,8.586,7.519,1.067,66,31,,train,-0.08,0,0.0,train,test,train,train,train,train,valid,train,train,train,0.015654536
5520,2020_Townsend,CC(C)C[C@@H]1NC(=O)[C@H]2CCCN2C(=O)[C@H](CC(C)C)N(C)C(=O)[C@H](CC(C)C)NC(=O)[C@@H](C)NC(=O)[C@@H]2CCCN2C(=O)[C@H](Cc2ccccc2)NC1=O,hepta_1943,5520,-6.11,7,7,Circle,0.195969,0.0815097,-23.5056,8.578,7.356,1.222,0.122175,0.0507976,8.708,7.519,1.189,7,77,,val,-0.0550000000000001,0,0.0,valid,test,train,test,train,train,valid,train,train,train,-0.197161
5511,2020_Townsend,CC(C)C[C@@H]1C(=O)N2CCC[C@H]2C(=O)N(Cc2ccccc2)CC(=O)N[C@@H](Cc2ccccc2)C(=O)N2CCC[C@H]2C(=O)N[C@@H](C)C(=O)N(Cc2ccccc2)CC(=O)N1C,hepta_1934,5511,-6.24,7,7,Circle,0.193963,0.0751791,-32.7773,9.051,7.735,1.316,0.190647,0.0674755,8.912,7.574,1.338,95,37,,train,-0.1200000000000001,0,0.0,train,test,train,train,test,train,train,train,train,valid,-0.03798908
5509,2020_Townsend,CC(C)C[C@H]1C(=O)N[C@@H](Cc2ccccc2)C(=O)N2CCC[C@H]2C(=O)N[C@@H](C)C(=O)N(C)[C@H](CC(C)C)C(=O)N[C@@H](Cc2ccccc2)CC(=O)N2CCC[C@H]2C(=O)N1C,hepta_1932,5509,-5.65,7,7,Circle,0.176371,0.0779851,-22.4385,9.206,8.048,1.158,0.214029,0.0879716,9.374,8.163,1.211,2,34,,train,0.1749999999999998,1,1.0,train,test,train,train,train,train,train,train,train,train,0.05297412
5488,2020_Townsend,CC(C)C[C@H]1C(=O)N[C@@H](Cc2ccccc2)C(=O)N2CCC[C@H]2C(=O)N[C@@H](C)C(=O)N[C@H](CC(C)C)C(=O)N(Cc2ccccc2)CC(=O)N2CCC[C@H]2C(=O)N1C,hepta_1911,5488,-5.53,7,7,Circle,0.110998,0.0397109,-31.9101,8.586,7.466,1.12,0.171681,0.0706354,8.917,7.703,1.214,7,61,,val,0.2349999999999998,1,1.0,valid,test,train,train,test,train,train,train,train,train,-0.24902113
5459,2020_Townsend,CC(C)C[C@H]1NC(=O)[C@@H]2CCCN2C(=O)CN(Cc2ccccc2)C(=O)[C@@H](CC(C)C)NC(=O)[C@H](C)NC(=O)[C@@H]2CCCN2C(=O)[C@H](Cc2ccccc2)NC1=O,hepta_1882,5459,-5.95,7,7,Circle,0.21653,0.0816775,-43.2203,9.232,7.783,1.449,0.159477,0.0624385,8.555,7.19,1.365,14,52,,train,0.0249999999999999,1,1.0,train,test,train,valid,train,train,train,train,train,test,-0.3025232
5439,2020_Townsend,CC(C)C[C@@H]1NC(=O)[C@@H]2CCCN2C(=O)[C@@H](CC(C)C)NC(=O)[C@@H](CC(C)C)N(C)C(=O)[C@H](C)NC(=O)[C@@H]2CCCN2C(=O)[C@H](Cc2ccccc2)NC1=O,hepta_1862,5439,-5.92,7,7,Circle,0.183967,0.0925509,-27.6833,8.828,7.599,1.229,0.153196,0.0487254,8.764,7.503,1.261,11,66,,train,0.04,1,1.0,train,test,train,train,train,train,test,train,train,train,-0.045546725
5434,2020_Townsend,CC(C)C[C@H]1NC(=O)[C@@H]2CCCN2C(=O)[C@@H](CC(C)C)NC(=O)[C@@H](CC(C)C)N(C)C(=O)[C@H](C)NC(=O)[C@@H]2CCCN2C(=O)[C@H](Cc2ccccc2)NC1=O,hepta_1857,5434,-6.18,7,7,Circle,0.209581,0.0922076,-30.2619,9.178,7.774,1.404,0.119584,0.0447822,8.54,7.404,1.136,34,94,,val,-0.0899999999999998,0,0.0,valid,test,train,train,train,train,test,train,train,test,-0.07365697
5424,2020_Townsend,CC(C)C[C@H]1C(=O)N(Cc2ccccc2)CC(=O)N2CCC[C@@H]2C(=O)N(Cc2ccccc2)CC(=O)N[C@@H](Cc2ccccc2)C(=O)N2CCC[C@H]2C(=O)N[C@@H](Cc2ccccc2)CC(=O)N1C,hepta_1847,5424,-7.14,7,7,Circle,0.172573,0.0464511,-34.0784,9.366,8.171,1.195,0.167446,0.0364786,9.758,8.538,1.22,18,96,,train,-0.5699999999999998,0,0.0,train,test,train,train,train,train,train,train,valid,train,-0.020579427
5417,2020_Townsend,CC(C)C[C@@H]1NC(=O)[C@H]2CCCN2C(=O)CN(Cc2ccccc2)C(=O)CN(Cc2ccccc2)C(=O)C[C@H](Cc2ccccc2)NC(=O)[C@@H]2CCCN2C(=O)[C@H](Cc2ccccc2)NC1=O,hepta_1840,5417,-6.03,7,7,Circle,0.182184,0.0471202,-33.62,9.732,8.65,1.082,0.215265,0.0845318,9.818,8.645,1.173,60,58,,train,-0.0150000000000001,0,0.0,train,test,train,train,train,train,train,train,train,train,-0.3948884
5390,2020_Townsend,CC(C)C[C@H]1NC(=O)C[C@H](Cc2ccccc2)NC(=O)[C@@H]2CCCN2C(=O)[C@H](Cc2ccccc2)NC(=O)[C@@H](CC(C)C)NC(=O)[C@H]2CCCN2C(=O)C[C@H](Cc2ccccc2)NC1=O,hepta_1813,5390,-5.71,7,7,Circle,0.160052,0.0428336,-30.82,9.871,8.796,1.075,0.166521,0.0421367,9.995,8.919,1.076,44,45,,train,0.145,1,1.0,train,test,train,train,train,train,train,train,train,train,0.05323452
5355,2020_Townsend,CC(C)C[C@H]1NC(=O)C[C@H](Cc2ccccc2)NC(=O)[C@@H]2CCCN2C(=O)[C@H](Cc2ccccc2)NC(=O)[C@@H](CC(C)C)N(C)C(=O)[C@H]2CCCN2C(=O)[C@@H](CC(C)C)NC1=O,hepta_1778,5355,-5.47,7,7,Circle,0.147734,0.0507543,-32.6772,9.812,8.458,1.354,0.10975,0.0401922,9.765,8.598,1.167,54,95,,train,0.2650000000000001,1,1.0,train,test,valid,train,train,train,train,train,train,valid,0.15323171
5348,2020_Townsend,CCCN1CC(=O)N(C)[C@@H](CC(C)C)C(=O)N[C@@H](Cc2ccccc2)CC(=O)N2CCC[C@H]2C(=O)N(Cc2ccccc2)CC(=O)N[C@@H](Cc2ccccc2)C(=O)N2CCC[C@H]2C1=O,hepta_1771,5348,-5.67,7,7,Circle,0.155654,0.0367637,-38.5555,9.743,8.349,1.394,0.13208,0.0437164,9.673,8.363,1.31,31,17,,train,0.165,1,1.0,train,test,test,valid,test,valid,train,train,train,train,0.042063147
5344,2020_Townsend,CCCN1CC(=O)N(Cc2ccccc2)CC(=O)N[C@@H](Cc2ccccc2)CC(=O)N2CCC[C@H]2C(=O)N[C@@H](CC(C)C)C(=O)N[C@@H](Cc2ccccc2)C(=O)N2CCC[C@H]2C1=O,hepta_1767,5344,-6.28,7,7,Circle,0.159567,0.0441091,-49.8002,9.698,8.371,1.327,0.161256,0.045141,9.438,8.2,1.238,59,29,,train,-0.1400000000000001,0,0.0,train,test,train,train,test,train,train,train,train,train,-0.45245808
5329,2020_Townsend,CCCN1CC(=O)N(C)[C@H](CC(C)C)C(=O)N(Cc2ccccc2)CC(=O)N2CCC[C@H]2C(=O)N(C)[C@@H](CC(C)C)C(=O)N[C@@H](Cc2ccccc2)C(=O)N2CCC[C@H]2C1=O,hepta_1752,5329,-5.3,7,7,Circle,0.173277,0.065206,-29.3684,9.01,7.839,1.171,0.11805,0.0379978,8.834,7.72,1.114,76,78,,test,0.3500000000000001,1,1.0,test,test,train,train,train,train,train,train,train,train,0.2742216
5322,2020_Townsend,CCCN1CC(=O)N[C@@H](CC(C)C)C(=O)N(Cc2ccccc2)CC(=O)N2CCC[C@H]2C(=O)N(C)[C@@H](CC(C)C)C(=O)N[C@@H](Cc2ccccc2)C(=O)N2CCC[C@H]2C1=O,hepta_1745,5322,-5.42,7,7,Circle,0.157645,0.0526354,-28.4971,9.538,8.478,1.06,0.172703,0.0522812,9.485,8.465,1.02,16,32,,train,0.29,1,1.0,train,test,train,train,train,train,train,train,test,train,0.23221447
5314,2020_Townsend,CCCN1CC(=O)N(Cc2ccccc2)CC(=O)N(C)[C@H](CC(C)C)C(=O)N2CCC[C@H]2C(=O)N[C@@H](CC(C)C)C(=O)N[C@@H](Cc2ccccc2)C(=O)N2CCC[C@H]2C1=O,hepta_1737,5314,-5.99,7,7,Circle,0.13415,0.0454536,-25.4499,9.33,8.115,1.215,0.156552,0.0490155,9.445,8.223,1.222,58,66,,train,0.0049999999999998,1,1.0,train,test,train,valid,train,train,train,train,valid,train,-0.50280803
5313,2020_Townsend,CCCN1CC(=O)N[C@H](CC(C)C)C(=O)N[C@@H](Cc2ccccc2)CC(=O)N2CCC[C@H]2C(=O)N[C@@H](CC(C)C)C(=O)N[C@@H](Cc2ccccc2)C(=O)N2CCC[C@H]2C1=O,hepta_1736,5313,-6.22,7,7,Circle,0.153902,0.0467148,-29.4768,9.522,8.217,1.305,0.157872,0.059214,9.456,8.241,1.215,40,63,,train,-0.1099999999999998,0,0.0,train,test,train,train,train,test,test,train,train,train,-0.2497351
5307,2020_Townsend,CCCN1CC(=O)N(C)[C@@H](CC(C)C)C(=O)N(C)[C@H](CC(C)C)C(=O)N2CCC[C@H]2C(=O)N(C)[C@H](CC(C)C)C(=O)N[C@@H](Cc2ccccc2)C(=O)N2CCC[C@H]2C1=O,hepta_1730,5307,-4.89,7,7,Circle,0.132009,0.0529263,-29.388,9.615,8.488,1.127,0.145061,0.0526386,9.155,8.108,1.047,41,82,,train,0.5550000000000002,1,1.0,train,test,valid,train,valid,train,train,train,train,train,0.3859306
5295,2020_Townsend,CCCN1CC(=O)N(C)[C@@H](CC(C)C)C(=O)N(C)[C@H](CC(C)C)C(=O)N2CCC[C@H]2C(=O)N[C@@H](CC(C)C)C(=O)N[C@@H](Cc2ccccc2)C(=O)N2CCC[C@H]2C1=O,hepta_1718,5295,-5.69,7,7,Circle,0.103141,0.0393315,-24.0801,8.727,7.711,1.016,0.124998,0.0338774,8.78,7.813,0.967,77,92,,train,0.1549999999999998,1,1.0,train,test,train,test,train,train,train,valid,test,train,0.20804898
5294,2020_Townsend,CCCN1CC(=O)N(C)[C@H](CC(C)C)C(=O)N(C)[C@@H](CC(C)C)C(=O)N2CCC[C@H]2C(=O)N[C@@H](CC(C)C)C(=O)N[C@@H](Cc2ccccc2)C(=O)N2CCC[C@H]2C1=O,hepta_1717,5294,-6.22,7,7,Circle,0.14182,0.0642813,-29.0722,9.47,8.332,1.138,0.13376,0.0360395,9.459,8.384,1.075,52,6,,train,-0.1099999999999998,0,0.0,train,test,train,train,train,train,train,train,test,train,0.08426108
5272,2020_Townsend,CCCN1CC(=O)N[C@H](CC(C)C)C(=O)N(C)[C@@H](CC(C)C)C(=O)N2CCC[C@H]2C(=O)N[C@@H](CC(C)C)C(=O)N[C@@H](Cc2ccccc2)C(=O)N2CCC[C@H]2C1=O,hepta_1695,5272,-6.07,7,7,Circle,0.125528,0.0431932,-19.7471,9.006,7.703,1.303,0.118076,0.0351305,8.921,7.699,1.222,98,65,,train,-0.0350000000000001,0,0.0,train,test,train,train,train,train,train,train,valid,test,-0.055336155
5251,2020_Townsend,CC(C)C[C@H]1C(=O)N[C@@H](Cc2ccccc2)CC(=O)N2CCC[C@H]2C(=O)N(C)[C@H](CC(C)C)C(=O)N[C@@H](Cc2ccccc2)C(=O)N2CCC[C@H]2C(=O)N[C@@H](Cc2ccccc2)CC(=O)N1C,hepta_1674,5251,-5.97,7,7,Circle,0.195602,0.0632752,-26.6536,10.329,9.146,1.183,0.178308,0.0736012,10.067,9.078,0.989,39,45,,train,0.0150000000000001,1,1.0,train,test,train,valid,train,train,train,train,train,valid,0.09191148
5249,2020_Townsend,CC(C)C[C@H]1C(=O)N(C)[C@@H](CC(C)C)C(=O)N2CCC[C@H]2C(=O)N(Cc2ccccc2)CC(=O)N[C@@H](Cc2ccccc2)C(=O)N2CCC[C@H]2C(=O)N[C@@H](Cc2ccccc2)CC(=O)N1C,hepta_1672,5249,-5.5,7,7,Circle,0.178319,0.0626247,-30.3658,10.147,9.088,1.059,0.201415,0.0633778,10.25,9.332,0.918,41,19,,train,0.25,1,1.0,train,test,train,test,train,test,train,train,train,valid,0.13058159
5248,2020_Townsend,CC(C)C[C@@H]1NC(=O)C[C@H](Cc2ccccc2)NC(=O)[C@@H]2CCCN2C(=O)[C@H](Cc2ccccc2)NC(=O)[C@H](CC(C)C)N(C)C(=O)[C@@H]2CCCN2C(=O)C[C@H](Cc2ccccc2)NC1=O,hepta_1671,5248,-5.52,7,7,Circle,0.224577,0.0919916,-32.0289,10.128,8.81,1.318,0.162461,0.0419501,9.984,8.752,1.232,53,93,,test,0.2400000000000002,1,1.0,test,test,train,train,train,train,valid,train,train,train,0.12662427
5240,2020_Townsend,CC(C)C[C@@H]1C(=O)N2CCC[C@H]2C(=O)N(C)[C@H](CC(C)C)C(=O)N[C@@H](Cc2ccccc2)C(=O)N2CCC[C@H]2C(=O)N[C@@H](Cc2ccccc2)CC(=O)N(Cc2ccccc2)CC(=O)N1C,hepta_1663,5240,-5.76,7,7,Circle,0.187865,0.061934,-29.4069,10.07,8.825,1.245,0.26009,0.103489,9.737,8.523,1.214,11,50,,train,0.1200000000000001,1,1.0,train,test,train,valid,train,valid,train,train,train,train,0.14451018
5238,2020_Townsend,CC(C)C[C@@H]1NC(=O)C[C@H](Cc2ccccc2)NC(=O)[C@@H]2CCCN2C(=O)[C@H](Cc2ccccc2)NC(=O)[C@H](CC(C)C)N(C)C(=O)[C@@H]2CCCN2C(=O)CN(Cc2ccccc2)C1=O,hepta_1661,5238,-5.64,7,7,Circle,0.173838,0.0496953,-29.8299,9.645,8.491,1.154,0.1683,0.0445598,9.419,8.414,1.005,100,49,,train,0.1800000000000001,1,1.0,train,test,valid,train,train,train,test,train,train,train,0.1385786
5198,2020_Townsend,CC(C)C[C@@H]1NC(=O)C[C@H](Cc2ccccc2)NC(=O)[C@@H]2CCCN2C(=O)[C@H](Cc2ccccc2)NC(=O)[C@H](CC(C)C)N(C)C(=O)[C@@H]2CCCN2C(=O)[C@H](CC(C)C)NC1=O,hepta_1621,5198,-5.57,7,7,Circle,0.18849,0.0722821,-39.3123,9.853,8.369,1.484,0.115731,0.040323,9.202,8.047,1.155,91,32,,train,0.2149999999999998,1,1.0,train,test,test,train,train,train,valid,train,train,train,0.14979582
5183,2020_Townsend,CC(C)C[C@H]1NC(=O)[C@@H]2CCCN2C(=O)[C@@H](CC(C)C)NC(=O)[C@@H](CC(C)C)N(C)C(=O)C[C@H](Cc2ccccc2)NC(=O)[C@@H]2CCCN2C(=O)[C@H](Cc2ccccc2)NC1=O,hepta_1606,5183,-5.49,7,7,Circle,0.138837,0.05408,-31.2807,9.867,8.492,1.375,0.195669,0.054832,10.032,8.684,1.348,22,6,,train,0.2549999999999999,1,1.0,train,test,test,train,train,train,train,train,train,train,0.1708743
5166,2020_Townsend,CCCN1CC(=O)N[C@@H](CC(C)C)C(=O)N[C@@H](Cc2ccccc2)CC(=O)N2CCC[C@@H]2C(=O)N(C)[C@@H](CC(C)C)C(=O)N[C@@H](Cc2ccccc2)C(=O)N2CCC[C@@H]2C1=O,hepta_1589,5166,-5.64,7,7,Circle,0.157953,0.0482735,-22.7877,9.598,8.387,1.211,0.164132,0.0385834,9.746,8.48,1.266,92,37,,train,0.1800000000000001,1,1.0,train,test,train,valid,valid,train,valid,train,train,train,0.14883476
5131,2020_Townsend,CCCN1CC(=O)N[C@H](CC(C)C)C(=O)N[C@@H](Cc2ccccc2)CC(=O)N2CCC[C@@H]2C(=O)N[C@H](CC(C)C)C(=O)N[C@@H](Cc2ccccc2)C(=O)N2CCC[C@@H]2C1=O,hepta_1554,5131,-5.76,7,7,Circle,0.161358,0.0559296,-20.626,8.961,7.753,1.208,0.151824,0.0520258,9.206,7.864,1.342,46,9,,train,0.1200000000000001,1,1.0,train,test,train,train,test,train,train,train,test,test,0.0116043165
5114,2020_Townsend,CCCN1CC(=O)N(C)[C@@H](CC(C)C)C(=O)N[C@H](CC(C)C)C(=O)N2CCC[C@@H]2C(=O)N(C)[C@@H](CC(C)C)C(=O)N[C@@H](Cc2ccccc2)C(=O)N2CCC[C@@H]2C1=O,hepta_1537,5114,-5.16,7,7,Circle,0.16975,0.0481571,-36.9503,9.879,8.667,1.212,0.172862,0.0706439,9.291,8.355,0.936,74,67,,train,0.4199999999999999,1,1.0,train,test,train,train,train,train,test,train,train,train,0.35615343
5086,2020_Townsend,CCCN1CC(=O)N[C@@H](CC(C)C)C(=O)N[C@@H](CC(C)C)C(=O)N2CCC[C@@H]2C(=O)N[C@@H](CC(C)C)C(=O)N[C@@H](Cc2ccccc2)C(=O)N2CCC[C@@H]2C1=O,hepta_1509,5086,-5.74,7,7,Circle,0.125988,0.0497729,-25.9658,9.141,7.887,1.254,0.153044,0.0491648,8.76,7.706,1.054,19,45,,train,0.1299999999999999,1,1.0,train,test,train,train,train,train,train,train,train,test,0.011665553
5073,2020_Townsend,CC(C)C[C@H]1C(=O)N[C@@H](Cc2ccccc2)CC(=O)N2CCC[C@@H]2C(=O)N(C)[C@H](CC(C)C)C(=O)N[C@@H](Cc2ccccc2)C(=O)N2CCC[C@@H]2C(=O)N[C@@H](Cc2ccccc2)CC(=O)N1C,hepta_1496,5073,-5.55,7,7,Circle,0.307874,0.153099,-26.0616,10.113,8.829,1.284,0.144988,0.060791,10.076,8.866,1.21,15,30,,train,0.2250000000000001,1,1.0,train,test,test,valid,train,train,train,train,test,valid,0.21210901
5068,2020_Townsend,CC(C)C[C@H]1C(=O)N(Cc2ccccc2)CC(=O)N2CCC[C@@H]2C(=O)N(C)[C@@H](CC(C)C)C(=O)N[C@@H](Cc2ccccc2)C(=O)N2CCC[C@@H]2C(=O)N[C@@H](Cc2ccccc2)CC(=O)N1C,hepta_1491,5068,-5.37,7,7,Circle,0.217241,0.0756445,-28.8812,9.897,8.739,1.158,0.180547,0.0615264,9.868,8.759,1.109,90,39,,train,0.3149999999999999,1,1.0,train,test,train,train,test,train,test,train,valid,train,0.15506202
5047,2020_Townsend,CC(C)C[C@H]1NC(=O)[C@@H](CC(C)C)N(C)C(=O)C[C@H](Cc2ccccc2)NC(=O)[C@H]2CCCN2C(=O)[C@H](Cc2ccccc2)NC(=O)CN(Cc2ccccc2)C(=O)[C@H]2CCCN2C1=O,hepta_1470,5047,-5.91,7,7,Circle,0.180768,0.0574616,-42.5791,10.36,8.997,1.363,0.146071,0.0444508,9.989,8.762,1.227,75,41,,train,0.0449999999999999,1,1.0,train,test,test,train,test,train,train,train,train,train,0.11747961
5022,2020_Townsend,CC(C)C[C@@H]1NC(=O)C[C@H](Cc2ccccc2)NC(=O)[C@H]2CCCN2C(=O)[C@H](Cc2ccccc2)NC(=O)[C@H](CC(C)C)N(C)C(=O)[C@H]2CCCN2C(=O)[C@H](CC(C)C)NC1=O,hepta_1445,5022,-5.31,7,7,Circle,0.149813,0.0513925,-19.1419,9.287,8.097,1.19,0.184573,0.0501541,9.451,8.464,0.987,56,16,,train,0.3450000000000002,1,1.0,train,test,train,test,train,train,train,train,train,train,0.19946338
5013,2020_Townsend,CC(C)C[C@H]1C(=O)N2CCC[C@@H]2C(=O)N[C@H](CC(C)C)C(=O)N[C@@H](Cc2ccccc2)C(=O)N2CCC[C@@H]2C(=O)N[C@@H](Cc2ccccc2)CC(=O)N[C@H](CC(C)C)C(=O)N1C,hepta_1436,5013,-5.69,7,7,Circle,0.169091,0.0516055,-31.765,10.035,8.631,1.404,0.165935,0.0520412,9.612,8.423,1.189,81,88,,train,0.1549999999999998,1,1.0,train,test,test,train,train,train,test,valid,train,train,0.18292274
5010,2020_Townsend,CC(C)C[C@@H]1NC(=O)C[C@H](Cc2ccccc2)NC(=O)[C@H]2CCCN2C(=O)[C@H](Cc2ccccc2)NC(=O)[C@@H](CC(C)C)NC(=O)[C@H]2CCCN2C(=O)[C@@H](CC(C)C)N(C)C1=O,hepta_1433,5010,-5.54,7,7,Circle,0.166957,0.0673633,-21.7213,9.065,7.959,1.106,0.155232,0.0493128,9.104,7.937,1.167,58,58,,train,0.2299999999999999,1,1.0,train,test,train,train,train,test,train,train,train,train,0.0961744
5002,2020_Townsend,CC(C)C[C@@H]1NC(=O)C[C@H](Cc2ccccc2)NC(=O)[C@H]2CCCN2C(=O)[C@H](Cc2ccccc2)NC(=O)[C@H](CC(C)C)NC(=O)[C@H]2CCCN2C(=O)[C@H](CC(C)C)NC1=O,hepta_1425,5002,-5.74,7,7,Circle,0.137436,0.0454402,-17.7135,9.256,8.161,1.095,0.208508,0.0850868,9.214,7.976,1.238,31,95,,val,0.1299999999999999,1,1.0,valid,test,train,valid,train,train,train,train,train,train,0.019748122
5000,2020_Townsend,CC(C)C[C@@H]1NC(=O)C[C@H](Cc2ccccc2)NC(=O)[C@H]2CCCN2C(=O)[C@H](Cc2ccccc2)NC(=O)[C@H](CC(C)C)NC(=O)[C@H]2CCCN2C(=O)[C@@H](CC(C)C)NC1=O,hepta_1423,5000,-6.55,7,7,Circle,0.155845,0.055154,-33.3766,10.22,8.547,1.673,0.164876,0.0425287,9.256,7.973,1.283,72,23,,val,-0.2749999999999999,0,0.0,valid,test,valid,train,train,test,train,train,train,valid,-0.010077491
4998,2020_Townsend,CC(C)C[C@@H]1NC(=O)[C@H]2CCCN2C(=O)[C@@H](CC(C)C)NC(=O)[C@@H](CC(C)C)NC(=O)C[C@H](Cc2ccccc2)NC(=O)[C@H]2CCCN2C(=O)[C@H](Cc2ccccc2)NC1=O,hepta_1421,4998,-6.27,7,7,Circle,0.196202,0.0676768,-26.1381,9.434,8.113,1.321,0.183091,0.0776098,9.419,8.228,1.191,98,51,,train,-0.1349999999999998,0,0.0,train,test,train,train,train,valid,train,train,train,train,-0.03913816
4991,2020_Townsend,CC(C)C[C@H]1C(=O)N[C@@H](Cc2ccccc2)CC(=O)N2CCC[C@H]2C(=O)N(C)[C@@H](CC(C)C)C(=O)N[C@@H](Cc2ccccc2)C(=O)N2CCC[C@@H]2C(=O)N[C@@H](Cc2ccccc2)CC(=O)N1C,hepta_1414,4991,-5.23,7,7,Circle,0.240998,0.092776,-25.8366,10.194,9.081,1.113,0.149503,0.0604596,10.003,8.902,1.101,40,33,,train,0.3849999999999998,1,1.0,train,test,train,train,train,train,train,train,train,train,0.20451552
4979,2020_Townsend,CC(C)C[C@H]1NC(=O)C[C@H](Cc2ccccc2)NC(=O)[C@H]2CCCN2C(=O)[C@H](Cc2ccccc2)NC(=O)CN(Cc2ccccc2)C(=O)[C@@H]2CCCN2C(=O)CN(Cc2ccccc2)C1=O,hepta_1402,4979,-5.85,7,7,Circle,0.191288,0.0605161,-37.6961,9.817,8.451,1.366,0.132103,0.0369859,9.488,8.403,1.085,19,38,,train,0.0750000000000001,1,1.0,train,test,train,valid,train,train,test,train,train,train,-0.053817302
4974,2020_Townsend,CC(C)C[C@H]1NC(=O)C[C@H](Cc2ccccc2)NC(=O)[C@H]2CCCN2C(=O)[C@H](Cc2ccccc2)NC(=O)[C@@H](CC(C)C)N(C)C(=O)[C@@H]2CCCN2C(=O)C[C@H](Cc2ccccc2)NC1=O,hepta_1397,4974,-5.74,7,7,Circle,0.147203,0.0426961,-28.6384,9.706,8.673,1.033,0.152071,0.0351146,9.799,8.845,0.954,99,81,,train,0.1299999999999999,1,1.0,train,test,train,train,test,train,train,train,train,train,0.07392241
4973,2020_Townsend,CC(C)C[C@@H]1C(=O)N(Cc2ccccc2)CC(=O)N2CCC[C@H]2C(=O)N(C)[C@H](CC(C)C)C(=O)N[C@@H](Cc2ccccc2)C(=O)N2CCC[C@@H]2C(=O)N[C@@H](Cc2ccccc2)CC(=O)N1C,hepta_1396,4973,-5.48,7,7,Circle,0.170864,0.0590041,-32.68,9.738,8.707,1.031,0.196258,0.0924276,9.846,8.731,1.115,55,83,,train,0.2599999999999998,1,1.0,train,test,train,train,train,train,train,train,train,train,0.21110366
4941,2020_Townsend,CC(C)C[C@@H]1NC(=O)C[C@H](Cc2ccccc2)NC(=O)[C@H]2CCCN2C(=O)[C@H](Cc2ccccc2)NC(=O)CN(Cc2ccccc2)C(=O)[C@@H]2CCCN2C(=O)[C@@H](CC(C)C)NC1=O,hepta_1364,4941,-5.85,7,7,Circle,0.255468,0.0853804,-27.8004,9.758,8.47,1.288,0.170072,0.0500048,9.546,8.347,1.199,38,42,,train,0.0750000000000001,1,1.0,train,test,test,train,test,valid,train,train,test,train,0.093838565
4939,2020_Townsend,CC(C)C[C@@H]1NC(=O)[C@@H](CC(C)C)N(C)C(=O)C[C@H](Cc2ccccc2)NC(=O)[C@H]2CCCN2C(=O)[C@H](Cc2ccccc2)NC(=O)[C@H](CC(C)C)N(C)C(=O)[C@@H]2CCCN2C1=O,hepta_1362,4939,-5.52,7,7,Circle,0.194826,0.048722,-27.6234,9.827,8.607,1.22,0.201277,0.0632058,9.815,8.672,1.143,49,3,,train,0.2400000000000002,1,1.0,train,test,train,train,test,train,train,train,train,train,0.26432735
4920,2020_Townsend,CC(C)C[C@@H]1NC(=O)[C@@H]2CCCN2C(=O)[C@@H](CC(C)C)N(C)C(=O)[C@H](CC(C)C)NC(=O)C[C@H](Cc2ccccc2)NC(=O)[C@H]2CCCN2C(=O)[C@H](Cc2ccccc2)NC1=O,hepta_1343,4920,-5.36,7,7,Circle,0.178667,0.0543058,-31.1938,10.073,8.736,1.337,0.123173,0.0371358,9.496,8.35,1.146,85,80,,train,0.3199999999999998,1,1.0,train,test,train,train,train,train,train,train,train,train,0.15349743
4914,2020_Townsend,CC(C)C[C@@H]1NC(=O)[C@@H](CC(C)C)N(C)C(=O)C[C@H](Cc2ccccc2)NC(=O)[C@H]2CCCN2C(=O)[C@H](Cc2ccccc2)NC(=O)[C@@H](CC(C)C)NC(=O)[C@@H]2CCCN2C1=O,hepta_1337,4914,-5.36,7,7,Circle,0.151552,0.0447112,-30.3378,10.026,8.716,1.31,0.151663,0.0405062,9.453,8.325,1.128,20,100,,train,0.3199999999999998,1,1.0,train,test,train,train,train,train,train,train,test,train,0.114629775
4905,2020_Townsend,CC(C)C[C@@H]1NC(=O)C[C@H](Cc2ccccc2)NC(=O)[C@H]2CCCN2C(=O)[C@H](Cc2ccccc2)NC(=O)[C@H](CC(C)C)NC(=O)[C@@H]2CCCN2C(=O)[C@H](CC(C)C)NC1=O,hepta_1328,4905,-5.71,7,7,Circle,0.225784,0.0809651,-35.0239,9.748,8.326,1.422,0.201221,0.0691544,9.641,8.199,1.442,55,11,,train,0.145,1,1.0,train,test,test,train,train,test,train,train,test,test,0.0037236735
4856,2020_Townsend,CC(C)C[C@H]1C(=O)N[C@@H](Cc2ccccc2)C(=O)N2CCC[C@H]2C(=O)N(C)[C@H](C)C(=O)N(C)[C@H](CC(C)C)C(=O)N(C)[C@H](CC(C)C)C(=O)N2CCC[C@@H]2C(=O)N1C,hepta_1279,4856,-5.12,7,7,Circle,0.113577,0.0350162,-21.7569,8.871,7.873,0.998,0.152352,0.0595998,8.935,8.047,0.888,33,73,,train,0.4399999999999999,1,1.0,train,test,valid,train,valid,train,train,train,train,valid,0.31689805
4847,2020_Townsend,CC(C)C[C@@H]1NC(=O)[C@H]2CCCN2C(=O)CN(Cc2ccccc2)C(=O)[C@@H](CC(C)C)NC(=O)[C@@H](C)N(C)C(=O)[C@@H]2CCCN2C(=O)[C@H](Cc2ccccc2)NC1=O,hepta_1270,4847,-5.99,7,7,Circle,0.144198,0.0582213,-31.5718,9.074,7.771,1.303,0.150971,0.0710532,8.808,7.634,1.174,56,36,,test,0.0049999999999998,1,1.0,test,test,train,train,train,test,valid,valid,train,train,-0.8315483
4844,2020_Townsend,CC(C)C[C@H]1C(=O)N2CCC[C@@H]2C(=O)N(C)[C@@H](CC(C)C)C(=O)N[C@@H](Cc2ccccc2)C(=O)N2CCC[C@H]2C(=O)N(C)[C@H](C)C(=O)N[C@H](CC(C)C)C(=O)N1C,hepta_1267,4844,-5.14,7,7,Circle,0.111618,0.048519,-41.8748,9.153,7.88,1.273,0.140045,0.037215,9.202,8.214,0.988,91,43,,train,0.4300000000000001,1,1.0,train,test,train,train,train,train,train,train,valid,train,0.28981304
4839,2020_Townsend,CC(C)C[C@H]1C(=O)N2CCC[C@@H]2C(=O)N(C)[C@H](CC(C)C)C(=O)N[C@@H](Cc2ccccc2)C(=O)N2CCC[C@H]2C(=O)N(C)[C@H](C)C(=O)N[C@H](CC(C)C)C(=O)N1C,hepta_1262,4839,-5.18,7,7,Circle,0.126038,0.0520791,-33.2468,9.263,7.907,1.356,0.140724,0.0468741,9.118,8.062,1.056,76,23,,train,0.4100000000000001,1,1.0,train,test,train,train,train,train,test,train,train,train,0.3038993
4832,2020_Townsend,CC(C)C[C@@H]1NC(=O)[C@H]2CCCN2C(=O)[C@H](CC(C)C)N(C)C(=O)[C@H](CC(C)C)NC(=O)[C@@H](C)N(C)C(=O)[C@@H]2CCCN2C(=O)[C@H](Cc2ccccc2)NC1=O,hepta_1255,4832,-5.64,7,7,Circle,0.143352,0.0488377,-33.631,9.006,7.82,1.186,0.121575,0.0338224,8.707,7.716,0.991,77,17,,train,0.1800000000000001,1,1.0,train,test,train,test,train,train,train,train,test,train,-0.05210522
4823,2020_Townsend,CC(C)C[C@@H]1NC(=O)[C@@H](C)N(C)C(=O)[C@@H]2CCCN2C(=O)[C@H](Cc2ccccc2)NC(=O)[C@@H](CC(C)C)NC(=O)[C@H]2CCCN2C(=O)[C@@H](CC(C)C)N(C)C1=O,hepta_1246,4823,-5.49,7,7,Circle,0.11229,0.0397084,-29.4383,9.282,8.2,1.082,0.143614,0.0458478,9.088,8.141,0.947,96,94,,train,0.2549999999999999,1,1.0,train,test,train,train,train,valid,valid,train,train,train,0.033597745
4817,2020_Townsend,CC(C)C[C@@H]1NC(=O)[C@@H](C)N(C)C(=O)[C@@H]2CCCN2C(=O)[C@H](Cc2ccccc2)NC(=O)[C@H](CC(C)C)NC(=O)[C@H]2CCCN2C(=O)[C@H](CC(C)C)NC1=O,hepta_1240,4817,-6.31,7,7,Circle,0.138722,0.0405344,-41.9925,9.243,7.806,1.437,0.133765,0.0426455,8.68,7.42,1.26,52,42,,train,-0.1549999999999998,0,0.0,train,test,train,train,train,train,valid,train,train,test,-0.21278076
4799,2020_Townsend,CC(C)C[C@@H]1NC(=O)[C@@H]2CCCN2C(=O)CN(Cc2ccccc2)C(=O)CN(Cc2ccccc2)C(=O)[C@@H](C)N(C)C(=O)[C@@H]2CCCN2C(=O)[C@H](Cc2ccccc2)NC1=O,hepta_1222,4799,-6.8,7,7,Circle,0.238075,0.100295,-40.0302,9.441,8.187,1.254,0.132676,0.0341334,9.023,7.998,1.025,63,100,,train,-0.3999999999999999,0,0.0,train,test,train,train,valid,valid,train,train,train,train,-0.30140316
4792,2020_Townsend,CC(C)C[C@H]1C(=O)N2CCC[C@H]2C(=O)N(Cc2ccccc2)CC(=O)N[C@@H](Cc2ccccc2)C(=O)N2CCC[C@H]2C(=O)N(C)[C@H](C)C(=O)N(C)[C@H](CC(C)C)C(=O)N1C,hepta_1215,4792,-5.7,7,7,Circle,0.13066,0.0362966,-28.4874,9.187,8.174,1.013,0.161153,0.038058,9.524,8.204,1.32,63,74,,train,0.1499999999999999,1,1.0,train,test,train,train,valid,train,train,train,train,train,0.17701848
4780,2020_Townsend,CC(C)C[C@H]1C(=O)N[C@@H](Cc2ccccc2)C(=O)N2CCC[C@H]2C(=O)N(C)[C@H](C)C(=O)N(Cc2ccccc2)CC(=O)N[C@H](CC(C)C)C(=O)N2CCC[C@H]2C(=O)N1C,hepta_1203,4780,-5.2,7,7,Circle,0.190039,0.0714301,-33.0195,9.396,8.197,1.199,0.104698,0.0370102,8.614,7.655,0.959,26,2,,train,0.3999999999999999,1,1.0,train,test,train,train,train,train,train,test,train,train,0.24208345
4774,2020_Townsend,CC(C)C[C@H]1C(=O)N[C@@H](Cc2ccccc2)C(=O)N2CCC[C@H]2C(=O)N(C)[C@H](C)C(=O)N(C)[C@H](CC(C)C)C(=O)N(C)[C@@H](CC(C)C)C(=O)N2CCC[C@H]2C(=O)N1C,hepta_1197,4774,-5.36,7,7,Circle,0.103178,0.0358126,-32.6695,9.633,8.579,1.054,0.127504,0.0410805,9.285,8.171,1.114,68,95,,train,0.3199999999999998,1,1.0,train,test,train,train,train,valid,test,valid,train,train,0.39341623
4759,2020_Townsend,CC(C)C[C@@H]1NC(=O)[C@@H](C)N(C)C(=O)[C@@H]2CCCN2C(=O)[C@H](Cc2ccccc2)NC(=O)[C@H](CC(C)C)N(C)C(=O)[C@@H]2CCCN2C(=O)[C@H](CC(C)C)N(C)C1=O,hepta_1182,4759,-5.42,7,7,Circle,0.130135,0.0543611,-28.18,9.251,8.112,1.139,0.130282,0.0474338,9.168,8.187,0.981,6,100,,val,0.29,1,1.0,valid,test,test,train,train,train,train,train,train,valid,0.24652176
4739,2020_Townsend,CC(C)C[C@H]1NC(=O)[C@@H](C)N(C)C(=O)[C@@H]2CCCN2C(=O)[C@H](Cc2ccccc2)NC(=O)[C@@H](CC(C)C)N(C)C(=O)[C@@H]2CCCN2C(=O)[C@@H](CC(C)C)N(C)C1=O,hepta_1162,4739,-5.26,7,7,Circle,0.131447,0.0532757,-28.2462,9.323,7.983,1.34,0.165529,0.0529816,9.187,8.025,1.162,70,68,,val,0.3700000000000001,1,1.0,valid,test,train,train,train,train,train,valid,test,train,0.2249599
4723,2020_Townsend,CC(C)C[C@@H]1NC(=O)[C@@H]2CCCN2C(=O)[C@H](CC(C)C)NC(=O)[C@H](CC(C)C)NC(=O)[C@@H](C)N(C)C(=O)[C@@H]2CCCN2C(=O)[C@H](Cc2ccccc2)NC1=O,hepta_1146,4723,-6.52,7,7,Circle,0.183592,0.10397,-34.872,8.785,7.461,1.324,0.135767,0.0606886,8.544,7.385,1.159,84,53,,train,-0.2599999999999998,0,0.0,train,test,train,train,train,train,valid,test,train,train,-0.20770504
4720,2020_Townsend,CC(C)C[C@@H]1NC(=O)[C@@H](C)N(C)C(=O)[C@@H]2CCCN2C(=O)[C@H](Cc2ccccc2)NC(=O)[C@@H](CC(C)C)NC(=O)[C@@H]2CCCN2C(=O)[C@@H](CC(C)C)NC1=O,hepta_1143,4720,-6.34,7,7,Circle,0.17044,0.0609527,-40.5659,9.382,7.98,1.402,0.208579,0.0825151,8.65,7.399,1.251,49,80,,test,-0.1699999999999999,0,0.0,test,test,valid,train,train,train,train,train,train,train,-0.17109396
4718,2020_Townsend,CC(C)C[C@H]1NC(=O)[C@@H]2CCCN2C(=O)[C@@H](CC(C)C)NC(=O)[C@@H](CC(C)C)NC(=O)[C@@H](C)N(C)C(=O)[C@@H]2CCCN2C(=O)[C@H](Cc2ccccc2)NC1=O,hepta_1141,4718,-6.01,7,7,Circle,0.150514,0.0446594,-28.9069,8.853,7.714,1.139,0.107658,0.0406988,8.835,7.736,1.099,77,44,,train,-0.0049999999999998,0,0.0,train,test,train,train,train,train,train,train,test,test,-0.13438177
4713,2020_Townsend,CC(C)C[C@@H]1C(=O)N(Cc2ccccc2)CC(=O)N2CCC[C@H]2C(=O)N(Cc2ccccc2)CC(=O)N[C@@H](Cc2ccccc2)C(=O)N2CCC[C@H]2C(=O)N(C)[C@@H](C)C(=O)N1C,hepta_1136,4713,-5.92,7,7,Circle,0.145756,0.0451,-28.7971,9.287,8.145,1.142,0.182822,0.0651946,9.246,8.106,1.14,74,53,,train,0.04,1,1.0,train,test,train,train,train,train,valid,test,train,train,-0.13482882
4709,2020_Townsend,CC(C)C[C@@H]1NC(=O)CN(Cc2ccccc2)C(=O)[C@H](C)N(C)C(=O)[C@@H]2CCCN2C(=O)[C@H](Cc2ccccc2)NC(=O)CN(Cc2ccccc2)C(=O)[C@@H]2CCCN2C1=O,hepta_1132,4709,-5.81,7,7,Circle,0.152263,0.058774,-41.4658,9.208,7.946,1.262,0.14923,0.0375596,8.918,7.859,1.059,47,51,,test,0.0950000000000002,1,1.0,test,test,valid,train,train,train,train,valid,train,test,-0.047447756
4698,2020_Townsend,CC(C)C[C@H]1C(=O)N[C@@H](Cc2ccccc2)C(=O)N2CCC[C@H]2C(=O)N(C)[C@@H](C)C(=O)N[C@H](CC(C)C)C(=O)N[C@@H](Cc2ccccc2)CC(=O)N2CCC[C@H]2C(=O)N1C,hepta_1121,4698,-5.58,7,7,Circle,0.141786,0.0597378,-33.9805,9.309,7.983,1.326,0.142061,0.0538477,9.027,7.874,1.153,88,19,,test,0.2099999999999999,1,1.0,test,test,train,train,test,train,train,train,train,train,0.0755562
4689,2020_Townsend,CC(C)C[C@@H]1NC(=O)[C@@H](CC(C)C)N(C)C(=O)[C@H](C)N(C)C(=O)[C@@H]2CCCN2C(=O)[C@H](Cc2ccccc2)NC(=O)CN(Cc2ccccc2)C(=O)[C@@H]2CCCN2C1=O,hepta_1112,4689,-5.81,7,7,Circle,0.162139,0.0552052,-25.9612,9.497,8.342,1.155,0.158284,0.0470895,9.009,7.977,1.032,54,47,,train,0.0950000000000002,1,1.0,train,test,train,train,train,train,test,train,test,train,0.030268986
4685,2020_Townsend,CC(C)C[C@H]1C(=O)N[C@@H](Cc2ccccc2)C(=O)N2CCC[C@H]2C(=O)N(C)[C@@H](C)C(=O)N[C@H](CC(C)C)C(=O)N(Cc2ccccc2)CC(=O)N2CCC[C@H]2C(=O)N1C,hepta_1108,4685,-6.09,7,7,Circle,0.145074,0.0667722,-36.9101,9.234,7.917,1.317,0.117007,0.0414837,9.065,7.921,1.144,55,78,,test,-0.0449999999999999,0,0.0,test,test,train,train,train,train,test,train,train,train,0.19947563
4673,2020_Townsend,CC(C)C[C@H]1C(=O)N2CCC[C@H]2C(=O)N(C)[C@H](CC(C)C)C(=O)N[C@@H](Cc2ccccc2)C(=O)N2CCC[C@H]2C(=O)N(C)[C@@H](C)C(=O)N(C)[C@H](CC(C)C)C(=O)N1C,hepta_1096,4673,-5.73,7,7,Circle,0.141351,0.0434703,-27.6631,9.46,8.324,1.136,0.134009,0.0352595,9.268,8.293,0.975,96,65,,train,0.1349999999999998,1,1.0,train,test,train,train,train,test,train,test,train,train,0.30896795
4659,2020_Townsend,CC(C)C[C@H]1NC(=O)[C@@H]2CCCN2C(=O)[C@@H](CC(C)C)NC(=O)CN(Cc2ccccc2)C(=O)[C@H](C)N(C)C(=O)[C@@H]2CCCN2C(=O)[C@H](Cc2ccccc2)NC1=O,hepta_1082,4659,-5.8,7,7,Circle,0.149903,0.0416468,-31.9287,9.068,7.883,1.185,0.241505,0.109787,8.695,7.477,1.218,68,70,,train,0.1,1,1.0,train,test,train,train,valid,valid,train,train,train,train,-0.010641649
4638,2020_Townsend,CC(C)C[C@@H]1NC(=O)[C@H](C)N(C)C(=O)[C@@H]2CCCN2C(=O)[C@H](Cc2ccccc2)NC(=O)[C@@H](CC(C)C)NC(=O)[C@@H]2CCCN2C(=O)[C@@H](CC(C)C)N(C)C1=O,hepta_1061,4638,-5.96,7,7,Circle,0.145919,0.0405345,-27.518,9.17,7.906,1.264,0.159874,0.0520462,8.92,7.676,1.244,43,63,,train,0.02,1,1.0,train,test,train,train,train,train,train,train,train,train,-0.025526091
4637,2020_Townsend,CC(C)C[C@H]1C(=O)N2CCC[C@H]2C(=O)N[C@H](CC(C)C)C(=O)N[C@@H](Cc2ccccc2)C(=O)N2CCC[C@H]2C(=O)N(C)[C@@H](C)C(=O)N[C@H](CC(C)C)C(=O)N1C,hepta_1060,4637,-6.38,7,7,Circle,0.133541,0.0461425,-32.0056,9.107,7.785,1.322,0.105,0.039155,8.761,7.518,1.243,49,16,,train,-0.1899999999999999,0,0.0,train,test,test,test,train,train,train,train,train,test,0.05158642
4634,2020_Townsend,CC(C)C[C@H]1NC(=O)[C@H](C)N(C)C(=O)[C@@H]2CCCN2C(=O)[C@H](Cc2ccccc2)NC(=O)[C@@H](CC(C)C)N(C)C(=O)[C@@H]2CCCN2C(=O)[C@@H](CC(C)C)NC1=O,hepta_1057,4634,-6.0,7,7,Circle,0.125015,0.0575981,-33.129,9.419,7.975,1.444,0.147773,0.0477756,8.862,7.859,1.003,64,71,,train,0.0,1,1.0,train,test,train,train,train,train,train,train,train,train,0.1444946
4631,2020_Townsend,CC(C)C[C@@H]1NC(=O)[C@H](C)N(C)C(=O)[C@@H]2CCCN2C(=O)[C@H](Cc2ccccc2)NC(=O)[C@@H](CC(C)C)NC(=O)[C@@H]2CCCN2C(=O)[C@H](CC(C)C)NC1=O,hepta_1054,4631,-4.0,7,7,Circle,0.124598,0.0613533,-37.6244,9.127,7.664,1.463,0.137955,0.0546751,8.495,7.209,1.286,100,50,,val,1.0,1,1.0,valid,test,valid,train,train,train,test,train,valid,train,-0.45444125
4621,2020_Townsend,CC(C)C[C@H]1C(=O)N(Cc2ccccc2)CC(=O)N2CCC[C@@H]2C(=O)N(C)[C@@H](CC(C)C)C(=O)N[C@@H](Cc2ccccc2)C(=O)N2CCC[C@H]2C(=O)N[C@@H](C)C(=O)N1C,hepta_1044,4621,-10.0,7,7,Circle,0.152703,0.0584431,-29.0115,9.221,8.093,1.128,0.14698,0.0509251,9.273,8.026,1.247,73,17,,train,-1.0,0,0.0,train,test,test,train,train,train,train,train,train,train,-0.11179587
4594,2020_Townsend,CC(C)C[C@@H]1NC(=O)[C@H](CC(C)C)N(C)C(=O)[C@H](C)NC(=O)[C@@H]2CCCN2C(=O)[C@H](Cc2ccccc2)NC(=O)[C@H](CC(C)C)N(C)C(=O)[C@H]2CCCN2C1=O,hepta_1017,4594,-5.28,7,7,Circle,0.115577,0.0357289,-33.7965,9.04,7.767,1.273,0.150533,0.0718529,8.8,7.769,1.031,32,57,,train,0.3599999999999999,1,1.0,train,test,train,test,valid,train,train,train,train,train,0.21797042
4588,2020_Townsend,CC(C)C[C@@H]1NC(=O)[C@H]2CCCN2C(=O)[C@H](CC(C)C)N(C)C(=O)[C@@H](CC(C)C)N(C)C(=O)[C@H](C)NC(=O)[C@@H]2CCCN2C(=O)[C@H](Cc2ccccc2)NC1=O,hepta_1011,4588,-5.84,7,7,Circle,0.128786,0.0450436,-29.0375,9.063,7.843,1.22,0.117907,0.0307661,9.174,7.976,1.198,91,62,,train,0.08,1,1.0,train,test,valid,train,train,test,train,train,train,train,0.015708407
4584,2020_Townsend,CC(C)C[C@@H]1NC(=O)[C@@H](CC(C)C)N(C)C(=O)[C@H](C)NC(=O)[C@@H]2CCCN2C(=O)[C@H](Cc2ccccc2)NC(=O)[C@@H](CC(C)C)N(C)C(=O)[C@H]2CCCN2C1=O,hepta_1007,4584,-5.9,7,7,Circle,0.140588,0.0446513,-28.8908,9.128,7.818,1.31,0.124501,0.0394311,8.919,7.66,1.259,16,28,,train,0.0499999999999998,1,1.0,train,test,train,valid,train,train,train,train,train,train,0.14217144
4583,2020_Townsend,CC(C)C[C@H]1C(=O)N[C@@H](Cc2ccccc2)C(=O)N2CCC[C@H]2C(=O)N[C@@H](C)C(=O)N(C)[C@H](CC(C)C)C(=O)N[C@H](CC(C)C)C(=O)N2CCC[C@@H]2C(=O)N1C,hepta_1006,4583,-5.37,7,7,Circle,0.110932,0.0440025,-24.8172,9.031,7.826,1.205,0.122472,0.0431677,9.099,7.789,1.31,91,63,,test,0.3149999999999999,1,1.0,test,test,train,train,train,train,train,train,test,train,0.009336002
4559,2020_Townsend,CC(C)C[C@H]1NC(=O)[C@H](C)NC(=O)[C@@H]2CCCN2C(=O)[C@H](Cc2ccccc2)NC(=O)[C@@H](CC(C)C)NC(=O)[C@H]2CCCN2C(=O)[C@@H](CC(C)C)NC1=O,hepta_982,4559,-10.0,7,7,Circle,0.132104,0.0470929,-26.9825,8.594,7.225,1.369,0.113853,0.0412185,8.3,7.047,1.253,6,45,,train,-1.0,0,0.0,train,test,train,train,valid,test,train,train,train,train,-0.5515969
4553,2020_Townsend,CC(C)C[C@H]1NC(=O)[C@@H]2CCCN2C(=O)C[C@H](Cc2ccccc2)NC(=O)CN(Cc2ccccc2)C(=O)[C@@H](C)NC(=O)[C@@H]2CCCN2C(=O)[C@H](Cc2ccccc2)NC1=O,hepta_976,4553,-6.45,7,7,Circle,0.175141,0.0701082,-35.1531,9.022,7.666,1.356,0.179059,0.0481888,9.27,7.99,1.28,84,81,,train,-0.2250000000000001,0,0.0,train,test,train,train,train,train,train,train,train,train,-0.50369626
4552,2020_Townsend,CC(C)C[C@H]1C(=O)N[C@@H](Cc2ccccc2)C(=O)N2CCC[C@H]2C(=O)N[C@H](C)C(=O)N(C)[C@H](CC(C)C)C(=O)N[C@@H](Cc2ccccc2)CC(=O)N2CCC[C@H]2C(=O)N1C,hepta_975,4552,-5.41,7,7,Circle,0.222027,0.0794822,-27.7738,9.338,8.017,1.321,0.138016,0.0593943,9.459,8.281,1.178,19,13,,train,0.2949999999999999,1,1.0,train,test,train,test,train,train,train,train,valid,test,0.036942042
4546,2020_Townsend,CC(C)C[C@H]1C(=O)N2CCC[C@H]2C(=O)N(Cc2ccccc2)CC(=O)N[C@@H](Cc2ccccc2)C(=O)N2CCC[C@H]2C(=O)N[C@H](C)C(=O)N(C)[C@@H](CC(C)C)C(=O)N1C,hepta_969,4546,-5.4,7,7,Circle,0.185832,0.0739929,-27.6011,9.306,7.945,1.361,0.154625,0.0377827,9.226,7.894,1.332,30,80,,train,0.2999999999999998,1,1.0,train,test,train,train,train,train,train,train,test,train,0.07917434
4539,2020_Townsend,CC(C)C[C@@H]1NC(=O)[C@@H]2CCCN2C(=O)C[C@H](Cc2ccccc2)NC(=O)[C@@H](CC(C)C)N(C)C(=O)[C@@H](C)NC(=O)[C@@H]2CCCN2C(=O)[C@H](Cc2ccccc2)NC1=O,hepta_962,4539,-10.0,7,7,Circle,0.180457,0.0579824,-31.8327,9.139,7.712,1.427,0.165604,0.0434611,9.602,8.353,1.249,40,90,,train,-1.0,0,0.0,train,test,train,train,train,train,train,valid,train,train,-0.24942143
4538,2020_Townsend,CC(C)C[C@H]1C(=O)N[C@@H](Cc2ccccc2)C(=O)N2CCC[C@H]2C(=O)N[C@H](C)C(=O)N[C@H](CC(C)C)C(=O)N[C@@H](Cc2ccccc2)CC(=O)N2CCC[C@H]2C(=O)N1C,hepta_961,4538,-10.0,7,7,Circle,0.127274,0.0478348,-26.5489,8.894,7.698,1.196,0.160432,0.0483006,9.23,7.998,1.232,50,44,,train,-1.0,0,0.0,train,test,train,train,train,train,train,train,train,train,-0.43361932
4526,2020_Townsend,CC(C)C[C@H]1C(=O)N2CCC[C@H]2C(=O)N(C)[C@H](CC(C)C)C(=O)N[C@@H](Cc2ccccc2)C(=O)N2CCC[C@H]2C(=O)N[C@H](C)C(=O)N(C)[C@@H](CC(C)C)C(=O)N1C,hepta_949,4526,-5.5,7,7,Circle,0.105574,0.044479,-33.3404,9.367,8.234,1.133,0.140952,0.054575,9.238,8.25,0.988,65,45,,train,0.25,1,1.0,train,test,train,train,train,train,valid,train,valid,test,0.20815009
4523,2020_Townsend,CC(C)C[C@H]1NC(=O)[C@@H](C)NC(=O)[C@@H]2CCCN2C(=O)[C@H](Cc2ccccc2)NC(=O)[C@@H](CC(C)C)N(C)C(=O)[C@@H]2CCCN2C(=O)CN(Cc2ccccc2)C1=O,hepta_946,4523,-6.6,7,7,Circle,0.162997,0.0578451,-32.7619,9.181,7.918,1.263,0.157956,0.053334,9.157,7.899,1.258,74,6,,test,-0.2999999999999998,0,0.0,test,test,train,train,train,train,train,train,valid,train,-0.36836416
4487,2020_Townsend,CC(C)C[C@H]1C(=O)N2CCC[C@H]2C(=O)N[C@H](CC(C)C)C(=O)N[C@@H](Cc2ccccc2)C(=O)N2CCC[C@H]2C(=O)N[C@H](C)C(=O)N[C@H](CC(C)C)C(=O)N1C,hepta_910,4487,-6.51,7,7,Circle,0.137511,0.0489218,-36.123,9.142,7.86,1.282,0.145724,0.0648342,8.693,7.476,1.217,27,55,,train,-0.2549999999999999,0,0.0,train,test,train,train,train,train,train,test,train,valid,-0.2896412
4461,2020_Townsend,CCCN1CC(=O)N(C)[C@H](CC(C)C)C(=O)N(Cc2ccccc2)CC(=O)N2CCC[C@@H]2C(=O)N(C)[C@@H](CC(C)C)C(=O)N[C@@H](Cc2ccccc2)C(=O)N2CCC[C@H]2C1=O,hepta_884,4461,-6.0,7,7,Circle,0.158292,0.0438816,-37.9355,9.263,8.114,1.149,0.136737,0.0418623,9.106,8.148,0.958,68,36,,train,0.0,1,1.0,train,test,train,train,train,valid,valid,test,train,valid,0.1480131
4447,2020_Townsend,CCCN1CC(=O)N(Cc2ccccc2)CC(=O)N[C@@H](CC(C)C)C(=O)N2CCC[C@@H]2C(=O)N(C)[C@H](CC(C)C)C(=O)N[C@@H](Cc2ccccc2)C(=O)N2CCC[C@H]2C1=O,hepta_870,4447,-5.71,7,7,Circle,0.141451,0.0486179,-31.4141,9.34,8.167,1.173,0.125999,0.0353567,8.974,7.838,1.136,43,82,,train,0.145,1,1.0,train,test,train,test,train,test,valid,train,valid,train,0.23190056
4442,2020_Townsend,CCCN1CC(=O)N(C)[C@H](CC(C)C)C(=O)N(Cc2ccccc2)CC(=O)N2CCC[C@@H]2C(=O)N[C@@H](CC(C)C)C(=O)N[C@@H](Cc2ccccc2)C(=O)N2CCC[C@H]2C1=O,hepta_865,4442,-7.05,7,7,Circle,0.140557,0.0471709,-33.1936,9.294,8.096,1.198,0.172604,0.0726072,9.095,7.917,1.178,72,80,,train,-0.5249999999999999,0,0.0,train,test,train,valid,train,train,train,train,train,test,-0.29276866
4438,2020_Townsend,CCCN1CC(=O)N(C)[C@@H](CC(C)C)C(=O)N(C)[C@H](CC(C)C)C(=O)N2CCC[C@@H]2C(=O)N(C)[C@@H](CC(C)C)C(=O)N[C@@H](Cc2ccccc2)C(=O)N2CCC[C@H]2C1=O,hepta_861,4438,-4.97,7,7,Circle,0.0834231,0.0324302,-29.2044,8.626,7.643,0.983,0.101521,0.041867,8.712,7.773,0.939,90,92,,train,0.5150000000000001,1,1.0,train,test,train,train,train,train,train,valid,train,valid,0.38048184
4415,2020_Townsend,CCCN1CC(=O)N(C)[C@H](CC(C)C)C(=O)N(C)[C@@H](CC(C)C)C(=O)N2CCC[C@@H]2C(=O)N[C@@H](CC(C)C)C(=O)N[C@@H](Cc2ccccc2)C(=O)N2CCC[C@H]2C1=O,hepta_838,4415,-5.34,7,7,Circle,0.141465,0.0615142,-32.5184,9.596,8.395,1.201,0.12257,0.0399378,8.985,7.83,1.155,100,14,,val,0.33,1,1.0,valid,test,train,train,train,train,train,train,train,train,0.1301897
4397,2020_Townsend,CCCN1CC(=O)N(C)[C@@H](CC(C)C)C(=O)N[C@H](CC(C)C)C(=O)N2CCC[C@@H]2C(=O)N[C@@H](CC(C)C)C(=O)N[C@@H](Cc2ccccc2)C(=O)N2CCC[C@H]2C1=O,hepta_820,4397,-6.77,7,7,Circle,0.155203,0.0575037,-29.0781,9.352,8.001,1.351,0.116037,0.0436178,9.117,7.802,1.315,75,10,,val,-0.3849999999999998,0,0.0,valid,test,train,train,train,train,train,train,train,train,-0.0018129721
4386,2020_Townsend,CCCN1CC(=O)N[C@@H](CC(C)C)C(=O)N[C@H](CC(C)C)C(=O)N2CCC[C@@H]2C(=O)N[C@@H](CC(C)C)C(=O)N[C@@H](Cc2ccccc2)C(=O)N2CCC[C@H]2C1=O,hepta_809,4386,-6.48,7,7,Circle,0.0848004,0.0440006,-24.9841,8.67,7.278,1.392,0.136861,0.04833,8.812,7.43,1.382,91,95,,train,-0.2400000000000002,0,0.0,train,test,valid,train,test,test,train,train,train,valid,-0.44278407
4382,2020_Townsend,CC(C)C[C@H]1C(=O)N[C@@H](Cc2ccccc2)C(=O)N2CCC[C@@H]2C(=O)N(C)[C@H](C)C(=O)N(Cc2ccccc2)CC(=O)N[C@@H](Cc2ccccc2)CC(=O)N2CCC[C@@H]2C(=O)N1C,hepta_805,4382,-6.4,7,7,Circle,0.212355,0.0709364,-27.7899,9.664,8.51,1.154,0.152355,0.0418508,9.667,8.668,0.999,15,33,,train,-0.2000000000000001,0,0.0,train,test,train,train,train,train,train,valid,train,test,-0.2454948
4379,2020_Townsend,CC(C)C[C@@H]1NC(=O)[C@@H](C)N(C)C(=O)[C@H]2CCCN2C(=O)[C@H](Cc2ccccc2)NC(=O)CN(Cc2ccccc2)C(=O)[C@H]2CCCN2C(=O)C[C@H](Cc2ccccc2)NC1=O,hepta_802,4379,-10.0,7,7,Circle,0.126611,0.0422396,-24.1979,8.52,7.44,1.08,0.139068,0.0399,9.256,8.103,1.153,100,61,,train,-1.0,0,0.0,train,test,train,test,train,valid,train,train,train,train,-0.22778834
4378,2020_Townsend,CC(C)C[C@H]1C(=O)N(Cc2ccccc2)CC(=O)N2CCC[C@@H]2C(=O)N(Cc2ccccc2)CC(=O)N[C@@H](Cc2ccccc2)C(=O)N2CCC[C@@H]2C(=O)N(C)[C@H](C)C(=O)N1C,hepta_801,4378,-5.87,7,7,Circle,0.16115,0.0440731,-33.3492,9.544,8.437,1.107,0.163681,0.0477714,9.142,8.202,0.94,11,28,,train,0.0649999999999999,1,1.0,train,test,valid,train,train,train,valid,train,train,train,-0.26132637
4366,2020_Townsend,CC(C)C[C@@H]1NC(=O)[C@H]2CCCN2C(=O)C[C@H](Cc2ccccc2)NC(=O)[C@H](CC(C)C)N(C)C(=O)[C@@H](C)N(C)C(=O)[C@H]2CCCN2C(=O)[C@H](Cc2ccccc2)NC1=O,hepta_789,4366,-10.0,7,7,Circle,0.210819,0.0640694,-32.5241,9.744,8.456,1.288,0.142194,0.0485322,9.531,8.415,1.116,22,36,,val,-1.0,0,0.0,valid,test,train,valid,test,valid,train,train,train,train,-1.0396296
4364,2020_Townsend,CC(C)C[C@@H]1NC(=O)[C@@H](C)N(C)C(=O)[C@H]2CCCN2C(=O)[C@H](Cc2ccccc2)NC(=O)[C@@H](CC(C)C)N(C)C(=O)[C@H]2CCCN2C(=O)C[C@H](Cc2ccccc2)NC1=O,hepta_787,4364,-6.25,7,7,Circle,0.151206,0.0478048,-19.9102,9.172,8.195,0.977,0.165082,0.060829,9.222,8.206,1.016,16,65,,train,-0.125,0,0.0,train,test,train,valid,train,train,train,test,test,test,0.04295333
4363,2020_Townsend,CC(C)C[C@H]1C(=O)N(Cc2ccccc2)CC(=O)N2CCC[C@@H]2C(=O)N(C)[C@H](CC(C)C)C(=O)N[C@@H](Cc2ccccc2)C(=O)N2CCC[C@@H]2C(=O)N(C)[C@H](C)C(=O)N1C,hepta_786,4363,-5.75,7,7,Circle,0.134654,0.0525145,-27.2517,9.137,8.01,1.127,0.14046,0.0501885,8.862,7.827,1.035,18,26,,train,0.125,1,1.0,train,test,train,test,train,train,train,train,train,train,0.053144194
4359,2020_Townsend,CC(C)C[C@H]1C(=O)N[C@@H](Cc2ccccc2)CC(=O)N2CCC[C@@H]2C(=O)N[C@H](CC(C)C)C(=O)N[C@@H](Cc2ccccc2)C(=O)N2CCC[C@@H]2C(=O)N(C)[C@H](C)C(=O)N1C,hepta_782,4359,-6.3,7,7,Circle,0.236056,0.10084,-32.2494,9.787,8.492,1.295,0.109602,0.0412764,9.265,8.053,1.212,14,28,,train,-0.1499999999999999,0,0.0,train,test,train,train,valid,train,train,train,train,test,-0.2618882
4355,2020_Townsend,CC(C)C[C@@H]1C(=O)N2CCC[C@@H]2C(=O)N(C)[C@H](CC(C)C)C(=O)N[C@@H](Cc2ccccc2)C(=O)N2CCC[C@@H]2C(=O)N(C)[C@H](C)C(=O)N(Cc2ccccc2)CC(=O)N1C,hepta_778,4355,-5.62,7,7,Circle,0.152946,0.0520915,-27.1199,9.384,8.217,1.167,0.161322,0.0551186,8.994,7.943,1.051,10,63,,train,0.1899999999999999,1,1.0,train,test,train,valid,train,train,train,valid,train,test,0.12453385
4344,2020_Townsend,CC(C)C[C@H]1C(=O)N[C@@H](Cc2ccccc2)C(=O)N2CCC[C@@H]2C(=O)N(C)[C@H](C)C(=O)N[C@H](CC(C)C)C(=O)N(Cc2ccccc2)CC(=O)N2CCC[C@@H]2C(=O)N1C,hepta_767,4344,-5.77,7,7,Circle,0.210522,0.0890676,-30.482,9.207,8.097,1.11,0.126538,0.0560982,8.979,7.94,1.039,63,84,,train,0.1150000000000002,1,1.0,train,test,valid,valid,train,train,test,train,train,train,0.14233407
4330,2020_Townsend,CC(C)C[C@@H]1NC(=O)[C@@H](C)N(C)C(=O)[C@H]2CCCN2C(=O)[C@H](Cc2ccccc2)NC(=O)CN(Cc2ccccc2)C(=O)[C@H]2CCCN2C(=O)[C@H](CC(C)C)NC1=O,hepta_753,4330,-6.3,7,7,Circle,0.165805,0.0458106,-36.031,9.705,8.479,1.226,0.119277,0.0414698,8.813,7.837,0.976,4,76,,train,-0.1499999999999999,0,0.0,train,test,train,train,test,train,train,train,train,test,0.051709857
4318,2020_Townsend,CC(C)C[C@@H]1NC(=O)[C@@H](C)N(C)C(=O)[C@H]2CCCN2C(=O)[C@H](Cc2ccccc2)NC(=O)[C@H](CC(C)C)N(C)C(=O)[C@H]2CCCN2C(=O)[C@@H](CC(C)C)N(C)C1=O,hepta_741,4318,-6.17,7,7,Circle,0.124048,0.0475671,-29.2765,9.189,8.196,0.993,0.13974,0.0448835,9.279,8.154,1.125,25,86,,test,-0.0849999999999999,0,0.0,test,test,train,train,train,train,train,train,train,train,0.27845836
4290,2020_Townsend,CC(C)C[C@@H]1NC(=O)[C@@H](C)N(C)C(=O)[C@H]2CCCN2C(=O)[C@H](Cc2ccccc2)NC(=O)[C@H](CC(C)C)NC(=O)[C@H]2CCCN2C(=O)[C@H](CC(C)C)NC1=O,hepta_713,4290,-6.61,7,7,Circle,0.100232,0.0342827,-27.7545,8.773,7.697,1.076,0.116326,0.0334472,8.755,7.758,0.997,30,79,,train,-0.3050000000000001,0,0.0,train,test,test,train,train,train,test,test,train,train,-0.29459262
4289,2020_Townsend,CC(C)C[C@@H]1NC(=O)[C@H]2CCCN2C(=O)[C@H](CC(C)C)NC(=O)[C@@H](CC(C)C)NC(=O)[C@@H](C)N(C)C(=O)[C@H]2CCCN2C(=O)[C@H](Cc2ccccc2)NC1=O,hepta_712,4289,-6.7,7,7,Circle,0.139527,0.0678821,-26.8102,9.012,7.838,1.174,0.10412,0.0355175,8.445,7.293,1.152,65,78,,train,-0.3500000000000001,0,0.0,train,test,train,test,train,train,train,train,train,train,-0.6030147
4284,2020_Townsend,CC(C)C[C@H]1C(=O)N[C@@H](Cc2ccccc2)CC(=O)N2CCC[C@@H]2C(=O)N(Cc2ccccc2)CC(=O)N[C@@H](Cc2ccccc2)C(=O)N2CCC[C@@H]2C(=O)N(C)[C@@H](C)C(=O)N1C,hepta_707,4284,-5.8,7,7,Circle,0.168028,0.049332,-28.1645,9.628,8.439,1.189,0.168028,0.0418526,9.89,8.606,1.284,97,32,,train,0.1,1,1.0,train,test,train,train,train,train,test,test,train,test,-0.10745436
4275,2020_Townsend,CC(C)C[C@@H]1NC(=O)[C@H](C)N(C)C(=O)[C@H]2CCCN2C(=O)[C@H](Cc2ccccc2)NC(=O)CN(Cc2ccccc2)C(=O)[C@H]2CCCN2C(=O)CN(Cc2ccccc2)C1=O,hepta_698,4275,-5.43,7,7,Circle,0.197319,0.0812571,-45.8953,9.59,8.3,1.29,0.147678,0.052667,9.075,8.044,1.031,40,34,,test,0.2850000000000001,1,1.0,test,test,train,train,train,train,test,train,train,train,-0.09304254
4265,2020_Townsend,CC(C)C[C@H]1C(=O)N(Cc2ccccc2)CC(=O)N2CCC[C@@H]2C(=O)N(C)[C@H](CC(C)C)C(=O)N[C@@H](Cc2ccccc2)C(=O)N2CCC[C@@H]2C(=O)N(C)[C@@H](C)C(=O)N1C,hepta_688,4265,-10.0,7,7,Circle,0.141922,0.0396575,-25.393,9.356,8.196,1.16,0.115516,0.0350786,9.355,8.212,1.143,16,89,,train,-1.0,0,0.0,train,test,train,test,train,train,train,train,test,valid,0.08350907
4255,2020_Townsend,CC(C)C[C@@H]1NC(=O)[C@H](C)N(C)C(=O)[C@H]2CCCN2C(=O)[C@H](Cc2ccccc2)NC(=O)CN(Cc2ccccc2)C(=O)[C@H]2CCCN2C(=O)[C@H](CC(C)C)N(C)C1=O,hepta_678,4255,-5.01,7,7,Circle,0.149993,0.05728,-39.7474,8.983,7.734,1.249,0.195798,0.0556062,9.152,8.05,1.102,92,30,,train,0.4950000000000001,1,1.0,train,test,train,train,train,train,train,train,test,train,0.27164495
4247,2020_Townsend,CC(C)C[C@H]1C(=O)N2CCC[C@@H]2C(=O)N(Cc2ccccc2)CC(=O)N[C@@H](Cc2ccccc2)C(=O)N2CCC[C@@H]2C(=O)N(C)[C@@H](C)C(=O)N[C@H](CC(C)C)C(=O)N1C,hepta_670,4247,-5.48,7,7,Circle,0.152277,0.0465462,-34.5042,9.137,7.828,1.309,0.12858,0.0436038,9.29,8.088,1.202,45,39,,train,0.2599999999999998,1,1.0,train,test,train,train,train,train,test,train,train,train,0.13552387
4239,2020_Townsend,CC(C)C[C@H]1NC(=O)[C@H](C)N(C)C(=O)[C@H]2CCCN2C(=O)[C@H](Cc2ccccc2)NC(=O)[C@@H](CC(C)C)N(C)C(=O)[C@H]2CCCN2C(=O)CN(Cc2ccccc2)C1=O,hepta_662,4239,-5.39,7,7,Circle,0.172538,0.070753,-36.6348,9.676,8.429,1.247,0.151371,0.0528558,9.382,8.243,1.139,7,30,,val,0.3050000000000001,1,1.0,valid,test,train,train,train,train,train,train,train,train,0.0535087
4236,2020_Townsend,CC(C)C[C@H]1NC(=O)[C@H]2CCCN2C(=O)[C@@H](CC(C)C)N(C)C(=O)CN(Cc2ccccc2)C(=O)[C@H](C)N(C)C(=O)[C@H]2CCCN2C(=O)[C@H](Cc2ccccc2)NC1=O,hepta_659,4236,-5.35,7,7,Circle,0.112047,0.042466,-36.5738,9.152,7.847,1.305,0.157076,0.0613616,9.117,7.979,1.138,84,61,,train,0.3250000000000002,1,1.0,train,test,train,valid,train,train,valid,valid,test,train,-0.013421703
4209,2020_Townsend,CC(C)C[C@H]1C(=O)N[C@@H](Cc2ccccc2)C(=O)N2CCC[C@@H]2C(=O)N(C)[C@@H](C)C(=O)N(C)[C@H](CC(C)C)C(=O)N[C@H](CC(C)C)C(=O)N2CCC[C@@H]2C(=O)N1C,hepta_632,4209,-5.52,7,7,Circle,0.174441,0.0674475,-22.3128,9.345,8.291,1.054,0.129377,0.0429138,9.186,8.235,0.951,76,85,,train,0.2400000000000002,1,1.0,train,test,valid,train,train,train,train,train,train,train,0.41569704
4201,2020_Townsend,CC(C)C[C@@H]1NC(=O)[C@@H](CC(C)C)NC(=O)[C@H](C)N(C)C(=O)[C@H]2CCCN2C(=O)[C@H](Cc2ccccc2)NC(=O)[C@H](CC(C)C)N(C)C(=O)[C@H]2CCCN2C1=O,hepta_624,4201,-5.0,7,7,Circle,0.126493,0.0514997,-27.4757,9.025,7.831,1.194,0.117665,0.0397205,9.064,8.071,0.993,77,35,,train,0.5,1,1.0,train,test,test,train,train,valid,train,train,test,train,0.12618689
4190,2020_Townsend,CC(C)C[C@H]1C(=O)N[C@@H](Cc2ccccc2)C(=O)N2CCC[C@@H]2C(=O)N(C)[C@@H](C)C(=O)N[C@H](CC(C)C)C(=O)N[C@H](CC(C)C)C(=O)N2CCC[C@@H]2C(=O)N1C,hepta_613,4190,-5.96,7,7,Circle,0.121657,0.0580924,-34.4039,9.351,8.018,1.333,0.118758,0.0374291,8.852,7.827,1.025,87,88,,train,0.02,1,1.0,train,test,train,test,train,test,test,train,train,train,0.059954323
4186,2020_Townsend,CC(C)C[C@@H]1NC(=O)[C@H]2CCCN2C(=O)[C@H](CC(C)C)NC(=O)[C@@H](CC(C)C)NC(=O)[C@H](C)N(C)C(=O)[C@H]2CCCN2C(=O)[C@H](Cc2ccccc2)NC1=O,hepta_609,4186,-6.31,7,7,Circle,0.128918,0.0513985,-44.3688,9.007,7.721,1.286,0.20324,0.082354,8.916,7.667,1.249,4,48,,train,-0.1549999999999998,0,0.0,train,test,train,train,train,train,train,train,train,train,-0.5602762
4184,2020_Townsend,CC(C)C[C@@H]1NC(=O)[C@H](C)N(C)C(=O)[C@H]2CCCN2C(=O)[C@H](Cc2ccccc2)NC(=O)[C@@H](CC(C)C)NC(=O)[C@H]2CCCN2C(=O)[C@@H](CC(C)C)NC1=O,hepta_607,4184,-6.35,7,7,Circle,0.200516,0.0862973,-25.7232,9.058,7.655,1.403,0.139438,0.0496681,8.73,7.58,1.15,24,41,,val,-0.1749999999999998,0,0.0,valid,test,train,valid,train,train,train,train,train,train,-0.1782157
4164,2020_Townsend,CC(C)C[C@H]1C(=O)N[C@@H](Cc2ccccc2)C(=O)N2CCC[C@@H]2C(=O)N(C)[C@H](C)C(=O)N(C)[C@H](CC(C)C)C(=O)N(Cc2ccccc2)CC(=O)N2CCC[C@H]2C(=O)N1C,hepta_587,4164,-5.42,7,7,Circle,0.152143,0.0518023,-24.9946,9.322,8.434,0.888,0.156327,0.0397726,9.251,8.264,0.987,24,75,,train,0.29,1,1.0,train,test,train,train,train,train,train,train,train,test,0.32430124
4151,2020_Townsend,CC(C)C[C@@H]1NC(=O)CN(Cc2ccccc2)C(=O)[C@@H](C)N(C)C(=O)[C@H]2CCCN2C(=O)[C@H](Cc2ccccc2)NC(=O)[C@@H](CC(C)C)N(C)C(=O)[C@@H]2CCCN2C1=O,hepta_574,4151,-5.17,7,7,Circle,0.158621,0.0485073,-32.5199,9.649,8.569,1.08,0.13646,0.0559904,8.998,8.148,0.85,36,23,,val,0.415,1,1.0,valid,test,train,train,train,train,train,train,train,valid,0.13647039
4131,2020_Townsend,CC(C)C[C@@H]1NC(=O)[C@@H](C)N(C)C(=O)[C@H]2CCCN2C(=O)[C@H](Cc2ccccc2)NC(=O)CN(Cc2ccccc2)C(=O)[C@@H]2CCCN2C(=O)[C@@H](CC(C)C)NC1=O,hepta_554,4131,-5.67,7,7,Circle,0.145341,0.0337762,-17.2428,8.701,7.752,0.949,0.141619,0.0423311,8.86,7.726,1.134,55,34,,val,0.165,1,1.0,valid,test,train,valid,train,train,train,train,train,train,0.10035674
4116,2020_Townsend,CC(C)C[C@H]1C(=O)N(C)[C@H](CC(C)C)C(=O)N2CCC[C@H]2C(=O)N[C@H](CC(C)C)C(=O)N[C@@H](Cc2ccccc2)C(=O)N2CCC[C@@H]2C(=O)N(C)[C@H](C)C(=O)N1C,hepta_539,4116,-5.79,7,7,Circle,0.109311,0.0424823,-26.0065,8.919,8.055,0.864,0.144214,0.0517331,9.171,8.001,1.17,12,65,,train,0.1049999999999999,1,1.0,train,test,train,train,valid,train,train,train,train,train,0.05390545
4113,2020_Townsend,CC(C)C[C@H]1NC(=O)[C@@H](C)N(C)C(=O)[C@H]2CCCN2C(=O)[C@H](Cc2ccccc2)NC(=O)[C@@H](CC(C)C)N(C)C(=O)[C@@H]2CCCN2C(=O)[C@@H](CC(C)C)N(C)C1=O,hepta_536,4113,-5.05,7,7,Circle,0.183025,0.0692198,-30.6972,9.68,8.41,1.27,0.251038,0.115351,9.145,8.011,1.134,27,13,,test,0.4750000000000001,1,1.0,test,test,train,train,valid,train,train,train,train,train,0.26360643
4104,2020_Townsend,CC(C)C[C@@H]1NC(=O)[C@H](CC(C)C)N(C)C(=O)[C@@H](C)N(C)C(=O)[C@H]2CCCN2C(=O)[C@H](Cc2ccccc2)NC(=O)[C@@H](CC(C)C)NC(=O)[C@@H]2CCCN2C1=O,hepta_527,4104,-6.33,7,7,Circle,0.206646,0.09632,-31.6449,9.311,8.144,1.167,0.102156,0.0328417,8.582,7.681,0.901,54,73,,test,-0.165,0,0.0,test,test,train,train,train,train,test,train,valid,train,-0.22722004
4094,2020_Townsend,CC(C)C[C@@H]1NC(=O)[C@@H](C)N(C)C(=O)[C@H]2CCCN2C(=O)[C@H](Cc2ccccc2)NC(=O)[C@@H](CC(C)C)NC(=O)[C@@H]2CCCN2C(=O)[C@H](CC(C)C)NC1=O,hepta_517,4094,-5.83,7,7,Circle,0.13249,0.0448069,-22.8318,8.622,7.549,1.073,0.207336,0.0735831,8.735,7.652,1.083,15,45,,test,0.0849999999999999,1,1.0,test,test,valid,train,train,train,train,train,train,train,-0.4990865
4078,2020_Townsend,CC(C)C[C@@H]1NC(=O)[C@@H]2CCCN2C(=O)CN(Cc2ccccc2)C(=O)CN(Cc2ccccc2)C(=O)[C@H](C)N(C)C(=O)[C@H]2CCCN2C(=O)[C@H](Cc2ccccc2)NC1=O,hepta_501,4078,-10.0,7,7,Circle,0.129443,0.0436834,-40.6686,8.99,7.636,1.354,0.165071,0.0457042,8.581,7.431,1.15,84,66,,train,-1.0,0,0.0,train,test,train,train,test,train,test,train,test,train,-0.3631947
4072,2020_Townsend,CC(C)C[C@H]1NC(=O)[C@H](C)N(C)C(=O)[C@H]2CCCN2C(=O)[C@H](Cc2ccccc2)NC(=O)CN(Cc2ccccc2)C(=O)[C@@H]2CCCN2C(=O)CN(Cc2ccccc2)C1=O,hepta_495,4072,-5.87,7,7,Circle,0.209684,0.0945821,-36.6085,9.163,7.898,1.265,0.163247,0.0698901,9.072,8.104,0.968,45,42,,train,0.0649999999999999,1,1.0,train,test,train,train,test,train,train,train,train,valid,-0.017539486
4058,2020_Townsend,CC(C)C[C@@H]1NC(=O)[C@H](C)N(C)C(=O)[C@H]2CCCN2C(=O)[C@H](Cc2ccccc2)NC(=O)[C@H](CC(C)C)N(C)C(=O)[C@@H]2CCCN2C(=O)CN(Cc2ccccc2)C1=O,hepta_481,4058,-4.97,7,7,Circle,0.145835,0.0527189,-44.5858,9.667,8.329,1.338,0.125295,0.0442942,8.789,7.876,0.913,94,3,,train,0.5150000000000001,1,1.0,train,test,train,train,train,train,train,train,train,train,0.19398181
4025,2020_Townsend,CC(C)C[C@@H]1NC(=O)[C@@H]2CCCN2C(=O)[C@@H](CC(C)C)NC(=O)CN(Cc2ccccc2)C(=O)[C@H](C)N(C)C(=O)[C@H]2CCCN2C(=O)[C@H](Cc2ccccc2)NC1=O,hepta_448,4025,-6.36,7,7,Circle,0.153611,0.0525231,-30.4657,9.012,7.654,1.358,0.152195,0.06147,8.914,7.716,1.198,51,91,,train,-0.1800000000000001,0,0.0,train,test,train,train,train,valid,train,train,test,train,0.077043585
3996,2020_Townsend,CC(C)C[C@@H]1NC(=O)[C@H](C)N(C)C(=O)[C@H]2CCCN2C(=O)[C@H](Cc2ccccc2)NC(=O)[C@@H](CC(C)C)NC(=O)[C@@H]2CCCN2C(=O)[C@@H](CC(C)C)N(C)C1=O,hepta_419,3996,-5.35,7,7,Circle,0.172407,0.0657952,-33.6883,9.313,8.041,1.272,0.166368,0.0668842,8.979,7.761,1.218,26,70,,train,0.3250000000000002,1,1.0,train,test,train,train,train,train,test,train,train,train,0.113492556
3994,2020_Townsend,CC(C)C[C@@H]1NC(=O)[C@@H](CC(C)C)N(C)C(=O)[C@H](C)N(C)C(=O)[C@H]2CCCN2C(=O)[C@H](Cc2ccccc2)NC(=O)[C@@H](CC(C)C)NC(=O)[C@@H]2CCCN2C1=O,hepta_417,3994,-5.5,7,7,Circle,0.14367,0.0468295,-16.2922,8.752,7.605,1.147,0.130894,0.0389463,8.839,7.706,1.133,21,20,,train,0.25,1,1.0,train,test,train,train,train,train,train,train,train,train,-0.007156037
3968,2020_Townsend,CC(C)C[C@@H]1NC(=O)[C@@H](C)NC(=O)[C@H]2CCCN2C(=O)[C@H](Cc2ccccc2)NC(=O)[C@H](CC(C)C)N(C)C(=O)[C@H]2CCCN2C(=O)C[C@H](Cc2ccccc2)NC1=O,hepta_391,3968,-10.0,7,7,Circle,0.157389,0.0611752,-21.1753,8.932,7.806,1.126,0.15488,0.0457671,9.133,8.058,1.075,77,28,,val,-1.0,0,0.0,valid,test,train,train,train,test,train,valid,test,train,-0.19567008
3966,2020_Townsend,CC(C)C[C@H]1NC(=O)[C@@H](C)NC(=O)[C@H]2CCCN2C(=O)[C@H](Cc2ccccc2)NC(=O)CN(Cc2ccccc2)C(=O)[C@H]2CCCN2C(=O)CN(Cc2ccccc2)C1=O,hepta_389,3966,-6.38,7,7,Circle,0.177005,0.0601853,-47.206,9.194,7.861,1.333,0.141598,0.0515019,8.738,7.591,1.147,39,53,,train,-0.1899999999999999,0,0.0,train,test,train,train,train,train,test,train,train,test,-0.53569925
3957,2020_Townsend,CC(C)C[C@H]1NC(=O)[C@@H](C)NC(=O)[C@H]2CCCN2C(=O)[C@H](Cc2ccccc2)NC(=O)[C@@H](CC(C)C)N(C)C(=O)[C@H]2CCCN2C(=O)C[C@H](Cc2ccccc2)NC1=O,hepta_380,3957,-6.05,7,7,Circle,0.171642,0.0626654,-29.3023,9.25,7.98,1.27,0.140624,0.0496196,8.664,7.565,1.099,74,100,,train,-0.0249999999999999,0,0.0,train,test,train,train,train,train,test,train,test,train,-0.2050647
3953,2020_Townsend,CC(C)C[C@@H]1NC(=O)[C@@H](C)NC(=O)[C@H]2CCCN2C(=O)[C@H](Cc2ccccc2)NC(=O)[C@H](CC(C)C)N(C)C(=O)[C@H]2CCCN2C(=O)CN(Cc2ccccc2)C1=O,hepta_376,3953,-6.12,7,7,Circle,0.137259,0.0473058,-40.3827,9.088,7.837,1.251,0.168062,0.0557309,8.588,7.503,1.085,85,79,,train,-0.06,0,0.0,train,test,train,train,train,train,train,train,train,train,0.038587615
3952,2020_Townsend,CC(C)C[C@@H]1NC(=O)[C@@H](C)NC(=O)[C@H]2CCCN2C(=O)[C@H](Cc2ccccc2)NC(=O)CN(Cc2ccccc2)C(=O)[C@H]2CCCN2C(=O)[C@H](CC(C)C)N(C)C1=O,hepta_375,3952,-10.0,7,7,Circle,0.178319,0.0644713,-32.7684,9.184,7.928,1.256,0.134158,0.039916,8.864,7.609,1.255,32,44,,train,-1.0,0,0.0,train,test,train,train,train,train,train,train,valid,train,-0.030295439
3949,2020_Townsend,CC(C)C[C@H]1C(=O)N2CCC[C@@H]2C(=O)N(C)[C@@H](CC(C)C)C(=O)N[C@@H](Cc2ccccc2)C(=O)N2CCC[C@@H]2C(=O)N[C@H](C)C(=O)N(C)[C@@H](CC(C)C)C(=O)N1C,hepta_372,3949,-5.34,7,7,Circle,0.122726,0.044794,-32.7703,9.248,7.92,1.328,0.113605,0.0457746,8.77,7.744,1.026,67,51,,train,0.33,1,1.0,train,test,train,train,train,train,train,train,test,train,0.25725144
3926,2020_Townsend,CC(C)C[C@@H]1NC(=O)[C@@H](C)NC(=O)[C@H]2CCCN2C(=O)[C@H](Cc2ccccc2)NC(=O)[C@H](CC(C)C)N(C)C(=O)[C@H]2CCCN2C(=O)[C@@H](CC(C)C)N(C)C1=O,hepta_349,3926,-5.76,7,7,Circle,0.10956,0.0331108,-27.8788,9.061,7.69,1.371,0.1366,0.0477452,8.916,7.651,1.265,20,37,,train,0.1200000000000001,1,1.0,train,test,train,train,test,valid,valid,train,test,test,0.07530819
3923,2020_Townsend,CC(C)C[C@@H]1NC(=O)[C@H](CC(C)C)N(C)C(=O)[C@@H](C)NC(=O)[C@H]2CCCN2C(=O)[C@H](Cc2ccccc2)NC(=O)[C@@H](CC(C)C)N(C)C(=O)[C@H]2CCCN2C1=O,hepta_346,3923,-5.38,7,7,Circle,0.151878,0.0581676,-29.1279,9.201,7.89,1.311,0.125037,0.043907,8.752,7.643,1.109,40,8,,val,0.31,1,1.0,valid,test,train,test,test,train,train,train,train,train,0.22703104
3903,2020_Townsend,CC(C)C[C@@H]1NC(=O)[C@H]2CCCN2C(=O)[C@@H](CC(C)C)NC(=O)[C@H](CC(C)C)N(C)C(=O)[C@@H](C)NC(=O)[C@H]2CCCN2C(=O)[C@H](Cc2ccccc2)NC1=O,hepta_326,3903,-4.0,7,7,Circle,0.153971,0.0668515,-37.3142,9.47,8.063,1.407,0.273694,0.121527,8.651,7.451,1.2,82,31,,train,1.0,1,1.0,train,test,train,train,train,valid,train,train,test,train,-0.31207627
3897,2020_Townsend,CC(C)C[C@H]1NC(=O)[C@@H](C)NC(=O)[C@H]2CCCN2C(=O)[C@H](Cc2ccccc2)NC(=O)[C@@H](CC(C)C)N(C)C(=O)[C@H]2CCCN2C(=O)[C@@H](CC(C)C)NC1=O,hepta_320,3897,-5.83,7,7,Circle,0.127445,0.0432689,-33.3971,9.109,7.801,1.308,0.115985,0.0481126,8.973,7.725,1.248,56,42,,train,0.0849999999999999,1,1.0,train,test,test,valid,train,train,train,train,test,train,-0.11547701
3890,2020_Townsend,CC(C)C[C@@H]1NC(=O)[C@@H](CC(C)C)NC(=O)[C@@H](C)NC(=O)[C@H]2CCCN2C(=O)[C@H](Cc2ccccc2)NC(=O)[C@@H](CC(C)C)NC(=O)[C@H]2CCCN2C1=O,hepta_313,3890,-6.07,7,7,Circle,0.155941,0.059959,-34.8407,9.017,7.643,1.374,0.122277,0.0382471,8.541,7.275,1.266,99,3,,train,-0.0350000000000001,0,0.0,train,test,test,train,train,test,train,train,valid,train,-0.20102842
3887,2020_Townsend,CC(C)C[C@H]1NC(=O)[C@@H](C)NC(=O)[C@H]2CCCN2C(=O)[C@H](Cc2ccccc2)NC(=O)[C@@H](CC(C)C)NC(=O)[C@H]2CCCN2C(=O)[C@@H](CC(C)C)NC1=O,hepta_310,3887,-6.79,7,7,Circle,0.137208,0.0418729,-35.7222,8.845,7.376,1.469,0.160142,0.0535691,8.573,7.358,1.215,22,85,,train,-0.395,0,0.0,train,test,train,train,train,test,train,valid,train,train,-0.3238843
3879,2020_Townsend,CC(C)C[C@@H]1NC(=O)[C@H]2CCCN2C(=O)CN(Cc2ccccc2)C(=O)CN(Cc2ccccc2)C(=O)[C@H](C)NC(=O)[C@H]2CCCN2C(=O)[C@H](Cc2ccccc2)NC1=O,hepta_302,3879,-6.76,7,7,Circle,0.13976,0.0427215,-37.1758,8.871,7.543,1.328,0.179537,0.0441053,8.857,7.636,1.221,46,85,,train,-0.3799999999999999,0,0.0,train,test,train,train,train,train,train,test,train,train,-0.71930534
3874,2020_Townsend,CC(C)C[C@H]1C(=O)N2CCC[C@@H]2C(=O)N(Cc2ccccc2)CC(=O)N[C@@H](Cc2ccccc2)C(=O)N2CCC[C@@H]2C(=O)N[C@@H](C)C(=O)N(C)[C@H](CC(C)C)C(=O)N1C,hepta_297,3874,-5.34,7,7,Circle,0.156429,0.0356162,-29.1299,9.747,8.474,1.273,0.160911,0.0485952,9.494,8.23,1.264,31,14,,train,0.33,1,1.0,train,test,train,train,train,test,train,train,train,train,0.1614709
3873,2020_Townsend,CC(C)C[C@H]1C(=O)N(Cc2ccccc2)CC(=O)N2CCC[C@@H]2C(=O)N(C)[C@H](CC(C)C)C(=O)N[C@@H](Cc2ccccc2)C(=O)N2CCC[C@@H]2C(=O)N[C@@H](C)C(=O)N1C,hepta_296,3873,-6.43,7,7,Circle,0.145923,0.0405743,-28.0539,9.208,7.968,1.24,0.128137,0.037257,9.323,8.074,1.249,91,23,,val,-0.2149999999999998,0,0.0,valid,test,train,train,train,train,test,valid,train,train,0.042782992
3871,2020_Townsend,CC(C)C[C@@H]1NC(=O)[C@H](C)NC(=O)[C@H]2CCCN2C(=O)[C@H](Cc2ccccc2)NC(=O)[C@H](CC(C)C)N(C)C(=O)[C@H]2CCCN2C(=O)CN(Cc2ccccc2)C1=O,hepta_294,3871,-6.12,7,7,Circle,0.14392,0.0416456,-32.1492,9.014,7.817,1.197,0.150767,0.0447111,8.506,7.446,1.06,49,29,,train,-0.06,0,0.0,train,test,train,valid,train,valid,train,train,train,train,-0.033408597
3867,2020_Townsend,CC(C)C[C@H]1C(=O)N(Cc2ccccc2)CC(=O)N2CCC[C@@H]2C(=O)N[C@H](CC(C)C)C(=O)N[C@@H](Cc2ccccc2)C(=O)N2CCC[C@@H]2C(=O)N[C@@H](C)C(=O)N1C,hepta_290,3867,-6.15,7,7,Circle,0.148926,0.0401366,-34.6708,9.223,7.851,1.372,0.155459,0.0457405,8.723,7.62,1.103,99,70,,train,-0.0750000000000001,0,0.0,train,test,train,valid,train,train,train,train,train,train,-0.16733557
3864,2020_Townsend,CC(C)C[C@H]1C(=O)N2CCC[C@@H]2C(=O)N(C)[C@@H](CC(C)C)C(=O)N[C@@H](Cc2ccccc2)C(=O)N2CCC[C@@H]2C(=O)N[C@@H](C)C(=O)N(C)[C@H](CC(C)C)C(=O)N1C,hepta_287,3864,-4.93,7,7,Circle,0.192193,0.0959662,-28.288,9.206,8.017,1.189,0.111337,0.0404971,8.926,8.005,0.921,11,69,,train,0.5350000000000001,1,1.0,train,test,train,train,test,train,train,valid,train,train,0.32375175
3826,2020_Townsend,CC(C)C[C@H]1C(=O)N[C@@H](Cc2ccccc2)C(=O)N2CCC[C@@H]2C(=O)N[C@@H](C)C(=O)N[C@H](CC(C)C)C(=O)N[C@H](CC(C)C)C(=O)N2CCC[C@@H]2C(=O)N1C,hepta_249,3826,-6.54,7,7,Circle,0.135772,0.0561662,-37.7944,9.187,7.77,1.417,0.162996,0.0502457,8.578,7.433,1.145,92,43,,train,-0.27,0,0.0,train,test,train,test,train,test,train,valid,train,train,-0.3959071
3823,2020_Townsend,CC(C)C[C@H]1NC(=O)[C@H]2CCCN2C(=O)[C@@H](CC(C)C)NC(=O)[C@@H](CC(C)C)N(C)C(=O)[C@H](C)NC(=O)[C@H]2CCCN2C(=O)[C@H](Cc2ccccc2)NC1=O,hepta_246,3823,-5.93,7,7,Circle,0.166604,0.0594527,-25.8333,8.988,7.74,1.248,0.143596,0.0468558,8.843,7.707,1.136,61,50,,train,0.0350000000000001,1,1.0,train,test,test,train,valid,train,train,train,train,train,-0.088203445
3813,2020_Townsend,C[C@H]1NC(=O)[C@H]2CCCN2C(=O)[C@H](Cc2ccccc2)NC(=O)CN(Cc2ccccc2)C(=O)[C@@H]2CCCN2C(=O)CN(Cc2ccccc2)C(=O)CN(Cc2ccccc2)C1=O,hepta_236,3813,-6.19,7,7,Circle,0.21947,0.0806184,-46.5426,9.5,8.154,1.346,0.206757,0.116869,8.816,7.474,1.342,5,17,,train,-0.0950000000000002,0,0.0,train,test,valid,train,train,train,train,train,train,train,-0.17401615
3807,2020_Townsend,CC(C)C[C@H]1C(=O)N[C@@H](Cc2ccccc2)CC(=O)N2CCC[C@H]2C(=O)N(C)[C@H](CC(C)C)C(=O)N[C@@H](Cc2ccccc2)C(=O)N2CCC[C@@H]2C(=O)N[C@H](C)C(=O)N1C,hepta_230,3807,-5.55,7,7,Circle,0.159966,0.0598301,-23.0405,9.024,7.621,1.403,0.163903,0.0529946,9.209,7.832,1.377,73,34,,train,0.2250000000000001,1,1.0,train,test,train,train,train,test,valid,train,train,train,0.15759218
3789,2020_Townsend,CC(C)C[C@H]1C(=O)N(Cc2ccccc2)CC(=O)N2CCC[C@H]2C(=O)N[C@H](CC(C)C)C(=O)N[C@@H](Cc2ccccc2)C(=O)N2CCC[C@@H]2C(=O)N[C@H](C)C(=O)N1C,hepta_212,3789,-5.26,7,7,Circle,0.20165,0.0883477,-35.077,9.003,7.703,1.3,0.177224,0.0697558,8.948,7.659,1.289,90,94,,test,0.3700000000000001,1,1.0,test,test,test,train,train,train,test,train,valid,train,-0.11631207
3788,2020_Townsend,CC(C)C[C@@H]1NC(=O)[C@@H](C)NC(=O)[C@H]2CCCN2C(=O)[C@H](Cc2ccccc2)NC(=O)CN(Cc2ccccc2)C(=O)[C@@H]2CCCN2C(=O)[C@@H](CC(C)C)N(C)C1=O,hepta_211,3788,-5.72,7,7,Circle,0.205902,0.0745343,-35.3047,9.557,8.259,1.298,0.184825,0.0793223,9.221,7.851,1.37,41,49,,train,0.1400000000000001,1,1.0,train,test,train,valid,train,train,valid,train,train,train,0.0667139
3768,2020_Townsend,CC(C)C[C@@H]1NC(=O)[C@@H](C)NC(=O)[C@H]2CCCN2C(=O)[C@H](Cc2ccccc2)NC(=O)CN(Cc2ccccc2)C(=O)[C@@H]2CCCN2C(=O)[C@@H](CC(C)C)NC1=O,hepta_191,3768,-6.25,7,7,Circle,0.155356,0.0542813,-29.3828,8.644,7.396,1.248,0.115313,0.0348027,8.904,7.818,1.086,10,90,,train,-0.125,0,0.0,train,test,train,train,train,train,train,train,train,train,-0.028477289
3759,2020_Townsend,CC(C)C[C@@H]1NC(=O)[C@@H]2CCCN2C(=O)[C@@H](CC(C)C)N(C)C(=O)[C@H](CC(C)C)N(C)C(=O)[C@@H](C)NC(=O)[C@H]2CCCN2C(=O)[C@H](Cc2ccccc2)NC1=O,hepta_182,3759,-5.87,7,7,Circle,0.127571,0.0401947,-26.8864,9.067,7.754,1.313,0.141111,0.0639452,9.045,7.742,1.303,2,68,,train,0.0649999999999999,1,1.0,train,test,train,valid,train,valid,train,train,test,train,0.10751211
3758,2020_Townsend,CC(C)C[C@@H]1NC(=O)[C@@H](C)NC(=O)[C@H]2CCCN2C(=O)[C@H](Cc2ccccc2)NC(=O)[C@@H](CC(C)C)N(C)C(=O)[C@@H]2CCCN2C(=O)[C@H](CC(C)C)N(C)C1=O,hepta_181,3758,-10.0,7,7,Circle,0.0973159,0.0416849,-33.017,9.145,7.772,1.373,0.0998055,0.0353332,8.707,7.74,0.967,66,9,,train,-1.0,0,0.0,train,test,train,train,train,train,valid,valid,valid,train,-0.05240777
3756,2020_Townsend,CC(C)C[C@H]1NC(=O)[C@@H]2CCCN2C(=O)CN(Cc2ccccc2)C(=O)[C@@H](CC(C)C)NC(=O)[C@@H](C)NC(=O)[C@H]2CCCN2C(=O)[C@H](Cc2ccccc2)NC1=O,hepta_179,3756,-7.35,7,7,Circle,0.134798,0.0429713,-21.467,8.6,7.518,1.082,0.126079,0.0325988,8.519,7.485,1.034,16,17,,train,-0.6749999999999998,0,0.0,train,test,train,train,train,test,train,valid,train,train,-0.46998638
3753,2020_Townsend,CC(C)C[C@@H]1NC(=O)[C@@H](CC(C)C)N(C)C(=O)[C@@H](C)NC(=O)[C@H]2CCCN2C(=O)[C@H](Cc2ccccc2)NC(=O)[C@@H](CC(C)C)N(C)C(=O)[C@@H]2CCCN2C1=O,hepta_176,3753,-5.18,7,7,Circle,0.153615,0.0557267,-26.389,9.328,8.147,1.181,0.11637,0.04821,8.778,7.703,1.075,31,73,,train,0.4100000000000001,1,1.0,train,test,train,train,train,train,train,train,train,train,0.15924531
3745,2020_Townsend,CC(C)C[C@@H]1NC(=O)[C@@H]2CCCN2C(=O)[C@@H](CC(C)C)N(C)C(=O)[C@H](CC(C)C)NC(=O)[C@@H](C)NC(=O)[C@H]2CCCN2C(=O)[C@H](Cc2ccccc2)NC1=O,hepta_168,3745,-5.9,7,7,Circle,0.123458,0.0542881,-30.9831,9.35,7.897,1.453,0.12914,0.0331015,8.658,7.621,1.037,42,18,,test,0.0499999999999998,1,1.0,test,test,train,valid,train,train,train,train,train,train,0.047440942
3734,2020_Townsend,CC(C)C[C@@H]1NC(=O)[C@@H]2CCCN2C(=O)[C@H](CC(C)C)NC(=O)[C@H](CC(C)C)NC(=O)[C@@H](C)NC(=O)[C@H]2CCCN2C(=O)[C@H](Cc2ccccc2)NC1=O,hepta_157,3734,-10.0,7,7,Circle,0.186437,0.0966544,-32.5927,8.798,7.366,1.432,0.127749,0.0400834,8.56,7.341,1.219,3,77,,train,-1.0,0,0.0,train,test,valid,train,train,train,test,train,train,test,-0.39359033
3723,2020_Townsend,CC(C)C[C@H]1C(=O)N(Cc2ccccc2)CC(=O)N2CCC[C@H]2C(=O)N(Cc2ccccc2)CC(=O)N[C@@H](Cc2ccccc2)C(=O)N2CCC[C@@H]2C(=O)N[C@@H](C)C(=O)N1C,hepta_146,3723,-6.05,7,7,Circle,0.198912,0.0667131,-37.0692,9.614,8.362,1.252,0.149945,0.0460198,8.895,7.775,1.12,41,7,,val,-0.0249999999999999,0,0.0,valid,test,train,train,train,train,train,valid,valid,train,-0.13328509
3696,2020_Townsend,CC(C)C[C@H]1NC(=O)[C@H](C)NC(=O)[C@H]2CCCN2C(=O)[C@H](Cc2ccccc2)NC(=O)[C@@H](CC(C)C)N(C)C(=O)[C@@H]2CCCN2C(=O)CN(Cc2ccccc2)C1=O,hepta_119,3696,-5.25,7,7,Circle,0.186287,0.0775753,-48.3644,9.409,8.068,1.341,0.152572,0.0347415,8.226,6.932,1.294,3,49,,train,0.375,1,1.0,train,test,train,train,train,test,train,train,train,train,-0.099427536
3692,2020_Townsend,CC(C)C[C@H]1C(=O)N(C)[C@H](CC(C)C)C(=O)N2CCC[C@H]2C(=O)N(C)[C@H](CC(C)C)C(=O)N[C@@H](Cc2ccccc2)C(=O)N2CCC[C@@H]2C(=O)N[C@@H](C)C(=O)N1C,hepta_115,3692,-5.23,7,7,Circle,0.124066,0.0436724,-21.6504,9.193,7.792,1.401,0.137869,0.0407024,9.134,7.913,1.221,16,87,,test,0.3849999999999998,1,1.0,test,test,train,train,train,train,train,train,train,test,0.24725075
3665,2020_Townsend,CC(C)C[C@H]1C(=O)N[C@@H](Cc2ccccc2)C(=O)N2CCC[C@@H]2C(=O)N[C@@H](C)C(=O)N[C@H](CC(C)C)C(=O)N[C@H](CC(C)C)C(=O)N2CCC[C@H]2C(=O)N1C,hepta_88,3665,-6.29,7,7,Circle,0.156648,0.0502102,-24.107,8.758,7.576,1.182,0.0937088,0.0376181,8.544,7.464,1.08,22,18,,train,-0.145,0,0.0,train,test,train,valid,train,train,test,train,valid,valid,-0.4025852
3661,2020_Townsend,CC(C)C[C@H]1NC(=O)[C@H](C)NC(=O)[C@H]2CCCN2C(=O)[C@H](Cc2ccccc2)NC(=O)[C@@H](CC(C)C)N(C)C(=O)[C@@H]2CCCN2C(=O)[C@@H](CC(C)C)NC1=O,hepta_84,3661,-6.06,7,7,Circle,0.127586,0.0507288,-41.965,9.661,8.109,1.552,0.135799,0.0486456,8.935,7.734,1.201,31,67,,train,-0.0299999999999998,0,0.0,train,test,train,test,train,train,train,train,train,train,-0.096745744
3660,2020_Townsend,CC(C)C[C@H]1NC(=O)[C@@H]2CCCN2C(=O)[C@@H](CC(C)C)NC(=O)[C@@H](CC(C)C)N(C)C(=O)[C@H](C)NC(=O)[C@H]2CCCN2C(=O)[C@H](Cc2ccccc2)NC1=O,hepta_83,3660,-6.28,7,7,Circle,0.16562,0.0584224,-39.9114,9.617,8.029,1.588,0.136821,0.0522766,8.615,7.526,1.089,32,19,,train,-0.1400000000000001,0,0.0,train,test,train,train,train,valid,train,train,train,valid,0.011773869
3656,2020_Townsend,CC(C)C[C@@H]1NC(=O)[C@@H]2CCCN2C(=O)[C@H](CC(C)C)NC(=O)[C@@H](CC(C)C)NC(=O)[C@H](C)NC(=O)[C@H]2CCCN2C(=O)[C@H](Cc2ccccc2)NC1=O,hepta_79,3656,-10.0,7,7,Circle,0.182908,0.0777466,-28.5638,8.961,7.61,1.351,0.163109,0.045969,8.464,7.304,1.16,80,23,,train,-1.0,0,0.0,train,test,train,train,valid,train,train,train,train,train,-0.50751656
3654,2020_Townsend,CC(C)C[C@@H]1NC(=O)[C@@H]2CCCN2C(=O)[C@@H](CC(C)C)NC(=O)[C@@H](CC(C)C)NC(=O)[C@H](C)NC(=O)[C@H]2CCCN2C(=O)[C@H](Cc2ccccc2)NC1=O,hepta_77,3654,-10.0,7,7,Circle,0.11802,0.0431894,-24.9475,8.498,7.06,1.438,0.201469,0.0969993,8.558,7.183,1.375,79,33,,train,-1.0,0,0.0,train,test,train,train,train,train,train,train,train,train,-0.47108322
3628,2020_Townsend,CCCN1CC(=O)N[C@@H](CC(C)C)C(=O)N(C)[C@@H](CC(C)C)C(=O)N2CCC[C@H]2C(=O)N(Cc2ccccc2)CC(=O)N[C@@H](Cc2ccccc2)C(=O)N2CCC[C@@H]2C1=O,hepta_51,3628,-5.2,7,7,Circle,0.155993,0.0565461,-33.4502,9.108,7.839,1.269,0.110057,0.0490822,9.137,8.17,0.967,34,65,,train,0.3999999999999999,1,1.0,train,test,train,train,valid,train,train,train,test,train,0.21271864
3592,2020_Townsend,CCCN1CC(=O)N[C@H](CC(C)C)C(=O)N[C@@H](CC(C)C)C(=O)N2CCC[C@H]2C(=O)N(C)[C@@H](CC(C)C)C(=O)N[C@@H](Cc2ccccc2)C(=O)N2CCC[C@@H]2C1=O,hepta_15,3592,-5.2,7,7,Circle,0.16765,0.0661918,-36.7823,9.747,8.372,1.375,0.131769,0.0330566,8.739,7.832,0.907,91,72,,train,0.3999999999999999,1,1.0,train,test,train,train,train,train,train,train,train,train,0.17110425
3590,2020_Townsend,CCCN1CC(=O)N[C@@H](CC(C)C)C(=O)N(C)[C@@H](CC(C)C)C(=O)N2CCC[C@H]2C(=O)N[C@H](CC(C)C)C(=O)N[C@@H](Cc2ccccc2)C(=O)N2CCC[C@@H]2C1=O,hepta_13,3590,-6.15,7,7,Circle,0.148846,0.0681032,-32.5124,9.396,8.058,1.338,0.142852,0.0457796,8.865,7.777,1.088,8,18,,train,-0.0750000000000001,0,0.0,train,test,train,train,train,train,train,train,train,train,0.10646279
3578,2020_Townsend,CCCN1CC(=O)N[C@H](CC(C)C)C(=O)N[C@@H](CC(C)C)C(=O)N2CCC[C@H]2C(=O)N[C@H](CC(C)C)C(=O)N[C@@H](Cc2ccccc2)C(=O)N2CCC[C@@H]2C1=O,hepta_1,3578,-6.26,7,7,Circle,0.233066,0.102856,-39.1887,9.592,8.185,1.407,0.211463,0.0713416,9.033,7.933,1.1,67,32,,train,-0.1299999999999999,0,0.0,train,test,train,train,train,train,test,train,train,train,-0.15520759
3572,2020_Townsend,CC(C)C[C@H]1C(=O)N[C@@H](Cc2ccccc2)CC(=O)N2CCC[C@@H]2C(=O)N(C)[C@@H](CC(C)C)C(=O)N[C@@H](Cc2ccccc2)C(=O)N(C)[C@H](C)C(=O)N1C,hexa_1058,3572,-5.19,6,6,Circle,0.179679,0.0439997,-29.9874,8.936,7.719,1.217,0.152747,0.0478454,8.836,7.92,0.916,4,76,,train,0.4049999999999998,1,1.0,train,test,train,train,train,train,valid,train,train,train,0.3254128
3563,2020_Townsend,CC(C)C[C@H]1C(=O)N[C@@H](Cc2ccccc2)C(=O)N(C)[C@H](C)C(=O)N(C)[C@H](CC(C)C)C(=O)N(Cc2ccccc2)CC(=O)N2CCC[C@@H]2C(=O)N1C,hexa_1049,3563,-5.09,6,6,Circle,0.155173,0.0404257,-22.0726,8.563,7.531,1.032,0.126949,0.0282413,8.252,7.24,1.012,43,26,,test,0.455,1,1.0,test,test,valid,train,valid,train,valid,train,train,valid,0.45823544
3560,2020_Townsend,CC(C)C[C@@H]1NC(=O)[C@H](CC(C)C)N(C)C(=O)[C@@H](C)N(C)C(=O)[C@H](Cc2ccccc2)NC(=O)CN(Cc2ccccc2)C(=O)[C@H]2CCCN2C1=O,hexa_1046,3560,-5.22,6,6,Circle,0.217517,0.102677,-24.1156,8.421,7.388,1.033,0.134323,0.0398369,8.33,7.338,0.992,12,70,,val,0.3900000000000001,1,1.0,valid,test,test,train,valid,train,test,train,train,train,0.45036882
3555,2020_Townsend,CC(C)C[C@@H]1NC(=O)[C@@H](CC(C)C)N(C)C(=O)[C@@H](C)N(C)C(=O)[C@H](Cc2ccccc2)NC(=O)CN(Cc2ccccc2)C(=O)[C@H]2CCCN2C1=O,hexa_1041,3555,-5.55,6,6,Circle,0.154871,0.0369195,-22.173,8.54,7.412,1.128,0.21265,0.0749939,8.378,7.419,0.959,93,85,,train,0.2250000000000001,1,1.0,train,test,train,train,train,train,train,train,train,train,0.1897352
3539,2020_Townsend,CC(C)C[C@@H]1NC(=O)[C@H]2CCCN2C(=O)CN(Cc2ccccc2)C(=O)[C@H](CC(C)C)NC(=O)[C@@H](C)N(C)C(=O)[C@H](Cc2ccccc2)NC1=O,hexa_1025,3539,-6.46,6,6,Circle,0.189839,0.0712931,-33.4518,8.583,7.282,1.301,0.133115,0.0303283,8.111,7.205,0.906,41,58,,train,-0.2299999999999999,0,0.0,train,test,train,train,train,train,test,train,train,train,-0.03779839
3537,2020_Townsend,CC(C)C[C@@H]1NC(=O)[C@@H](C)N(C)C(=O)[C@H](Cc2ccccc2)NC(=O)[C@H](CC(C)C)N(C)C(=O)[C@H]2CCCN2C(=O)[C@H](CC(C)C)N(C)C1=O,hexa_1023,3537,-4.87,6,6,Circle,0.135933,0.0486409,-21.1719,8.455,7.39,1.065,0.110865,0.0415242,8.368,7.369,0.999,66,97,,test,0.565,1,1.0,test,test,train,train,train,train,test,test,train,train,0.47721267
3536,2020_Townsend,CC(C)C[C@@H]1NC(=O)[C@H]2CCCN2C(=O)[C@H](CC(C)C)N(C)C(=O)[C@H](CC(C)C)N(C)C(=O)[C@@H](C)N(C)C(=O)[C@H](Cc2ccccc2)NC1=O,hexa_1022,3536,-5.47,6,6,Circle,0.178001,0.0710271,-18.4168,8.463,7.329,1.134,0.133695,0.0327411,8.454,7.597,0.857,49,9,,train,0.2650000000000001,1,1.0,train,test,train,test,train,train,train,train,train,train,0.32366735
3534,2020_Townsend,CC(C)C[C@@H]1NC(=O)[C@@H](CC(C)C)NC(=O)[C@@H](C)N(C)C(=O)[C@H](Cc2ccccc2)NC(=O)CN(Cc2ccccc2)C(=O)[C@H]2CCCN2C1=O,hexa_1020,3534,-5.28,6,6,Circle,0.161189,0.0497083,-28.3495,8.424,7.22,1.204,0.16893,0.0456131,8.399,7.247,1.152,9,71,,val,0.3599999999999999,1,1.0,valid,test,valid,train,test,test,train,train,train,train,0.19683602
3511,2020_Townsend,CC(C)C[C@@H]1NC(=O)[C@@H](C)N(C)C(=O)[C@H](Cc2ccccc2)NC(=O)[C@@H](CC(C)C)N(C)C(=O)[C@H]2CCCN2C(=O)[C@H](CC(C)C)NC1=O,hexa_997,3511,-5.46,6,6,Circle,0.161484,0.0526327,-19.5419,8.268,7.238,1.03,0.111547,0.0295317,8.419,7.379,1.04,82,7,,train,0.27,1,1.0,train,test,train,test,train,train,test,train,train,train,0.3193841
3502,2020_Townsend,CC(C)C[C@H]1C(=O)N[C@@H](Cc2ccccc2)C(=O)N(C)[C@H](C)C(=O)N[C@H](CC(C)C)C(=O)N[C@H](CC(C)C)C(=O)N2CCC[C@@H]2C(=O)N1C,hexa_988,3502,-5.76,6,6,Circle,0.126568,0.0582991,-25.7054,8.343,7.192,1.151,0.144539,0.0391639,8.18,7.111,1.069,82,6,,train,0.1200000000000001,1,1.0,train,test,train,test,train,train,test,train,train,train,0.28605115
3491,2020_Townsend,CC(C)C[C@H]1NC(=O)[C@@H](C)N(C)C(=O)[C@H](Cc2ccccc2)NC(=O)[C@@H](CC(C)C)NC(=O)[C@H]2CCCN2C(=O)[C@@H](CC(C)C)NC1=O,hexa_977,3491,-5.23,6,6,Circle,0.157556,0.0672631,-27.3054,8.177,6.953,1.224,0.119189,0.0309455,7.965,6.827,1.138,16,35,,train,0.3849999999999998,1,1.0,train,test,train,train,train,train,train,train,train,train,0.0012914278
3481,2020_Townsend,CC(C)C[C@@H]1C(=O)N[C@@H](Cc2ccccc2)CC(=O)N2CCC[C@@H]2C(=O)N(C)[C@H](CC(C)C)C(=O)N[C@@H](Cc2ccccc2)C(=O)N(C)[C@@H](C)C(=O)N1C,hexa_967,3481,-5.19,6,6,Circle,0.199635,0.0699323,-24.4068,8.718,7.703,1.015,0.171575,0.0688831,8.793,7.75,1.043,38,7,,train,0.4049999999999998,1,1.0,train,test,train,valid,train,train,train,train,train,train,0.038285688
3468,2020_Townsend,CC(C)C[C@@H]1NC(=O)[C@H](CC(C)C)N(C)C(=O)[C@H](C)N(C)C(=O)[C@H](Cc2ccccc2)NC(=O)CN(Cc2ccccc2)C(=O)[C@H]2CCCN2C1=O,hexa_954,3468,-5.23,6,6,Circle,0.150868,0.0481044,-22.1564,8.311,7.309,1.002,0.120896,0.0311912,8.382,7.391,0.991,60,77,,val,0.3849999999999998,1,1.0,valid,test,valid,train,train,train,train,train,train,train,0.40735805
3454,2020_Townsend,CC(C)C[C@H]1C(=O)N2CCC[C@@H]2C(=O)N(C)[C@H](CC(C)C)C(=O)N[C@@H](Cc2ccccc2)C(=O)N(C)[C@@H](C)C(=O)N(C)[C@H](CC(C)C)C(=O)N1C,hexa_940,3454,-5.02,6,6,Circle,0.141328,0.0353549,-18.9688,8.457,7.263,1.194,0.1291,0.0394204,8.357,7.275,1.082,100,100,,train,0.4900000000000002,1,1.0,train,test,train,valid,train,train,valid,train,train,valid,0.58546835
3451,2020_Townsend,CC(C)C[C@@H]1NC(=O)[C@H]2CCCN2C(=O)[C@H](CC(C)C)NC(=O)CN(Cc2ccccc2)C(=O)[C@H](C)N(C)C(=O)[C@H](Cc2ccccc2)NC1=O,hexa_937,3451,-5.22,6,6,Circle,0.168627,0.0590061,-26.9157,8.312,7.36,0.952,0.145129,0.029453,8.305,7.44,0.865,59,6,,train,0.3900000000000001,1,1.0,train,test,test,train,train,valid,valid,train,train,train,0.008303389
3448,2020_Townsend,CC(C)C[C@@H]1NC(=O)[C@@H](CC(C)C)NC(=O)[C@H](C)N(C)C(=O)[C@H](Cc2ccccc2)NC(=O)CN(Cc2ccccc2)C(=O)[C@H]2CCCN2C1=O,hexa_934,3448,-5.79,6,6,Circle,0.126594,0.0518441,-32.8034,8.297,6.975,1.322,0.132936,0.0474654,8.341,7.257,1.084,79,28,,train,0.1049999999999999,1,1.0,train,test,valid,train,train,test,train,train,train,train,0.20459944
3435,2020_Townsend,CC(C)C[C@@H]1NC(=O)[C@H]2CCCN2C(=O)[C@H](CC(C)C)N(C)C(=O)[C@H](CC(C)C)NC(=O)[C@H](C)N(C)C(=O)[C@H](Cc2ccccc2)NC1=O,hexa_921,3435,-5.04,6,6,Circle,0.14845,0.0494863,-38.5814,8.403,7.101,1.302,0.150687,0.045777,8.225,7.042,1.183,50,20,,train,0.48,1,1.0,train,test,train,valid,test,train,train,train,train,test,-0.06492822
3426,2020_Townsend,CC(C)C[C@H]1C(=O)N2CCC[C@@H]2C(=O)N[C@H](CC(C)C)C(=O)N[C@@H](Cc2ccccc2)C(=O)N(C)[C@@H](C)C(=O)N[C@H](CC(C)C)C(=O)N1C,hexa_912,3426,-5.05,6,6,Circle,0.15753,0.047392,-20.5999,8.177,7.038,1.139,0.117157,0.0408602,8.324,7.142,1.182,56,50,,test,0.4750000000000001,1,1.0,test,test,test,train,train,train,train,train,train,train,0.3351357
3424,2020_Townsend,CC(C)C[C@@H]1NC(=O)[C@@H](CC(C)C)N(C)C(=O)[C@H](C)N(C)C(=O)[C@H](Cc2ccccc2)NC(=O)[C@@H](CC(C)C)NC(=O)[C@H]2CCCN2C1=O,hexa_910,3424,-5.51,6,6,Circle,0.177013,0.0631062,-23.2923,8.241,7.065,1.176,0.172802,0.0516622,8.312,7.291,1.021,60,32,,train,0.2450000000000001,1,1.0,train,test,train,train,train,train,train,valid,train,train,0.3257782
3419,2020_Townsend,CC(C)C[C@H]1NC(=O)[C@H]2CCCN2C(=O)[C@@H](CC(C)C)NC(=O)[C@@H](CC(C)C)N(C)C(=O)[C@H](C)N(C)C(=O)[C@H](Cc2ccccc2)NC1=O,hexa_905,3419,-5.7,6,6,Circle,0.153328,0.0396639,-31.4566,8.428,7.153,1.275,0.164977,0.0354817,8.191,7.161,1.03,34,19,,test,0.1499999999999999,1,1.0,test,test,train,train,train,valid,train,valid,train,train,0.33928984
3412,2020_Townsend,CC(C)C[C@@H]1NC(=O)[C@H]2CCCN2C(=O)[C@@H](CC(C)C)NC(=O)[C@@H](CC(C)C)NC(=O)[C@H](C)N(C)C(=O)[C@H](Cc2ccccc2)NC1=O,hexa_898,3412,-6.11,6,6,Circle,0.115213,0.0379062,-25.4348,8.24,7.014,1.226,0.114024,0.0366502,8.238,7.014,1.224,86,39,,train,-0.0550000000000001,0,0.0,train,test,train,test,train,valid,test,train,train,train,-0.30874163
3396,2020_Townsend,CC(C)C[C@H]1NC(=O)[C@@H](C)N(C)C(=O)[C@H](Cc2ccccc2)NC(=O)CN(Cc2ccccc2)C(=O)[C@@H]2CCCN2C(=O)CN(Cc2ccccc2)C1=O,hexa_882,3396,-5.43,6,6,Circle,0.225145,0.0757223,-31.2937,8.621,7.55,1.071,0.186514,0.0552181,8.498,7.507,0.991,43,76,,train,0.2850000000000001,1,1.0,train,test,train,train,valid,train,train,train,train,test,-0.05495082
3390,2020_Townsend,CC(C)C[C@@H]1C(=O)N2CCC[C@H]2C(=O)N(C)[C@H](CC(C)C)C(=O)N[C@@H](Cc2ccccc2)C(=O)N(C)[C@H](C)C(=O)N(Cc2ccccc2)CC(=O)N1C,hexa_876,3390,-4.97,6,6,Circle,0.184248,0.0534013,-17.6152,8.579,7.531,1.048,0.175022,0.0457854,8.347,7.358,0.989,64,11,,train,0.5150000000000001,1,1.0,train,test,train,valid,test,train,train,train,train,test,0.34705395
3385,2020_Townsend,CC(C)C[C@@H]1NC(=O)[C@@H](C)N(C)C(=O)[C@H](Cc2ccccc2)NC(=O)CN(Cc2ccccc2)C(=O)[C@@H]2CCCN2C(=O)[C@H](CC(C)C)N(C)C1=O,hexa_871,3385,-5.07,6,6,Circle,0.197538,0.0938348,-27.3588,8.525,7.446,1.079,0.179038,0.0417279,8.388,7.289,1.099,54,20,,val,0.4649999999999998,1,1.0,valid,test,train,train,test,train,train,train,test,train,0.25091445
3365,2020_Townsend,CC(C)C[C@@H]1NC(=O)[C@H](CC(C)C)N(C)C(=O)[C@@H](C)N(C)C(=O)[C@H](Cc2ccccc2)NC(=O)[C@H](CC(C)C)N(C)C(=O)[C@@H]2CCCN2C1=O,hexa_851,3365,-4.77,6,6,Circle,0.145851,0.0406805,-16.6119,8.388,7.4,0.988,0.153327,0.0490838,8.34,7.382,0.958,18,55,,train,0.6150000000000002,1,1.0,train,test,test,train,train,train,train,train,train,test,0.55280215
3361,2020_Townsend,CC(C)C[C@@H]1NC(=O)[C@H](CC(C)C)N(C)C(=O)[C@@H](C)N(C)C(=O)[C@H](Cc2ccccc2)NC(=O)[C@@H](CC(C)C)N(C)C(=O)[C@@H]2CCCN2C1=O,hexa_847,3361,-4.81,6,6,Circle,0.120067,0.054406,-27.0435,8.411,7.39,1.021,0.135645,0.037535,8.562,7.52,1.042,53,74,,train,0.5950000000000002,1,1.0,train,test,train,valid,train,train,train,train,train,train,0.53430873
3357,2020_Townsend,CC(C)C[C@@H]1NC(=O)[C@@H](C)N(C)C(=O)[C@H](Cc2ccccc2)NC(=O)[C@H](CC(C)C)N(C)C(=O)[C@@H]2CCCN2C(=O)[C@@H](CC(C)C)N(C)C1=O,hexa_843,3357,-4.85,6,6,Circle,0.150175,0.041852,-17.9808,8.6,7.447,1.153,0.131593,0.0424671,8.638,7.489,1.149,91,64,,train,0.5750000000000002,1,1.0,train,test,train,train,train,train,train,valid,test,test,0.4468575
3356,2020_Townsend,CC(C)C[C@@H]1NC(=O)[C@@H](C)N(C)C(=O)[C@H](Cc2ccccc2)NC(=O)[C@@H](CC(C)C)N(C)C(=O)[C@@H]2CCCN2C(=O)[C@H](CC(C)C)N(C)C1=O,hexa_842,3356,-4.75,6,6,Circle,0.101222,0.0316998,-23.1978,8.222,7.194,1.028,0.13713,0.0478976,8.503,7.413,1.09,26,67,,train,0.625,1,1.0,train,test,valid,train,train,train,train,train,train,train,0.42229617
3337,2020_Townsend,CC(C)C[C@@H]1NC(=O)[C@@H](CC(C)C)NC(=O)[C@@H](C)N(C)C(=O)[C@H](Cc2ccccc2)NC(=O)[C@H](CC(C)C)N(C)C(=O)[C@@H]2CCCN2C1=O,hexa_823,3337,-5.28,6,6,Circle,0.142584,0.0520153,-18.1042,8.105,7.043,1.062,0.114251,0.030436,8.239,7.153,1.086,74,87,,train,0.3599999999999999,1,1.0,train,test,train,test,train,train,train,train,train,test,0.2720406
3321,2020_Townsend,CC(C)C[C@@H]1NC(=O)[C@@H](C)N(C)C(=O)[C@H](Cc2ccccc2)NC(=O)[C@@H](CC(C)C)NC(=O)[C@@H]2CCCN2C(=O)[C@@H](CC(C)C)NC1=O,hexa_807,3321,-6.12,6,6,Circle,0.151266,0.0487918,-34.4926,8.468,7.182,1.286,0.152559,0.0422666,7.957,7.035,0.922,12,19,,train,-0.06,0,0.0,train,test,train,train,train,train,train,train,train,train,0.03930217
3308,2020_Townsend,CC(C)C[C@H]1C(=O)N[C@@H](Cc2ccccc2)C(=O)N(C)[C@@H](C)C(=O)N(C)[C@H](CC(C)C)C(=O)N[C@@H](Cc2ccccc2)CC(=O)N2CCC[C@H]2C(=O)N1C,hexa_794,3308,-4.75,6,6,Circle,0.152286,0.0363744,-20.7171,8.796,7.898,0.898,0.154109,0.0474759,8.922,8.044,0.878,64,100,,train,0.625,1,1.0,train,test,train,train,train,train,train,valid,train,valid,0.42448562
3287,2020_Townsend,CC(C)C[C@@H]1NC(=O)[C@@H](CC(C)C)N(C)C(=O)[C@H](C)N(C)C(=O)[C@H](Cc2ccccc2)NC(=O)CN(Cc2ccccc2)C(=O)[C@@H]2CCCN2C1=O,hexa_773,3287,-4.94,6,6,Circle,0.146,0.0429327,-39.8602,8.482,7.196,1.286,0.136581,0.0354033,8.516,7.258,1.258,95,36,,train,0.5299999999999998,1,1.0,train,test,train,train,test,train,train,train,valid,train,0.3568495
3266,2020_Townsend,CC(C)C[C@@H]1NC(=O)[C@H](CC(C)C)N(C)C(=O)[C@H](C)N(C)C(=O)[C@H](Cc2ccccc2)NC(=O)[C@H](CC(C)C)N(C)C(=O)[C@@H]2CCCN2C1=O,hexa_752,3266,-4.0,6,6,Circle,0.129058,0.0361122,-15.0526,8.402,7.445,0.957,0.150671,0.0434773,8.426,7.53,0.896,29,47,,train,1.0,1,1.0,train,test,train,train,train,train,train,train,train,train,0.5515186
3256,2020_Townsend,CC(C)C[C@H]1NC(=O)[C@H](C)N(C)C(=O)[C@H](Cc2ccccc2)NC(=O)CN(Cc2ccccc2)C(=O)[C@@H]2CCCN2C(=O)[C@@H](CC(C)C)NC1=O,hexa_742,3256,-5.11,6,6,Circle,0.155893,0.0429557,-35.5919,8.448,7.132,1.316,0.193776,0.0559896,8.696,7.488,1.208,6,69,,train,0.4449999999999998,1,1.0,train,test,train,train,train,test,train,valid,train,train,0.18840186
3253,2020_Townsend,CC(C)C[C@@H]1NC(=O)[C@@H](CC(C)C)N(C)C(=O)[C@H](C)N(C)C(=O)[C@H](Cc2ccccc2)NC(=O)[C@@H](CC(C)C)N(C)C(=O)[C@@H]2CCCN2C1=O,hexa_739,3253,-4.0,6,6,Circle,0.147656,0.0412406,-17.4143,8.671,7.541,1.13,0.151982,0.0393595,8.621,7.499,1.122,72,12,,train,1.0,1,1.0,train,test,train,train,train,train,train,test,train,valid,0.51630193
3240,2020_Townsend,CC(C)C[C@@H]1NC(=O)[C@H](C)N(C)C(=O)[C@H](Cc2ccccc2)NC(=O)[C@@H](CC(C)C)N(C)C(=O)[C@@H]2CCCN2C(=O)[C@H](CC(C)C)NC1=O,hexa_726,3240,-5.11,6,6,Circle,0.131097,0.0399199,-20.2998,8.428,7.35,1.078,0.150748,0.0361829,8.355,7.357,0.998,59,16,,test,0.4449999999999998,1,1.0,test,test,valid,train,train,train,test,train,train,train,0.23720592
3233,2020_Townsend,CC(C)C[C@H]1C(=O)N[C@H](CC(C)C)C(=O)N2CCC[C@H]2C(=O)N[C@H](CC(C)C)C(=O)N[C@@H](Cc2ccccc2)C(=O)N(C)[C@@H](C)C(=O)N1C,hexa_719,3233,-4.88,6,6,Circle,0.12329,0.0480256,-18.9398,7.963,6.833,1.13,0.132071,0.0326418,7.877,6.789,1.088,6,24,,train,0.56,1,1.0,train,test,test,train,train,train,train,train,valid,train,0.19866718
3211,2020_Townsend,CC(C)C[C@H]1C(=O)N[C@@H](Cc2ccccc2)CC(=O)N2CCC[C@@H]2C(=O)N(C)[C@@H](CC(C)C)C(=O)N[C@@H](Cc2ccccc2)C(=O)N[C@H](C)C(=O)N1C,hexa_697,3211,-5.29,6,6,Circle,0.199835,0.0675975,-20.0029,8.431,7.438,0.993,0.119595,0.0383618,8.34,7.239,1.101,62,7,,train,0.355,1,1.0,train,test,train,train,train,train,train,train,train,train,0.21504493
3210,2020_Townsend,CC(C)C[C@H]1NC(=O)[C@@H](C)NC(=O)[C@H](Cc2ccccc2)NC(=O)CN(Cc2ccccc2)C(=O)[C@H]2CCCN2C(=O)C[C@H](Cc2ccccc2)NC1=O,hexa_696,3210,-5.54,6,6,Circle,0.196386,0.0640053,-26.4128,8.451,7.376,1.075,0.147393,0.0342195,8.455,7.409,1.046,15,40,,test,0.2299999999999999,1,1.0,test,test,train,train,train,train,train,train,train,train,-0.0842966
3196,2020_Townsend,CC(C)C[C@H]1NC(=O)[C@H]2CCCN2C(=O)C[C@H](Cc2ccccc2)NC(=O)[C@@H](CC(C)C)N(C)C(=O)[C@@H](C)NC(=O)[C@H](Cc2ccccc2)NC1=O,hexa_682,3196,-5.81,6,6,Circle,0.169322,0.0622387,-26.65,8.436,7.233,1.203,0.251396,0.0947056,8.876,7.697,1.179,10,63,,train,0.0950000000000002,1,1.0,train,test,train,train,train,train,train,train,train,train,0.030280571
3192,2020_Townsend,CC(C)C[C@@H]1NC(=O)[C@H]2CCCN2C(=O)CN(Cc2ccccc2)C(=O)[C@H](CC(C)C)N(C)C(=O)[C@@H](C)NC(=O)[C@H](Cc2ccccc2)NC1=O,hexa_678,3192,-6.49,6,6,Circle,0.207027,0.0763673,-35.4956,8.426,7.238,1.188,0.131461,0.0329685,8.34,7.434,0.906,59,78,,val,-0.2450000000000001,0,0.0,valid,test,train,test,train,train,train,train,test,train,-0.081821024
3184,2020_Townsend,CC(C)C[C@@H]1NC(=O)[C@H]2CCCN2C(=O)CN(Cc2ccccc2)C(=O)[C@@H](CC(C)C)N(C)C(=O)[C@@H](C)NC(=O)[C@H](Cc2ccccc2)NC1=O,hexa_670,3184,-6.1,6,6,Circle,0.213055,0.0776137,-34.602,8.468,7.334,1.134,0.122087,0.0346563,7.943,6.981,0.962,9,46,,train,-0.0499999999999998,0,0.0,train,test,train,train,train,valid,train,train,train,train,-0.3819086
3183,2020_Townsend,CC(C)C[C@@H]1NC(=O)[C@H]2CCCN2C(=O)C[C@H](Cc2ccccc2)NC(=O)[C@@H](CC(C)C)NC(=O)[C@@H](C)NC(=O)[C@H](Cc2ccccc2)NC1=O,hexa_669,3183,-10.0,6,6,Circle,0.19073,0.0496839,-22.9274,8.433,7.36,1.073,0.149462,0.0406609,8.381,7.284,1.097,77,99,,train,-1.0,0,0.0,train,test,valid,train,train,train,train,train,train,train,-0.75636375
3177,2020_Townsend,CC(C)C[C@H]1NC(=O)[C@@H](C)NC(=O)[C@H](Cc2ccccc2)NC(=O)[C@@H](CC(C)C)N(C)C(=O)[C@H]2CCCN2C(=O)CN(Cc2ccccc2)C1=O,hexa_663,3177,-6.09,6,6,Circle,0.160068,0.055051,-38.8913,8.633,7.468,1.165,0.11812,0.0296613,8.224,7.222,1.002,61,6,,train,-0.0449999999999999,0,0.0,train,test,test,train,train,train,test,train,train,valid,-0.06319537
3167,2020_Townsend,CC(C)C[C@@H]1NC(=O)[C@H]2CCCN2C(=O)[C@H](CC(C)C)N(C)C(=O)[C@H](CC(C)C)N(C)C(=O)[C@@H](C)NC(=O)[C@H](Cc2ccccc2)NC1=O,hexa_653,3167,-5.57,6,6,Circle,0.176022,0.0700012,-29.4214,8.306,7.196,1.11,0.122248,0.0464946,8.351,7.21,1.141,95,21,,train,0.2149999999999998,1,1.0,train,test,valid,train,test,train,train,train,train,train,0.13559115
3162,2020_Townsend,CC(C)C[C@@H]1NC(=O)[C@@H](CC(C)C)N(C)C(=O)[C@@H](C)NC(=O)[C@H](Cc2ccccc2)NC(=O)[C@H](CC(C)C)N(C)C(=O)[C@H]2CCCN2C1=O,hexa_648,3162,-4.91,6,6,Circle,0.135106,0.0379891,-24.6687,8.399,7.261,1.138,0.15836,0.045911,8.387,7.369,1.018,71,54,,train,0.5449999999999999,1,1.0,train,test,train,train,train,train,train,train,train,train,0.4012404
3149,2020_Townsend,CC(C)C[C@H]1C(=O)N[C@@H](Cc2ccccc2)C(=O)N[C@H](C)C(=O)N(C)[C@H](CC(C)C)C(=O)N[C@H](CC(C)C)C(=O)N2CCC[C@@H]2C(=O)N1C,hexa_635,3149,-5.3,6,6,Circle,0.214852,0.079448,-15.2953,8.222,7.046,1.176,0.1464,0.0474653,8.152,7.176,0.976,73,40,,val,0.3500000000000001,1,1.0,valid,test,test,valid,train,train,valid,train,test,train,0.30030686
3146,2020_Townsend,CC(C)C[C@H]1C(=O)N2CCC[C@@H]2C(=O)N(C)[C@H](CC(C)C)C(=O)N[C@@H](Cc2ccccc2)C(=O)N[C@H](C)C(=O)N[C@H](CC(C)C)C(=O)N1C,hexa_632,3146,-5.47,6,6,Circle,0.0957984,0.0380842,-25.3584,8.286,7.001,1.285,0.133416,0.05057,8.19,7.055,1.135,89,89,,train,0.2650000000000001,1,1.0,train,test,train,valid,train,valid,valid,valid,train,train,0.1478189
3143,2020_Townsend,CC(C)C[C@@H]1NC(=O)[C@H]2CCCN2C(=O)[C@H](CC(C)C)N(C)C(=O)[C@H](CC(C)C)NC(=O)[C@@H](C)NC(=O)[C@H](Cc2ccccc2)NC1=O,hexa_629,3143,-5.16,6,6,Circle,0.162984,0.0606659,-26.9813,8.138,6.973,1.165,0.13478,0.0385734,7.914,6.797,1.117,15,54,,train,0.4199999999999999,1,1.0,train,test,train,train,train,train,test,train,train,train,-0.2525462
3126,2020_Townsend,CC(C)C[C@H]1NC(=O)[C@H]2CCCN2C(=O)[C@@H](CC(C)C)N(C)C(=O)[C@@H](CC(C)C)NC(=O)[C@@H](C)NC(=O)[C@H](Cc2ccccc2)NC1=O,hexa_612,3126,-6.1,6,6,Circle,0.141733,0.0471176,-32.6313,8.369,7.046,1.323,0.0956374,0.0349344,8.114,6.857,1.257,92,29,,train,-0.0499999999999998,0,0.0,train,test,train,train,train,test,train,train,train,valid,-0.22067155
3111,2020_Townsend,CC(C)C[C@@H]1NC(=O)[C@H](C)NC(=O)[C@H](Cc2ccccc2)NC(=O)[C@H](CC(C)C)N(C)C(=O)[C@H]2CCCN2C(=O)C[C@H](Cc2ccccc2)NC1=O,hexa_597,3111,-6.0,6,6,Circle,0.197137,0.0653218,-26.4833,8.572,7.39,1.182,0.167585,0.038869,8.547,7.453,1.094,18,87,,train,0.0,1,1.0,train,test,train,test,train,train,train,train,train,train,0.032678246
3094,2020_Townsend,CC(C)C[C@@H]1NC(=O)[C@H]2CCCN2C(=O)CN(Cc2ccccc2)C(=O)[C@H](CC(C)C)N(C)C(=O)[C@H](C)NC(=O)[C@H](Cc2ccccc2)NC1=O,hexa_580,3094,-10.0,6,6,Circle,0.168594,0.0462064,-27.8287,8.164,7.071,1.093,0.166354,0.0397242,8.112,7.043,1.069,23,39,,test,-1.0,0,0.0,test,test,valid,train,train,train,train,test,train,train,-0.5410129
3085,2020_Townsend,CC(C)C[C@H]1NC(=O)[C@@H](CC(C)C)N(C)C(=O)[C@H](C)NC(=O)[C@H](Cc2ccccc2)NC(=O)CN(Cc2ccccc2)C(=O)[C@H]2CCCN2C1=O,hexa_571,3085,-5.49,6,6,Circle,0.111236,0.0330538,-25.9485,8.233,7.039,1.194,0.132796,0.0372245,8.175,6.994,1.181,98,63,,train,0.2549999999999999,1,1.0,train,test,train,train,valid,train,train,train,train,train,0.14458027
3076,2020_Townsend,CC(C)C[C@@H]1NC(=O)[C@H](CC(C)C)N(C)C(=O)[C@H](C)NC(=O)[C@H](Cc2ccccc2)NC(=O)[C@H](CC(C)C)N(C)C(=O)[C@H]2CCCN2C1=O,hexa_562,3076,-5.17,6,6,Circle,0.170699,0.0501225,-17.6209,8.407,7.211,1.196,0.138348,0.0343131,8.135,7.245,0.89,56,45,,train,0.415,1,1.0,train,test,train,train,train,train,train,train,train,train,0.41425443
3062,2020_Townsend,CC(C)C[C@@H]1NC(=O)[C@@H](CC(C)C)N(C)C(=O)[C@H](C)NC(=O)[C@H](Cc2ccccc2)NC(=O)[C@@H](CC(C)C)N(C)C(=O)[C@H]2CCCN2C1=O,hexa_548,3062,-4.92,6,6,Circle,0.145788,0.0646582,-28.4952,8.274,7.018,1.256,0.133706,0.0461723,8.399,7.478,0.921,17,16,,train,0.54,1,1.0,train,test,train,train,train,train,train,train,train,train,0.36074668
3057,2020_Townsend,CC(C)C[C@H]1C(=O)N[C@H](CC(C)C)C(=O)N2CCC[C@@H]2C(=O)N(C)[C@H](CC(C)C)C(=O)N[C@@H](Cc2ccccc2)C(=O)N[C@@H](C)C(=O)N1C,hexa_543,3057,-6.14,6,6,Circle,0.123479,0.0373279,-24.2363,8.149,7.141,1.008,0.118531,0.0438608,8.151,7.126,1.025,96,17,,val,-0.0699999999999998,0,0.0,valid,test,train,train,train,valid,train,train,train,train,0.24813025
3054,2020_Townsend,CC(C)C[C@H]1NC(=O)[C@H](C)NC(=O)[C@H](Cc2ccccc2)NC(=O)[C@@H](CC(C)C)N(C)C(=O)[C@H]2CCCN2C(=O)[C@@H](CC(C)C)N(C)C1=O,hexa_540,3054,-10.0,6,6,Circle,0.133753,0.043821,-24.3481,8.236,7.039,1.197,0.0885301,0.0282567,8.179,7.003,1.176,57,16,,train,-1.0,0,0.0,train,test,test,valid,train,train,train,train,train,train,0.11545034
3052,2020_Townsend,CC(C)C[C@@H]1NC(=O)[C@H](C)NC(=O)[C@H](Cc2ccccc2)NC(=O)[C@H](CC(C)C)N(C)C(=O)[C@H]2CCCN2C(=O)[C@H](CC(C)C)NC1=O,hexa_538,3052,-6.04,6,6,Circle,0.188978,0.0838041,-17.8645,8.151,6.993,1.158,0.105068,0.0326538,7.966,6.937,1.029,43,75,,train,-0.02,0,0.0,train,test,train,train,valid,train,train,train,train,train,0.09930529
3043,2020_Townsend,CC(C)C[C@@H]1NC(=O)[C@H](C)NC(=O)[C@H](Cc2ccccc2)NC(=O)[C@@H](CC(C)C)NC(=O)[C@H]2CCCN2C(=O)[C@H](CC(C)C)N(C)C1=O,hexa_529,3043,-6.52,6,6,Circle,0.125177,0.0387677,-27.8118,8.201,6.938,1.263,0.115885,0.0325528,8.043,6.856,1.187,100,15,,train,-0.2599999999999998,0,0.0,train,test,train,train,train,test,train,train,train,test,-0.21919246
3036,2020_Townsend,CC(C)C[C@@H]1NC(=O)[C@H](C)NC(=O)[C@H](Cc2ccccc2)NC(=O)[C@@H](CC(C)C)NC(=O)[C@H]2CCCN2C(=O)[C@@H](CC(C)C)N(C)C1=O,hexa_522,3036,-10.0,6,6,Circle,0.171651,0.063811,-26.0034,8.262,7.101,1.161,0.139605,0.0547173,8.029,6.904,1.125,39,50,,train,-1.0,0,0.0,train,test,train,test,train,train,train,test,train,train,-0.10836388
3035,2020_Townsend,CC(C)C[C@@H]1NC(=O)[C@H]2CCCN2C(=O)[C@@H](CC(C)C)N(C)C(=O)[C@@H](CC(C)C)NC(=O)[C@H](C)NC(=O)[C@H](Cc2ccccc2)NC1=O,hexa_521,3035,-10.0,6,6,Circle,0.171962,0.058002,-27.0056,8.207,7.01,1.197,0.0888891,0.0322408,8.159,6.839,1.32,10,17,,train,-1.0,0,0.0,train,test,train,valid,train,test,train,valid,test,train,-0.36884707
3022,2020_Townsend,CC(C)C[C@@H]1C(=O)N[C@@H](Cc2ccccc2)CC(=O)N2CCC[C@H]2C(=O)N(Cc2ccccc2)CC(=O)N[C@@H](Cc2ccccc2)C(=O)N[C@H](C)C(=O)N1C,hexa_508,3022,-5.53,6,6,Circle,0.201421,0.0418742,-34.0277,9.08,7.929,1.151,0.170957,0.0386449,9.051,7.897,1.154,16,88,,test,0.2349999999999998,1,1.0,test,test,valid,train,train,train,train,train,train,train,0.09147073
3011,2020_Townsend,CC(C)C[C@H]1C(=O)N[C@@H](Cc2ccccc2)C(=O)N[C@H](C)C(=O)N(C)[C@@H](CC(C)C)C(=O)N(Cc2ccccc2)CC(=O)N2CCC[C@H]2C(=O)N1C,hexa_497,3011,-5.35,6,6,Circle,0.155391,0.0390049,-28.9899,8.563,7.478,1.085,0.117163,0.040322,8.368,7.483,0.885,82,67,,train,0.3250000000000002,1,1.0,train,test,train,train,train,train,train,train,train,train,0.27468616
2993,2020_Townsend,CC(C)C[C@@H]1NC(=O)[C@@H](CC(C)C)N(C)C(=O)[C@@H](C)NC(=O)[C@H](Cc2ccccc2)NC(=O)CN(Cc2ccccc2)C(=O)[C@@H]2CCCN2C1=O,hexa_479,2993,-5.44,6,6,Circle,0.178325,0.0584223,-22.8224,8.364,7.232,1.132,0.163024,0.0517388,8.312,7.226,1.086,23,13,,train,0.2799999999999998,1,1.0,train,test,train,train,train,train,train,train,train,train,0.21692887
2991,2020_Townsend,CC(C)C[C@H]1C(=O)N(Cc2ccccc2)CC(=O)N2CCC[C@H]2C(=O)N[C@H](CC(C)C)C(=O)N[C@@H](Cc2ccccc2)C(=O)N[C@H](C)C(=O)N1C,hexa_477,2991,-5.79,6,6,Circle,0.245211,0.0944836,-32.9101,8.368,7.176,1.192,0.134224,0.0314614,8.194,7.125,1.069,25,78,,train,0.1049999999999999,1,1.0,train,test,train,train,train,train,train,train,train,train,0.10063758
2975,2020_Townsend,CC(C)C[C@@H]1NC(=O)[C@@H](C)NC(=O)[C@H](Cc2ccccc2)NC(=O)CN(Cc2ccccc2)C(=O)[C@@H]2CCCN2C(=O)[C@@H](CC(C)C)NC1=O,hexa_461,2975,-6.32,6,6,Circle,0.161867,0.0418908,-31.4833,8.485,7.286,1.199,0.150771,0.0395596,8.087,6.914,1.173,94,65,,train,-0.1600000000000001,0,0.0,train,test,train,train,train,train,valid,train,test,valid,0.03724735
2973,2020_Townsend,CC(C)C[C@@H]1NC(=O)[C@@H](C)NC(=O)[C@H](Cc2ccccc2)NC(=O)[C@@H](CC(C)C)NC(=O)[C@@H]2CCCN2C(=O)CN(Cc2ccccc2)C1=O,hexa_459,2973,-6.63,6,6,Circle,0.175987,0.0524776,-41.3379,8.557,7.202,1.355,0.145049,0.0671933,8.387,7.296,1.091,62,9,,train,-0.3149999999999999,0,0.0,train,test,valid,train,train,train,train,train,train,train,-0.17134564
2948,2020_Townsend,CC(C)C[C@@H]1NC(=O)[C@@H](C)NC(=O)[C@H](Cc2ccccc2)NC(=O)[C@H](CC(C)C)N(C)C(=O)[C@@H]2CCCN2C(=O)[C@@H](CC(C)C)NC1=O,hexa_434,2948,-5.87,6,6,Circle,0.153742,0.0407816,-34.1718,8.331,7.1,1.231,0.128768,0.0419637,8.066,6.958,1.108,54,52,,train,0.0649999999999999,1,1.0,train,test,train,train,train,train,test,train,train,train,0.017112829
2927,2020_Townsend,CC(C)C[C@H]1C(=O)N(Cc2ccccc2)CC(=O)N2CCC[C@H]2C(=O)N(Cc2ccccc2)CC(=O)N[C@@H](Cc2ccccc2)C(=O)N[C@@H](C)C(=O)N1C,hexa_413,2927,-5.5,6,6,Circle,0.207929,0.0652858,-34.4673,8.791,7.65,1.141,0.158377,0.0433745,8.56,7.668,0.892,20,55,,train,0.25,1,1.0,train,test,train,train,train,train,test,train,train,train,0.11684936
2920,2020_Townsend,CC(C)C[C@H]1C(=O)N(Cc2ccccc2)CC(=O)N2CCC[C@H]2C(=O)N(C)[C@@H](CC(C)C)C(=O)N[C@@H](Cc2ccccc2)C(=O)N[C@@H](C)C(=O)N1C,hexa_406,2920,-5.52,6,6,Circle,0.135768,0.0446597,-34.4559,8.322,7.174,1.148,0.117037,0.0435997,8.47,7.449,1.021,52,85,,train,0.2400000000000002,1,1.0,train,test,test,train,train,train,train,train,test,test,0.3113793
2912,2020_Townsend,CC(C)C[C@H]1NC(=O)[C@H](C)NC(=O)[C@H](Cc2ccccc2)NC(=O)[C@@H](CC(C)C)N(C)C(=O)[C@@H]2CCCN2C(=O)C[C@H](Cc2ccccc2)NC1=O,hexa_398,2912,-10.0,6,6,Circle,0.181545,0.0361304,-25.2426,8.443,7.095,1.348,0.195439,0.0685892,8.045,6.852,1.193,100,98,,train,-1.0,0,0.0,train,test,valid,train,train,train,train,test,train,train,-0.0087646805
2905,2020_Townsend,CC(C)C[C@@H]1NC(=O)[C@@H](CC(C)C)N(C)C(=O)[C@H](C)NC(=O)[C@H](Cc2ccccc2)NC(=O)CN(Cc2ccccc2)C(=O)[C@@H]2CCCN2C1=O,hexa_391,2905,-5.48,6,6,Circle,0.15313,0.0574361,-22.2959,8.42,7.298,1.122,0.140974,0.0399305,8.36,7.281,1.079,94,5,,train,0.2599999999999998,1,1.0,train,test,train,train,train,test,train,train,train,train,0.17227837
2904,2020_Townsend,CC(C)C[C@H]1C(=O)N2CCC[C@H]2C(=O)N(Cc2ccccc2)CC(=O)N[C@@H](Cc2ccccc2)C(=O)N[C@@H](C)C(=O)N[C@H](CC(C)C)C(=O)N1C,hexa_390,2904,-5.65,6,6,Circle,0.178897,0.0503461,-23.9818,8.369,7.266,1.103,0.167504,0.0421881,8.323,7.225,1.098,41,43,,train,0.1749999999999998,1,1.0,train,test,train,train,valid,train,train,test,train,valid,0.11322143
2898,2020_Townsend,CC(C)C[C@H]1C(=O)N(Cc2ccccc2)CC(=O)N2CCC[C@H]2C(=O)N[C@H](CC(C)C)C(=O)N[C@@H](Cc2ccccc2)C(=O)N[C@@H](C)C(=O)N1C,hexa_384,2898,-6.07,6,6,Circle,0.135011,0.0400426,-42.5623,8.298,7.043,1.255,0.119195,0.0506487,8.456,7.331,1.125,12,40,,train,-0.0350000000000001,0,0.0,train,test,train,test,train,train,train,train,train,train,-0.29582626
2885,2020_Townsend,CC(C)C[C@@H]1C(=O)N(C)[C@H](CC(C)C)C(=O)N2CCC[C@H]2C(=O)N(C)[C@H](CC(C)C)C(=O)N[C@@H](Cc2ccccc2)C(=O)N[C@@H](C)C(=O)N1C,hexa_371,2885,-5.22,6,6,Circle,0.13955,0.0469613,-25.2807,8.492,7.253,1.239,0.144198,0.0508633,8.111,7.098,1.013,54,49,,train,0.3900000000000001,1,1.0,train,test,train,train,train,test,train,train,train,train,0.3570987
2871,2020_Townsend,CC(C)C[C@H]1NC(=O)[C@@H]2CCCN2C(=O)[C@@H](CC(C)C)NC(=O)CN(Cc2ccccc2)C(=O)[C@H](C)NC(=O)[C@H](Cc2ccccc2)NC1=O,hexa_357,2871,-6.43,6,6,Circle,0.150988,0.0451082,-33.9811,8.206,6.846,1.36,0.18451,0.0503341,7.944,6.728,1.216,20,70,,train,-0.2149999999999998,0,0.0,train,test,train,train,valid,train,train,valid,train,train,0.1090935
2864,2020_Townsend,CC(C)C[C@H]1NC(=O)[C@@H](CC(C)C)N(C)C(=O)[C@H](C)NC(=O)[C@H](Cc2ccccc2)NC(=O)[C@@H](CC(C)C)N(C)C(=O)[C@@H]2CCCN2C1=O,hexa_350,2864,-5.22,6,6,Circle,0.228361,0.0747855,-31.6794,8.323,7.192,1.131,0.162725,0.0472816,8.376,7.263,1.113,25,64,,test,0.3900000000000001,1,1.0,test,test,train,train,test,train,train,train,train,valid,0.38040185
2863,2020_Townsend,CC(C)C[C@H]1NC(=O)[C@@H]2CCCN2C(=O)[C@@H](CC(C)C)N(C)C(=O)[C@@H](CC(C)C)N(C)C(=O)[C@H](C)NC(=O)[C@H](Cc2ccccc2)NC1=O,hexa_349,2863,-5.51,6,6,Circle,0.139221,0.0451613,-23.1422,8.35,7.048,1.302,0.100167,0.0289715,7.613,6.44,1.173,40,28,,train,0.2450000000000001,1,1.0,train,test,train,train,train,train,valid,valid,train,train,0.22789578
2850,2020_Townsend,CC(C)C[C@H]1C(=O)N[C@H](CC(C)C)C(=O)N2CCC[C@H]2C(=O)N[C@H](CC(C)C)C(=O)N[C@@H](Cc2ccccc2)C(=O)N[C@@H](C)C(=O)N1C,hexa_336,2850,-6.3,6,6,Circle,0.172874,0.0738556,-31.9394,8.475,7.17,1.305,0.154856,0.0520036,8.2,7.044,1.156,22,59,,train,-0.1499999999999999,0,0.0,train,test,train,train,train,test,train,train,train,train,0.05295775
2845,2020_Townsend,CC(C)C[C@H]1NC(=O)[C@H](C)NC(=O)[C@H](Cc2ccccc2)NC(=O)[C@@H](CC(C)C)N(C)C(=O)[C@@H]2CCCN2C(=O)[C@@H](CC(C)C)NC1=O,hexa_331,2845,-6.11,6,6,Circle,0.152675,0.0591652,-28.4655,8.403,7.009,1.394,0.152344,0.0591907,7.727,6.529,1.198,87,30,,test,-0.0550000000000001,0,0.0,test,test,train,train,train,train,train,train,valid,train,0.11192593
2839,2020_Townsend,CCCN1CC(=O)N(Cc2ccccc2)CC(=O)N(Cc2ccccc2)CC(=O)N2CCC[C@H]2C(=O)N(Cc2ccccc2)CC(=O)N[C@@H](Cc2ccccc2)C1=O,hexa_325,2839,-5.87,6,6,Circle,0.22525,0.0535965,-39.2887,9.426,8.419,1.007,0.186006,0.0532799,8.705,7.712,0.993,42,4,,val,0.0649999999999999,1,1.0,valid,test,train,train,train,train,train,train,train,train,0.061227426
2821,2020_Townsend,CCCN1CC(=O)N[C@@H](CC(C)C)C(=O)N[C@@H](Cc2ccccc2)CC(=O)N2CCC[C@H]2C(=O)N[C@@H](CC(C)C)C(=O)N[C@@H](Cc2ccccc2)C1=O,hexa_307,2821,-5.99,6,6,Circle,0.196816,0.0751439,-38.8123,8.749,7.432,1.317,0.189816,0.0448905,8.615,7.38,1.235,91,19,,train,0.0049999999999998,1,1.0,train,test,train,train,train,test,train,train,train,valid,0.063189104
2819,2020_Townsend,CCCN1CC(=O)N[C@@H](CC(C)C)C(=O)N(C)[C@H](CC(C)C)C(=O)N2CCC[C@H]2C(=O)N(Cc2ccccc2)CC(=O)N[C@@H](Cc2ccccc2)C1=O,hexa_305,2819,-4.98,6,6,Circle,0.159527,0.0517397,-29.0032,8.912,7.906,1.006,0.140759,0.0330119,8.825,7.737,1.088,26,84,,train,0.5099999999999998,1,1.0,train,test,valid,train,test,train,valid,train,valid,train,0.3588196
2817,2020_Townsend,CCCN1CC(=O)N[C@H](CC(C)C)C(=O)N(Cc2ccccc2)CC(=O)N2CCC[C@H]2C(=O)N(C)[C@@H](CC(C)C)C(=O)N[C@@H](Cc2ccccc2)C1=O,hexa_303,2817,-4.88,6,6,Circle,0.147677,0.052271,-23.2411,8.654,7.588,1.066,0.152656,0.0512539,8.699,7.662,1.037,89,28,,train,0.56,1,1.0,train,test,train,train,train,train,train,test,train,train,0.41305888
2803,2020_Townsend,CCCN1CC(=O)N[C@H](CC(C)C)C(=O)N[C@@H](CC(C)C)C(=O)N2CCC[C@H]2C(=O)N(Cc2ccccc2)CC(=O)N[C@@H](Cc2ccccc2)C1=O,hexa_289,2803,-5.5,6,6,Circle,0.202043,0.0702002,-23.8074,8.598,7.459,1.139,0.167087,0.0445534,8.396,7.317,1.079,54,20,,train,0.25,1,1.0,train,test,train,valid,train,train,train,train,train,test,0.23320147
2799,2020_Townsend,CCCN1CC(=O)N(C)[C@H](CC(C)C)C(=O)N[C@@H](CC(C)C)C(=O)N2CCC[C@H]2C(=O)N(C)[C@@H](CC(C)C)C(=O)N[C@@H](Cc2ccccc2)C1=O,hexa_285,2799,-4.74,6,6,Circle,0.150129,0.0481895,-15.5282,8.585,7.736,0.849,0.100872,0.0302467,8.302,7.483,0.819,77,24,,train,0.6299999999999999,1,1.0,train,test,train,test,train,train,valid,train,test,valid,0.45110607
2795,2020_Townsend,CCCN1CC(=O)N[C@H](CC(C)C)C(=O)N[C@H](CC(C)C)C(=O)N2CCC[C@H]2C(=O)N(Cc2ccccc2)CC(=O)N[C@@H](Cc2ccccc2)C1=O,hexa_281,2795,-5.88,6,6,Circle,0.207983,0.0569688,-23.7323,8.694,7.609,1.085,0.177609,0.052759,8.569,7.506,1.063,77,82,,train,0.06,1,1.0,train,test,train,valid,train,test,train,train,train,valid,0.24129106
2788,2020_Townsend,CCCN1CC(=O)N(C)[C@H](CC(C)C)C(=O)N[C@H](CC(C)C)C(=O)N2CCC[C@H]2C(=O)N(C)[C@H](CC(C)C)C(=O)N[C@@H](Cc2ccccc2)C1=O,hexa_274,2788,-4.82,6,6,Circle,0.130093,0.0442285,-22.7997,8.867,7.751,1.116,0.170221,0.0471558,8.596,7.643,0.953,41,87,,train,0.5899999999999999,1,1.0,train,test,train,train,train,train,train,train,test,train,0.40043718
2787,2020_Townsend,CCCN1CC(=O)N[C@H](CC(C)C)C(=O)N(C)[C@H](CC(C)C)C(=O)N2CCC[C@H]2C(=O)N(C)[C@H](CC(C)C)C(=O)N[C@@H](Cc2ccccc2)C1=O,hexa_273,2787,-4.83,6,6,Circle,0.138502,0.044437,-22.7132,8.72,7.669,1.051,0.179308,0.0577442,8.62,7.595,1.025,31,51,,train,0.585,1,1.0,train,test,train,train,train,test,train,valid,train,train,0.45141208
2782,2020_Townsend,CCCN1CC(=O)N[C@@H](CC(C)C)C(=O)N(C)[C@H](CC(C)C)C(=O)N2CCC[C@H]2C(=O)N[C@@H](CC(C)C)C(=O)N[C@@H](Cc2ccccc2)C1=O,hexa_268,2782,-5.2,6,6,Circle,0.19014,0.0707462,-19.9252,8.538,7.396,1.142,0.151919,0.0372669,8.469,7.296,1.173,67,15,,train,0.3999999999999999,1,1.0,train,test,train,train,train,train,train,train,train,train,0.3348875
2776,2020_Townsend,CCCN1CC(=O)N(C)[C@H](CC(C)C)C(=O)N[C@H](CC(C)C)C(=O)N2CCC[C@H]2C(=O)N[C@H](CC(C)C)C(=O)N[C@@H](Cc2ccccc2)C1=O,hexa_262,2776,-4.89,6,6,Circle,0.174286,0.0658777,-28.604,8.689,7.504,1.185,0.173204,0.056695,8.509,7.438,1.071,19,56,,train,0.5550000000000002,1,1.0,train,test,train,valid,test,valid,valid,train,test,train,0.2987988
2773,2020_Townsend,CCCN1CC(=O)N[C@@H](CC(C)C)C(=O)N[C@@H](CC(C)C)C(=O)N2CCC[C@H]2C(=O)N[C@H](CC(C)C)C(=O)N[C@@H](Cc2ccccc2)C1=O,hexa_259,2773,-6.08,6,6,Circle,0.12633,0.0408015,-24.8222,8.413,7.232,1.181,0.139277,0.0377225,8.17,7.136,1.034,11,62,,train,-0.04,0,0.0,train,test,train,train,train,train,train,train,train,train,0.029888645
2761,2020_Townsend,CCCN1CC(=O)N(C)[C@@H](CC(C)C)C(=O)N(Cc2ccccc2)CC(=O)N2CCC[C@@H]2C(=O)N(C)[C@@H](CC(C)C)C(=O)N[C@@H](Cc2ccccc2)C1=O,hexa_247,2761,-5.15,6,6,Circle,0.185213,0.0759118,-27.3384,8.777,7.815,0.962,0.124673,0.0411369,8.62,7.755,0.865,24,82,,train,0.4249999999999998,1,1.0,train,test,test,train,valid,test,train,train,train,valid,0.43258393
2752,2020_Townsend,CCCN1CC(=O)N(Cc2ccccc2)CC(=O)N(C)[C@H](CC(C)C)C(=O)N2CCC[C@@H]2C(=O)N(C)[C@H](CC(C)C)C(=O)N[C@@H](Cc2ccccc2)C1=O,hexa_238,2752,-5.54,6,6,Circle,0.131355,0.0440289,-33.0508,8.87,7.751,1.119,0.172357,0.0594175,8.847,7.729,1.118,23,69,,test,0.2299999999999999,1,1.0,test,test,train,test,train,train,test,train,train,test,0.28152567
2748,2020_Townsend,CCCN1CC(=O)N(C)[C@@H](CC(C)C)C(=O)N(Cc2ccccc2)CC(=O)N2CCC[C@@H]2C(=O)N[C@H](CC(C)C)C(=O)N[C@@H](Cc2ccccc2)C1=O,hexa_234,2748,-5.13,6,6,Circle,0.1872,0.0574391,-34.4686,8.651,7.549,1.102,0.121173,0.0372264,8.357,7.31,1.047,84,42,,train,0.435,1,1.0,train,test,train,train,train,train,train,valid,train,train,0.20640405
2746,2020_Townsend,CCCN1CC(=O)N(C)[C@H](CC(C)C)C(=O)N[C@@H](CC(C)C)C(=O)N2CCC[C@@H]2C(=O)N(Cc2ccccc2)CC(=O)N[C@@H](Cc2ccccc2)C1=O,hexa_232,2746,-5.37,6,6,Circle,0.151346,0.0442944,-26.5306,8.679,7.603,1.076,0.173497,0.0558649,8.695,7.713,0.982,78,94,,train,0.3149999999999999,1,1.0,train,test,train,train,train,train,valid,valid,valid,train,0.21115221
2727,2020_Townsend,CCCN1CC(=O)N(C)[C@@H](CC(C)C)C(=O)N[C@@H](CC(C)C)C(=O)N2CCC[C@@H]2C(=O)N(C)[C@H](CC(C)C)C(=O)N[C@@H](Cc2ccccc2)C1=O,hexa_213,2727,-4.98,6,6,Circle,0.108075,0.0343585,-31.5326,8.655,7.624,1.031,0.150668,0.0454549,8.582,7.771,0.811,57,36,,train,0.5099999999999998,1,1.0,train,test,train,train,train,train,train,valid,train,train,0.42284018
2698,2020_Townsend,CCCN1CC(=O)N(C)[C@H](CC(C)C)C(=O)N[C@H](CC(C)C)C(=O)N2CCC[C@@H]2C(=O)N[C@H](CC(C)C)C(=O)N[C@@H](Cc2ccccc2)C1=O,hexa_184,2698,-5.76,6,6,Circle,0.181356,0.0725479,-27.7865,8.574,7.421,1.153,0.13281,0.0299063,8.549,7.547,1.002,9,92,,val,0.1200000000000001,1,1.0,valid,test,train,train,train,train,test,train,train,train,0.27498817
2685,2020_Townsend,CC(C)C[C@H]1C(=O)N(Cc2ccccc2)CC(=O)N2CCC[C@H]2C(=O)N(Cc2ccccc2)CC(=O)N[C@@H](Cc2ccccc2)C(=O)N[C@@H](Cc2ccccc2)CC(=O)N1C,hexa_171,2685,-5.46,6,6,Circle,0.175216,0.0593953,-23.565,8.854,7.845,1.009,0.190642,0.0386646,8.81,7.732,1.078,16,3,,train,0.27,1,1.0,train,test,train,train,train,train,train,train,test,train,0.119934
2673,2020_Townsend,CC(C)C[C@H]1NC(=O)C[C@H](Cc2ccccc2)NC(=O)[C@H](Cc2ccccc2)NC(=O)CN(Cc2ccccc2)C(=O)[C@@H]2CCCN2C(=O)CN(Cc2ccccc2)C1=O,hexa_159,2673,-6.02,6,6,Circle,0.153001,0.0418616,-27.9585,8.962,7.872,1.09,0.255818,0.104867,9.175,8.104,1.071,80,56,,train,-0.0099999999999997,0,0.0,train,test,train,test,train,train,train,train,train,train,0.031877644
2666,2020_Townsend,CC(C)C[C@H]1NC(=O)C[C@H](Cc2ccccc2)NC(=O)[C@H](Cc2ccccc2)NC(=O)[C@@H](CC(C)C)N(C)C(=O)[C@@H]2CCCN2C(=O)C[C@H](Cc2ccccc2)NC1=O,hexa_152,2666,-5.88,6,6,Circle,0.253007,0.0741591,-25.274,9.638,8.638,1.0,0.149345,0.0395235,8.66,7.661,0.999,74,23,,train,0.06,1,1.0,train,test,train,train,train,train,train,test,train,train,0.2206725
2644,2020_Townsend,CC(C)C[C@@H]1C(=O)N(C)[C@H](CC(C)C)C(=O)N2CCC[C@H]2C(=O)N(C)[C@H](CC(C)C)C(=O)N[C@@H](Cc2ccccc2)C(=O)N[C@@H](Cc2ccccc2)CC(=O)N1C,hexa_130,2644,-5.16,6,6,Circle,0.174757,0.0503127,-16.5443,9.385,8.315,1.07,0.159119,0.0432143,9.462,8.497,0.965,53,33,,train,0.4199999999999999,1,1.0,train,test,train,test,valid,train,test,train,valid,train,0.20976321
2635,2020_Townsend,CC(C)C[C@@H]1NC(=O)[C@H](CC(C)C)N(C)C(=O)C[C@H](Cc2ccccc2)NC(=O)[C@H](Cc2ccccc2)NC(=O)[C@@H](CC(C)C)N(C)C(=O)[C@@H]2CCCN2C1=O,hexa_121,2635,-5.26,6,6,Circle,0.167368,0.0532315,-18.6641,8.947,7.916,1.031,0.188003,0.063096,8.812,7.718,1.094,74,42,,test,0.3700000000000001,1,1.0,test,test,train,test,train,test,train,train,train,train,0.35700363
2607,2020_Townsend,CC(C)C[C@@H]1NC(=O)[C@@H](CC(C)C)NC(=O)C[C@H](Cc2ccccc2)NC(=O)[C@H](Cc2ccccc2)NC(=O)[C@@H](CC(C)C)N(C)C(=O)[C@@H]2CCCN2C1=O,hexa_93,2607,-5.65,6,6,Circle,0.181699,0.0466632,-25.0586,9.411,8.236,1.175,0.137742,0.0391473,8.889,7.771,1.118,59,86,,train,0.1749999999999998,1,1.0,train,test,test,train,train,valid,train,train,train,test,0.31623244
2594,2020_Townsend,CC(C)C[C@H]1NC(=O)C[C@H](Cc2ccccc2)NC(=O)[C@H](Cc2ccccc2)NC(=O)[C@@H](CC(C)C)NC(=O)[C@@H]2CCCN2C(=O)[C@@H](CC(C)C)NC1=O,hexa_80,2594,-5.81,6,6,Circle,0.153613,0.0416512,-20.6685,8.726,7.646,1.08,0.152064,0.0407264,8.681,7.622,1.059,81,54,,train,0.0950000000000002,1,1.0,train,test,train,train,train,train,train,train,train,train,0.18910705
2590,2020_Townsend,CC(C)C[C@@H]1NC(=O)[C@H]2CCCN2C(=O)C[C@H](Cc2ccccc2)NC(=O)CN(Cc2ccccc2)C(=O)C[C@H](Cc2ccccc2)NC(=O)[C@H](Cc2ccccc2)NC1=O,hexa_76,2590,-6.41,6,6,Circle,0.333188,0.117105,-32.7116,9.378,8.287,1.091,0.256274,0.110489,9.142,8.029,1.113,18,84,,train,-0.205,0,0.0,train,test,test,train,train,train,train,train,train,train,-0.117432356
2584,2020_Townsend,CC(C)C[C@H]1C(=O)N(Cc2ccccc2)CC(=O)N2CCC[C@@H]2C(=O)N(C)[C@@H](CC(C)C)C(=O)N[C@@H](Cc2ccccc2)C(=O)N[C@@H](Cc2ccccc2)CC(=O)N1C,hexa_70,2584,-5.37,6,6,Circle,0.164934,0.0427595,-22.2418,8.761,7.774,0.987,0.195603,0.064,8.774,7.795,0.979,92,43,,train,0.3149999999999999,1,1.0,train,test,valid,train,valid,train,train,train,train,train,0.23912673
2578,2020_Townsend,CC(C)C[C@H]1C(=O)N[C@@H](Cc2ccccc2)C(=O)N[C@@H](Cc2ccccc2)CC(=O)N[C@H](CC(C)C)C(=O)N[C@@H](Cc2ccccc2)CC(=O)N2CCC[C@@H]2C(=O)N1C,hexa_64,2578,-5.63,6,6,Circle,0.187005,0.0430742,-35.1628,9.625,8.558,1.067,0.185806,0.0565565,9.17,8.098,1.072,46,69,,train,0.185,1,1.0,train,test,train,train,train,train,train,train,train,train,0.097376704
2572,2020_Townsend,CC(C)C[C@@H]1NC(=O)[C@@H](CC(C)C)N(C)C(=O)C[C@H](Cc2ccccc2)NC(=O)[C@H](Cc2ccccc2)NC(=O)CN(Cc2ccccc2)C(=O)[C@H]2CCCN2C1=O,hexa_58,2572,-5.56,6,6,Circle,0.184546,0.0475989,-22.6466,9.073,8.108,0.965,0.177022,0.0416971,9.167,8.181,0.986,59,58,,val,0.2200000000000002,1,1.0,valid,test,train,train,train,valid,train,train,train,train,0.17554988
2541,2020_Townsend,CC(C)C[C@H]1C(=O)N[C@H](CC(C)C)C(=O)N2CCC[C@@H]2C(=O)N(C)[C@H](CC(C)C)C(=O)N[C@@H](Cc2ccccc2)C(=O)N[C@@H](Cc2ccccc2)CC(=O)N1C,hexa_27,2541,-5.0,6,6,Circle,0.159407,0.0470258,-20.2252,8.821,7.797,1.024,0.132307,0.0426624,8.856,7.734,1.122,72,62,,train,0.5,1,1.0,train,test,train,train,test,train,train,train,train,train,0.264993
2537,2020_Townsend,CC(C)C[C@@H]1NC(=O)[C@H]2CCCN2C(=O)[C@H](CC(C)C)NC(=O)[C@H](CC(C)C)N(C)C(=O)C[C@H](Cc2ccccc2)NC(=O)[C@H](Cc2ccccc2)NC1=O,hexa_23,2537,-5.39,6,6,Circle,0.169217,0.0754521,-30.8782,9.218,8.084,1.134,0.19717,0.0711692,9.076,8.025,1.051,10,99,,val,0.3050000000000001,1,1.0,valid,test,train,train,train,train,train,train,train,train,0.30162567
2534,2020_Townsend,CC(C)C[C@@H]1NC(=O)[C@@H](CC(C)C)NC(=O)C[C@H](Cc2ccccc2)NC(=O)[C@H](Cc2ccccc2)NC(=O)[C@H](CC(C)C)N(C)C(=O)[C@H]2CCCN2C1=O,hexa_20,2534,-5.12,6,6,Circle,0.171655,0.0439656,-26.7661,8.999,7.942,1.057,0.151078,0.0416277,9.23,8.03,1.2,44,61,,train,0.4399999999999999,1,1.0,train,test,train,valid,train,valid,train,train,train,test,0.37499648
2523,2020_Townsend,CC(C)C[C@H]1NC(=O)C[C@H](Cc2ccccc2)NC(=O)[C@H](Cc2ccccc2)NC(=O)[C@@H](CC(C)C)N(C)C(=O)[C@H]2CCCN2C(=O)[C@@H](CC(C)C)NC1=O,hexa_9,2523,-5.32,6,6,Circle,0.150833,0.0400837,-29.6769,8.701,7.545,1.156,0.16595,0.0431997,8.823,7.726,1.097,76,59,,test,0.3399999999999998,1,1.0,test,test,train,train,valid,train,test,train,train,train,0.32036024
2516,2020_Townsend,CC(C)C[C@@H]1NC(=O)C[C@H](Cc2ccccc2)NC(=O)[C@H](Cc2ccccc2)NC(=O)[C@@H](CC(C)C)NC(=O)[C@H]2CCCN2C(=O)[C@@H](CC(C)C)NC1=O,hexa_2,2516,-6.02,6,6,Circle,0.138522,0.0494498,-21.8828,8.514,7.332,1.182,0.209408,0.0732378,8.738,7.593,1.145,63,32,,train,-0.0099999999999997,0,0.0,train,test,train,train,train,train,train,train,train,test,0.14068103
2339,2018_Naylor,CC(C)C[C@@H]1NC(=O)[C@H](Cc2ccccc2)NC(=O)[C@H]2CCCN2C(=O)[C@H](CC2CCCCC2)NC(=O)[C@H](CC2CCCCC2)NC(=O)[C@@H](C)NC1=O,1NMe3perNH-2Ala34Cha6F(45),2339,-5.34,6,6,Circle,0.140785,0.05713,-29.8145,8.553,7.23,1.323,0.167028,0.0296405,8.8,7.643,1.157,6,72,,train,0.33,1,1.0,train,test,train,train,test,train,train,train,train,train,0.35772532
2338,2018_Naylor,CC(C)C[C@@H]1NC(=O)[C@H](Cc2ccccc2)NC(=O)[C@H]2CCCN2C(=O)[C@H](CC(C)C)NC(=O)[C@H](CC(C)C)NC(=O)[C@@H](CC(C)C)NC1=O,1NMe3perNH-6F(44),2338,-4.99,6,6,Circle,0.197907,0.0644938,-25.0677,8.679,7.429,1.25,0.161073,0.0387317,8.652,7.663,0.989,96,51,,train,0.5049999999999999,1,1.0,train,test,valid,train,train,train,train,train,train,train,0.059663765
2307,2018_Naylor,CC(C)C[C@@H]1NC(=O)[C@H](Cc2ccccc2)N(C)C(=O)[C@H]2CCCN2C(=O)[C@H](CC(C)C)NC(=O)[C@H](C)N(C)C(=O)[C@@H](C)N(C)C1=O,1NMe3-23Ala6F(13),2307,-5.08,6,6,Circle,0.116004,0.0409561,-27.1225,7.888,6.728,1.16,0.115852,0.0387267,7.958,6.943,1.015,47,10,,train,0.4599999999999999,1,1.0,train,test,test,train,train,train,train,train,valid,train,0.35536307
1812,2016_Furukawa,CCCC[C@@H]1NC(=O)[C@@H](CC(C)C)NC(=O)CN(CC2CCOCC2)C(=O)[C@@H](Cc2ccccc2)NC(=O)CN(CC)C(=O)[C@H]2CCCN2C1=O,2.8-09H,1812,-6.15,6,6,Circle,0.16215,0.058314,-26.1166,8.144,6.88,1.264,0.113001,0.0432726,8.174,6.935,1.239,48,7,,train,-0.0750000000000001,0,0.0,train,test,test,train,train,valid,valid,train,train,train,-0.19125289
1807,2016_Furukawa,CCCCCN1CC(=O)N[C@H](CC(C)C)C(=O)N[C@@H](CCCC)C(=O)N2CCC[C@@H]2C(=O)N(CCCOC(C)C)CC(=O)N[C@H](C)C1=O,2.8-04H,1807,-5.81,6,6,Circle,0.142793,0.047406,-18.2525,8.206,7.082,1.124,0.138182,0.0417578,8.362,7.205,1.157,61,20,,train,0.0950000000000002,1,1.0,train,test,train,train,train,train,train,train,train,train,-0.013540626
1804,2016_Furukawa,CCCCCN1CC(=O)N[C@H](CC(C)C)C(=O)N[C@@H](CCCC)C(=O)N2CCC[C@@H]2C(=O)N(CC)CC(=O)N[C@H](C)C1=O,2.8-01H,1804,-6.36,6,6,Circle,0.123755,0.0524612,-23.9696,7.214,5.915,1.299,0.100861,0.0340238,7.286,6.05,1.236,67,99,,train,-0.1800000000000001,0,0.0,train,test,train,train,train,train,train,test,train,train,-0.3166948
1797,2016_Furukawa,CCCC[C@@H]1NC(=O)[C@@H](CC(C)C)N(C)C(=O)CN(CC2CCOCC2)C(=O)[C@@H](C)NC(=O)CN(Cc2ccc3c(c2)OCO3)C(=O)[C@H]2CCCN2C1=O,2.8-12Me,1797,-6.05,6,6,Circle,0.201895,0.0787012,-34.1895,8.562,7.047,1.515,0.103428,0.0376359,8.217,6.753,1.464,93,93,,train,-0.0249999999999999,0,0.0,train,test,train,train,train,train,train,valid,valid,train,0.05460494
1788,2016_Furukawa,CCCC[C@@H]1NC(=O)[C@@H](CC(C)C)N(C)C(=O)CN(CC2CCOCC2)C(=O)[C@@H](C)NC(=O)CN(CC)C(=O)[C@H]2CCCN2C1=O,2.8-03Me,1788,-7.19,6,6,Circle,0.118869,0.0530562,-33.8829,7.784,6.448,1.336,0.118126,0.0580691,7.765,6.575,1.19,43,75,,train,-0.5950000000000002,0,0.0,train,test,test,train,train,train,valid,train,train,train,-0.5834184
1787,2016_Furukawa,CCCC[C@@H]1NC(=O)[C@@H](CC(C)C)N(C)C(=O)CN(CC2CCCCC2)C(=O)[C@@H](C)NC(=O)CN(CC)C(=O)[C@H]2CCCN2C1=O,2.8-02Me,1787,-5.57,6,6,Circle,0.168262,0.0677544,-23.5416,7.786,6.497,1.289,0.12426,0.0439191,7.928,6.805,1.123,94,36,,train,0.2149999999999998,1,1.0,train,test,train,valid,train,train,train,train,train,train,0.3417343
1779,2016_Furukawa,CCCC[C@@H]1NC(=O)[C@@H](CC(C)C)NC(=O)CN(CC2CCOCC2)C(=O)[C@@H](C)NC(=O)CN(Cc2ccc3c(c2)OCO3)C(=O)[C@@H]2CCCN2C1=O,2.7-12H,1779,-6.64,6,6,Circle,0.146803,0.0427257,-32.8717,8.436,6.918,1.518,0.222198,0.067889,8.627,7.029,1.598,83,79,,train,-0.3199999999999998,0,0.0,train,test,train,test,train,train,train,train,train,test,-0.25955904
1770,2016_Furukawa,CCCC[C@@H]1NC(=O)[C@@H](CC(C)C)NC(=O)CN(CC2CCOCC2)C(=O)[C@@H](C)NC(=O)CN(CC)C(=O)[C@@H]2CCCN2C1=O,2.7-03H,1770,-8.0,6,6,Circle,0.174348,0.0740865,-26.2398,7.658,6.295,1.363,0.113822,0.0418542,7.824,6.388,1.436,11,21,,train,-1.0,0,0.0,train,test,train,test,train,train,train,valid,train,train,-0.92694074
1766,2016_Furukawa,CCCC[C@@H]1NC(=O)[C@@H](CC(C)C)N(C)C(=O)CN(CC2CCCCC2)C(=O)[C@@H](Cc2ccccc2)NC(=O)CN(Cc2ccc3c(c2)OCO3)C(=O)[C@@H]2CCCN2C1=O,2.7-17Me,1766,-5.94,6,6,Circle,0.14298,0.0412389,-27.1682,9.78,8.442,1.338,0.157627,0.0351537,9.717,8.411,1.306,84,7,,train,0.0299999999999998,1,1.0,train,test,valid,train,train,train,train,train,train,train,-0.4296897
1765,2016_Furukawa,CCCCCN1CC(=O)N(C)[C@H](CC(C)C)C(=O)N[C@@H](CCCC)C(=O)N2CCC[C@H]2C(=O)N(Cc2ccc3c(c2)OCO3)CC(=O)N[C@H](Cc2ccccc2)C1=O,2.7-16Me,1765,-5.43,6,6,Circle,0.195879,0.0405057,-30.3714,9.33,8.084,1.246,0.178442,0.0410038,9.288,8.012,1.276,62,45,,val,0.2850000000000001,1,1.0,valid,test,test,train,train,train,train,train,train,train,-0.4002154
1755,2016_Furukawa,CCCC[C@@H]1NC(=O)[C@@H](CC(C)C)N(C)C(=O)CN(CC2CCCCC2)C(=O)[C@@H](C)NC(=O)CN(CCCOC(C)C)C(=O)[C@@H]2CCCN2C1=O,2.7-06Me,1755,-5.3,6,6,Circle,0.1382,0.035602,-20.143,9.004,7.823,1.181,0.155314,0.0396279,8.66,7.516,1.144,71,71,,train,0.3500000000000001,1,1.0,train,test,valid,train,train,valid,train,train,valid,train,0.42988175
1754,2016_Furukawa,CCCCCN1CC(=O)N(C)[C@H](CC(C)C)C(=O)N[C@@H](CCCC)C(=O)N2CCC[C@H]2C(=O)N(CC)CC(=O)N[C@H](Cc2ccccc2)C1=O,2.7-05Me,1754,-4.96,6,6,Circle,0.133399,0.0446262,-22.1943,8.662,7.685,0.977,0.145521,0.0369537,8.369,7.314,1.055,5,18,,train,0.52,1,1.0,train,test,train,train,train,train,train,train,train,valid,0.42669237
1720,2016_Furukawa,CCCC[C@@H]1NC(=O)[C@@H](CC(C)C)N(C)C(=O)CN(CC2CCOCC2)C(=O)[C@H](C)NC(=O)CN(CCCOC(C)C)C(=O)[C@H]2CCCN2C1=O,2.6-07Me,1720,-5.95,6,6,Circle,0.15349,0.0585508,-21.417,8.593,7.445,1.148,0.131466,0.0473891,8.466,7.352,1.114,3,44,,train,0.0249999999999999,1,1.0,train,test,train,test,train,train,test,train,train,train,0.14602706
1701,2016_Furukawa,CCCC[C@@H]1NC(=O)[C@@H](CC(C)C)NC(=O)CN(CC2CCCCC2)C(=O)[C@H](C)NC(=O)CN(CCCOC(C)C)C(=O)[C@@H]2CCCN2C1=O,2.5-06H,1701,-5.29,6,6,Circle,0.201079,0.0665993,-22.4203,8.568,7.302,1.266,0.162207,0.0418913,8.28,7.086,1.194,77,71,,train,0.355,1,1.0,train,test,train,train,train,train,train,train,train,train,0.31217247
1692,2016_Furukawa,CCCC[C@@H]1NC(=O)[C@@H](CC(C)C)N(C)C(=O)CN(CC2CCOCC2)C(=O)[C@H](Cc2ccccc2)NC(=O)CN(CCCOC(C)C)C(=O)[C@@H]2CCCN2C1=O,2.5-15Me,1692,-5.08,6,6,Circle,0.199787,0.0517758,-22.6511,9.709,8.561,1.148,0.115312,0.0317964,8.882,8.025,0.857,17,48,,train,0.4599999999999999,1,1.0,train,test,train,train,valid,train,train,train,train,train,0.45380622
1673,2016_Furukawa,CCCC[C@@H]1NC(=O)[C@H](CC(C)C)NC(=O)CN(CC2CCCCC2)C(=O)[C@@H](Cc2ccccc2)NC(=O)CN(CCCOC(C)C)C(=O)[C@H]2CCCN2C1=O,2.4-14H,1673,-5.22,6,6,Circle,0.170293,0.0526258,-23.868,8.813,7.672,1.141,0.23449,0.0673205,9.124,7.839,1.285,14,35,,test,0.3900000000000001,1,1.0,test,test,train,train,train,train,train,train,train,train,0.49730712
1668,2016_Furukawa,CCCC[C@@H]1NC(=O)[C@H](CC(C)C)NC(=O)CN(CC2CCOCC2)C(=O)[C@@H](Cc2ccccc2)NC(=O)CN(CC)C(=O)[C@H]2CCCN2C1=O,2.4-09H,1668,-6.99,6,6,Circle,0.179202,0.067722,-31.1809,8.221,6.901,1.32,0.150509,0.0377558,8.362,6.912,1.45,50,63,,train,-0.4950000000000001,0,0.0,train,test,train,train,train,train,train,train,train,train,-0.5716416
1649,2016_Furukawa,CCCC[C@@H]1NC(=O)[C@H](CC(C)C)N(C)C(=O)CN(CC2CCCCC2)C(=O)[C@@H](Cc2ccccc2)NC(=O)CN(CC)C(=O)[C@H]2CCCN2C1=O,2.4-08Me,1649,-5.16,6,6,Circle,0.195285,0.0817057,-24.188,8.412,7.274,1.138,0.153249,0.0420334,8.505,7.321,1.184,73,82,,train,0.4199999999999999,1,1.0,train,test,train,train,train,train,train,train,train,train,0.39019436
1639,2016_Furukawa,CCCCCN1CC(=O)N[C@@H](CC(C)C)C(=O)N[C@@H](CCCC)C(=O)N2CCC[C@H]2C(=O)N(Cc2ccc3c(c2)OCO3)CC(=O)N[C@H](Cc2ccccc2)C1=O,2.3-16H,1639,-5.39,6,6,Circle,0.197642,0.0612967,-35.9512,8.508,6.919,1.589,0.18617,0.069005,8.602,6.96,1.642,49,81,,val,0.3050000000000001,1,1.0,valid,test,valid,valid,train,train,train,train,valid,train,0.3111878
1622,2016_Furukawa,CCCC[C@@H]1NC(=O)[C@H](CC(C)C)N(C)C(=O)CN(CC2CCCCC2)C(=O)[C@@H](Cc2ccccc2)NC(=O)CN(Cc2ccc3c(c2)OCO3)C(=O)[C@@H]2CCCN2C1=O,2.3-17Me,1622,-5.95,6,6,Circle,0.138373,0.0352112,-24.5147,8.61,7.175,1.435,0.144816,0.0422405,8.69,7.315,1.375,47,65,-6.39,test,0.0249999999999999,1,1.0,train,test,train,train,train,train,train,test,train,train,-0.42155772
1604,2016_Furukawa,CCCC[C@@H]1NC(=O)[C@H](CC(C)C)NC(=O)CN(CC2CCCCC2)C(=O)[C@H](Cc2ccccc2)NC(=O)CN(Cc2ccc3c(c2)OCO3)C(=O)[C@H]2CCCN2C1=O,2.2-18H,1604,-5.71,6,6,Circle,0.156341,0.0542141,-24.0887,9.114,7.57,1.544,0.156691,0.044153,9.059,7.588,1.471,39,10,,train,0.145,1,1.0,train,test,test,test,train,train,test,train,test,train,0.05757966
1598,2016_Furukawa,CCCC[C@@H]1NC(=O)[C@H](CC(C)C)NC(=O)CN(CC2CCCCC2)C(=O)[C@H](C)NC(=O)CN(Cc2ccc3c(c2)OCO3)C(=O)[C@H]2CCCN2C1=O,2.2-12H,1598,-5.1,6,6,Circle,0.134827,0.0557919,-31.0774,8.786,7.386,1.4,0.145469,0.0354339,8.307,6.801,1.506,53,54,,train,0.4500000000000002,1,1.0,train,test,train,train,valid,train,train,train,test,valid,0.44680017
1570,2016_Furukawa,CCCCCN1CC(=O)N(C)[C@@H](CC(C)C)C(=O)N[C@@H](CCCC)C(=O)N2CCC[C@@H]2C(=O)N(CC)CC(=O)N[C@@H](C)C1=O,2.2-01Me,1135,-5.4,6,6,Circle,0.135029,0.0534357,-16.3872,7.692,6.548,1.144,0.114078,0.0380935,7.634,6.522,1.112,46,28,,test,0.2999999999999998,1,1.0,test,test,valid,train,test,train,train,train,test,train,0.4005078
1567,2016_Furukawa,CCCCCN1CC(=O)N[C@@H](CC(C)C)C(=O)N[C@@H](CCCC)C(=O)N2CCC[C@H]2C(=O)N(Cc2ccc3c(c2)OCO3)CC(=O)N[C@@H](Cc2ccccc2)C1=O,2.1-16H,1567,-5.09,6,6,Circle,0.18391,0.0519066,-28.3332,9.054,7.8,1.254,0.210824,0.0458251,9.27,8.056,1.214,84,37,,train,0.455,1,1.0,train,test,train,test,valid,train,train,train,train,train,0.22392817
1528,2016_Furukawa,CCCC[C@@H]1NC(=O)[C@H](CC(C)C)N(C)C(=O)CN(CC2CCOCC2)C(=O)[C@H](Cc2ccc3ccccc3c2)NC(=O)CN(Cc2ccccc2Cn2cccn2)C(=O)[C@H]2CCCN2C1=O,1.10-35,1528,-6.29,6,6,Circle,0.200827,0.0792364,-26.3971,9.926,8.763,1.163,0.120315,0.0409994,10.051,8.905,1.146,48,69,,train,-0.145,0,0.0,train,test,train,test,train,train,train,train,test,train,-0.33177042
1523,2016_Furukawa,CCCCCN1CC(=O)N(C)[C@@H](CC(C)C)C(=O)N[C@@H](CCCC)C(=O)N2CCC[C@@H]2C(=O)N(Cc2ccccc2Cn2cccn2)CC(=O)N[C@@H](Cc2ccc3ccccc3c2)C1=O,1.10-30,1523,-7.8,6,6,Circle,0.205076,0.047594,-24.6104,10.333,9.218,1.115,0.184247,0.0435556,10.273,9.193,1.08,84,48,,train,-0.8999999999999999,0,0.0,train,test,train,train,train,train,train,train,train,train,-1.0468318
1519,2016_Furukawa,CCCC[C@@H]1NC(=O)[C@H](CC(C)C)N(C)C(=O)CN(CCc2cccnc2)C(=O)[C@H](Cc2ccccc2)NC(=O)CN(Cc2ccccc2Cn2cccn2)C(=O)[C@H]2CCCN2C1=O,1.10-26,1519,-5.69,6,6,Circle,0.178322,0.0534534,-29.7638,9.704,8.577,1.127,0.169056,0.0400799,9.209,8.303,0.906,51,89,,test,0.1549999999999998,1,1.0,test,test,train,train,train,train,train,train,train,train,0.14592555
1515,2016_Furukawa,CCCC[C@@H]1NC(=O)[C@H](CC(C)C)N(C)C(=O)CN(Cc2ccccc2)C(=O)[C@H](Cc2ccccc2)NC(=O)CN(Cc2ccccc2Cn2cccn2)C(=O)[C@H]2CCCN2C1=O,1.10-22,1515,-6.46,6,6,Circle,0.24922,0.0634134,-28.3418,9.893,8.776,1.117,0.215758,0.0499562,9.797,8.719,1.078,26,20,,train,-0.2299999999999999,0,0.0,train,test,train,train,test,train,valid,train,train,train,-0.46230537
1513,2016_Furukawa,CCCC[C@@H]1NC(=O)[C@H](CC(C)C)N(C)C(=O)CN(CCOc2ccccc2)C(=O)[C@H](CC(C)C)NC(=O)CN(Cc2ccccc2Cn2cccn2)C(=O)[C@H]2CCCN2C1=O,1.10-20,1513,-6.23,6,6,Circle,0.230509,0.0657417,-26.583,9.913,8.75,1.163,0.195981,0.0466576,9.873,8.739,1.134,62,32,,train,-0.1150000000000002,0,0.0,train,test,test,train,train,train,valid,train,train,train,-0.34972268
1511,2016_Furukawa,CCCC[C@@H]1NC(=O)[C@H](CC(C)C)N(C)C(=O)CN(CCc2cccnc2)C(=O)[C@H](CC(C)C)NC(=O)CN(Cc2ccccc2Cn2cccn2)C(=O)[C@H]2CCCN2C1=O,1.10-18,1511,-5.59,6,6,Circle,0.183257,0.0469187,-28.8204,9.702,8.463,1.239,0.190826,0.0484585,9.309,8.235,1.074,81,65,,train,0.205,1,1.0,train,test,train,test,train,test,test,train,train,train,0.20387594
1509,2016_Furukawa,CCCC[C@@H]1NC(=O)[C@H](CC(C)C)N(C)C(=O)CN(CC2CCOCC2)C(=O)[C@H](CC(C)C)NC(=O)CN(Cc2ccccc2Cn2cccn2)C(=O)[C@H]2CCCN2C1=O,1.10-16,1509,-5.38,6,6,Circle,0.17352,0.0422392,-26.4505,9.952,8.681,1.271,0.144565,0.0412252,9.56,8.427,1.133,81,99,,train,0.31,1,1.0,train,test,train,train,train,train,train,train,train,test,0.291312
1506,2016_Furukawa,CCCC[C@@H]1NC(=O)[C@H](CC(C)C)N(C)C(=O)CN(Cc2ccccc2)C(=O)[C@H](CC(C)C)NC(=O)CN(Cc2ccccc2Cn2cccn2)C(=O)[C@H]2CCCN2C1=O,1.10-13,1506,-5.66,6,6,Circle,0.204873,0.06364,-28.2389,9.775,8.586,1.189,0.180219,0.0445302,9.793,8.662,1.131,68,88,,train,0.1699999999999999,1,1.0,train,test,train,train,valid,train,train,train,train,train,-0.13974924
1447,2016_Furukawa,CCCC[C@@H]1NC(=O)[C@H](CC(C)C)N(C)C(=O)CN(CC2CCCCC2)C(=O)[C@H](Cc2ccc3ccccc3c2)NC(=O)CN(Cc2ccc3c(c2)OCO3)C(=O)[C@H]2CCCN2C1=O,1.8-34,1447,-9.12,6,6,Circle,0.17961,0.0391611,-22.1815,9.594,8.457,1.137,0.172953,0.0435218,9.855,8.572,1.283,70,10,,train,-1.0,0,0.0,train,test,train,train,train,valid,train,test,train,valid,-1.1617905
1437,2016_Furukawa,CCCC[C@@H]1NC(=O)[C@H](CC(C)C)N(C)C(=O)CN(CC2CCCCC2)C(=O)[C@H](Cc2ccccc2)NC(=O)CN(Cc2ccc3c(c2)OCO3)C(=O)[C@H]2CCCN2C1=O,1.8-24,1437,-7.54,6,6,Circle,0.143362,0.039722,-20.34,9.246,8.073,1.173,0.177466,0.0385058,9.055,7.92,1.135,88,31,,train,-0.77,0,0.0,train,test,train,train,train,train,train,train,train,train,-0.5827003
1434,2016_Furukawa,CCCC[C@@H]1NC(=O)[C@H](CC(C)C)N(C)C(=O)CN(CCCc2cnn(C)c2)C(=O)[C@H](CC(C)C)NC(=O)CN(Cc2ccc3c(c2)OCO3)C(=O)[C@H]2CCCN2C1=O,1.8-21,1434,-5.44,6,6,Circle,0.193996,0.0442191,-23.8169,9.047,7.591,1.456,0.167742,0.0395093,9.057,7.807,1.25,66,72,,val,0.2799999999999998,1,1.0,valid,test,train,train,valid,train,train,train,train,train,0.1780816
1420,2016_Furukawa,CCCC[C@@H]1NC(=O)[C@H](CC(C)C)N(C)C(=O)CN(CCc2cccnc2)C(=O)[C@H](C)NC(=O)CN(Cc2ccc3c(c2)OCO3)C(=O)[C@H]2CCCN2C1=O,1.8-07,1420,-6.27,6,6,Circle,0.195582,0.0446891,-28.6317,8.688,7.286,1.402,0.232856,0.0473104,8.724,7.288,1.436,18,22,,train,-0.1349999999999998,0,0.0,train,test,train,train,train,train,valid,train,train,train,-0.0426908
1401,2016_Furukawa,CCCC[C@@H]1NC(=O)[C@H](CC(C)C)N(C)C(=O)CN(CCCc2ccccc2)C(=O)[C@H](Cc2ccccc2)NC(=O)CN(CCCCc2ccccc2)C(=O)[C@H]2CCCN2C1=O,1.7-28,1401,-8.51,6,6,Circle,0.202378,0.0396554,-18.5267,9.71,8.838,0.872,0.202856,0.0417771,9.752,8.898,0.854,18,80,,train,-1.0,0,0.0,train,test,train,train,train,train,train,valid,train,train,-1.001052
1386,2016_Furukawa,CCCC[C@@H]1NC(=O)[C@H](CC(C)C)N(C)C(=O)CN(Cc2ccccc2)C(=O)[C@H](CC(C)C)NC(=O)CN(CCCCc2ccccc2)C(=O)[C@H]2CCCN2C1=O,1.7-13,1386,-7.53,6,6,Circle,0.242294,0.0561931,-21.8037,9.459,8.425,1.034,0.182982,0.0440312,9.176,8.286,0.89,78,52,,train,-0.7650000000000001,0,0.0,train,test,train,train,train,train,train,train,train,test,-0.57797843
1349,2016_Furukawa,CCCC[C@@H]1NC(=O)[C@H](CC(C)C)N(C)C(=O)CN(CC2CCOCC2)C(=O)[C@H](CC(C)C)NC(=O)CN(Cc2ccc(Cl)cc2)C(=O)[C@H]2CCCN2C1=O,1.6-16,1349,-5.22,6,6,Circle,0.177938,0.046174,-21.4886,9.312,8.115,1.197,0.169502,0.0449276,8.902,7.838,1.064,87,87,,train,0.3900000000000001,1,1.0,train,test,train,train,train,train,valid,train,train,train,0.24206945
1327,2016_Furukawa,CCCC[C@@H]1NC(=O)[C@H](CC(C)C)N(C)C(=O)CN(CC2CCCCC2)C(=O)[C@H](Cc2ccc3ccccc3c2)NC(=O)CN(CCN2CCOCC2)C(=O)[C@H]2CCCN2C1=O,1.5-34,1327,-6.42,6,6,Circle,0.129984,0.0426177,-25.4565,9.987,8.73,1.257,0.15619,0.0415615,9.627,8.547,1.08,8,49,,val,-0.2099999999999999,0,0.0,valid,test,valid,train,test,train,train,valid,train,test,-0.06789443
1322,2016_Furukawa,CCCC[C@@H]1NC(=O)[C@H](CC(C)C)N(C)C(=O)CN(CCOc2ccccc2)C(=O)[C@H](Cc2ccccc2)NC(=O)CN(CCN2CCOCC2)C(=O)[C@H]2CCCN2C1=O,1.5-29,1322,-5.76,6,6,Circle,0.21194,0.0549488,-28.3309,9.862,8.641,1.221,0.185486,0.0434057,9.558,8.398,1.16,49,17,,train,0.1200000000000001,1,1.0,train,test,train,train,train,train,train,test,test,train,0.1345293
1320,2016_Furukawa,CCCC[C@@H]1NC(=O)[C@H](CC(C)C)N(C)C(=O)CN(CCOC)C(=O)[C@H](Cc2ccc3ccccc3c2)NC(=O)CN(CCN2CCOCC2)C(=O)[C@H]2CCCN2C1=O,1.5-27,1320,-5.73,6,6,Circle,0.20038,0.0490186,-29.1149,9.721,8.455,1.266,0.141344,0.0418534,9.251,8.081,1.17,32,88,,train,0.1349999999999998,1,1.0,train,test,train,train,train,train,train,train,train,train,0.20191541
1304,2016_Furukawa,CCCC[C@@H]1NC(=O)[C@H](CC(C)C)N(C)C(=O)CN(CCCc2cnn(C)c2)C(=O)[C@H](C)NC(=O)CN(CCN2CCOCC2)C(=O)[C@H]2CCCN2C1=O,1.5-11,1304,-8.2,6,6,Circle,0.207817,0.062788,-33.6081,9.377,7.903,1.474,0.166194,0.0433668,8.472,7.257,1.215,16,75,,train,-1.0,0,0.0,train,test,train,train,train,valid,train,train,train,train,-0.80132264
1297,2016_Furukawa,CCCC[C@@H]1NC(=O)[C@H](CC(C)C)N(C)C(=O)CN(CC2CCCCC2)C(=O)[C@H](C)NC(=O)CN(CCN2CCOCC2)C(=O)[C@H]2CCCN2C1=O,1.5-04,1297,-5.92,6,6,Circle,0.156198,0.0584512,-24.4633,8.816,7.533,1.283,0.148517,0.0478806,8.731,7.539,1.192,100,74,,train,0.04,1,1.0,train,test,train,train,train,train,train,train,train,test,0.19982973
1290,2016_Furukawa,CCCC[C@@H]1NC(=O)[C@H](CC(C)C)N(C)C(=O)CN(CCCc2ccccc2)C(=O)[C@H](Cc2ccc3ccccc3c2)NC(=O)CN(CCCOC(C)C)C(=O)[C@H]2CCCN2C1=O,1.4-37,1290,-7.0,6,6,Circle,0.204268,0.0409016,-20.7621,10.299,9.208,1.091,0.162498,0.0401948,9.541,8.712,0.829,73,8,,train,-0.5,0,0.0,train,test,train,train,train,train,train,train,train,train,-0.61606085
1288,2016_Furukawa,CCCC[C@@H]1NC(=O)[C@H](CC(C)C)N(C)C(=O)CN(CC2CCOCC2)C(=O)[C@H](Cc2ccc3ccccc3c2)NC(=O)CN(CCCOC(C)C)C(=O)[C@H]2CCCN2C1=O,1.4-35,1288,-5.28,6,6,Circle,0.155162,0.0461132,-21.7001,9.859,8.647,1.212,0.143452,0.0438262,9.244,8.261,0.983,20,35,,train,0.3599999999999999,1,1.0,train,test,train,train,train,train,train,train,train,train,0.20288496
1287,2016_Furukawa,CCCC[C@@H]1NC(=O)[C@H](CC(C)C)N(C)C(=O)CN(CC2CCCCC2)C(=O)[C@H](Cc2ccc3ccccc3c2)NC(=O)CN(CCCOC(C)C)C(=O)[C@H]2CCCN2C1=O,1.4-34,1287,-6.98,6,6,Circle,0.154571,0.0451654,-16.5293,9.76,8.726,1.034,0.150055,0.0382769,9.662,8.714,0.948,35,35,,train,-0.4900000000000002,0,0.0,train,test,train,train,train,train,train,train,train,train,-0.53496283
1285,2016_Furukawa,CCCC[C@@H]1NC(=O)[C@H](CC(C)C)N(C)C(=O)CN(CCCN2CCCC2=O)C(=O)[C@H](Cc2ccccc2)NC(=O)CN(CCCOC(C)C)C(=O)[C@H]2CCCN2C1=O,1.4-32,1285,-6.23,6,6,Circle,0.19931,0.0508728,-27.495,9.834,8.483,1.351,0.172409,0.0407463,9.117,8.006,1.111,93,43,,train,-0.1150000000000002,0,0.0,train,test,train,train,train,train,train,train,train,train,0.0925381
1281,2016_Furukawa,CCCC[C@@H]1NC(=O)[C@H](CC(C)C)N(C)C(=O)CN(CCCc2ccccc2)C(=O)[C@H](Cc2ccccc2)NC(=O)CN(CCCOC(C)C)C(=O)[C@H]2CCCN2C1=O,1.4-28,1281,-5.86,6,6,Circle,0.191927,0.0404058,-21.6708,10.082,9.0,1.082,0.171645,0.0374858,9.189,8.356,0.833,31,90,,train,0.0699999999999998,1,1.0,train,test,test,train,train,train,test,train,test,train,-0.063095726
1265,2016_Furukawa,CCCC[C@@H]1NC(=O)[C@H](CC(C)C)N(C)C(=O)CN(CCCN2CCCC2=O)C(=O)[C@H](C)NC(=O)CN(CCCOC(C)C)C(=O)[C@H]2CCCN2C1=O,1.4-12,1265,-7.72,6,6,Circle,0.174831,0.0397461,-29.4913,9.334,7.786,1.548,0.131204,0.0345484,8.677,7.414,1.263,58,90,,train,-0.8599999999999999,0,0.0,train,test,train,train,train,train,train,train,train,train,-0.68404853
1237,2016_Furukawa,CCCC[C@@H]1NC(=O)[C@H](CC(C)C)N(C)C(=O)CN(CC2CCCCC2)C(=O)[C@H](Cc2ccccc2)NC(=O)CN(CC(C)C)C(=O)[C@H]2CCCN2C1=O,1.3-24,1237,-6.82,6,6,Circle,0.132393,0.0408216,-16.7004,9.254,8.124,1.13,0.144071,0.0392392,9.117,8.03,1.087,3,42,,train,-0.4100000000000001,0,0.0,train,test,train,train,train,train,train,train,train,train,-0.20560242
1236,2016_Furukawa,CCCC[C@@H]1NC(=O)[C@H](CC(C)C)N(C)C(=O)CN(CCCN2CCCC2=O)C(=O)[C@H](CC(C)C)NC(=O)CN(CC(C)C)C(=O)[C@H]2CCCN2C1=O,1.3-23,1236,-6.27,6,6,Circle,0.181161,0.0605228,-28.6136,9.075,7.544,1.531,0.101123,0.0359883,8.597,7.414,1.183,46,81,,train,-0.1349999999999998,0,0.0,train,test,train,train,train,train,test,train,valid,train,0.00409355
1211,2016_Furukawa,CCCC[C@@H]1NC(=O)[C@H](CC(C)C)N(C)C(=O)CN(CCOc2ccccc2)C(=O)[C@H](Cc2ccc3ccccc3c2)NC(=O)CN(CCC)C(=O)[C@H]2CCCN2C1=O,1.2-38,1211,-7.29,6,6,Circle,0.181112,0.0521427,-19.7627,9.271,8.24,1.031,0.13972,0.0416329,9.382,8.37,1.012,49,33,,train,-0.645,0,0.0,train,test,train,train,train,valid,train,train,train,train,-0.62531185
1197,2016_Furukawa,CCCC[C@@H]1NC(=O)[C@H](CC(C)C)N(C)C(=O)CN(CC2CCCCC2)C(=O)[C@H](Cc2ccccc2)NC(=O)CN(CCC)C(=O)[C@H]2CCCN2C1=O,1.2-24,1197,-6.23,6,6,Circle,0.137188,0.0426022,-17.0874,9.071,7.962,1.109,0.149404,0.0435704,8.912,7.892,1.02,51,42,,train,-0.1150000000000002,0,0.0,train,test,train,test,train,train,test,train,train,train,0.13530709
1192,2016_Furukawa,CCCC[C@@H]1NC(=O)[C@H](CC(C)C)N(C)C(=O)CN(CCCc2ccccc2)C(=O)[C@H](CC(C)C)NC(=O)CN(CCC)C(=O)[C@H]2CCCN2C1=O,1.2-19,1192,-5.57,6,6,Circle,0.176029,0.0568115,-19.3267,8.915,7.841,1.074,0.184166,0.042176,8.821,7.831,0.99,71,50,,test,0.2149999999999998,1,1.0,test,test,train,valid,train,test,train,train,train,train,0.12046083
1189,2016_Furukawa,CCCC[C@@H]1NC(=O)[C@H](CC(C)C)N(C)C(=O)CN(CC2CCOCC2)C(=O)[C@H](CC(C)C)NC(=O)CN(CCC)C(=O)[C@H]2CCCN2C1=O,1.2-16,1189,-5.34,6,6,Circle,0.11476,0.0425739,-20.1644,8.737,7.49,1.247,0.127949,0.0455208,8.583,7.42,1.163,35,16,,test,0.33,1,1.0,test,test,train,train,train,valid,train,train,test,train,0.3310277
1182,2016_Furukawa,CCCC[C@@H]1NC(=O)[C@H](CC(C)C)N(C)C(=O)CN(CCCc2ccccc2)C(=O)[C@H](C)NC(=O)CN(CCC)C(=O)[C@H]2CCCN2C1=O,1.2-09,1182,-4.96,6,6,Circle,0.169766,0.0520378,-23.3257,8.456,7.289,1.167,0.161146,0.0427557,8.505,7.375,1.13,100,21,,train,0.52,1,1.0,train,test,train,train,valid,train,train,test,train,train,0.3476116
1174,2016_Furukawa,CCCC[C@@H]1NC(=O)[C@H](CC(C)C)N(C)C(=O)CN(CCOC)C(=O)[C@H](C)NC(=O)CN(CCC)C(=O)[C@H]2CCCN2C1=O,1.2-01,1174,-6.56,6,6,Circle,0.135147,0.0643544,-23.6071,7.877,6.548,1.329,0.0905853,0.0363216,7.759,6.544,1.215,8,56,,test,-0.2799999999999998,0,0.0,test,test,train,valid,train,train,train,train,train,train,-0.29876047
1164,2016_Furukawa,CCCC[C@@H]1NC(=O)[C@H](CC(C)C)N(C)C(=O)CN(CCCc2cnn(C)c2)C(=O)[C@H](Cc2ccccc2)NC(=O)CN(CC)C(=O)[C@H]2CCCN2C1=O,1.1-31,1164,-5.7,6,6,Circle,0.183503,0.0600505,-25.4676,8.713,7.587,1.126,0.145726,0.0386006,8.398,7.426,0.972,43,86,,train,0.1499999999999999,1,1.0,train,test,train,train,train,train,train,test,valid,valid,0.16399086
1159,2016_Furukawa,CCCC[C@@H]1NC(=O)[C@H](CC(C)C)N(C)C(=O)CN(CCc2cccnc2)C(=O)[C@H](Cc2ccccc2)NC(=O)CN(CC)C(=O)[C@H]2CCCN2C1=O,1.1-26,1159,-5.87,6,6,Circle,0.160192,0.0543838,-22.7676,8.454,7.438,1.016,0.168774,0.0412898,8.486,7.47,1.016,73,3,,train,0.0649999999999999,1,1.0,train,test,test,valid,train,train,train,train,train,train,0.12393307
1142,2016_Furukawa,CCCC[C@@H]1NC(=O)[C@H](CC(C)C)N(C)C(=O)CN(CCCc2ccccc2)C(=O)[C@H](C)NC(=O)CN(CC)C(=O)[C@H]2CCCN2C1=O,1.1-09,1142,-5.16,6,6,Circle,0.165237,0.0474075,-21.5477,8.305,7.177,1.128,0.161884,0.0513355,8.269,7.168,1.101,66,14,,train,0.4199999999999999,1,1.0,train,test,train,test,train,train,test,train,test,valid,0.22201951
1141,2016_Furukawa,CCCCCN1CC(=O)N(C)[C@@H](CC(C)C)C(=O)N[C@@H](CCCC)C(=O)N2CCC[C@@H]2C(=O)N(CC)CC(=O)N[C@@H](CC(C)C)C1=O,1.1-08,1141,-4.94,6,6,Circle,0.145302,0.0595251,-16.9482,8.356,7.23,1.126,0.135619,0.042128,8.28,7.243,1.037,24,33,,train,0.5299999999999998,1,1.0,train,test,train,train,train,train,train,train,test,train,0.4235384
1093,2015_Wang,N=C(N)NCCC[C@@H]1NC(=O)[C@H](Cc2cc3ccccc3[nH]2)NC(=O)[C@H]2CCCN2C(=O)[C@H](CCCCN)NC(=O)[C@H](CCCNC(=N)N)NC(=O)[C@@H](CCCNC(=N)N)NC1=O,Compound.49,1093,-10.0,6,6,Circle,0.203851,0.0524626,-455.5223,10.7,8.091,2.609,0.114255,0.0321923,10.132,8.041,2.091,11,13,-7.91,test,-1.0,0,0.0,valid,test,test,train,train,train,train,train,train,test,-0.31550783
1083,2015_Wang,CC(C)C[C@@H]1NC(=O)[C@H](Cc2ccccc2)NC(=O)CNC(=O)[C@@H](C)NC(=O)[C@H](Cc2ccc(O)cc2)NC(=O)[C@@H]2CCCN2C1=O,Compound.39,1083,-7.52,6,6,Circle,0.165334,0.0404434,-45.593,7.74,6.208,1.532,0.226221,0.108287,7.274,5.906,1.368,2,72,,train,-0.7599999999999998,0,0.0,train,test,train,train,valid,train,train,test,train,train,-0.7495382
1082,2015_Wang,CC(C)C[C@@H]1NC(=O)[C@@H](Cc2ccccc2)NC(=O)CNC(=O)[C@@H](C)NC(=O)[C@H](Cc2ccc(O)cc2)NC(=O)[C@@H]2CCCN2C1=O,Compound.38,1082,-8.0,6,6,Circle,0.095464,0.05024,-44.2082,7.619,6.019,1.6,0.121961,0.0330259,7.434,6.099,1.335,19,32,,train,-1.0,0,0.0,train,test,train,train,train,valid,train,valid,test,train,-0.84163636
1074,2015_Wang,CC(C)C[C@@H]1NC(=O)[C@H](Cc2cc3ccccc3[nH]2)NC(=O)[C@H]2CCCN2C(=O)[C@H](CC(C)C)NC(=O)[C@H](Cc2cc3ccccc3[nH]2)NC(=O)[C@@H](CC(C)C)NC1=O,Compound.30,1074,-10.0,6,6,Circle,0.168194,0.0412098,-30.1441,9.337,7.949,1.388,0.115168,0.0389486,9.154,7.809,1.345,70,49,-8.0,test,-1.0,0,0.0,train,test,valid,train,train,train,test,test,test,train,-0.11971599
1061,2015_Wang,CC(C)C[C@@H]1NC(=O)[C@H](CC(C)C)N(C)C(=O)[C@@H](CC(C)C)N(C)C(=O)[C@H](CC(C)C)N(C)C(=O)[C@H](Cc2ccc(O)cc2)N(C)C(=O)[C@H]2CCCN2C1=O,Compound.17,1061,-5.82,6,6,Circle,0.165121,0.0615729,-29.2069,9.221,8.25,0.971,0.174226,0.0455557,9.174,8.279,0.895,23,32,,train,0.0899999999999998,1,1.0,train,test,valid,train,train,train,train,train,test,train,0.08202569
