CycPeptMPDB_ID,Source,SMILES,Original_Name_in_Source_Literature,Structurally_Unique_ID,PAMPA,Monomer_Length,Monomer_Length_in_Main_Chain,Molecule_Shape,Water_avgRMSD_All,Water_avgRMSD_BackBone,Desolvation_Free_Energy,Water_3D_SASA,Water_3D_NPSA,Water_3D_PSA,Hexane_avgRMSD_All,Hexane_avgRMSD_BackBone,Hexane_3D_SASA,Hexane_3D_NPSA,Hexane_3D_PSA,Water_RepFrame,Hexane_RepFrame,PAMPA_WuXi,split_wuxi,Normalized_PAMPA,Binary,Soft_Label,split1,split2,split3,split4,split5,split6,split7,split8,split9,split10,Pred_7
7066,2021_Kelly,CC(=O)N[C@@H]1C(=O)N2CCC[C@H]2C(=O)N(C)[C@H](CC(C)C)C(=O)N(C)[C@H](CC(C)C)C(=O)N(C)[C@H](CC(C)C)C(=O)N(C)[C@H](CC(C)C)C(=O)N(C)[C@@H](C)C(=O)N[C@@H](CC(C)C)C(=O)N2CCC[C@@H]2C(=O)O[C@@H]1C,L4_4.4.4.3.1,7066,-5.4,10,9,Lariat,0.125209,0.0716574,-29.2808,11.299,9.801,1.498,0.118725,0.0710536,11.558,10.116,1.442,12,84,,train,0.2999999999999998,1,1.0,train,train,train,test,test,train,test,train,train,valid,0.30195108
7065,2021_Kelly,CC(=O)N[C@@H]1C(=O)N2CCC[C@H]2C(=O)N(C)[C@H](CC(C)C)C(=O)N(C)[C@H](CC(C)C)C(=O)N(C)[C@H](CC(C)C)C(=O)N(C)[C@@H](CC(C)C)C(=O)N(C)[C@H](C)C(=O)N[C@@H](CC(C)C)C(=O)N2CCC[C@@H]2C(=O)O[C@@H]1C,L4_4.4.3.4.1,7065,-5.47,10,9,Lariat,0.159268,0.0900512,-20.6479,11.274,9.859,1.415,0.111265,0.0529714,11.264,10.055,1.209,13,95,,val,0.2650000000000001,1,1.0,valid,train,valid,train,train,train,test,train,train,train,0.3271697
7007,2021_Kelly,CC(=O)N[C@@H]1C(=O)N2CCC[C@H]2C(=O)N(C)[C@H](CC(C)C)C(=O)N[C@H](CC(C)C)C(=O)N[C@@H](CC(C)C)C(=O)N[C@H](CC(C)C)C(=O)N[C@@H](C)C(=O)N[C@@H](CC(C)C)C(=O)N2CCC[C@@H]2C(=O)O[C@@H]1C,L4_2.1.2.1.1,7007,-7.17,10,9,Lariat,0.0987588,0.0563123,-33.89,10.738,8.616,2.122,0.104957,0.0634158,10.695,8.771,1.924,73,100,,train,-0.585,0,0.0,train,train,train,train,valid,train,test,train,valid,train,-0.37769255
6998,2021_Kelly,CC(=O)N[C@@H]1C(=O)N2CCC[C@H]2C(=O)N(C)[C@H](CC(C)C)C(=O)N[C@@H](CC(C)C)C(=O)N[C@H](CC(C)C)C(=O)N(C)[C@@H](CC(C)C)C(=O)N[C@@H](C)C(=O)N[C@@H](CC(C)C)C(=O)N2CCC[C@@H]2C(=O)O[C@@H]1C,L4_1.2.3.1.1,6998,-5.36,10,9,Lariat,0.181882,0.0936046,-36.8881,12.019,9.958,2.061,0.110646,0.0529585,10.979,9.343,1.636,3,49,,train,0.3199999999999998,1,1.0,train,train,train,train,train,train,test,valid,valid,train,-0.070361234
6981,2021_Kelly,CC(=O)N1CCC[C@H]1C(=O)N[C@@H]1C(=O)N[C@H](CC(C)C)C(=O)N(C)[C@H](CC(C)C)C(=O)N(C)[C@H](CC(C)C)C(=O)N(C)[C@H](CC(C)C)C(=O)N[C@H](C)C(=O)N[C@@H](CC(C)C)C(=O)N2CCC[C@@H]2C(=O)O[C@@H]1C,L3_4.4.4.2.1,6981,-5.36,10,8,Lariat,0.157307,0.097419,-21.7563,11.39,9.874,1.516,0.122227,0.0591713,10.808,9.632,1.176,53,40,,test,0.3199999999999998,1,1.0,test,valid,train,valid,train,test,test,train,train,train,0.3732674
6962,2021_Kelly,CC(=O)N1CCC[C@H]1C(=O)N[C@@H]1C(=O)N[C@H](CC(C)C)C(=O)N(C)[C@H](CC(C)C)C(=O)N[C@H](CC(C)C)C(=O)N(C)[C@@H](CC(C)C)C(=O)N[C@@H](C)C(=O)N[C@@H](CC(C)C)C(=O)N2CCC[C@@H]2C(=O)O[C@@H]1C,L3_4.2.3.1.1,6962,-5.23,10,8,Lariat,0.156678,0.095267,-26.609,11.317,9.449,1.868,0.11107,0.0502393,10.69,9.157,1.533,39,16,,val,0.3849999999999998,1,1.0,valid,train,train,train,train,train,test,train,train,train,0.3678628
6959,2021_Kelly,CC(=O)N1CCC[C@H]1C(=O)N[C@@H]1C(=O)N[C@H](CC(C)C)C(=O)N(C)[C@H](CC(C)C)C(=O)N[C@H](CC(C)C)C(=O)N[C@H](CC(C)C)C(=O)N[C@@H](C)C(=O)N[C@@H](CC(C)C)C(=O)N2CCC[C@@H]2C(=O)O[C@@H]1C,L3_4.2.2.1.1,6959,-5.1,10,8,Lariat,0.191279,0.126867,-38.1112,11.183,9.347,1.836,0.10888,0.0497844,10.283,9.124,1.159,50,29,,train,0.4500000000000002,1,1.0,train,valid,train,train,train,train,test,train,train,train,0.15757664
6958,2021_Kelly,CC(=O)N1CCC[C@H]1C(=O)N[C@@H]1C(=O)N[C@H](CC(C)C)C(=O)N(C)[C@H](CC(C)C)C(=O)N[C@H](CC(C)C)C(=O)N[C@@H](CC(C)C)C(=O)N[C@H](C)C(=O)N[C@@H](CC(C)C)C(=O)N2CCC[C@@H]2C(=O)O[C@@H]1C,L3_4.2.1.2.1,6958,-6.13,10,8,Lariat,0.186965,0.121479,-39.2817,11.316,9.103,2.213,0.136915,0.0729885,10.824,9.223,1.601,98,95,,train,-0.0649999999999999,0,0.0,train,valid,valid,train,train,train,test,valid,train,test,0.11661035
6943,2021_Kelly,CC(=O)N1CCC[C@H]1C(=O)N[C@@H]1C(=O)N[C@H](CC(C)C)C(=O)N(C)[C@@H](CC(C)C)C(=O)N(C)[C@@H](CC(C)C)C(=O)N(C)[C@H](CC(C)C)C(=O)N(C)[C@H](C)C(=O)N[C@@H](CC(C)C)C(=O)N2CCC[C@@H]2C(=O)O[C@@H]1C,L3_3.3.4.4.1,6943,-5.09,10,8,Lariat,0.123364,0.0698067,-34.6898,11.477,9.682,1.795,0.148967,0.0806282,10.928,9.617,1.311,3,52,,train,0.455,1,1.0,train,train,train,train,train,train,test,train,valid,train,0.48662385
6938,2021_Kelly,CC(=O)N1CCC[C@H]1C(=O)N[C@@H]1C(=O)N[C@H](CC(C)C)C(=O)N(C)[C@@H](CC(C)C)C(=O)N(C)[C@@H](CC(C)C)C(=O)N(C)[C@@H](CC(C)C)C(=O)N[C@@H](C)C(=O)N[C@@H](CC(C)C)C(=O)N2CCC[C@@H]2C(=O)O[C@@H]1C,L3_3.3.3.1.1,6938,-5.11,10,8,Lariat,0.182013,0.125427,-33.1182,11.993,9.948,2.045,0.124309,0.0645586,11.712,9.878,1.834,3,75,,val,0.4449999999999998,1,1.0,valid,train,train,train,valid,train,test,train,train,train,0.37902275
6921,2021_Kelly,CC(=O)N1CCC[C@H]1C(=O)N[C@@H]1C(=O)N[C@H](CC(C)C)C(=O)N[C@H](CC(C)C)C(=O)N(C)[C@H](CC(C)C)C(=O)N[C@H](CC(C)C)C(=O)N(C)[C@H](C)C(=O)N[C@@H](CC(C)C)C(=O)N2CCC[C@@H]2C(=O)O[C@@H]1C,L3_2.4.2.4.1,6921,-5.49,10,8,Lariat,0.159339,0.107477,-36.6502,11.277,9.442,1.835,0.121594,0.055534,10.542,9.348,1.194,50,43,,test,0.2549999999999999,1,1.0,test,train,train,train,train,train,test,train,train,train,0.3523238
6918,2021_Kelly,CC(=O)N1CCC[C@H]1C(=O)N[C@@H]1C(=O)N[C@H](CC(C)C)C(=O)N[C@H](CC(C)C)C(=O)N(C)[C@H](CC(C)C)C(=O)N[C@@H](CC(C)C)C(=O)N(C)[C@@H](C)C(=O)N[C@@H](CC(C)C)C(=O)N2CCC[C@@H]2C(=O)O[C@@H]1C,L3_2.4.1.3.1,6918,-5.42,10,8,Lariat,0.143437,0.0690963,-16.7832,10.536,9.235,1.301,0.102799,0.044561,10.771,9.18,1.591,33,69,,train,0.29,1,1.0,train,valid,train,train,train,train,test,train,test,train,0.33778536
6894,2021_Kelly,CC(=O)N1CCC[C@H]1C(=O)N[C@@H]1C(=O)N[C@H](CC(C)C)C(=O)N[C@H](CC(C)C)C(=O)N[C@@H](CC(C)C)C(=O)N[C@H](CC(C)C)C(=O)N(C)[C@H](C)C(=O)N[C@@H](CC(C)C)C(=O)N2CCC[C@@H]2C(=O)O[C@@H]1C,L3_2.1.2.4.1,6894,-5.63,10,8,Lariat,0.289637,0.167228,-33.0509,10.781,8.808,1.973,0.150647,0.0830061,10.812,9.165,1.647,53,47,,train,0.185,1,1.0,train,train,train,train,train,train,test,train,train,test,0.17993969
6868,2021_Kelly,CC(=O)N1CCC[C@H]1C(=O)N[C@@H]1C(=O)N[C@H](CC(C)C)C(=O)N[C@@H](CC(C)C)C(=O)N[C@@H](CC(C)C)C(=O)N(C)[C@H](CC(C)C)C(=O)N(C)[C@@H](C)C(=O)N[C@@H](CC(C)C)C(=O)N2CCC[C@@H]2C(=O)O[C@@H]1C,L3_1.1.4.3.1,6868,-5.59,10,8,Lariat,0.167217,0.0993967,-34.5328,11.302,9.386,1.916,0.120535,0.0516515,10.537,8.868,1.669,22,79,,train,0.205,1,1.0,train,train,train,test,train,train,test,valid,train,valid,0.33966812
6849,2021_Kelly,CC(=O)N1CCC[C@H]1C(=O)N[C@@H]1C(=O)N(C)[C@H](CC(C)C)C(=O)N(C)[C@H](CC(C)C)C(=O)N(C)[C@@H](CC(C)C)C(=O)N(C)[C@H](CC(C)C)C(=O)N(C)[C@@H](C)C(=O)N[C@@H](CC(C)C)C(=O)N2CCC[C@@H]2C(=O)O[C@@H]1C,L2_4.3.4.3.1,6849,-5.0,10,8,Lariat,0.179255,0.11387,-21.8915,11.32,9.637,1.683,0.11771,0.0517694,11.169,9.815,1.354,52,49,,train,0.5,1,1.0,train,train,test,train,train,train,test,train,valid,train,0.47130874
6828,2021_Kelly,CC(=O)N1CCC[C@H]1C(=O)N[C@@H]1C(=O)N(C)[C@H](CC(C)C)C(=O)N(C)[C@@H](CC(C)C)C(=O)N(C)[C@@H](CC(C)C)C(=O)N(C)[C@@H](CC(C)C)C(=O)N[C@H](C)C(=O)N[C@@H](CC(C)C)C(=O)N2CCC[C@@H]2C(=O)O[C@@H]1C,L2_3.3.3.2.1,6828,-5.01,10,8,Lariat,0.1038,0.0457118,-21.2201,11.104,9.543,1.561,0.115137,0.0464688,11.144,9.587,1.557,74,42,,train,0.4950000000000001,1,1.0,train,train,train,train,train,train,test,train,train,train,0.3655092
6825,2021_Kelly,CC(=O)N1CCC[C@H]1C(=O)N[C@@H]1C(=O)N(C)[C@H](CC(C)C)C(=O)N(C)[C@@H](CC(C)C)C(=O)N(C)[C@@H](CC(C)C)C(=O)N[C@@H](CC(C)C)C(=O)N(C)[C@@H](C)C(=O)N[C@@H](CC(C)C)C(=O)N2CCC[C@@H]2C(=O)O[C@@H]1C,L2_3.3.1.3.1,6825,-5.07,10,8,Lariat,0.139256,0.0724294,-20.7124,11.25,9.627,1.623,0.156077,0.0865305,11.265,9.717,1.548,55,96,,train,0.4649999999999998,1,1.0,train,train,train,valid,train,train,test,test,train,train,0.372959
6815,2021_Kelly,CC(=O)N1CCC[C@H]1C(=O)N[C@@H]1C(=O)N(C)[C@H](CC(C)C)C(=O)N[C@H](CC(C)C)C(=O)N(C)[C@H](CC(C)C)C(=O)N(C)[C@@H](CC(C)C)C(=O)N[C@@H](C)C(=O)N[C@@H](CC(C)C)C(=O)N2CCC[C@@H]2C(=O)O[C@@H]1C,L2_2.4.3.1.1,6815,-5.53,10,8,Lariat,0.196309,0.1264,-27.468,11.386,9.606,1.78,0.133767,0.0648048,10.838,9.444,1.394,58,43,,train,0.2349999999999998,1,1.0,train,test,train,train,train,train,test,train,train,train,0.0967239
6810,2021_Kelly,CC(=O)N1CCC[C@H]1C(=O)N[C@@H]1C(=O)N(C)[C@H](CC(C)C)C(=O)N[C@H](CC(C)C)C(=O)N(C)[C@@H](CC(C)C)C(=O)N(C)[C@@H](CC(C)C)C(=O)N(C)[C@H](C)C(=O)N[C@@H](CC(C)C)C(=O)N2CCC[C@@H]2C(=O)O[C@@H]1C,L2_2.3.3.4.1,6810,-6.06,10,8,Lariat,0.129303,0.0753914,-26.2644,11.074,9.484,1.59,0.112862,0.0547099,10.962,9.384,1.578,93,35,,val,-0.0299999999999998,0,0.0,valid,train,test,train,train,train,test,train,train,train,0.34994665
6741,2021_Kelly,CC(=O)N1CCC[C@H]1C(=O)N(C)[C@@H](CC(C)C)C(=O)N[C@@H]1C(=O)N(C)[C@@H](CC(C)C)C(=O)N(C)[C@@H](CC(C)C)C(=O)N[C@H](CC(C)C)C(=O)N[C@H](C)C(=O)N[C@H](CC(C)C)C(=O)N2CCC[C@H]2C(=O)O[C@@H]1C,L1_9.3.3.2.2.2,6741,-6.51,10,7,Lariat,0.238082,0.147927,-32.2713,11.635,9.739,1.896,0.233814,0.160714,11.605,9.713,1.892,71,10,,train,-0.2549999999999999,0,0.0,train,train,train,train,test,train,test,train,train,train,-0.13536593
6739,2021_Kelly,CC(=O)N1CCC[C@H]1C(=O)N(C)[C@@H](CC(C)C)C(=O)N[C@@H]1C(=O)N(C)[C@@H](CC(C)C)C(=O)N(C)[C@@H](CC(C)C)C(=O)N[C@@H](CC(C)C)C(=O)N[C@@H](C)C(=O)N[C@H](CC(C)C)C(=O)N2CCC[C@H]2C(=O)O[C@@H]1C,L1_9.3.3.1.1.2,6739,-7.26,10,7,Lariat,0.248315,0.169288,-26.2647,11.507,9.707,1.8,0.167644,0.0982193,11.099,9.502,1.597,44,40,,train,-0.6299999999999999,0,0.0,train,train,valid,train,train,valid,test,train,test,train,-0.15910698
6737,2021_Kelly,CC(=O)N1CCC[C@H]1C(=O)N(C)[C@@H](CC(C)C)C(=O)N[C@@H]1C(=O)N(C)[C@@H](CC(C)C)C(=O)N[C@H](CC(C)C)C(=O)N[C@H](CC(C)C)C(=O)N(C)[C@H](C)C(=O)N[C@H](CC(C)C)C(=O)N2CCC[C@H]2C(=O)O[C@@H]1C,L1_9.3.2.2.4.2,6737,-6.14,10,7,Lariat,0.183461,0.109894,-29.169,11.937,10.022,1.915,0.308357,0.222582,11.645,9.909,1.736,32,25,,val,-0.0699999999999998,0,0.0,valid,train,valid,train,train,test,test,test,train,train,-0.24491143
6730,2021_Kelly,CC(=O)N1CCC[C@H]1C(=O)N(C)[C@@H](CC(C)C)C(=O)N[C@@H]1C(=O)N[C@H](CC(C)C)C(=O)N(C)[C@H](CC(C)C)C(=O)N[C@H](CC(C)C)C(=O)N(C)[C@@H](C)C(=O)N[C@H](CC(C)C)C(=O)N2CCC[C@H]2C(=O)O[C@@H]1C,L1_9.2.4.2.3.2,6730,-5.27,10,7,Lariat,0.175439,0.102387,-24.61,11.532,9.734,1.798,0.167615,0.106519,11.766,10.07,1.696,71,60,,train,0.3650000000000002,1,1.0,train,train,train,train,train,train,test,train,train,train,0.30118558
6724,2021_Kelly,CC(=O)N1CCC[C@H]1C(=O)N(C)[C@@H](CC(C)C)C(=O)N[C@@H]1C(=O)N[C@H](CC(C)C)C(=O)N(C)[C@@H](CC(C)C)C(=O)N(C)[C@@H](CC(C)C)C(=O)N(C)[C@H](C)C(=O)N[C@H](CC(C)C)C(=O)N2CCC[C@H]2C(=O)O[C@@H]1C,L1_9.2.3.3.4.2,6724,-5.48,10,7,Lariat,0.171592,0.105256,-31.3596,11.659,9.807,1.852,0.176029,0.109385,12.063,10.327,1.736,84,92,,train,0.2599999999999998,1,1.0,train,train,test,train,test,test,test,train,train,test,0.29191813
6712,2021_Kelly,CC(=O)N1CCC[C@H]1C(=O)N(C)[C@@H](CC(C)C)C(=O)N[C@@H]1C(=O)N[C@H](CC(C)C)C(=O)N[C@@H](CC(C)C)C(=O)N(C)[C@H](CC(C)C)C(=O)N(C)[C@@H](C)C(=O)N[C@H](CC(C)C)C(=O)N2CCC[C@H]2C(=O)O[C@@H]1C,L1_9.2.1.4.3.2,6712,-5.25,10,7,Lariat,0.171879,0.103672,-21.6819,11.053,9.415,1.638,0.134164,0.0682364,10.314,8.973,1.341,37,82,,train,0.375,1,1.0,train,train,train,valid,train,train,test,train,test,train,0.23024881
6707,2021_Kelly,CC(=O)N1CCC[C@H]1C(=O)N(C)[C@@H](CC(C)C)C(=O)N[C@@H]1C(=O)N[C@H](CC(C)C)C(=O)N[C@@H](CC(C)C)C(=O)N[C@@H](CC(C)C)C(=O)N(C)[C@@H](C)C(=O)N[C@H](CC(C)C)C(=O)N2CCC[C@H]2C(=O)O[C@@H]1C,L1_9.2.1.1.3.2,6707,-6.04,10,7,Lariat,0.172059,0.0981812,-23.8659,11.542,9.87,1.672,0.169991,0.0963184,11.381,9.853,1.528,35,99,,train,-0.02,0,0.0,train,valid,train,train,valid,train,test,train,train,train,0.0032656807
6703,2021_Kelly,CC(=O)N1CCC[C@H]1C(=O)N(C)[C@@H](CC(C)C)C(=O)N[C@@H]1C(=O)N[C@@H](CC(C)C)C(=O)N(C)[C@@H](CC(C)C)C(=O)N(C)[C@H](CC(C)C)C(=O)N(C)[C@@H](C)C(=O)N[C@H](CC(C)C)C(=O)N2CCC[C@H]2C(=O)O[C@@H]1C,L1_9.1.3.4.3.2,6703,-6.26,10,7,Lariat,0.137477,0.0753023,-30.8898,11.938,10.154,1.784,0.167284,0.103577,11.676,10.057,1.619,90,71,,train,-0.1299999999999999,0,0.0,train,train,train,train,train,train,test,valid,train,train,0.084145516
6686,2021_Kelly,CC(=O)N1CCC[C@@H]1C(=O)N(C)[C@H](CC(C)C)C(=O)N[C@@H]1C(=O)N(C)[C@@H](CC(C)C)C(=O)N(C)[C@H](CC(C)C)C(=O)N(C)[C@@H](CC(C)C)C(=O)N(C)[C@@H](C)C(=O)N[C@@H](CC(C)C)C(=O)N2CCC[C@@H]2C(=O)O[C@@H]1C,L1_8.3.4.3.3.1,6686,-5.36,10,7,Lariat,0.14307,0.0759059,-16.0838,11.319,9.676,1.643,0.151652,0.0868966,11.225,9.641,1.584,80,68,,train,0.3199999999999998,1,1.0,train,train,train,valid,train,valid,test,train,train,train,0.31446406
6677,2021_Kelly,CC(=O)N1CCC[C@@H]1C(=O)N(C)[C@H](CC(C)C)C(=O)N[C@@H]1C(=O)N[C@H](CC(C)C)C(=O)N(C)[C@H](CC(C)C)C(=O)N(C)[C@@H](CC(C)C)C(=O)N(C)[C@@H](C)C(=O)N[C@@H](CC(C)C)C(=O)N2CCC[C@@H]2C(=O)O[C@@H]1C,L1_8.2.4.3.3.1,6677,-5.64,10,7,Lariat,0.150875,0.0786415,-28.6977,10.762,9.265,1.497,0.16148,0.0886583,10.669,9.221,1.448,89,35,,val,0.1800000000000001,1,1.0,valid,train,test,train,train,train,test,train,train,train,0.3560265
6669,2021_Kelly,CC(=O)N1CCC[C@@H]1C(=O)N(C)[C@H](CC(C)C)C(=O)N[C@@H]1C(=O)N[C@H](CC(C)C)C(=O)N[C@H](CC(C)C)C(=O)N[C@H](CC(C)C)C(=O)N(C)[C@H](C)C(=O)N[C@@H](CC(C)C)C(=O)N2CCC[C@@H]2C(=O)O[C@@H]1C,L1_8.2.2.2.4.1,6669,-6.12,10,7,Lariat,0.166584,0.0993624,-28.9221,11.504,9.79,1.714,0.13498,0.064752,10.995,9.331,1.664,86,74,,train,-0.06,0,0.0,train,test,train,train,train,train,test,test,valid,train,-0.11918291
6658,2021_Kelly,CC(=O)N1CCC[C@@H]1C(=O)N(C)[C@H](CC(C)C)C(=O)N[C@@H]1C(=O)N[C@@H](CC(C)C)C(=O)N[C@H](CC(C)C)C(=O)N[C@H](CC(C)C)C(=O)N[C@H](C)C(=O)N[C@@H](CC(C)C)C(=O)N2CCC[C@@H]2C(=O)O[C@@H]1C,L1_8.1.2.2.2.1,6658,-7.33,10,7,Lariat,0.162362,0.0880846,-45.5001,11.441,9.315,2.126,0.109727,0.0477334,10.181,8.968,1.213,37,16,,train,-0.665,0,0.0,train,train,test,train,train,test,test,train,train,train,-0.65697414
6651,2021_Kelly,CC(=O)N1CCC[C@@H]1C(=O)N(C)[C@H](CC(C)C)C(=O)N[C@@H]1C(=O)N(C)[C@H](CC(C)C)C(=O)N(C)[C@@H](CC(C)C)C(=O)N(C)[C@@H](CC(C)C)C(=O)N(C)[C@@H](C)C(=O)N[C@@H](CC(C)C)C(=O)N2CCC[C@H]2C(=O)O[C@@H]1C,L1_7.4.3.3.3.1,6651,-5.79,10,7,Lariat,0.118119,0.0658313,-19.0035,10.908,9.41,1.498,0.14497,0.0799246,10.794,9.246,1.548,15,17,,test,0.1049999999999999,1,1.0,test,train,train,train,test,train,test,train,train,valid,0.31902102
6637,2021_Kelly,CC(=O)N1CCC[C@@H]1C(=O)N(C)[C@H](CC(C)C)C(=O)N[C@@H]1C(=O)N(C)[C@@H](CC(C)C)C(=O)N[C@H](CC(C)C)C(=O)N(C)[C@@H](CC(C)C)C(=O)N(C)[C@@H](C)C(=O)N[C@@H](CC(C)C)C(=O)N2CCC[C@H]2C(=O)O[C@@H]1C,L1_7.3.2.3.3.1,6637,-6.01,10,7,Lariat,0.132212,0.0733833,-37.0407,11.396,9.453,1.943,0.129716,0.0668125,10.916,9.348,1.568,67,14,,train,-0.0049999999999998,0,0.0,train,train,test,train,train,train,test,train,train,test,0.18066639
6626,2021_Kelly,CC(=O)N1CCC[C@@H]1C(=O)N(C)[C@H](CC(C)C)C(=O)N[C@@H]1C(=O)N[C@H](CC(C)C)C(=O)N(C)[C@@H](CC(C)C)C(=O)N[C@H](CC(C)C)C(=O)N(C)[C@H](C)C(=O)N[C@@H](CC(C)C)C(=O)N2CCC[C@H]2C(=O)O[C@@H]1C,L1_7.2.3.2.4.1,6626,-5.67,10,7,Lariat,0.185345,0.112509,-29.2212,11.457,9.774,1.683,0.130112,0.0591663,10.518,9.144,1.374,27,38,,train,0.165,1,1.0,train,train,train,valid,train,valid,test,train,train,train,0.3108783
6624,2021_Kelly,CC(=O)N1CCC[C@@H]1C(=O)N(C)[C@H](CC(C)C)C(=O)N[C@@H]1C(=O)N[C@H](CC(C)C)C(=O)N[C@H](CC(C)C)C(=O)N(C)[C@H](CC(C)C)C(=O)N(C)[C@@H](C)C(=O)N[C@@H](CC(C)C)C(=O)N2CCC[C@H]2C(=O)O[C@@H]1C,L1_7.2.2.4.3.1,6624,-6.05,10,7,Lariat,0.232051,0.168363,-25.4882,11.085,9.448,1.637,0.164338,0.101292,11.365,9.795,1.57,53,83,,train,-0.0249999999999999,0,0.0,train,train,train,train,train,train,test,train,train,valid,-0.006881142
6623,2021_Kelly,CC(=O)N1CCC[C@@H]1C(=O)N(C)[C@H](CC(C)C)C(=O)N[C@@H]1C(=O)N[C@H](CC(C)C)C(=O)N[C@H](CC(C)C)C(=O)N(C)[C@H](CC(C)C)C(=O)N[C@@H](C)C(=O)N[C@@H](CC(C)C)C(=O)N2CCC[C@H]2C(=O)O[C@@H]1C,L1_7.2.2.4.1.1,6623,-6.9,10,7,Lariat,0.230587,0.151574,-31.6977,11.698,9.925,1.773,0.194624,0.125268,11.262,9.512,1.75,4,51,,test,-0.4500000000000002,0,0.0,test,valid,test,train,train,train,test,train,train,train,-0.24051559
6617,2021_Kelly,CC(=O)N1CCC[C@@H]1C(=O)N(C)[C@H](CC(C)C)C(=O)N[C@@H]1C(=O)N[C@H](CC(C)C)C(=O)N[C@@H](CC(C)C)C(=O)N(C)[C@H](CC(C)C)C(=O)N(C)[C@H](C)C(=O)N[C@@H](CC(C)C)C(=O)N2CCC[C@H]2C(=O)O[C@@H]1C,L1_7.2.1.4.4.1,6617,-5.45,10,7,Lariat,0.137025,0.0750598,-23.5392,11.064,9.505,1.559,0.173176,0.116265,10.721,9.168,1.553,65,41,,train,0.2749999999999999,1,1.0,train,train,train,train,valid,train,test,train,train,train,0.1288259
6613,2021_Kelly,CC(=O)N1CCC[C@@H]1C(=O)N(C)[C@H](CC(C)C)C(=O)N[C@@H]1C(=O)N[C@H](CC(C)C)C(=O)N[C@@H](CC(C)C)C(=O)N[C@@H](CC(C)C)C(=O)N(C)[C@H](C)C(=O)N[C@@H](CC(C)C)C(=O)N2CCC[C@H]2C(=O)O[C@@H]1C,L1_7.2.1.1.4.1,6613,-5.92,10,7,Lariat,0.162946,0.0914777,-38.2779,11.559,9.875,1.684,0.0967478,0.0468723,10.169,8.719,1.45,93,33,,train,0.04,1,1.0,train,train,train,train,train,train,test,train,train,train,-0.19754162
6578,2021_Kelly,CC(=O)N1CCC[C@H]1C(=O)N(C)[C@H](CC(C)C)C(=O)N[C@@H]1C(=O)N[C@H](CC(C)C)C(=O)N(C)[C@H](CC(C)C)C(=O)N[C@H](CC(C)C)C(=O)N(C)[C@H](C)C(=O)N[C@@H](CC(C)C)C(=O)N2CCC[C@@H]2C(=O)O[C@@H]1C,L1_6.2.4.2.4.1,6578,-5.21,10,7,Lariat,0.183953,0.11662,-38.2179,12.095,10.058,2.037,0.26242,0.182133,11.658,9.915,1.743,49,22,,train,0.395,1,1.0,train,train,train,train,train,train,test,train,train,test,0.42116737
6573,2021_Kelly,CC(=O)N1CCC[C@H]1C(=O)N(C)[C@H](CC(C)C)C(=O)N[C@@H]1C(=O)N[C@H](CC(C)C)C(=O)N(C)[C@@H](CC(C)C)C(=O)N(C)[C@H](CC(C)C)C(=O)N[C@@H](C)C(=O)N[C@@H](CC(C)C)C(=O)N2CCC[C@@H]2C(=O)O[C@@H]1C,L1_6.2.3.4.1.1,6573,-5.29,10,7,Lariat,0.127413,0.0686376,-30.4693,11.674,9.917,1.757,0.120864,0.0560905,10.667,9.338,1.329,99,10,,train,0.355,1,1.0,train,valid,train,train,train,train,test,train,train,train,0.3909714
6570,2021_Kelly,CC(=O)N1CCC[C@H]1C(=O)N(C)[C@H](CC(C)C)C(=O)N[C@@H]1C(=O)N[C@H](CC(C)C)C(=O)N(C)[C@@H](CC(C)C)C(=O)N[C@@H](CC(C)C)C(=O)N[C@@H](C)C(=O)N[C@@H](CC(C)C)C(=O)N2CCC[C@@H]2C(=O)O[C@@H]1C,L1_6.2.3.1.1.1,6570,-5.57,10,7,Lariat,0.258375,0.176646,-26.9606,11.351,9.638,1.713,0.148759,0.0877896,10.981,9.425,1.556,57,45,,train,0.2149999999999998,1,1.0,train,test,train,train,train,valid,test,train,train,test,0.18042332
6565,2021_Kelly,CC(=O)N1CCC[C@H]1C(=O)N(C)[C@H](CC(C)C)C(=O)N[C@@H]1C(=O)N[C@H](CC(C)C)C(=O)N[C@@H](CC(C)C)C(=O)N(C)[C@H](CC(C)C)C(=O)N[C@@H](C)C(=O)N[C@@H](CC(C)C)C(=O)N2CCC[C@@H]2C(=O)O[C@@H]1C,L1_6.2.1.4.1.1,6565,-5.22,10,7,Lariat,0.127088,0.0586722,-23.7032,10.688,9.257,1.431,0.130598,0.0724935,10.642,9.322,1.32,87,93,,train,0.3900000000000001,1,1.0,train,train,train,train,train,train,test,train,train,train,0.31579593
6553,2021_Kelly,CC(=O)N1CCC[C@H]1C(=O)N(C)[C@H](CC(C)C)C(=O)N[C@@H]1C(=O)N[C@@H](CC(C)C)C(=O)N(C)[C@@H](CC(C)C)C(=O)N[C@@H](CC(C)C)C(=O)N(C)[C@@H](C)C(=O)N[C@@H](CC(C)C)C(=O)N2CCC[C@@H]2C(=O)O[C@@H]1C,L1_6.1.3.1.3.1,6553,-5.53,10,7,Lariat,0.1204,0.0703672,-15.6637,10.506,9.084,1.422,0.130957,0.0670998,10.64,9.26,1.38,76,65,,train,0.2349999999999998,1,1.0,train,train,valid,train,train,valid,test,train,train,train,0.30535725
6540,2021_Kelly,CC(=O)N1CCC[C@H]1C(=O)N(C)[C@H](CC(C)C)C(=O)N[C@@H]1C(=O)N(C)[C@H](CC(C)C)C(=O)N(C)[C@@H](CC(C)C)C(=O)N(C)[C@@H](CC(C)C)C(=O)N(C)[C@@H](C)C(=O)N[C@@H](CC(C)C)C(=O)N2CCC[C@H]2C(=O)O[C@@H]1C,L1_5.4.3.3.3.1,6540,-5.09,10,7,Lariat,0.201887,0.13725,-21.6755,11.455,9.763,1.692,0.114641,0.0651753,10.579,9.082,1.497,77,41,,train,0.455,1,1.0,train,train,train,train,train,train,test,train,train,train,0.39295945
6533,2021_Kelly,CC(=O)N1CCC[C@H]1C(=O)N(C)[C@H](CC(C)C)C(=O)N[C@@H]1C(=O)N(C)[C@H](CC(C)C)C(=O)N[C@@H](CC(C)C)C(=O)N(C)[C@H](CC(C)C)C(=O)N(C)[C@H](C)C(=O)N[C@@H](CC(C)C)C(=O)N2CCC[C@H]2C(=O)O[C@@H]1C,L1_5.4.1.4.4.1,6533,-5.17,10,7,Lariat,0.188318,0.123529,-26.2539,11.916,10.349,1.567,0.125891,0.0741628,10.715,9.468,1.247,28,73,,train,0.415,1,1.0,train,train,train,train,train,train,test,test,train,train,0.36810443
6525,2021_Kelly,CC(=O)N1CCC[C@H]1C(=O)N(C)[C@H](CC(C)C)C(=O)N[C@@H]1C(=O)N(C)[C@@H](CC(C)C)C(=O)N(C)[C@H](CC(C)C)C(=O)N[C@H](CC(C)C)C(=O)N(C)[C@@H](C)C(=O)N[C@@H](CC(C)C)C(=O)N2CCC[C@H]2C(=O)O[C@@H]1C,L1_5.3.4.2.3.1,6525,-5.72,10,7,Lariat,0.152104,0.0979251,-26.2667,11.437,9.828,1.609,0.207708,0.144749,11.488,9.97,1.518,31,6,,train,0.1400000000000001,1,1.0,train,train,test,train,train,train,test,train,test,train,0.33493832
6516,2021_Kelly,CC(=O)N1CCC[C@H]1C(=O)N(C)[C@H](CC(C)C)C(=O)N[C@@H]1C(=O)N(C)[C@@H](CC(C)C)C(=O)N[C@@H](CC(C)C)C(=O)N[C@H](CC(C)C)C(=O)N(C)[C@@H](C)C(=O)N[C@@H](CC(C)C)C(=O)N2CCC[C@H]2C(=O)O[C@@H]1C,L1_5.3.1.2.3.1,6516,-5.13,10,7,Lariat,0.259831,0.166307,-28.6193,11.54,9.567,1.973,0.13121,0.0703318,11.355,9.613,1.742,78,2,,train,0.435,1,1.0,train,train,valid,train,train,train,test,train,train,train,0.23646262
6511,2021_Kelly,CC(=O)N1CCC[C@H]1C(=O)N(C)[C@H](CC(C)C)C(=O)N[C@@H]1C(=O)N[C@H](CC(C)C)C(=O)N(C)[C@H](CC(C)C)C(=O)N(C)[C@@H](CC(C)C)C(=O)N[C@@H](C)C(=O)N[C@@H](CC(C)C)C(=O)N2CCC[C@H]2C(=O)O[C@@H]1C,L1_5.2.4.3.1.1,6511,-5.66,10,7,Lariat,0.15818,0.0917836,-30.6153,11.207,9.445,1.762,0.149812,0.0950365,11.133,9.345,1.788,47,27,,train,0.1699999999999999,1,1.0,train,train,valid,train,train,train,test,train,train,train,0.22531885
6495,2021_Kelly,CC(=O)N1CCC[C@H]1C(=O)N(C)[C@H](CC(C)C)C(=O)N[C@@H]1C(=O)N[C@H](CC(C)C)C(=O)N[C@@H](CC(C)C)C(=O)N[C@H](CC(C)C)C(=O)N(C)[C@@H](C)C(=O)N[C@@H](CC(C)C)C(=O)N2CCC[C@H]2C(=O)O[C@@H]1C,L1_5.2.1.2.3.1,6495,-5.13,10,7,Lariat,0.200862,0.130051,-39.913,12.111,10.066,2.045,0.138574,0.0734092,10.213,8.826,1.387,3,12,,val,0.435,1,1.0,valid,train,train,train,train,train,test,train,train,test,0.24657726
6482,2021_Kelly,CC(=O)N1CCC[C@H]1C(=O)N(C)[C@H](CC(C)C)C(=O)N[C@@H]1C(=O)N[C@@H](CC(C)C)C(=O)N[C@H](CC(C)C)C(=O)N[C@@H](CC(C)C)C(=O)N[C@@H](C)C(=O)N[C@@H](CC(C)C)C(=O)N2CCC[C@H]2C(=O)O[C@@H]1C,L1_5.1.2.1.1.1,6482,-7.26,10,7,Lariat,0.104542,0.0592857,-38.4671,10.925,9.126,1.799,0.144642,0.0801293,10.399,8.91,1.489,78,43,,val,-0.6299999999999999,0,0.0,valid,train,train,train,test,train,test,train,train,valid,-0.19411904
6476,2021_Kelly,CC(=O)N1CCC[C@H]1C(=O)N(C)[C@H](CC(C)C)C(=O)N[C@@H]1C(=O)N[C@@H](CC(C)C)C(=O)N[C@@H](CC(C)C)C(=O)N[C@H](CC(C)C)C(=O)N(C)[C@@H](C)C(=O)N[C@@H](CC(C)C)C(=O)N2CCC[C@H]2C(=O)O[C@@H]1C,L1_5.1.1.2.3.1,6476,-5.14,10,7,Lariat,0.203202,0.137645,-42.2197,11.732,9.749,1.983,0.194166,0.126464,11.26,9.622,1.638,95,44,,val,0.4300000000000001,1,1.0,valid,train,train,train,train,train,test,train,train,test,0.08044119
6475,2021_Kelly,CC(=O)N1CCC[C@H]1C(=O)N(C)[C@H](CC(C)C)C(=O)N[C@@H]1C(=O)N[C@@H](CC(C)C)C(=O)N[C@@H](CC(C)C)C(=O)N[C@H](CC(C)C)C(=O)N[C@H](C)C(=O)N[C@@H](CC(C)C)C(=O)N2CCC[C@H]2C(=O)O[C@@H]1C,L1_5.1.1.2.2.1,6475,-6.31,10,7,Lariat,0.139117,0.0842257,-34.5577,11.624,9.636,1.988,0.112526,0.0519636,10.451,9.006,1.445,64,17,,train,-0.1549999999999998,0,0.0,train,test,train,train,train,train,test,train,train,train,-0.29034713
6467,2021_Kelly,CC(=O)N1CCC[C@@H]1C(=O)N(C)[C@@H](CC(C)C)C(=O)N[C@@H]1C(=O)N(C)[C@H](CC(C)C)C(=O)N(C)[C@@H](CC(C)C)C(=O)N(C)[C@H](CC(C)C)C(=O)N(C)[C@@H](C)C(=O)N[C@@H](CC(C)C)C(=O)N2CCC[C@@H]2C(=O)O[C@@H]1C,L1_4.4.3.4.3.1,6467,-6.1,10,7,Lariat,0.134395,0.0762055,-22.4838,11.458,10.212,1.246,0.13319,0.0616569,11.455,10.04,1.415,83,56,,train,-0.0499999999999998,0,0.0,train,train,train,train,train,train,test,valid,valid,train,0.3236666
6461,2021_Kelly,CC(=O)N1CCC[C@@H]1C(=O)N(C)[C@@H](CC(C)C)C(=O)N[C@@H]1C(=O)N(C)[C@H](CC(C)C)C(=O)N[C@H](CC(C)C)C(=O)N(C)[C@H](CC(C)C)C(=O)N[C@@H](C)C(=O)N[C@@H](CC(C)C)C(=O)N2CCC[C@@H]2C(=O)O[C@@H]1C,L1_4.4.2.4.1.1,6461,-6.35,10,7,Lariat,0.137188,0.0765438,-27.6502,11.122,9.516,1.606,0.15892,0.0952337,10.503,8.984,1.519,83,53,,train,-0.1749999999999998,0,0.0,train,train,test,train,train,train,test,train,train,train,0.1843592
6440,2021_Kelly,CC(=O)N1CCC[C@@H]1C(=O)N(C)[C@@H](CC(C)C)C(=O)N[C@@H]1C(=O)N(C)[C@@H](CC(C)C)C(=O)N[C@@H](CC(C)C)C(=O)N[C@@H](CC(C)C)C(=O)N[C@@H](C)C(=O)N[C@@H](CC(C)C)C(=O)N2CCC[C@@H]2C(=O)O[C@@H]1C,L1_4.3.1.1.1.1,6440,-7.29,10,7,Lariat,0.176892,0.106891,-30.0513,11.523,9.711,1.812,0.173427,0.11066,11.052,9.414,1.638,69,22,,train,-0.645,0,0.0,train,test,train,train,train,train,test,train,train,train,-0.34051654
6429,2021_Kelly,CC(=O)N1CCC[C@@H]1C(=O)N(C)[C@@H](CC(C)C)C(=O)N[C@@H]1C(=O)N[C@H](CC(C)C)C(=O)N(C)[C@@H](CC(C)C)C(=O)N[C@@H](CC(C)C)C(=O)N(C)[C@@H](C)C(=O)N[C@@H](CC(C)C)C(=O)N2CCC[C@@H]2C(=O)O[C@@H]1C,L1_4.2.3.1.3.1,6429,-5.18,10,7,Lariat,0.165895,0.0969753,-24.8499,11.471,9.699,1.772,0.142672,0.0701777,11.017,9.6,1.417,73,22,,val,0.4100000000000001,1,1.0,valid,train,train,train,train,test,test,valid,train,test,0.37789184
6419,2021_Kelly,CC(=O)N1CCC[C@@H]1C(=O)N(C)[C@@H](CC(C)C)C(=O)N[C@@H]1C(=O)N[C@H](CC(C)C)C(=O)N[C@@H](CC(C)C)C(=O)N(C)[C@H](CC(C)C)C(=O)N[C@@H](C)C(=O)N[C@@H](CC(C)C)C(=O)N2CCC[C@@H]2C(=O)O[C@@H]1C,L1_4.2.1.4.1.1,6419,-5.4,10,7,Lariat,0.116835,0.0597995,-22.2908,10.832,9.245,1.587,0.144603,0.0683298,10.563,9.359,1.204,24,35,,val,0.2999999999999998,1,1.0,valid,train,train,train,train,train,test,test,train,train,0.2660569
6418,2021_Kelly,CC(=O)N1CCC[C@@H]1C(=O)N(C)[C@@H](CC(C)C)C(=O)N[C@@H]1C(=O)N[C@H](CC(C)C)C(=O)N[C@@H](CC(C)C)C(=O)N(C)[C@@H](CC(C)C)C(=O)N[C@@H](C)C(=O)N[C@@H](CC(C)C)C(=O)N2CCC[C@@H]2C(=O)O[C@@H]1C,L1_4.2.1.3.1.1,6418,-5.39,10,7,Lariat,0.217739,0.144049,-35.5012,11.511,9.686,1.825,0.203221,0.115318,11.118,9.257,1.861,13,63,,val,0.3050000000000001,1,1.0,valid,train,train,train,valid,train,test,train,train,train,0.18903449
6409,2021_Kelly,CC(=O)N1CCC[C@@H]1C(=O)N(C)[C@@H](CC(C)C)C(=O)N[C@@H]1C(=O)N[C@@H](CC(C)C)C(=O)N(C)[C@H](CC(C)C)C(=O)N[C@H](CC(C)C)C(=O)N[C@H](C)C(=O)N[C@@H](CC(C)C)C(=O)N2CCC[C@@H]2C(=O)O[C@@H]1C,L1_4.1.4.2.2.1,6409,-5.61,10,7,Lariat,0.247915,0.173731,-37.7839,11.764,9.742,2.022,0.243952,0.166603,10.844,9.454,1.39,47,2,,train,0.1949999999999998,1,1.0,train,train,train,train,test,train,test,train,train,test,0.05384749
6394,2021_Kelly,CC(=O)N1CCC[C@@H]1C(=O)N(C)[C@@H](CC(C)C)C(=O)N[C@@H]1C(=O)N[C@@H](CC(C)C)C(=O)N[C@@H](CC(C)C)C(=O)N[C@H](CC(C)C)C(=O)N[C@@H](C)C(=O)N[C@@H](CC(C)C)C(=O)N2CCC[C@@H]2C(=O)O[C@@H]1C,L1_4.1.1.2.1.1,6394,-6.92,10,7,Lariat,0.14284,0.0788346,-28.9753,11.021,9.332,1.689,0.11188,0.050546,10.236,8.925,1.311,73,92,,val,-0.4599999999999999,0,0.0,valid,test,train,test,train,train,test,train,train,train,-0.27772918
6369,2021_Kelly,CC(=O)N1CCC[C@@H]1C(=O)N(C)[C@@H](CC(C)C)C(=O)N[C@@H]1C(=O)N(C)[C@H](CC(C)C)C(=O)N[C@@H](CC(C)C)C(=O)N[C@H](CC(C)C)C(=O)N(C)[C@H](C)C(=O)N[C@@H](CC(C)C)C(=O)N2CCC[C@H]2C(=O)O[C@@H]1C,L1_3.4.1.2.4.1,6369,-5.22,10,7,Lariat,0.22007,0.146211,-24.5208,11.961,10.132,1.829,0.207867,0.13313,11.565,9.9,1.665,3,53,,train,0.3900000000000001,1,1.0,train,train,valid,train,train,train,test,train,train,test,0.22556162
6357,2021_Kelly,CC(=O)N1CCC[C@@H]1C(=O)N(C)[C@@H](CC(C)C)C(=O)N[C@@H]1C(=O)N(C)[C@@H](CC(C)C)C(=O)N[C@H](CC(C)C)C(=O)N[C@@H](CC(C)C)C(=O)N[C@@H](C)C(=O)N[C@@H](CC(C)C)C(=O)N2CCC[C@H]2C(=O)O[C@@H]1C,L1_3.3.2.1.1.1,6357,-6.78,10,7,Lariat,0.174321,0.112263,-36.8812,11.567,9.384,2.183,0.131726,0.0659676,10.402,8.865,1.537,40,100,,train,-0.3900000000000001,0,0.0,train,test,train,valid,train,train,test,train,train,train,-0.2531484
6346,2021_Kelly,CC(=O)N1CCC[C@@H]1C(=O)N(C)[C@@H](CC(C)C)C(=O)N[C@@H]1C(=O)N[C@H](CC(C)C)C(=O)N(C)[C@H](CC(C)C)C(=O)N[C@H](CC(C)C)C(=O)N(C)[C@@H](C)C(=O)N[C@@H](CC(C)C)C(=O)N2CCC[C@H]2C(=O)O[C@@H]1C,L1_3.2.4.2.3.1,6346,-5.71,10,7,Lariat,0.156951,0.104993,-26.9882,11.092,9.298,1.794,0.190659,0.102491,11.009,9.43,1.579,30,57,,train,0.145,1,1.0,train,train,train,train,train,test,test,valid,train,train,0.35244626
6330,2021_Kelly,CC(=O)N1CCC[C@@H]1C(=O)N(C)[C@@H](CC(C)C)C(=O)N[C@@H]1C(=O)N[C@@H](CC(C)C)C(=O)N(C)[C@@H](CC(C)C)C(=O)N(C)[C@@H](CC(C)C)C(=O)N(C)[C@H](C)C(=O)N[C@@H](CC(C)C)C(=O)N2CCC[C@H]2C(=O)O[C@@H]1C,L1_3.1.3.3.4.1,6330,-5.72,10,7,Lariat,0.219233,0.158481,-30.3793,12.193,10.235,1.958,0.160916,0.0980729,11.382,9.859,1.523,35,60,,train,0.1400000000000001,1,1.0,train,valid,train,train,train,train,test,train,train,train,0.20705882
6309,2021_Kelly,CC(=O)N1CCC[C@H]1C(=O)N(C)[C@@H](CC(C)C)C(=O)N[C@@H]1C(=O)N(C)[C@H](CC(C)C)C(=O)N(C)[C@H](CC(C)C)C(=O)N[C@@H](CC(C)C)C(=O)N(C)[C@H](C)C(=O)N[C@@H](CC(C)C)C(=O)N2CCC[C@@H]2C(=O)O[C@@H]1C,L1_2.4.4.1.4.1,6309,-5.57,10,7,Lariat,0.296062,0.20231,-27.3975,11.667,9.882,1.785,0.111772,0.051257,10.342,9.048,1.294,88,50,,train,0.2149999999999998,1,1.0,train,train,train,valid,train,train,test,train,train,train,0.3235961
6301,2021_Kelly,CC(=O)N1CCC[C@H]1C(=O)N(C)[C@@H](CC(C)C)C(=O)N[C@@H]1C(=O)N(C)[C@H](CC(C)C)C(=O)N[C@@H](CC(C)C)C(=O)N(C)[C@H](CC(C)C)C(=O)N(C)[C@@H](C)C(=O)N[C@@H](CC(C)C)C(=O)N2CCC[C@@H]2C(=O)O[C@@H]1C,L1_2.4.1.4.3.1,6301,-5.25,10,7,Lariat,0.161127,0.0970156,-24.308,11.631,9.731,1.9,0.141922,0.0766319,11.668,9.82,1.848,88,97,,test,0.375,1,1.0,test,train,train,train,train,train,test,train,test,train,0.32857308
6296,2021_Kelly,CC(=O)N1CCC[C@H]1C(=O)N(C)[C@@H](CC(C)C)C(=O)N[C@@H]1C(=O)N(C)[C@@H](CC(C)C)C(=O)N(C)[C@H](CC(C)C)C(=O)N[C@@H](CC(C)C)C(=O)N[C@@H](C)C(=O)N[C@@H](CC(C)C)C(=O)N2CCC[C@@H]2C(=O)O[C@@H]1C,L1_2.3.4.1.1.1,6296,-6.79,10,7,Lariat,0.13401,0.0691109,-32.9249,11.419,9.71,1.709,0.243922,0.156854,10.717,9.259,1.458,18,59,,train,-0.395,0,0.0,train,train,train,valid,train,train,test,train,train,train,-0.10485891
6262,2021_Kelly,CC(=O)N1CCC[C@H]1C(=O)N(C)[C@@H](CC(C)C)C(=O)N[C@@H]1C(=O)N[C@@H](CC(C)C)C(=O)N(C)[C@@H](CC(C)C)C(=O)N[C@H](CC(C)C)C(=O)N[C@H](C)C(=O)N[C@@H](CC(C)C)C(=O)N2CCC[C@@H]2C(=O)O[C@@H]1C,L1_2.1.3.2.2.1,6262,-5.24,10,7,Lariat,0.260512,0.172583,-40.2781,11.875,9.835,2.04,0.147668,0.0704501,11.406,9.911,1.495,32,27,,train,0.3799999999999999,1,1.0,train,train,train,test,train,train,test,train,train,train,0.008681045
6253,2021_Kelly,CC(=O)N1CCC[C@@H]1C(=O)N(C)[C@H](CC(C)C)C(=O)N[C@@H]1C(=O)N(C)[C@H](CC(C)C)C(=O)N(C)[C@@H](CC(C)C)C(=O)N(C)[C@@H](CC(C)C)C(=O)N(C)[C@H](C)C(=O)N[C@H](CC(C)C)C(=O)N2CCC[C@@H]2C(=O)O[C@@H]1C,L1_16.4.3.3.4.2,6253,-5.78,10,7,Lariat,0.133239,0.0755156,-24.1998,11.576,9.776,1.8,0.212602,0.138494,11.826,10.122,1.704,58,56,,train,0.1099999999999998,1,1.0,train,test,train,train,valid,test,test,train,train,train,0.36154488
6250,2021_Kelly,CC(=O)N1CCC[C@@H]1C(=O)N(C)[C@H](CC(C)C)C(=O)N[C@@H]1C(=O)N(C)[C@H](CC(C)C)C(=O)N(C)[C@@H](CC(C)C)C(=O)N[C@@H](CC(C)C)C(=O)N[C@@H](C)C(=O)N[C@H](CC(C)C)C(=O)N2CCC[C@@H]2C(=O)O[C@@H]1C,L1_16.4.3.1.1.2,6250,-5.93,10,7,Lariat,0.189697,0.114861,-26.3392,11.26,9.566,1.694,0.141199,0.0715755,11.151,9.657,1.494,59,74,,train,0.0350000000000001,1,1.0,train,train,train,train,train,train,test,train,train,train,-0.16522196
6249,2021_Kelly,CC(=O)N1CCC[C@@H]1C(=O)N(C)[C@H](CC(C)C)C(=O)N[C@@H]1C(=O)N(C)[C@H](CC(C)C)C(=O)N[C@H](CC(C)C)C(=O)N(C)[C@@H](CC(C)C)C(=O)N(C)[C@H](C)C(=O)N[C@H](CC(C)C)C(=O)N2CCC[C@@H]2C(=O)O[C@@H]1C,L1_16.4.2.3.4.2,6249,-5.53,10,7,Lariat,0.135779,0.0818391,-19.0184,10.584,9.071,1.513,0.119912,0.0607812,10.621,9.186,1.435,100,89,,train,0.2349999999999998,1,1.0,train,train,train,valid,train,train,test,train,train,train,0.32718644
6246,2021_Kelly,CC(=O)N1CCC[C@@H]1C(=O)N(C)[C@H](CC(C)C)C(=O)N[C@@H]1C(=O)N(C)[C@H](CC(C)C)C(=O)N[C@@H](CC(C)C)C(=O)N(C)[C@@H](CC(C)C)C(=O)N(C)[C@@H](C)C(=O)N[C@H](CC(C)C)C(=O)N2CCC[C@@H]2C(=O)O[C@@H]1C,L1_16.4.1.3.3.2,6246,-6.01,10,7,Lariat,0.157459,0.0997522,-31.9358,11.488,10.009,1.479,0.167537,0.115288,11.08,9.631,1.449,23,72,,train,-0.0049999999999998,0,0.0,train,train,train,valid,train,train,test,train,train,train,0.23478223
6241,2021_Kelly,CC(=O)N1CCC[C@@H]1C(=O)N(C)[C@H](CC(C)C)C(=O)N[C@@H]1C(=O)N(C)[C@@H](CC(C)C)C(=O)N(C)[C@H](CC(C)C)C(=O)N[C@@H](CC(C)C)C(=O)N(C)[C@@H](C)C(=O)N[C@H](CC(C)C)C(=O)N2CCC[C@@H]2C(=O)O[C@@H]1C,L1_16.3.4.1.3.2,6241,-5.06,10,7,Lariat,0.326526,0.237142,-28.1091,11.76,10.0,1.76,0.18229,0.11821,10.831,9.41,1.421,28,15,,train,0.4700000000000002,1,1.0,train,train,train,test,train,valid,test,valid,train,train,0.24782193
6208,2021_Kelly,CC(=O)N1CCC[C@@H]1C(=O)N(C)[C@H](CC(C)C)C(=O)N[C@@H]1C(=O)N[C@@H](CC(C)C)C(=O)N(C)[C@H](CC(C)C)C(=O)N(C)[C@H](CC(C)C)C(=O)N(C)[C@H](C)C(=O)N[C@H](CC(C)C)C(=O)N2CCC[C@@H]2C(=O)O[C@@H]1C,L1_16.1.4.4.4.2,6208,-5.94,10,7,Lariat,0.259808,0.174446,-27.3381,11.61,9.925,1.685,0.20963,0.143366,11.286,9.848,1.438,77,68,,train,0.0299999999999998,1,1.0,train,train,valid,train,valid,test,test,train,valid,train,0.12474936
6204,2021_Kelly,CC(=O)N1CCC[C@@H]1C(=O)N(C)[C@H](CC(C)C)C(=O)N[C@@H]1C(=O)N[C@@H](CC(C)C)C(=O)N(C)[C@H](CC(C)C)C(=O)N[C@H](CC(C)C)C(=O)N[C@H](C)C(=O)N[C@H](CC(C)C)C(=O)N2CCC[C@@H]2C(=O)O[C@@H]1C,L1_16.1.4.2.2.2,6204,-6.97,10,7,Lariat,0.192582,0.127869,-30.9216,10.781,8.925,1.856,0.228314,0.160474,10.923,9.421,1.502,40,49,,test,-0.4849999999999999,0,0.0,test,train,train,test,train,train,test,train,train,train,-0.37087122
6192,2021_Kelly,CC(=O)N1CCC[C@@H]1C(=O)N(C)[C@H](CC(C)C)C(=O)N[C@@H]1C(=O)N[C@@H](CC(C)C)C(=O)N[C@@H](CC(C)C)C(=O)N[C@@H](CC(C)C)C(=O)N[C@@H](C)C(=O)N[C@H](CC(C)C)C(=O)N2CCC[C@@H]2C(=O)O[C@@H]1C,L1_16.1.1.1.1.2,6192,-8.4,10,7,Lariat,0.225044,0.15235,-29.5817,11.189,9.181,2.008,0.146405,0.0738416,11.176,9.23,1.946,74,67,,train,-1.0,0,0.0,train,train,train,train,train,valid,test,train,train,train,-0.9926806
6189,2021_Kelly,CC(=O)N1CCC[C@@H]1C(=O)N(C)[C@H](CC(C)C)C(=O)N[C@@H]1C(=O)N(C)[C@H](CC(C)C)C(=O)N(C)[C@H](CC(C)C)C(=O)N[C@H](CC(C)C)C(=O)N(C)[C@@H](C)C(=O)N[C@H](CC(C)C)C(=O)N2CCC[C@H]2C(=O)O[C@@H]1C,L1_15.4.4.2.3.2,6189,-5.19,10,7,Lariat,0.186575,0.116614,-21.6575,10.804,9.149,1.655,0.258885,0.164954,11.91,10.075,1.835,83,31,,train,0.4049999999999998,1,1.0,train,valid,train,train,train,test,test,train,train,train,0.30949387
6186,2021_Kelly,CC(=O)N1CCC[C@@H]1C(=O)N(C)[C@H](CC(C)C)C(=O)N[C@@H]1C(=O)N(C)[C@H](CC(C)C)C(=O)N[C@H](CC(C)C)C(=O)N[C@H](CC(C)C)C(=O)N[C@H](C)C(=O)N[C@H](CC(C)C)C(=O)N2CCC[C@H]2C(=O)O[C@@H]1C,L1_15.4.2.2.2.2,6186,-6.74,10,7,Lariat,0.180692,0.112719,-34.4528,11.4,9.401,1.999,0.123267,0.0625066,11.35,9.374,1.976,70,16,,train,-0.3700000000000001,0,0.0,train,train,train,train,train,train,test,test,train,train,-0.289703
6183,2021_Kelly,CC(=O)N1CCC[C@@H]1C(=O)N(C)[C@H](CC(C)C)C(=O)N[C@@H]1C(=O)N(C)[C@H](CC(C)C)C(=O)N[C@@H](CC(C)C)C(=O)N[C@H](CC(C)C)C(=O)N[C@@H](C)C(=O)N[C@H](CC(C)C)C(=O)N2CCC[C@H]2C(=O)O[C@@H]1C,L1_15.4.1.2.1.2,6183,-6.85,10,7,Lariat,0.172333,0.0991521,-35.9409,11.718,9.56,2.158,0.167647,0.0806532,10.48,9.133,1.347,13,65,,train,-0.4249999999999998,0,0.0,train,train,train,test,valid,train,test,train,train,train,-0.12443534
6174,2021_Kelly,CC(=O)N1CCC[C@@H]1C(=O)N(C)[C@H](CC(C)C)C(=O)N[C@@H]1C(=O)N(C)[C@@H](CC(C)C)C(=O)N(C)[C@@H](CC(C)C)C(=O)N[C@H](CC(C)C)C(=O)N[C@H](C)C(=O)N[C@H](CC(C)C)C(=O)N2CCC[C@H]2C(=O)O[C@@H]1C,L1_15.3.3.2.2.2,6174,-6.47,10,7,Lariat,0.207899,0.127294,-41.5961,11.978,10.076,1.902,0.237246,0.156127,11.605,9.897,1.708,25,94,,val,-0.2349999999999998,0,0.0,valid,train,train,train,train,train,test,test,test,train,-0.08574223
6145,2021_Kelly,CC(=O)N1CCC[C@@H]1C(=O)N(C)[C@H](CC(C)C)C(=O)N[C@@H]1C(=O)N[C@H](CC(C)C)C(=O)N(C)[C@@H](CC(C)C)C(=O)N[C@@H](CC(C)C)C(=O)N(C)[C@@H](C)C(=O)N[C@H](CC(C)C)C(=O)N2CCC[C@H]2C(=O)O[C@@H]1C,L1_15.2.3.1.3.2,6145,-5.07,10,7,Lariat,0.204694,0.123363,-36.1469,12.0,9.965,2.035,0.197043,0.127604,11.745,9.982,1.763,92,100,,train,0.4649999999999998,1,1.0,train,train,train,train,train,train,test,train,train,valid,0.27320573
6140,2021_Kelly,CC(=O)N1CCC[C@@H]1C(=O)N(C)[C@H](CC(C)C)C(=O)N[C@@H]1C(=O)N[C@H](CC(C)C)C(=O)N[C@H](CC(C)C)C(=O)N(C)[C@@H](CC(C)C)C(=O)N(C)[C@H](C)C(=O)N[C@H](CC(C)C)C(=O)N2CCC[C@H]2C(=O)O[C@@H]1C,L1_15.2.2.3.4.2,6140,-5.95,10,7,Lariat,0.160599,0.0925594,-27.6466,11.255,9.648,1.607,0.194242,0.12666,10.751,9.333,1.418,64,22,,train,0.0249999999999999,1,1.0,train,train,train,train,train,valid,test,train,train,train,0.20631593
6135,2021_Kelly,CC(=O)N1CCC[C@@H]1C(=O)N(C)[C@H](CC(C)C)C(=O)N[C@@H]1C(=O)N[C@H](CC(C)C)C(=O)N[C@H](CC(C)C)C(=O)N[C@H](CC(C)C)C(=O)N[C@H](C)C(=O)N[C@H](CC(C)C)C(=O)N2CCC[C@H]2C(=O)O[C@@H]1C,L1_15.2.2.2.2.2,6135,-6.44,10,7,Lariat,0.181922,0.11295,-42.7324,11.196,9.357,1.839,0.110665,0.0500001,10.482,9.247,1.235,73,89,,train,-0.2200000000000002,0,0.0,train,valid,train,train,test,train,test,train,train,train,-0.53949493
6131,2021_Kelly,CC(=O)N1CCC[C@@H]1C(=O)N(C)[C@H](CC(C)C)C(=O)N[C@@H]1C(=O)N[C@H](CC(C)C)C(=O)N[C@H](CC(C)C)C(=O)N[C@@H](CC(C)C)C(=O)N[C@@H](C)C(=O)N[C@H](CC(C)C)C(=O)N2CCC[C@H]2C(=O)O[C@@H]1C,L1_15.2.2.1.1.2,6131,-6.66,10,7,Lariat,0.136448,0.0795622,-30.4886,11.243,9.318,1.925,0.21847,0.127078,10.46,8.922,1.538,66,31,,train,-0.33,0,0.0,train,train,train,valid,train,train,test,test,train,train,-0.38046095
6107,2021_Kelly,CC(=O)N1CCC[C@@H]1C(=O)N(C)[C@H](CC(C)C)C(=O)N[C@@H]1C(=O)N[C@@H](CC(C)C)C(=O)N[C@H](CC(C)C)C(=O)N[C@@H](CC(C)C)C(=O)N[C@@H](C)C(=O)N[C@H](CC(C)C)C(=O)N2CCC[C@H]2C(=O)O[C@@H]1C,L1_15.1.2.1.1.2,6107,-6.96,10,7,Lariat,0.163253,0.0975892,-38.1431,11.162,9.602,1.56,0.0960832,0.044408,10.194,8.857,1.337,13,56,,val,-0.48,0,0.0,valid,train,train,train,train,train,test,train,train,train,-0.4026768
6104,2021_Kelly,CC(=O)N1CCC[C@@H]1C(=O)N(C)[C@H](CC(C)C)C(=O)N[C@@H]1C(=O)N[C@@H](CC(C)C)C(=O)N[C@@H](CC(C)C)C(=O)N(C)[C@@H](CC(C)C)C(=O)N(C)[C@H](C)C(=O)N[C@H](CC(C)C)C(=O)N2CCC[C@H]2C(=O)O[C@@H]1C,L1_15.1.1.3.4.2,6104,-6.42,10,7,Lariat,0.15318,0.083066,-26.8523,11.132,9.141,1.991,0.173395,0.106058,11.336,9.51,1.826,44,74,,train,-0.2099999999999999,0,0.0,train,train,train,test,train,valid,test,train,train,train,-0.17225575
6101,2021_Kelly,CC(=O)N1CCC[C@@H]1C(=O)N(C)[C@H](CC(C)C)C(=O)N[C@@H]1C(=O)N[C@@H](CC(C)C)C(=O)N[C@@H](CC(C)C)C(=O)N[C@H](CC(C)C)C(=O)N(C)[C@H](C)C(=O)N[C@H](CC(C)C)C(=O)N2CCC[C@H]2C(=O)O[C@@H]1C,L1_15.1.1.2.4.2,6101,-6.34,10,7,Lariat,0.212176,0.129284,-32.1227,11.22,9.145,2.075,0.131783,0.0683068,10.94,9.452,1.488,94,35,,train,-0.1699999999999999,0,0.0,train,train,train,train,valid,train,test,train,train,test,-0.42314908
6096,2021_Kelly,CC(=O)N1CCC[C@H]1C(=O)N(C)[C@H](CC(C)C)C(=O)N[C@@H]1C(=O)N(C)[C@H](CC(C)C)C(=O)N(C)[C@H](CC(C)C)C(=O)N[C@@H](CC(C)C)C(=O)N(C)[C@@H](C)C(=O)N[C@H](CC(C)C)C(=O)N2CCC[C@@H]2C(=O)O[C@@H]1C,L1_14.4.4.1.3.2,6096,-5.15,10,7,Lariat,0.195843,0.123861,-27.7248,12.328,10.468,1.86,0.214107,0.145536,11.642,10.005,1.637,2,29,,train,0.4249999999999998,1,1.0,train,train,train,train,train,train,test,train,train,test,0.35059434
6092,2021_Kelly,CC(=O)N1CCC[C@H]1C(=O)N(C)[C@H](CC(C)C)C(=O)N[C@@H]1C(=O)N(C)[C@H](CC(C)C)C(=O)N(C)[C@@H](CC(C)C)C(=O)N[C@@H](CC(C)C)C(=O)N[C@@H](C)C(=O)N[C@H](CC(C)C)C(=O)N2CCC[C@@H]2C(=O)O[C@@H]1C,L1_14.4.3.1.1.2,6092,-5.56,10,7,Lariat,0.181494,0.123693,-23.3805,11.113,9.361,1.752,0.201516,0.127178,10.792,9.246,1.546,68,8,,val,0.2200000000000002,1,1.0,valid,test,train,train,train,train,test,train,train,train,0.022173306
6080,2021_Kelly,CC(=O)N1CCC[C@H]1C(=O)N(C)[C@H](CC(C)C)C(=O)N[C@@H]1C(=O)N(C)[C@@H](CC(C)C)C(=O)N(C)[C@@H](CC(C)C)C(=O)N[C@H](CC(C)C)C(=O)N[C@@H](C)C(=O)N[C@H](CC(C)C)C(=O)N2CCC[C@@H]2C(=O)O[C@@H]1C,L1_14.3.3.2.1.2,6080,-6.04,10,7,Lariat,0.168772,0.103954,-32.4393,11.598,9.954,1.644,0.1291,0.0586324,11.139,9.729,1.41,93,83,,train,-0.02,0,0.0,train,train,train,test,valid,train,test,train,valid,valid,-0.014240222
6070,2021_Kelly,CC(=O)N1CCC[C@H]1C(=O)N(C)[C@H](CC(C)C)C(=O)N[C@@H]1C(=O)N(C)[C@@H](CC(C)C)C(=O)N[C@@H](CC(C)C)C(=O)N[C@@H](CC(C)C)C(=O)N(C)[C@@H](C)C(=O)N[C@H](CC(C)C)C(=O)N2CCC[C@@H]2C(=O)O[C@@H]1C,L1_14.3.1.1.3.2,6070,-5.78,10,7,Lariat,0.193172,0.125074,-30.6747,11.906,10.127,1.779,0.18635,0.119835,11.643,10.026,1.617,85,24,,train,0.1099999999999998,1,1.0,train,train,test,test,train,train,test,train,train,valid,-0.11247458
6067,2021_Kelly,CC(=O)N1CCC[C@H]1C(=O)N(C)[C@H](CC(C)C)C(=O)N[C@@H]1C(=O)N[C@H](CC(C)C)C(=O)N(C)[C@@H](CC(C)C)C(=O)N[C@@H](CC(C)C)C(=O)N(C)[C@@H](C)C(=O)N[C@H](CC(C)C)C(=O)N2CCC[C@@H]2C(=O)O[C@@H]1C,L1_14.2.3.1.3.2,6067,-5.08,10,7,Lariat,0.126177,0.0742247,-26.0886,11.068,9.504,1.564,0.142647,0.0865024,11.607,9.886,1.721,36,93,,test,0.4599999999999999,1,1.0,test,train,train,train,train,train,test,valid,train,test,0.37679046
6061,2021_Kelly,CC(=O)N1CCC[C@H]1C(=O)N(C)[C@H](CC(C)C)C(=O)N[C@@H]1C(=O)N[C@H](CC(C)C)C(=O)N[C@H](CC(C)C)C(=O)N[C@H](CC(C)C)C(=O)N(C)[C@@H](C)C(=O)N[C@H](CC(C)C)C(=O)N2CCC[C@@H]2C(=O)O[C@@H]1C,L1_14.2.2.2.3.2,6061,-6.01,10,7,Lariat,0.138901,0.078685,-23.3401,11.001,8.972,2.029,0.117798,0.0609957,10.475,8.791,1.684,50,68,,train,-0.0049999999999998,0,0.0,train,train,valid,valid,train,train,test,train,train,valid,0.026681926
6049,2021_Kelly,CC(=O)N1CCC[C@H]1C(=O)N(C)[C@H](CC(C)C)C(=O)N[C@@H]1C(=O)N[C@@H](CC(C)C)C(=O)N(C)[C@H](CC(C)C)C(=O)N[C@H](CC(C)C)C(=O)N(C)[C@@H](C)C(=O)N[C@H](CC(C)C)C(=O)N2CCC[C@@H]2C(=O)O[C@@H]1C,L1_14.1.4.2.3.2,6049,-5.92,10,7,Lariat,0.229428,0.151028,-35.6722,11.729,9.844,1.885,0.225844,0.112916,11.045,9.536,1.509,28,77,,train,0.04,1,1.0,train,train,train,train,train,train,test,train,train,train,0.23601541
6045,2021_Kelly,CC(=O)N1CCC[C@H]1C(=O)N(C)[C@H](CC(C)C)C(=O)N[C@@H]1C(=O)N[C@@H](CC(C)C)C(=O)N[C@H](CC(C)C)C(=O)N(C)[C@H](CC(C)C)C(=O)N[C@@H](C)C(=O)N[C@H](CC(C)C)C(=O)N2CCC[C@@H]2C(=O)O[C@@H]1C,L1_14.1.2.4.1.2,6045,-6.98,10,7,Lariat,0.153484,0.0928103,-22.4735,10.037,8.396,1.641,0.229198,0.153902,11.172,9.297,1.875,71,91,,train,-0.4900000000000002,0,0.0,train,train,train,train,train,train,test,train,train,train,-0.21456796
6015,2021_Kelly,CC(=O)N1CCC[C@H]1C(=O)N(C)[C@H](CC(C)C)C(=O)N[C@@H]1C(=O)N(C)[C@@H](CC(C)C)C(=O)N[C@@H](CC(C)C)C(=O)N(C)[C@@H](CC(C)C)C(=O)N(C)[C@@H](C)C(=O)N[C@H](CC(C)C)C(=O)N2CCC[C@H]2C(=O)O[C@@H]1C,L1_13.3.1.3.3.2,6015,-6.59,10,7,Lariat,0.157175,0.0845499,-27.1188,11.33,9.648,1.682,0.146183,0.0810456,11.4,9.774,1.626,26,7,,train,-0.2949999999999999,0,0.0,train,train,train,train,train,train,test,train,train,train,0.14016901
6012,2021_Kelly,CC(=O)N1CCC[C@H]1C(=O)N(C)[C@H](CC(C)C)C(=O)N[C@@H]1C(=O)N[C@H](CC(C)C)C(=O)N(C)[C@H](CC(C)C)C(=O)N(C)[C@@H](CC(C)C)C(=O)N[C@@H](C)C(=O)N[C@H](CC(C)C)C(=O)N2CCC[C@H]2C(=O)O[C@@H]1C,L1_13.2.4.3.1.2,6012,-5.94,10,7,Lariat,0.204196,0.140937,-32.3318,11.469,9.848,1.621,0.216552,0.145907,10.984,9.628,1.356,89,31,,train,0.0299999999999998,1,1.0,train,train,train,train,test,train,test,valid,train,train,0.29358026
5994,2021_Kelly,CC(=O)N1CCC[C@H]1C(=O)N(C)[C@H](CC(C)C)C(=O)N[C@@H]1C(=O)N[C@H](CC(C)C)C(=O)N[C@@H](CC(C)C)C(=O)N(C)[C@@H](CC(C)C)C(=O)N(C)[C@@H](C)C(=O)N[C@H](CC(C)C)C(=O)N2CCC[C@H]2C(=O)O[C@@H]1C,L1_13.2.1.3.3.2,5994,-5.46,10,7,Lariat,0.162665,0.0939781,-26.0269,11.523,9.77,1.753,0.158277,0.086176,11.397,9.76,1.637,41,5,,train,0.27,1,1.0,train,train,train,train,train,train,test,train,train,train,0.23320286
5988,2021_Kelly,CC(=O)N1CCC[C@H]1C(=O)N(C)[C@H](CC(C)C)C(=O)N[C@@H]1C(=O)N[C@@H](CC(C)C)C(=O)N(C)[C@@H](CC(C)C)C(=O)N(C)[C@@H](CC(C)C)C(=O)N[C@@H](C)C(=O)N[C@H](CC(C)C)C(=O)N2CCC[C@H]2C(=O)O[C@@H]1C,L1_13.1.3.3.1.2,5988,-5.94,10,7,Lariat,0.230162,0.146656,-31.5464,11.552,9.788,1.764,0.174722,0.104372,11.414,9.562,1.852,34,13,,train,0.0299999999999998,1,1.0,train,test,train,train,valid,train,test,train,train,train,0.049658462
5985,2021_Kelly,CC(=O)N1CCC[C@H]1C(=O)N(C)[C@H](CC(C)C)C(=O)N[C@@H]1C(=O)N[C@@H](CC(C)C)C(=O)N[C@H](CC(C)C)C(=O)N(C)[C@@H](CC(C)C)C(=O)N(C)[C@@H](C)C(=O)N[C@H](CC(C)C)C(=O)N2CCC[C@H]2C(=O)O[C@@H]1C,L1_13.1.2.3.3.2,5985,-6.0,10,7,Lariat,0.19924,0.128376,-31.7284,12.106,10.079,2.027,0.254904,0.173115,11.46,9.795,1.665,50,54,,val,0.0,1,1.0,valid,valid,test,train,train,test,test,test,valid,valid,0.13233224
5982,2021_Kelly,CC(=O)N1CCC[C@H]1C(=O)N(C)[C@H](CC(C)C)C(=O)N[C@@H]1C(=O)N[C@@H](CC(C)C)C(=O)N[C@H](CC(C)C)C(=O)N[C@H](CC(C)C)C(=O)N[C@H](C)C(=O)N[C@H](CC(C)C)C(=O)N2CCC[C@H]2C(=O)O[C@@H]1C,L1_13.1.2.2.2.2,5982,-6.6,10,7,Lariat,0.124531,0.0652513,-24.1715,10.672,9.041,1.631,0.107685,0.0497122,9.87,8.387,1.483,97,47,,train,-0.2999999999999998,0,0.0,train,train,valid,train,train,test,test,train,valid,test,-0.2701296
5965,2021_Kelly,CC(=O)N1CCC[C@@H]1C(=O)N(C)[C@@H](CC(C)C)C(=O)N[C@@H]1C(=O)N(C)[C@H](CC(C)C)C(=O)N[C@H](CC(C)C)C(=O)N[C@H](CC(C)C)C(=O)N(C)[C@@H](C)C(=O)N[C@H](CC(C)C)C(=O)N2CCC[C@@H]2C(=O)O[C@@H]1C,L1_12.4.2.2.3.2,5965,-6.02,10,7,Lariat,0.177231,0.11768,-35.0012,11.39,9.641,1.749,0.155356,0.0778278,10.649,9.277,1.372,38,88,,train,-0.0099999999999997,0,0.0,train,train,train,train,train,train,test,train,valid,train,0.063782625
5953,2021_Kelly,CC(=O)N1CCC[C@@H]1C(=O)N(C)[C@@H](CC(C)C)C(=O)N[C@@H]1C(=O)N(C)[C@@H](CC(C)C)C(=O)N[C@@H](CC(C)C)C(=O)N(C)[C@@H](CC(C)C)C(=O)N(C)[C@@H](C)C(=O)N[C@H](CC(C)C)C(=O)N2CCC[C@@H]2C(=O)O[C@@H]1C,L1_12.3.1.3.3.2,5953,-5.52,10,7,Lariat,0.269789,0.192783,-28.2573,12.036,10.201,1.835,0.226775,0.150233,11.75,10.075,1.675,40,15,,train,0.2400000000000002,1,1.0,train,train,train,train,train,train,test,train,train,test,0.0341584
5934,2021_Kelly,CC(=O)N1CCC[C@@H]1C(=O)N(C)[C@@H](CC(C)C)C(=O)N[C@@H]1C(=O)N[C@@H](CC(C)C)C(=O)N[C@@H](CC(C)C)C(=O)N(C)[C@H](CC(C)C)C(=O)N[C@@H](C)C(=O)N[C@H](CC(C)C)C(=O)N2CCC[C@@H]2C(=O)O[C@@H]1C,L1_12.1.1.4.1.2,5934,-6.39,10,7,Lariat,0.316951,0.22148,-32.1469,11.848,9.759,2.089,0.13705,0.0727925,10.727,9.231,1.496,21,65,,train,-0.1949999999999998,0,0.0,train,train,train,train,test,train,test,train,train,train,-0.2507628
5933,2021_Kelly,CC(=O)N1CCC[C@@H]1C(=O)N(C)[C@@H](CC(C)C)C(=O)N[C@@H]1C(=O)N[C@@H](CC(C)C)C(=O)N[C@@H](CC(C)C)C(=O)N(C)[C@@H](CC(C)C)C(=O)N(C)[C@@H](C)C(=O)N[C@H](CC(C)C)C(=O)N2CCC[C@@H]2C(=O)O[C@@H]1C,L1_12.1.1.3.3.2,5933,-5.73,10,7,Lariat,0.250849,0.17663,-33.5502,11.4,9.642,1.758,0.144978,0.0625606,10.827,9.399,1.428,82,45,,train,0.1349999999999998,1,1.0,train,train,train,valid,train,train,test,train,valid,train,-0.14280504
5931,2021_Kelly,CC(=O)N1CCC[C@@H]1C(=O)N(C)[C@@H](CC(C)C)C(=O)N[C@@H]1C(=O)N[C@@H](CC(C)C)C(=O)N[C@@H](CC(C)C)C(=O)N[C@H](CC(C)C)C(=O)N[C@H](C)C(=O)N[C@H](CC(C)C)C(=O)N2CCC[C@@H]2C(=O)O[C@@H]1C,L1_12.1.1.2.2.2,5931,-6.52,10,7,Lariat,0.225108,0.146722,-35.026,11.896,9.788,2.108,0.170624,0.103991,11.418,9.633,1.785,76,78,,train,-0.2599999999999998,0,0.0,train,train,train,train,train,train,test,train,train,test,-0.6343059
5924,2021_Kelly,CC(=O)N1CCC[C@@H]1C(=O)N(C)[C@@H](CC(C)C)C(=O)N[C@@H]1C(=O)N(C)[C@H](CC(C)C)C(=O)N(C)[C@H](CC(C)C)C(=O)N[C@@H](CC(C)C)C(=O)N(C)[C@H](C)C(=O)N[C@H](CC(C)C)C(=O)N2CCC[C@H]2C(=O)O[C@@H]1C,L1_11.4.4.1.4.2,5924,-5.33,10,7,Lariat,0.250984,0.173698,-26.1122,11.588,10.001,1.587,0.104747,0.0421047,10.855,9.65,1.205,94,31,,train,0.3349999999999999,1,1.0,train,test,train,train,valid,train,test,train,train,train,0.35393736
5913,2021_Kelly,CC(=O)N1CCC[C@@H]1C(=O)N(C)[C@@H](CC(C)C)C(=O)N[C@@H]1C(=O)N(C)[C@@H](CC(C)C)C(=O)N(C)[C@H](CC(C)C)C(=O)N(C)[C@H](CC(C)C)C(=O)N(C)[C@H](C)C(=O)N[C@H](CC(C)C)C(=O)N2CCC[C@H]2C(=O)O[C@@H]1C,L1_11.3.4.4.4.2,5913,-5.31,10,7,Lariat,0.159948,0.103445,-17.745,11.838,10.291,1.547,0.138451,0.0826041,11.456,10.107,1.349,79,21,,train,0.3450000000000002,1,1.0,train,train,test,train,train,test,test,train,train,train,0.29545036
5908,2021_Kelly,CC(=O)N1CCC[C@@H]1C(=O)N(C)[C@@H](CC(C)C)C(=O)N[C@@H]1C(=O)N(C)[C@@H](CC(C)C)C(=O)N(C)[C@H](CC(C)C)C(=O)N[C@@H](CC(C)C)C(=O)N(C)[C@H](C)C(=O)N[C@H](CC(C)C)C(=O)N2CCC[C@H]2C(=O)O[C@@H]1C,L1_11.3.4.1.4.2,5908,-5.56,10,7,Lariat,0.140181,0.0835921,-23.7474,11.692,10.017,1.675,0.135287,0.0712738,11.406,9.873,1.533,43,92,,train,0.2200000000000002,1,1.0,train,test,train,train,train,train,test,train,train,train,0.28292075
5894,2021_Kelly,CC(=O)N1CCC[C@@H]1C(=O)N(C)[C@@H](CC(C)C)C(=O)N[C@@H]1C(=O)N[C@H](CC(C)C)C(=O)N(C)[C@H](CC(C)C)C(=O)N(C)[C@H](CC(C)C)C(=O)N[C@@H](C)C(=O)N[C@H](CC(C)C)C(=O)N2CCC[C@H]2C(=O)O[C@@H]1C,L1_11.2.4.4.1.2,5894,-5.56,10,7,Lariat,0.16039,0.0921436,-23.9223,11.221,9.556,1.665,0.154157,0.0859324,10.988,9.486,1.502,51,89,,train,0.2200000000000002,1,1.0,train,valid,train,train,train,test,test,train,test,train,0.191157
5887,2021_Kelly,CC(=O)N1CCC[C@@H]1C(=O)N(C)[C@@H](CC(C)C)C(=O)N[C@@H]1C(=O)N[C@H](CC(C)C)C(=O)N(C)[C@@H](CC(C)C)C(=O)N(C)[C@H](CC(C)C)C(=O)N(C)[C@H](C)C(=O)N[C@H](CC(C)C)C(=O)N2CCC[C@H]2C(=O)O[C@@H]1C,L1_11.2.3.4.4.2,5887,-5.41,10,7,Lariat,0.174322,0.113377,-17.4944,11.693,10.168,1.525,0.13564,0.0752049,11.501,10.245,1.256,55,42,,train,0.2949999999999999,1,1.0,train,test,train,train,test,train,test,train,train,train,0.30807236
5885,2021_Kelly,CC(=O)N1CCC[C@@H]1C(=O)N(C)[C@@H](CC(C)C)C(=O)N[C@@H]1C(=O)N[C@H](CC(C)C)C(=O)N(C)[C@@H](CC(C)C)C(=O)N(C)[C@H](CC(C)C)C(=O)N[C@@H](C)C(=O)N[C@H](CC(C)C)C(=O)N2CCC[C@H]2C(=O)O[C@@H]1C,L1_11.2.3.4.1.2,5885,-5.4,10,7,Lariat,0.143134,0.0913497,-31.1076,11.432,9.429,2.003,0.13133,0.075271,11.517,10.023,1.494,67,77,,train,0.2999999999999998,1,1.0,train,train,train,train,valid,train,test,train,train,train,0.26130962
5878,2021_Kelly,CC(=O)N1CCC[C@@H]1C(=O)N(C)[C@@H](CC(C)C)C(=O)N[C@@H]1C(=O)N[C@H](CC(C)C)C(=O)N[C@H](CC(C)C)C(=O)N(C)[C@H](CC(C)C)C(=O)N(C)[C@@H](C)C(=O)N[C@H](CC(C)C)C(=O)N2CCC[C@H]2C(=O)O[C@@H]1C,L1_11.2.2.4.3.2,5878,-5.78,10,7,Lariat,0.102144,0.0486668,-19.8802,10.891,9.706,1.185,0.204045,0.140413,10.643,9.322,1.321,2,96,,train,0.1099999999999998,1,1.0,train,train,train,train,train,train,test,train,train,train,0.16923568
5855,2021_Kelly,CC(=O)N1CCC[C@@H]1C(=O)N(C)[C@@H](CC(C)C)C(=O)N[C@@H]1C(=O)N[C@@H](CC(C)C)C(=O)N[C@H](CC(C)C)C(=O)N(C)[C@H](CC(C)C)C(=O)N(C)[C@@H](C)C(=O)N[C@H](CC(C)C)C(=O)N2CCC[C@H]2C(=O)O[C@@H]1C,L1_11.1.2.4.3.2,5855,-5.89,10,7,Lariat,0.161894,0.104274,-28.3747,11.582,9.765,1.817,0.124193,0.0634928,10.757,9.368,1.389,81,70,,train,0.0550000000000001,1,1.0,train,train,test,train,test,train,test,train,train,valid,-0.005054528
5837,2021_Kelly,CC(=O)N1CCC[C@H]1C(=O)N(C)[C@@H](CC(C)C)C(=O)N[C@@H]1C(=O)N(C)[C@H](CC(C)C)C(=O)N(C)[C@@H](CC(C)C)C(=O)N[C@@H](CC(C)C)C(=O)N(C)[C@H](C)C(=O)N[C@H](CC(C)C)C(=O)N2CCC[C@@H]2C(=O)O[C@@H]1C,L1_10.4.3.1.4.2,5837,-5.98,10,7,Lariat,0.27862,0.175688,-30.2541,12.032,10.186,1.846,0.248774,0.14541,11.725,9.954,1.771,35,92,,train,0.0099999999999997,1,1.0,train,train,train,train,train,train,test,train,valid,train,0.2838368
5828,2021_Kelly,CC(=O)N1CCC[C@H]1C(=O)N(C)[C@@H](CC(C)C)C(=O)N[C@@H]1C(=O)N(C)[C@H](CC(C)C)C(=O)N[C@@H](CC(C)C)C(=O)N(C)[C@H](CC(C)C)C(=O)N(C)[C@H](C)C(=O)N[C@H](CC(C)C)C(=O)N2CCC[C@@H]2C(=O)O[C@@H]1C,L1_10.4.1.4.4.2,5828,-5.9,10,7,Lariat,0.220439,0.148622,-31.8958,11.912,10.059,1.853,0.226562,0.145065,11.386,9.757,1.629,39,4,,train,0.0499999999999998,1,1.0,train,train,train,train,train,train,test,train,valid,train,0.12320001
5809,2021_Kelly,CC(=O)N1CCC[C@H]1C(=O)N(C)[C@@H](CC(C)C)C(=O)N[C@@H]1C(=O)N(C)[C@@H](CC(C)C)C(=O)N(C)[C@@H](CC(C)C)C(=O)N[C@@H](CC(C)C)C(=O)N[C@@H](C)C(=O)N[C@H](CC(C)C)C(=O)N2CCC[C@@H]2C(=O)O[C@@H]1C,L1_10.3.3.1.1.2,5809,-7.69,10,7,Lariat,0.194284,0.116029,-35.6073,12.01,9.931,2.079,0.133055,0.0732269,11.166,9.396,1.77,51,64,,train,-0.8450000000000002,0,0.0,train,train,train,train,valid,train,test,train,train,train,-0.36138818
5792,2021_Kelly,CC(=O)N1CCC[C@H]1C(=O)N(C)[C@@H](CC(C)C)C(=O)N[C@@H]1C(=O)N[C@H](CC(C)C)C(=O)N(C)[C@@H](CC(C)C)C(=O)N[C@@H](CC(C)C)C(=O)N(C)[C@H](C)C(=O)N[C@H](CC(C)C)C(=O)N2CCC[C@@H]2C(=O)O[C@@H]1C,L1_10.2.3.1.4.2,5792,-5.83,10,7,Lariat,0.151377,0.0834268,-31.0546,11.353,9.74,1.613,0.115672,0.0598807,10.377,8.949,1.428,33,37,,train,0.0849999999999999,1,1.0,train,train,train,train,train,train,test,train,train,train,0.3239058
5786,2021_Kelly,CC(=O)N1CCC[C@H]1C(=O)N(C)[C@@H](CC(C)C)C(=O)N[C@@H]1C(=O)N[C@H](CC(C)C)C(=O)N[C@H](CC(C)C)C(=O)N[C@H](CC(C)C)C(=O)N[C@@H](C)C(=O)N[C@H](CC(C)C)C(=O)N2CCC[C@@H]2C(=O)O[C@@H]1C,L1_10.2.2.2.1.2,5786,-9.0,10,7,Lariat,0.131987,0.0768486,-32.5714,11.216,9.313,1.903,0.159743,0.0922148,11.6,9.493,2.107,91,84,,train,-1.0,0,0.0,train,train,train,train,train,train,test,train,train,train,-0.5985709
5784,2021_Kelly,CC(=O)N1CCC[C@H]1C(=O)N(C)[C@@H](CC(C)C)C(=O)N[C@@H]1C(=O)N[C@H](CC(C)C)C(=O)N[C@@H](CC(C)C)C(=O)N(C)[C@H](CC(C)C)C(=O)N(C)[C@H](C)C(=O)N[C@H](CC(C)C)C(=O)N2CCC[C@@H]2C(=O)O[C@@H]1C,L1_10.2.1.4.4.2,5784,-5.85,10,7,Lariat,0.16498,0.0889496,-26.0563,11.215,9.474,1.741,0.105763,0.049275,11.027,9.405,1.622,20,72,,test,0.0750000000000001,1,1.0,test,train,train,train,valid,train,test,train,train,train,-0.018799989
5781,2021_Kelly,CC(=O)N1CCC[C@H]1C(=O)N(C)[C@@H](CC(C)C)C(=O)N[C@@H]1C(=O)N[C@H](CC(C)C)C(=O)N[C@@H](CC(C)C)C(=O)N(C)[C@@H](CC(C)C)C(=O)N(C)[C@@H](C)C(=O)N[C@H](CC(C)C)C(=O)N2CCC[C@@H]2C(=O)O[C@@H]1C,L1_10.2.1.3.3.2,5781,-6.65,10,7,Lariat,0.158443,0.0935114,-34.6818,11.763,9.764,1.999,0.153019,0.0794916,11.62,9.799,1.821,97,47,,train,-0.3250000000000002,0,0.0,train,train,train,train,train,valid,test,train,train,train,0.07230849
5772,2021_Kelly,CC(=O)N1CCC[C@H]1C(=O)N(C)[C@@H](CC(C)C)C(=O)N[C@@H]1C(=O)N[C@@H](CC(C)C)C(=O)N[C@H](CC(C)C)C(=O)N(C)[C@@H](CC(C)C)C(=O)N(C)[C@@H](C)C(=O)N[C@H](CC(C)C)C(=O)N2CCC[C@@H]2C(=O)O[C@@H]1C,L1_10.1.2.3.3.2,5772,-5.72,10,7,Lariat,0.208849,0.116699,-30.959,11.723,9.941,1.782,0.146255,0.0809378,11.875,9.97,1.905,3,49,,train,0.1400000000000001,1,1.0,train,train,valid,train,train,test,test,valid,train,test,0.0034248065
5758,2021_Kelly,CC(=O)N1CCC[C@H]1C(=O)N(C)[C@@H](CC(C)C)C(=O)N[C@@H]1C(=O)N(C)[C@H](CC(C)C)C(=O)N(C)[C@@H](CC(C)C)C(=O)N(C)[C@H](CC(C)C)C(=O)N[C@@H](C)C(=O)N[C@@H](CC(C)C)C(=O)N2CCC[C@H]2C(=O)O[C@@H]1C,L1_1.4.3.4.1.1,5758,-5.36,10,7,Lariat,0.194893,0.117625,-28.7512,11.571,9.855,1.716,0.156387,0.0905795,11.279,9.736,1.543,25,94,,train,0.3199999999999998,1,1.0,train,train,train,train,train,train,test,train,train,test,0.29697838
5753,2021_Kelly,CC(=O)N1CCC[C@H]1C(=O)N(C)[C@@H](CC(C)C)C(=O)N[C@@H]1C(=O)N(C)[C@H](CC(C)C)C(=O)N[C@H](CC(C)C)C(=O)N(C)[C@H](CC(C)C)C(=O)N[C@@H](C)C(=O)N[C@@H](CC(C)C)C(=O)N2CCC[C@H]2C(=O)O[C@@H]1C,L1_1.4.2.4.1.1,5753,-5.99,10,7,Lariat,0.142366,0.0822482,-18.8749,10.632,9.119,1.513,0.100578,0.0458643,9.977,8.71,1.267,90,34,,train,0.0049999999999998,1,1.0,train,test,train,train,train,train,test,train,valid,train,0.061005704
5750,2021_Kelly,CC(=O)N1CCC[C@H]1C(=O)N(C)[C@@H](CC(C)C)C(=O)N[C@@H]1C(=O)N(C)[C@H](CC(C)C)C(=O)N[C@H](CC(C)C)C(=O)N[C@H](CC(C)C)C(=O)N[C@H](C)C(=O)N[C@@H](CC(C)C)C(=O)N2CCC[C@H]2C(=O)O[C@@H]1C,L1_1.4.2.2.2.1,5750,-6.06,10,7,Lariat,0.213855,0.142648,-33.8701,11.211,9.265,1.946,0.159255,0.0935648,10.746,8.976,1.77,49,6,,val,-0.0299999999999998,0,0.0,valid,train,train,train,train,valid,test,train,train,train,-0.17584535
5740,2021_Kelly,CC(=O)N1CCC[C@H]1C(=O)N(C)[C@@H](CC(C)C)C(=O)N[C@@H]1C(=O)N(C)[C@@H](CC(C)C)C(=O)N(C)[C@H](CC(C)C)C(=O)N[C@H](CC(C)C)C(=O)N[C@H](C)C(=O)N[C@@H](CC(C)C)C(=O)N2CCC[C@H]2C(=O)O[C@@H]1C,L1_1.3.4.2.2.1,5740,-6.28,10,7,Lariat,0.192633,0.115983,-31.7797,11.487,9.509,1.978,0.151047,0.086748,11.007,9.335,1.672,79,100,,train,-0.1400000000000001,0,0.0,train,train,test,train,train,train,test,valid,train,train,-0.027485361
5739,2021_Kelly,CC(=O)N1CCC[C@H]1C(=O)N(C)[C@@H](CC(C)C)C(=O)N[C@@H]1C(=O)N(C)[C@@H](CC(C)C)C(=O)N(C)[C@H](CC(C)C)C(=O)N[C@@H](CC(C)C)C(=O)N[C@@H](C)C(=O)N[C@@H](CC(C)C)C(=O)N2CCC[C@H]2C(=O)O[C@@H]1C,L1_1.3.4.1.1.1,5739,-6.02,10,7,Lariat,0.150904,0.0923418,-25.7555,11.182,9.699,1.483,0.154507,0.0893276,11.117,9.464,1.653,19,76,,train,-0.0099999999999997,0,0.0,train,train,train,train,train,train,test,train,train,train,-0.055029064
5732,2021_Kelly,CC(=O)N1CCC[C@H]1C(=O)N(C)[C@@H](CC(C)C)C(=O)N[C@@H]1C(=O)N(C)[C@@H](CC(C)C)C(=O)N[C@H](CC(C)C)C(=O)N[C@@H](CC(C)C)C(=O)N[C@@H](C)C(=O)N[C@@H](CC(C)C)C(=O)N2CCC[C@H]2C(=O)O[C@@H]1C,L1_1.3.2.1.1.1,5732,-6.69,10,7,Lariat,0.208037,0.123184,-38.3471,11.942,9.752,2.19,0.155193,0.0857659,11.094,9.265,1.829,98,11,,train,-0.3450000000000002,0,0.0,train,train,train,train,train,train,test,train,train,test,-0.20989206
5723,2021_Kelly,CC(=O)N1CCC[C@H]1C(=O)N(C)[C@@H](CC(C)C)C(=O)N[C@@H]1C(=O)N(C)[C@@H](CC(C)C)C(=O)N[C@@H](CC(C)C)C(=O)N[C@@H](CC(C)C)C(=O)N(C)[C@@H](C)C(=O)N[C@@H](CC(C)C)C(=O)N2CCC[C@H]2C(=O)O[C@@H]1C,L1_1.3.1.1.3.1,5723,-6.68,10,7,Lariat,0.225987,0.147383,-32.7092,11.466,9.372,2.094,0.166668,0.0987134,11.704,9.947,1.757,100,78,,train,-0.3399999999999998,0,0.0,train,test,train,train,train,train,test,valid,test,train,-0.07329052
5722,2021_Kelly,CC(=O)N1CCC[C@H]1C(=O)N(C)[C@@H](CC(C)C)C(=O)N[C@@H]1C(=O)N[C@H](CC(C)C)C(=O)N(C)[C@H](CC(C)C)C(=O)N(C)[C@H](CC(C)C)C(=O)N(C)[C@@H](C)C(=O)N[C@@H](CC(C)C)C(=O)N2CCC[C@H]2C(=O)O[C@@H]1C,L1_1.2.4.4.3.1,5722,-5.6,10,7,Lariat,0.173578,0.105834,-31.9332,12.166,10.259,1.907,0.150769,0.0946586,11.892,9.981,1.911,9,57,,val,0.2000000000000001,1,1.0,valid,train,train,train,test,train,test,train,test,train,0.3034891
5718,2021_Kelly,CC(=O)N1CCC[C@H]1C(=O)N(C)[C@@H](CC(C)C)C(=O)N[C@@H]1C(=O)N[C@H](CC(C)C)C(=O)N(C)[C@@H](CC(C)C)C(=O)N(C)[C@H](CC(C)C)C(=O)N(C)[C@H](C)C(=O)N[C@@H](CC(C)C)C(=O)N2CCC[C@H]2C(=O)O[C@@H]1C,L1_1.2.3.4.4.1,5718,-5.4,10,7,Lariat,0.125912,0.061155,-39.0646,11.868,9.978,1.89,0.0861932,0.0486787,10.722,9.359,1.363,50,14,,train,0.2999999999999998,1,1.0,train,train,train,train,train,train,test,train,train,test,0.37286457
5707,2021_Kelly,CC(=O)N1CCC[C@H]1C(=O)N(C)[C@@H](CC(C)C)C(=O)N[C@@H]1C(=O)N[C@H](CC(C)C)C(=O)N[C@H](CC(C)C)C(=O)N(C)[C@@H](CC(C)C)C(=O)N(C)[C@H](C)C(=O)N[C@@H](CC(C)C)C(=O)N2CCC[C@H]2C(=O)O[C@@H]1C,L1_1.2.2.3.4.1,5707,-6.08,10,7,Lariat,0.18884,0.116268,-29.1145,12.164,10.109,2.055,0.160483,0.0996204,11.811,10.037,1.774,89,6,,train,-0.04,0,0.0,train,train,valid,train,train,test,test,train,train,train,0.199969
5690,2021_Kelly,CC(=O)N1CCC[C@H]1C(=O)N(C)[C@@H](CC(C)C)C(=O)N[C@@H]1C(=O)N[C@@H](CC(C)C)C(=O)N(C)[C@@H](CC(C)C)C(=O)N(C)[C@@H](CC(C)C)C(=O)N(C)[C@H](C)C(=O)N[C@@H](CC(C)C)C(=O)N2CCC[C@H]2C(=O)O[C@@H]1C,L1_1.1.3.3.4.1,5690,-6.06,10,7,Lariat,0.154682,0.0971096,-30.1142,12.032,10.166,1.866,0.151585,0.0911712,12.243,10.368,1.875,63,93,,train,-0.0299999999999998,0,0.0,train,train,test,train,train,train,test,train,valid,train,0.18642601
5683,2021_Kelly,CC(=O)N1CCC[C@H]1C(=O)N(C)[C@@H](CC(C)C)C(=O)N[C@@H]1C(=O)N[C@@H](CC(C)C)C(=O)N[C@H](CC(C)C)C(=O)N(C)[C@@H](CC(C)C)C(=O)N[C@@H](C)C(=O)N[C@@H](CC(C)C)C(=O)N2CCC[C@H]2C(=O)O[C@@H]1C,L1_1.1.2.3.1.1,5683,-5.99,10,7,Lariat,0.223384,0.138097,-38.1937,11.93,9.705,2.225,0.173254,0.103414,11.309,9.39,1.919,17,89,,train,0.0049999999999998,1,1.0,train,train,train,train,train,train,test,train,train,train,0.016779251
5674,2021_Kelly,CC(=O)N1CCC[C@H]1C(=O)N(C)[C@@H](CC(C)C)C(=O)N[C@@H]1C(=O)N[C@@H](CC(C)C)C(=O)N[C@@H](CC(C)C)C(=O)N[C@H](CC(C)C)C(=O)N(C)[C@H](C)C(=O)N[C@@H](CC(C)C)C(=O)N2CCC[C@H]2C(=O)O[C@@H]1C,L1_1.1.1.2.4.1,5674,-5.63,10,7,Lariat,0.158163,0.0926795,-44.876,11.913,9.911,2.002,0.214801,0.127474,11.802,10.018,1.784,27,88,,train,0.185,1,1.0,train,train,train,train,test,test,test,train,train,valid,-0.11655865
5672,2021_Kelly,CC(=O)N1CCC[C@H]1C(=O)N(C)[C@@H](CC(C)C)C(=O)N[C@@H]1C(=O)N[C@@H](CC(C)C)C(=O)N[C@@H](CC(C)C)C(=O)N[C@H](CC(C)C)C(=O)N[C@@H](C)C(=O)N[C@@H](CC(C)C)C(=O)N2CCC[C@H]2C(=O)O[C@@H]1C,L1_1.1.1.2.1.1,5672,-6.69,10,7,Lariat,0.135003,0.0757569,-29.1365,11.228,9.239,1.989,0.145469,0.0852844,11.36,9.38,1.98,61,48,,test,-0.3450000000000002,0,0.0,test,train,train,train,test,train,test,train,valid,test,-0.29046002
5589,2020_Townsend,CC(C)C[C@H]1C(=O)N2CCC[C@@H]2C(=O)N(Cc2ccccc2)CC(=O)N[C@@H](Cc2ccccc2)C(=O)N2CCC[C@H]2C(=O)N(C)[C@@H](C)C(=O)N(C)[C@H](CC(C)C)C(=O)N1C,hepta_2012,5589,-5.59,7,7,Circle,0.156367,0.049306,-24.7686,9.307,8.271,1.036,0.142938,0.0388726,9.299,8.273,1.026,11,74,,train,0.205,1,1.0,train,valid,valid,train,train,train,test,train,train,valid,0.16994357
5579,2020_Townsend,CC(C)C[C@H]1C(=O)N[C@@H](Cc2ccccc2)C(=O)N2CCC[C@H]2C(=O)N(C)[C@@H](C)C(=O)N(Cc2ccccc2)CC(=O)N[C@H](CC(C)C)C(=O)N2CCC[C@@H]2C(=O)N1C,hepta_2002,5579,-5.32,7,7,Circle,0.12801,0.0464981,-27.6921,9.054,7.841,1.213,0.118561,0.0485869,8.878,7.756,1.122,70,14,,train,0.3399999999999998,1,1.0,train,train,train,train,train,train,test,train,train,train,0.21806589
5576,2020_Townsend,CC(C)C[C@H]1C(=O)N2CCC[C@@H]2C(=O)N[C@H](CC(C)C)C(=O)N[C@@H](Cc2ccccc2)C(=O)N2CCC[C@H]2C(=O)N(C)[C@@H](C)C(=O)N(Cc2ccccc2)CC(=O)N1C,hepta_1999,5576,-10.0,7,7,Circle,0.164124,0.0388506,-35.0756,9.253,8.071,1.182,0.143722,0.0449244,9.152,8.012,1.14,57,51,,train,-1.0,0,0.0,train,test,valid,valid,valid,test,test,test,train,test,-0.21883766
5561,2020_Townsend,CC(C)C[C@@H]1NC(=O)[C@H](CC(C)C)N(C)C(=O)[C@H](C)N(C)C(=O)[C@@H]2CCCN2C(=O)[C@H](Cc2ccccc2)NC(=O)[C@@H](CC(C)C)N(C)C(=O)[C@H]2CCCN2C1=O,hepta_1984,5561,-5.51,7,7,Circle,0.109592,0.0455136,-28.6648,9.15,7.901,1.249,0.119725,0.0444664,8.943,7.904,1.039,94,65,,train,0.2450000000000001,1,1.0,train,train,test,train,train,valid,test,train,train,train,0.27674255
5557,2020_Townsend,CC(C)C[C@@H]1NC(=O)[C@H]2CCCN2C(=O)[C@H](CC(C)C)N(C)C(=O)[C@@H](CC(C)C)N(C)C(=O)[C@H](C)N(C)C(=O)[C@@H]2CCCN2C(=O)[C@H](Cc2ccccc2)NC1=O,hepta_1980,5557,-10.0,7,7,Circle,0.109653,0.0452458,-29.3592,9.081,7.958,1.123,0.126292,0.0385913,8.954,7.686,1.268,34,21,-7.08,test,-1.0,0,0.0,train,valid,train,valid,train,train,test,train,valid,train,-0.03755238
5554,2020_Townsend,CC(C)C[C@H]1C(=O)N[C@H](CC(C)C)C(=O)N2CCC[C@@H]2C(=O)N(C)[C@H](CC(C)C)C(=O)N[C@@H](Cc2ccccc2)C(=O)N2CCC[C@H]2C(=O)N(C)[C@@H](C)C(=O)N1C,hepta_1977,5554,-5.81,7,7,Circle,0.111937,0.0459602,-23.2237,8.927,7.714,1.213,0.123377,0.0504966,9.065,8.008,1.057,44,49,,train,0.0950000000000002,1,1.0,train,train,train,train,train,train,test,train,train,test,0.100980006
5535,2020_Townsend,CC(C)C[C@@H]1NC(=O)[C@@H](C)NC(=O)[C@@H]2CCCN2C(=O)[C@H](Cc2ccccc2)NC(=O)CN(Cc2ccccc2)C(=O)[C@H]2CCCN2C(=O)[C@H](CC(C)C)N(C)C1=O,hepta_1958,5535,-6.3,7,7,Circle,0.182745,0.0641151,-31.1041,9.173,7.952,1.221,0.184118,0.0564817,8.986,7.773,1.213,78,21,,train,-0.1499999999999999,0,0.0,train,train,train,test,train,train,test,train,train,train,-0.1893262
5523,2020_Townsend,CC(C)C[C@@H]1NC(=O)[C@@H](C)NC(=O)[C@@H]2CCCN2C(=O)[C@H](Cc2ccccc2)NC(=O)[C@@H](CC(C)C)N(C)C(=O)[C@H]2CCCN2C(=O)[C@H](CC(C)C)N(C)C1=O,hepta_1946,5523,-10.0,7,7,Circle,0.161101,0.0525043,-22.1387,8.91,7.695,1.215,0.133342,0.0379003,8.917,7.8,1.117,16,25,,train,-1.0,0,0.0,train,train,train,train,test,train,test,valid,train,train,-0.04574229
5508,2020_Townsend,CC(C)C[C@H]1C(=O)N[C@@H](Cc2ccccc2)CC(=O)N2CCC[C@H]2C(=O)N(C)[C@H](CC(C)C)C(=O)N[C@@H](Cc2ccccc2)C(=O)N2CCC[C@H]2C(=O)N[C@@H](C)C(=O)N1C,hepta_1931,5508,-6.2,7,7,Circle,0.11865,0.0473273,-34.6625,9.465,8.223,1.242,0.206167,0.0864781,9.224,7.927,1.297,48,78,,val,-0.1,0,0.0,valid,valid,train,train,train,train,test,valid,train,train,0.2186728
5501,2020_Townsend,CC(C)C[C@H]1C(=O)N[C@@H](Cc2ccccc2)C(=O)N2CCC[C@H]2C(=O)N[C@@H](C)C(=O)N(C)[C@H](CC(C)C)C(=O)N(Cc2ccccc2)CC(=O)N2CCC[C@H]2C(=O)N1C,hepta_1924,5501,-5.8,7,7,Circle,0.15865,0.065934,-41.6839,9.317,8.177,1.14,0.138008,0.0435976,8.799,7.65,1.149,87,40,,train,0.1,1,1.0,train,train,test,test,train,train,test,train,valid,valid,0.03334032
5498,2020_Townsend,CC(C)C[C@@H]1NC(=O)[C@@H]2CCCN2C(=O)C[C@H](Cc2ccccc2)NC(=O)[C@@H](CC(C)C)N(C)C(=O)[C@H](C)NC(=O)[C@@H]2CCCN2C(=O)[C@H](Cc2ccccc2)NC1=O,hepta_1921,5498,-6.31,7,7,Circle,0.137617,0.0389027,-31.2669,8.935,7.568,1.367,0.169719,0.0543483,8.901,7.649,1.252,48,69,,train,-0.1549999999999998,0,0.0,train,train,train,train,train,train,test,train,train,train,-0.14062145
5479,2020_Townsend,CC(C)C[C@H]1NC(=O)[C@@H](CC(C)C)N(C)C(=O)[C@H](C)NC(=O)[C@@H]2CCCN2C(=O)[C@H](Cc2ccccc2)NC(=O)CN(Cc2ccccc2)C(=O)[C@@H]2CCCN2C1=O,hepta_1902,5479,-6.03,7,7,Circle,0.18244,0.0702085,-32.8264,9.279,8.021,1.258,0.15673,0.0486378,9.167,7.746,1.421,94,52,,test,-0.0150000000000001,0,0.0,test,train,valid,train,train,train,test,test,train,train,0.1315291
5475,2020_Townsend,CC(C)C[C@H]1C(=O)N(C)[C@H](CC(C)C)C(=O)N2CCC[C@H]2C(=O)N(C)[C@H](CC(C)C)C(=O)N[C@@H](Cc2ccccc2)C(=O)N2CCC[C@H]2C(=O)N[C@@H](C)C(=O)N1C,hepta_1898,5475,-5.36,7,7,Circle,0.149741,0.0413338,-35.2755,9.18,7.953,1.227,0.150848,0.0502015,9.152,8.053,1.099,33,23,,train,0.3199999999999998,1,1.0,train,train,train,train,train,train,test,train,train,train,0.26767433
5473,2020_Townsend,CC(C)C[C@@H]1NC(=O)[C@H](C)NC(=O)[C@@H]2CCCN2C(=O)[C@H](Cc2ccccc2)NC(=O)CN(Cc2ccccc2)C(=O)[C@@H]2CCCN2C(=O)[C@H](CC(C)C)NC1=O,hepta_1896,5473,-5.6,7,7,Circle,0.127134,0.0540628,-39.8925,8.875,7.366,1.509,0.120168,0.0330862,8.527,7.226,1.301,65,19,,val,0.2000000000000001,1,1.0,valid,train,train,train,train,train,test,test,train,train,-0.15274844
5446,2020_Townsend,CC(C)C[C@@H]1NC(=O)[C@@H]2CCCN2C(=O)[C@H](CC(C)C)N(C)C(=O)[C@@H](CC(C)C)NC(=O)[C@H](C)NC(=O)[C@@H]2CCCN2C(=O)[C@H](Cc2ccccc2)NC1=O,hepta_1869,5446,-5.83,7,7,Circle,0.142591,0.0487643,-29.7619,8.897,7.462,1.435,0.146589,0.036191,8.732,7.463,1.269,66,7,,train,0.0849999999999999,1,1.0,train,train,train,train,train,valid,test,train,train,train,-0.53855485
5445,2020_Townsend,CC(C)C[C@@H]1NC(=O)[C@H](C)NC(=O)[C@@H]2CCCN2C(=O)[C@H](Cc2ccccc2)NC(=O)[C@H](CC(C)C)N(C)C(=O)[C@@H]2CCCN2C(=O)[C@@H](CC(C)C)NC1=O,hepta_1868,5445,-6.26,7,7,Circle,0.154506,0.0565061,-37.4263,9.305,8.039,1.266,0.156513,0.0512197,8.599,7.466,1.133,77,97,,test,-0.1299999999999999,0,0.0,test,train,train,train,train,train,test,train,test,train,-0.0018835496
5439,2020_Townsend,CC(C)C[C@@H]1NC(=O)[C@@H]2CCCN2C(=O)[C@@H](CC(C)C)NC(=O)[C@@H](CC(C)C)N(C)C(=O)[C@H](C)NC(=O)[C@@H]2CCCN2C(=O)[C@H](Cc2ccccc2)NC1=O,hepta_1862,5439,-5.92,7,7,Circle,0.183967,0.0925509,-27.6833,8.828,7.599,1.229,0.153196,0.0487254,8.764,7.503,1.261,11,66,,train,0.04,1,1.0,train,test,train,train,train,train,test,train,train,train,-0.014642047
5434,2020_Townsend,CC(C)C[C@H]1NC(=O)[C@@H]2CCCN2C(=O)[C@@H](CC(C)C)NC(=O)[C@@H](CC(C)C)N(C)C(=O)[C@H](C)NC(=O)[C@@H]2CCCN2C(=O)[C@H](Cc2ccccc2)NC1=O,hepta_1857,5434,-6.18,7,7,Circle,0.209581,0.0922076,-30.2619,9.178,7.774,1.404,0.119584,0.0447822,8.54,7.404,1.136,34,94,,val,-0.0899999999999998,0,0.0,valid,test,train,train,train,train,test,train,train,test,-0.07565878
5420,2020_Townsend,CC(C)C[C@H]1C(=O)N[C@@H](Cc2ccccc2)CC(=O)N2CCC[C@@H]2C(=O)N(C)[C@H](CC(C)C)C(=O)N[C@@H](Cc2ccccc2)C(=O)N2CCC[C@H]2C(=O)N[C@@H](Cc2ccccc2)CC(=O)N1C,hepta_1843,5420,-5.73,7,7,Circle,0.23723,0.0814479,-24.6032,9.58,8.403,1.177,0.153861,0.049791,9.963,9.028,0.935,9,79,,train,0.1349999999999998,1,1.0,train,train,train,train,valid,test,test,train,test,train,0.10751392
5418,2020_Townsend,CC(C)C[C@@H]1NC(=O)C[C@H](Cc2ccccc2)NC(=O)[C@@H]2CCCN2C(=O)[C@H](Cc2ccccc2)NC(=O)CN(Cc2ccccc2)C(=O)[C@H]2CCCN2C(=O)CN(Cc2ccccc2)C1=O,hepta_1841,5418,-5.87,7,7,Circle,0.190229,0.0525032,-39.6376,9.761,8.472,1.289,0.166502,0.0387167,10.253,9.18,1.073,3,96,,test,0.0649999999999999,1,1.0,test,train,train,train,test,train,test,train,valid,train,-0.05694045
5409,2020_Townsend,CC(C)C[C@H]1NC(=O)C[C@H](Cc2ccccc2)NC(=O)[C@@H]2CCCN2C(=O)[C@H](Cc2ccccc2)NC(=O)[C@@H](CC(C)C)N(C)C(=O)[C@H]2CCCN2C(=O)C[C@H](Cc2ccccc2)NC1=O,hepta_1832,5409,-5.61,7,7,Circle,0.190081,0.0449424,-20.5684,9.716,8.626,1.09,0.172957,0.0450226,9.898,8.868,1.03,53,91,,train,0.1949999999999998,1,1.0,train,valid,train,train,train,train,test,train,valid,train,0.06785679
5405,2020_Townsend,CC(C)C[C@H]1C(=O)N(C)[C@@H](CC(C)C)C(=O)N2CCC[C@@H]2C(=O)N(C)[C@@H](CC(C)C)C(=O)N[C@@H](Cc2ccccc2)C(=O)N2CCC[C@H]2C(=O)N[C@@H](Cc2ccccc2)CC(=O)N1C,hepta_1828,5405,-5.5,7,7,Circle,0.18467,0.0636002,-26.6398,9.929,8.866,1.063,0.182736,0.07384,10.113,9.137,0.976,17,40,,train,0.25,1,1.0,train,train,train,test,test,train,test,train,train,train,0.33133277
5391,2020_Townsend,CC(C)C[C@H]1NC(=O)CN(Cc2ccccc2)C(=O)C[C@H](Cc2ccccc2)NC(=O)[C@@H]2CCCN2C(=O)[C@H](Cc2ccccc2)NC(=O)[C@@H](CC(C)C)N(C)C(=O)[C@H]2CCCN2C1=O,hepta_1814,5391,-5.45,7,7,Circle,0.158155,0.0526148,-30.0265,9.62,8.283,1.337,0.169099,0.0494769,9.761,8.582,1.179,77,27,,test,0.2749999999999999,1,1.0,test,train,valid,train,train,train,test,train,train,train,0.11941336
5378,2020_Townsend,CC(C)C[C@@H]1NC(=O)[C@H](CC(C)C)N(C)C(=O)C[C@H](Cc2ccccc2)NC(=O)[C@@H]2CCCN2C(=O)[C@H](Cc2ccccc2)NC(=O)[C@@H](CC(C)C)N(C)C(=O)[C@H]2CCCN2C1=O,hepta_1801,5378,-5.56,7,7,Circle,0.199876,0.0634684,-30.7893,10.654,9.408,1.246,0.194046,0.0459315,9.871,8.613,1.258,16,43,,train,0.2200000000000002,1,1.0,train,train,train,train,train,train,test,test,valid,train,0.26513976
5373,2020_Townsend,CC(C)C[C@H]1C(=O)N2CCC[C@@H]2C(=O)N[C@H](CC(C)C)C(=O)N[C@@H](Cc2ccccc2)C(=O)N2CCC[C@H]2C(=O)N[C@@H](Cc2ccccc2)CC(=O)N(C)[C@H](CC(C)C)C(=O)N1C,hepta_1796,5373,-5.65,7,7,Circle,0.18924,0.0663994,-24.6385,9.841,8.761,1.08,0.142105,0.0427478,9.76,8.802,0.958,3,12,,train,0.1749999999999998,1,1.0,train,train,train,valid,train,train,test,train,train,test,0.19861892
5352,2020_Townsend,CC(C)C[C@@H]1NC(=O)[C@H]2CCCN2C(=O)[C@@H](CC(C)C)NC(=O)[C@@H](CC(C)C)NC(=O)C[C@H](Cc2ccccc2)NC(=O)[C@@H]2CCCN2C(=O)[C@H](Cc2ccccc2)NC1=O,hepta_1775,5352,-5.76,7,7,Circle,0.180577,0.0510506,-33.4353,9.396,8.102,1.294,0.179186,0.0675208,9.48,8.084,1.396,38,63,,train,0.1200000000000001,1,1.0,train,train,train,train,train,test,test,train,train,train,-0.3149139
5340,2020_Townsend,CCCN1CC(=O)N(C)[C@H](CC(C)C)C(=O)N[C@@H](Cc2ccccc2)CC(=O)N2CCC[C@H]2C(=O)N(C)[C@@H](CC(C)C)C(=O)N[C@@H](Cc2ccccc2)C(=O)N2CCC[C@H]2C1=O,hepta_1763,5340,-5.33,7,7,Circle,0.146467,0.0465911,-22.321,9.283,8.031,1.252,0.159055,0.0553901,9.634,8.512,1.122,74,36,,train,0.3349999999999999,1,1.0,train,train,train,train,train,train,test,train,valid,train,0.2572254
5335,2020_Townsend,CCCN1CC(=O)N(Cc2ccccc2)CC(=O)N(C)[C@@H](CC(C)C)C(=O)N2CCC[C@H]2C(=O)N(C)[C@@H](CC(C)C)C(=O)N[C@@H](Cc2ccccc2)C(=O)N2CCC[C@H]2C1=O,hepta_1758,5335,-5.21,7,7,Circle,0.138117,0.0393377,-40.1023,9.054,8.109,0.945,0.166201,0.0707914,8.851,7.828,1.023,26,48,,train,0.395,1,1.0,train,train,train,train,train,train,test,train,train,train,0.29840413
5325,2020_Townsend,CCCN1CC(=O)N[C@H](CC(C)C)C(=O)N[C@@H](Cc2ccccc2)CC(=O)N2CCC[C@H]2C(=O)N(C)[C@H](CC(C)C)C(=O)N[C@@H](Cc2ccccc2)C(=O)N2CCC[C@H]2C1=O,hepta_1748,5325,-5.77,7,7,Circle,0.101728,0.0439615,-35.0648,9.364,8.11,1.254,0.146105,0.0458824,9.737,8.496,1.241,52,93,,train,0.1150000000000002,1,1.0,train,train,train,train,train,train,test,train,train,train,0.23903759
5315,2020_Townsend,CCCN1CC(=O)N(C)[C@H](CC(C)C)C(=O)N(Cc2ccccc2)CC(=O)N2CCC[C@H]2C(=O)N[C@@H](CC(C)C)C(=O)N[C@@H](Cc2ccccc2)C(=O)N2CCC[C@H]2C1=O,hepta_1738,5315,-5.9,7,7,Circle,0.169277,0.0646136,-27.8102,8.81,7.587,1.223,0.136981,0.039117,8.727,7.565,1.162,35,33,,train,0.0499999999999998,1,1.0,train,train,valid,train,train,train,test,train,train,train,-0.35272732
5313,2020_Townsend,CCCN1CC(=O)N[C@H](CC(C)C)C(=O)N[C@@H](Cc2ccccc2)CC(=O)N2CCC[C@H]2C(=O)N[C@@H](CC(C)C)C(=O)N[C@@H](Cc2ccccc2)C(=O)N2CCC[C@H]2C1=O,hepta_1736,5313,-6.22,7,7,Circle,0.153902,0.0467148,-29.4768,9.522,8.217,1.305,0.157872,0.059214,9.456,8.241,1.215,40,63,,train,-0.1099999999999998,0,0.0,train,test,train,train,train,test,test,train,train,train,-0.039653435
5305,2020_Townsend,CCCN1CC(=O)N(C)[C@H](CC(C)C)C(=O)N(C)[C@H](CC(C)C)C(=O)N2CCC[C@H]2C(=O)N(C)[C@H](CC(C)C)C(=O)N[C@@H](Cc2ccccc2)C(=O)N2CCC[C@H]2C1=O,hepta_1728,5305,-5.42,7,7,Circle,0.11346,0.0449232,-15.74,9.313,8.245,1.068,0.115565,0.0398104,9.257,8.189,1.068,83,19,,train,0.29,1,1.0,train,train,train,test,train,train,test,train,train,train,0.38919288
5290,2020_Townsend,CCCN1CC(=O)N[C@@H](CC(C)C)C(=O)N(C)[C@H](CC(C)C)C(=O)N2CCC[C@H]2C(=O)N(C)[C@H](CC(C)C)C(=O)N[C@@H](Cc2ccccc2)C(=O)N2CCC[C@H]2C1=O,hepta_1713,5290,-4.91,7,7,Circle,0.113782,0.0582233,-29.068,9.406,8.122,1.284,0.123522,0.0392242,9.222,8.154,1.068,26,95,,train,0.5449999999999999,1,1.0,train,train,valid,train,valid,valid,test,train,train,train,0.38461676
5288,2020_Townsend,CCCN1CC(=O)N(C)[C@H](CC(C)C)C(=O)N[C@H](CC(C)C)C(=O)N2CCC[C@H]2C(=O)N(C)[C@@H](CC(C)C)C(=O)N[C@@H](Cc2ccccc2)C(=O)N2CCC[C@H]2C1=O,hepta_1711,5288,-4.96,7,7,Circle,0.144356,0.0491572,-19.0092,9.223,8.177,1.046,0.140923,0.0408512,9.18,8.125,1.055,41,75,,train,0.52,1,1.0,train,train,train,train,test,train,test,test,train,train,0.3504934
5281,2020_Townsend,CCCN1CC(=O)N[C@H](CC(C)C)C(=O)N(C)[C@H](CC(C)C)C(=O)N2CCC[C@H]2C(=O)N(C)[C@H](CC(C)C)C(=O)N[C@@H](Cc2ccccc2)C(=O)N2CCC[C@H]2C1=O,hepta_1704,5281,-5.23,7,7,Circle,0.140041,0.0492687,-19.3587,9.129,8.012,1.117,0.125786,0.0369356,9.209,8.092,1.117,7,100,,val,0.3849999999999998,1,1.0,valid,train,train,test,train,train,test,train,train,train,0.32640436
5277,2020_Townsend,CCCN1CC(=O)N[C@@H](CC(C)C)C(=O)N[C@H](CC(C)C)C(=O)N2CCC[C@H]2C(=O)N(C)[C@@H](CC(C)C)C(=O)N[C@@H](Cc2ccccc2)C(=O)N2CCC[C@H]2C1=O,hepta_1700,5277,-5.24,7,7,Circle,0.215061,0.0862776,-32.3423,9.58,8.251,1.329,0.114201,0.0413934,9.135,8.018,1.117,6,94,,train,0.3799999999999999,1,1.0,train,train,train,train,train,train,test,train,train,train,0.22124991
5263,2020_Townsend,CCCN1CC(=O)N[C@H](CC(C)C)C(=O)N[C@@H](CC(C)C)C(=O)N2CCC[C@H]2C(=O)N[C@@H](CC(C)C)C(=O)N[C@@H](Cc2ccccc2)C(=O)N2CCC[C@H]2C1=O,hepta_1686,5263,-6.4,7,7,Circle,0.173715,0.0650163,-41.0555,9.247,7.807,1.44,0.141679,0.0364522,8.515,7.29,1.225,45,86,,train,-0.2000000000000001,0,0.0,train,train,train,train,train,valid,test,train,train,train,-0.10640717
5257,2020_Townsend,CC(C)C[C@@H]1C(=O)N[C@@H](Cc2ccccc2)C(=O)N2CCC[C@H]2C(=O)N[C@@H](Cc2ccccc2)CC(=O)N(Cc2ccccc2)CC(=O)N[C@@H](Cc2ccccc2)CC(=O)N2CCC[C@H]2C(=O)N1C,hepta_1680,5257,-6.18,7,7,Circle,0.194648,0.0580452,-34.4172,10.273,9.048,1.225,0.195682,0.0671828,10.298,9.247,1.051,34,18,,train,-0.0899999999999998,0,0.0,train,train,train,train,train,train,test,train,valid,train,-0.13248947
5243,2020_Townsend,CC(C)C[C@H]1C(=O)N[C@@H](Cc2ccccc2)C(=O)N2CCC[C@H]2C(=O)N[C@@H](Cc2ccccc2)CC(=O)N[C@H](CC(C)C)C(=O)N[C@@H](Cc2ccccc2)CC(=O)N2CCC[C@H]2C(=O)N1C,hepta_1666,5243,-5.75,7,7,Circle,0.151814,0.0411184,-25.933,9.012,7.804,1.208,0.168611,0.0457602,9.283,8.027,1.256,72,66,,train,0.125,1,1.0,train,train,train,train,valid,train,test,train,train,train,0.052136317
5238,2020_Townsend,CC(C)C[C@@H]1NC(=O)C[C@H](Cc2ccccc2)NC(=O)[C@@H]2CCCN2C(=O)[C@H](Cc2ccccc2)NC(=O)[C@H](CC(C)C)N(C)C(=O)[C@@H]2CCCN2C(=O)CN(Cc2ccccc2)C1=O,hepta_1661,5238,-5.64,7,7,Circle,0.173838,0.0496953,-29.8299,9.645,8.491,1.154,0.1683,0.0445598,9.419,8.414,1.005,100,49,,train,0.1800000000000001,1,1.0,train,test,valid,train,train,train,test,train,train,train,0.14777371
5222,2020_Townsend,CC(C)C[C@H]1C(=O)N(C)[C@H](CC(C)C)C(=O)N2CCC[C@H]2C(=O)N(C)[C@H](CC(C)C)C(=O)N[C@@H](Cc2ccccc2)C(=O)N2CCC[C@H]2C(=O)N[C@@H](Cc2ccccc2)CC(=O)N1C,hepta_1645,5222,-5.25,7,7,Circle,0.137687,0.0439615,-24.0491,9.899,8.736,1.163,0.171703,0.0719757,10.014,8.918,1.096,50,37,,train,0.375,1,1.0,train,train,train,train,train,train,test,train,train,train,0.34041676
5177,2020_Townsend,CC(C)C[C@@H]1NC(=O)[C@@H](CC(C)C)NC(=O)C[C@H](Cc2ccccc2)NC(=O)[C@@H]2CCCN2C(=O)[C@H](Cc2ccccc2)NC(=O)[C@@H](CC(C)C)NC(=O)[C@@H]2CCCN2C1=O,hepta_1600,5177,-5.81,7,7,Circle,0.179083,0.062732,-29.2286,9.386,8.163,1.223,0.150744,0.0335571,9.17,8.065,1.105,52,87,,val,0.0950000000000002,1,1.0,valid,train,test,train,valid,train,test,train,valid,train,0.054347686
5156,2020_Townsend,CCCN1CC(=O)N(Cc2ccccc2)CC(=O)N(C)[C@H](CC(C)C)C(=O)N2CCC[C@@H]2C(=O)N(C)[C@@H](CC(C)C)C(=O)N[C@@H](Cc2ccccc2)C(=O)N2CCC[C@@H]2C1=O,hepta_1579,5156,-5.73,7,7,Circle,0.169535,0.0593166,-21.9264,9.446,8.373,1.073,0.150841,0.0424792,9.428,8.377,1.051,43,67,,train,0.1349999999999998,1,1.0,train,train,train,train,train,train,test,train,valid,train,0.38607815
5145,2020_Townsend,CCCN1CC(=O)N[C@@H](CC(C)C)C(=O)N[C@@H](Cc2ccccc2)CC(=O)N2CCC[C@@H]2C(=O)N[C@@H](CC(C)C)C(=O)N[C@@H](Cc2ccccc2)C(=O)N2CCC[C@@H]2C1=O,hepta_1568,5145,-6.24,7,7,Circle,0.15278,0.0498244,-34.5858,9.499,8.216,1.283,0.22704,0.081514,9.241,8.089,1.152,41,85,,train,-0.1200000000000001,0,0.0,train,train,valid,train,train,train,test,train,train,test,-0.08478298
5140,2020_Townsend,CCCN1CC(=O)N[C@H](CC(C)C)C(=O)N(C)[C@@H](CC(C)C)C(=O)N2CCC[C@@H]2C(=O)N(Cc2ccccc2)CC(=O)N[C@@H](Cc2ccccc2)C(=O)N2CCC[C@@H]2C1=O,hepta_1563,5140,-5.68,7,7,Circle,0.149447,0.0705604,-35.4178,9.295,8.015,1.28,0.126686,0.0402089,8.874,7.9,0.974,12,70,,train,0.1600000000000001,1,1.0,train,train,train,train,train,train,test,train,train,test,0.2585966
5126,2020_Townsend,CCCN1CC(=O)N[C@@H](CC(C)C)C(=O)N[C@@H](CC(C)C)C(=O)N2CCC[C@@H]2C(=O)N(Cc2ccccc2)CC(=O)N[C@@H](Cc2ccccc2)C(=O)N2CCC[C@@H]2C1=O,hepta_1549,5126,-5.75,7,7,Circle,0.216045,0.0788831,-31.5386,9.484,8.236,1.248,0.22303,0.104421,9.14,7.964,1.176,11,43,,train,0.125,1,1.0,train,train,test,train,train,train,test,train,train,test,0.24449998
5118,2020_Townsend,CCCN1CC(=O)N[C@@H](CC(C)C)C(=O)N(C)[C@H](CC(C)C)C(=O)N2CCC[C@@H]2C(=O)N(C)[C@@H](CC(C)C)C(=O)N[C@@H](Cc2ccccc2)C(=O)N2CCC[C@@H]2C1=O,hepta_1541,5118,-5.72,7,7,Circle,0.135793,0.0541057,-28.322,9.417,8.379,1.038,0.121445,0.0362336,9.078,8.129,0.949,99,98,,train,0.1400000000000001,1,1.0,train,train,train,valid,train,train,test,train,train,train,0.4866043
5114,2020_Townsend,CCCN1CC(=O)N(C)[C@@H](CC(C)C)C(=O)N[C@H](CC(C)C)C(=O)N2CCC[C@@H]2C(=O)N(C)[C@@H](CC(C)C)C(=O)N[C@@H](Cc2ccccc2)C(=O)N2CCC[C@@H]2C1=O,hepta_1537,5114,-5.16,7,7,Circle,0.16975,0.0481571,-36.9503,9.879,8.667,1.212,0.172862,0.0706439,9.291,8.355,0.936,74,67,,train,0.4199999999999999,1,1.0,train,test,train,train,train,train,test,train,train,train,0.48005572
5110,2020_Townsend,CCCN1CC(=O)N[C@@H](CC(C)C)C(=O)N(C)[C@H](CC(C)C)C(=O)N2CCC[C@@H]2C(=O)N(C)[C@H](CC(C)C)C(=O)N[C@@H](Cc2ccccc2)C(=O)N2CCC[C@@H]2C1=O,hepta_1533,5110,-5.5,7,7,Circle,0.188884,0.0846221,-36.0163,9.475,8.284,1.191,0.139898,0.0407166,9.083,7.852,1.231,61,28,,train,0.25,1,1.0,train,train,train,train,valid,train,test,train,train,valid,0.3773262
5096,2020_Townsend,CCCN1CC(=O)N[C@H](CC(C)C)C(=O)N(C)[C@@H](CC(C)C)C(=O)N2CCC[C@@H]2C(=O)N[C@@H](CC(C)C)C(=O)N[C@@H](Cc2ccccc2)C(=O)N2CCC[C@@H]2C1=O,hepta_1519,5096,-5.82,7,7,Circle,0.158625,0.0679409,-28.4541,9.246,8.13,1.116,0.131832,0.0441758,9.583,8.298,1.285,85,68,,train,0.0899999999999998,1,1.0,train,train,valid,train,valid,valid,test,train,train,test,0.27354455
5075,2020_Townsend,CC(C)C[C@@H]1NC(=O)[C@H]2CCCN2C(=O)C[C@H](Cc2ccccc2)NC(=O)CN(Cc2ccccc2)C(=O)C[C@H](Cc2ccccc2)NC(=O)[C@H]2CCCN2C(=O)[C@H](Cc2ccccc2)NC1=O,hepta_1498,5075,-6.1,7,7,Circle,0.183599,0.077568,-39.5847,10.306,8.902,1.404,0.223534,0.0662236,10.331,9.054,1.277,5,31,,val,-0.0499999999999998,0,0.0,valid,train,train,train,train,valid,test,train,train,train,-0.33239648
5068,2020_Townsend,CC(C)C[C@H]1C(=O)N(Cc2ccccc2)CC(=O)N2CCC[C@@H]2C(=O)N(C)[C@@H](CC(C)C)C(=O)N[C@@H](Cc2ccccc2)C(=O)N2CCC[C@@H]2C(=O)N[C@@H](Cc2ccccc2)CC(=O)N1C,hepta_1491,5068,-5.37,7,7,Circle,0.217241,0.0756445,-28.8812,9.897,8.739,1.158,0.180547,0.0615264,9.868,8.759,1.109,90,39,,train,0.3149999999999999,1,1.0,train,test,train,train,test,train,test,train,valid,train,0.24489382
5064,2020_Townsend,CC(C)C[C@@H]1NC(=O)C[C@H](Cc2ccccc2)NC(=O)[C@H]2CCCN2C(=O)[C@H](Cc2ccccc2)NC(=O)[C@@H](CC(C)C)N(C)C(=O)[C@H]2CCCN2C(=O)C[C@H](Cc2ccccc2)NC1=O,hepta_1487,5064,-5.88,7,7,Circle,0.177369,0.0593679,-24.3416,9.611,8.34,1.271,0.13598,0.0408182,9.937,8.752,1.185,13,86,,train,0.06,1,1.0,train,train,train,train,train,train,test,train,train,train,0.06722614
5054,2020_Townsend,CC(C)C[C@@H]1NC(=O)CN(Cc2ccccc2)C(=O)C[C@H](Cc2ccccc2)NC(=O)[C@H]2CCCN2C(=O)[C@H](Cc2ccccc2)NC(=O)[C@@H](CC(C)C)N(C)C(=O)[C@H]2CCCN2C1=O,hepta_1477,5054,-5.38,7,7,Circle,0.194889,0.0733727,-30.1518,9.785,8.663,1.122,0.169478,0.0509165,9.835,8.738,1.097,48,17,,train,0.31,1,1.0,train,train,train,train,train,train,test,train,test,test,0.11248099
5019,2020_Townsend,CC(C)C[C@@H]1NC(=O)[C@@H](CC(C)C)NC(=O)C[C@H](Cc2ccccc2)NC(=O)[C@H]2CCCN2C(=O)[C@H](Cc2ccccc2)NC(=O)[C@H](CC(C)C)N(C)C(=O)[C@H]2CCCN2C1=O,hepta_1442,5019,-5.37,7,7,Circle,0.141311,0.0408034,-27.5142,10.055,8.77,1.285,0.182112,0.05918,9.66,8.56,1.1,73,5,,train,0.3149999999999999,1,1.0,train,train,train,train,train,train,test,train,train,train,0.22050938
5013,2020_Townsend,CC(C)C[C@H]1C(=O)N2CCC[C@@H]2C(=O)N[C@H](CC(C)C)C(=O)N[C@@H](Cc2ccccc2)C(=O)N2CCC[C@@H]2C(=O)N[C@@H](Cc2ccccc2)CC(=O)N[C@H](CC(C)C)C(=O)N1C,hepta_1436,5013,-5.69,7,7,Circle,0.169091,0.0516055,-31.765,10.035,8.631,1.404,0.165935,0.0520412,9.612,8.423,1.189,81,88,,train,0.1549999999999998,1,1.0,train,test,test,train,train,train,test,valid,train,train,0.15809014
4995,2020_Townsend,CC(C)C[C@H]1C(=O)N[C@@H](Cc2ccccc2)C(=O)N2CCC[C@@H]2C(=O)N[C@@H](Cc2ccccc2)CC(=O)N(Cc2ccccc2)CC(=O)N[C@@H](Cc2ccccc2)CC(=O)N2CCC[C@H]2C(=O)N1C,hepta_1418,4995,-5.77,7,7,Circle,0.167524,0.0418544,-29.1737,9.946,8.822,1.124,0.205743,0.0735158,9.956,8.857,1.099,86,92,,train,0.1150000000000002,1,1.0,train,train,train,train,train,train,test,train,train,train,0.07035155
4979,2020_Townsend,CC(C)C[C@H]1NC(=O)C[C@H](Cc2ccccc2)NC(=O)[C@H]2CCCN2C(=O)[C@H](Cc2ccccc2)NC(=O)CN(Cc2ccccc2)C(=O)[C@@H]2CCCN2C(=O)CN(Cc2ccccc2)C1=O,hepta_1402,4979,-5.85,7,7,Circle,0.191288,0.0605161,-37.6961,9.817,8.451,1.366,0.132103,0.0369859,9.488,8.403,1.085,19,38,,train,0.0750000000000001,1,1.0,train,test,train,valid,train,train,test,train,train,train,-0.067941874
4956,2020_Townsend,CC(C)C[C@H]1NC(=O)[C@@H]2CCCN2C(=O)CN(Cc2ccccc2)C(=O)[C@@H](CC(C)C)N(C)C(=O)C[C@H](Cc2ccccc2)NC(=O)[C@H]2CCCN2C(=O)[C@H](Cc2ccccc2)NC1=O,hepta_1379,4956,-5.58,7,7,Circle,0.320547,0.157307,-28.5482,9.252,8.071,1.181,0.229333,0.0806426,9.526,8.376,1.15,53,14,,train,0.2099999999999999,1,1.0,train,train,train,valid,train,train,test,train,train,train,0.08833746
4953,2020_Townsend,CC(C)C[C@H]1NC(=O)C[C@H](Cc2ccccc2)NC(=O)[C@H]2CCCN2C(=O)[C@H](Cc2ccccc2)NC(=O)[C@@H](CC(C)C)NC(=O)[C@@H]2CCCN2C(=O)C[C@H](Cc2ccccc2)NC1=O,hepta_1376,4953,-5.83,7,7,Circle,0.215716,0.0647524,-34.6838,10.185,8.912,1.273,0.244883,0.0946566,9.597,8.475,1.122,34,21,,train,0.0849999999999999,1,1.0,train,train,train,valid,train,train,test,train,train,train,-0.001486076
4951,2020_Townsend,CC(C)C[C@H]1C(=O)N(C)[C@H](CC(C)C)C(=O)N2CCC[C@H]2C(=O)N(C)[C@H](CC(C)C)C(=O)N[C@@H](Cc2ccccc2)C(=O)N2CCC[C@@H]2C(=O)N[C@@H](Cc2ccccc2)CC(=O)N1C,hepta_1374,4951,-5.52,7,7,Circle,0.157693,0.0555336,-17.561,9.551,8.418,1.133,0.139134,0.04602,9.697,8.523,1.174,98,76,,train,0.2400000000000002,1,1.0,train,train,train,train,test,train,test,train,train,test,0.40212667
4945,2020_Townsend,CC(C)C[C@@H]1NC(=O)[C@H](CC(C)C)N(C)C(=O)C[C@H](Cc2ccccc2)NC(=O)[C@H]2CCCN2C(=O)[C@H](Cc2ccccc2)NC(=O)[C@H](CC(C)C)N(C)C(=O)[C@@H]2CCCN2C1=O,hepta_1368,4945,-5.17,7,7,Circle,0.167909,0.0571793,-23.8401,9.704,8.416,1.288,0.176442,0.0413974,9.565,8.4,1.165,25,10,,train,0.415,1,1.0,train,train,train,train,test,train,test,test,train,train,0.2744374
4928,2020_Townsend,CC(C)C[C@H]1C(=O)N[C@@H](Cc2ccccc2)C(=O)N2CCC[C@@H]2C(=O)N[C@@H](Cc2ccccc2)CC(=O)N(C)[C@H](CC(C)C)C(=O)N[C@H](CC(C)C)C(=O)N2CCC[C@H]2C(=O)N1C,hepta_1351,4928,-5.44,7,7,Circle,0.207317,0.067182,-38.517,10.062,8.788,1.274,0.175474,0.0508227,9.639,8.396,1.243,9,64,,train,0.2799999999999998,1,1.0,train,train,train,train,train,train,test,train,train,train,0.29076022
4924,2020_Townsend,CC(C)C[C@@H]1NC(=O)[C@@H]2CCCN2C(=O)[C@H](CC(C)C)N(C)C(=O)[C@H](CC(C)C)NC(=O)C[C@H](Cc2ccccc2)NC(=O)[C@H]2CCCN2C(=O)[C@H](Cc2ccccc2)NC1=O,hepta_1347,4924,-5.45,7,7,Circle,0.148315,0.0526497,-24.6058,9.623,8.549,1.074,0.164156,0.0419818,9.615,8.559,1.056,73,81,,train,0.2749999999999999,1,1.0,train,train,train,train,train,train,test,test,valid,train,0.054192804
4921,2020_Townsend,CC(C)C[C@@H]1NC(=O)[C@H](CC(C)C)N(C)C(=O)C[C@H](Cc2ccccc2)NC(=O)[C@H]2CCCN2C(=O)[C@H](Cc2ccccc2)NC(=O)[C@@H](CC(C)C)NC(=O)[C@@H]2CCCN2C1=O,hepta_1344,4921,-5.33,7,7,Circle,0.184225,0.0692949,-30.1081,10.151,8.717,1.434,0.137216,0.0397432,9.88,8.444,1.436,71,32,,train,0.3349999999999999,1,1.0,train,train,valid,train,train,train,test,train,train,train,0.082403
4908,2020_Townsend,CC(C)C[C@H]1NC(=O)[C@@H]2CCCN2C(=O)[C@@H](CC(C)C)NC(=O)[C@@H](CC(C)C)N(C)C(=O)C[C@H](Cc2ccccc2)NC(=O)[C@H]2CCCN2C(=O)[C@H](Cc2ccccc2)NC1=O,hepta_1331,4908,-5.5,7,7,Circle,0.204588,0.0735474,-35.0587,10.143,8.81,1.333,0.154742,0.0519793,9.385,8.432,0.953,59,13,,train,0.25,1,1.0,train,train,train,train,train,train,test,train,train,train,0.2150887
4903,2020_Townsend,CC(C)C[C@@H]1NC(=O)C[C@H](Cc2ccccc2)NC(=O)[C@H]2CCCN2C(=O)[C@H](Cc2ccccc2)NC(=O)[C@@H](CC(C)C)NC(=O)[C@@H]2CCCN2C(=O)[C@H](CC(C)C)NC1=O,hepta_1326,4903,-5.94,7,7,Circle,0.189685,0.0661291,-32.7869,9.869,8.468,1.401,0.15538,0.060361,9.46,8.232,1.228,44,83,,train,0.0299999999999998,1,1.0,train,train,train,valid,train,train,test,train,train,train,-0.10768048
4884,2020_Townsend,CC(C)C[C@@H]1NC(=O)[C@H]2CCCN2C(=O)C[C@H](Cc2ccccc2)NC(=O)[C@H](CC(C)C)N(C)C(=O)[C@@H](C)N(C)C(=O)[C@@H]2CCCN2C(=O)[C@H](Cc2ccccc2)NC1=O,hepta_1307,4884,-6.36,7,7,Circle,0.207676,0.0799206,-37.0999,9.228,7.916,1.312,0.1627,0.049995,9.311,8.035,1.276,16,55,,val,-0.1800000000000001,0,0.0,valid,train,train,train,train,train,test,train,test,train,-0.91619194
4881,2020_Townsend,CC(C)C[C@H]1C(=O)N[C@@H](Cc2ccccc2)C(=O)N2CCC[C@H]2C(=O)N(C)[C@H](C)C(=O)N(C)[C@H](CC(C)C)C(=O)N(Cc2ccccc2)CC(=O)N2CCC[C@@H]2C(=O)N1C,hepta_1304,4881,-5.25,7,7,Circle,0.105418,0.0364337,-28.7662,8.981,7.82,1.161,0.148556,0.0549394,9.152,8.118,1.034,53,33,,train,0.375,1,1.0,train,train,test,test,test,train,test,train,train,valid,-0.28310633
4877,2020_Townsend,CC(C)C[C@H]1NC(=O)[C@@H](C)N(C)C(=O)[C@@H]2CCCN2C(=O)[C@H](Cc2ccccc2)NC(=O)[C@@H](CC(C)C)N(C)C(=O)[C@H]2CCCN2C(=O)C[C@H](Cc2ccccc2)NC1=O,hepta_1300,4877,-6.18,7,7,Circle,0.13092,0.0401957,-27.7528,9.205,7.864,1.341,0.152933,0.04619,9.719,8.57,1.149,42,100,,train,-0.0899999999999998,0,0.0,train,train,train,train,train,train,test,train,train,train,0.12237007
4839,2020_Townsend,CC(C)C[C@H]1C(=O)N2CCC[C@@H]2C(=O)N(C)[C@H](CC(C)C)C(=O)N[C@@H](Cc2ccccc2)C(=O)N2CCC[C@H]2C(=O)N(C)[C@H](C)C(=O)N[C@H](CC(C)C)C(=O)N1C,hepta_1262,4839,-5.18,7,7,Circle,0.126038,0.0520791,-33.2468,9.263,7.907,1.356,0.140724,0.0468741,9.118,8.062,1.056,76,23,,train,0.4100000000000001,1,1.0,train,test,train,train,train,train,test,train,train,train,0.35047296
4838,2020_Townsend,CC(C)C[C@H]1C(=O)N[C@H](CC(C)C)C(=O)N2CCC[C@@H]2C(=O)N(C)[C@H](CC(C)C)C(=O)N[C@@H](Cc2ccccc2)C(=O)N2CCC[C@H]2C(=O)N(C)[C@H](C)C(=O)N1C,hepta_1261,4838,-5.07,7,7,Circle,0.110123,0.0454571,-22.4255,8.968,7.82,1.148,0.124605,0.0456462,9.043,7.955,1.088,24,31,,train,0.4649999999999998,1,1.0,train,train,train,train,test,train,test,train,train,train,0.21972188
4828,2020_Townsend,CC(C)C[C@@H]1NC(=O)[C@@H](C)N(C)C(=O)[C@@H]2CCCN2C(=O)[C@H](Cc2ccccc2)NC(=O)[C@@H](CC(C)C)N(C)C(=O)[C@H]2CCCN2C(=O)[C@H](CC(C)C)NC1=O,hepta_1251,4828,-5.91,7,7,Circle,0.155066,0.0602407,-26.4426,9.141,7.887,1.254,0.168435,0.0628904,8.981,7.827,1.154,35,53,,train,0.0449999999999999,1,1.0,train,train,train,train,train,valid,test,test,train,train,0.16646047
4811,2020_Townsend,CC(C)C[C@H]1C(=O)N[C@@H](Cc2ccccc2)C(=O)N2CCC[C@H]2C(=O)N(C)[C@H](C)C(=O)N(Cc2ccccc2)CC(=O)N[C@@H](Cc2ccccc2)CC(=O)N2CCC[C@H]2C(=O)N1C,hepta_1234,4811,-5.82,7,7,Circle,0.198181,0.0782721,-51.3308,9.231,7.928,1.303,0.154163,0.0547657,9.654,8.5,1.154,12,7,,train,0.0899999999999998,1,1.0,train,train,train,valid,valid,valid,test,train,valid,train,0.1122652
4802,2020_Townsend,CC(C)C[C@H]1NC(=O)[C@@H]2CCCN2C(=O)C[C@H](Cc2ccccc2)NC(=O)CN(Cc2ccccc2)C(=O)[C@@H](C)N(C)C(=O)[C@@H]2CCCN2C(=O)[C@H](Cc2ccccc2)NC1=O,hepta_1225,4802,-6.81,7,7,Circle,0.119772,0.0380878,-35.0016,8.622,7.336,1.286,0.176623,0.0428606,8.733,7.593,1.14,12,24,,train,-0.4049999999999998,0,0.0,train,train,train,train,train,train,test,train,train,train,-0.31568882
4798,2020_Townsend,CC(C)C[C@H]1C(=O)N2CCC[C@H]2C(=O)N(C)[C@@H](CC(C)C)C(=O)N[C@@H](Cc2ccccc2)C(=O)N2CCC[C@H]2C(=O)N(C)[C@H](C)C(=O)N(Cc2ccccc2)CC(=O)N1C,hepta_1221,4798,-5.45,7,7,Circle,0.142833,0.0554058,-37.2546,9.027,7.888,1.139,0.121008,0.042234,8.828,7.84,0.988,60,4,,train,0.2749999999999999,1,1.0,train,train,train,train,train,valid,test,train,train,train,0.22922003
4793,2020_Townsend,CC(C)C[C@H]1NC(=O)[C@@H](C)N(C)C(=O)[C@@H]2CCCN2C(=O)[C@H](Cc2ccccc2)NC(=O)CN(Cc2ccccc2)C(=O)[C@@H]2CCCN2C(=O)CN(Cc2ccccc2)C1=O,hepta_1216,4793,-6.9,7,7,Circle,0.183847,0.0631655,-30.2086,9.119,8.015,1.104,0.200423,0.0760078,9.421,8.237,1.184,65,23,,test,-0.4500000000000002,0,0.0,test,train,train,train,train,train,test,train,train,train,-0.17030272
4787,2020_Townsend,CC(C)C[C@H]1NC(=O)[C@@H](C)N(C)C(=O)[C@@H]2CCCN2C(=O)[C@H](Cc2ccccc2)NC(=O)[C@@H](CC(C)C)N(C)C(=O)[C@@H]2CCCN2C(=O)C[C@H](Cc2ccccc2)NC1=O,hepta_1210,4787,-5.94,7,7,Circle,0.263081,0.0981678,-26.5861,9.079,7.901,1.178,0.118684,0.036781,9.042,7.847,1.195,7,18,,train,0.0299999999999998,1,1.0,train,train,train,train,train,train,test,train,train,train,0.12490686
4784,2020_Townsend,CC(C)C[C@@H]1NC(=O)[C@H](CC(C)C)N(C)C(=O)[C@@H](C)N(C)C(=O)[C@@H]2CCCN2C(=O)[C@H](Cc2ccccc2)NC(=O)CN(Cc2ccccc2)C(=O)[C@@H]2CCCN2C1=O,hepta_1207,4784,-5.66,7,7,Circle,0.140484,0.0387262,-25.6106,8.929,7.655,1.274,0.147274,0.0443171,9.0,7.94,1.06,98,60,,train,0.1699999999999999,1,1.0,train,train,train,train,train,train,test,train,train,train,0.19317076
4776,2020_Townsend,CC(C)C[C@@H]1NC(=O)[C@@H]2CCCN2C(=O)CN(Cc2ccccc2)C(=O)[C@@H](CC(C)C)N(C)C(=O)[C@@H](C)N(C)C(=O)[C@@H]2CCCN2C(=O)[C@H](Cc2ccccc2)NC1=O,hepta_1199,4776,-6.71,7,7,Circle,0.139907,0.0463367,-31.9068,9.276,8.048,1.228,0.141842,0.038785,9.052,7.772,1.28,28,54,,test,-0.355,0,0.0,test,train,test,train,train,valid,test,test,train,test,-0.17041561
4774,2020_Townsend,CC(C)C[C@H]1C(=O)N[C@@H](Cc2ccccc2)C(=O)N2CCC[C@H]2C(=O)N(C)[C@H](C)C(=O)N(C)[C@H](CC(C)C)C(=O)N(C)[C@@H](CC(C)C)C(=O)N2CCC[C@H]2C(=O)N1C,hepta_1197,4774,-5.36,7,7,Circle,0.103178,0.0358126,-32.6695,9.633,8.579,1.054,0.127504,0.0410805,9.285,8.171,1.114,68,95,,train,0.3199999999999998,1,1.0,train,test,train,train,train,valid,test,valid,train,train,0.27750403
4769,2020_Townsend,CC(C)C[C@H]1NC(=O)[C@@H](C)N(C)C(=O)[C@@H]2CCCN2C(=O)[C@H](Cc2ccccc2)NC(=O)CN(Cc2ccccc2)C(=O)[C@@H]2CCCN2C(=O)[C@@H](CC(C)C)N(C)C1=O,hepta_1192,4769,-5.36,7,7,Circle,0.146557,0.0434572,-26.7302,9.664,8.469,1.195,0.183706,0.0513188,9.419,8.161,1.258,46,91,,train,0.3199999999999998,1,1.0,train,train,train,train,valid,train,test,train,train,train,0.18617846
4768,2020_Townsend,CC(C)C[C@H]1NC(=O)[C@@H](C)N(C)C(=O)[C@@H]2CCCN2C(=O)[C@H](Cc2ccccc2)NC(=O)[C@@H](CC(C)C)N(C)C(=O)[C@@H]2CCCN2C(=O)CN(Cc2ccccc2)C1=O,hepta_1191,4768,-6.02,7,7,Circle,0.147234,0.0635159,-29.0488,9.331,8.177,1.154,0.134452,0.057554,9.184,8.046,1.138,72,30,,train,-0.0099999999999997,0,0.0,train,train,valid,train,test,train,test,train,train,train,-0.07529755
4765,2020_Townsend,CC(C)C[C@H]1C(=O)N(C)[C@H](CC(C)C)C(=O)N2CCC[C@H]2C(=O)N(C)[C@H](CC(C)C)C(=O)N[C@@H](Cc2ccccc2)C(=O)N2CCC[C@H]2C(=O)N(C)[C@H](C)C(=O)N1C,hepta_1188,4765,-5.46,7,7,Circle,0.099694,0.0406201,-23.6166,9.288,8.186,1.102,0.11373,0.0357982,9.01,8.214,0.796,71,35,,train,0.27,1,1.0,train,train,test,train,train,train,test,valid,train,train,0.36163917
4764,2020_Townsend,CC(C)C[C@H]1C(=O)N2CCC[C@H]2C(=O)N(C)[C@H](CC(C)C)C(=O)N[C@@H](Cc2ccccc2)C(=O)N2CCC[C@H]2C(=O)N(C)[C@H](C)C(=O)N(C)[C@H](CC(C)C)C(=O)N1C,hepta_1187,4764,-5.83,7,7,Circle,0.13935,0.0384763,-27.0629,9.469,8.361,1.108,0.13599,0.0344246,9.312,8.36,0.952,26,18,,train,0.0849999999999999,1,1.0,train,train,test,train,train,train,test,train,valid,train,0.21823375
4761,2020_Townsend,CC(C)C[C@@H]1NC(=O)[C@@H](C)N(C)C(=O)[C@@H]2CCCN2C(=O)[C@H](Cc2ccccc2)NC(=O)CN(Cc2ccccc2)C(=O)[C@@H]2CCCN2C(=O)[C@H](CC(C)C)NC1=O,hepta_1184,4761,-6.32,7,7,Circle,0.204569,0.0911782,-28.8556,9.049,7.92,1.129,0.117408,0.0353415,8.413,7.557,0.856,43,23,,train,-0.1600000000000001,0,0.0,train,train,train,train,train,train,test,train,train,train,0.07344085
4705,2020_Townsend,CC(C)C[C@H]1C(=O)N2CCC[C@H]2C(=O)N(C)[C@@H](CC(C)C)C(=O)N[C@@H](Cc2ccccc2)C(=O)N2CCC[C@H]2C(=O)N(C)[C@@H](C)C(=O)N(Cc2ccccc2)CC(=O)N1C,hepta_1128,4705,-5.42,7,7,Circle,0.127423,0.0440233,-34.2147,9.444,8.336,1.108,0.115765,0.0410963,8.824,7.735,1.089,23,97,,val,0.29,1,1.0,valid,valid,train,train,train,train,test,train,train,train,0.22550726
4701,2020_Townsend,CC(C)C[C@H]1C(=O)N2CCC[C@H]2C(=O)N(Cc2ccccc2)CC(=O)N[C@@H](Cc2ccccc2)C(=O)N2CCC[C@H]2C(=O)N(C)[C@@H](C)C(=O)N(C)[C@H](CC(C)C)C(=O)N1C,hepta_1124,4701,-5.81,7,7,Circle,0.247541,0.133652,-34.6813,9.497,8.343,1.154,0.152412,0.0408128,9.341,8.187,1.154,29,65,,val,0.0950000000000002,1,1.0,valid,train,test,train,train,train,test,train,test,train,0.19841231
4689,2020_Townsend,CC(C)C[C@@H]1NC(=O)[C@@H](CC(C)C)N(C)C(=O)[C@H](C)N(C)C(=O)[C@@H]2CCCN2C(=O)[C@H](Cc2ccccc2)NC(=O)CN(Cc2ccccc2)C(=O)[C@@H]2CCCN2C1=O,hepta_1112,4689,-5.81,7,7,Circle,0.162139,0.0552052,-25.9612,9.497,8.342,1.155,0.158284,0.0470895,9.009,7.977,1.032,54,47,,train,0.0950000000000002,1,1.0,train,test,train,train,train,train,test,train,test,train,0.01766415
4688,2020_Townsend,CC(C)C[C@H]1C(=O)N2CCC[C@H]2C(=O)N(Cc2ccccc2)CC(=O)N[C@@H](Cc2ccccc2)C(=O)N2CCC[C@H]2C(=O)N(C)[C@@H](C)C(=O)N[C@H](CC(C)C)C(=O)N1C,hepta_1111,4688,-5.88,7,7,Circle,0.138584,0.048126,-33.6484,9.526,8.316,1.21,0.147518,0.0498218,9.186,7.959,1.227,44,38,,train,0.06,1,1.0,train,train,train,train,valid,train,test,train,valid,train,0.20275375
4685,2020_Townsend,CC(C)C[C@H]1C(=O)N[C@@H](Cc2ccccc2)C(=O)N2CCC[C@H]2C(=O)N(C)[C@@H](C)C(=O)N[C@H](CC(C)C)C(=O)N(Cc2ccccc2)CC(=O)N2CCC[C@H]2C(=O)N1C,hepta_1108,4685,-6.09,7,7,Circle,0.145074,0.0667722,-36.9101,9.234,7.917,1.317,0.117007,0.0414837,9.065,7.921,1.144,55,78,,test,-0.0449999999999999,0,0.0,test,test,train,train,train,train,test,train,train,train,0.15362522
4676,2020_Townsend,CC(C)C[C@H]1NC(=O)[C@H](C)N(C)C(=O)[C@@H]2CCCN2C(=O)[C@H](Cc2ccccc2)NC(=O)[C@@H](CC(C)C)N(C)C(=O)[C@@H]2CCCN2C(=O)CN(Cc2ccccc2)C1=O,hepta_1099,4676,-6.25,7,7,Circle,0.128282,0.0430634,-36.2628,9.517,8.373,1.144,0.149602,0.0658387,9.11,8.151,0.959,63,22,,train,-0.125,0,0.0,train,train,train,train,train,valid,test,train,train,train,0.012533978
4674,2020_Townsend,CC(C)C[C@H]1NC(=O)[C@H](C)N(C)C(=O)[C@@H]2CCCN2C(=O)[C@H](Cc2ccccc2)NC(=O)[C@@H](CC(C)C)NC(=O)[C@@H]2CCCN2C(=O)C[C@H](Cc2ccccc2)NC1=O,hepta_1097,4674,-6.65,7,7,Circle,0.141321,0.0457002,-29.0252,9.147,7.753,1.394,0.145147,0.0431705,8.178,7.095,1.083,97,34,,train,-0.3250000000000002,0,0.0,train,train,train,train,train,valid,test,train,train,train,-0.663204
4644,2020_Townsend,CC(C)C[C@@H]1NC(=O)[C@H](C)N(C)C(=O)[C@@H]2CCCN2C(=O)[C@H](Cc2ccccc2)NC(=O)[C@@H](CC(C)C)N(C)C(=O)[C@@H]2CCCN2C(=O)[C@H](CC(C)C)NC1=O,hepta_1067,4644,-5.91,7,7,Circle,0.123802,0.0511826,-31.1925,8.87,7.517,1.353,0.159519,0.0686318,8.919,7.738,1.181,41,20,,train,0.0449999999999999,1,1.0,train,train,train,test,train,train,test,train,train,train,0.1410635
4631,2020_Townsend,CC(C)C[C@@H]1NC(=O)[C@H](C)N(C)C(=O)[C@@H]2CCCN2C(=O)[C@H](Cc2ccccc2)NC(=O)[C@@H](CC(C)C)NC(=O)[C@@H]2CCCN2C(=O)[C@H](CC(C)C)NC1=O,hepta_1054,4631,-4.0,7,7,Circle,0.124598,0.0613533,-37.6244,9.127,7.664,1.463,0.137955,0.0546751,8.495,7.209,1.286,100,50,,val,1.0,1,1.0,valid,test,valid,train,train,train,test,train,valid,train,-0.42073137
4604,2020_Townsend,CC(C)C[C@H]1C(=O)N(Cc2ccccc2)CC(=O)N2CCC[C@@H]2C(=O)N[C@H](CC(C)C)C(=O)N[C@@H](Cc2ccccc2)C(=O)N2CCC[C@H]2C(=O)N[C@@H](C)C(=O)N1C,hepta_1027,4604,-10.0,7,7,Circle,0.12472,0.05275,-31.9536,9.262,8.014,1.248,0.156565,0.0483679,9.077,7.712,1.365,24,21,,train,-1.0,0,0.0,train,train,test,valid,train,train,test,train,valid,train,-0.41453242
4596,2020_Townsend,CC(C)C[C@@H]1C(=O)N(C)[C@H](CC(C)C)C(=O)N2CCC[C@@H]2C(=O)N(C)[C@H](CC(C)C)C(=O)N[C@@H](Cc2ccccc2)C(=O)N2CCC[C@H]2C(=O)N[C@@H](C)C(=O)N1C,hepta_1019,4596,-10.0,7,7,Circle,0.131984,0.0427838,-30.7982,8.809,7.663,1.146,0.128331,0.0467427,8.866,7.669,1.197,44,85,,train,-1.0,0,0.0,train,valid,train,valid,valid,test,test,valid,train,train,0.115737356
4587,2020_Townsend,CC(C)C[C@@H]1NC(=O)[C@@H](CC(C)C)N(C)C(=O)[C@H](C)NC(=O)[C@@H]2CCCN2C(=O)[C@H](Cc2ccccc2)NC(=O)[C@H](CC(C)C)N(C)C(=O)[C@H]2CCCN2C1=O,hepta_1010,4587,-6.3,7,7,Circle,0.151181,0.0480371,-29.9346,9.042,7.826,1.216,0.127957,0.0473722,8.872,7.662,1.21,68,87,,train,-0.1499999999999999,0,0.0,train,train,train,train,train,train,test,train,train,train,0.26424202
4580,2020_Townsend,CC(C)C[C@@H]1NC(=O)[C@H](C)NC(=O)[C@@H]2CCCN2C(=O)[C@H](Cc2ccccc2)NC(=O)[C@@H](CC(C)C)N(C)C(=O)[C@H]2CCCN2C(=O)[C@@H](CC(C)C)N(C)C1=O,hepta_1003,4580,-10.0,7,7,Circle,0.221163,0.126789,-23.7928,8.855,7.716,1.139,0.140722,0.039428,8.692,7.661,1.031,41,65,,train,-1.0,0,0.0,train,train,train,train,valid,test,test,train,train,train,-0.06778588
4566,2020_Townsend,CC(C)C[C@@H]1NC(=O)[C@H]2CCCN2C(=O)[C@@H](CC(C)C)N(C)C(=O)[C@@H](CC(C)C)NC(=O)[C@H](C)NC(=O)[C@@H]2CCCN2C(=O)[C@H](Cc2ccccc2)NC1=O,hepta_989,4566,-10.0,7,7,Circle,0.180548,0.0874376,-34.3906,9.108,7.811,1.297,0.144915,0.0350852,8.762,7.778,0.984,27,54,,val,-1.0,0,0.0,valid,train,train,train,train,train,test,train,train,train,-0.6146499
4561,2020_Townsend,CC(C)C[C@@H]1NC(=O)[C@H]2CCCN2C(=O)[C@@H](CC(C)C)NC(=O)[C@@H](CC(C)C)NC(=O)[C@H](C)NC(=O)[C@@H]2CCCN2C(=O)[C@H](Cc2ccccc2)NC1=O,hepta_984,4561,-6.59,7,7,Circle,0.132357,0.06057,-25.3497,8.426,7.107,1.319,0.136309,0.0409898,8.703,7.477,1.226,42,4,,test,-0.2949999999999999,0,0.0,test,train,test,train,train,test,test,train,train,train,-0.9774252
4556,2020_Townsend,CC(C)C[C@@H]1NC(=O)[C@@H]2CCCN2C(=O)C[C@H](Cc2ccccc2)NC(=O)CN(Cc2ccccc2)C(=O)[C@@H](C)NC(=O)[C@@H]2CCCN2C(=O)[C@H](Cc2ccccc2)NC1=O,hepta_979,4556,-6.18,7,7,Circle,0.133292,0.0534849,-36.3596,8.829,7.494,1.335,0.170572,0.0551419,8.589,7.316,1.273,4,14,,train,-0.0899999999999998,0,0.0,train,train,train,train,train,test,test,train,train,train,-0.5240526
4517,2020_Townsend,CC(C)C[C@@H]1NC(=O)[C@@H](C)NC(=O)[C@@H]2CCCN2C(=O)[C@H](Cc2ccccc2)NC(=O)[C@H](CC(C)C)N(C)C(=O)[C@@H]2CCCN2C(=O)[C@H](CC(C)C)N(C)C1=O,hepta_940,4517,-5.83,7,7,Circle,0.134621,0.0452216,-33.4565,8.82,7.66,1.16,0.135455,0.0449634,9.05,8.03,1.02,68,25,,train,0.0849999999999999,1,1.0,train,train,train,train,valid,train,test,train,train,train,-0.058962815
4516,2020_Townsend,CC(C)C[C@@H]1NC(=O)[C@@H](C)NC(=O)[C@@H]2CCCN2C(=O)[C@H](Cc2ccccc2)NC(=O)CN(Cc2ccccc2)C(=O)[C@@H]2CCCN2C(=O)[C@@H](CC(C)C)NC1=O,hepta_939,4516,-7.3,7,7,Circle,0.17816,0.051474,-25.0274,8.577,7.441,1.136,0.151987,0.0434947,8.634,7.527,1.107,83,87,,train,-0.6499999999999999,0,0.0,train,valid,valid,train,train,train,test,train,train,train,0.0013162829
4515,2020_Townsend,CC(C)C[C@@H]1NC(=O)[C@@H](C)NC(=O)[C@@H]2CCCN2C(=O)[C@H](Cc2ccccc2)NC(=O)[C@@H](CC(C)C)NC(=O)[C@@H]2CCCN2C(=O)CN(Cc2ccccc2)C1=O,hepta_938,4515,-6.12,7,7,Circle,0.179553,0.0592518,-43.4768,9.286,7.942,1.344,0.11891,0.0382046,8.379,7.183,1.196,14,28,,train,-0.06,0,0.0,train,train,train,train,train,test,test,valid,test,train,-0.22379392
4511,2020_Townsend,CC(C)C[C@@H]1NC(=O)[C@@H]2CCCN2C(=O)[C@@H](CC(C)C)N(C)C(=O)[C@H](CC(C)C)N(C)C(=O)[C@@H](C)NC(=O)[C@@H]2CCCN2C(=O)[C@H](Cc2ccccc2)NC1=O,hepta_934,4511,-5.86,7,7,Circle,0.12448,0.0475451,-31.5111,9.004,7.778,1.226,0.143599,0.0453991,9.172,7.96,1.212,77,52,,train,0.0699999999999998,1,1.0,train,train,train,train,train,train,test,train,train,train,0.14847912
4502,2020_Townsend,CC(C)C[C@@H]1NC(=O)[C@@H](C)NC(=O)[C@@H]2CCCN2C(=O)[C@H](Cc2ccccc2)NC(=O)[C@@H](CC(C)C)N(C)C(=O)[C@@H]2CCCN2C(=O)[C@@H](CC(C)C)N(C)C1=O,hepta_925,4502,-5.68,7,7,Circle,0.137131,0.0423973,-30.2151,9.035,7.895,1.14,0.162848,0.0637819,8.948,7.798,1.15,55,70,,train,0.1600000000000001,1,1.0,train,train,train,train,test,train,test,train,train,train,0.07547229
4486,2020_Townsend,CC(C)C[C@H]1C(=O)N[C@@H](Cc2ccccc2)C(=O)N2CCC[C@H]2C(=O)N[C@H](C)C(=O)N[C@H](CC(C)C)C(=O)N[C@H](CC(C)C)C(=O)N2CCC[C@H]2C(=O)N1C,hepta_909,4486,-10.0,7,7,Circle,0.148216,0.0560856,-32.4912,8.835,7.853,0.982,0.123689,0.0430706,8.829,7.683,1.146,40,41,,val,-1.0,0,0.0,valid,train,test,valid,test,valid,test,train,train,train,-0.31320527
4475,2020_Townsend,CCCN1CC(=O)N(Cc2ccccc2)CC(=O)N(Cc2ccccc2)CC(=O)N2CCC[C@@H]2C(=O)N(C)[C@@H](CC(C)C)C(=O)N[C@@H](Cc2ccccc2)C(=O)N2CCC[C@H]2C1=O,hepta_898,4475,-6.59,7,7,Circle,0.186877,0.064377,-35.6452,9.664,8.414,1.25,0.143738,0.0392881,8.94,7.767,1.173,13,74,,train,-0.2949999999999999,0,0.0,train,train,train,train,test,train,test,train,train,train,-0.3032175
4459,2020_Townsend,CCCN1CC(=O)N(C)[C@H](CC(C)C)C(=O)N[C@@H](Cc2ccccc2)CC(=O)N2CCC[C@@H]2C(=O)N[C@H](CC(C)C)C(=O)N[C@@H](Cc2ccccc2)C(=O)N2CCC[C@H]2C1=O,hepta_882,4459,-6.73,7,7,Circle,0.184211,0.0756849,-30.2511,9.928,8.679,1.249,0.151422,0.0486394,9.999,8.538,1.461,17,2,,train,-0.3650000000000002,0,0.0,train,valid,train,valid,train,train,test,valid,valid,train,0.014556196
4430,2020_Townsend,CCCN1CC(=O)N(C)[C@H](CC(C)C)C(=O)N(C)[C@@H](CC(C)C)C(=O)N2CCC[C@@H]2C(=O)N(C)[C@H](CC(C)C)C(=O)N[C@@H](Cc2ccccc2)C(=O)N2CCC[C@H]2C1=O,hepta_853,4430,-4.96,7,7,Circle,0.133121,0.0452305,-19.476,9.351,8.141,1.21,0.11723,0.042498,9.46,8.368,1.092,43,29,,test,0.52,1,1.0,test,train,train,train,train,train,test,train,train,train,0.43232378
4406,2020_Townsend,CCCN1CC(=O)N(C)[C@H](CC(C)C)C(=O)N[C@H](CC(C)C)C(=O)N2CCC[C@@H]2C(=O)N(C)[C@H](CC(C)C)C(=O)N[C@@H](Cc2ccccc2)C(=O)N2CCC[C@H]2C1=O,hepta_829,4406,-5.22,7,7,Circle,0.132057,0.0416691,-23.2923,9.009,7.846,1.163,0.138116,0.0392804,9.193,8.112,1.081,57,62,,train,0.3900000000000001,1,1.0,train,train,train,test,train,train,test,valid,train,train,0.34621027
4402,2020_Townsend,CCCN1CC(=O)N[C@H](CC(C)C)C(=O)N[C@@H](CC(C)C)C(=O)N2CCC[C@@H]2C(=O)N(C)[C@@H](CC(C)C)C(=O)N[C@@H](Cc2ccccc2)C(=O)N2CCC[C@H]2C1=O,hepta_825,4402,-5.07,7,7,Circle,0.189173,0.07056,-28.8122,9.46,8.07,1.39,0.157318,0.0512575,9.107,7.883,1.224,80,80,,val,0.4649999999999998,1,1.0,valid,train,train,train,train,train,test,train,train,test,0.27165422
4395,2020_Townsend,CCCN1CC(=O)N[C@@H](CC(C)C)C(=O)N[C@H](CC(C)C)C(=O)N2CCC[C@@H]2C(=O)N(C)[C@H](CC(C)C)C(=O)N[C@@H](Cc2ccccc2)C(=O)N2CCC[C@H]2C1=O,hepta_818,4395,-5.37,7,7,Circle,0.157197,0.0518704,-23.2437,8.766,7.498,1.268,0.117327,0.0439719,8.856,7.693,1.163,17,72,,train,0.3149999999999999,1,1.0,train,train,test,train,train,train,test,train,train,train,0.16588412
4388,2020_Townsend,CCCN1CC(=O)N[C@@H](CC(C)C)C(=O)N[C@@H](CC(C)C)C(=O)N2CCC[C@@H]2C(=O)N[C@@H](CC(C)C)C(=O)N[C@@H](Cc2ccccc2)C(=O)N2CCC[C@H]2C1=O,hepta_811,4388,-6.55,7,7,Circle,0.207858,0.110897,-27.0339,8.76,7.412,1.348,0.134602,0.0602833,8.766,7.514,1.252,53,63,,train,-0.2749999999999999,0,0.0,train,train,train,train,train,train,test,train,train,train,-0.009083329
4375,2020_Townsend,CC(C)C[C@@H]1C(=O)N(Cc2ccccc2)CC(=O)N2CCC[C@@H]2C(=O)N(Cc2ccccc2)CC(=O)N[C@@H](Cc2ccccc2)C(=O)N2CCC[C@@H]2C(=O)N(C)[C@H](C)C(=O)N1C,hepta_798,4375,-6.84,7,7,Circle,0.22823,0.0851215,-41.3506,9.495,8.368,1.127,0.13347,0.0418446,8.984,8.072,0.912,25,84,,train,-0.4199999999999999,0,0.0,train,train,train,train,train,train,test,train,train,train,-0.18746728
4367,2020_Townsend,CC(C)C[C@H]1C(=O)N(Cc2ccccc2)CC(=O)N2CCC[C@@H]2C(=O)N(C)[C@@H](CC(C)C)C(=O)N[C@@H](Cc2ccccc2)C(=O)N2CCC[C@@H]2C(=O)N(C)[C@H](C)C(=O)N1C,hepta_790,4367,-5.42,7,7,Circle,0.199109,0.0738344,-27.6938,9.306,8.283,1.023,0.192079,0.0895608,9.182,8.217,0.965,46,58,,train,0.29,1,1.0,train,train,train,train,train,train,test,train,train,train,0.08478628
4354,2020_Townsend,CC(C)C[C@@H]1NC(=O)CN(Cc2ccccc2)C(=O)[C@@H](C)N(C)C(=O)[C@H]2CCCN2C(=O)[C@H](Cc2ccccc2)NC(=O)[C@H](CC(C)C)N(C)C(=O)[C@H]2CCCN2C1=O,hepta_777,4354,-5.72,7,7,Circle,0.134244,0.0436202,-25.2917,8.768,7.621,1.147,0.158712,0.0506611,9.116,8.042,1.074,16,56,,val,0.1400000000000001,1,1.0,valid,train,train,train,train,train,test,train,train,train,0.0883246
4349,2020_Townsend,CC(C)C[C@H]1C(=O)N2CCC[C@@H]2C(=O)N(C)[C@@H](CC(C)C)C(=O)N[C@@H](Cc2ccccc2)C(=O)N2CCC[C@@H]2C(=O)N(C)[C@H](C)C(=O)N(C)[C@@H](CC(C)C)C(=O)N1C,hepta_772,4349,-5.77,7,7,Circle,0.158821,0.0529887,-17.519,9.175,8.011,1.164,0.115798,0.0409035,9.306,8.155,1.151,85,59,,train,0.1150000000000002,1,1.0,train,valid,valid,valid,train,valid,test,valid,train,train,0.41734165
4344,2020_Townsend,CC(C)C[C@H]1C(=O)N[C@@H](Cc2ccccc2)C(=O)N2CCC[C@@H]2C(=O)N(C)[C@H](C)C(=O)N[C@H](CC(C)C)C(=O)N(Cc2ccccc2)CC(=O)N2CCC[C@@H]2C(=O)N1C,hepta_767,4344,-5.77,7,7,Circle,0.210522,0.0890676,-30.482,9.207,8.097,1.11,0.126538,0.0560982,8.979,7.94,1.039,63,84,,train,0.1150000000000002,1,1.0,train,test,valid,valid,train,train,test,train,train,train,0.15859523
4343,2020_Townsend,CC(C)C[C@H]1C(=O)N2CCC[C@@H]2C(=O)N(Cc2ccccc2)CC(=O)N[C@@H](Cc2ccccc2)C(=O)N2CCC[C@@H]2C(=O)N(C)[C@H](C)C(=O)N[C@H](CC(C)C)C(=O)N1C,hepta_766,4343,-10.0,7,7,Circle,0.186093,0.0670371,-37.2709,9.475,8.378,1.097,0.172307,0.0674932,8.941,7.905,1.036,46,52,,train,-1.0,0,0.0,train,train,train,train,train,train,test,train,train,train,0.14884865
4333,2020_Townsend,CC(C)C[C@H]1C(=O)N2CCC[C@@H]2C(=O)N(C)[C@H](CC(C)C)C(=O)N[C@@H](Cc2ccccc2)C(=O)N2CCC[C@@H]2C(=O)N(C)[C@H](C)C(=O)N(C)[C@H](CC(C)C)C(=O)N1C,hepta_756,4333,-5.57,7,7,Circle,0.125274,0.0489198,-16.296,9.1,8.125,0.975,0.127466,0.0436665,9.157,8.262,0.895,41,51,,train,0.2149999999999998,1,1.0,train,train,train,train,valid,train,test,train,train,test,0.23886648
4332,2020_Townsend,CC(C)C[C@H]1C(=O)N(C)[C@H](CC(C)C)C(=O)N2CCC[C@@H]2C(=O)N(C)[C@H](CC(C)C)C(=O)N[C@@H](Cc2ccccc2)C(=O)N2CCC[C@@H]2C(=O)N(C)[C@H](C)C(=O)N1C,hepta_755,4332,-6.19,7,7,Circle,0.151887,0.0459956,-25.2137,8.968,7.779,1.189,0.0874948,0.035639,9.095,7.992,1.103,79,53,,train,-0.0950000000000002,0,0.0,train,train,valid,train,train,valid,test,valid,test,train,0.19212434
4325,2020_Townsend,CC(C)C[C@@H]1NC(=O)[C@@H](CC(C)C)NC(=O)[C@@H](C)N(C)C(=O)[C@H]2CCCN2C(=O)[C@H](Cc2ccccc2)NC(=O)CN(Cc2ccccc2)C(=O)[C@H]2CCCN2C1=O,hepta_748,4325,-6.05,7,7,Circle,0.181054,0.0925319,-30.1335,8.988,7.747,1.241,0.159081,0.0420144,8.891,7.919,0.972,89,85,,val,-0.0249999999999999,0,0.0,valid,train,train,test,train,train,test,train,train,train,0.009679927
4317,2020_Townsend,CC(C)C[C@@H]1NC(=O)[C@H]2CCCN2C(=O)[C@@H](CC(C)C)N(C)C(=O)[C@H](CC(C)C)N(C)C(=O)[C@@H](C)N(C)C(=O)[C@H]2CCCN2C(=O)[C@H](Cc2ccccc2)NC1=O,hepta_740,4317,-6.78,7,7,Circle,0.14735,0.0436948,-29.9053,9.566,8.278,1.288,0.137487,0.047433,9.371,8.199,1.172,43,3,,train,-0.3900000000000001,0,0.0,train,train,train,train,train,train,test,test,train,valid,-0.33756492
4307,2020_Townsend,CC(C)C[C@@H]1NC(=O)[C@@H](CC(C)C)NC(=O)[C@@H](C)N(C)C(=O)[C@H]2CCCN2C(=O)[C@H](Cc2ccccc2)NC(=O)[C@H](CC(C)C)N(C)C(=O)[C@H]2CCCN2C1=O,hepta_730,4307,-5.23,7,7,Circle,0.123583,0.0377376,-24.1569,8.798,7.818,0.98,0.111774,0.044096,8.772,7.742,1.03,42,41,,val,0.3849999999999998,1,1.0,valid,valid,valid,train,train,train,test,train,test,train,0.18429407
4302,2020_Townsend,CC(C)C[C@@H]1NC(=O)[C@H](CC(C)C)N(C)C(=O)[C@@H](C)N(C)C(=O)[C@H]2CCCN2C(=O)[C@H](Cc2ccccc2)NC(=O)[C@@H](CC(C)C)NC(=O)[C@H]2CCCN2C1=O,hepta_725,4302,-6.11,7,7,Circle,0.162679,0.0618916,-22.9045,9.224,7.975,1.249,0.132778,0.0499443,8.603,7.663,0.94,25,77,,train,-0.0550000000000001,0,0.0,train,train,valid,train,train,train,test,train,train,train,-0.30022478
4291,2020_Townsend,CC(C)C[C@H]1NC(=O)[C@H]2CCCN2C(=O)[C@@H](CC(C)C)N(C)C(=O)[C@@H](CC(C)C)NC(=O)[C@@H](C)N(C)C(=O)[C@H]2CCCN2C(=O)[C@H](Cc2ccccc2)NC1=O,hepta_714,4291,-5.63,7,7,Circle,0.172379,0.0732629,-27.5847,9.173,7.872,1.301,0.149828,0.0672905,9.052,7.811,1.241,92,59,,val,0.185,1,1.0,valid,train,train,train,train,train,test,valid,train,train,-0.086414166
4290,2020_Townsend,CC(C)C[C@@H]1NC(=O)[C@@H](C)N(C)C(=O)[C@H]2CCCN2C(=O)[C@H](Cc2ccccc2)NC(=O)[C@H](CC(C)C)NC(=O)[C@H]2CCCN2C(=O)[C@H](CC(C)C)NC1=O,hepta_713,4290,-6.61,7,7,Circle,0.100232,0.0342827,-27.7545,8.773,7.697,1.076,0.116326,0.0334472,8.755,7.758,0.997,30,79,,train,-0.3050000000000001,0,0.0,train,test,test,train,train,train,test,test,train,train,-0.15105355
4284,2020_Townsend,CC(C)C[C@H]1C(=O)N[C@@H](Cc2ccccc2)CC(=O)N2CCC[C@@H]2C(=O)N(Cc2ccccc2)CC(=O)N[C@@H](Cc2ccccc2)C(=O)N2CCC[C@@H]2C(=O)N(C)[C@@H](C)C(=O)N1C,hepta_707,4284,-5.8,7,7,Circle,0.168028,0.049332,-28.1645,9.628,8.439,1.189,0.168028,0.0418526,9.89,8.606,1.284,97,32,,train,0.1,1,1.0,train,test,train,train,train,train,test,test,train,test,-0.037953466
4278,2020_Townsend,CC(C)C[C@H]1NC(=O)[C@H]2CCCN2C(=O)C[C@H](Cc2ccccc2)NC(=O)CN(Cc2ccccc2)C(=O)[C@H](C)N(C)C(=O)[C@H]2CCCN2C(=O)[C@H](Cc2ccccc2)NC1=O,hepta_701,4278,-6.24,7,7,Circle,0.178753,0.0615361,-29.9225,9.599,8.31,1.289,0.151852,0.049163,9.405,8.176,1.229,58,34,,val,-0.1200000000000001,0,0.0,valid,train,train,train,valid,train,test,train,train,train,-0.40809584
4275,2020_Townsend,CC(C)C[C@@H]1NC(=O)[C@H](C)N(C)C(=O)[C@H]2CCCN2C(=O)[C@H](Cc2ccccc2)NC(=O)CN(Cc2ccccc2)C(=O)[C@H]2CCCN2C(=O)CN(Cc2ccccc2)C1=O,hepta_698,4275,-5.43,7,7,Circle,0.197319,0.0812571,-45.8953,9.59,8.3,1.29,0.147678,0.052667,9.075,8.044,1.031,40,34,,test,0.2850000000000001,1,1.0,test,test,train,train,train,train,test,train,train,train,0.04373487
4247,2020_Townsend,CC(C)C[C@H]1C(=O)N2CCC[C@@H]2C(=O)N(Cc2ccccc2)CC(=O)N[C@@H](Cc2ccccc2)C(=O)N2CCC[C@@H]2C(=O)N(C)[C@@H](C)C(=O)N[C@H](CC(C)C)C(=O)N1C,hepta_670,4247,-5.48,7,7,Circle,0.152277,0.0465462,-34.5042,9.137,7.828,1.309,0.12858,0.0436038,9.29,8.088,1.202,45,39,,train,0.2599999999999998,1,1.0,train,test,train,train,train,train,test,train,train,train,0.15298633
4230,2020_Townsend,CC(C)C[C@@H]1NC(=O)[C@H]2CCCN2C(=O)CN(Cc2ccccc2)C(=O)[C@H](CC(C)C)NC(=O)[C@H](C)N(C)C(=O)[C@H]2CCCN2C(=O)[C@H](Cc2ccccc2)NC1=O,hepta_653,4230,-6.41,7,7,Circle,0.162895,0.0459318,-28.7732,8.88,7.697,1.183,0.15694,0.0598294,8.75,7.646,1.104,67,87,,train,-0.205,0,0.0,train,train,train,train,test,valid,test,valid,valid,train,-0.44779688
4204,2020_Townsend,CC(C)C[C@@H]1NC(=O)[C@H](C)N(C)C(=O)[C@H]2CCCN2C(=O)[C@H](Cc2ccccc2)NC(=O)[C@H](CC(C)C)N(C)C(=O)[C@H]2CCCN2C(=O)[C@H](CC(C)C)NC1=O,hepta_627,4204,-5.59,7,7,Circle,0.189363,0.0847762,-27.3873,9.229,7.873,1.356,0.154683,0.062889,9.182,8.011,1.171,33,65,,train,0.205,1,1.0,train,train,valid,train,train,train,test,valid,train,train,0.30273318
4202,2020_Townsend,CC(C)C[C@@H]1NC(=O)[C@H]2CCCN2C(=O)[C@H](CC(C)C)NC(=O)[C@H](CC(C)C)N(C)C(=O)[C@H](C)N(C)C(=O)[C@H]2CCCN2C(=O)[C@H](Cc2ccccc2)NC1=O,hepta_625,4202,-5.48,7,7,Circle,0.121572,0.0491344,-38.0002,9.484,8.095,1.389,0.138615,0.03848,9.001,7.702,1.299,49,65,,train,0.2599999999999998,1,1.0,train,train,train,train,train,train,test,train,train,test,-0.13381803
4197,2020_Townsend,CC(C)C[C@@H]1NC(=O)[C@H]2CCCN2C(=O)[C@H](CC(C)C)NC(=O)[C@@H](CC(C)C)N(C)C(=O)[C@H](C)N(C)C(=O)[C@H]2CCCN2C(=O)[C@H](Cc2ccccc2)NC1=O,hepta_620,4197,-6.09,7,7,Circle,0.148455,0.0523442,-22.9101,9.14,7.907,1.233,0.134019,0.0453265,9.315,8.225,1.09,6,31,,train,-0.0449999999999999,0,0.0,train,train,train,train,valid,train,test,test,valid,train,0.044721093
4190,2020_Townsend,CC(C)C[C@H]1C(=O)N[C@@H](Cc2ccccc2)C(=O)N2CCC[C@@H]2C(=O)N(C)[C@@H](C)C(=O)N[C@H](CC(C)C)C(=O)N[C@H](CC(C)C)C(=O)N2CCC[C@@H]2C(=O)N1C,hepta_613,4190,-5.96,7,7,Circle,0.121657,0.0580924,-34.4039,9.351,8.018,1.333,0.118758,0.0374291,8.852,7.827,1.025,87,88,,train,0.02,1,1.0,train,test,train,test,train,test,test,train,train,train,0.20152152
4163,2020_Townsend,CC(C)C[C@H]1C(=O)N[C@@H](Cc2ccccc2)C(=O)N2CCC[C@@H]2C(=O)N(C)[C@H](C)C(=O)N[C@H](CC(C)C)C(=O)N[C@@H](Cc2ccccc2)CC(=O)N2CCC[C@H]2C(=O)N1C,hepta_586,4163,-5.92,7,7,Circle,0.145139,0.0432435,-23.7695,8.835,7.514,1.321,0.177391,0.0633702,9.18,8.159,1.021,83,100,,train,0.04,1,1.0,train,train,valid,train,test,train,test,train,train,train,0.14803842
4159,2020_Townsend,CC(C)C[C@H]1NC(=O)[C@@H](C)N(C)C(=O)[C@H]2CCCN2C(=O)[C@H](Cc2ccccc2)NC(=O)[C@@H](CC(C)C)N(C)C(=O)[C@@H]2CCCN2C(=O)C[C@H](Cc2ccccc2)NC1=O,hepta_582,4159,-5.79,7,7,Circle,0.138903,0.0422036,-23.523,8.774,7.478,1.296,0.158906,0.0593444,9.361,8.077,1.284,60,50,,train,0.1049999999999999,1,1.0,train,valid,train,train,valid,valid,test,train,train,test,0.07114559
4156,2020_Townsend,CC(C)C[C@@H]1NC(=O)[C@@H]2CCCN2C(=O)C[C@H](Cc2ccccc2)NC(=O)[C@H](CC(C)C)NC(=O)[C@@H](C)N(C)C(=O)[C@H]2CCCN2C(=O)[C@H](Cc2ccccc2)NC1=O,hepta_579,4156,-5.95,7,7,Circle,0.153815,0.0502516,-22.949,9.025,7.947,1.078,0.138613,0.0506738,8.782,7.786,0.996,27,19,,train,0.0249999999999999,1,1.0,train,train,train,train,train,train,test,train,train,train,-0.27764356
4155,2020_Townsend,CC(C)C[C@@H]1NC(=O)[C@@H]2CCCN2C(=O)CN(Cc2ccccc2)C(=O)[C@H](CC(C)C)N(C)C(=O)[C@@H](C)N(C)C(=O)[C@H]2CCCN2C(=O)[C@H](Cc2ccccc2)NC1=O,hepta_578,4155,-6.04,7,7,Circle,0.198236,0.100079,-31.7572,9.203,8.109,1.094,0.206607,0.0976564,8.874,7.945,0.929,12,3,,train,-0.02,0,0.0,train,train,train,train,valid,test,test,train,train,train,-0.13271631
4148,2020_Townsend,CC(C)C[C@@H]1NC(=O)[C@@H]2CCCN2C(=O)C[C@H](Cc2ccccc2)NC(=O)[C@@H](CC(C)C)NC(=O)[C@@H](C)N(C)C(=O)[C@H]2CCCN2C(=O)[C@H](Cc2ccccc2)NC1=O,hepta_571,4148,-10.0,7,7,Circle,0.166607,0.0553433,-30.3265,9.317,7.904,1.413,0.122062,0.0363779,9.181,8.147,1.034,73,37,,val,-1.0,0,0.0,valid,train,train,train,train,train,test,train,train,test,-0.71818095
4145,2020_Townsend,CC(C)C[C@H]1NC(=O)[C@@H](CC(C)C)N(C)C(=O)[C@@H](C)N(C)C(=O)[C@H]2CCCN2C(=O)[C@H](Cc2ccccc2)NC(=O)CN(Cc2ccccc2)C(=O)[C@@H]2CCCN2C1=O,hepta_568,4145,-5.16,7,7,Circle,0.117632,0.0403465,-40.3837,8.798,7.629,1.169,0.130966,0.0351408,8.791,7.919,0.872,62,71,,train,0.4199999999999999,1,1.0,train,train,train,train,train,train,test,train,train,train,0.10743754
4140,2020_Townsend,CC(C)C[C@H]1C(=O)N(C)[C@H](CC(C)C)C(=O)N2CCC[C@H]2C(=O)N(C)[C@H](CC(C)C)C(=O)N[C@@H](Cc2ccccc2)C(=O)N2CCC[C@@H]2C(=O)N(C)[C@H](C)C(=O)N1C,hepta_563,4140,-5.44,7,7,Circle,0.173273,0.0772978,-24.5231,9.659,8.456,1.203,0.153325,0.0522245,9.364,8.347,1.017,52,66,,train,0.2799999999999998,1,1.0,train,train,train,train,train,train,test,train,train,train,0.27142277
4132,2020_Townsend,CC(C)C[C@@H]1NC(=O)[C@@H](C)N(C)C(=O)[C@H]2CCCN2C(=O)[C@H](Cc2ccccc2)NC(=O)[C@@H](CC(C)C)NC(=O)[C@@H]2CCCN2C(=O)CN(Cc2ccccc2)C1=O,hepta_555,4132,-5.61,7,7,Circle,0.150977,0.0487186,-42.5434,9.255,8.039,1.216,0.148707,0.04881,8.962,7.901,1.061,19,29,,train,0.1949999999999998,1,1.0,train,train,valid,valid,train,train,test,train,valid,train,-0.034816474
4122,2020_Townsend,CC(C)C[C@@H]1NC(=O)[C@@H](CC(C)C)N(C)C(=O)[C@@H](C)N(C)C(=O)[C@H]2CCCN2C(=O)[C@H](Cc2ccccc2)NC(=O)[C@@H](CC(C)C)N(C)C(=O)[C@@H]2CCCN2C1=O,hepta_545,4122,-5.23,7,7,Circle,0.124414,0.0499033,-31.7992,9.362,8.249,1.113,0.100447,0.0328006,8.824,8.063,0.761,20,42,,train,0.3849999999999998,1,1.0,train,valid,train,test,train,valid,test,train,train,train,0.24416927
4107,2020_Townsend,CC(C)C[C@@H]1NC(=O)[C@@H](C)N(C)C(=O)[C@H]2CCCN2C(=O)[C@H](Cc2ccccc2)NC(=O)[C@H](CC(C)C)N(C)C(=O)[C@@H]2CCCN2C(=O)[C@@H](CC(C)C)NC1=O,hepta_530,4107,-5.38,7,7,Circle,0.125964,0.0412489,-15.2558,8.827,7.887,0.94,0.11979,0.0349884,8.549,7.678,0.871,68,85,,train,0.31,1,1.0,train,train,test,train,train,train,test,test,train,test,0.2399145
4104,2020_Townsend,CC(C)C[C@@H]1NC(=O)[C@H](CC(C)C)N(C)C(=O)[C@@H](C)N(C)C(=O)[C@H]2CCCN2C(=O)[C@H](Cc2ccccc2)NC(=O)[C@@H](CC(C)C)NC(=O)[C@@H]2CCCN2C1=O,hepta_527,4104,-6.33,7,7,Circle,0.206646,0.09632,-31.6449,9.311,8.144,1.167,0.102156,0.0328417,8.582,7.681,0.901,54,73,,test,-0.165,0,0.0,test,test,train,train,train,train,test,train,valid,train,-0.3811061
4102,2020_Townsend,CC(C)C[C@@H]1NC(=O)[C@@H]2CCCN2C(=O)[C@H](CC(C)C)N(C)C(=O)[C@@H](CC(C)C)NC(=O)[C@@H](C)N(C)C(=O)[C@H]2CCCN2C(=O)[C@H](Cc2ccccc2)NC1=O,hepta_525,4102,-6.25,7,7,Circle,0.131741,0.0463589,-26.3969,8.936,7.8,1.136,0.189859,0.0861081,8.639,7.707,0.932,92,30,,train,-0.125,0,0.0,train,train,train,valid,valid,train,test,train,train,train,-0.33988664
4078,2020_Townsend,CC(C)C[C@@H]1NC(=O)[C@@H]2CCCN2C(=O)CN(Cc2ccccc2)C(=O)CN(Cc2ccccc2)C(=O)[C@H](C)N(C)C(=O)[C@H]2CCCN2C(=O)[C@H](Cc2ccccc2)NC1=O,hepta_501,4078,-10.0,7,7,Circle,0.129443,0.0436834,-40.6686,8.99,7.636,1.354,0.165071,0.0457042,8.581,7.431,1.15,84,66,,train,-1.0,0,0.0,train,test,train,train,test,train,test,train,test,train,-0.46580032
4075,2020_Townsend,CC(C)C[C@H]1C(=O)N(Cc2ccccc2)CC(=O)N2CCC[C@H]2C(=O)N(C)[C@@H](CC(C)C)C(=O)N[C@@H](Cc2ccccc2)C(=O)N2CCC[C@@H]2C(=O)N(C)[C@@H](C)C(=O)N1C,hepta_498,4075,-5.18,7,7,Circle,0.140237,0.0562016,-31.0861,9.388,8.197,1.191,0.152228,0.0559587,9.358,8.187,1.171,84,87,,train,0.4100000000000001,1,1.0,train,train,train,test,train,train,test,valid,train,train,0.37926808
4071,2020_Townsend,CC(C)C[C@H]1NC(=O)CN(Cc2ccccc2)C(=O)[C@H](C)N(C)C(=O)[C@H]2CCCN2C(=O)[C@H](Cc2ccccc2)NC(=O)CN(Cc2ccccc2)C(=O)[C@@H]2CCCN2C1=O,hepta_494,4071,-6.01,7,7,Circle,0.17993,0.0628258,-31.7406,9.329,8.14,1.189,0.154666,0.0426465,8.919,7.804,1.115,21,33,,train,-0.0049999999999998,0,0.0,train,train,train,test,valid,valid,test,train,train,train,0.038108587
4069,2020_Townsend,CC(C)C[C@@H]1NC(=O)[C@H](C)N(C)C(=O)[C@H]2CCCN2C(=O)[C@H](Cc2ccccc2)NC(=O)[C@@H](CC(C)C)N(C)C(=O)[C@@H]2CCCN2C(=O)C[C@H](Cc2ccccc2)NC1=O,hepta_492,4069,-5.61,7,7,Circle,0.164204,0.0493881,-22.6431,8.873,7.549,1.324,0.146007,0.0564807,8.822,7.907,0.915,22,54,,train,0.1949999999999998,1,1.0,train,train,train,train,train,valid,test,train,train,train,0.14789519
4061,2020_Townsend,CC(C)C[C@@H]1C(=O)N(C)[C@H](CC(C)C)C(=O)N2CCC[C@H]2C(=O)N(Cc2ccccc2)CC(=O)N[C@@H](Cc2ccccc2)C(=O)N2CCC[C@@H]2C(=O)N(C)[C@@H](C)C(=O)N1C,hepta_484,4061,-5.81,7,7,Circle,0.158969,0.043665,-24.9421,9.402,8.206,1.196,0.136398,0.0438864,9.007,7.755,1.252,70,58,,test,0.0950000000000002,1,1.0,test,train,valid,train,train,train,test,train,valid,train,0.22528538
4054,2020_Townsend,CC(C)C[C@@H]1NC(=O)[C@H](C)N(C)C(=O)[C@H]2CCCN2C(=O)[C@H](Cc2ccccc2)NC(=O)[C@H](CC(C)C)NC(=O)[C@@H]2CCCN2C(=O)C[C@H](Cc2ccccc2)NC1=O,hepta_477,4054,-6.08,7,7,Circle,0.149591,0.0502729,-23.8377,8.994,7.733,1.261,0.160005,0.0534731,8.945,7.815,1.13,73,88,,train,-0.04,0,0.0,train,train,train,train,train,train,test,valid,train,train,-0.29323056
4046,2020_Townsend,CC(C)C[C@@H]1NC(=O)[C@H](C)N(C)C(=O)[C@H]2CCCN2C(=O)[C@H](Cc2ccccc2)NC(=O)[C@@H](CC(C)C)NC(=O)[C@@H]2CCCN2C(=O)C[C@H](Cc2ccccc2)NC1=O,hepta_469,4046,-6.25,7,7,Circle,0.22038,0.0867487,-32.6654,9.5,8.042,1.458,0.157399,0.0533965,8.583,7.471,1.112,22,63,,train,-0.125,0,0.0,train,train,train,train,train,train,test,valid,train,train,-0.67902607
4032,2020_Townsend,CC(C)C[C@H]1C(=O)N(C)[C@H](CC(C)C)C(=O)N2CCC[C@H]2C(=O)N(C)[C@H](CC(C)C)C(=O)N[C@@H](Cc2ccccc2)C(=O)N2CCC[C@@H]2C(=O)N(C)[C@@H](C)C(=O)N1C,hepta_455,4032,-5.85,7,7,Circle,0.14887,0.0517983,-24.3509,9.611,8.397,1.214,0.135415,0.047576,9.321,8.161,1.16,25,97,,train,0.0750000000000001,1,1.0,train,train,train,train,test,train,test,train,train,train,0.30410543
4024,2020_Townsend,CC(C)C[C@@H]1NC(=O)[C@H](C)N(C)C(=O)[C@H]2CCCN2C(=O)[C@H](Cc2ccccc2)NC(=O)[C@H](CC(C)C)N(C)C(=O)[C@@H]2CCCN2C(=O)[C@@H](CC(C)C)N(C)C1=O,hepta_447,4024,-5.19,7,7,Circle,0.159801,0.0535958,-19.0015,9.232,7.969,1.263,0.144892,0.049215,9.252,7.972,1.28,93,31,,train,0.4049999999999998,1,1.0,train,train,train,train,train,train,test,test,train,train,0.39757666
4023,2020_Townsend,CC(C)C[C@@H]1NC(=O)[C@@H]2CCCN2C(=O)[C@@H](CC(C)C)N(C)C(=O)[C@H](CC(C)C)N(C)C(=O)[C@H](C)N(C)C(=O)[C@H]2CCCN2C(=O)[C@H](Cc2ccccc2)NC1=O,hepta_446,4023,-10.0,7,7,Circle,0.150111,0.0407295,-25.7597,9.341,8.166,1.175,0.131922,0.0390788,9.14,8.019,1.121,34,16,,train,-1.0,0,0.0,train,train,train,valid,train,train,test,train,train,train,-0.05611527
4021,2020_Townsend,CC(C)C[C@@H]1NC(=O)[C@@H]2CCCN2C(=O)[C@H](CC(C)C)N(C)C(=O)[C@@H](CC(C)C)N(C)C(=O)[C@H](C)N(C)C(=O)[C@H]2CCCN2C(=O)[C@H](Cc2ccccc2)NC1=O,hepta_444,4021,-5.39,7,7,Circle,0.16425,0.0628424,-23.7461,9.324,8.15,1.174,0.133283,0.0477789,9.156,7.993,1.163,72,22,,train,0.3050000000000001,1,1.0,train,train,train,train,train,valid,test,valid,train,train,0.12811832
4010,2020_Townsend,CC(C)C[C@H]1C(=O)N[C@@H](Cc2ccccc2)C(=O)N2CCC[C@@H]2C(=O)N(C)[C@@H](C)C(=O)N(C)[C@H](CC(C)C)C(=O)N[C@H](CC(C)C)C(=O)N2CCC[C@H]2C(=O)N1C,hepta_433,4010,-5.27,7,7,Circle,0.148301,0.0463318,-33.0622,9.266,8.206,1.06,0.174884,0.0608208,9.185,8.134,1.051,16,28,,train,0.3650000000000002,1,1.0,train,train,train,test,train,train,test,train,train,train,0.39340886
3996,2020_Townsend,CC(C)C[C@@H]1NC(=O)[C@H](C)N(C)C(=O)[C@H]2CCCN2C(=O)[C@H](Cc2ccccc2)NC(=O)[C@@H](CC(C)C)NC(=O)[C@@H]2CCCN2C(=O)[C@@H](CC(C)C)N(C)C1=O,hepta_419,3996,-5.35,7,7,Circle,0.172407,0.0657952,-33.6883,9.313,8.041,1.272,0.166368,0.0668842,8.979,7.761,1.218,26,70,,train,0.3250000000000002,1,1.0,train,test,train,train,train,train,test,train,train,train,0.14151733
3983,2020_Townsend,C[C@H]1NC(=O)[C@H]2CCCN2C(=O)[C@H](Cc2ccccc2)NC(=O)CN(Cc2ccccc2)C(=O)[C@H]2CCCN2C(=O)CN(Cc2ccccc2)C(=O)CN(Cc2ccccc2)C1=O,hepta_406,3983,-10.0,7,7,Circle,0.179822,0.0456625,-50.115,9.737,8.38,1.357,0.162155,0.0551732,8.88,7.713,1.167,64,5,,train,-1.0,0,0.0,train,train,train,train,train,train,test,train,train,train,-0.2840818
3966,2020_Townsend,CC(C)C[C@H]1NC(=O)[C@@H](C)NC(=O)[C@H]2CCCN2C(=O)[C@H](Cc2ccccc2)NC(=O)CN(Cc2ccccc2)C(=O)[C@H]2CCCN2C(=O)CN(Cc2ccccc2)C1=O,hepta_389,3966,-6.38,7,7,Circle,0.177005,0.0601853,-47.206,9.194,7.861,1.333,0.141598,0.0515019,8.738,7.591,1.147,39,53,,train,-0.1899999999999999,0,0.0,train,test,train,train,train,train,test,train,train,test,-0.25044543
3957,2020_Townsend,CC(C)C[C@H]1NC(=O)[C@@H](C)NC(=O)[C@H]2CCCN2C(=O)[C@H](Cc2ccccc2)NC(=O)[C@@H](CC(C)C)N(C)C(=O)[C@H]2CCCN2C(=O)C[C@H](Cc2ccccc2)NC1=O,hepta_380,3957,-6.05,7,7,Circle,0.171642,0.0626654,-29.3023,9.25,7.98,1.27,0.140624,0.0496196,8.664,7.565,1.099,74,100,,train,-0.0249999999999999,0,0.0,train,test,train,train,train,train,test,train,test,train,-0.5329636
3948,2020_Townsend,CC(C)C[C@@H]1NC(=O)[C@@H](CC(C)C)N(C)C(=O)[C@@H](C)NC(=O)[C@H]2CCCN2C(=O)[C@H](Cc2ccccc2)NC(=O)CN(Cc2ccccc2)C(=O)[C@H]2CCCN2C1=O,hepta_371,3948,-5.33,7,7,Circle,0.171639,0.0496898,-39.122,9.773,8.449,1.324,0.0966381,0.033862,8.607,7.537,1.07,77,57,,train,0.3349999999999999,1,1.0,train,train,train,test,train,train,test,train,train,test,0.12604637
3933,2020_Townsend,CC(C)C[C@@H]1NC(=O)[C@H](CC(C)C)N(C)C(=O)[C@@H](C)NC(=O)[C@H]2CCCN2C(=O)[C@H](Cc2ccccc2)NC(=O)[C@H](CC(C)C)N(C)C(=O)[C@H]2CCCN2C1=O,hepta_356,3933,-5.72,7,7,Circle,0.156932,0.066458,-30.5734,9.191,7.953,1.238,0.136947,0.0458994,8.861,7.847,1.014,74,16,,val,0.1400000000000001,1,1.0,valid,train,train,train,train,train,test,train,train,train,0.36733952
3925,2020_Townsend,CC(C)C[C@H]1C(=O)N[C@H](CC(C)C)C(=O)N2CCC[C@@H]2C(=O)N(C)[C@@H](CC(C)C)C(=O)N[C@@H](Cc2ccccc2)C(=O)N2CCC[C@@H]2C(=O)N[C@H](C)C(=O)N1C,hepta_348,3925,-5.79,7,7,Circle,0.168136,0.0553856,-32.0597,9.549,8.217,1.332,0.091473,0.0367936,8.703,7.628,1.075,56,61,,train,0.1049999999999999,1,1.0,train,train,test,train,train,train,test,train,train,train,0.29038593
3922,2020_Townsend,CC(C)C[C@@H]1NC(=O)[C@@H](C)NC(=O)[C@H]2CCCN2C(=O)[C@H](Cc2ccccc2)NC(=O)[C@@H](CC(C)C)N(C)C(=O)[C@H]2CCCN2C(=O)[C@H](CC(C)C)N(C)C1=O,hepta_345,3922,-5.75,7,7,Circle,0.158486,0.057643,-32.2716,9.41,8.125,1.285,0.138753,0.0443302,8.847,7.824,1.023,88,38,,train,0.125,1,1.0,train,train,train,train,test,train,test,valid,train,train,-0.13805404
3917,2020_Townsend,CC(C)C[C@H]1C(=O)N[C@@H](Cc2ccccc2)C(=O)N2CCC[C@@H]2C(=O)N[C@H](C)C(=O)N(C)[C@H](CC(C)C)C(=O)N[C@H](CC(C)C)C(=O)N2CCC[C@@H]2C(=O)N1C,hepta_340,3917,-5.82,7,7,Circle,0.164247,0.0621478,-26.8295,9.298,7.958,1.34,0.131471,0.056474,9.32,8.102,1.218,74,54,,val,0.0899999999999998,1,1.0,valid,train,train,valid,valid,train,test,valid,valid,train,0.30434924
3902,2020_Townsend,CC(C)C[C@@H]1NC(=O)[C@@H](CC(C)C)N(C)C(=O)[C@@H](C)NC(=O)[C@H]2CCCN2C(=O)[C@H](Cc2ccccc2)NC(=O)[C@@H](CC(C)C)NC(=O)[C@H]2CCCN2C1=O,hepta_325,3902,-5.3,7,7,Circle,0.139199,0.0470613,-32.7911,8.944,7.635,1.309,0.18567,0.0742687,8.662,7.669,0.993,30,75,,train,0.3500000000000001,1,1.0,train,train,train,train,train,train,test,train,train,train,0.027504718
3884,2020_Townsend,CC(C)C[C@H]1C(=O)N2CCC[C@@H]2C(=O)N(Cc2ccccc2)CC(=O)N[C@@H](Cc2ccccc2)C(=O)N2CCC[C@@H]2C(=O)N[C@@H](C)C(=O)N(Cc2ccccc2)CC(=O)N1C,hepta_307,3884,-5.96,7,7,Circle,0.14905,0.0531562,-39.8307,9.312,8.071,1.241,0.173211,0.0683859,9.238,8.169,1.069,37,17,,val,0.02,1,1.0,valid,train,test,train,train,train,test,train,valid,train,-0.0469032
3881,2020_Townsend,CC(C)C[C@@H]1C(=O)N[C@@H](Cc2ccccc2)CC(=O)N2CCC[C@@H]2C(=O)N(C)[C@H](CC(C)C)C(=O)N[C@@H](Cc2ccccc2)C(=O)N2CCC[C@@H]2C(=O)N[C@@H](C)C(=O)N1C,hepta_304,3881,-5.52,7,7,Circle,0.246073,0.108472,-31.8091,9.601,8.205,1.396,0.170634,0.0416495,9.119,8.037,1.082,3,73,,train,0.2400000000000002,1,1.0,train,train,train,train,test,train,test,test,train,train,0.16320862
3873,2020_Townsend,CC(C)C[C@H]1C(=O)N(Cc2ccccc2)CC(=O)N2CCC[C@@H]2C(=O)N(C)[C@H](CC(C)C)C(=O)N[C@@H](Cc2ccccc2)C(=O)N2CCC[C@@H]2C(=O)N[C@@H](C)C(=O)N1C,hepta_296,3873,-6.43,7,7,Circle,0.145923,0.0405743,-28.0539,9.208,7.968,1.24,0.128137,0.037257,9.323,8.074,1.249,91,23,,val,-0.2149999999999998,0,0.0,valid,test,train,train,train,train,test,valid,train,train,-0.10704053
3863,2020_Townsend,CC(C)C[C@H]1NC(=O)[C@H]2CCCN2C(=O)CN(Cc2ccccc2)C(=O)[C@@H](CC(C)C)N(C)C(=O)[C@H](C)NC(=O)[C@H]2CCCN2C(=O)[C@H](Cc2ccccc2)NC1=O,hepta_286,3863,-5.86,7,7,Circle,0.150637,0.0585235,-32.2974,8.773,7.559,1.214,0.123734,0.0722725,8.665,7.359,1.306,29,91,,train,0.0699999999999998,1,1.0,train,train,train,train,train,train,test,train,test,train,0.075036265
3855,2020_Townsend,CC(C)C[C@@H]1NC(=O)[C@H]2CCCN2C(=O)[C@H](CC(C)C)NC(=O)CN(Cc2ccccc2)C(=O)[C@H](C)NC(=O)[C@H]2CCCN2C(=O)[C@H](Cc2ccccc2)NC1=O,hepta_278,3855,-10.0,7,7,Circle,0.148675,0.0695311,-36.9802,9.015,7.669,1.346,0.153051,0.0695053,8.599,7.521,1.078,55,91,,val,-1.0,0,0.0,valid,valid,valid,train,train,train,test,train,train,test,-0.091709964
3842,2020_Townsend,CC(C)C[C@H]1C(=O)N2CCC[C@@H]2C(=O)N(C)[C@H](CC(C)C)C(=O)N[C@@H](Cc2ccccc2)C(=O)N2CCC[C@@H]2C(=O)N[C@@H](C)C(=O)N[C@H](CC(C)C)C(=O)N1C,hepta_265,3842,-5.73,7,7,Circle,0.166847,0.059742,-27.8455,9.334,8.019,1.315,0.176315,0.0656322,8.95,7.712,1.238,77,10,,train,0.1349999999999998,1,1.0,train,train,train,train,train,train,test,train,train,valid,0.065309964
3841,2020_Townsend,CC(C)C[C@H]1C(=O)N[C@@H](Cc2ccccc2)C(=O)N2CCC[C@@H]2C(=O)N[C@@H](C)C(=O)N(C)[C@H](CC(C)C)C(=O)N[C@H](CC(C)C)C(=O)N2CCC[C@@H]2C(=O)N1C,hepta_264,3841,-5.55,7,7,Circle,0.148502,0.0495393,-31.8624,9.47,8.042,1.428,0.0895453,0.039439,8.736,7.545,1.191,45,62,,val,0.2250000000000001,1,1.0,valid,valid,train,train,train,train,test,train,train,train,0.3242502
3839,2020_Townsend,CC(C)C[C@H]1C(=O)N[C@@H](Cc2ccccc2)C(=O)N2CCC[C@@H]2C(=O)N[C@@H](C)C(=O)N[C@H](CC(C)C)C(=O)N(C)[C@H](CC(C)C)C(=O)N2CCC[C@@H]2C(=O)N1C,hepta_262,3839,-5.75,7,7,Circle,0.0931558,0.044036,-29.6139,8.954,7.808,1.146,0.142031,0.0351838,8.62,7.587,1.033,52,24,,train,0.125,1,1.0,train,train,train,train,train,train,test,train,train,train,-0.12507524
3834,2020_Townsend,CC(C)C[C@@H]1NC(=O)[C@@H](CC(C)C)NC(=O)[C@H](C)NC(=O)[C@H]2CCCN2C(=O)[C@H](Cc2ccccc2)NC(=O)[C@H](CC(C)C)N(C)C(=O)[C@H]2CCCN2C1=O,hepta_257,3834,-6.25,7,7,Circle,0.116851,0.0396725,-21.5317,8.554,7.347,1.207,0.122591,0.039134,8.676,7.507,1.169,39,53,,train,-0.125,0,0.0,train,valid,train,train,train,train,test,train,train,train,-0.09100418
3822,2020_Townsend,CC(C)C[C@H]1NC(=O)[C@H](C)NC(=O)[C@H]2CCCN2C(=O)[C@H](Cc2ccccc2)NC(=O)[C@@H](CC(C)C)N(C)C(=O)[C@H]2CCCN2C(=O)[C@@H](CC(C)C)NC1=O,hepta_245,3822,-6.51,7,7,Circle,0.126928,0.0521461,-31.6506,8.856,7.647,1.209,0.122909,0.0402672,8.756,7.507,1.249,44,15,,train,-0.2549999999999999,0,0.0,train,train,train,train,train,train,test,train,train,valid,-0.26975104
3820,2020_Townsend,CC(C)C[C@@H]1NC(=O)[C@H](C)NC(=O)[C@H]2CCCN2C(=O)[C@H](Cc2ccccc2)NC(=O)[C@H](CC(C)C)NC(=O)[C@H]2CCCN2C(=O)[C@H](CC(C)C)NC1=O,hepta_243,3820,-6.57,7,7,Circle,0.163963,0.0743765,-33.3971,8.931,7.587,1.344,0.141381,0.0586817,8.88,7.626,1.254,83,99,,train,-0.2850000000000001,0,0.0,train,train,train,train,train,valid,test,train,valid,train,-0.2866575
3817,2020_Townsend,CC(C)C[C@@H]1NC(=O)[C@H](C)NC(=O)[C@H]2CCCN2C(=O)[C@H](Cc2ccccc2)NC(=O)[C@H](CC(C)C)NC(=O)[C@H]2CCCN2C(=O)[C@@H](CC(C)C)NC1=O,hepta_240,3817,-10.0,7,7,Circle,0.173044,0.0697756,-29.323,8.863,7.546,1.317,0.156762,0.0472589,8.611,7.412,1.199,100,53,,test,-1.0,0,0.0,test,train,train,train,train,train,test,train,test,valid,-0.61945146
3804,2020_Townsend,CC(C)C[C@@H]1NC(=O)CN(Cc2ccccc2)C(=O)[C@@H](C)NC(=O)[C@H]2CCCN2C(=O)[C@H](Cc2ccccc2)NC(=O)CN(Cc2ccccc2)C(=O)[C@@H]2CCCN2C1=O,hepta_227,3804,-6.24,7,7,Circle,0.191593,0.0602851,-40.457,8.935,7.724,1.211,0.270452,0.121923,9.007,7.888,1.119,39,87,,train,-0.1200000000000001,0,0.0,train,valid,train,train,train,test,test,test,train,test,-0.122797735
3792,2020_Townsend,CC(C)C[C@@H]1NC(=O)[C@@H](C)NC(=O)[C@H]2CCCN2C(=O)[C@H](Cc2ccccc2)NC(=O)[C@H](CC(C)C)N(C)C(=O)[C@@H]2CCCN2C(=O)CN(Cc2ccccc2)C1=O,hepta_215,3792,-5.9,7,7,Circle,0.138115,0.045938,-46.0557,9.698,8.38,1.318,0.128279,0.0462975,9.109,7.848,1.261,4,80,,train,0.0499999999999998,1,1.0,train,train,train,train,train,train,test,test,valid,train,0.11739745
3789,2020_Townsend,CC(C)C[C@H]1C(=O)N(Cc2ccccc2)CC(=O)N2CCC[C@H]2C(=O)N[C@H](CC(C)C)C(=O)N[C@@H](Cc2ccccc2)C(=O)N2CCC[C@@H]2C(=O)N[C@H](C)C(=O)N1C,hepta_212,3789,-5.26,7,7,Circle,0.20165,0.0883477,-35.077,9.003,7.703,1.3,0.177224,0.0697558,8.948,7.659,1.289,90,94,,test,0.3700000000000001,1,1.0,test,test,test,train,train,train,test,train,valid,train,-0.014750799
3782,2020_Townsend,CC(C)C[C@@H]1NC(=O)[C@@H]2CCCN2C(=O)CN(Cc2ccccc2)C(=O)[C@@H](CC(C)C)N(C)C(=O)[C@@H](C)NC(=O)[C@H]2CCCN2C(=O)[C@H](Cc2ccccc2)NC1=O,hepta_205,3782,-10.0,7,7,Circle,0.136636,0.0580185,-27.0206,8.884,7.739,1.145,0.110654,0.0457624,9.022,7.791,1.231,99,46,,test,-1.0,0,0.0,test,train,train,train,train,train,test,train,valid,train,-0.298982
3771,2020_Townsend,CC(C)C[C@@H]1NC(=O)[C@H](CC(C)C)N(C)C(=O)[C@@H](C)NC(=O)[C@H]2CCCN2C(=O)[C@H](Cc2ccccc2)NC(=O)[C@H](CC(C)C)N(C)C(=O)[C@@H]2CCCN2C1=O,hepta_194,3771,-5.72,7,7,Circle,0.254343,0.0973913,-33.8771,9.389,8.045,1.344,0.125089,0.0461654,8.948,7.807,1.141,4,80,,train,0.1400000000000001,1,1.0,train,train,train,train,train,train,test,test,train,test,0.29569498
3743,2020_Townsend,CC(C)C[C@@H]1NC(=O)[C@@H](C)NC(=O)[C@H]2CCCN2C(=O)[C@H](Cc2ccccc2)NC(=O)[C@H](CC(C)C)N(C)C(=O)[C@@H]2CCCN2C(=O)[C@@H](CC(C)C)NC1=O,hepta_166,3743,-6.54,7,7,Circle,0.141371,0.0486801,-29.8597,9.023,7.82,1.203,0.131539,0.0420802,8.464,7.457,1.007,90,43,,train,-0.27,0,0.0,train,train,test,train,train,train,test,train,train,test,0.025232336
3742,2020_Townsend,CC(C)C[C@@H]1NC(=O)[C@@H]2CCCN2C(=O)[C@H](CC(C)C)N(C)C(=O)[C@@H](CC(C)C)NC(=O)[C@@H](C)NC(=O)[C@H]2CCCN2C(=O)[C@H](Cc2ccccc2)NC1=O,hepta_165,3742,-5.66,7,7,Circle,0.145003,0.065077,-25.9108,8.751,7.501,1.25,0.161978,0.0515022,8.471,7.413,1.058,16,93,,train,0.1699999999999999,1,1.0,train,train,train,train,train,train,test,train,train,train,-0.99769324
3740,2020_Townsend,CC(C)C[C@@H]1NC(=O)[C@@H](C)NC(=O)[C@H]2CCCN2C(=O)[C@H](Cc2ccccc2)NC(=O)[C@@H](CC(C)C)N(C)C(=O)[C@@H]2CCCN2C(=O)[C@@H](CC(C)C)NC1=O,hepta_163,3740,-6.38,7,7,Circle,0.147559,0.0611238,-41.4725,9.403,7.942,1.461,0.192277,0.0955027,8.849,7.647,1.202,42,4,,train,-0.1899999999999999,0,0.0,train,train,test,valid,test,train,test,train,train,train,-0.0023531504
3735,2020_Townsend,CC(C)C[C@H]1NC(=O)[C@@H]2CCCN2C(=O)[C@@H](CC(C)C)N(C)C(=O)[C@@H](CC(C)C)NC(=O)[C@@H](C)NC(=O)[C@H]2CCCN2C(=O)[C@H](Cc2ccccc2)NC1=O,hepta_158,3735,-6.28,7,7,Circle,0.155295,0.0615698,-33.3545,9.181,7.729,1.452,0.125168,0.035849,8.533,7.488,1.045,84,26,,train,-0.1400000000000001,0,0.0,train,train,train,test,train,train,test,train,test,train,-0.10902027
3734,2020_Townsend,CC(C)C[C@@H]1NC(=O)[C@@H]2CCCN2C(=O)[C@H](CC(C)C)NC(=O)[C@H](CC(C)C)NC(=O)[C@@H](C)NC(=O)[C@H]2CCCN2C(=O)[C@H](Cc2ccccc2)NC1=O,hepta_157,3734,-10.0,7,7,Circle,0.186437,0.0966544,-32.5927,8.798,7.366,1.432,0.127749,0.0400834,8.56,7.341,1.219,3,77,,train,-1.0,0,0.0,train,test,valid,train,train,train,test,train,train,test,-0.5811843
3730,2020_Townsend,CC(C)C[C@@H]1NC(=O)[C@@H](C)NC(=O)[C@H]2CCCN2C(=O)[C@H](Cc2ccccc2)NC(=O)[C@@H](CC(C)C)NC(=O)[C@@H]2CCCN2C(=O)[C@@H](CC(C)C)NC1=O,hepta_153,3730,-6.51,7,7,Circle,0.149098,0.0531565,-26.0539,8.664,7.449,1.215,0.202898,0.0672486,8.641,7.417,1.224,9,4,,train,-0.2549999999999999,0,0.0,train,train,train,train,train,test,test,train,train,train,-0.17877352
3708,2020_Townsend,CC(C)C[C@H]1NC(=O)[C@@H]2CCCN2C(=O)C[C@H](Cc2ccccc2)NC(=O)[C@@H](CC(C)C)N(C)C(=O)[C@H](C)NC(=O)[C@H]2CCCN2C(=O)[C@H](Cc2ccccc2)NC1=O,hepta_131,3708,-6.34,7,7,Circle,0.181768,0.0690195,-29.7164,9.074,7.798,1.276,0.182976,0.0640291,8.956,7.826,1.13,6,70,,train,-0.1699999999999999,0,0.0,train,train,train,train,train,test,test,train,train,train,-0.038172506
3695,2020_Townsend,CC(C)C[C@H]1NC(=O)[C@@H](CC(C)C)N(C)C(=O)[C@H](C)NC(=O)[C@H]2CCCN2C(=O)[C@H](Cc2ccccc2)NC(=O)CN(Cc2ccccc2)C(=O)[C@@H]2CCCN2C1=O,hepta_118,3695,-5.75,7,7,Circle,0.150202,0.0524946,-33.0924,9.143,7.866,1.277,0.162994,0.060253,9.185,7.863,1.322,66,23,,train,0.125,1,1.0,train,train,train,train,train,valid,test,train,train,train,0.1951226
3688,2020_Townsend,CC(C)C[C@@H]1NC(=O)[C@@H](CC(C)C)NC(=O)[C@H](C)NC(=O)[C@H]2CCCN2C(=O)[C@H](Cc2ccccc2)NC(=O)CN(Cc2ccccc2)C(=O)[C@@H]2CCCN2C1=O,hepta_111,3688,-6.68,7,7,Circle,0.180861,0.0450697,-39.9853,9.313,7.794,1.519,0.226012,0.110205,8.844,7.574,1.27,79,59,,train,-0.3399999999999998,0,0.0,train,train,train,train,train,train,test,train,train,valid,-0.30767938
3680,2020_Townsend,CC(C)C[C@H]1NC(=O)[C@@H]2CCCN2C(=O)CN(Cc2ccccc2)C(=O)[C@@H](CC(C)C)NC(=O)[C@H](C)NC(=O)[C@H]2CCCN2C(=O)[C@H](Cc2ccccc2)NC1=O,hepta_103,3680,-6.27,7,7,Circle,0.194001,0.109679,-36.0645,8.882,7.615,1.267,0.119608,0.0356286,8.54,7.456,1.084,76,58,,train,-0.1349999999999998,0,0.0,train,train,train,train,train,train,test,train,train,train,-0.5904394
3678,2020_Townsend,CC(C)C[C@@H]1NC(=O)[C@@H](CC(C)C)N(C)C(=O)[C@H](C)NC(=O)[C@H]2CCCN2C(=O)[C@H](Cc2ccccc2)NC(=O)[C@@H](CC(C)C)N(C)C(=O)[C@@H]2CCCN2C1=O,hepta_101,3678,-5.4,7,7,Circle,0.15074,0.0455512,-32.6744,9.411,8.143,1.268,0.173559,0.0507702,8.59,7.743,0.847,61,32,,train,0.2999999999999998,1,1.0,train,train,test,train,train,train,test,train,train,valid,0.2302793
3675,2020_Townsend,CC(C)C[C@H]1NC(=O)[C@@H]2CCCN2C(=O)[C@@H](CC(C)C)N(C)C(=O)[C@@H](CC(C)C)N(C)C(=O)[C@H](C)NC(=O)[C@H]2CCCN2C(=O)[C@H](Cc2ccccc2)NC1=O,hepta_98,3675,-6.22,7,7,Circle,0.167743,0.0682495,-21.5141,8.859,7.653,1.206,0.129695,0.0509063,9.1,7.867,1.233,49,14,,test,-0.1099999999999998,0,0.0,test,train,train,test,test,train,test,test,train,train,0.053724073
3670,2020_Townsend,CC(C)C[C@@H]1NC(=O)[C@@H]2CCCN2C(=O)[C@@H](CC(C)C)N(C)C(=O)[C@H](CC(C)C)NC(=O)[C@H](C)NC(=O)[C@H]2CCCN2C(=O)[C@H](Cc2ccccc2)NC1=O,hepta_93,3670,-6.12,7,7,Circle,0.14873,0.0578024,-20.0806,8.809,7.532,1.277,0.144257,0.0350131,8.929,7.623,1.306,41,49,,train,-0.06,0,0.0,train,train,train,train,train,train,test,train,train,train,0.16048032
3665,2020_Townsend,CC(C)C[C@H]1C(=O)N[C@@H](Cc2ccccc2)C(=O)N2CCC[C@@H]2C(=O)N[C@@H](C)C(=O)N[C@H](CC(C)C)C(=O)N[C@H](CC(C)C)C(=O)N2CCC[C@H]2C(=O)N1C,hepta_88,3665,-6.29,7,7,Circle,0.156648,0.0502102,-24.107,8.758,7.576,1.182,0.0937088,0.0376181,8.544,7.464,1.08,22,18,,train,-0.145,0,0.0,train,test,train,valid,train,train,test,train,valid,valid,-0.25505564
3649,2020_Townsend,CCCN1CC(=O)N(Cc2ccccc2)CC(=O)N[C@@H](Cc2ccccc2)CC(=O)N2CCC[C@H]2C(=O)N(C)[C@H](CC(C)C)C(=O)N[C@@H](Cc2ccccc2)C(=O)N2CCC[C@@H]2C1=O,hepta_72,3649,-5.91,7,7,Circle,0.198921,0.0567682,-33.4751,9.898,8.7,1.198,0.164748,0.0605652,9.346,8.164,1.182,63,15,,train,0.0449999999999999,1,1.0,train,train,train,train,train,train,test,train,valid,train,0.030976117
3648,2020_Townsend,CCCN1CC(=O)N(Cc2ccccc2)CC(=O)N[C@@H](Cc2ccccc2)CC(=O)N2CCC[C@H]2C(=O)N[C@@H](CC(C)C)C(=O)N[C@@H](Cc2ccccc2)C(=O)N2CCC[C@@H]2C1=O,hepta_71,3648,-10.0,7,7,Circle,0.193018,0.0599733,-29.6734,9.518,8.382,1.136,0.170391,0.0451008,9.395,8.163,1.232,30,72,,train,-1.0,0,0.0,train,train,train,test,train,train,test,train,test,train,-0.059707925
3636,2020_Townsend,CCCN1CC(=O)N[C@@H](CC(C)C)C(=O)N[C@@H](Cc2ccccc2)CC(=O)N2CCC[C@H]2C(=O)N(C)[C@H](CC(C)C)C(=O)N[C@@H](Cc2ccccc2)C(=O)N2CCC[C@@H]2C1=O,hepta_59,3636,-5.44,7,7,Circle,0.163449,0.0444181,-20.6177,8.879,7.588,1.291,0.160003,0.0547376,9.169,8.098,1.071,61,85,,train,0.2799999999999998,1,1.0,train,train,train,valid,train,train,test,train,train,train,0.19516897
3593,2020_Townsend,CCCN1CC(=O)N[C@@H](CC(C)C)C(=O)N[C@H](CC(C)C)C(=O)N2CCC[C@H]2C(=O)N(C)[C@@H](CC(C)C)C(=O)N[C@@H](Cc2ccccc2)C(=O)N2CCC[C@@H]2C1=O,hepta_16,3593,-5.46,7,7,Circle,0.130327,0.0452418,-16.0603,8.983,7.964,1.019,0.140367,0.0482026,9.358,8.244,1.114,28,38,,train,0.27,1,1.0,train,train,valid,train,train,train,test,train,train,train,0.34100404
3589,2020_Townsend,CCCN1CC(=O)N(C)[C@@H](CC(C)C)C(=O)N[C@H](CC(C)C)C(=O)N2CCC[C@H]2C(=O)N[C@@H](CC(C)C)C(=O)N[C@@H](Cc2ccccc2)C(=O)N2CCC[C@@H]2C1=O,hepta_12,3589,-6.69,7,7,Circle,0.191973,0.0654496,-32.8749,9.671,8.391,1.28,0.152779,0.0453635,9.285,8.068,1.217,26,55,,train,-0.3450000000000002,0,0.0,train,train,train,train,train,train,test,test,valid,train,0.20461428
3578,2020_Townsend,CCCN1CC(=O)N[C@H](CC(C)C)C(=O)N[C@@H](CC(C)C)C(=O)N2CCC[C@H]2C(=O)N[C@H](CC(C)C)C(=O)N[C@@H](Cc2ccccc2)C(=O)N2CCC[C@@H]2C1=O,hepta_1,3578,-6.26,7,7,Circle,0.233066,0.102856,-39.1887,9.592,8.185,1.407,0.211463,0.0713416,9.033,7.933,1.1,67,32,,train,-0.1299999999999999,0,0.0,train,test,train,train,train,train,test,train,train,train,-0.06097635
3576,2020_Townsend,C[C@@H]1C(=O)N(Cc2ccccc2)CC(=O)N(Cc2ccccc2)CC(=O)N2CCC[C@@H]2C(=O)N(Cc2ccccc2)CC(=O)N[C@@H](Cc2ccccc2)C(=O)N1C,hexa_1062,3576,-6.28,6,6,Circle,0.203356,0.0601596,-32.8218,8.585,7.573,1.012,0.158838,0.0388464,8.356,7.436,0.92,45,92,,train,-0.1400000000000001,0,0.0,train,train,train,valid,test,train,test,train,test,train,-0.20209526
3568,2020_Townsend,CC(C)C[C@H]1C(=O)N[C@@H](Cc2ccccc2)CC(=O)N2CCC[C@@H]2C(=O)N(C)[C@H](CC(C)C)C(=O)N[C@@H](Cc2ccccc2)C(=O)N(C)[C@H](C)C(=O)N1C,hexa_1054,3568,-5.4,6,6,Circle,0.185358,0.0641278,-33.0675,8.825,7.756,1.069,0.184184,0.0534889,8.77,7.64,1.13,44,3,,train,0.2999999999999998,1,1.0,train,train,train,train,train,train,test,train,train,valid,0.33844554
3565,2020_Townsend,CC(C)C[C@H]1NC(=O)[C@@H](C)N(C)C(=O)[C@H](Cc2ccccc2)NC(=O)CN(Cc2ccccc2)C(=O)[C@H]2CCCN2C(=O)CN(Cc2ccccc2)C1=O,hexa_1051,3565,-6.22,6,6,Circle,0.192174,0.0689133,-28.8339,8.336,7.328,1.008,0.17266,0.0377824,8.445,7.376,1.069,88,10,,test,-0.1099999999999998,0,0.0,test,train,train,train,train,train,test,train,train,train,0.1268746
3560,2020_Townsend,CC(C)C[C@@H]1NC(=O)[C@H](CC(C)C)N(C)C(=O)[C@@H](C)N(C)C(=O)[C@H](Cc2ccccc2)NC(=O)CN(Cc2ccccc2)C(=O)[C@H]2CCCN2C1=O,hexa_1046,3560,-5.22,6,6,Circle,0.217517,0.102677,-24.1156,8.421,7.388,1.033,0.134323,0.0398369,8.33,7.338,0.992,12,70,,val,0.3900000000000001,1,1.0,valid,test,test,train,valid,train,test,train,train,train,0.50141937
3559,2020_Townsend,CC(C)C[C@@H]1NC(=O)[C@@H](C)N(C)C(=O)[C@H](Cc2ccccc2)NC(=O)CN(Cc2ccccc2)C(=O)[C@H]2CCCN2C(=O)[C@H](CC(C)C)N(C)C1=O,hexa_1045,3559,-4.9,6,6,Circle,0.153324,0.0355938,-27.9078,8.661,7.445,1.216,0.123423,0.0413356,8.212,7.195,1.017,88,60,,train,0.5499999999999998,1,1.0,train,train,train,train,train,train,test,valid,train,train,0.4449235
3553,2020_Townsend,CC(C)C[C@H]1C(=O)N2CCC[C@@H]2C(=O)N(Cc2ccccc2)CC(=O)N[C@@H](Cc2ccccc2)C(=O)N(C)[C@H](C)C(=O)N[C@H](CC(C)C)C(=O)N1C,hexa_1039,3553,-5.25,6,6,Circle,0.147095,0.051159,-29.2418,8.275,7.259,1.016,0.129623,0.0342636,8.375,7.355,1.02,24,48,,train,0.375,1,1.0,train,train,valid,train,test,train,test,train,train,train,0.355206
3551,2020_Townsend,CC(C)C[C@@H]1NC(=O)[C@@H](C)N(C)C(=O)[C@H](Cc2ccccc2)NC(=O)[C@@H](CC(C)C)N(C)C(=O)[C@H]2CCCN2C(=O)CN(Cc2ccccc2)C1=O,hexa_1037,3551,-5.21,6,6,Circle,0.158782,0.0506513,-28.4493,8.356,7.153,1.203,0.169698,0.0387787,8.309,7.294,1.015,18,90,,train,0.395,1,1.0,train,train,train,test,train,train,test,train,valid,valid,0.47175536
3545,2020_Townsend,CC(C)C[C@H]1C(=O)N(C)[C@H](CC(C)C)C(=O)N2CCC[C@@H]2C(=O)N(C)[C@@H](CC(C)C)C(=O)N[C@@H](Cc2ccccc2)C(=O)N(C)[C@H](C)C(=O)N1C,hexa_1031,3545,-4.87,6,6,Circle,0.118988,0.0376728,-19.9879,8.473,7.44,1.033,0.129268,0.0385528,8.49,7.572,0.918,34,42,,train,0.565,1,1.0,train,train,train,valid,test,train,test,train,test,train,0.5925037
3539,2020_Townsend,CC(C)C[C@@H]1NC(=O)[C@H]2CCCN2C(=O)CN(Cc2ccccc2)C(=O)[C@H](CC(C)C)NC(=O)[C@@H](C)N(C)C(=O)[C@H](Cc2ccccc2)NC1=O,hexa_1025,3539,-6.46,6,6,Circle,0.189839,0.0712931,-33.4518,8.583,7.282,1.301,0.133115,0.0303283,8.111,7.205,0.906,41,58,,train,-0.2299999999999999,0,0.0,train,test,train,train,train,train,test,train,train,train,-0.09529387
3537,2020_Townsend,CC(C)C[C@@H]1NC(=O)[C@@H](C)N(C)C(=O)[C@H](Cc2ccccc2)NC(=O)[C@H](CC(C)C)N(C)C(=O)[C@H]2CCCN2C(=O)[C@H](CC(C)C)N(C)C1=O,hexa_1023,3537,-4.87,6,6,Circle,0.135933,0.0486409,-21.1719,8.455,7.39,1.065,0.110865,0.0415242,8.368,7.369,0.999,66,97,,test,0.565,1,1.0,test,test,train,train,train,train,test,test,train,train,0.6462316
3529,2020_Townsend,CC(C)C[C@H]1C(=O)N2CCC[C@@H]2C(=O)N(C)[C@@H](CC(C)C)C(=O)N[C@@H](Cc2ccccc2)C(=O)N(C)[C@H](C)C(=O)N[C@H](CC(C)C)C(=O)N1C,hexa_1015,3529,-4.91,6,6,Circle,0.126021,0.0402113,-17.1836,8.357,7.332,1.025,0.131178,0.0367174,8.429,7.373,1.056,80,30,,train,0.5449999999999999,1,1.0,train,train,train,test,train,train,test,train,train,train,0.50383127
3518,2020_Townsend,CC(C)C[C@@H]1NC(=O)[C@@H](C)N(C)C(=O)[C@H](Cc2ccccc2)NC(=O)[C@@H](CC(C)C)N(C)C(=O)[C@H]2CCCN2C(=O)[C@@H](CC(C)C)N(C)C1=O,hexa_1004,3518,-5.25,6,6,Circle,0.125623,0.0363744,-19.9342,8.373,7.334,1.039,0.125997,0.0406371,8.458,7.424,1.034,49,90,,train,0.375,1,1.0,train,train,train,test,train,train,test,valid,train,train,0.5522793
3513,2020_Townsend,CC(C)C[C@@H]1NC(=O)[C@H]2CCCN2C(=O)[C@H](CC(C)C)NC(=O)[C@@H](CC(C)C)N(C)C(=O)[C@@H](C)N(C)C(=O)[C@H](Cc2ccccc2)NC1=O,hexa_999,3513,-5.1,6,6,Circle,0.131336,0.0439542,-27.6329,8.466,7.349,1.117,0.1668,0.0509467,8.185,7.155,1.03,92,24,,train,0.4500000000000002,1,1.0,train,train,train,test,train,train,test,train,train,train,0.37253854
3511,2020_Townsend,CC(C)C[C@@H]1NC(=O)[C@@H](C)N(C)C(=O)[C@H](Cc2ccccc2)NC(=O)[C@@H](CC(C)C)N(C)C(=O)[C@H]2CCCN2C(=O)[C@H](CC(C)C)NC1=O,hexa_997,3511,-5.46,6,6,Circle,0.161484,0.0526327,-19.5419,8.268,7.238,1.03,0.111547,0.0295317,8.419,7.379,1.04,82,7,,train,0.27,1,1.0,train,test,train,test,train,train,test,train,train,train,0.3714383
3502,2020_Townsend,CC(C)C[C@H]1C(=O)N[C@@H](Cc2ccccc2)C(=O)N(C)[C@H](C)C(=O)N[C@H](CC(C)C)C(=O)N[C@H](CC(C)C)C(=O)N2CCC[C@@H]2C(=O)N1C,hexa_988,3502,-5.76,6,6,Circle,0.126568,0.0582991,-25.7054,8.343,7.192,1.151,0.144539,0.0391639,8.18,7.111,1.069,82,6,,train,0.1200000000000001,1,1.0,train,test,train,test,train,train,test,train,train,train,0.34766826
3480,2020_Townsend,CC(C)C[C@@H]1NC(=O)[C@H](C)N(C)C(=O)[C@H](Cc2ccccc2)NC(=O)CN(Cc2ccccc2)C(=O)[C@H]2CCCN2C(=O)CN(Cc2ccccc2)C1=O,hexa_966,3480,-10.0,6,6,Circle,0.153308,0.0573919,-39.457,8.207,7.005,1.202,0.204825,0.0718047,8.456,7.223,1.233,40,60,,train,-1.0,0,0.0,train,train,train,train,test,train,test,train,train,train,0.16846651
3470,2020_Townsend,CC(C)C[C@H]1NC(=O)[C@H](C)N(C)C(=O)[C@H](Cc2ccccc2)NC(=O)[C@@H](CC(C)C)N(C)C(=O)[C@H]2CCCN2C(=O)C[C@H](Cc2ccccc2)NC1=O,hexa_956,3470,-5.53,6,6,Circle,0.166643,0.0373776,-17.4551,8.47,7.491,0.979,0.158378,0.0535258,8.403,7.352,1.051,94,95,,train,0.2349999999999998,1,1.0,train,train,train,train,train,test,test,train,valid,train,0.1531367
3432,2020_Townsend,CC(C)C[C@@H]1NC(=O)[C@@H](CC(C)C)NC(=O)[C@H](C)N(C)C(=O)[C@H](Cc2ccccc2)NC(=O)[C@H](CC(C)C)N(C)C(=O)[C@H]2CCCN2C1=O,hexa_918,3432,-4.89,6,6,Circle,0.16942,0.0626091,-19.5157,8.295,7.128,1.167,0.110896,0.0376512,7.981,6.979,1.002,55,85,,train,0.5550000000000002,1,1.0,train,valid,valid,train,train,train,test,train,test,train,0.4589506
3420,2020_Townsend,CC(C)C[C@H]1NC(=O)[C@H]2CCCN2C(=O)[C@@H](CC(C)C)N(C)C(=O)[C@@H](CC(C)C)NC(=O)[C@H](C)N(C)C(=O)[C@H](Cc2ccccc2)NC1=O,hexa_906,3420,-4.99,6,6,Circle,0.182961,0.0689945,-23.8413,8.166,7.127,1.039,0.145062,0.0454378,8.12,7.2,0.92,96,50,,train,0.5049999999999999,1,1.0,train,valid,train,train,valid,train,test,valid,train,train,0.12766774
3416,2020_Townsend,CC(C)C[C@@H]1NC(=O)[C@H]2CCCN2C(=O)[C@H](CC(C)C)NC(=O)[C@@H](CC(C)C)NC(=O)[C@H](C)N(C)C(=O)[C@H](Cc2ccccc2)NC1=O,hexa_902,3416,-6.01,6,6,Circle,0.162822,0.045459,-22.5533,8.212,7.028,1.184,0.169569,0.0752233,8.293,7.024,1.269,8,88,,test,-0.0049999999999998,0,0.0,test,valid,train,train,train,train,test,train,train,train,0.019459102
3415,2020_Townsend,CC(C)C[C@@H]1NC(=O)[C@H](C)N(C)C(=O)[C@H](Cc2ccccc2)NC(=O)[C@@H](CC(C)C)NC(=O)[C@H]2CCCN2C(=O)[C@H](CC(C)C)NC1=O,hexa_901,3415,-6.06,6,6,Circle,0.20256,0.081391,-22.7731,8.299,7.097,1.202,0.17572,0.0642511,8.085,7.016,1.069,77,9,,train,-0.0299999999999998,0,0.0,train,train,train,train,train,train,test,train,valid,test,-0.15042461
3412,2020_Townsend,CC(C)C[C@@H]1NC(=O)[C@H]2CCCN2C(=O)[C@@H](CC(C)C)NC(=O)[C@@H](CC(C)C)NC(=O)[C@H](C)N(C)C(=O)[C@H](Cc2ccccc2)NC1=O,hexa_898,3412,-6.11,6,6,Circle,0.115213,0.0379062,-25.4348,8.24,7.014,1.226,0.114024,0.0366502,8.238,7.014,1.224,86,39,,train,-0.0550000000000001,0,0.0,train,test,train,test,train,valid,test,train,train,train,-0.5095955
3409,2020_Townsend,CC(C)C[C@H]1C(=O)N[C@@H](Cc2ccccc2)CC(=O)N2CCC[C@H]2C(=O)N(Cc2ccccc2)CC(=O)N[C@@H](Cc2ccccc2)C(=O)N(C)[C@H](C)C(=O)N1C,hexa_895,3409,-5.36,6,6,Circle,0.195803,0.0504636,-39.8677,9.155,8.034,1.121,0.15221,0.0291656,8.787,7.82,0.967,23,98,,train,0.3199999999999998,1,1.0,train,train,train,train,test,train,test,train,train,train,0.18004772
3407,2020_Townsend,CC(C)C[C@H]1C(=O)N(Cc2ccccc2)CC(=O)N2CCC[C@H]2C(=O)N(Cc2ccccc2)CC(=O)N[C@@H](Cc2ccccc2)C(=O)N(C)[C@H](C)C(=O)N1C,hexa_893,3407,-5.3,6,6,Circle,0.166016,0.0507053,-40.3198,8.768,7.7,1.068,0.181025,0.0582112,8.382,7.386,0.996,71,76,,test,0.3500000000000001,1,1.0,test,train,train,test,train,test,test,train,train,valid,0.25312802
3399,2020_Townsend,CC(C)C[C@H]1C(=O)N[C@@H](Cc2ccccc2)C(=O)N(C)[C@H](C)C(=O)N(C)[C@@H](CC(C)C)C(=O)N(Cc2ccccc2)CC(=O)N2CCC[C@H]2C(=O)N1C,hexa_885,3399,-4.94,6,6,Circle,0.162994,0.0382264,-16.9079,8.472,7.46,1.012,0.121705,0.0418361,8.177,7.095,1.082,34,89,,train,0.5299999999999998,1,1.0,train,train,train,valid,train,train,test,train,train,train,0.5055299
3394,2020_Townsend,CC(C)C[C@@H]1NC(=O)[C@@H]2CCCN2C(=O)C[C@H](Cc2ccccc2)NC(=O)[C@@H](CC(C)C)N(C)C(=O)[C@@H](C)N(C)C(=O)[C@H](Cc2ccccc2)NC1=O,hexa_880,3394,-5.42,6,6,Circle,0.169759,0.0387161,-30.6201,8.967,7.773,1.194,0.150281,0.0385136,8.945,7.698,1.247,45,34,,train,0.29,1,1.0,train,train,test,train,train,train,test,train,train,valid,-0.06292918
3372,2020_Townsend,CC(C)C[C@H]1NC(=O)[C@@H](C)N(C)C(=O)[C@H](Cc2ccccc2)NC(=O)CN(Cc2ccccc2)C(=O)[C@@H]2CCCN2C(=O)[C@@H](CC(C)C)N(C)C1=O,hexa_858,3372,-5.13,6,6,Circle,0.193161,0.0644058,-27.1601,8.714,7.634,1.08,0.175992,0.0455265,8.31,7.303,1.007,13,32,,train,0.435,1,1.0,train,train,train,train,train,train,test,valid,train,train,0.44032404
3347,2020_Townsend,CC(C)C[C@H]1C(=O)N2CCC[C@H]2C(=O)N[C@H](CC(C)C)C(=O)N[C@@H](Cc2ccccc2)C(=O)N(C)[C@H](C)C(=O)N(C)[C@H](CC(C)C)C(=O)N1C,hexa_833,3347,-5.7,6,6,Circle,0.125282,0.0322521,-24.7279,8.542,7.335,1.207,0.152053,0.0367216,8.477,7.435,1.042,74,89,,train,0.1499999999999999,1,1.0,train,train,train,train,train,valid,test,train,train,valid,0.1783928
3335,2020_Townsend,CC(C)C[C@@H]1NC(=O)[C@@H](CC(C)C)N(C)C(=O)[C@@H](C)N(C)C(=O)[C@H](Cc2ccccc2)NC(=O)[C@@H](CC(C)C)NC(=O)[C@@H]2CCCN2C1=O,hexa_821,3335,-4.97,6,6,Circle,0.204273,0.0760261,-22.9172,8.435,7.248,1.187,0.126788,0.0413504,8.297,7.184,1.113,77,81,,train,0.5150000000000001,1,1.0,train,train,valid,train,train,test,test,train,train,train,0.36621946
3330,2020_Townsend,CC(C)C[C@H]1C(=O)N[C@H](CC(C)C)C(=O)N2CCC[C@H]2C(=O)N[C@H](CC(C)C)C(=O)N[C@@H](Cc2ccccc2)C(=O)N(C)[C@H](C)C(=O)N1C,hexa_816,3330,-5.55,6,6,Circle,0.162624,0.051416,-28.3926,8.512,7.379,1.133,0.134264,0.038513,8.192,7.19,1.002,5,28,,train,0.2250000000000001,1,1.0,train,valid,train,train,train,train,test,train,train,valid,0.36024818
3326,2020_Townsend,CC(C)C[C@@H]1NC(=O)[C@@H]2CCCN2C(=O)[C@H](CC(C)C)NC(=O)[C@H](CC(C)C)NC(=O)[C@@H](C)N(C)C(=O)[C@H](Cc2ccccc2)NC1=O,hexa_812,3326,-6.26,6,6,Circle,0.122874,0.0325984,-24.4975,8.156,6.963,1.193,0.153729,0.0508799,8.292,7.029,1.263,84,7,,train,-0.1299999999999999,0,0.0,train,train,test,train,test,test,test,test,train,test,-0.2387374
3317,2020_Townsend,CC(C)C[C@H]1C(=O)N[C@@H](Cc2ccccc2)C(=O)N(C)[C@@H](C)C(=O)N(Cc2ccccc2)CC(=O)N[C@@H](Cc2ccccc2)CC(=O)N2CCC[C@H]2C(=O)N1C,hexa_803,3317,-5.28,6,6,Circle,0.250551,0.0877694,-24.4085,8.74,7.764,0.976,0.164902,0.0418077,8.876,7.858,1.018,82,93,,val,0.3599999999999999,1,1.0,valid,train,train,train,valid,train,test,train,train,train,0.31403401
3300,2020_Townsend,CC(C)C[C@H]1C(=O)N(C)[C@H](CC(C)C)C(=O)N2CCC[C@H]2C(=O)N(Cc2ccccc2)CC(=O)N[C@@H](Cc2ccccc2)C(=O)N(C)[C@@H](C)C(=O)N1C,hexa_786,3300,-4.82,6,6,Circle,0.169885,0.0308309,-20.668,8.479,7.397,1.082,0.16324,0.0545521,8.558,7.567,0.991,8,43,,train,0.5899999999999999,1,1.0,train,train,valid,train,train,train,test,train,train,test,0.5055119
3268,2020_Townsend,CC(C)C[C@@H]1NC(=O)[C@@H]2CCCN2C(=O)[C@H](CC(C)C)NC(=O)CN(Cc2ccccc2)C(=O)[C@H](C)N(C)C(=O)[C@H](Cc2ccccc2)NC1=O,hexa_754,3268,-5.88,6,6,Circle,0.174795,0.0717793,-28.1165,8.229,7.047,1.182,0.154173,0.0333974,8.218,7.139,1.079,63,4,,train,0.06,1,1.0,train,train,train,test,train,train,test,train,train,train,0.04983817
3263,2020_Townsend,CC(C)C[C@@H]1NC(=O)[C@H](C)N(C)C(=O)[C@H](Cc2ccccc2)NC(=O)[C@@H](CC(C)C)NC(=O)[C@@H]2CCCN2C(=O)CN(Cc2ccccc2)C1=O,hexa_749,3263,-5.83,6,6,Circle,0.186826,0.0525958,-37.0266,8.563,7.334,1.229,0.139515,0.0395489,8.082,6.954,1.128,75,97,,train,0.0849999999999999,1,1.0,train,train,train,train,train,train,test,train,valid,train,-0.0788274
3240,2020_Townsend,CC(C)C[C@@H]1NC(=O)[C@H](C)N(C)C(=O)[C@H](Cc2ccccc2)NC(=O)[C@@H](CC(C)C)N(C)C(=O)[C@@H]2CCCN2C(=O)[C@H](CC(C)C)NC1=O,hexa_726,3240,-5.11,6,6,Circle,0.131097,0.0399199,-20.2998,8.428,7.35,1.078,0.150748,0.0361829,8.355,7.357,0.998,59,16,,test,0.4449999999999998,1,1.0,test,test,valid,train,train,train,test,train,train,train,0.33302808
3229,2020_Townsend,CC(C)C[C@@H]1NC(=O)[C@H](C)N(C)C(=O)[C@H](Cc2ccccc2)NC(=O)[C@@H](CC(C)C)N(C)C(=O)[C@@H]2CCCN2C(=O)[C@@H](CC(C)C)NC1=O,hexa_715,3229,-5.07,6,6,Circle,0.160713,0.045466,-32.571,8.361,7.014,1.347,0.188966,0.0584703,8.337,7.236,1.101,77,29,,train,0.4649999999999998,1,1.0,train,valid,train,train,train,train,test,train,test,train,0.3949593
3223,2020_Townsend,CC(C)C[C@H]1NC(=O)[C@@H]2CCCN2C(=O)[C@@H](CC(C)C)NC(=O)[C@@H](CC(C)C)N(C)C(=O)[C@H](C)N(C)C(=O)[C@H](Cc2ccccc2)NC1=O,hexa_709,3223,-5.08,6,6,Circle,0.156755,0.0463776,-29.0641,8.514,7.212,1.302,0.149845,0.0500404,8.108,6.974,1.134,58,16,,train,0.4599999999999999,1,1.0,train,train,train,train,valid,train,test,train,test,valid,0.31809536
3214,2020_Townsend,CC(C)C[C@H]1C(=O)N[C@@H](Cc2ccccc2)C(=O)N[C@H](C)C(=O)N(Cc2ccccc2)CC(=O)N[C@@H](Cc2ccccc2)CC(=O)N2CCC[C@@H]2C(=O)N1C,hexa_700,3214,-5.63,6,6,Circle,0.17944,0.0521447,-27.6819,8.695,7.541,1.154,0.176139,0.0394902,8.667,7.562,1.105,66,25,,train,0.185,1,1.0,train,train,test,train,train,train,test,train,train,train,0.0016102865
3197,2020_Townsend,CC(C)C[C@@H]1C(=O)N2CCC[C@@H]2C(=O)N(C)[C@H](CC(C)C)C(=O)N[C@@H](Cc2ccccc2)C(=O)N[C@H](C)C(=O)N(Cc2ccccc2)CC(=O)N1C,hexa_683,3197,-5.48,6,6,Circle,0.111286,0.0391204,-36.1966,8.471,7.239,1.232,0.176469,0.0422277,8.167,7.072,1.095,96,41,,train,0.2599999999999998,1,1.0,train,train,train,valid,train,train,test,train,train,train,0.3029262
3191,2020_Townsend,CC(C)C[C@@H]1NC(=O)[C@@H](C)NC(=O)[C@H](Cc2ccccc2)NC(=O)[C@H](CC(C)C)NC(=O)[C@H]2CCCN2C(=O)C[C@H](Cc2ccccc2)NC1=O,hexa_677,3191,-10.0,6,6,Circle,0.182879,0.0603243,-24.5741,8.334,7.194,1.14,0.149595,0.038956,8.4,7.366,1.034,100,67,,train,-1.0,0,0.0,train,train,train,train,train,train,test,train,train,train,-0.38184014
3187,2020_Townsend,CC(C)C[C@H]1C(=O)N[C@@H](Cc2ccccc2)C(=O)N[C@H](C)C(=O)N[C@H](CC(C)C)C(=O)N(Cc2ccccc2)CC(=O)N2CCC[C@@H]2C(=O)N1C,hexa_673,3187,-5.89,6,6,Circle,0.176149,0.060657,-27.9907,8.507,7.421,1.086,0.153317,0.047819,7.951,7.033,0.918,18,56,,train,0.0550000000000001,1,1.0,train,train,train,train,test,train,test,train,train,train,-0.0694559
3185,2020_Townsend,CC(C)C[C@@H]1NC(=O)[C@@H](C)NC(=O)[C@H](Cc2ccccc2)NC(=O)CN(Cc2ccccc2)C(=O)[C@H]2CCCN2C(=O)[C@@H](CC(C)C)N(C)C1=O,hexa_671,3185,-5.9,6,6,Circle,0.168078,0.0742704,-26.1569,8.284,7.066,1.218,0.148144,0.0404851,8.154,7.169,0.985,68,21,,train,0.0499999999999998,1,1.0,train,train,train,train,train,train,test,valid,train,train,0.042787913
3179,2020_Townsend,CC(C)C[C@H]1NC(=O)[C@H]2CCCN2C(=O)CN(Cc2ccccc2)C(=O)[C@@H](CC(C)C)N(C)C(=O)[C@@H](C)NC(=O)[C@H](Cc2ccccc2)NC1=O,hexa_665,3179,-5.2,6,6,Circle,0.188507,0.0920187,-24.6304,8.189,7.127,1.062,0.144919,0.0463174,8.388,7.346,1.042,8,24,,train,0.3999999999999999,1,1.0,train,train,train,train,test,train,test,train,train,train,-0.015628016
3177,2020_Townsend,CC(C)C[C@H]1NC(=O)[C@@H](C)NC(=O)[C@H](Cc2ccccc2)NC(=O)[C@@H](CC(C)C)N(C)C(=O)[C@H]2CCCN2C(=O)CN(Cc2ccccc2)C1=O,hexa_663,3177,-6.09,6,6,Circle,0.160068,0.055051,-38.8913,8.633,7.468,1.165,0.11812,0.0296613,8.224,7.222,1.002,61,6,,train,-0.0449999999999999,0,0.0,train,test,test,train,train,train,test,train,train,valid,-0.12572524
3175,2020_Townsend,CC(C)C[C@H]1NC(=O)[C@@H](C)NC(=O)[C@H](Cc2ccccc2)NC(=O)CN(Cc2ccccc2)C(=O)[C@H]2CCCN2C(=O)[C@@H](CC(C)C)N(C)C1=O,hexa_661,3175,-6.37,6,6,Circle,0.220862,0.0806146,-24.9767,8.159,7.006,1.153,0.150271,0.0370898,8.234,7.176,1.058,31,89,,train,-0.185,0,0.0,train,valid,train,train,train,train,test,valid,valid,train,-0.15955018
3143,2020_Townsend,CC(C)C[C@@H]1NC(=O)[C@H]2CCCN2C(=O)[C@H](CC(C)C)N(C)C(=O)[C@H](CC(C)C)NC(=O)[C@@H](C)NC(=O)[C@H](Cc2ccccc2)NC1=O,hexa_629,3143,-5.16,6,6,Circle,0.162984,0.0606659,-26.9813,8.138,6.973,1.165,0.13478,0.0385734,7.914,6.797,1.117,15,54,,train,0.4199999999999999,1,1.0,train,test,train,train,train,train,test,train,train,train,-0.1954368
3137,2020_Townsend,CC(C)C[C@@H]1NC(=O)[C@H]2CCCN2C(=O)[C@@H](CC(C)C)N(C)C(=O)[C@H](CC(C)C)NC(=O)[C@@H](C)NC(=O)[C@H](Cc2ccccc2)NC1=O,hexa_623,3137,-6.15,6,6,Circle,0.19159,0.0644079,-26.9659,8.359,7.175,1.184,0.107454,0.0449037,7.86,6.842,1.018,42,39,,train,-0.0750000000000001,0,0.0,train,train,test,train,valid,test,test,train,valid,train,0.006301512
3122,2020_Townsend,CC(C)C[C@@H]1NC(=O)[C@H]2CCCN2C(=O)[C@H](CC(C)C)NC(=O)[C@@H](CC(C)C)NC(=O)[C@@H](C)NC(=O)[C@H](Cc2ccccc2)NC1=O,hexa_608,3122,-6.8,6,6,Circle,0.184029,0.0774196,-26.2125,8.232,6.975,1.257,0.143665,0.0397305,7.928,6.832,1.096,26,2,,train,-0.3999999999999999,0,0.0,train,train,train,valid,train,train,test,train,train,train,0.15801528
3118,2020_Townsend,C[C@@H]1NC(=O)[C@H](Cc2ccccc2)NC(=O)CN(Cc2ccccc2)C(=O)[C@H]2CCCN2C(=O)CN(Cc2ccccc2)C(=O)CN(Cc2ccccc2)C1=O,hexa_604,3118,-6.79,6,6,Circle,0.187322,0.0446593,-36.0119,8.523,7.311,1.212,0.159979,0.0416074,8.679,7.657,1.022,80,8,,train,-0.395,0,0.0,train,valid,train,train,train,train,test,train,train,train,-0.14752832
3112,2020_Townsend,CC(C)C[C@H]1C(=O)N2CCC[C@@H]2C(=O)N(C)[C@@H](CC(C)C)C(=O)N[C@@H](Cc2ccccc2)C(=O)N[C@@H](C)C(=O)N(Cc2ccccc2)CC(=O)N1C,hexa_598,3112,-5.19,6,6,Circle,0.18363,0.0492221,-18.7332,8.5,7.36,1.14,0.17658,0.0749016,8.371,7.353,1.018,58,34,,train,0.4049999999999998,1,1.0,train,train,train,train,valid,train,test,train,train,test,0.33547077
3055,2020_Townsend,CC(C)C[C@H]1NC(=O)[C@@H](CC(C)C)N(C)C(=O)[C@H](C)NC(=O)[C@H](Cc2ccccc2)NC(=O)[C@@H](CC(C)C)N(C)C(=O)[C@H]2CCCN2C1=O,hexa_541,3055,-5.2,6,6,Circle,0.105358,0.0404982,-21.9851,8.288,7.197,1.091,0.116854,0.0430884,8.076,6.846,1.23,77,22,,val,0.3999999999999999,1,1.0,valid,train,train,train,train,train,test,train,test,test,0.30352035
3042,2020_Townsend,CC(C)C[C@H]1C(=O)N2CCC[C@@H]2C(=O)N[C@H](CC(C)C)C(=O)N[C@@H](Cc2ccccc2)C(=O)N[C@@H](C)C(=O)N[C@H](CC(C)C)C(=O)N1C,hexa_528,3042,-5.72,6,6,Circle,0.130725,0.0389044,-30.0326,8.346,7.018,1.328,0.179854,0.0634083,7.959,6.75,1.209,71,56,,train,0.1400000000000001,1,1.0,train,train,valid,train,valid,train,test,train,train,train,0.21505213
3038,2020_Townsend,CC(C)C[C@@H]1NC(=O)[C@H]2CCCN2C(=O)[C@@H](CC(C)C)NC(=O)[C@@H](CC(C)C)N(C)C(=O)[C@H](C)NC(=O)[C@H](Cc2ccccc2)NC1=O,hexa_524,3038,-6.35,6,6,Circle,0.178254,0.0709978,-25.7713,8.189,6.948,1.241,0.137238,0.0369737,8.163,7.04,1.123,60,45,,train,-0.1749999999999998,0,0.0,train,train,train,train,train,train,test,train,train,train,-0.30886492
3023,2020_Townsend,CC(C)C[C@H]1C(=O)N[C@@H](Cc2ccccc2)C(=O)N[C@H](C)C(=O)N(Cc2ccccc2)CC(=O)N[C@@H](Cc2ccccc2)CC(=O)N2CCC[C@H]2C(=O)N1C,hexa_509,3023,-5.53,6,6,Circle,0.165452,0.0419306,-28.1777,8.535,7.462,1.073,0.14761,0.0334925,8.631,7.566,1.065,100,14,,train,0.2349999999999998,1,1.0,train,train,train,train,test,test,test,test,train,valid,0.11664689
3019,2020_Townsend,CC(C)C[C@@H]1NC(=O)[C@@H]2CCCN2C(=O)C[C@H](Cc2ccccc2)NC(=O)CN(Cc2ccccc2)C(=O)[C@@H](C)NC(=O)[C@H](Cc2ccccc2)NC1=O,hexa_505,3019,-6.07,6,6,Circle,0.179812,0.0511838,-26.9041,8.348,7.226,1.122,0.148804,0.0387451,8.561,7.488,1.073,48,73,,train,-0.0350000000000001,0,0.0,train,valid,train,train,train,train,test,test,train,test,-0.28956857
2998,2020_Townsend,CC(C)C[C@@H]1NC(=O)[C@H](CC(C)C)N(C)C(=O)[C@@H](C)NC(=O)[C@H](Cc2ccccc2)NC(=O)CN(Cc2ccccc2)C(=O)[C@@H]2CCCN2C1=O,hexa_484,2998,-5.5,6,6,Circle,0.170636,0.0426464,-24.9126,8.485,7.355,1.13,0.171081,0.0536062,8.366,7.231,1.135,27,79,,train,0.25,1,1.0,train,train,train,train,train,train,test,train,train,train,0.36878142
2976,2020_Townsend,CC(C)C[C@@H]1NC(=O)[C@@H](C)NC(=O)[C@H](Cc2ccccc2)NC(=O)[C@H](CC(C)C)N(C)C(=O)[C@@H]2CCCN2C(=O)[C@H](CC(C)C)N(C)C1=O,hexa_462,2976,-6.02,6,6,Circle,0.144998,0.0487661,-19.4508,8.205,7.118,1.087,0.143236,0.0515458,8.147,7.124,1.023,100,69,,train,-0.0099999999999997,0,0.0,train,train,train,train,test,train,test,train,train,train,0.048722964
2971,2020_Townsend,CC(C)C[C@@H]1NC(=O)[C@H](CC(C)C)N(C)C(=O)[C@@H](C)NC(=O)[C@H](Cc2ccccc2)NC(=O)[C@@H](CC(C)C)N(C)C(=O)[C@@H]2CCCN2C1=O,hexa_457,2971,-5.49,6,6,Circle,0.15374,0.043345,-20.1319,8.351,7.289,1.062,0.130078,0.0415607,8.463,7.339,1.124,62,79,,train,0.2549999999999999,1,1.0,train,train,train,train,train,train,test,train,train,valid,0.47455114
2948,2020_Townsend,CC(C)C[C@@H]1NC(=O)[C@@H](C)NC(=O)[C@H](Cc2ccccc2)NC(=O)[C@H](CC(C)C)N(C)C(=O)[C@@H]2CCCN2C(=O)[C@@H](CC(C)C)NC1=O,hexa_434,2948,-5.87,6,6,Circle,0.153742,0.0407816,-34.1718,8.331,7.1,1.231,0.128768,0.0419637,8.066,6.958,1.108,54,52,,train,0.0649999999999999,1,1.0,train,test,train,train,train,train,test,train,train,train,0.11474446
2947,2020_Townsend,CC(C)C[C@@H]1NC(=O)[C@@H](CC(C)C)NC(=O)[C@@H](C)NC(=O)[C@H](Cc2ccccc2)NC(=O)[C@H](CC(C)C)N(C)C(=O)[C@@H]2CCCN2C1=O,hexa_433,2947,-6.31,6,6,Circle,0.14677,0.0491329,-22.2002,8.323,7.099,1.224,0.134138,0.0684343,8.116,6.966,1.15,5,54,,train,-0.1549999999999998,0,0.0,train,train,train,train,valid,train,test,train,train,train,-0.23840514
2938,2020_Townsend,CC(C)C[C@H]1NC(=O)[C@@H]2CCCN2C(=O)[C@@H](CC(C)C)N(C)C(=O)[C@@H](CC(C)C)NC(=O)[C@@H](C)NC(=O)[C@H](Cc2ccccc2)NC1=O,hexa_424,2938,-5.69,6,6,Circle,0.172245,0.0607898,-29.1363,8.29,6.948,1.342,0.137617,0.0422923,8.201,6.978,1.223,20,8,,train,0.1549999999999998,1,1.0,train,train,train,train,train,valid,test,train,test,train,-0.117122225
2927,2020_Townsend,CC(C)C[C@H]1C(=O)N(Cc2ccccc2)CC(=O)N2CCC[C@H]2C(=O)N(Cc2ccccc2)CC(=O)N[C@@H](Cc2ccccc2)C(=O)N[C@@H](C)C(=O)N1C,hexa_413,2927,-5.5,6,6,Circle,0.207929,0.0652858,-34.4673,8.791,7.65,1.141,0.158377,0.0433745,8.56,7.668,0.892,20,55,,train,0.25,1,1.0,train,test,train,train,train,train,test,train,train,train,0.14872548
2923,2020_Townsend,CC(C)C[C@@H]1NC(=O)[C@H](C)NC(=O)[C@H](Cc2ccccc2)NC(=O)CN(Cc2ccccc2)C(=O)[C@@H]2CCCN2C(=O)CN(Cc2ccccc2)C1=O,hexa_409,2923,-5.95,6,6,Circle,0.242105,0.113146,-42.772,8.476,7.21,1.266,0.138749,0.0441411,8.021,6.842,1.179,61,49,,train,0.0249999999999999,1,1.0,train,train,train,train,train,train,test,train,train,train,0.016449807
2913,2020_Townsend,CC(C)C[C@H]1C(=O)N[C@@H](Cc2ccccc2)CC(=O)N2CCC[C@H]2C(=O)N[C@H](CC(C)C)C(=O)N[C@@H](Cc2ccccc2)C(=O)N[C@@H](C)C(=O)N1C,hexa_399,2913,-6.89,6,6,Circle,0.285308,0.125175,-28.6777,8.837,7.592,1.245,0.111727,0.0366833,7.965,6.921,1.044,27,45,,val,-0.4449999999999998,0,0.0,valid,train,train,train,test,train,test,valid,train,train,0.07990745
2899,2020_Townsend,CC(C)C[C@@H]1NC(=O)[C@H](C)NC(=O)[C@H](Cc2ccccc2)NC(=O)[C@@H](CC(C)C)N(C)C(=O)[C@@H]2CCCN2C(=O)CN(Cc2ccccc2)C1=O,hexa_385,2899,-6.01,6,6,Circle,0.216147,0.0830653,-28.3237,8.345,7.181,1.164,0.137914,0.0476583,7.76,6.568,1.192,60,22,,test,-0.0049999999999998,0,0.0,test,train,train,train,train,valid,test,train,train,train,-0.028213738
2886,2020_Townsend,CC(C)C[C@H]1C(=O)N(C)[C@H](CC(C)C)C(=O)N2CCC[C@H]2C(=O)N(C)[C@H](CC(C)C)C(=O)N[C@@H](Cc2ccccc2)C(=O)N[C@@H](C)C(=O)N1C,hexa_372,2886,-5.07,6,6,Circle,0.174404,0.054974,-18.937,8.401,7.363,1.038,0.160167,0.0526848,8.302,7.307,0.995,58,73,,train,0.4649999999999998,1,1.0,train,train,train,train,train,train,test,train,train,train,0.41628844
2859,2020_Townsend,CC(C)C[C@@H]1NC(=O)[C@@H](CC(C)C)NC(=O)[C@H](C)NC(=O)[C@H](Cc2ccccc2)NC(=O)[C@H](CC(C)C)N(C)C(=O)[C@@H]2CCCN2C1=O,hexa_345,2859,-5.88,6,6,Circle,0.132109,0.05922,-22.5303,8.004,6.83,1.174,0.11113,0.0439361,8.213,7.014,1.199,90,77,,train,0.06,1,1.0,train,train,train,valid,test,train,test,train,train,train,-0.12658578
2836,2020_Townsend,CCCN1CC(=O)N(C)[C@H](CC(C)C)C(=O)N(Cc2ccccc2)CC(=O)N2CCC[C@H]2C(=O)N(Cc2ccccc2)CC(=O)N[C@@H](Cc2ccccc2)C1=O,hexa_322,2836,-5.59,6,6,Circle,0.195515,0.0515679,-24.3759,8.763,7.767,0.996,0.178666,0.0498462,8.632,7.691,0.941,38,73,,test,0.205,1,1.0,test,train,train,train,train,train,test,train,train,train,0.30259416
2834,2020_Townsend,CCCN1CC(=O)N[C@@H](CC(C)C)C(=O)N(Cc2ccccc2)CC(=O)N2CCC[C@H]2C(=O)N(Cc2ccccc2)CC(=O)N[C@@H](Cc2ccccc2)C1=O,hexa_320,2834,-5.28,6,6,Circle,0.216969,0.0809336,-27.746,8.665,7.531,1.134,0.202753,0.0656545,8.65,7.581,1.069,63,38,,train,0.3599999999999999,1,1.0,train,train,train,train,train,valid,test,train,valid,train,0.25318485
2822,2020_Townsend,CCCN1CC(=O)N[C@@H](CC(C)C)C(=O)N(C)[C@@H](CC(C)C)C(=O)N2CCC[C@H]2C(=O)N(Cc2ccccc2)CC(=O)N[C@@H](Cc2ccccc2)C1=O,hexa_308,2822,-4.99,6,6,Circle,0.138788,0.0447661,-27.1499,8.769,7.627,1.142,0.189516,0.0430188,8.563,7.579,0.984,60,29,,train,0.5049999999999999,1,1.0,train,train,train,train,test,train,test,train,train,train,0.48516202
2811,2020_Townsend,CCCN1CC(=O)N(C)[C@H](CC(C)C)C(=O)N[C@H](CC(C)C)C(=O)N2CCC[C@H]2C(=O)N(Cc2ccccc2)CC(=O)N[C@@H](Cc2ccccc2)C1=O,hexa_297,2811,-5.89,6,6,Circle,0.212563,0.0656278,-25.5082,9.004,7.957,1.047,0.150022,0.0384107,8.378,7.537,0.841,20,24,,train,0.0550000000000001,1,1.0,train,train,train,valid,train,train,test,train,train,train,0.2529985
2805,2020_Townsend,CCCN1CC(=O)N(C)[C@@H](CC(C)C)C(=O)N[C@@H](CC(C)C)C(=O)N2CCC[C@H]2C(=O)N(C)[C@@H](CC(C)C)C(=O)N[C@@H](Cc2ccccc2)C1=O,hexa_291,2805,-4.82,6,6,Circle,0.124331,0.0440528,-15.2913,8.418,7.484,0.934,0.1265,0.0402294,8.547,7.578,0.969,77,99,,train,0.5899999999999999,1,1.0,train,train,train,train,valid,train,test,train,train,train,0.59395534
2801,2020_Townsend,CCCN1CC(=O)N[C@H](CC(C)C)C(=O)N(Cc2ccccc2)CC(=O)N2CCC[C@H]2C(=O)N[C@@H](CC(C)C)C(=O)N[C@@H](Cc2ccccc2)C1=O,hexa_287,2801,-5.55,6,6,Circle,0.195638,0.0799403,-27.6317,8.484,7.356,1.128,0.160091,0.0374076,8.367,7.352,1.015,20,74,,train,0.2250000000000001,1,1.0,train,train,train,train,train,test,test,train,train,train,0.10269972
2770,2020_Townsend,CCCN1CC(=O)N[C@H](CC(C)C)C(=O)N[C@H](CC(C)C)C(=O)N2CCC[C@H]2C(=O)N[C@@H](CC(C)C)C(=O)N[C@@H](Cc2ccccc2)C1=O,hexa_256,2770,-5.08,6,6,Circle,0.157795,0.0448752,-22.6135,8.236,7.073,1.163,0.215506,0.104068,8.17,7.106,1.064,93,8,,val,0.4599999999999999,1,1.0,valid,train,train,valid,valid,train,test,test,valid,test,-0.013247004
2752,2020_Townsend,CCCN1CC(=O)N(Cc2ccccc2)CC(=O)N(C)[C@H](CC(C)C)C(=O)N2CCC[C@@H]2C(=O)N(C)[C@H](CC(C)C)C(=O)N[C@@H](Cc2ccccc2)C1=O,hexa_238,2752,-5.54,6,6,Circle,0.131355,0.0440289,-33.0508,8.87,7.751,1.119,0.172357,0.0594175,8.847,7.729,1.118,23,69,,test,0.2299999999999999,1,1.0,test,test,train,test,train,train,test,train,train,test,0.32730973
2741,2020_Townsend,CCCN1CC(=O)N(C)[C@H](CC(C)C)C(=O)N(Cc2ccccc2)CC(=O)N2CCC[C@@H]2C(=O)N[C@H](CC(C)C)C(=O)N[C@@H](Cc2ccccc2)C1=O,hexa_227,2741,-5.33,6,6,Circle,0.165644,0.0442102,-25.4586,8.522,7.551,0.971,0.143749,0.0415302,8.647,7.822,0.825,69,61,,train,0.3349999999999999,1,1.0,train,train,valid,test,valid,train,test,train,train,valid,0.30669376
2732,2020_Townsend,CCCN1CC(=O)N[C@@H](CC(C)C)C(=O)N(C)[C@@H](CC(C)C)C(=O)N2CCC[C@@H]2C(=O)N(C)[C@@H](CC(C)C)C(=O)N[C@@H](Cc2ccccc2)C1=O,hexa_218,2732,-5.01,6,6,Circle,0.161595,0.0516813,-21.6617,8.63,7.614,1.016,0.138791,0.0406947,8.494,7.599,0.895,46,12,,train,0.4950000000000001,1,1.0,train,train,train,train,train,train,test,train,train,train,0.5837701
2729,2020_Townsend,CCCN1CC(=O)N[C@@H](CC(C)C)C(=O)N(Cc2ccccc2)CC(=O)N2CCC[C@@H]2C(=O)N[C@H](CC(C)C)C(=O)N[C@@H](Cc2ccccc2)C1=O,hexa_215,2729,-6.11,6,6,Circle,0.184082,0.0735377,-38.336,8.559,7.377,1.182,0.168153,0.0430666,8.668,7.517,1.151,50,11,,train,-0.0550000000000001,0,0.0,train,train,valid,test,train,test,test,train,train,train,0.1582773
2713,2020_Townsend,CCCN1CC(=O)N[C@@H](CC(C)C)C(=O)N[C@@H](CC(C)C)C(=O)N2CCC[C@@H]2C(=O)N(C)[C@@H](CC(C)C)C(=O)N[C@@H](Cc2ccccc2)C1=O,hexa_199,2713,-5.16,6,6,Circle,0.169056,0.0625785,-22.7067,8.544,7.544,1.0,0.136804,0.0371732,8.718,7.633,1.085,34,46,,train,0.4199999999999999,1,1.0,train,train,train,test,train,train,test,train,train,train,0.42644617
2705,2020_Townsend,CCCN1CC(=O)N[C@H](CC(C)C)C(=O)N(C)[C@@H](CC(C)C)C(=O)N2CCC[C@@H]2C(=O)N[C@H](CC(C)C)C(=O)N[C@@H](Cc2ccccc2)C1=O,hexa_191,2705,-5.02,6,6,Circle,0.10507,0.039614,-22.1808,8.506,7.294,1.212,0.142174,0.0365708,8.342,7.285,1.057,74,49,,test,0.4900000000000002,1,1.0,test,train,train,train,train,train,test,train,train,train,0.42346558
2698,2020_Townsend,CCCN1CC(=O)N(C)[C@H](CC(C)C)C(=O)N[C@H](CC(C)C)C(=O)N2CCC[C@@H]2C(=O)N[C@H](CC(C)C)C(=O)N[C@@H](Cc2ccccc2)C1=O,hexa_184,2698,-5.76,6,6,Circle,0.181356,0.0725479,-27.7865,8.574,7.421,1.153,0.13281,0.0299063,8.549,7.547,1.002,9,92,,val,0.1200000000000001,1,1.0,valid,test,train,train,train,train,test,train,train,train,0.3919873
2694,2020_Townsend,CCCN1CC(=O)N[C@H](CC(C)C)C(=O)N[C@@H](CC(C)C)C(=O)N2CCC[C@@H]2C(=O)N[C@H](CC(C)C)C(=O)N[C@@H](Cc2ccccc2)C1=O,hexa_180,2694,-5.18,6,6,Circle,0.199279,0.0794311,-26.2509,8.373,7.099,1.274,0.140842,0.04142,8.119,7.16,0.959,14,92,,train,0.4100000000000001,1,1.0,train,train,train,train,train,valid,test,train,test,train,0.2945465
2662,2020_Townsend,CC(C)C[C@@H]1NC(=O)[C@@H]2CCCN2C(=O)CN(Cc2ccccc2)C(=O)[C@H](CC(C)C)N(C)C(=O)C[C@H](Cc2ccccc2)NC(=O)[C@H](Cc2ccccc2)NC1=O,hexa_148,2662,-5.69,6,6,Circle,0.165735,0.0348749,-26.7625,8.822,7.65,1.172,0.186966,0.0450683,8.688,7.669,1.019,66,95,,train,0.1549999999999998,1,1.0,train,train,train,train,train,test,test,train,test,train,0.2103244
2644,2020_Townsend,CC(C)C[C@@H]1C(=O)N(C)[C@H](CC(C)C)C(=O)N2CCC[C@H]2C(=O)N(C)[C@H](CC(C)C)C(=O)N[C@@H](Cc2ccccc2)C(=O)N[C@@H](Cc2ccccc2)CC(=O)N1C,hexa_130,2644,-5.16,6,6,Circle,0.174757,0.0503127,-16.5443,9.385,8.315,1.07,0.159119,0.0432143,9.462,8.497,0.965,53,33,,train,0.4199999999999999,1,1.0,train,test,train,test,valid,train,test,train,valid,train,0.32378623
2606,2020_Townsend,CC(C)C[C@@H]1NC(=O)C[C@H](Cc2ccccc2)NC(=O)[C@H](Cc2ccccc2)NC(=O)[C@@H](CC(C)C)NC(=O)[C@@H]2CCCN2C(=O)[C@@H](CC(C)C)N(C)C1=O,hexa_92,2606,-5.33,6,6,Circle,0.147679,0.0431071,-22.0848,8.338,7.212,1.126,0.208226,0.0694801,8.934,7.809,1.125,67,42,,train,0.3349999999999999,1,1.0,train,train,test,train,train,train,test,train,train,train,0.42620495
2605,2020_Townsend,CC(C)C[C@H]1C(=O)N[C@@H](Cc2ccccc2)C(=O)N[C@@H](Cc2ccccc2)CC(=O)N[C@H](CC(C)C)C(=O)N[C@H](CC(C)C)C(=O)N2CCC[C@H]2C(=O)N1C,hexa_91,2605,-5.13,6,6,Circle,0.148517,0.0444602,-13.8185,8.522,7.566,0.956,0.144119,0.0306132,8.684,7.699,0.985,63,80,,train,0.435,1,1.0,train,train,train,train,train,train,test,test,train,train,0.26925907
2593,2020_Townsend,O=C1CN(Cc2ccccc2)C(=O)C[C@H](Cc2ccccc2)NC(=O)[C@H](Cc2ccccc2)NC(=O)CN(Cc2ccccc2)C(=O)[C@H]2CCCN2C(=O)C[C@H](Cc2ccccc2)N1,hexa_79,2593,-5.73,6,6,Circle,0.297883,0.112568,-25.6187,9.132,8.075,1.057,0.180305,0.0478384,9.216,8.268,0.948,70,38,,train,0.1349999999999998,1,1.0,train,valid,train,train,valid,train,test,train,train,train,-0.057234876
2592,2020_Townsend,O=C1CN(Cc2ccccc2)C(=O)[C@H]2CCCN2C(=O)CN(Cc2ccccc2)C(=O)CN(Cc2ccccc2)C(=O)C[C@H](Cc2ccccc2)NC(=O)[C@H](Cc2ccccc2)N1,hexa_78,2592,-5.86,6,6,Circle,0.24057,0.0746044,-38.7196,9.501,8.412,1.089,0.204925,0.0550224,9.254,8.314,0.94,90,63,,train,0.0699999999999998,1,1.0,train,train,test,train,train,train,test,test,train,train,-0.24870312
2588,2020_Townsend,CC(C)C[C@H]1NC(=O)C[C@H](Cc2ccccc2)NC(=O)[C@H](Cc2ccccc2)NC(=O)CN(Cc2ccccc2)C(=O)[C@H]2CCCN2C(=O)C[C@H](Cc2ccccc2)NC1=O,hexa_74,2588,-5.76,6,6,Circle,0.233822,0.0492208,-37.3818,9.726,8.501,1.225,0.177512,0.040779,9.691,8.358,1.333,87,91,,train,0.1200000000000001,1,1.0,train,train,test,test,valid,test,test,train,test,train,0.14141732
2577,2020_Townsend,CC(C)C[C@H]1NC(=O)C[C@H](Cc2ccccc2)NC(=O)[C@H](Cc2ccccc2)NC(=O)[C@@H](CC(C)C)N(C)C(=O)[C@H]2CCCN2C(=O)C[C@H](Cc2ccccc2)NC1=O,hexa_63,2577,-5.55,6,6,Circle,0.167332,0.052603,-29.3818,9.43,8.142,1.288,0.280307,0.10236,9.201,8.061,1.14,100,35,,train,0.2250000000000001,1,1.0,train,train,test,train,valid,train,test,test,train,valid,0.29741806
2554,2020_Townsend,CC(C)C[C@@H]1NC(=O)[C@@H](CC(C)C)NC(=O)C[C@H](Cc2ccccc2)NC(=O)[C@H](Cc2ccccc2)NC(=O)CN(Cc2ccccc2)C(=O)[C@H]2CCCN2C1=O,hexa_40,2554,-5.74,6,6,Circle,0.153857,0.0434784,-25.364,8.754,7.618,1.136,0.198303,0.0519082,9.207,7.98,1.227,87,50,,train,0.1299999999999999,1,1.0,train,train,train,train,train,train,test,valid,train,train,0.19867554
2550,2020_Townsend,CC(C)C[C@H]1C(=O)N2CCC[C@@H]2C(=O)N(C)[C@@H](CC(C)C)C(=O)N[C@@H](Cc2ccccc2)C(=O)N[C@@H](Cc2ccccc2)CC(=O)N[C@H](CC(C)C)C(=O)N1C,hexa_36,2550,-5.5,6,6,Circle,0.137211,0.0333191,-23.3841,8.916,7.839,1.077,0.207096,0.0695833,9.067,8.037,1.03,38,53,,train,0.25,1,1.0,train,train,train,test,train,train,test,train,train,test,0.37260178
2523,2020_Townsend,CC(C)C[C@H]1NC(=O)C[C@H](Cc2ccccc2)NC(=O)[C@H](Cc2ccccc2)NC(=O)[C@@H](CC(C)C)N(C)C(=O)[C@H]2CCCN2C(=O)[C@@H](CC(C)C)NC1=O,hexa_9,2523,-5.32,6,6,Circle,0.150833,0.0400837,-29.6769,8.701,7.545,1.156,0.16595,0.0431997,8.823,7.726,1.097,76,59,,test,0.3399999999999998,1,1.0,test,test,train,train,valid,train,test,train,train,train,0.24852324
2361,2018_Naylor,CC(C)C[C@@H]1NC(=O)[C@H](CC(C)C)N(C)C(=O)[C@@H](CC(C)C)N(C)C(=O)[C@H](C)NC(=O)[C@H](Cc2ccccc2)N(C)C(=O)[C@H]2CCCN2C1=O,1NMe3-1Ala6F(68),2361,-5.03,6,6,Circle,0.165195,0.059104,-20.0289,8.613,7.622,0.991,0.146503,0.0479474,8.586,7.686,0.9,58,51,,train,0.4849999999999999,1,1.0,train,train,train,train,train,train,test,train,valid,valid,0.541858
2349,2018_Naylor,CC[C@H]1NC(=O)[C@H](CC(C)C)NC(=O)[C@H](Cc2ccc(O)cc2)NC(=O)[C@H]2CCCN2C(=O)[C@H](CC2CCCCC2)NC(=O)[C@H](CC2CCCCC2)NC1=O,1NMe3perNH-2Abu34Cha6Y(55),2349,-5.09,6,6,Circle,0.104346,0.0405666,-34.588,8.779,7.406,1.373,0.19402,0.0871172,9.018,7.619,1.399,95,11,,train,0.455,1,1.0,train,train,train,train,train,train,test,train,train,train,0.2315687
2334,2018_Naylor,CC(C)C[C@@H]1NC(=O)[C@H](Cc2ccccc2)NC(=O)[C@H]2CCCN2C(=O)[C@H](CC(C)C)NC(=O)[C@H](C)NC(=O)[C@@H](C)NC1=O,1NMe3perNH-23Ala6F(40),2334,-6.14,6,6,Circle,0.126227,0.0557634,-37.218,7.724,6.269,1.455,0.134728,0.0499978,7.494,6.304,1.19,60,11,-8.0,test,-0.0699999999999998,0,0.0,train,train,test,train,train,train,test,train,test,train,-0.18706581
2315,2018_Naylor,CC(C)C[C@@H]1NC(=O)[C@H](Cc2ccccc2)N(C)C(=O)[C@H]2CCCN2C(=O)[C@H](CC(C)C)NC(=O)[C@H](CC(C)C)N(C)C(=O)[C@@H](CC(C)C)N(C)C1=O,1NMe3-6F(21),2315,-6.16,6,6,Circle,0.174612,0.0645442,-19.7353,9.237,8.13,1.107,0.176627,0.0710635,9.253,8.274,0.979,44,51,,train,-0.08,0,0.0,train,train,train,train,train,train,test,train,train,test,0.36683968
2308,2018_Naylor,CC[C@H]1C(=O)N[C@@H](CC(C)C)C(=O)N2CCC[C@@H]2C(=O)N(C)[C@@H](Cc2ccccc2)C(=O)N[C@@H](CC(C)C)C(=O)N(C)[C@H](C)C(=O)N1C,1NMe3-2Ala3Abu6F(14),2308,-4.87,6,6,Circle,0.145799,0.0448855,-19.2485,8.193,7.23,0.963,0.143202,0.0496672,8.004,7.161,0.843,57,94,,train,0.565,1,1.0,train,train,train,train,train,train,test,train,train,train,0.37434188
1818,2016_Furukawa,CCCC[C@@H]1NC(=O)[C@@H](CC(C)C)NC(=O)CN(CC2CCOCC2)C(=O)[C@@H](Cc2ccccc2)NC(=O)CN(CCCOC(C)C)C(=O)[C@H]2CCCN2C1=O,2.8-15H,1818,-5.58,6,6,Circle,0.169193,0.0642885,-30.2213,9.2,7.834,1.366,0.159831,0.0363656,9.035,7.699,1.336,49,25,,train,0.2099999999999999,1,1.0,train,train,train,train,train,test,test,train,train,train,0.08043016
1817,2016_Furukawa,CCCC[C@@H]1NC(=O)[C@@H](CC(C)C)NC(=O)CN(CC2CCCCC2)C(=O)[C@@H](Cc2ccccc2)NC(=O)CN(CCCOC(C)C)C(=O)[C@H]2CCCN2C1=O,2.8-14H,1817,-5.16,6,6,Circle,0.202661,0.0663516,-21.8944,9.396,8.234,1.162,0.168938,0.0434662,9.359,8.071,1.288,84,49,,train,0.4199999999999999,1,1.0,train,train,train,train,train,test,test,train,train,test,0.4427377
1800,2016_Furukawa,CCCC[C@@H]1NC(=O)[C@@H](CC(C)C)N(C)C(=O)CN(CC2CCOCC2)C(=O)[C@@H](Cc2ccccc2)NC(=O)CN(CCCOC(C)C)C(=O)[C@H]2CCCN2C1=O,2.8-15Me,1800,-5.26,6,6,Circle,0.178353,0.0607049,-26.8054,8.912,7.721,1.191,0.168596,0.0390185,9.4,8.087,1.313,52,58,,train,0.3700000000000001,1,1.0,train,train,train,train,train,train,test,train,train,train,0.32910982
1792,2016_Furukawa,CCCC[C@@H]1NC(=O)[C@@H](CC(C)C)N(C)C(=O)CN(CC2CCOCC2)C(=O)[C@@H](C)NC(=O)CN(CCCOC(C)C)C(=O)[C@H]2CCCN2C1=O,2.8-07Me,1792,-6.66,6,6,Circle,0.158113,0.0566943,-25.74,8.488,7.267,1.221,0.12094,0.0352432,8.498,7.348,1.15,25,67,,train,-0.33,0,0.0,train,train,train,valid,train,train,test,train,valid,train,-0.2848787
1780,2016_Furukawa,CCCCCN1CC(=O)N[C@H](CC(C)C)C(=O)N[C@@H](CCCC)C(=O)N2CCC[C@H]2C(=O)N(CCCOC(C)C)CC(=O)N[C@H](Cc2ccccc2)C1=O,2.7-13H,1780,-4.93,6,6,Circle,0.152387,0.0412915,-23.3301,9.32,8.086,1.234,0.146997,0.0456889,8.697,7.632,1.065,80,32,,test,0.5350000000000001,1,1.0,test,train,train,train,train,train,test,train,train,train,0.47908086
1775,2016_Furukawa,CCCC[C@@H]1NC(=O)[C@@H](CC(C)C)NC(=O)CN(CC2CCCCC2)C(=O)[C@@H](Cc2ccccc2)NC(=O)CN(CC)C(=O)[C@@H]2CCCN2C1=O,2.7-08H,1775,-5.04,6,6,Circle,0.156078,0.0482966,-21.8123,8.311,7.177,1.134,0.197514,0.0748915,8.35,7.184,1.166,30,30,,train,0.48,1,1.0,train,train,test,train,valid,train,test,test,train,train,0.40227142
1772,2016_Furukawa,CCCCCN1CC(=O)N[C@H](CC(C)C)C(=O)N[C@@H](CCCC)C(=O)N2CCC[C@H]2C(=O)N(CC)CC(=O)N[C@H](Cc2ccccc2)C1=O,2.7-05H,1772,-5.23,6,6,Circle,0.165302,0.048493,-22.3038,8.206,7.058,1.148,0.193874,0.0655522,8.095,6.96,1.135,91,48,,train,0.3849999999999998,1,1.0,train,valid,test,train,train,train,test,train,valid,train,0.3100335
1762,2016_Furukawa,CCCCCN1CC(=O)N(C)[C@H](CC(C)C)C(=O)N[C@@H](CCCC)C(=O)N2CCC[C@H]2C(=O)N(CCCOC(C)C)CC(=O)N[C@H](Cc2ccccc2)C1=O,2.7-13Me,1762,-4.86,6,6,Circle,0.150994,0.0418875,-23.0297,9.503,8.5,1.003,0.156659,0.031022,9.321,8.324,0.997,73,5,,val,0.5699999999999998,1,1.0,valid,train,train,valid,train,test,test,train,train,train,0.54857194
1750,2016_Furukawa,CCCCCN1CC(=O)N(C)[C@H](CC(C)C)C(=O)N[C@@H](CCCC)C(=O)N2CCC[C@H]2C(=O)N(CC)CC(=O)N[C@H](C)C1=O,2.7-01Me,1750,-6.26,6,6,Circle,0.111143,0.0387833,-24.448,7.64,6.473,1.167,0.111213,0.0316205,7.938,6.777,1.161,3,11,,train,-0.1299999999999999,0,0.0,train,train,train,test,train,train,test,test,train,train,-0.03936203
1748,2016_Furukawa,CCCC[C@@H]1NC(=O)[C@@H](CC(C)C)NC(=O)CN(CC2CCCCC2)C(=O)[C@H](Cc2ccccc2)NC(=O)CN(Cc2ccc3c(c2)OCO3)C(=O)[C@H]2CCCN2C1=O,2.6-17H,1748,-5.89,6,6,Circle,0.193542,0.060283,-24.5839,9.075,7.716,1.359,0.145942,0.0443393,9.274,7.991,1.283,88,68,,train,0.0550000000000001,1,1.0,train,train,test,train,train,train,test,test,train,train,-0.1804013
1747,2016_Furukawa,CCCCCN1CC(=O)N[C@H](CC(C)C)C(=O)N[C@@H](CCCC)C(=O)N2CCC[C@@H]2C(=O)N(Cc2ccc3c(c2)OCO3)CC(=O)N[C@@H](Cc2ccccc2)C1=O,2.6-16H,1747,-5.23,6,6,Circle,0.209436,0.0688797,-25.7842,8.952,7.604,1.348,0.184263,0.0543005,9.156,7.838,1.318,16,74,,train,0.3849999999999998,1,1.0,train,train,train,valid,train,train,test,train,train,train,0.099939995
1720,2016_Furukawa,CCCC[C@@H]1NC(=O)[C@@H](CC(C)C)N(C)C(=O)CN(CC2CCOCC2)C(=O)[C@H](C)NC(=O)CN(CCCOC(C)C)C(=O)[C@H]2CCCN2C1=O,2.6-07Me,1720,-5.95,6,6,Circle,0.15349,0.0585508,-21.417,8.593,7.445,1.148,0.131466,0.0473891,8.466,7.352,1.114,3,44,,train,0.0249999999999999,1,1.0,train,test,train,test,train,train,test,train,train,train,0.0061451327
1696,2016_Furukawa,CCCCCN1CC(=O)N[C@H](CC(C)C)C(=O)N[C@@H](CCCC)C(=O)N2CCC[C@H]2C(=O)N(CC)CC(=O)N[C@@H](C)C1=O,2.5-01H,1696,-6.25,6,6,Circle,0.176942,0.0606801,-22.5197,7.674,6.367,1.307,0.148984,0.0581112,7.545,6.29,1.255,53,8,,val,-0.125,0,0.0,valid,train,test,train,train,train,test,valid,train,train,-0.16262938
1680,2016_Furukawa,CCCC[C@@H]1NC(=O)[C@@H](CC(C)C)N(C)C(=O)CN(CC2CCOCC2)C(=O)[C@H](C)NC(=O)CN(CC)C(=O)[C@@H]2CCCN2C1=O,2.5-03Me,1680,-6.93,6,6,Circle,0.13233,0.052535,-23.639,8.049,6.812,1.237,0.120838,0.0410106,7.796,6.622,1.174,56,20,,val,-0.4649999999999998,0,0.0,valid,train,train,test,train,train,test,train,train,train,-0.49652758
1678,2016_Furukawa,CCCCCN1CC(=O)N(C)[C@H](CC(C)C)C(=O)N[C@@H](CCCC)C(=O)N2CCC[C@H]2C(=O)N(CC)CC(=O)N[C@@H](C)C1=O,2.5-01Me,1678,-5.3,6,6,Circle,0.125076,0.0445464,-19.17,7.948,6.868,1.08,0.11042,0.0357729,7.73,6.684,1.046,95,42,,train,0.3500000000000001,1,1.0,train,train,train,test,train,train,test,test,train,train,0.092072316
1644,2016_Furukawa,CCCC[C@@H]1NC(=O)[C@H](CC(C)C)N(C)C(=O)CN(CC2CCOCC2)C(=O)[C@@H](C)NC(=O)CN(CC)C(=O)[C@H]2CCCN2C1=O,2.4-03Me,1644,-7.92,6,6,Circle,0.149267,0.073871,-28.3155,7.642,6.322,1.32,0.125355,0.0479642,7.907,6.523,1.384,70,84,,train,-0.96,0,0.0,train,train,valid,train,train,train,test,train,train,train,-0.8212752
1643,2016_Furukawa,CCCC[C@@H]1NC(=O)[C@H](CC(C)C)N(C)C(=O)CN(CC2CCCCC2)C(=O)[C@@H](C)NC(=O)CN(CC)C(=O)[C@H]2CCCN2C1=O,2.4-02Me,1643,-5.98,6,6,Circle,0.127366,0.056957,-20.8989,7.667,6.573,1.094,0.118819,0.0485997,7.617,6.562,1.055,3,97,,train,0.0099999999999997,1,1.0,train,train,train,train,train,test,test,train,train,valid,0.16167027
1635,2016_Furukawa,CCCC[C@@H]1NC(=O)[C@H](CC(C)C)NC(=O)CN(CC2CCOCC2)C(=O)[C@@H](C)NC(=O)CN(Cc2ccc3c(c2)OCO3)C(=O)[C@@H]2CCCN2C1=O,2.3-12H,1635,-7.03,6,6,Circle,0.147273,0.0406558,-34.721,8.207,6.705,1.502,0.17149,0.0343652,8.235,6.553,1.682,20,100,,val,-0.5150000000000001,0,0.0,valid,train,train,train,train,train,test,train,train,train,-0.5667446
1634,2016_Furukawa,CCCC[C@@H]1NC(=O)[C@H](CC(C)C)NC(=O)CN(CC2CCCCC2)C(=O)[C@@H](C)NC(=O)CN(Cc2ccc3c(c2)OCO3)C(=O)[C@@H]2CCCN2C1=O,2.3-11H,1634,-5.39,6,6,Circle,0.146942,0.0555176,-35.7381,8.355,6.753,1.602,0.100823,0.0333346,8.88,7.326,1.554,87,28,,train,0.3050000000000001,1,1.0,train,train,train,train,train,valid,test,train,train,train,0.29839775
1616,2016_Furukawa,CCCC[C@@H]1NC(=O)[C@H](CC(C)C)N(C)C(=O)CN(CC2CCCCC2)C(=O)[C@@H](C)NC(=O)CN(Cc2ccc3c(c2)OCO3)C(=O)[C@@H]2CCCN2C1=O,2.3-11Me,1616,-5.09,6,6,Circle,0.114959,0.0547032,-23.132,7.933,6.532,1.401,0.112786,0.0322561,8.745,7.445,1.3,69,21,,train,0.455,1,1.0,train,train,train,train,train,train,test,train,train,valid,0.4142714
1604,2016_Furukawa,CCCC[C@@H]1NC(=O)[C@H](CC(C)C)NC(=O)CN(CC2CCCCC2)C(=O)[C@H](Cc2ccccc2)NC(=O)CN(Cc2ccc3c(c2)OCO3)C(=O)[C@H]2CCCN2C1=O,2.2-18H,1604,-5.71,6,6,Circle,0.156341,0.0542141,-24.0887,9.114,7.57,1.544,0.156691,0.044153,9.059,7.588,1.471,39,10,,train,0.145,1,1.0,train,test,test,test,train,train,test,train,test,train,-0.015037166
1600,2016_Furukawa,CCCCCN1CC(=O)N[C@@H](CC(C)C)C(=O)N[C@@H](CCCC)C(=O)N2CCC[C@@H]2C(=O)N(CCCOC(C)C)CC(=O)N[C@@H](Cc2ccccc2)C1=O,2.2-14H,1600,-4.95,6,6,Circle,0.166376,0.0502185,-17.5049,8.945,7.958,0.987,0.151448,0.0441128,9.004,8.042,0.962,34,97,,test,0.5249999999999999,1,1.0,test,train,train,train,train,train,test,train,valid,valid,0.51815176
1556,2016_Furukawa,CCCCCN1CC(=O)N[C@@H](CC(C)C)C(=O)N[C@@H](CCCC)C(=O)N2CCC[C@H]2C(=O)N(CC)CC(=O)N[C@@H](Cc2ccccc2)C1=O,2.1-05H,1556,-5.23,6,6,Circle,0.167355,0.0577352,-23.2975,8.421,7.295,1.126,0.196147,0.0875395,8.424,7.303,1.121,75,20,,train,0.3849999999999998,1,1.0,train,train,train,valid,train,valid,test,train,train,train,0.24742028
1542,2016_Furukawa,CCCC[C@@H]1NC(=O)[C@H](CC(C)C)N(C)C(=O)CN(CC2CCOCC2)C(=O)[C@H](Cc2ccccc2)NC(=O)CN(CC)C(=O)[C@@H]2CCCN2C1=O,2.1-09Me,1542,-5.47,6,6,Circle,0.174775,0.0604706,-22.6222,8.61,7.454,1.156,0.13794,0.0498865,8.379,7.188,1.191,3,64,,train,0.2650000000000001,1,1.0,train,train,train,valid,test,test,test,train,train,train,0.25412044
1511,2016_Furukawa,CCCC[C@@H]1NC(=O)[C@H](CC(C)C)N(C)C(=O)CN(CCc2cccnc2)C(=O)[C@H](CC(C)C)NC(=O)CN(Cc2ccccc2Cn2cccn2)C(=O)[C@H]2CCCN2C1=O,1.10-18,1511,-5.59,6,6,Circle,0.183257,0.0469187,-28.8204,9.702,8.463,1.239,0.190826,0.0484585,9.309,8.235,1.074,81,65,,train,0.205,1,1.0,train,test,train,test,train,test,test,train,train,train,0.23053005
1508,2016_Furukawa,CCCC[C@@H]1NC(=O)[C@H](CC(C)C)N(C)C(=O)CN(CC2CCCCC2)C(=O)[C@H](CC(C)C)NC(=O)CN(Cc2ccccc2Cn2cccn2)C(=O)[C@H]2CCCN2C1=O,1.10-15,1508,-6.31,6,6,Circle,0.130449,0.0432216,-22.5784,9.723,8.59,1.133,0.202121,0.0444757,10.044,8.809,1.235,82,8,,train,-0.1549999999999998,0,0.0,train,train,train,train,train,train,test,train,train,train,-0.31803155
1507,2016_Furukawa,CCCC[C@@H]1NC(=O)[C@H](CC(C)C)N(C)C(=O)CN(CCOC)C(=O)[C@H](Cc2ccccc2)NC(=O)CN(Cc2ccccc2Cn2cccn2)C(=O)[C@H]2CCCN2C1=O,1.10-14,1507,-5.26,6,6,Circle,0.185364,0.0529122,-29.2334,9.392,8.242,1.15,0.202361,0.0472611,9.632,8.433,1.199,78,16,,train,0.3700000000000001,1,1.0,train,train,train,train,valid,train,test,train,train,train,0.34644678
1504,2016_Furukawa,CCCC[C@@H]1NC(=O)[C@H](CC(C)C)N(C)C(=O)CN(CCCc2cnn(C)c2)C(=O)[C@H](C)NC(=O)CN(Cc2ccccc2Cn2cccn2)C(=O)[C@H]2CCCN2C1=O,1.10-11,1504,-6.66,6,6,Circle,0.236308,0.0444247,-29.9724,9.425,8.127,1.298,0.119884,0.0380654,9.007,7.952,1.055,74,10,,val,-0.33,0,0.0,valid,train,train,train,train,train,test,train,train,test,-0.19599074
1498,2016_Furukawa,CCCC[C@@H]1NC(=O)[C@H](CC(C)C)N(C)C(=O)CN(CC2CCOCC2)C(=O)[C@H](C)NC(=O)CN(Cc2ccccc2Cn2cccn2)C(=O)[C@H]2CCCN2C1=O,1.10-05,1498,-6.67,6,6,Circle,0.170812,0.0430018,-28.3695,9.352,8.033,1.319,0.158185,0.0420465,9.435,8.081,1.354,11,8,,val,-0.3349999999999999,0,0.0,valid,valid,train,train,train,train,test,train,train,train,-0.07797643
1481,2016_Furukawa,CCCC[C@@H]1NC(=O)[C@H](CC(C)C)N(C)C(=O)CN(CCCc2ccccc2)C(=O)[C@H](Cc2ccccc2)NC(=O)CN(Cc2cc(CC(C)C)on2)C(=O)[C@H]2CCCN2C1=O,1.9-28,1481,-7.34,6,6,Circle,0.245745,0.0505512,-21.6932,9.831,8.551,1.28,0.172302,0.0422817,9.291,8.188,1.103,2,45,,train,-0.6699999999999999,0,0.0,train,train,train,train,train,valid,test,train,test,valid,-0.8651646
1470,2016_Furukawa,CCCCCN1CC(=O)N(C)[C@@H](CC(C)C)C(=O)N[C@@H](CCCC)C(=O)N2CCC[C@@H]2C(=O)N(Cc2cc(CC(C)C)on2)CC(=O)N[C@@H](Cc2ccccc2)C1=O,1.9-17,1470,-6.99,6,6,Circle,0.219006,0.0498428,-19.653,9.438,8.163,1.275,0.146367,0.03845,9.123,7.944,1.179,41,66,,train,-0.4950000000000001,0,0.0,train,train,train,train,train,train,test,train,train,test,-0.64805686
1463,2016_Furukawa,CCCC[C@@H]1NC(=O)[C@H](CC(C)C)N(C)C(=O)CN(CCOc2ccccc2)C(=O)[C@H](C)NC(=O)CN(Cc2cc(CC(C)C)on2)C(=O)[C@H]2CCCN2C1=O,1.9-10,1463,-5.58,6,6,Circle,0.180893,0.0418316,-22.7825,9.05,7.654,1.396,0.159739,0.0408297,8.767,7.462,1.305,36,72,,val,0.2099999999999999,1,1.0,valid,train,train,train,train,train,test,train,train,train,0.22323214
1458,2016_Furukawa,CCCC[C@@H]1NC(=O)[C@H](CC(C)C)N(C)C(=O)CN(CC2CCOCC2)C(=O)[C@H](C)NC(=O)CN(Cc2cc(CC(C)C)on2)C(=O)[C@H]2CCCN2C1=O,1.9-05,1458,-5.66,6,6,Circle,0.211472,0.0435772,-23.137,8.954,7.439,1.515,0.135498,0.0413731,8.6,7.171,1.429,75,40,,train,0.1699999999999999,1,1.0,train,train,train,valid,train,train,test,train,train,valid,0.27054998
1445,2016_Furukawa,CCCC[C@@H]1NC(=O)[C@H](CC(C)C)N(C)C(=O)CN(CCCN2CCCC2=O)C(=O)[C@H](Cc2ccccc2)NC(=O)CN(Cc2ccc3c(c2)OCO3)C(=O)[C@H]2CCCN2C1=O,1.8-32,1445,-5.86,6,6,Circle,0.187872,0.0397063,-31.355,9.484,8.026,1.458,0.159611,0.0400166,9.215,7.844,1.371,74,12,,test,0.0699999999999998,1,1.0,test,train,train,test,train,train,test,train,train,test,0.05277107
1444,2016_Furukawa,CCCC[C@@H]1NC(=O)[C@H](CC(C)C)N(C)C(=O)CN(CCCc2cnn(C)c2)C(=O)[C@H](Cc2ccccc2)NC(=O)CN(Cc2ccc3c(c2)OCO3)C(=O)[C@H]2CCCN2C1=O,1.8-31,1444,-5.73,6,6,Circle,0.14936,0.0435597,-26.393,9.22,8.044,1.176,0.185105,0.0394108,9.163,7.969,1.194,75,27,,train,0.1349999999999998,1,1.0,train,train,train,train,test,train,test,train,train,train,0.20644423
1438,2016_Furukawa,CCCC[C@@H]1NC(=O)[C@H](CC(C)C)N(C)C(=O)CN(CC2CCOCC2)C(=O)[C@H](Cc2ccccc2)NC(=O)CN(Cc2ccc3c(c2)OCO3)C(=O)[C@H]2CCCN2C1=O,1.8-25,1438,-5.46,6,6,Circle,0.179491,0.0525032,-29.3096,9.0,7.589,1.411,0.199423,0.0575508,9.452,8.17,1.282,68,98,,train,0.27,1,1.0,train,train,train,train,train,train,test,train,train,test,0.3953273
1391,2016_Furukawa,CCCC[C@@H]1NC(=O)[C@H](CC(C)C)N(C)C(=O)CN(CCc2cccnc2)C(=O)[C@H](CC(C)C)NC(=O)CN(CCCCc2ccccc2)C(=O)[C@H]2CCCN2C1=O,1.7-18,1391,-5.68,6,6,Circle,0.21232,0.0559634,-24.2627,9.578,8.458,1.12,0.177857,0.0385138,9.444,8.403,1.041,63,19,,train,0.1600000000000001,1,1.0,train,train,train,test,train,valid,test,train,train,test,0.13261378
1380,2016_Furukawa,CCCC[C@@H]1NC(=O)[C@H](CC(C)C)N(C)C(=O)CN(CCc2cccnc2)C(=O)[C@H](C)NC(=O)CN(CCCCc2ccccc2)C(=O)[C@H]2CCCN2C1=O,1.7-07,1380,-5.57,6,6,Circle,0.212261,0.0535373,-24.1444,8.972,7.855,1.117,0.221661,0.0366997,8.894,7.829,1.065,33,59,,train,0.2149999999999998,1,1.0,train,train,train,train,train,train,test,train,valid,valid,0.18384206
1375,2016_Furukawa,CCCCCN1CC(=O)N(C)[C@@H](CC(C)C)C(=O)N[C@@H](CCCC)C(=O)N2CCC[C@@H]2C(=O)N(CCCCc2ccccc2)CC(=O)N[C@@H](C)C1=O,1.7-02,1375,-5.6,6,6,Circle,0.20213,0.0608185,-20.6146,9.283,8.053,1.23,0.159903,0.0342763,8.716,7.745,0.971,99,20,,train,0.2000000000000001,1,1.0,train,train,train,train,train,train,test,test,train,train,0.17728701
1372,2016_Furukawa,CCCC[C@@H]1NC(=O)[C@H](CC(C)C)N(C)C(=O)CN(CCCc2cnn(C)c2)C(=O)[C@H](Cc2ccc3ccccc3c2)NC(=O)CN(Cc2ccc(Cl)cc2)C(=O)[C@H]2CCCN2C1=O,1.6-39,1372,-7.99,6,6,Circle,0.202861,0.0484096,-24.0075,9.888,8.752,1.136,0.222908,0.0485927,9.867,8.824,1.043,49,45,,train,-0.995,0,0.0,train,train,train,train,train,test,test,train,train,train,-0.94894874
1357,2016_Furukawa,CCCC[C@@H]1NC(=O)[C@H](CC(C)C)N(C)C(=O)CN(CC2CCCCC2)C(=O)[C@H](Cc2ccccc2)NC(=O)CN(Cc2ccc(Cl)cc2)C(=O)[C@H]2CCCN2C1=O,1.6-24,1357,-8.61,6,6,Circle,0.147803,0.0404207,-16.6841,9.283,8.305,0.978,0.201726,0.041552,9.259,8.262,0.997,44,82,,test,-1.0,0,0.0,test,train,train,train,train,train,test,train,valid,train,-0.9816217
1355,2016_Furukawa,CCCC[C@@H]1NC(=O)[C@H](CC(C)C)N(C)C(=O)CN(Cc2ccccc2)C(=O)[C@H](Cc2ccccc2)NC(=O)CN(Cc2ccc(Cl)cc2)C(=O)[C@H]2CCCN2C1=O,1.6-22,1355,-8.11,6,6,Circle,0.186244,0.0547422,-21.7219,9.339,8.373,0.966,0.190301,0.041768,9.284,8.319,0.965,100,75,,train,-1.0,0,0.0,train,train,train,test,train,train,test,train,train,train,-0.9796464
1344,2016_Furukawa,CCCC[C@@H]1NC(=O)[C@H](CC(C)C)N(C)C(=O)CN(CCCc2cnn(C)c2)C(=O)[C@H](C)NC(=O)CN(Cc2ccc(Cl)cc2)C(=O)[C@H]2CCCN2C1=O,1.6-11,1344,-5.56,6,6,Circle,0.192457,0.0522472,-25.1383,8.972,7.76,1.212,0.198904,0.0531833,8.837,7.734,1.103,4,57,,val,0.2200000000000002,1,1.0,valid,train,train,valid,train,train,test,train,train,train,0.11912728
1339,2016_Furukawa,CCCC[C@@H]1NC(=O)[C@H](CC(C)C)N(C)C(=O)CN(CCOC)C(=O)[C@H](CC(C)C)NC(=O)CN(Cc2ccc(Cl)cc2)C(=O)[C@H]2CCCN2C1=O,1.6-06,1339,-5.34,6,6,Circle,0.175144,0.0568583,-22.8757,8.804,7.648,1.156,0.162292,0.0476139,8.583,7.506,1.077,3,3,,train,0.33,1,1.0,train,train,train,train,train,train,test,train,valid,train,0.4098167
1338,2016_Furukawa,CCCC[C@@H]1NC(=O)[C@H](CC(C)C)N(C)C(=O)CN(CC2CCOCC2)C(=O)[C@H](C)NC(=O)CN(Cc2ccc(Cl)cc2)C(=O)[C@H]2CCCN2C1=O,1.6-05,1338,-5.39,6,6,Circle,0.151962,0.0417478,-21.754,8.653,7.43,1.223,0.170164,0.045095,8.666,7.443,1.223,77,22,,val,0.3050000000000001,1,1.0,valid,train,train,train,train,train,test,train,train,train,0.3064305
1333,2016_Furukawa,CCCC[C@@H]1NC(=O)[C@H](CC(C)C)N(C)C(=O)CN(CCCN2CCCC2=O)C(=O)[C@H](Cc2ccc3ccccc3c2)NC(=O)CN(CCN2CCOCC2)C(=O)[C@H]2CCCN2C1=O,1.5-40,1333,-6.47,6,6,Circle,0.192747,0.0453884,-32.8908,10.065,8.581,1.484,0.1431,0.0387978,9.545,8.374,1.171,35,96,,train,-0.2349999999999998,0,0.0,train,train,train,train,train,train,test,train,train,train,-0.33203405
1329,2016_Furukawa,CCCC[C@@H]1NC(=O)[C@H](CC(C)C)N(C)C(=O)CN(CCc2cccnc2)C(=O)[C@H](Cc2ccc3ccccc3c2)NC(=O)CN(CCN2CCOCC2)C(=O)[C@H]2CCCN2C1=O,1.5-36,1329,-6.02,6,6,Circle,0.148285,0.0477826,-26.2007,9.735,8.509,1.226,0.125982,0.0375438,9.548,8.406,1.142,55,54,,train,-0.0099999999999997,0,0.0,train,train,valid,valid,train,train,test,train,train,train,-0.057469226
1325,2016_Furukawa,CCCC[C@@H]1NC(=O)[C@H](CC(C)C)N(C)C(=O)CN(CCCN2CCCC2=O)C(=O)[C@H](Cc2ccccc2)NC(=O)CN(CCN2CCOCC2)C(=O)[C@H]2CCCN2C1=O,1.5-32,1325,-7.35,6,6,Circle,0.188164,0.0420814,-31.3399,9.889,8.422,1.467,0.133842,0.0342588,9.217,7.935,1.282,96,71,,train,-0.6749999999999998,0,0.0,train,train,valid,train,train,train,test,train,train,test,-0.72945416
1307,2016_Furukawa,CCCC[C@@H]1NC(=O)[C@H](CC(C)C)N(C)C(=O)CN(CCOC)C(=O)[C@H](Cc2ccccc2)NC(=O)CN(CCN2CCOCC2)C(=O)[C@H]2CCCN2C1=O,1.5-14,1307,-6.38,6,6,Circle,0.16613,0.0558129,-29.4025,9.446,8.152,1.294,0.155964,0.0415952,8.935,7.781,1.154,50,44,,test,-0.1899999999999999,0,0.0,test,train,train,train,train,test,test,train,train,train,-0.2372869
1281,2016_Furukawa,CCCC[C@@H]1NC(=O)[C@H](CC(C)C)N(C)C(=O)CN(CCCc2ccccc2)C(=O)[C@H](Cc2ccccc2)NC(=O)CN(CCCOC(C)C)C(=O)[C@H]2CCCN2C1=O,1.4-28,1281,-5.86,6,6,Circle,0.191927,0.0404058,-21.6708,10.082,9.0,1.082,0.171645,0.0374858,9.189,8.356,0.833,31,90,,train,0.0699999999999998,1,1.0,train,test,test,train,train,train,test,train,test,train,0.086631626
1273,2016_Furukawa,CCCC[C@@H]1NC(=O)[C@H](CC(C)C)N(C)C(=O)CN(CCOc2ccccc2)C(=O)[C@H](CC(C)C)NC(=O)CN(CCCOC(C)C)C(=O)[C@H]2CCCN2C1=O,1.4-20,1273,-5.5,6,6,Circle,0.215375,0.0604395,-23.2256,9.887,8.692,1.195,0.179471,0.0403506,9.107,8.134,0.973,15,58,,test,0.25,1,1.0,test,train,test,train,train,test,test,valid,valid,train,0.42239052
1268,2016_Furukawa,CCCC[C@@H]1NC(=O)[C@H](CC(C)C)N(C)C(=O)CN(CC2CCCCC2)C(=O)[C@H](CC(C)C)NC(=O)CN(CCCOC(C)C)C(=O)[C@H]2CCCN2C1=O,1.4-15,1268,-5.76,6,6,Circle,0.142521,0.0415666,-18.8546,9.707,8.516,1.191,0.158821,0.03915,8.997,8.049,0.948,74,92,,train,0.1200000000000001,1,1.0,train,train,test,train,test,train,test,train,train,train,0.28553882
1266,2016_Furukawa,CCCC[C@@H]1NC(=O)[C@H](CC(C)C)N(C)C(=O)CN(Cc2ccccc2)C(=O)[C@H](CC(C)C)NC(=O)CN(CCCOC(C)C)C(=O)[C@H]2CCCN2C1=O,1.4-13,1266,-5.17,6,6,Circle,0.179473,0.0607118,-21.788,9.37,8.202,1.168,0.1761,0.0451534,8.765,7.849,0.916,62,26,,train,0.415,1,1.0,train,train,train,train,train,test,test,train,test,valid,0.48441848
1261,2016_Furukawa,CCCCCN1CC(=O)N(C)[C@@H](CC(C)C)C(=O)N[C@@H](CCCC)C(=O)N2CCC[C@@H]2C(=O)N(CCCOC(C)C)CC(=O)N[C@@H](CC(C)C)C1=O,1.4-08,1261,-5.24,6,6,Circle,0.172434,0.057863,-17.8386,9.276,8.137,1.139,0.151473,0.0441635,8.844,7.915,0.929,46,48,,train,0.3799999999999999,1,1.0,train,train,train,train,train,train,test,train,train,train,0.51039773
1260,2016_Furukawa,CCCC[C@@H]1NC(=O)[C@H](CC(C)C)N(C)C(=O)CN(CCc2cccnc2)C(=O)[C@H](C)NC(=O)CN(CCCOC(C)C)C(=O)[C@H]2CCCN2C1=O,1.4-07,1260,-6.74,6,6,Circle,0.164218,0.0490934,-26.6056,8.824,7.583,1.241,0.177899,0.0374958,8.583,7.474,1.109,72,25,,train,-0.3700000000000001,0,0.0,train,train,train,test,train,train,test,test,train,train,-0.2508892
1246,2016_Furukawa,CCCC[C@@H]1NC(=O)[C@H](CC(C)C)N(C)C(=O)CN(Cc2ccccc2)C(=O)[C@H](Cc2ccc3ccccc3c2)NC(=O)CN(CC(C)C)C(=O)[C@H]2CCCN2C1=O,1.3-33,1246,-7.78,6,6,Circle,0.121466,0.0391528,-20.1006,9.255,8.256,0.999,0.176067,0.0446476,9.198,8.186,1.012,31,2,,train,-0.8900000000000001,0,0.0,train,train,test,test,test,train,test,train,train,train,-0.8086353
1236,2016_Furukawa,CCCC[C@@H]1NC(=O)[C@H](CC(C)C)N(C)C(=O)CN(CCCN2CCCC2=O)C(=O)[C@H](CC(C)C)NC(=O)CN(CC(C)C)C(=O)[C@H]2CCCN2C1=O,1.3-23,1236,-6.27,6,6,Circle,0.181161,0.0605228,-28.6136,9.075,7.544,1.531,0.101123,0.0359883,8.597,7.414,1.183,46,81,,train,-0.1349999999999998,0,0.0,train,test,train,train,train,train,test,train,valid,train,-0.10424817
1209,2016_Furukawa,CCCC[C@@H]1NC(=O)[C@H](CC(C)C)N(C)C(=O)CN(CCc2cccnc2)C(=O)[C@H](Cc2ccc3ccccc3c2)NC(=O)CN(CCC)C(=O)[C@H]2CCCN2C1=O,1.2-36,1209,-5.43,6,6,Circle,0.193676,0.0476569,-20.3591,9.043,7.995,1.048,0.130705,0.0393799,9.079,8.002,1.077,3,14,,train,0.2850000000000001,1,1.0,train,train,train,train,train,train,test,train,train,train,0.17791168
1201,2016_Furukawa,CCCC[C@@H]1NC(=O)[C@H](CC(C)C)N(C)C(=O)CN(CCCc2ccccc2)C(=O)[C@H](Cc2ccccc2)NC(=O)CN(CCC)C(=O)[C@H]2CCCN2C1=O,1.2-28,1201,-6.04,6,6,Circle,0.149809,0.0483185,-20.4312,9.092,8.078,1.014,0.194719,0.0441298,9.171,8.156,1.015,55,28,,train,-0.02,0,0.0,train,train,train,train,train,test,test,valid,train,train,-0.11695314
1197,2016_Furukawa,CCCC[C@@H]1NC(=O)[C@H](CC(C)C)N(C)C(=O)CN(CC2CCCCC2)C(=O)[C@H](Cc2ccccc2)NC(=O)CN(CCC)C(=O)[C@H]2CCCN2C1=O,1.2-24,1197,-6.23,6,6,Circle,0.137188,0.0426022,-17.0874,9.071,7.962,1.109,0.149404,0.0435704,8.912,7.892,1.02,51,42,,train,-0.1150000000000002,0,0.0,train,test,train,test,train,train,test,train,train,train,-0.105822794
1169,2016_Furukawa,CCCC[C@@H]1NC(=O)[C@H](CC(C)C)N(C)C(=O)CN(CCc2cccnc2)C(=O)[C@H](Cc2ccc3ccccc3c2)NC(=O)CN(CC)C(=O)[C@H]2CCCN2C1=O,1.1-36,1169,-5.51,6,6,Circle,0.21519,0.0481678,-23.4497,8.917,7.848,1.069,0.133196,0.037702,8.892,7.811,1.081,92,31,,train,0.2450000000000001,1,1.0,train,train,valid,train,train,train,test,train,train,train,0.1962528
1162,2016_Furukawa,CCCC[C@@H]1NC(=O)[C@H](CC(C)C)N(C)C(=O)CN(CCOc2ccccc2)C(=O)[C@H](Cc2ccccc2)NC(=O)CN(CC)C(=O)[C@H]2CCCN2C1=O,1.1-29,1162,-5.47,6,6,Circle,0.166475,0.0393732,-21.5811,8.897,7.846,1.051,0.169595,0.0410276,8.862,7.785,1.077,93,59,,test,0.2650000000000001,1,1.0,test,train,train,train,train,train,test,train,train,train,0.3169565
1160,2016_Furukawa,CCCC[C@@H]1NC(=O)[C@H](CC(C)C)N(C)C(=O)CN(CCOC)C(=O)[C@H](Cc2ccc3ccccc3c2)NC(=O)CN(CC)C(=O)[C@H]2CCCN2C1=O,1.1-27,1160,-5.17,6,6,Circle,0.154825,0.0409254,-22.1082,8.704,7.576,1.128,0.149344,0.0409831,8.606,7.526,1.08,87,25,,train,0.415,1,1.0,train,train,train,train,train,train,test,train,valid,train,0.29041877
1146,2016_Furukawa,CCCC[C@@H]1NC(=O)[C@H](CC(C)C)N(C)C(=O)CN(Cc2ccccc2)C(=O)[C@H](CC(C)C)NC(=O)CN(CC)C(=O)[C@H]2CCCN2C1=O,1.1-13,1146,-4.99,6,6,Circle,0.168183,0.0575652,-20.9083,8.255,7.171,1.084,0.149977,0.0422848,8.156,7.134,1.022,65,71,,train,0.5049999999999999,1,1.0,train,valid,train,test,train,train,test,train,train,train,0.45608214
1143,2016_Furukawa,CCCC[C@@H]1NC(=O)[C@H](CC(C)C)N(C)C(=O)CN(CCOc2ccccc2)C(=O)[C@H](C)NC(=O)CN(CC)C(=O)[C@H]2CCCN2C1=O,1.1-10,1143,-5.46,6,6,Circle,0.167853,0.0526772,-24.6089,8.406,7.139,1.267,0.148434,0.0429763,8.256,7.077,1.179,81,44,,train,0.27,1,1.0,train,train,train,test,train,valid,test,valid,valid,train,0.26042488
1142,2016_Furukawa,CCCC[C@@H]1NC(=O)[C@H](CC(C)C)N(C)C(=O)CN(CCCc2ccccc2)C(=O)[C@H](C)NC(=O)CN(CC)C(=O)[C@H]2CCCN2C1=O,1.1-09,1142,-5.16,6,6,Circle,0.165237,0.0474075,-21.5477,8.305,7.177,1.128,0.161884,0.0513355,8.269,7.168,1.101,66,14,,train,0.4199999999999999,1,1.0,train,test,train,test,train,train,test,train,test,valid,0.35314617
1134,2016_Furukawa,CCCC[C@@H]1NC(=O)[C@H](CC(C)C)N(C)C(=O)CN(CCOC)C(=O)[C@H](C)NC(=O)CN(CC)C(=O)[C@H]2CCCN2C1=O,1.1-01,1134,-7.13,6,6,Circle,0.13261,0.0566967,-22.7649,7.663,6.354,1.309,0.0980843,0.0363491,7.595,6.346,1.249,88,34,,train,-0.565,0,0.0,train,train,train,train,train,train,test,train,train,test,-0.53263754
1103,2015_Wang,CC(C)C[C@H]1C(=O)N2CCC[C@H]2C(=O)N[C@@H](Cc2ccccc2)C(=O)N[C@@H](Cc2ccccc2)C(=O)N[C@@H](Cc2cc3ccccc3[nH]2)C(=O)N[C@@H](C(C)C)C(=O)N1C,Compound.59,1103,-10.0,6,6,Circle,0.212928,0.0447332,-35.0731,9.334,8.134,1.2,0.152844,0.0509548,9.131,8.028,1.103,63,83,,train,-1.0,0,0.0,train,train,train,train,train,train,test,train,test,test,-0.5868798
1097,2015_Wang,CC[C@H](C)[C@@H]1NC(=O)[C@H](C(C)C)NC(=O)[C@H](CC(C)C)NC(=O)CNC(=O)[C@@H]2CCCN2C(=O)[C@H](Cc2ccc(O)cc2)NC1=O,Compound.53,1097,-10.0,6,6,Circle,0.121197,0.0358657,-33.6441,7.499,6.065,1.434,0.105118,0.029791,7.344,6.175,1.169,49,33,-8.0,test,-1.0,0,0.0,test,train,train,train,test,train,test,train,train,train,-0.94576806
1096,2015_Wang,CC(C)C[C@@H]1NC(=O)CNC(=O)[C@@H]2CCCN2C(=O)[C@H](Cc2ccc(O)cc2)NC(=O)[C@H](Cc2ccccc2)NC(=O)[C@@H]2CCCN2C1=O,Compound.52,1096,-8.0,6,6,Circle,0.169466,0.0439529,-43.2447,7.583,6.039,1.544,0.092193,0.0365926,7.133,5.546,1.587,24,39,,train,-1.0,0,0.0,train,train,train,train,train,train,test,train,train,train,-0.80424047
1074,2015_Wang,CC(C)C[C@@H]1NC(=O)[C@H](Cc2cc3ccccc3[nH]2)NC(=O)[C@H]2CCCN2C(=O)[C@H](CC(C)C)NC(=O)[C@H](Cc2cc3ccccc3[nH]2)NC(=O)[C@@H](CC(C)C)NC1=O,Compound.30,1074,-10.0,6,6,Circle,0.168194,0.0412098,-30.1441,9.337,7.949,1.388,0.115168,0.0389486,9.154,7.809,1.345,70,49,-8.0,test,-1.0,0,0.0,train,test,valid,train,train,train,test,test,test,train,-0.4344001
1049,2015_Wang,CC(C)C[C@@H]1NC(=O)[C@H](Cc2ccc(O)cc2)NC(=O)[C@H]2CCCN2C(=O)[C@H](CC(C)C)NC(=O)[C@H](CC(C)C)NC(=O)[C@@H](CC(C)C)NC1=O,Compound.5,10,-5.91,6,6,Circle,0.228466,0.0919221,-39.075,8.857,7.454,1.403,0.16065,0.0360656,8.343,7.159,1.184,20,6,,train,0.0449999999999999,1,1.0,train,train,train,train,valid,valid,test,train,train,train,0.14432505
