CycPeptMPDB_ID,Source,SMILES,Original_Name_in_Source_Literature,Structurally_Unique_ID,PAMPA,Monomer_Length,Monomer_Length_in_Main_Chain,Molecule_Shape,Water_avgRMSD_All,Water_avgRMSD_BackBone,Desolvation_Free_Energy,Water_3D_SASA,Water_3D_NPSA,Water_3D_PSA,Hexane_avgRMSD_All,Hexane_avgRMSD_BackBone,Hexane_3D_SASA,Hexane_3D_NPSA,Hexane_3D_PSA,Water_RepFrame,Hexane_RepFrame,PAMPA_WuXi,split_wuxi,Normalized_PAMPA,Binary,Soft_Label,split1,split2,split3,split4,split5,split6,split7,split8,split9,split10,Pred_9
7060,2021_Kelly,CC(=O)N[C@@H]1C(=O)N2CCC[C@H]2C(=O)N(C)[C@H](CC(C)C)C(=O)N(C)[C@H](CC(C)C)C(=O)N(C)[C@@H](CC(C)C)C(=O)N(C)[C@@H](CC(C)C)C(=O)N(C)[C@@H](C)C(=O)N[C@@H](CC(C)C)C(=O)N2CCC[C@@H]2C(=O)O[C@@H]1C,L4_4.3.3.3.1,7060,-5.47,10,9,Lariat,0.129389,0.0671577,-21.3516,11.334,9.62,1.714,0.115553,0.0609922,11.293,9.602,1.691,81,88,,val,0.2650000000000001,1,1.0,valid,train,train,train,train,train,train,train,test,train,0.28274882
7059,2021_Kelly,CC(=O)N[C@@H]1C(=O)N2CCC[C@H]2C(=O)N(C)[C@H](CC(C)C)C(=O)N(C)[C@H](CC(C)C)C(=O)N(C)[C@@H](CC(C)C)C(=O)N(C)[C@@H](CC(C)C)C(=O)N[C@@H](C)C(=O)N[C@@H](CC(C)C)C(=O)N2CCC[C@@H]2C(=O)O[C@@H]1C,L4_4.3.3.1.1,7059,-5.94,10,9,Lariat,0.148026,0.086979,-29.505,11.767,9.949,1.818,0.154072,0.0842406,11.461,9.799,1.662,19,65,,train,0.0299999999999998,1,1.0,train,train,train,train,train,train,train,test,test,train,0.13024674
7055,2021_Kelly,CC(=O)N[C@@H]1C(=O)N2CCC[C@H]2C(=O)N(C)[C@H](CC(C)C)C(=O)N(C)[C@H](CC(C)C)C(=O)N[C@@H](CC(C)C)C(=O)N(C)[C@H](CC(C)C)C(=O)N[C@@H](C)C(=O)N[C@@H](CC(C)C)C(=O)N2CCC[C@@H]2C(=O)O[C@@H]1C,L4_4.1.4.1.1,7055,-5.91,10,9,Lariat,0.152274,0.0802836,-19.1858,11.176,9.641,1.535,0.109155,0.0453784,10.773,9.444,1.329,99,3,,train,0.0449999999999999,1,1.0,train,train,test,train,valid,train,train,train,test,train,0.08304277
7043,2021_Kelly,CC(=O)N[C@@H]1C(=O)N2CCC[C@H]2C(=O)N(C)[C@H](CC(C)C)C(=O)N(C)[C@@H](CC(C)C)C(=O)N(C)[C@@H](CC(C)C)C(=O)N[C@@H](CC(C)C)C(=O)N[C@H](C)C(=O)N[C@@H](CC(C)C)C(=O)N2CCC[C@@H]2C(=O)O[C@@H]1C,L4_3.3.1.2.1,7043,-6.37,10,9,Lariat,0.115291,0.0702632,-40.6105,11.228,9.402,1.826,0.171062,0.0881634,11.036,9.576,1.46,73,66,,train,-0.185,0,0.0,train,train,train,train,train,train,train,train,test,valid,0.04405535
7041,2021_Kelly,CC(=O)N[C@@H]1C(=O)N2CCC[C@H]2C(=O)N(C)[C@H](CC(C)C)C(=O)N(C)[C@@H](CC(C)C)C(=O)N[C@H](CC(C)C)C(=O)N(C)[C@@H](CC(C)C)C(=O)N[C@H](C)C(=O)N[C@@H](CC(C)C)C(=O)N2CCC[C@@H]2C(=O)O[C@@H]1C,L4_3.2.3.2.1,7041,-5.54,10,9,Lariat,0.153969,0.0952816,-31.0039,12.179,10.367,1.812,0.122568,0.0645834,11.238,9.724,1.514,39,58,,train,0.2299999999999999,1,1.0,train,train,valid,train,train,train,train,train,test,valid,0.25647953
6995,2021_Kelly,CC(=O)N[C@@H]1C(=O)N2CCC[C@H]2C(=O)N(C)[C@H](CC(C)C)C(=O)N[C@@H](CC(C)C)C(=O)N[C@H](CC(C)C)C(=O)N[C@H](CC(C)C)C(=O)N[C@H](C)C(=O)N[C@@H](CC(C)C)C(=O)N2CCC[C@@H]2C(=O)O[C@@H]1C,L4_1.2.2.2.1,6995,-7.32,10,9,Lariat,0.148521,0.089268,-43.4964,11.542,9.212,2.33,0.141756,0.0688132,10.702,8.794,1.908,51,77,,train,-0.6600000000000001,0,0.0,train,train,train,train,train,train,train,valid,test,train,-0.42630744
6974,2021_Kelly,CC(=O)N1CCC[C@H]1C(=O)N[C@@H]1C(=O)N[C@H](CC(C)C)C(=O)N(C)[C@H](CC(C)C)C(=O)N(C)[C@H](CC(C)C)C(=O)N[C@@H](CC(C)C)C(=O)N(C)[C@H](C)C(=O)N[C@@H](CC(C)C)C(=O)N2CCC[C@@H]2C(=O)O[C@@H]1C,L3_4.4.1.4.1,6974,-5.68,10,8,Lariat,0.123749,0.0704938,-29.4223,10.84,9.312,1.528,0.11103,0.0479428,10.971,9.588,1.383,74,81,,train,0.1600000000000001,1,1.0,train,train,train,train,train,train,train,train,test,train,0.32519162
6955,2021_Kelly,CC(=O)N1CCC[C@H]1C(=O)N[C@@H]1C(=O)N[C@H](CC(C)C)C(=O)N(C)[C@H](CC(C)C)C(=O)N[C@@H](CC(C)C)C(=O)N(C)[C@H](CC(C)C)C(=O)N[C@@H](C)C(=O)N[C@@H](CC(C)C)C(=O)N2CCC[C@@H]2C(=O)O[C@@H]1C,L3_4.1.4.1.1,6955,-5.18,10,8,Lariat,0.113984,0.0617278,-19.0416,10.479,8.861,1.618,0.110476,0.0509781,10.194,9.021,1.173,99,82,,train,0.4100000000000001,1,1.0,train,train,train,train,train,train,train,train,test,train,0.31749088
6928,2021_Kelly,CC(=O)N1CCC[C@H]1C(=O)N[C@@H]1C(=O)N[C@H](CC(C)C)C(=O)N(C)[C@@H](CC(C)C)C(=O)N[C@@H](CC(C)C)C(=O)N[C@@H](CC(C)C)C(=O)N(C)[C@H](C)C(=O)N[C@@H](CC(C)C)C(=O)N2CCC[C@@H]2C(=O)O[C@@H]1C,L3_3.1.1.4.1,6928,-5.73,10,8,Lariat,0.123908,0.0583644,-22.4899,10.787,9.043,1.744,0.116318,0.0503853,10.677,9.033,1.644,70,39,,train,0.1349999999999998,1,1.0,train,valid,train,train,train,train,train,train,test,train,0.22916467
6925,2021_Kelly,CC(=O)N1CCC[C@H]1C(=O)N[C@@H]1C(=O)N[C@H](CC(C)C)C(=O)N[C@H](CC(C)C)C(=O)N(C)[C@H](CC(C)C)C(=O)N(C)[C@H](CC(C)C)C(=O)N(C)[C@H](C)C(=O)N[C@@H](CC(C)C)C(=O)N2CCC[C@@H]2C(=O)O[C@@H]1C,L3_2.4.4.4.1,6925,-4.64,10,8,Lariat,0.146633,0.0884965,-30.6852,11.536,9.619,1.917,0.149659,0.0782591,11.62,9.916,1.704,81,43,,train,0.6800000000000002,1,1.0,train,train,train,train,train,train,train,train,test,test,0.26589578
6924,2021_Kelly,CC(=O)N1CCC[C@H]1C(=O)N[C@@H]1C(=O)N[C@H](CC(C)C)C(=O)N[C@H](CC(C)C)C(=O)N(C)[C@H](CC(C)C)C(=O)N(C)[C@H](CC(C)C)C(=O)N[C@@H](C)C(=O)N[C@@H](CC(C)C)C(=O)N2CCC[C@@H]2C(=O)O[C@@H]1C,L3_2.4.4.1.1,6924,-5.93,10,8,Lariat,0.115567,0.0565601,-27.1236,11.167,9.498,1.669,0.125154,0.0681079,10.965,9.446,1.519,54,78,,train,0.0350000000000001,1,1.0,train,valid,train,train,train,train,train,test,test,train,0.171064
6922,2021_Kelly,CC(=O)N1CCC[C@H]1C(=O)N[C@@H]1C(=O)N[C@H](CC(C)C)C(=O)N[C@H](CC(C)C)C(=O)N(C)[C@H](CC(C)C)C(=O)N(C)[C@@H](CC(C)C)C(=O)N(C)[C@@H](C)C(=O)N[C@@H](CC(C)C)C(=O)N2CCC[C@@H]2C(=O)O[C@@H]1C,L3_2.4.3.3.1,6922,-5.74,10,8,Lariat,0.146587,0.0782883,-17.7418,11.346,9.629,1.717,0.149202,0.0859166,10.903,9.476,1.427,84,98,,train,0.1299999999999999,1,1.0,train,valid,train,train,train,train,train,train,test,train,0.27000386
6920,2021_Kelly,CC(=O)N1CCC[C@H]1C(=O)N[C@@H]1C(=O)N[C@H](CC(C)C)C(=O)N[C@H](CC(C)C)C(=O)N(C)[C@H](CC(C)C)C(=O)N[C@H](CC(C)C)C(=O)N[C@H](C)C(=O)N[C@@H](CC(C)C)C(=O)N2CCC[C@@H]2C(=O)O[C@@H]1C,L3_2.4.2.2.1,6920,-6.21,10,8,Lariat,0.11589,0.0587113,-36.4206,10.777,8.793,1.984,0.264624,0.164195,10.456,9.024,1.432,6,74,,train,-0.1049999999999999,0,0.0,train,train,train,train,train,train,train,train,test,train,0.095839694
6918,2021_Kelly,CC(=O)N1CCC[C@H]1C(=O)N[C@@H]1C(=O)N[C@H](CC(C)C)C(=O)N[C@H](CC(C)C)C(=O)N(C)[C@H](CC(C)C)C(=O)N[C@@H](CC(C)C)C(=O)N(C)[C@@H](C)C(=O)N[C@@H](CC(C)C)C(=O)N2CCC[C@@H]2C(=O)O[C@@H]1C,L3_2.4.1.3.1,6918,-5.42,10,8,Lariat,0.143437,0.0690963,-16.7832,10.536,9.235,1.301,0.102799,0.044561,10.771,9.18,1.591,33,69,,train,0.29,1,1.0,train,valid,train,train,train,train,test,train,test,train,0.25835955
6908,2021_Kelly,CC(=O)N1CCC[C@H]1C(=O)N[C@@H]1C(=O)N[C@H](CC(C)C)C(=O)N[C@H](CC(C)C)C(=O)N[C@H](CC(C)C)C(=O)N(C)[C@@H](CC(C)C)C(=O)N(C)[C@@H](C)C(=O)N[C@@H](CC(C)C)C(=O)N2CCC[C@@H]2C(=O)O[C@@H]1C,L3_2.2.3.3.1,6908,-5.91,10,8,Lariat,0.161341,0.102364,-36.0572,11.46,9.506,1.954,0.120495,0.0542183,10.624,8.84,1.784,26,99,,train,0.0449999999999999,1,1.0,train,train,valid,valid,train,train,train,valid,test,train,0.18202111
6904,2021_Kelly,CC(=O)N1CCC[C@H]1C(=O)N[C@@H]1C(=O)N[C@H](CC(C)C)C(=O)N[C@H](CC(C)C)C(=O)N[C@H](CC(C)C)C(=O)N[C@H](CC(C)C)C(=O)N[C@H](C)C(=O)N[C@@H](CC(C)C)C(=O)N2CCC[C@@H]2C(=O)O[C@@H]1C,L3_2.2.2.2.1,6904,-5.97,10,8,Lariat,0.135892,0.071175,-26.676,10.662,8.931,1.731,0.154616,0.0787773,10.274,8.672,1.602,85,77,,train,0.0150000000000001,1,1.0,train,train,train,train,train,train,train,train,test,train,-0.14981705
6898,2021_Kelly,CC(=O)N1CCC[C@H]1C(=O)N[C@@H]1C(=O)N[C@H](CC(C)C)C(=O)N[C@H](CC(C)C)C(=O)N[C@@H](CC(C)C)C(=O)N(C)[C@H](CC(C)C)C(=O)N(C)[C@H](C)C(=O)N[C@@H](CC(C)C)C(=O)N2CCC[C@@H]2C(=O)O[C@@H]1C,L3_2.1.4.4.1,6898,-5.83,10,8,Lariat,0.196731,0.125462,-37.7758,11.461,9.588,1.873,0.280149,0.17146,10.901,9.27,1.631,17,45,,train,0.0849999999999999,1,1.0,train,train,train,valid,train,train,train,valid,test,train,0.21054606
6896,2021_Kelly,CC(=O)N1CCC[C@H]1C(=O)N[C@@H]1C(=O)N[C@H](CC(C)C)C(=O)N[C@H](CC(C)C)C(=O)N[C@@H](CC(C)C)C(=O)N(C)[C@@H](CC(C)C)C(=O)N(C)[C@@H](C)C(=O)N[C@@H](CC(C)C)C(=O)N2CCC[C@@H]2C(=O)O[C@@H]1C,L3_2.1.3.3.1,6896,-6.16,10,8,Lariat,0.11986,0.0600864,-22.9965,10.915,9.432,1.483,0.138388,0.0612366,10.533,9.248,1.285,58,77,,train,-0.08,0,0.0,train,test,train,train,train,train,train,train,test,train,0.15142913
6888,2021_Kelly,CC(=O)N1CCC[C@H]1C(=O)N[C@@H]1C(=O)N[C@H](CC(C)C)C(=O)N[C@@H](CC(C)C)C(=O)N(C)[C@H](CC(C)C)C(=O)N(C)[C@H](CC(C)C)C(=O)N(C)[C@H](C)C(=O)N[C@@H](CC(C)C)C(=O)N2CCC[C@@H]2C(=O)O[C@@H]1C,L3_1.4.4.4.1,6888,-5.64,10,8,Lariat,0.155446,0.09125,-22.3796,10.956,9.447,1.509,0.11571,0.0485789,10.738,9.429,1.309,37,87,,train,0.1800000000000001,1,1.0,train,train,test,valid,train,train,train,valid,test,train,0.31509078
6872,2021_Kelly,CC(=O)N1CCC[C@H]1C(=O)N[C@@H]1C(=O)N[C@H](CC(C)C)C(=O)N[C@@H](CC(C)C)C(=O)N[C@H](CC(C)C)C(=O)N[C@H](CC(C)C)C(=O)N(C)[C@@H](C)C(=O)N[C@@H](CC(C)C)C(=O)N2CCC[C@@H]2C(=O)O[C@@H]1C,L3_1.2.2.3.1,6872,-5.18,10,8,Lariat,0.254677,0.160677,-45.126,11.401,9.294,2.107,0.0971066,0.04191,10.542,9.019,1.523,14,53,,val,0.4100000000000001,1,1.0,valid,train,train,train,train,train,train,train,test,train,0.15941755
6871,2021_Kelly,CC(=O)N1CCC[C@H]1C(=O)N[C@@H]1C(=O)N[C@H](CC(C)C)C(=O)N[C@@H](CC(C)C)C(=O)N[C@H](CC(C)C)C(=O)N[C@@H](CC(C)C)C(=O)N(C)[C@H](C)C(=O)N[C@@H](CC(C)C)C(=O)N2CCC[C@@H]2C(=O)O[C@@H]1C,L3_1.2.1.4.1,6871,-6.4,10,8,Lariat,0.25771,0.182903,-41.5184,11.472,9.479,1.993,0.111804,0.0492866,10.632,9.342,1.29,2,56,,train,-0.2000000000000001,0,0.0,train,valid,train,train,valid,train,train,train,test,train,0.10550462
6863,2021_Kelly,CC(=O)N1CCC[C@H]1C(=O)N[C@@H]1C(=O)N[C@H](CC(C)C)C(=O)N[C@@H](CC(C)C)C(=O)N[C@@H](CC(C)C)C(=O)N(C)[C@@H](CC(C)C)C(=O)N[C@H](C)C(=O)N[C@@H](CC(C)C)C(=O)N2CCC[C@@H]2C(=O)O[C@@H]1C,L3_1.1.3.2.1,6863,-6.47,10,8,Lariat,0.115998,0.0561025,-26.4886,10.916,9.374,1.542,0.120523,0.0570737,11.14,9.635,1.505,11,78,,train,-0.2349999999999998,0,0.0,train,train,train,train,train,train,train,train,test,train,0.17752114
6861,2021_Kelly,CC(=O)N1CCC[C@H]1C(=O)N[C@@H]1C(=O)N[C@H](CC(C)C)C(=O)N[C@@H](CC(C)C)C(=O)N[C@@H](CC(C)C)C(=O)N[C@H](CC(C)C)C(=O)N(C)[C@H](C)C(=O)N[C@@H](CC(C)C)C(=O)N2CCC[C@@H]2C(=O)O[C@@H]1C,L3_1.1.2.4.1,6861,-5.01,10,8,Lariat,0.180325,0.111566,-33.8202,11.224,9.401,1.823,0.203319,0.114061,11.037,9.428,1.609,34,35,,test,0.4950000000000001,1,1.0,test,train,train,train,test,train,valid,train,test,train,0.10555057
6846,2021_Kelly,CC(=O)N1CCC[C@H]1C(=O)N[C@@H]1C(=O)N(C)[C@H](CC(C)C)C(=O)N(C)[C@H](CC(C)C)C(=O)N(C)[C@@H](CC(C)C)C(=O)N[C@@H](CC(C)C)C(=O)N(C)[C@@H](C)C(=O)N[C@@H](CC(C)C)C(=O)N2CCC[C@@H]2C(=O)O[C@@H]1C,L2_4.3.1.3.1,6846,-5.09,10,8,Lariat,0.155359,0.073934,-19.0393,10.578,9.13,1.448,0.124855,0.0627422,10.88,9.672,1.208,12,80,,train,0.455,1,1.0,train,train,train,train,train,test,train,valid,test,train,0.32831085
6834,2021_Kelly,CC(=O)N1CCC[C@H]1C(=O)N[C@@H]1C(=O)N(C)[C@H](CC(C)C)C(=O)N(C)[C@@H](CC(C)C)C(=O)N(C)[C@H](CC(C)C)C(=O)N[C@@H](CC(C)C)C(=O)N[C@H](C)C(=O)N[C@@H](CC(C)C)C(=O)N2CCC[C@@H]2C(=O)O[C@@H]1C,L2_3.4.1.2.1,6834,-5.23,10,8,Lariat,0.15542,0.0994951,-24.2642,10.973,9.291,1.682,0.131941,0.0629764,11.471,9.699,1.772,49,65,,train,0.3849999999999998,1,1.0,train,train,train,train,train,train,train,valid,test,valid,0.20142356
6807,2021_Kelly,CC(=O)N1CCC[C@H]1C(=O)N[C@@H]1C(=O)N(C)[C@H](CC(C)C)C(=O)N[C@H](CC(C)C)C(=O)N(C)[C@@H](CC(C)C)C(=O)N[C@@H](CC(C)C)C(=O)N(C)[C@H](C)C(=O)N[C@@H](CC(C)C)C(=O)N2CCC[C@@H]2C(=O)O[C@@H]1C,L2_2.3.1.4.1,6807,-5.56,10,8,Lariat,0.146937,0.0864666,-31.5477,11.668,9.803,1.865,0.149374,0.0727426,10.593,9.087,1.506,63,36,,train,0.2200000000000002,1,1.0,train,valid,train,valid,valid,train,train,valid,test,valid,0.31104833
6799,2021_Kelly,CC(=O)N1CCC[C@H]1C(=O)N[C@@H]1C(=O)N(C)[C@H](CC(C)C)C(=O)N[C@H](CC(C)C)C(=O)N[C@H](CC(C)C)C(=O)N[C@H](CC(C)C)C(=O)N(C)[C@@H](C)C(=O)N[C@@H](CC(C)C)C(=O)N2CCC[C@@H]2C(=O)O[C@@H]1C,L2_2.2.2.3.1,6799,-7.43,10,8,Lariat,0.22956,0.149637,-34.6785,11.8,9.674,2.126,0.143546,0.0785594,10.637,9.349,1.288,51,52,,train,-0.7149999999999999,0,0.0,train,train,train,train,train,train,train,train,test,train,0.028328046
6791,2021_Kelly,CC(=O)N1CCC[C@H]1C(=O)N[C@@H]1C(=O)N(C)[C@H](CC(C)C)C(=O)N[C@H](CC(C)C)C(=O)N[C@@H](CC(C)C)C(=O)N(C)[C@H](CC(C)C)C(=O)N[C@@H](C)C(=O)N[C@@H](CC(C)C)C(=O)N2CCC[C@@H]2C(=O)O[C@@H]1C,L2_2.1.4.1.1,6791,-6.1,10,8,Lariat,0.176411,0.115226,-38.4294,11.318,9.263,2.055,0.119875,0.0618474,10.741,9.055,1.686,93,47,,train,-0.0499999999999998,0,0.0,train,train,train,train,train,train,valid,valid,test,train,0.05003624
6789,2021_Kelly,CC(=O)N1CCC[C@H]1C(=O)N[C@@H]1C(=O)N(C)[C@H](CC(C)C)C(=O)N[C@H](CC(C)C)C(=O)N[C@@H](CC(C)C)C(=O)N(C)[C@@H](CC(C)C)C(=O)N[C@@H](C)C(=O)N[C@@H](CC(C)C)C(=O)N2CCC[C@@H]2C(=O)O[C@@H]1C,L2_2.1.3.1.1,6789,-5.98,10,8,Lariat,0.184894,0.120109,-38.9955,11.699,9.522,2.177,0.280964,0.193453,10.947,9.254,1.693,39,76,,test,0.0099999999999997,1,1.0,test,train,test,train,train,train,train,test,test,train,0.021161169
6787,2021_Kelly,CC(=O)N1CCC[C@H]1C(=O)N[C@@H]1C(=O)N(C)[C@H](CC(C)C)C(=O)N[C@H](CC(C)C)C(=O)N[C@@H](CC(C)C)C(=O)N[C@H](CC(C)C)C(=O)N(C)[C@@H](C)C(=O)N[C@@H](CC(C)C)C(=O)N2CCC[C@@H]2C(=O)O[C@@H]1C,L2_2.1.2.3.1,6787,-5.82,10,8,Lariat,0.137986,0.0767629,-40.056,11.374,9.392,1.982,0.198295,0.112452,10.947,9.248,1.699,98,75,,test,0.0899999999999998,1,1.0,test,train,train,valid,valid,train,train,test,test,test,0.120395675
6773,2021_Kelly,CC(=O)N1CCC[C@H]1C(=O)N[C@@H]1C(=O)N(C)[C@H](CC(C)C)C(=O)N[C@@H](CC(C)C)C(=O)N[C@@H](CC(C)C)C(=O)N(C)[C@H](CC(C)C)C(=O)N[C@@H](C)C(=O)N[C@@H](CC(C)C)C(=O)N2CCC[C@@H]2C(=O)O[C@@H]1C,L2_1.1.4.1.1,6773,-5.86,10,8,Lariat,0.181308,0.113137,-35.7473,11.928,9.895,2.033,0.130486,0.0675389,11.474,9.618,1.856,79,99,,train,0.0699999999999998,1,1.0,train,train,test,train,train,train,train,valid,test,train,0.031241968
6754,2021_Kelly,CC(=O)N1CCC[C@H]1C(=O)N(C)[C@@H](CC(C)C)C(=O)N[C@@H]1C(=O)N(C)[C@H](CC(C)C)C(=O)N[C@@H](CC(C)C)C(=O)N(C)[C@H](CC(C)C)C(=O)N(C)[C@H](C)C(=O)N[C@H](CC(C)C)C(=O)N2CCC[C@H]2C(=O)O[C@@H]1C,L1_9.4.1.4.4.2,6754,-5.67,10,7,Lariat,0.132344,0.0681541,-35.6548,11.571,9.703,1.868,0.167465,0.0978266,11.697,9.903,1.794,26,96,,train,0.165,1,1.0,train,train,train,train,train,train,valid,train,test,train,0.15388758
6742,2021_Kelly,CC(=O)N1CCC[C@H]1C(=O)N(C)[C@@H](CC(C)C)C(=O)N[C@@H]1C(=O)N(C)[C@@H](CC(C)C)C(=O)N(C)[C@@H](CC(C)C)C(=O)N[C@H](CC(C)C)C(=O)N(C)[C@@H](C)C(=O)N[C@H](CC(C)C)C(=O)N2CCC[C@H]2C(=O)O[C@@H]1C,L1_9.3.3.2.3.2,6742,-6.94,10,7,Lariat,0.178706,0.104076,-27.526,12.094,10.126,1.968,0.178785,0.0983049,11.886,10.038,1.848,74,25,,test,-0.4700000000000002,0,0.0,test,train,train,train,train,train,train,train,test,train,0.21976186
6739,2021_Kelly,CC(=O)N1CCC[C@H]1C(=O)N(C)[C@@H](CC(C)C)C(=O)N[C@@H]1C(=O)N(C)[C@@H](CC(C)C)C(=O)N(C)[C@@H](CC(C)C)C(=O)N[C@@H](CC(C)C)C(=O)N[C@@H](C)C(=O)N[C@H](CC(C)C)C(=O)N2CCC[C@H]2C(=O)O[C@@H]1C,L1_9.3.3.1.1.2,6739,-7.26,10,7,Lariat,0.248315,0.169288,-26.2647,11.507,9.707,1.8,0.167644,0.0982193,11.099,9.502,1.597,44,40,,train,-0.6299999999999999,0,0.0,train,train,valid,train,train,valid,test,train,test,train,-0.21222775
6738,2021_Kelly,CC(=O)N1CCC[C@H]1C(=O)N(C)[C@@H](CC(C)C)C(=O)N[C@@H]1C(=O)N(C)[C@@H](CC(C)C)C(=O)N[C@H](CC(C)C)C(=O)N(C)[C@@H](CC(C)C)C(=O)N(C)[C@@H](C)C(=O)N[C@H](CC(C)C)C(=O)N2CCC[C@H]2C(=O)O[C@@H]1C,L1_9.3.2.3.3.2,6738,-5.69,10,7,Lariat,0.150692,0.0967814,-22.2615,11.649,10.16,1.489,0.117235,0.050347,11.098,9.799,1.299,75,21,,val,0.1549999999999998,1,1.0,valid,train,train,train,test,test,train,train,test,train,0.19272648
6726,2021_Kelly,CC(=O)N1CCC[C@H]1C(=O)N(C)[C@@H](CC(C)C)C(=O)N[C@@H]1C(=O)N[C@H](CC(C)C)C(=O)N(C)[C@H](CC(C)C)C(=O)N[C@@H](CC(C)C)C(=O)N(C)[C@@H](C)C(=O)N[C@H](CC(C)C)C(=O)N2CCC[C@H]2C(=O)O[C@@H]1C,L1_9.2.4.1.3.2,6726,-5.18,10,7,Lariat,0.183627,0.107493,-24.9401,11.367,9.672,1.695,0.185564,0.113835,11.139,9.533,1.606,77,15,,train,0.4100000000000001,1,1.0,train,train,train,train,train,test,train,train,test,train,0.2325217
6715,2021_Kelly,CC(=O)N1CCC[C@H]1C(=O)N(C)[C@@H](CC(C)C)C(=O)N[C@@H]1C(=O)N[C@H](CC(C)C)C(=O)N[C@H](CC(C)C)C(=O)N(C)[C@@H](CC(C)C)C(=O)N(C)[C@H](C)C(=O)N[C@H](CC(C)C)C(=O)N2CCC[C@H]2C(=O)O[C@@H]1C,L1_9.2.2.3.4.2,6715,-5.76,10,7,Lariat,0.124715,0.0585097,-25.5284,10.914,9.26,1.654,0.115091,0.0511253,10.835,9.293,1.542,32,61,,train,0.1200000000000001,1,1.0,train,test,train,train,train,valid,train,train,test,train,0.13240443
6712,2021_Kelly,CC(=O)N1CCC[C@H]1C(=O)N(C)[C@@H](CC(C)C)C(=O)N[C@@H]1C(=O)N[C@H](CC(C)C)C(=O)N[C@@H](CC(C)C)C(=O)N(C)[C@H](CC(C)C)C(=O)N(C)[C@@H](C)C(=O)N[C@H](CC(C)C)C(=O)N2CCC[C@H]2C(=O)O[C@@H]1C,L1_9.2.1.4.3.2,6712,-5.25,10,7,Lariat,0.171879,0.103672,-21.6819,11.053,9.415,1.638,0.134164,0.0682364,10.314,8.973,1.341,37,82,,train,0.375,1,1.0,train,train,train,valid,train,train,test,train,test,train,0.20550449
6706,2021_Kelly,CC(=O)N1CCC[C@H]1C(=O)N(C)[C@@H](CC(C)C)C(=O)N[C@@H]1C(=O)N[C@H](CC(C)C)C(=O)N[C@@H](CC(C)C)C(=O)N[C@@H](CC(C)C)C(=O)N[C@@H](C)C(=O)N[C@H](CC(C)C)C(=O)N2CCC[C@H]2C(=O)O[C@@H]1C,L1_9.2.1.1.1.2,6706,-7.05,10,7,Lariat,0.289439,0.176977,-32.0904,11.172,9.347,1.825,0.11935,0.0540892,10.143,8.606,1.537,94,100,,train,-0.5249999999999999,0,0.0,train,valid,train,train,train,train,train,train,test,train,-0.27236068
6702,2021_Kelly,CC(=O)N1CCC[C@H]1C(=O)N(C)[C@@H](CC(C)C)C(=O)N[C@@H]1C(=O)N[C@@H](CC(C)C)C(=O)N(C)[C@@H](CC(C)C)C(=O)N(C)[C@H](CC(C)C)C(=O)N[C@@H](C)C(=O)N[C@H](CC(C)C)C(=O)N2CCC[C@H]2C(=O)O[C@@H]1C,L1_9.1.3.4.1.2,6702,-6.21,10,7,Lariat,0.156463,0.0905233,-33.4509,12.104,10.006,2.098,0.19049,0.108958,11.714,9.736,1.978,89,95,,train,-0.1049999999999999,0,0.0,train,test,train,train,train,train,train,train,test,train,0.015911866
6694,2021_Kelly,CC(=O)N1CCC[C@H]1C(=O)N(C)[C@@H](CC(C)C)C(=O)N[C@@H]1C(=O)N[C@@H](CC(C)C)C(=O)N[C@@H](CC(C)C)C(=O)N[C@H](CC(C)C)C(=O)N[C@H](C)C(=O)N[C@H](CC(C)C)C(=O)N2CCC[C@H]2C(=O)O[C@@H]1C,L1_9.1.1.2.2.2,6694,-6.39,10,7,Lariat,0.243281,0.151821,-36.6016,11.433,9.398,2.035,0.114859,0.0654247,9.983,8.472,1.511,39,30,,train,-0.1949999999999998,0,0.0,train,train,train,valid,train,train,train,train,test,train,-0.534141
6690,2021_Kelly,CC(=O)N1CCC[C@@H]1C(=O)N(C)[C@H](CC(C)C)C(=O)N[C@@H]1C(=O)N(C)[C@H](CC(C)C)C(=O)N[C@H](CC(C)C)C(=O)N(C)[C@@H](CC(C)C)C(=O)N(C)[C@@H](C)C(=O)N[C@@H](CC(C)C)C(=O)N2CCC[C@@H]2C(=O)O[C@@H]1C,L1_8.4.2.3.3.1,6690,-5.08,10,7,Lariat,0.112056,0.055741,-20.9828,11.488,10.104,1.384,0.171458,0.112382,10.75,9.317,1.433,33,74,,test,0.4599999999999999,1,1.0,test,train,train,train,train,valid,train,valid,test,test,0.23557378
6684,2021_Kelly,CC(=O)N1CCC[C@@H]1C(=O)N(C)[C@H](CC(C)C)C(=O)N[C@@H]1C(=O)N(C)[C@@H](CC(C)C)C(=O)N(C)[C@@H](CC(C)C)C(=O)N[C@@H](CC(C)C)C(=O)N(C)[C@H](C)C(=O)N[C@@H](CC(C)C)C(=O)N2CCC[C@@H]2C(=O)O[C@@H]1C,L1_8.3.3.1.4.1,6684,-5.43,10,7,Lariat,0.220859,0.150865,-31.3678,11.775,10.013,1.762,0.25581,0.178534,11.255,9.731,1.524,96,30,,train,0.2850000000000001,1,1.0,train,train,test,train,train,train,train,train,test,test,0.16726844
6673,2021_Kelly,CC(=O)N1CCC[C@@H]1C(=O)N(C)[C@H](CC(C)C)C(=O)N[C@@H]1C(=O)N[C@H](CC(C)C)C(=O)N(C)[C@@H](CC(C)C)C(=O)N(C)[C@@H](CC(C)C)C(=O)N[C@@H](C)C(=O)N[C@@H](CC(C)C)C(=O)N2CCC[C@@H]2C(=O)O[C@@H]1C,L1_8.2.3.3.1.1,6673,-5.3,10,7,Lariat,0.285035,0.20376,-26.4245,11.37,9.733,1.637,0.174693,0.0933078,11.252,9.86,1.392,11,36,,train,0.3500000000000001,1,1.0,train,train,train,train,train,train,valid,train,test,train,0.16588439
6661,2021_Kelly,CC(=O)N1CCC[C@@H]1C(=O)N(C)[C@H](CC(C)C)C(=O)N[C@@H]1C(=O)N[C@@H](CC(C)C)C(=O)N[C@H](CC(C)C)C(=O)N(C)[C@H](CC(C)C)C(=O)N(C)[C@H](C)C(=O)N[C@@H](CC(C)C)C(=O)N2CCC[C@@H]2C(=O)O[C@@H]1C,L1_8.1.2.4.4.1,6661,-7.06,10,7,Lariat,0.14415,0.0868158,-28.7197,11.308,9.505,1.803,0.15185,0.0867923,11.347,9.726,1.621,46,23,,train,-0.5299999999999998,0,0.0,train,train,train,train,train,train,train,train,test,train,0.0024851337
6655,2021_Kelly,CC(=O)N1CCC[C@@H]1C(=O)N(C)[C@H](CC(C)C)C(=O)N[C@@H]1C(=O)N[C@@H](CC(C)C)C(=O)N[C@@H](CC(C)C)C(=O)N[C@H](CC(C)C)C(=O)N[C@@H](C)C(=O)N[C@@H](CC(C)C)C(=O)N2CCC[C@@H]2C(=O)O[C@@H]1C,L1_8.1.1.2.1.1,6655,-7.4,10,7,Lariat,0.242606,0.159277,-28.6817,10.561,8.854,1.707,0.157665,0.0902382,10.46,8.988,1.472,5,3,,train,-0.7000000000000002,0,0.0,train,test,train,valid,train,train,train,train,test,train,-0.38700342
6653,2021_Kelly,CC(=O)N1CCC[C@@H]1C(=O)N(C)[C@H](CC(C)C)C(=O)N[C@@H]1C(=O)N(C)[C@H](CC(C)C)C(=O)N(C)[C@H](CC(C)C)C(=O)N[C@H](CC(C)C)C(=O)N(C)[C@H](C)C(=O)N[C@@H](CC(C)C)C(=O)N2CCC[C@H]2C(=O)O[C@@H]1C,L1_7.4.4.2.4.1,6653,-5.09,10,7,Lariat,0.216855,0.127995,-26.4368,11.209,9.251,1.958,0.116637,0.0543636,10.238,8.665,1.573,56,96,,train,0.455,1,1.0,train,train,train,train,valid,train,train,train,test,train,0.18901953
6612,2021_Kelly,CC(=O)N1CCC[C@@H]1C(=O)N(C)[C@H](CC(C)C)C(=O)N[C@@H]1C(=O)N[C@H](CC(C)C)C(=O)N[C@@H](CC(C)C)C(=O)N[C@@H](CC(C)C)C(=O)N(C)[C@@H](C)C(=O)N[C@@H](CC(C)C)C(=O)N2CCC[C@H]2C(=O)O[C@@H]1C,L1_7.2.1.1.3.1,6612,-6.41,10,7,Lariat,0.15184,0.0838377,-29.019,10.795,8.98,1.815,0.121359,0.0643686,10.826,9.14,1.686,2,85,,train,-0.205,0,0.0,train,train,train,train,train,train,train,valid,test,test,-0.13962407
6608,2021_Kelly,CC(=O)N1CCC[C@@H]1C(=O)N(C)[C@H](CC(C)C)C(=O)N[C@@H]1C(=O)N[C@@H](CC(C)C)C(=O)N(C)[C@H](CC(C)C)C(=O)N(C)[C@@H](CC(C)C)C(=O)N[C@@H](C)C(=O)N[C@@H](CC(C)C)C(=O)N2CCC[C@H]2C(=O)O[C@@H]1C,L1_7.1.4.3.1.1,6608,-6.34,10,7,Lariat,0.18356,0.11124,-30.872,11.513,9.814,1.699,0.130103,0.0619396,11.191,9.628,1.563,61,100,,train,-0.1699999999999999,0,0.0,train,train,train,train,train,train,train,test,test,train,0.0036166832
6599,2021_Kelly,CC(=O)N1CCC[C@@H]1C(=O)N(C)[C@H](CC(C)C)C(=O)N[C@@H]1C(=O)N[C@@H](CC(C)C)C(=O)N[C@@H](CC(C)C)C(=O)N(C)[C@H](CC(C)C)C(=O)N(C)[C@@H](C)C(=O)N[C@@H](CC(C)C)C(=O)N2CCC[C@H]2C(=O)O[C@@H]1C,L1_7.1.1.4.3.1,6599,-6.07,10,7,Lariat,0.203801,0.138029,-34.1202,11.461,9.552,1.909,0.172762,0.113905,11.194,9.489,1.705,7,100,,train,-0.0350000000000001,0,0.0,train,train,train,train,train,train,train,train,test,train,-0.020488702
6586,2021_Kelly,CC(=O)N1CCC[C@H]1C(=O)N(C)[C@H](CC(C)C)C(=O)N[C@@H]1C(=O)N(C)[C@@H](CC(C)C)C(=O)N(C)[C@@H](CC(C)C)C(=O)N[C@@H](CC(C)C)C(=O)N(C)[C@@H](C)C(=O)N[C@@H](CC(C)C)C(=O)N2CCC[C@@H]2C(=O)O[C@@H]1C,L1_6.3.3.1.3.1,6586,-5.19,10,7,Lariat,0.224832,0.140806,-23.8678,11.824,10.168,1.656,0.144703,0.0734836,11.418,9.852,1.566,45,85,,train,0.4049999999999998,1,1.0,train,train,train,train,train,train,train,valid,test,train,0.24555378
6564,2021_Kelly,CC(=O)N1CCC[C@H]1C(=O)N(C)[C@H](CC(C)C)C(=O)N[C@@H]1C(=O)N[C@H](CC(C)C)C(=O)N[C@@H](CC(C)C)C(=O)N(C)[C@@H](CC(C)C)C(=O)N(C)[C@@H](C)C(=O)N[C@@H](CC(C)C)C(=O)N2CCC[C@@H]2C(=O)O[C@@H]1C,L1_6.2.1.3.3.1,6564,-5.34,10,7,Lariat,0.192188,0.118841,-31.0059,11.053,9.345,1.708,0.270719,0.187935,10.638,9.256,1.382,33,13,,train,0.33,1,1.0,train,train,train,train,train,train,train,test,test,test,0.21255939
6555,2021_Kelly,CC(=O)N1CCC[C@H]1C(=O)N(C)[C@H](CC(C)C)C(=O)N[C@@H]1C(=O)N[C@@H](CC(C)C)C(=O)N(C)[C@@H](CC(C)C)C(=O)N(C)[C@H](CC(C)C)C(=O)N[C@H](C)C(=O)N[C@@H](CC(C)C)C(=O)N2CCC[C@@H]2C(=O)O[C@@H]1C,L1_6.1.3.4.2.1,6555,-5.49,10,7,Lariat,0.270902,0.193924,-32.2636,11.515,9.718,1.797,0.123092,0.0613281,10.654,9.33,1.324,13,12,,train,0.2549999999999999,1,1.0,train,test,train,train,train,train,valid,train,test,train,0.2119879
6554,2021_Kelly,CC(=O)N1CCC[C@H]1C(=O)N(C)[C@H](CC(C)C)C(=O)N[C@@H]1C(=O)N[C@@H](CC(C)C)C(=O)N(C)[C@@H](CC(C)C)C(=O)N[C@H](CC(C)C)C(=O)N(C)[C@@H](C)C(=O)N[C@@H](CC(C)C)C(=O)N2CCC[C@@H]2C(=O)O[C@@H]1C,L1_6.1.3.2.3.1,6554,-6.49,10,7,Lariat,0.186826,0.104144,-28.7273,11.296,9.835,1.461,0.157725,0.0905197,11.43,9.776,1.654,45,100,,train,-0.2450000000000001,0,0.0,train,train,train,train,train,valid,train,valid,test,train,0.32246804
6546,2021_Kelly,CC(=O)N1CCC[C@H]1C(=O)N(C)[C@H](CC(C)C)C(=O)N[C@@H]1C(=O)N[C@@H](CC(C)C)C(=O)N[C@@H](CC(C)C)C(=O)N(C)[C@H](CC(C)C)C(=O)N[C@@H](C)C(=O)N[C@@H](CC(C)C)C(=O)N2CCC[C@@H]2C(=O)O[C@@H]1C,L1_6.1.1.4.1.1,6546,-8.0,10,7,Lariat,0.131682,0.0617742,-27.2152,10.558,9.003,1.555,0.182748,0.106242,11.409,9.769,1.64,38,35,,train,-1.0,0,0.0,train,train,train,valid,train,train,train,train,test,test,0.047111165
6528,2021_Kelly,CC(=O)N1CCC[C@H]1C(=O)N(C)[C@H](CC(C)C)C(=O)N[C@@H]1C(=O)N(C)[C@@H](CC(C)C)C(=O)N(C)[C@H](CC(C)C)C(=O)N(C)[C@@H](CC(C)C)C(=O)N(C)[C@H](C)C(=O)N[C@@H](CC(C)C)C(=O)N2CCC[C@H]2C(=O)O[C@@H]1C,L1_5.3.4.3.4.1,6528,-5.31,10,7,Lariat,0.122823,0.0662126,-21.812,11.276,9.871,1.405,0.132885,0.0755201,11.253,9.878,1.375,85,94,,train,0.3450000000000002,1,1.0,train,valid,train,train,test,train,train,train,test,test,0.33187217
6525,2021_Kelly,CC(=O)N1CCC[C@H]1C(=O)N(C)[C@H](CC(C)C)C(=O)N[C@@H]1C(=O)N(C)[C@@H](CC(C)C)C(=O)N(C)[C@H](CC(C)C)C(=O)N[C@H](CC(C)C)C(=O)N(C)[C@@H](C)C(=O)N[C@@H](CC(C)C)C(=O)N2CCC[C@H]2C(=O)O[C@@H]1C,L1_5.3.4.2.3.1,6525,-5.72,10,7,Lariat,0.152104,0.0979251,-26.2667,11.437,9.828,1.609,0.207708,0.144749,11.488,9.97,1.518,31,6,,train,0.1400000000000001,1,1.0,train,train,test,train,train,train,test,train,test,train,0.24996324
6483,2021_Kelly,CC(=O)N1CCC[C@H]1C(=O)N(C)[C@H](CC(C)C)C(=O)N[C@@H]1C(=O)N[C@@H](CC(C)C)C(=O)N[C@H](CC(C)C)C(=O)N[C@H](CC(C)C)C(=O)N[C@@H](C)C(=O)N[C@@H](CC(C)C)C(=O)N2CCC[C@H]2C(=O)O[C@@H]1C,L1_5.1.2.2.1.1,6483,-6.66,10,7,Lariat,0.218666,0.135625,-32.6636,11.236,9.257,1.979,0.162078,0.092719,11.308,9.448,1.86,98,41,,train,-0.33,0,0.0,train,train,test,train,train,train,train,train,test,train,-0.35490024
6478,2021_Kelly,CC(=O)N1CCC[C@H]1C(=O)N(C)[C@H](CC(C)C)C(=O)N[C@@H]1C(=O)N[C@@H](CC(C)C)C(=O)N[C@@H](CC(C)C)C(=O)N(C)[C@@H](CC(C)C)C(=O)N(C)[C@@H](C)C(=O)N[C@@H](CC(C)C)C(=O)N2CCC[C@H]2C(=O)O[C@@H]1C,L1_5.1.1.3.3.1,6478,-5.94,10,7,Lariat,0.192158,0.126092,-27.3413,11.215,9.429,1.786,0.149113,0.083406,11.14,9.383,1.757,5,18,,train,0.0299999999999998,1,1.0,train,train,train,train,train,train,valid,train,test,train,-0.03872237
6477,2021_Kelly,CC(=O)N1CCC[C@H]1C(=O)N(C)[C@H](CC(C)C)C(=O)N[C@@H]1C(=O)N[C@@H](CC(C)C)C(=O)N[C@@H](CC(C)C)C(=O)N(C)[C@@H](CC(C)C)C(=O)N[C@@H](C)C(=O)N[C@@H](CC(C)C)C(=O)N2CCC[C@H]2C(=O)O[C@@H]1C,L1_5.1.1.3.1.1,6477,-5.9,10,7,Lariat,0.211115,0.136829,-24.4512,11.159,9.401,1.758,0.161374,0.0953387,11.513,9.667,1.846,57,98,,train,0.0499999999999998,1,1.0,train,train,train,train,train,train,train,train,test,train,-0.10974674
6472,2021_Kelly,CC(=O)N1CCC[C@@H]1C(=O)N(C)[C@@H](CC(C)C)C(=O)N[C@@H]1C(=O)N(C)[C@H](CC(C)C)C(=O)N(C)[C@H](CC(C)C)C(=O)N(C)[C@@H](CC(C)C)C(=O)N(C)[C@@H](C)C(=O)N[C@@H](CC(C)C)C(=O)N2CCC[C@@H]2C(=O)O[C@@H]1C,L1_4.4.4.3.3.1,6472,-5.42,10,7,Lariat,0.210475,0.144999,-21.4434,11.219,9.539,1.68,0.184179,0.118327,11.155,9.638,1.517,43,49,,train,0.29,1,1.0,train,train,train,train,valid,train,valid,train,test,train,0.3309605
6470,2021_Kelly,CC(=O)N1CCC[C@@H]1C(=O)N(C)[C@@H](CC(C)C)C(=O)N[C@@H]1C(=O)N(C)[C@H](CC(C)C)C(=O)N(C)[C@H](CC(C)C)C(=O)N[C@H](CC(C)C)C(=O)N(C)[C@@H](C)C(=O)N[C@@H](CC(C)C)C(=O)N2CCC[C@@H]2C(=O)O[C@@H]1C,L1_4.4.4.2.3.1,6470,-5.32,10,7,Lariat,0.156408,0.0945618,-26.204,12.237,10.413,1.824,0.149694,0.0911701,11.348,9.575,1.773,33,3,,train,0.3399999999999998,1,1.0,train,train,train,train,train,test,train,train,test,train,0.29605615
6462,2021_Kelly,CC(=O)N1CCC[C@@H]1C(=O)N(C)[C@@H](CC(C)C)C(=O)N[C@@H]1C(=O)N(C)[C@H](CC(C)C)C(=O)N[C@H](CC(C)C)C(=O)N(C)[C@H](CC(C)C)C(=O)N[C@H](C)C(=O)N[C@@H](CC(C)C)C(=O)N2CCC[C@@H]2C(=O)O[C@@H]1C,L1_4.4.2.4.2.1,6462,-5.79,10,7,Lariat,0.163965,0.107498,-35.8768,11.908,9.891,2.017,0.330844,0.209543,11.012,9.324,1.688,4,71,,train,0.1049999999999999,1,1.0,train,train,valid,train,train,train,valid,train,test,train,0.20005263
6413,2021_Kelly,CC(=O)N1CCC[C@@H]1C(=O)N(C)[C@@H](CC(C)C)C(=O)N[C@@H]1C(=O)N[C@@H](CC(C)C)C(=O)N(C)[C@H](CC(C)C)C(=O)N(C)[C@@H](CC(C)C)C(=O)N(C)[C@H](C)C(=O)N[C@@H](CC(C)C)C(=O)N2CCC[C@@H]2C(=O)O[C@@H]1C,L1_4.1.4.3.4.1,6413,-5.13,10,7,Lariat,0.161349,0.0974192,-27.95,12.345,10.425,1.92,0.163425,0.108845,11.425,10.048,1.377,24,69,,train,0.435,1,1.0,train,train,valid,train,train,train,train,train,test,train,0.2728728
6412,2021_Kelly,CC(=O)N1CCC[C@@H]1C(=O)N(C)[C@@H](CC(C)C)C(=O)N[C@@H]1C(=O)N[C@@H](CC(C)C)C(=O)N(C)[C@H](CC(C)C)C(=O)N(C)[C@@H](CC(C)C)C(=O)N(C)[C@@H](C)C(=O)N[C@@H](CC(C)C)C(=O)N2CCC[C@@H]2C(=O)O[C@@H]1C,L1_4.1.4.3.3.1,6412,-5.21,10,7,Lariat,0.192212,0.136129,-27.1049,12.019,10.201,1.818,0.237315,0.165424,11.821,10.207,1.614,75,100,,train,0.395,1,1.0,train,test,train,train,train,train,train,train,test,train,0.25973988
6410,2021_Kelly,CC(=O)N1CCC[C@@H]1C(=O)N(C)[C@@H](CC(C)C)C(=O)N[C@@H]1C(=O)N[C@@H](CC(C)C)C(=O)N(C)[C@H](CC(C)C)C(=O)N[C@H](CC(C)C)C(=O)N(C)[C@H](C)C(=O)N[C@@H](CC(C)C)C(=O)N2CCC[C@@H]2C(=O)O[C@@H]1C,L1_4.1.4.2.4.1,6410,-5.05,10,7,Lariat,0.197368,0.132374,-33.8538,11.687,9.832,1.855,0.110514,0.0530097,10.572,9.423,1.149,38,90,,train,0.4750000000000001,1,1.0,train,train,train,train,train,train,train,train,test,train,0.21052521
6407,2021_Kelly,CC(=O)N1CCC[C@@H]1C(=O)N(C)[C@@H](CC(C)C)C(=O)N[C@@H]1C(=O)N[C@@H](CC(C)C)C(=O)N(C)[C@@H](CC(C)C)C(=O)N[C@H](CC(C)C)C(=O)N(C)[C@H](C)C(=O)N[C@@H](CC(C)C)C(=O)N2CCC[C@@H]2C(=O)O[C@@H]1C,L1_4.1.3.2.4.1,6407,-5.16,10,7,Lariat,0.223802,0.155883,-32.4234,11.942,10.045,1.897,0.115398,0.0501472,10.661,9.378,1.283,81,61,,train,0.4199999999999999,1,1.0,train,train,train,train,train,train,train,train,test,train,0.22423746
6395,2021_Kelly,CC(=O)N1CCC[C@@H]1C(=O)N(C)[C@@H](CC(C)C)C(=O)N[C@@H]1C(=O)N[C@@H](CC(C)C)C(=O)N[C@@H](CC(C)C)C(=O)N(C)[C@@H](CC(C)C)C(=O)N(C)[C@@H](C)C(=O)N[C@@H](CC(C)C)C(=O)N2CCC[C@@H]2C(=O)O[C@@H]1C,L1_4.1.1.3.3.1,6395,-6.54,10,7,Lariat,0.211988,0.134199,-23.7538,11.131,9.477,1.654,0.151612,0.0870964,10.714,9.453,1.261,83,48,,train,-0.27,0,0.0,train,train,train,train,train,train,train,train,test,train,0.036736764
6393,2021_Kelly,CC(=O)N1CCC[C@@H]1C(=O)N(C)[C@@H](CC(C)C)C(=O)N[C@@H]1C(=O)N[C@@H](CC(C)C)C(=O)N[C@@H](CC(C)C)C(=O)N[C@@H](CC(C)C)C(=O)N(C)[C@@H](C)C(=O)N[C@@H](CC(C)C)C(=O)N2CCC[C@@H]2C(=O)O[C@@H]1C,L1_4.1.1.1.3.1,6393,-6.43,10,7,Lariat,0.2239,0.134796,-42.4425,11.619,9.679,1.94,0.130193,0.0660846,10.166,8.611,1.555,5,20,,train,-0.2149999999999998,0,0.0,train,train,train,train,train,train,train,train,test,train,-0.11629708
6384,2021_Kelly,CC(=O)N1CCC[C@@H]1C(=O)N(C)[C@@H](CC(C)C)C(=O)N[C@@H]1C(=O)N(C)[C@H](CC(C)C)C(=O)N(C)[C@@H](CC(C)C)C(=O)N(C)[C@@H](CC(C)C)C(=O)N(C)[C@H](C)C(=O)N[C@@H](CC(C)C)C(=O)N2CCC[C@H]2C(=O)O[C@@H]1C,L1_3.4.3.3.4.1,6384,-5.32,10,7,Lariat,0.140755,0.0805977,-25.3657,11.942,10.215,1.727,0.121831,0.0601372,11.586,10.038,1.548,42,4,,train,0.3399999999999998,1,1.0,train,train,train,train,train,train,train,train,test,train,0.32534486
6376,2021_Kelly,CC(=O)N1CCC[C@@H]1C(=O)N(C)[C@@H](CC(C)C)C(=O)N[C@@H]1C(=O)N(C)[C@H](CC(C)C)C(=O)N[C@H](CC(C)C)C(=O)N[C@H](CC(C)C)C(=O)N[C@H](C)C(=O)N[C@@H](CC(C)C)C(=O)N2CCC[C@H]2C(=O)O[C@@H]1C,L1_3.4.2.2.2.1,6376,-6.05,10,7,Lariat,0.227125,0.144831,-37.5152,12.051,9.976,2.075,0.172781,0.105269,11.546,9.754,1.792,77,57,,val,-0.0249999999999999,0,0.0,valid,train,train,train,train,train,train,train,test,test,-0.1479164
6341,2021_Kelly,CC(=O)N1CCC[C@@H]1C(=O)N(C)[C@@H](CC(C)C)C(=O)N[C@@H]1C(=O)N[C@H](CC(C)C)C(=O)N[C@H](CC(C)C)C(=O)N(C)[C@H](CC(C)C)C(=O)N[C@@H](C)C(=O)N[C@@H](CC(C)C)C(=O)N2CCC[C@H]2C(=O)O[C@@H]1C,L1_3.2.2.4.1.1,6341,-5.93,10,7,Lariat,0.19077,0.12384,-34.5744,11.426,9.516,1.91,0.146871,0.0808909,10.632,9.209,1.423,85,97,,train,0.0350000000000001,1,1.0,train,train,valid,train,train,train,train,train,test,train,0.011182722
6334,2021_Kelly,CC(=O)N1CCC[C@@H]1C(=O)N(C)[C@@H](CC(C)C)C(=O)N[C@@H]1C(=O)N[C@@H](CC(C)C)C(=O)N(C)[C@H](CC(C)C)C(=O)N(C)[C@H](CC(C)C)C(=O)N(C)[C@H](C)C(=O)N[C@@H](CC(C)C)C(=O)N2CCC[C@H]2C(=O)O[C@@H]1C,L1_3.1.4.4.4.1,6334,-5.9,10,7,Lariat,0.201552,0.125539,-27.0195,12.014,10.345,1.669,0.185474,0.116569,11.665,10.22,1.445,66,58,,val,0.0499999999999998,1,1.0,valid,train,valid,train,train,train,train,train,test,train,0.17440881
6329,2021_Kelly,CC(=O)N1CCC[C@@H]1C(=O)N(C)[C@@H](CC(C)C)C(=O)N[C@@H]1C(=O)N[C@@H](CC(C)C)C(=O)N(C)[C@@H](CC(C)C)C(=O)N(C)[C@@H](CC(C)C)C(=O)N(C)[C@@H](C)C(=O)N[C@@H](CC(C)C)C(=O)N2CCC[C@H]2C(=O)O[C@@H]1C,L1_3.1.3.3.3.1,6329,-5.35,10,7,Lariat,0.141623,0.0805389,-21.7543,11.374,9.851,1.523,0.103436,0.0435853,11.124,9.787,1.337,55,35,,val,0.3250000000000002,1,1.0,valid,train,train,train,train,train,train,train,test,train,0.14749698
6327,2021_Kelly,CC(=O)N1CCC[C@@H]1C(=O)N(C)[C@@H](CC(C)C)C(=O)N[C@@H]1C(=O)N[C@@H](CC(C)C)C(=O)N[C@H](CC(C)C)C(=O)N(C)[C@H](CC(C)C)C(=O)N(C)[C@H](C)C(=O)N[C@@H](CC(C)C)C(=O)N2CCC[C@H]2C(=O)O[C@@H]1C,L1_3.1.2.4.4.1,6327,-5.71,10,7,Lariat,0.22594,0.150225,-29.3329,11.706,9.762,1.944,0.166241,0.0955545,11.434,9.712,1.722,25,47,,train,0.145,1,1.0,train,train,train,train,train,train,train,valid,test,train,0.008728785
6323,2021_Kelly,CC(=O)N1CCC[C@@H]1C(=O)N(C)[C@@H](CC(C)C)C(=O)N[C@@H]1C(=O)N[C@@H](CC(C)C)C(=O)N[C@H](CC(C)C)C(=O)N[C@H](CC(C)C)C(=O)N[C@@H](C)C(=O)N[C@@H](CC(C)C)C(=O)N2CCC[C@H]2C(=O)O[C@@H]1C,L1_3.1.2.2.1.1,6323,-7.02,10,7,Lariat,0.228514,0.143215,-33.5861,11.341,9.361,1.98,0.165654,0.09055,11.332,9.444,1.888,68,53,,train,-0.5099999999999998,0,0.0,train,train,train,valid,train,train,train,train,test,train,-0.40373302
6301,2021_Kelly,CC(=O)N1CCC[C@H]1C(=O)N(C)[C@@H](CC(C)C)C(=O)N[C@@H]1C(=O)N(C)[C@H](CC(C)C)C(=O)N[C@@H](CC(C)C)C(=O)N(C)[C@H](CC(C)C)C(=O)N(C)[C@@H](C)C(=O)N[C@@H](CC(C)C)C(=O)N2CCC[C@@H]2C(=O)O[C@@H]1C,L1_2.4.1.4.3.1,6301,-5.25,10,7,Lariat,0.161127,0.0970156,-24.308,11.631,9.731,1.9,0.141922,0.0766319,11.668,9.82,1.848,88,97,,test,0.375,1,1.0,test,train,train,train,train,train,test,train,test,train,0.30966598
6292,2021_Kelly,CC(=O)N1CCC[C@H]1C(=O)N(C)[C@@H](CC(C)C)C(=O)N[C@@H]1C(=O)N(C)[C@@H](CC(C)C)C(=O)N[C@H](CC(C)C)C(=O)N(C)[C@@H](CC(C)C)C(=O)N(C)[C@@H](C)C(=O)N[C@@H](CC(C)C)C(=O)N2CCC[C@@H]2C(=O)O[C@@H]1C,L1_2.3.2.3.3.1,6292,-6.35,10,7,Lariat,0.137532,0.0750006,-15.838,11.038,9.64,1.398,0.130215,0.066031,11.38,9.912,1.468,56,65,,train,-0.1749999999999998,0,0.0,train,train,train,train,train,train,train,train,test,train,0.2104672
6285,2021_Kelly,CC(=O)N1CCC[C@H]1C(=O)N(C)[C@@H](CC(C)C)C(=O)N[C@@H]1C(=O)N[C@H](CC(C)C)C(=O)N(C)[C@@H](CC(C)C)C(=O)N(C)[C@@H](CC(C)C)C(=O)N[C@@H](C)C(=O)N[C@@H](CC(C)C)C(=O)N2CCC[C@@H]2C(=O)O[C@@H]1C,L1_2.2.3.3.1.1,6285,-5.22,10,7,Lariat,0.219962,0.14674,-35.9464,11.634,9.638,1.996,0.132599,0.0686168,10.713,9.446,1.267,76,65,,train,0.3900000000000001,1,1.0,train,train,train,train,train,train,train,valid,test,valid,0.21228085
6277,2021_Kelly,CC(=O)N1CCC[C@H]1C(=O)N(C)[C@@H](CC(C)C)C(=O)N[C@@H]1C(=O)N[C@H](CC(C)C)C(=O)N[C@@H](CC(C)C)C(=O)N(C)[C@@H](CC(C)C)C(=O)N[C@@H](C)C(=O)N[C@@H](CC(C)C)C(=O)N2CCC[C@@H]2C(=O)O[C@@H]1C,L1_2.2.1.3.1.1,6277,-5.19,10,7,Lariat,0.187801,0.107937,-30.4857,11.734,9.857,1.877,0.122466,0.0538371,11.101,9.493,1.608,91,43,,train,0.4049999999999998,1,1.0,train,train,test,train,train,train,train,valid,test,train,0.11048726
6276,2021_Kelly,CC(=O)N1CCC[C@H]1C(=O)N(C)[C@@H](CC(C)C)C(=O)N[C@@H]1C(=O)N[C@H](CC(C)C)C(=O)N[C@@H](CC(C)C)C(=O)N[C@H](CC(C)C)C(=O)N[C@H](C)C(=O)N[C@@H](CC(C)C)C(=O)N2CCC[C@@H]2C(=O)O[C@@H]1C,L1_2.2.1.2.2.1,6276,-6.88,10,7,Lariat,0.20589,0.130942,-35.8412,11.653,9.562,2.091,0.152327,0.0709633,10.601,9.079,1.522,48,8,,train,-0.4399999999999999,0,0.0,train,train,train,test,train,train,train,train,test,train,-0.08662668
6271,2021_Kelly,CC(=O)N1CCC[C@H]1C(=O)N(C)[C@@H](CC(C)C)C(=O)N[C@@H]1C(=O)N[C@@H](CC(C)C)C(=O)N(C)[C@H](CC(C)C)C(=O)N(C)[C@@H](CC(C)C)C(=O)N(C)[C@@H](C)C(=O)N[C@@H](CC(C)C)C(=O)N2CCC[C@@H]2C(=O)O[C@@H]1C,L1_2.1.4.3.3.1,6271,-5.62,10,7,Lariat,0.177481,0.117414,-24.5944,11.663,9.835,1.828,0.173577,0.106606,10.471,9.017,1.454,73,44,,test,0.1899999999999999,1,1.0,test,train,valid,train,valid,train,train,train,test,train,0.2226743
6266,2021_Kelly,CC(=O)N1CCC[C@H]1C(=O)N(C)[C@@H](CC(C)C)C(=O)N[C@@H]1C(=O)N[C@@H](CC(C)C)C(=O)N(C)[C@@H](CC(C)C)C(=O)N(C)[C@@H](CC(C)C)C(=O)N(C)[C@H](C)C(=O)N[C@@H](CC(C)C)C(=O)N2CCC[C@@H]2C(=O)O[C@@H]1C,L1_2.1.3.3.4.1,6266,-5.36,10,7,Lariat,0.170792,0.101601,-32.3936,11.799,9.97,1.829,0.150122,0.0863151,11.367,9.644,1.723,26,41,,train,0.3199999999999998,1,1.0,train,test,train,train,train,train,train,train,test,train,0.18099399
6260,2021_Kelly,CC(=O)N1CCC[C@H]1C(=O)N(C)[C@@H](CC(C)C)C(=O)N[C@@H]1C(=O)N[C@@H](CC(C)C)C(=O)N[C@H](CC(C)C)C(=O)N(C)[C@H](CC(C)C)C(=O)N(C)[C@@H](C)C(=O)N[C@@H](CC(C)C)C(=O)N2CCC[C@@H]2C(=O)O[C@@H]1C,L1_2.1.2.4.3.1,6260,-5.94,10,7,Lariat,0.199898,0.124959,-33.0566,11.597,9.609,1.988,0.179645,0.107906,11.373,9.61,1.763,96,16,,test,0.0299999999999998,1,1.0,test,train,train,train,train,train,train,valid,test,valid,0.063160814
6258,2021_Kelly,CC(=O)N1CCC[C@H]1C(=O)N(C)[C@@H](CC(C)C)C(=O)N[C@@H]1C(=O)N[C@@H](CC(C)C)C(=O)N[C@@H](CC(C)C)C(=O)N[C@H](CC(C)C)C(=O)N[C@H](C)C(=O)N[C@@H](CC(C)C)C(=O)N2CCC[C@@H]2C(=O)O[C@@H]1C,L1_2.1.1.2.2.1,6258,-6.7,10,7,Lariat,0.14387,0.0857819,-31.5278,11.036,9.283,1.753,0.171755,0.0968668,10.466,8.953,1.513,96,42,,train,-0.3500000000000001,0,0.0,train,train,train,valid,train,train,train,test,test,train,-0.3056606
6256,2021_Kelly,CC(=O)N1CCC[C@@H]1C(=O)N(C)[C@H](CC(C)C)C(=O)N[C@@H]1C(=O)N(C)[C@H](CC(C)C)C(=O)N(C)[C@H](CC(C)C)C(=O)N[C@@H](CC(C)C)C(=O)N(C)[C@@H](C)C(=O)N[C@H](CC(C)C)C(=O)N2CCC[C@@H]2C(=O)O[C@@H]1C,L1_16.4.4.1.3.2,6256,-4.98,10,7,Lariat,0.134978,0.0723483,-29.9345,11.622,10.119,1.503,0.144133,0.0813667,11.149,9.661,1.488,59,43,,test,0.5099999999999998,1,1.0,test,train,train,train,train,train,train,test,test,train,0.15278108
6247,2021_Kelly,CC(=O)N1CCC[C@@H]1C(=O)N(C)[C@H](CC(C)C)C(=O)N[C@@H]1C(=O)N(C)[C@H](CC(C)C)C(=O)N[C@H](CC(C)C)C(=O)N[C@H](CC(C)C)C(=O)N[C@H](C)C(=O)N[C@H](CC(C)C)C(=O)N2CCC[C@@H]2C(=O)O[C@@H]1C,L1_16.4.2.2.2.2,6247,-7.34,10,7,Lariat,0.125027,0.0662243,-31.0354,11.218,9.544,1.674,0.116826,0.0634146,10.503,8.936,1.567,78,88,,train,-0.6699999999999999,0,0.0,train,train,test,train,train,train,train,train,test,train,-0.48794425
6244,2021_Kelly,CC(=O)N1CCC[C@@H]1C(=O)N(C)[C@H](CC(C)C)C(=O)N[C@@H]1C(=O)N(C)[C@@H](CC(C)C)C(=O)N(C)[C@H](CC(C)C)C(=O)N(C)[C@H](CC(C)C)C(=O)N(C)[C@@H](C)C(=O)N[C@H](CC(C)C)C(=O)N2CCC[C@@H]2C(=O)O[C@@H]1C,L1_16.3.4.4.3.2,6244,-5.49,10,7,Lariat,0.195776,0.126359,-19.6339,11.8,10.123,1.677,0.188143,0.115031,11.997,10.351,1.646,60,54,,train,0.2549999999999999,1,1.0,train,test,train,train,train,valid,train,train,test,train,0.16051182
6238,2021_Kelly,CC(=O)N1CCC[C@@H]1C(=O)N(C)[C@H](CC(C)C)C(=O)N[C@@H]1C(=O)N(C)[C@@H](CC(C)C)C(=O)N(C)[C@@H](CC(C)C)C(=O)N[C@H](CC(C)C)C(=O)N(C)[C@H](C)C(=O)N[C@H](CC(C)C)C(=O)N2CCC[C@@H]2C(=O)O[C@@H]1C,L1_16.3.3.2.4.2,6238,-5.63,10,7,Lariat,0.223593,0.145598,-28.1266,11.81,10.236,1.574,0.249364,0.162583,11.032,9.749,1.283,98,28,,val,0.185,1,1.0,valid,valid,train,train,valid,train,train,train,test,valid,0.006701207
6236,2021_Kelly,CC(=O)N1CCC[C@@H]1C(=O)N(C)[C@H](CC(C)C)C(=O)N[C@@H]1C(=O)N(C)[C@@H](CC(C)C)C(=O)N(C)[C@@H](CC(C)C)C(=O)N[C@H](CC(C)C)C(=O)N[C@H](C)C(=O)N[C@H](CC(C)C)C(=O)N2CCC[C@@H]2C(=O)O[C@@H]1C,L1_16.3.3.2.2.2,6236,-5.82,10,7,Lariat,0.214518,0.141202,-36.9934,11.733,9.892,1.841,0.106237,0.0462009,10.647,9.282,1.365,94,89,,train,0.0899999999999998,1,1.0,train,train,train,train,valid,train,train,train,test,test,-0.3549481
6234,2021_Kelly,CC(=O)N1CCC[C@@H]1C(=O)N(C)[C@H](CC(C)C)C(=O)N[C@@H]1C(=O)N(C)[C@@H](CC(C)C)C(=O)N[C@H](CC(C)C)C(=O)N[C@H](CC(C)C)C(=O)N(C)[C@H](C)C(=O)N[C@H](CC(C)C)C(=O)N2CCC[C@@H]2C(=O)O[C@@H]1C,L1_16.3.2.2.4.2,6234,-6.17,10,7,Lariat,0.19729,0.126593,-31.54,11.65,9.747,1.903,0.235964,0.16103,11.464,9.797,1.667,70,73,,train,-0.0849999999999999,0,0.0,train,train,train,train,train,train,train,train,test,train,-0.3173923
6229,2021_Kelly,CC(=O)N1CCC[C@@H]1C(=O)N(C)[C@H](CC(C)C)C(=O)N[C@@H]1C(=O)N(C)[C@@H](CC(C)C)C(=O)N[C@@H](CC(C)C)C(=O)N[C@@H](CC(C)C)C(=O)N[C@H](C)C(=O)N[C@H](CC(C)C)C(=O)N2CCC[C@@H]2C(=O)O[C@@H]1C,L1_16.3.1.1.2.2,6229,-6.95,10,7,Lariat,0.228826,0.156913,-30.065,10.881,9.224,1.657,0.212471,0.135836,11.08,9.422,1.658,75,91,,test,-0.4750000000000001,0,0.0,test,train,train,test,train,valid,train,test,test,train,-0.49358898
6214,2021_Kelly,CC(=O)N1CCC[C@@H]1C(=O)N(C)[C@H](CC(C)C)C(=O)N[C@@H]1C(=O)N[C@H](CC(C)C)C(=O)N[C@H](CC(C)C)C(=O)N[C@H](CC(C)C)C(=O)N[C@@H](C)C(=O)N[C@H](CC(C)C)C(=O)N2CCC[C@@H]2C(=O)O[C@@H]1C,L1_16.2.2.2.1.2,6214,-7.44,10,7,Lariat,0.154605,0.091312,-41.5124,11.37,9.129,2.241,0.151258,0.0829777,11.402,9.41,1.992,38,21,,train,-0.7200000000000002,0,0.0,train,test,train,valid,test,valid,train,valid,test,train,-0.45978576
6205,2021_Kelly,CC(=O)N1CCC[C@@H]1C(=O)N(C)[C@H](CC(C)C)C(=O)N[C@@H]1C(=O)N[C@@H](CC(C)C)C(=O)N(C)[C@H](CC(C)C)C(=O)N(C)[C@@H](CC(C)C)C(=O)N(C)[C@@H](C)C(=O)N[C@H](CC(C)C)C(=O)N2CCC[C@@H]2C(=O)O[C@@H]1C,L1_16.1.4.3.3.2,6205,-5.94,10,7,Lariat,0.219287,0.146453,-29.6565,11.775,10.039,1.736,0.106476,0.0466467,10.412,9.204,1.208,6,10,,train,0.0299999999999998,1,1.0,train,train,train,train,train,train,train,valid,test,train,0.119272
6174,2021_Kelly,CC(=O)N1CCC[C@@H]1C(=O)N(C)[C@H](CC(C)C)C(=O)N[C@@H]1C(=O)N(C)[C@@H](CC(C)C)C(=O)N(C)[C@@H](CC(C)C)C(=O)N[C@H](CC(C)C)C(=O)N[C@H](C)C(=O)N[C@H](CC(C)C)C(=O)N2CCC[C@H]2C(=O)O[C@@H]1C,L1_15.3.3.2.2.2,6174,-6.47,10,7,Lariat,0.207899,0.127294,-41.5961,11.978,10.076,1.902,0.237246,0.156127,11.605,9.897,1.708,25,94,,val,-0.2349999999999998,0,0.0,valid,train,train,train,train,train,test,test,test,train,-0.26829594
6171,2021_Kelly,CC(=O)N1CCC[C@@H]1C(=O)N(C)[C@H](CC(C)C)C(=O)N[C@@H]1C(=O)N(C)[C@@H](CC(C)C)C(=O)N[C@H](CC(C)C)C(=O)N[C@H](CC(C)C)C(=O)N(C)[C@H](C)C(=O)N[C@H](CC(C)C)C(=O)N2CCC[C@H]2C(=O)O[C@@H]1C,L1_15.3.2.2.4.2,6171,-6.22,10,7,Lariat,0.143347,0.0852118,-36.5778,11.678,9.854,1.824,0.194523,0.136708,11.12,9.684,1.436,13,4,,train,-0.1099999999999998,0,0.0,train,train,test,train,train,train,train,train,test,train,-0.23279701
6169,2021_Kelly,CC(=O)N1CCC[C@@H]1C(=O)N(C)[C@H](CC(C)C)C(=O)N[C@@H]1C(=O)N(C)[C@@H](CC(C)C)C(=O)N[C@@H](CC(C)C)C(=O)N(C)[C@@H](CC(C)C)C(=O)N(C)[C@@H](C)C(=O)N[C@H](CC(C)C)C(=O)N2CCC[C@H]2C(=O)O[C@@H]1C,L1_15.3.1.3.3.2,6169,-6.91,10,7,Lariat,0.199839,0.116664,-28.1786,11.715,10.036,1.679,0.179823,0.10719,11.625,10.044,1.581,28,66,,train,-0.455,0,0.0,train,train,train,valid,train,train,valid,train,test,train,0.12824899
6159,2021_Kelly,CC(=O)N1CCC[C@@H]1C(=O)N(C)[C@H](CC(C)C)C(=O)N[C@@H]1C(=O)N[C@H](CC(C)C)C(=O)N(C)[C@H](CC(C)C)C(=O)N[C@H](CC(C)C)C(=O)N(C)[C@H](C)C(=O)N[C@H](CC(C)C)C(=O)N2CCC[C@H]2C(=O)O[C@@H]1C,L1_15.2.4.2.4.2,6159,-5.5,10,7,Lariat,0.215011,0.144059,-21.8801,11.504,9.789,1.715,0.154616,0.0969928,11.664,10.044,1.62,92,67,,train,0.25,1,1.0,train,train,train,test,train,train,valid,train,test,train,0.08736289
6158,2021_Kelly,CC(=O)N1CCC[C@@H]1C(=O)N(C)[C@H](CC(C)C)C(=O)N[C@@H]1C(=O)N[C@H](CC(C)C)C(=O)N(C)[C@H](CC(C)C)C(=O)N[C@H](CC(C)C)C(=O)N(C)[C@@H](C)C(=O)N[C@H](CC(C)C)C(=O)N2CCC[C@H]2C(=O)O[C@@H]1C,L1_15.2.4.2.3.2,6158,-5.06,10,7,Lariat,0.136276,0.0816766,-22.3928,11.325,9.727,1.598,0.149066,0.085325,10.881,9.417,1.464,29,5,,train,0.4700000000000002,1,1.0,train,valid,train,valid,train,train,train,train,test,train,0.22645275
6147,2021_Kelly,CC(=O)N1CCC[C@@H]1C(=O)N(C)[C@H](CC(C)C)C(=O)N[C@@H]1C(=O)N[C@H](CC(C)C)C(=O)N(C)[C@@H](CC(C)C)C(=O)N[C@H](CC(C)C)C(=O)N[C@@H](C)C(=O)N[C@H](CC(C)C)C(=O)N2CCC[C@H]2C(=O)O[C@@H]1C,L1_15.2.3.2.1.2,6147,-6.38,10,7,Lariat,0.235935,0.143448,-44.6984,11.701,9.518,2.183,0.19607,0.114929,10.797,9.234,1.563,53,51,,train,-0.1899999999999999,0,0.0,train,train,train,valid,train,train,train,train,test,train,0.022934703
6133,2021_Kelly,CC(=O)N1CCC[C@@H]1C(=O)N(C)[C@H](CC(C)C)C(=O)N[C@@H]1C(=O)N[C@H](CC(C)C)C(=O)N[C@H](CC(C)C)C(=O)N[C@@H](CC(C)C)C(=O)N(C)[C@H](C)C(=O)N[C@H](CC(C)C)C(=O)N2CCC[C@H]2C(=O)O[C@@H]1C,L1_15.2.2.1.4.2,6133,-5.99,10,7,Lariat,0.298945,0.211265,-32.5218,11.67,9.807,1.863,0.217839,0.144461,10.731,9.309,1.422,28,65,,train,0.0049999999999998,1,1.0,train,test,train,valid,train,train,train,test,test,test,-0.08956558
6116,2021_Kelly,CC(=O)N1CCC[C@@H]1C(=O)N(C)[C@H](CC(C)C)C(=O)N[C@@H]1C(=O)N[C@@H](CC(C)C)C(=O)N(C)[C@@H](CC(C)C)C(=O)N[C@@H](CC(C)C)C(=O)N(C)[C@@H](C)C(=O)N[C@H](CC(C)C)C(=O)N2CCC[C@H]2C(=O)O[C@@H]1C,L1_15.1.3.1.3.2,6116,-6.32,10,7,Lariat,0.141294,0.0688922,-26.7959,11.0,9.454,1.546,0.147576,0.0806234,10.947,9.831,1.116,37,77,,train,-0.1600000000000001,0,0.0,train,train,train,test,train,train,valid,train,test,train,0.09837048
6115,2021_Kelly,CC(=O)N1CCC[C@@H]1C(=O)N(C)[C@H](CC(C)C)C(=O)N[C@@H]1C(=O)N[C@@H](CC(C)C)C(=O)N(C)[C@@H](CC(C)C)C(=O)N[C@@H](CC(C)C)C(=O)N[C@@H](C)C(=O)N[C@H](CC(C)C)C(=O)N2CCC[C@H]2C(=O)O[C@@H]1C,L1_15.1.3.1.1.2,6115,-6.67,10,7,Lariat,0.165853,0.0978689,-32.5492,11.548,9.463,2.085,0.142886,0.0800954,11.652,9.738,1.914,57,41,,val,-0.3349999999999999,0,0.0,valid,train,train,train,train,train,train,train,test,train,-0.2611037
6078,2021_Kelly,CC(=O)N1CCC[C@H]1C(=O)N(C)[C@H](CC(C)C)C(=O)N[C@@H]1C(=O)N(C)[C@@H](CC(C)C)C(=O)N(C)[C@@H](CC(C)C)C(=O)N[C@@H](CC(C)C)C(=O)N[C@@H](C)C(=O)N[C@H](CC(C)C)C(=O)N2CCC[C@@H]2C(=O)O[C@@H]1C,L1_14.3.3.1.1.2,6078,-6.43,10,7,Lariat,0.248979,0.177633,-33.8155,11.908,9.795,2.113,0.0912849,0.0427912,10.494,8.894,1.6,24,90,,test,-0.2149999999999998,0,0.0,test,valid,train,train,train,train,train,train,test,train,-0.20747565
6068,2021_Kelly,CC(=O)N1CCC[C@H]1C(=O)N(C)[C@H](CC(C)C)C(=O)N[C@@H]1C(=O)N[C@H](CC(C)C)C(=O)N(C)[C@H](CC(C)C)C(=O)N[C@@H](CC(C)C)C(=O)N(C)[C@H](C)C(=O)N[C@H](CC(C)C)C(=O)N2CCC[C@@H]2C(=O)O[C@@H]1C,L1_14.2.4.1.4.2,6068,-5.33,10,7,Lariat,0.191378,0.12838,-27.3217,11.968,10.092,1.876,0.19374,0.130343,11.248,9.772,1.476,7,82,,train,0.3349999999999999,1,1.0,train,train,train,train,test,train,train,train,test,train,0.22547577
6051,2021_Kelly,CC(=O)N1CCC[C@H]1C(=O)N(C)[C@H](CC(C)C)C(=O)N[C@@H]1C(=O)N[C@@H](CC(C)C)C(=O)N(C)[C@H](CC(C)C)C(=O)N(C)[C@@H](CC(C)C)C(=O)N(C)[C@@H](C)C(=O)N[C@H](CC(C)C)C(=O)N2CCC[C@@H]2C(=O)O[C@@H]1C,L1_14.1.4.3.3.2,6051,-5.39,10,7,Lariat,0.22661,0.145653,-32.0604,11.98,9.978,2.002,0.197332,0.127863,11.975,10.048,1.927,71,36,,train,0.3050000000000001,1,1.0,train,train,train,train,valid,train,train,train,test,train,0.20423801
6030,2021_Kelly,CC(=O)N1CCC[C@H]1C(=O)N(C)[C@H](CC(C)C)C(=O)N[C@@H]1C(=O)N(C)[C@H](CC(C)C)C(=O)N(C)[C@@H](CC(C)C)C(=O)N(C)[C@H](CC(C)C)C(=O)N[C@@H](C)C(=O)N[C@H](CC(C)C)C(=O)N2CCC[C@H]2C(=O)O[C@@H]1C,L1_13.4.3.4.1.2,6030,-5.25,10,7,Lariat,0.15438,0.0843508,-33.9628,11.862,10.324,1.538,0.188403,0.120118,12.312,10.42,1.892,98,70,,train,0.375,1,1.0,train,valid,train,train,train,test,valid,valid,test,train,0.2534058
6029,2021_Kelly,CC(=O)N1CCC[C@H]1C(=O)N(C)[C@H](CC(C)C)C(=O)N[C@@H]1C(=O)N(C)[C@H](CC(C)C)C(=O)N(C)[C@@H](CC(C)C)C(=O)N(C)[C@@H](CC(C)C)C(=O)N[C@@H](C)C(=O)N[C@H](CC(C)C)C(=O)N2CCC[C@H]2C(=O)O[C@@H]1C,L1_13.4.3.3.1.2,6029,-5.22,10,7,Lariat,0.170044,0.106539,-22.6759,11.379,9.804,1.575,0.192464,0.120557,11.17,9.742,1.428,76,94,,train,0.3900000000000001,1,1.0,train,train,train,train,train,train,train,train,test,train,0.23124234
6027,2021_Kelly,CC(=O)N1CCC[C@H]1C(=O)N(C)[C@H](CC(C)C)C(=O)N[C@@H]1C(=O)N(C)[C@H](CC(C)C)C(=O)N[C@H](CC(C)C)C(=O)N(C)[C@@H](CC(C)C)C(=O)N(C)[C@@H](C)C(=O)N[C@H](CC(C)C)C(=O)N2CCC[C@H]2C(=O)O[C@@H]1C,L1_13.4.2.3.3.2,6027,-5.6,10,7,Lariat,0.22871,0.147854,-23.9818,11.349,9.653,1.696,0.111571,0.0518464,10.817,9.354,1.463,49,30,,train,0.2000000000000001,1,1.0,train,valid,train,train,valid,test,train,test,test,train,0.29093963
6018,2021_Kelly,CC(=O)N1CCC[C@H]1C(=O)N(C)[C@H](CC(C)C)C(=O)N[C@@H]1C(=O)N(C)[C@@H](CC(C)C)C(=O)N[C@H](CC(C)C)C(=O)N[C@H](CC(C)C)C(=O)N(C)[C@H](C)C(=O)N[C@H](CC(C)C)C(=O)N2CCC[C@H]2C(=O)O[C@@H]1C,L1_13.3.2.2.4.2,6018,-5.86,10,7,Lariat,0.251231,0.156763,-28.4912,11.886,10.072,1.814,0.12136,0.058178,10.903,9.475,1.428,17,63,,train,0.0699999999999998,1,1.0,train,valid,train,test,train,train,train,train,test,train,-0.08423723
6016,2021_Kelly,CC(=O)N1CCC[C@H]1C(=O)N(C)[C@H](CC(C)C)C(=O)N[C@@H]1C(=O)N(C)[C@@H](CC(C)C)C(=O)N[C@@H](CC(C)C)C(=O)N(C)[C@@H](CC(C)C)C(=O)N(C)[C@H](C)C(=O)N[C@H](CC(C)C)C(=O)N2CCC[C@H]2C(=O)O[C@@H]1C,L1_13.3.1.3.4.2,6016,-5.71,10,7,Lariat,0.171203,0.103411,-25.1524,11.622,9.987,1.635,0.193974,0.114533,11.333,9.987,1.346,21,70,,train,0.145,1,1.0,train,train,valid,train,train,test,train,train,test,test,0.19637965
6008,2021_Kelly,CC(=O)N1CCC[C@H]1C(=O)N(C)[C@H](CC(C)C)C(=O)N[C@@H]1C(=O)N[C@H](CC(C)C)C(=O)N(C)[C@@H](CC(C)C)C(=O)N(C)[C@H](CC(C)C)C(=O)N(C)[C@H](C)C(=O)N[C@H](CC(C)C)C(=O)N2CCC[C@H]2C(=O)O[C@@H]1C,L1_13.2.3.4.4.2,6008,-5.3,10,7,Lariat,0.133676,0.0718341,-24.5048,11.241,9.619,1.622,0.119622,0.0609905,11.434,9.927,1.507,33,14,,train,0.3500000000000001,1,1.0,train,train,train,train,test,train,train,train,test,train,0.27781993
6001,2021_Kelly,CC(=O)N1CCC[C@H]1C(=O)N(C)[C@H](CC(C)C)C(=O)N[C@@H]1C(=O)N[C@H](CC(C)C)C(=O)N[C@H](CC(C)C)C(=O)N(C)[C@@H](CC(C)C)C(=O)N(C)[C@@H](C)C(=O)N[C@H](CC(C)C)C(=O)N2CCC[C@H]2C(=O)O[C@@H]1C,L1_13.2.2.3.3.2,6001,-5.86,10,7,Lariat,0.180888,0.106927,-23.0387,10.801,9.222,1.579,0.211686,0.139288,11.052,9.523,1.529,42,63,,train,0.0699999999999998,1,1.0,train,train,train,valid,train,train,train,test,test,train,0.21647416
5995,2021_Kelly,CC(=O)N1CCC[C@H]1C(=O)N(C)[C@H](CC(C)C)C(=O)N[C@@H]1C(=O)N[C@H](CC(C)C)C(=O)N[C@@H](CC(C)C)C(=O)N(C)[C@H](CC(C)C)C(=O)N(C)[C@H](C)C(=O)N[C@H](CC(C)C)C(=O)N2CCC[C@H]2C(=O)O[C@@H]1C,L1_13.2.1.4.4.2,5995,-5.47,10,7,Lariat,0.175639,0.105203,-32.1202,10.841,9.188,1.653,0.189667,0.12426,11.184,9.742,1.442,53,79,,train,0.2650000000000001,1,1.0,train,train,train,train,test,valid,train,train,test,valid,0.12463229
5979,2021_Kelly,CC(=O)N1CCC[C@H]1C(=O)N(C)[C@H](CC(C)C)C(=O)N[C@@H]1C(=O)N[C@@H](CC(C)C)C(=O)N[C@@H](CC(C)C)C(=O)N(C)[C@H](CC(C)C)C(=O)N[C@@H](C)C(=O)N[C@H](CC(C)C)C(=O)N2CCC[C@H]2C(=O)O[C@@H]1C,L1_13.1.1.4.1.2,5979,-6.27,10,7,Lariat,0.269444,0.192759,-35.753,11.928,9.969,1.959,0.147769,0.0839696,11.635,9.976,1.659,81,79,,train,-0.1349999999999998,0,0.0,train,train,train,train,train,valid,valid,valid,test,train,-0.03875387
5964,2021_Kelly,CC(=O)N1CCC[C@@H]1C(=O)N(C)[C@@H](CC(C)C)C(=O)N[C@@H]1C(=O)N(C)[C@H](CC(C)C)C(=O)N[C@H](CC(C)C)C(=O)N[C@H](CC(C)C)C(=O)N[C@H](C)C(=O)N[C@H](CC(C)C)C(=O)N2CCC[C@@H]2C(=O)O[C@@H]1C,L1_12.4.2.2.2.2,5964,-6.72,10,7,Lariat,0.193505,0.120046,-33.9016,11.011,9.259,1.752,0.106485,0.0546579,10.168,8.772,1.396,91,42,,train,-0.3599999999999999,0,0.0,train,valid,train,train,valid,train,train,train,test,train,-0.36400092
5958,2021_Kelly,CC(=O)N1CCC[C@@H]1C(=O)N(C)[C@@H](CC(C)C)C(=O)N[C@@H]1C(=O)N(C)[C@@H](CC(C)C)C(=O)N(C)[C@@H](CC(C)C)C(=O)N[C@@H](CC(C)C)C(=O)N(C)[C@@H](C)C(=O)N[C@H](CC(C)C)C(=O)N2CCC[C@@H]2C(=O)O[C@@H]1C,L1_12.3.3.1.3.2,5958,-5.21,10,7,Lariat,0.204316,0.13087,-22.7045,11.898,10.058,1.84,0.244906,0.149472,11.608,9.995,1.613,85,97,,train,0.395,1,1.0,train,train,train,valid,train,train,valid,train,test,train,0.12724069
5946,2021_Kelly,CC(=O)N1CCC[C@@H]1C(=O)N(C)[C@@H](CC(C)C)C(=O)N[C@@H]1C(=O)N[C@H](CC(C)C)C(=O)N[C@H](CC(C)C)C(=O)N(C)[C@@H](CC(C)C)C(=O)N(C)[C@@H](C)C(=O)N[C@H](CC(C)C)C(=O)N2CCC[C@@H]2C(=O)O[C@@H]1C,L1_12.2.2.3.3.2,5946,-5.42,10,7,Lariat,0.146141,0.0914982,-22.603,10.983,9.293,1.69,0.125402,0.0577759,10.157,8.602,1.555,71,73,,train,0.29,1,1.0,train,train,train,train,train,test,train,train,test,train,0.13263948
5944,2021_Kelly,CC(=O)N1CCC[C@@H]1C(=O)N(C)[C@@H](CC(C)C)C(=O)N[C@@H]1C(=O)N[C@H](CC(C)C)C(=O)N[C@H](CC(C)C)C(=O)N[C@H](CC(C)C)C(=O)N(C)[C@@H](C)C(=O)N[C@H](CC(C)C)C(=O)N2CCC[C@@H]2C(=O)O[C@@H]1C,L1_12.2.2.2.3.2,5944,-5.95,10,7,Lariat,0.205262,0.139913,-33.8228,11.614,9.847,1.767,0.159257,0.0950341,11.078,9.346,1.732,2,50,,train,0.0249999999999999,1,1.0,train,train,train,train,train,valid,train,train,test,test,0.017446993
5930,2021_Kelly,CC(=O)N1CCC[C@@H]1C(=O)N(C)[C@@H](CC(C)C)C(=O)N[C@@H]1C(=O)N[C@@H](CC(C)C)C(=O)N[C@@H](CC(C)C)C(=O)N[C@@H](CC(C)C)C(=O)N(C)[C@@H](C)C(=O)N[C@H](CC(C)C)C(=O)N2CCC[C@@H]2C(=O)O[C@@H]1C,L1_12.1.1.1.3.2,5930,-5.93,10,7,Lariat,0.250068,0.172619,-31.4725,11.338,9.614,1.724,0.114581,0.0647003,10.44,8.883,1.557,40,72,,train,0.0350000000000001,1,1.0,train,train,valid,test,train,train,train,train,test,train,-0.25176418
5906,2021_Kelly,CC(=O)N1CCC[C@@H]1C(=O)N(C)[C@@H](CC(C)C)C(=O)N[C@@H]1C(=O)N(C)[C@@H](CC(C)C)C(=O)N(C)[C@@H](CC(C)C)C(=O)N(C)[C@H](CC(C)C)C(=O)N(C)[C@@H](C)C(=O)N[C@H](CC(C)C)C(=O)N2CCC[C@H]2C(=O)O[C@@H]1C,L1_11.3.3.4.3.2,5906,-6.31,10,7,Lariat,0.202548,0.134278,-21.2646,12.245,10.449,1.796,0.166404,0.101257,12.082,10.341,1.741,40,83,,val,-0.1549999999999998,0,0.0,valid,train,test,train,train,train,valid,train,test,train,0.3232587
5894,2021_Kelly,CC(=O)N1CCC[C@@H]1C(=O)N(C)[C@@H](CC(C)C)C(=O)N[C@@H]1C(=O)N[C@H](CC(C)C)C(=O)N(C)[C@H](CC(C)C)C(=O)N(C)[C@H](CC(C)C)C(=O)N[C@@H](C)C(=O)N[C@H](CC(C)C)C(=O)N2CCC[C@H]2C(=O)O[C@@H]1C,L1_11.2.4.4.1.2,5894,-5.56,10,7,Lariat,0.16039,0.0921436,-23.9223,11.221,9.556,1.665,0.154157,0.0859324,10.988,9.486,1.502,51,89,,train,0.2200000000000002,1,1.0,train,valid,train,train,train,test,test,train,test,train,0.13992354
5871,2021_Kelly,CC(=O)N1CCC[C@@H]1C(=O)N(C)[C@@H](CC(C)C)C(=O)N[C@@H]1C(=O)N[C@H](CC(C)C)C(=O)N[C@H](CC(C)C)C(=O)N[C@H](CC(C)C)C(=O)N[C@H](C)C(=O)N[C@H](CC(C)C)C(=O)N2CCC[C@H]2C(=O)O[C@@H]1C,L1_11.2.2.2.2.2,5871,-6.66,10,7,Lariat,0.151416,0.0925289,-43.0993,11.483,9.245,2.238,0.117298,0.0567186,10.431,8.908,1.523,12,38,,test,-0.33,0,0.0,test,train,train,train,train,train,train,train,test,train,-0.3229245
5851,2021_Kelly,CC(=O)N1CCC[C@@H]1C(=O)N(C)[C@@H](CC(C)C)C(=O)N[C@@H]1C(=O)N[C@@H](CC(C)C)C(=O)N[C@H](CC(C)C)C(=O)N[C@H](CC(C)C)C(=O)N[C@@H](C)C(=O)N[C@H](CC(C)C)C(=O)N2CCC[C@H]2C(=O)O[C@@H]1C,L1_11.1.2.2.1.2,5851,-6.73,10,7,Lariat,0.145942,0.086399,-36.8752,11.384,9.415,1.969,0.123848,0.0551746,10.542,9.021,1.521,92,16,,test,-0.3650000000000002,0,0.0,test,train,valid,train,test,train,valid,train,test,train,-0.35107446
5838,2021_Kelly,CC(=O)N1CCC[C@H]1C(=O)N(C)[C@@H](CC(C)C)C(=O)N[C@@H]1C(=O)N(C)[C@H](CC(C)C)C(=O)N(C)[C@@H](CC(C)C)C(=O)N[C@H](CC(C)C)C(=O)N[C@@H](C)C(=O)N[C@H](CC(C)C)C(=O)N2CCC[C@@H]2C(=O)O[C@@H]1C,L1_10.4.3.2.1.2,5838,-6.4,10,7,Lariat,0.269169,0.175867,-29.9568,11.107,9.252,1.855,0.09196,0.0527727,10.099,8.494,1.605,13,47,,train,-0.2000000000000001,0,0.0,train,train,train,train,train,train,train,train,test,train,-0.10467212
5830,2021_Kelly,CC(=O)N1CCC[C@H]1C(=O)N(C)[C@@H](CC(C)C)C(=O)N[C@@H]1C(=O)N(C)[C@H](CC(C)C)C(=O)N[C@H](CC(C)C)C(=O)N[C@H](CC(C)C)C(=O)N[C@H](C)C(=O)N[C@H](CC(C)C)C(=O)N2CCC[C@@H]2C(=O)O[C@@H]1C,L1_10.4.2.2.2.2,5830,-7.52,10,7,Lariat,0.124513,0.0687578,-28.7828,10.828,9.174,1.654,0.139985,0.0777112,10.792,9.333,1.459,7,85,,train,-0.7599999999999998,0,0.0,train,train,train,train,train,train,train,train,test,train,-0.4277022
5825,2021_Kelly,CC(=O)N1CCC[C@H]1C(=O)N(C)[C@@H](CC(C)C)C(=O)N[C@@H]1C(=O)N(C)[C@H](CC(C)C)C(=O)N[C@@H](CC(C)C)C(=O)N(C)[C@@H](CC(C)C)C(=O)N(C)[C@@H](C)C(=O)N[C@H](CC(C)C)C(=O)N2CCC[C@@H]2C(=O)O[C@@H]1C,L1_10.4.1.3.3.2,5825,-6.24,10,7,Lariat,0.203427,0.118437,-30.1337,12.11,10.173,1.937,0.186585,0.103553,11.96,10.2,1.76,15,11,,test,-0.1200000000000001,0,0.0,test,train,train,train,valid,train,train,train,test,train,0.1509534
5796,2021_Kelly,CC(=O)N1CCC[C@H]1C(=O)N(C)[C@@H](CC(C)C)C(=O)N[C@@H]1C(=O)N[C@H](CC(C)C)C(=O)N(C)[C@H](CC(C)C)C(=O)N[C@H](CC(C)C)C(=O)N[C@@H](C)C(=O)N[C@H](CC(C)C)C(=O)N2CCC[C@@H]2C(=O)O[C@@H]1C,L1_10.2.4.2.1.2,5796,-6.39,10,7,Lariat,0.146355,0.0736194,-32.6785,11.046,9.234,1.812,0.180234,0.114611,10.521,8.94,1.581,15,35,,train,-0.1949999999999998,0,0.0,train,train,train,train,train,test,train,train,test,train,-0.13787498
5783,2021_Kelly,CC(=O)N1CCC[C@H]1C(=O)N(C)[C@@H](CC(C)C)C(=O)N[C@@H]1C(=O)N[C@H](CC(C)C)C(=O)N[C@@H](CC(C)C)C(=O)N(C)[C@H](CC(C)C)C(=O)N(C)[C@@H](C)C(=O)N[C@H](CC(C)C)C(=O)N2CCC[C@@H]2C(=O)O[C@@H]1C,L1_10.2.1.4.3.2,5783,-5.4,10,7,Lariat,0.118384,0.0652399,-19.4906,10.619,9.161,1.458,0.119366,0.0614512,10.786,9.393,1.393,9,72,,train,0.2999999999999998,1,1.0,train,test,train,train,train,train,valid,test,test,train,0.13782293
5777,2021_Kelly,CC(=O)N1CCC[C@H]1C(=O)N(C)[C@@H](CC(C)C)C(=O)N[C@@H]1C(=O)N[C@@H](CC(C)C)C(=O)N(C)[C@H](CC(C)C)C(=O)N(C)[C@H](CC(C)C)C(=O)N[C@H](C)C(=O)N[C@H](CC(C)C)C(=O)N2CCC[C@@H]2C(=O)O[C@@H]1C,L1_10.1.4.4.2.2,5777,-6.85,10,7,Lariat,0.169706,0.102825,-24.2583,11.197,9.501,1.696,0.160007,0.0958358,11.468,9.744,1.724,20,89,,train,-0.4249999999999998,0,0.0,train,train,train,train,test,train,train,train,test,test,-0.16687728
5773,2021_Kelly,CC(=O)N1CCC[C@H]1C(=O)N(C)[C@@H](CC(C)C)C(=O)N[C@@H]1C(=O)N[C@@H](CC(C)C)C(=O)N(C)[C@@H](CC(C)C)C(=O)N[C@@H](CC(C)C)C(=O)N(C)[C@H](C)C(=O)N[C@H](CC(C)C)C(=O)N2CCC[C@@H]2C(=O)O[C@@H]1C,L1_10.1.3.1.4.2,5773,-5.49,10,7,Lariat,0.158182,0.0982325,-38.6634,11.376,9.534,1.842,0.133612,0.0717484,11.035,9.558,1.477,53,95,,val,0.2549999999999999,1,1.0,valid,train,train,test,train,train,train,train,test,valid,0.03888412
5771,2021_Kelly,CC(=O)N1CCC[C@H]1C(=O)N(C)[C@@H](CC(C)C)C(=O)N[C@@H]1C(=O)N[C@@H](CC(C)C)C(=O)N[C@H](CC(C)C)C(=O)N[C@H](CC(C)C)C(=O)N[C@H](C)C(=O)N[C@H](CC(C)C)C(=O)N2CCC[C@@H]2C(=O)O[C@@H]1C,L1_10.1.2.2.2.2,5771,-7.2,10,7,Lariat,0.102138,0.0541259,-14.7968,9.671,8.079,1.592,0.115665,0.0585341,9.757,8.339,1.418,25,94,,test,-0.6000000000000001,0,0.0,test,train,valid,train,train,train,train,test,test,train,-0.59336746
5757,2021_Kelly,CC(=O)N1CCC[C@H]1C(=O)N(C)[C@@H](CC(C)C)C(=O)N[C@@H]1C(=O)N(C)[C@H](CC(C)C)C(=O)N(C)[C@@H](CC(C)C)C(=O)N(C)[C@@H](CC(C)C)C(=O)N(C)[C@H](C)C(=O)N[C@@H](CC(C)C)C(=O)N2CCC[C@H]2C(=O)O[C@@H]1C,L1_1.4.3.3.4.1,5757,-5.32,10,7,Lariat,0.14167,0.0787718,-26.7761,12.066,10.277,1.789,0.146985,0.0830136,11.982,10.278,1.704,68,41,,train,0.3399999999999998,1,1.0,train,test,train,test,train,train,train,train,test,train,0.31669277
5752,2021_Kelly,CC(=O)N1CCC[C@H]1C(=O)N(C)[C@@H](CC(C)C)C(=O)N[C@@H]1C(=O)N(C)[C@H](CC(C)C)C(=O)N[C@H](CC(C)C)C(=O)N(C)[C@@H](CC(C)C)C(=O)N(C)[C@H](C)C(=O)N[C@@H](CC(C)C)C(=O)N2CCC[C@H]2C(=O)O[C@@H]1C,L1_1.4.2.3.4.1,5752,-5.36,10,7,Lariat,0.173558,0.0955488,-31.2843,11.834,9.932,1.902,0.134614,0.075295,11.629,9.813,1.816,77,35,,train,0.3199999999999998,1,1.0,train,train,train,test,train,train,train,train,test,train,0.22599559
5723,2021_Kelly,CC(=O)N1CCC[C@H]1C(=O)N(C)[C@@H](CC(C)C)C(=O)N[C@@H]1C(=O)N(C)[C@@H](CC(C)C)C(=O)N[C@@H](CC(C)C)C(=O)N[C@@H](CC(C)C)C(=O)N(C)[C@@H](C)C(=O)N[C@@H](CC(C)C)C(=O)N2CCC[C@H]2C(=O)O[C@@H]1C,L1_1.3.1.1.3.1,5723,-6.68,10,7,Lariat,0.225987,0.147383,-32.7092,11.466,9.372,2.094,0.166668,0.0987134,11.704,9.947,1.757,100,78,,train,-0.3399999999999998,0,0.0,train,test,train,train,train,train,test,valid,test,train,-0.17767623
5722,2021_Kelly,CC(=O)N1CCC[C@H]1C(=O)N(C)[C@@H](CC(C)C)C(=O)N[C@@H]1C(=O)N[C@H](CC(C)C)C(=O)N(C)[C@H](CC(C)C)C(=O)N(C)[C@H](CC(C)C)C(=O)N(C)[C@@H](C)C(=O)N[C@@H](CC(C)C)C(=O)N2CCC[C@H]2C(=O)O[C@@H]1C,L1_1.2.4.4.3.1,5722,-5.6,10,7,Lariat,0.173578,0.105834,-31.9332,12.166,10.259,1.907,0.150769,0.0946586,11.892,9.981,1.911,9,57,,val,0.2000000000000001,1,1.0,valid,train,train,train,test,train,test,train,test,train,0.21090886
5719,2021_Kelly,CC(=O)N1CCC[C@H]1C(=O)N(C)[C@@H](CC(C)C)C(=O)N[C@@H]1C(=O)N[C@H](CC(C)C)C(=O)N(C)[C@H](CC(C)C)C(=O)N[C@H](CC(C)C)C(=O)N[C@@H](C)C(=O)N[C@@H](CC(C)C)C(=O)N2CCC[C@H]2C(=O)O[C@@H]1C,L1_1.2.4.2.1.1,5719,-6.12,10,7,Lariat,0.160358,0.0984732,-26.2196,10.661,8.968,1.693,0.182024,0.115936,10.764,9.043,1.721,46,12,,train,-0.06,0,0.0,train,train,train,train,train,train,train,train,test,train,-0.06971468
5698,2021_Kelly,CC(=O)N1CCC[C@H]1C(=O)N(C)[C@@H](CC(C)C)C(=O)N[C@@H]1C(=O)N[C@H](CC(C)C)C(=O)N[C@@H](CC(C)C)C(=O)N[C@H](CC(C)C)C(=O)N(C)[C@H](C)C(=O)N[C@@H](CC(C)C)C(=O)N2CCC[C@H]2C(=O)O[C@@H]1C,L1_1.2.1.2.4.1,5698,-5.49,10,7,Lariat,0.215341,0.145145,-35.0828,11.44,9.444,1.996,0.16809,0.104125,11.633,9.775,1.858,21,100,,train,0.2549999999999999,1,1.0,train,train,train,train,train,train,train,train,test,train,0.016085532
5691,2021_Kelly,CC(=O)N1CCC[C@H]1C(=O)N(C)[C@@H](CC(C)C)C(=O)N[C@@H]1C(=O)N[C@@H](CC(C)C)C(=O)N(C)[C@@H](CC(C)C)C(=O)N(C)[C@H](CC(C)C)C(=O)N[C@@H](C)C(=O)N[C@@H](CC(C)C)C(=O)N2CCC[C@H]2C(=O)O[C@@H]1C,L1_1.1.3.4.1.1,5691,-6.56,10,7,Lariat,0.16983,0.0958029,-28.3167,11.645,9.716,1.929,0.159675,0.0923382,11.491,9.85,1.641,94,72,,train,-0.2799999999999998,0,0.0,train,train,train,train,train,train,train,valid,test,train,-0.01124773
5684,2021_Kelly,CC(=O)N1CCC[C@H]1C(=O)N(C)[C@@H](CC(C)C)C(=O)N[C@@H]1C(=O)N[C@@H](CC(C)C)C(=O)N[C@H](CC(C)C)C(=O)N(C)[C@@H](CC(C)C)C(=O)N(C)[C@@H](C)C(=O)N[C@@H](CC(C)C)C(=O)N2CCC[C@H]2C(=O)O[C@@H]1C,L1_1.1.2.3.3.1,5684,-6.44,10,7,Lariat,0.171941,0.102904,-33.0493,12.056,9.99,2.066,0.179695,0.106971,11.53,9.736,1.794,61,100,,test,-0.2200000000000002,0,0.0,test,train,train,train,train,valid,train,train,test,train,0.010895456
5680,2021_Kelly,CC(=O)N1CCC[C@H]1C(=O)N(C)[C@@H](CC(C)C)C(=O)N[C@@H]1C(=O)N[C@@H](CC(C)C)C(=O)N[C@H](CC(C)C)C(=O)N[C@@H](CC(C)C)C(=O)N[C@@H](C)C(=O)N[C@@H](CC(C)C)C(=O)N2CCC[C@H]2C(=O)O[C@@H]1C,L1_1.1.2.1.1.1,5680,-7.3,10,7,Lariat,0.189704,0.124288,-43.7203,11.194,9.012,2.182,0.19529,0.12087,11.337,9.424,1.913,26,4,,train,-0.6499999999999999,0,0.0,train,test,train,valid,test,train,train,train,test,train,-0.46933824
5599,2020_Townsend,CC(C)C[C@H]1C(=O)N[C@@H](Cc2ccccc2)C(=O)N2CCC[C@H]2C(=O)N(C)[C@@H](C)C(=O)N(Cc2ccccc2)CC(=O)N[C@@H](Cc2ccccc2)CC(=O)N2CCC[C@@H]2C(=O)N1C,hepta_2022,5599,-10.0,7,7,Circle,0.148562,0.0402566,-34.0274,9.652,8.268,1.384,0.13353,0.0506146,9.181,8.082,1.099,79,76,,train,-1.0,0,0.0,train,train,train,train,train,train,train,valid,test,test,0.014669042
5597,2020_Townsend,CC(C)C[C@@H]1C(=O)N[C@@H](Cc2ccccc2)C(=O)N2CCC[C@H]2C(=O)N(C)[C@@H](C)C(=O)N(Cc2ccccc2)CC(=O)N[C@@H](Cc2ccccc2)CC(=O)N2CCC[C@@H]2C(=O)N1C,hepta_2020,5597,-5.77,7,7,Circle,0.170981,0.0598587,-29.309,9.232,8.176,1.056,0.156005,0.0417418,9.639,8.459,1.18,64,43,,train,0.1150000000000002,1,1.0,train,train,train,train,valid,train,train,train,test,train,-0.0481539
5583,2020_Townsend,CC(C)C[C@@H]1NC(=O)CN(Cc2ccccc2)C(=O)[C@H](C)N(C)C(=O)[C@@H]2CCCN2C(=O)[C@H](Cc2ccccc2)NC(=O)[C@H](CC(C)C)N(C)C(=O)[C@H]2CCCN2C1=O,hepta_2006,5583,-5.43,7,7,Circle,0.11929,0.032916,-37.7083,8.738,7.582,1.156,0.167416,0.0658778,8.769,7.658,1.111,94,46,,train,0.2850000000000001,1,1.0,train,test,valid,train,train,train,valid,train,test,train,0.17730169
5566,2020_Townsend,CC(C)C[C@@H]1NC(=O)[C@H]2CCCN2C(=O)CN(Cc2ccccc2)C(=O)[C@H](CC(C)C)NC(=O)[C@H](C)N(C)C(=O)[C@@H]2CCCN2C(=O)[C@H](Cc2ccccc2)NC1=O,hepta_1989,5566,-10.0,7,7,Circle,0.165181,0.067183,-38.744,9.36,8.02,1.34,0.163538,0.0493415,8.691,7.55,1.141,66,85,,train,-1.0,0,0.0,train,train,test,train,valid,train,valid,train,test,train,-0.29281437
5564,2020_Townsend,CC(C)C[C@@H]1NC(=O)[C@@H](CC(C)C)NC(=O)[C@H](C)N(C)C(=O)[C@@H]2CCCN2C(=O)[C@H](Cc2ccccc2)NC(=O)CN(Cc2ccccc2)C(=O)[C@H]2CCCN2C1=O,hepta_1987,5564,-10.0,7,7,Circle,0.265589,0.127621,-35.5978,9.181,7.965,1.216,0.21844,0.0951669,8.894,7.784,1.11,39,4,,train,-1.0,0,0.0,train,train,train,train,train,train,train,test,test,train,0.022026423
5560,2020_Townsend,CC(C)C[C@H]1C(=O)N2CCC[C@@H]2C(=O)N(C)[C@@H](CC(C)C)C(=O)N[C@@H](Cc2ccccc2)C(=O)N2CCC[C@H]2C(=O)N(C)[C@@H](C)C(=O)N[C@H](CC(C)C)C(=O)N1C,hepta_1983,5560,-5.43,7,7,Circle,0.139248,0.0456525,-26.7409,9.065,7.884,1.181,0.235744,0.12722,9.046,7.917,1.129,35,48,,train,0.2850000000000001,1,1.0,train,test,train,train,train,train,train,train,test,test,0.29608965
5551,2020_Townsend,CC(C)C[C@@H]1NC(=O)[C@H](C)N(C)C(=O)[C@@H]2CCCN2C(=O)[C@H](Cc2ccccc2)NC(=O)[C@H](CC(C)C)N(C)C(=O)[C@H]2CCCN2C(=O)[C@@H](CC(C)C)NC1=O,hepta_1974,5551,-5.47,7,7,Circle,0.140185,0.0495947,-23.7782,8.926,7.561,1.365,0.12775,0.0455628,8.798,7.567,1.231,52,21,,train,0.2650000000000001,1,1.0,train,train,train,train,train,train,valid,test,test,train,0.095913276
5543,2020_Townsend,CC(C)C[C@H]1NC(=O)[C@H]2CCCN2C(=O)[C@@H](CC(C)C)NC(=O)[C@@H](CC(C)C)N(C)C(=O)[C@H](C)N(C)C(=O)[C@@H]2CCCN2C(=O)[C@H](Cc2ccccc2)NC1=O,hepta_1966,5543,-5.77,7,7,Circle,0.119357,0.0448787,-27.7224,9.115,7.932,1.183,0.128125,0.0367069,8.84,7.624,1.216,9,15,,train,0.1150000000000002,1,1.0,train,train,train,train,train,train,train,train,test,train,-0.0979886
5537,2020_Townsend,CC(C)C[C@H]1NC(=O)[C@@H](C)NC(=O)[C@@H]2CCCN2C(=O)[C@H](Cc2ccccc2)NC(=O)[C@@H](CC(C)C)N(C)C(=O)[C@H]2CCCN2C(=O)C[C@H](Cc2ccccc2)NC1=O,hepta_1960,5537,-10.0,7,7,Circle,0.166678,0.0592887,-24.7053,8.819,7.725,1.094,0.148181,0.0478975,9.497,8.212,1.285,93,30,,train,-1.0,0,0.0,train,valid,train,train,train,train,train,train,test,test,-0.20074672
5525,2020_Townsend,CC(C)C[C@H]1C(=O)N[C@H](CC(C)C)C(=O)N2CCC[C@@H]2C(=O)N(C)[C@@H](CC(C)C)C(=O)N[C@@H](Cc2ccccc2)C(=O)N2CCC[C@H]2C(=O)N[C@H](C)C(=O)N1C,hepta_1948,5525,-5.65,7,7,Circle,0.161803,0.0733767,-27.2605,9.322,8.011,1.311,0.117362,0.0463765,9.111,7.86,1.251,64,59,,train,0.1749999999999998,1,1.0,train,test,test,train,train,train,train,train,test,test,0.12820607
5505,2020_Townsend,CC(C)C[C@H]1C(=O)N(C)[C@@H](CC(C)C)C(=O)N2CCC[C@H]2C(=O)N(Cc2ccccc2)CC(=O)N[C@@H](Cc2ccccc2)C(=O)N2CCC[C@H]2C(=O)N[C@@H](C)C(=O)N1C,hepta_1928,5505,-5.16,7,7,Circle,0.141161,0.0554692,-32.5328,8.899,7.605,1.294,0.128865,0.0526707,9.006,7.744,1.262,91,60,,train,0.4199999999999999,1,1.0,train,train,train,train,train,train,train,train,test,train,0.09489673
5494,2020_Townsend,CC(C)C[C@@H]1NC(=O)[C@H](C)NC(=O)[C@@H]2CCCN2C(=O)[C@H](Cc2ccccc2)NC(=O)[C@H](CC(C)C)N(C)C(=O)[C@@H]2CCCN2C(=O)CN(Cc2ccccc2)C1=O,hepta_1917,5494,-6.13,7,7,Circle,0.162452,0.047947,-46.7393,9.263,7.882,1.381,0.198061,0.0681716,8.85,7.613,1.237,97,49,,train,-0.0649999999999999,0,0.0,train,train,train,train,train,train,train,train,test,train,-0.11879279
5492,2020_Townsend,CC(C)C[C@H]1C(=O)N[C@H](CC(C)C)C(=O)N2CCC[C@H]2C(=O)N(Cc2ccccc2)CC(=O)N[C@@H](Cc2ccccc2)C(=O)N2CCC[C@H]2C(=O)N[C@@H](C)C(=O)N1C,hepta_1915,5492,-5.26,7,7,Circle,0.169217,0.0685085,-29.7488,9.032,7.695,1.337,0.140181,0.0511914,8.883,7.542,1.341,42,39,,train,0.3700000000000001,1,1.0,train,valid,test,train,train,train,train,train,test,valid,0.09703465
5480,2020_Townsend,CC(C)C[C@H]1NC(=O)[C@@H]2CCCN2C(=O)CN(Cc2ccccc2)C(=O)[C@@H](CC(C)C)N(C)C(=O)[C@H](C)NC(=O)[C@@H]2CCCN2C(=O)[C@H](Cc2ccccc2)NC1=O,hepta_1903,5480,-5.9,7,7,Circle,0.136325,0.0478687,-33.2976,9.255,8.03,1.225,0.161052,0.0552945,8.644,7.379,1.265,63,93,,train,0.0499999999999998,1,1.0,train,valid,train,train,train,train,valid,test,test,train,-0.22087274
5452,2020_Townsend,CC(C)C[C@H]1C(=O)N[C@@H](Cc2ccccc2)C(=O)N2CCC[C@H]2C(=O)N[C@@H](C)C(=O)N(C)[C@H](CC(C)C)C(=O)N[C@H](CC(C)C)C(=O)N2CCC[C@H]2C(=O)N1C,hepta_1875,5452,-5.88,7,7,Circle,0.119839,0.0400943,-21.5336,8.579,7.646,0.933,0.160305,0.0722793,8.714,7.755,0.959,62,77,,train,0.06,1,1.0,train,train,train,train,train,train,train,train,test,train,0.16600709
5447,2020_Townsend,CC(C)C[C@@H]1NC(=O)[C@H](CC(C)C)N(C)C(=O)[C@H](C)NC(=O)[C@@H]2CCCN2C(=O)[C@H](Cc2ccccc2)NC(=O)[C@@H](CC(C)C)NC(=O)[C@@H]2CCCN2C1=O,hepta_1870,5447,-6.14,7,7,Circle,0.152613,0.0517878,-33.896,9.041,7.621,1.42,0.139403,0.0395915,8.596,7.33,1.266,72,24,,val,-0.0699999999999998,0,0.0,valid,train,train,test,train,train,train,train,test,valid,-0.22678384
5445,2020_Townsend,CC(C)C[C@@H]1NC(=O)[C@H](C)NC(=O)[C@@H]2CCCN2C(=O)[C@H](Cc2ccccc2)NC(=O)[C@H](CC(C)C)N(C)C(=O)[C@@H]2CCCN2C(=O)[C@@H](CC(C)C)NC1=O,hepta_1868,5445,-6.26,7,7,Circle,0.154506,0.0565061,-37.4263,9.305,8.039,1.266,0.156513,0.0512197,8.599,7.466,1.133,77,97,,test,-0.1299999999999999,0,0.0,test,train,train,train,train,train,test,train,test,train,-0.11647816
5435,2020_Townsend,CC(C)C[C@H]1NC(=O)[C@H](C)NC(=O)[C@@H]2CCCN2C(=O)[C@H](Cc2ccccc2)NC(=O)[C@@H](CC(C)C)N(C)C(=O)[C@@H]2CCCN2C(=O)[C@@H](CC(C)C)NC1=O,hepta_1858,5435,-5.29,7,7,Circle,0.143272,0.0577333,-31.9671,9.324,7.919,1.405,0.122838,0.0532782,8.881,7.717,1.164,53,57,,train,0.355,1,1.0,train,train,valid,train,train,train,valid,train,test,train,-0.053479865
5422,2020_Townsend,CC(C)C[C@H]1C(=O)N[C@@H](Cc2ccccc2)CC(=O)N2CCC[C@@H]2C(=O)N(C)[C@@H](CC(C)C)C(=O)N[C@@H](Cc2ccccc2)C(=O)N2CCC[C@H]2C(=O)N[C@@H](Cc2ccccc2)CC(=O)N1C,hepta_1845,5422,-5.56,7,7,Circle,0.204448,0.0777441,-23.6864,10.191,8.978,1.213,0.152581,0.0580727,9.606,8.451,1.155,71,73,,train,0.2200000000000002,1,1.0,train,train,train,valid,train,train,train,train,test,valid,0.16307811
5420,2020_Townsend,CC(C)C[C@H]1C(=O)N[C@@H](Cc2ccccc2)CC(=O)N2CCC[C@@H]2C(=O)N(C)[C@H](CC(C)C)C(=O)N[C@@H](Cc2ccccc2)C(=O)N2CCC[C@H]2C(=O)N[C@@H](Cc2ccccc2)CC(=O)N1C,hepta_1843,5420,-5.73,7,7,Circle,0.23723,0.0814479,-24.6032,9.58,8.403,1.177,0.153861,0.049791,9.963,9.028,0.935,9,79,,train,0.1349999999999998,1,1.0,train,train,train,train,valid,test,test,train,test,train,0.1335621
5412,2020_Townsend,CC(C)C[C@H]1C(=O)N[C@@H](Cc2ccccc2)C(=O)N2CCC[C@H]2C(=O)N[C@@H](Cc2ccccc2)CC(=O)N(C)[C@H](CC(C)C)C(=O)N(Cc2ccccc2)CC(=O)N2CCC[C@@H]2C(=O)N1C,hepta_1835,5412,-5.58,7,7,Circle,0.183772,0.0644048,-30.7443,9.248,8.217,1.031,0.149549,0.0406126,9.956,9.158,0.798,45,47,,train,0.2099999999999999,1,1.0,train,train,train,train,train,train,train,train,test,test,0.14714111
5400,2020_Townsend,CC(C)C[C@H]1C(=O)N(Cc2ccccc2)CC(=O)N2CCC[C@@H]2C(=O)N[C@H](CC(C)C)C(=O)N[C@@H](Cc2ccccc2)C(=O)N2CCC[C@H]2C(=O)N[C@@H](Cc2ccccc2)CC(=O)N1C,hepta_1823,5400,-5.84,7,7,Circle,0.188973,0.0644006,-31.5983,9.87,8.619,1.251,0.196415,0.0793982,9.837,8.558,1.279,82,40,,train,0.08,1,1.0,train,valid,train,train,valid,train,train,train,test,train,0.018429227
5387,2020_Townsend,CC(C)C[C@@H]1C(=O)N(C)[C@H](CC(C)C)C(=O)N2CCC[C@@H]2C(=O)N(C)[C@H](CC(C)C)C(=O)N[C@@H](Cc2ccccc2)C(=O)N2CCC[C@H]2C(=O)N[C@@H](Cc2ccccc2)CC(=O)N1C,hepta_1810,5387,-5.26,7,7,Circle,0.142089,0.0385121,-23.4467,9.771,8.638,1.133,0.125759,0.0446668,9.718,8.653,1.065,60,70,,train,0.3700000000000001,1,1.0,train,train,train,train,train,train,train,train,test,train,0.22013465
5376,2020_Townsend,CC(C)C[C@H]1NC(=O)[C@H]2CCCN2C(=O)CN(Cc2ccccc2)C(=O)[C@@H](CC(C)C)NC(=O)C[C@H](Cc2ccccc2)NC(=O)[C@@H]2CCCN2C(=O)[C@H](Cc2ccccc2)NC1=O,hepta_1799,5376,-5.86,7,7,Circle,0.199557,0.0735191,-40.3787,10.248,8.928,1.32,0.12791,0.0413279,9.284,8.236,1.048,43,32,,train,0.0699999999999998,1,1.0,train,train,train,train,train,train,train,train,test,test,0.13178103
5353,2020_Townsend,CC(C)C[C@@H]1NC(=O)[C@@H](CC(C)C)NC(=O)C[C@H](Cc2ccccc2)NC(=O)[C@@H]2CCCN2C(=O)[C@H](Cc2ccccc2)NC(=O)[C@@H](CC(C)C)NC(=O)[C@H]2CCCN2C1=O,hepta_1776,5353,-5.5,7,7,Circle,0.157301,0.0462124,-27.6082,9.553,8.442,1.111,0.189716,0.0713546,9.502,8.409,1.093,32,26,,train,0.25,1,1.0,train,train,valid,train,valid,train,valid,train,test,train,0.19048052
5351,2020_Townsend,CCCN1CC(=O)N(Cc2ccccc2)CC(=O)N[C@@H](Cc2ccccc2)CC(=O)N2CCC[C@H]2C(=O)N(Cc2ccccc2)CC(=O)N[C@@H](Cc2ccccc2)C(=O)N2CCC[C@H]2C1=O,hepta_1774,5351,-5.72,7,7,Circle,0.196103,0.0695685,-43.1668,9.298,8.153,1.145,0.207189,0.051099,9.455,8.214,1.241,40,38,,train,0.1400000000000001,1,1.0,train,valid,valid,train,valid,train,valid,train,test,test,0.0072730035
5324,2020_Townsend,CCCN1CC(=O)N(C)[C@H](CC(C)C)C(=O)N[C@@H](Cc2ccccc2)CC(=O)N2CCC[C@H]2C(=O)N[C@H](CC(C)C)C(=O)N[C@@H](Cc2ccccc2)C(=O)N2CCC[C@H]2C1=O,hepta_1747,5324,-5.4,7,7,Circle,0.144096,0.0503757,-28.8239,9.981,8.677,1.304,0.138043,0.0553792,9.122,7.973,1.149,92,34,,train,0.2999999999999998,1,1.0,train,train,train,train,train,train,train,valid,test,train,0.024771687
5322,2020_Townsend,CCCN1CC(=O)N[C@@H](CC(C)C)C(=O)N(Cc2ccccc2)CC(=O)N2CCC[C@H]2C(=O)N(C)[C@@H](CC(C)C)C(=O)N[C@@H](Cc2ccccc2)C(=O)N2CCC[C@H]2C1=O,hepta_1745,5322,-5.42,7,7,Circle,0.157645,0.0526354,-28.4971,9.538,8.478,1.06,0.172703,0.0522812,9.485,8.465,1.02,16,32,,train,0.29,1,1.0,train,test,train,train,train,train,train,train,test,train,0.2795031
5304,2020_Townsend,CCCN1CC(=O)N[C@@H](CC(C)C)C(=O)N[C@@H](CC(C)C)C(=O)N2CCC[C@H]2C(=O)N(Cc2ccccc2)CC(=O)N[C@@H](Cc2ccccc2)C(=O)N2CCC[C@H]2C1=O,hepta_1727,5304,-5.65,7,7,Circle,0.138589,0.039347,-50.0384,8.94,7.475,1.465,0.243932,0.123344,9.131,7.725,1.406,13,11,,train,0.1749999999999998,1,1.0,train,train,test,train,valid,train,train,train,test,train,0.02586678
5295,2020_Townsend,CCCN1CC(=O)N(C)[C@@H](CC(C)C)C(=O)N(C)[C@H](CC(C)C)C(=O)N2CCC[C@H]2C(=O)N[C@@H](CC(C)C)C(=O)N[C@@H](Cc2ccccc2)C(=O)N2CCC[C@H]2C1=O,hepta_1718,5295,-5.69,7,7,Circle,0.103141,0.0393315,-24.0801,8.727,7.711,1.016,0.124998,0.0338774,8.78,7.813,0.967,77,92,,train,0.1549999999999998,1,1.0,train,test,train,test,train,train,train,valid,test,train,0.1810688
5294,2020_Townsend,CCCN1CC(=O)N(C)[C@H](CC(C)C)C(=O)N(C)[C@@H](CC(C)C)C(=O)N2CCC[C@H]2C(=O)N[C@@H](CC(C)C)C(=O)N[C@@H](Cc2ccccc2)C(=O)N2CCC[C@H]2C1=O,hepta_1717,5294,-6.22,7,7,Circle,0.14182,0.0642813,-29.0722,9.47,8.332,1.138,0.13376,0.0360395,9.459,8.384,1.075,52,6,,train,-0.1099999999999998,0,0.0,train,test,train,train,train,train,train,train,test,train,0.14304146
5292,2020_Townsend,CCCN1CC(=O)N[C@H](CC(C)C)C(=O)N[C@H](CC(C)C)C(=O)N2CCC[C@H]2C(=O)N(Cc2ccccc2)CC(=O)N[C@@H](Cc2ccccc2)C(=O)N2CCC[C@H]2C1=O,hepta_1715,5292,-5.76,7,7,Circle,0.117347,0.049148,-27.1296,8.52,7.356,1.164,0.109698,0.0319521,9.007,8.012,0.995,97,72,,train,0.1200000000000001,1,1.0,train,train,train,valid,train,test,train,valid,test,train,0.065120086
5291,2020_Townsend,CCCN1CC(=O)N[C@H](CC(C)C)C(=O)N(Cc2ccccc2)CC(=O)N2CCC[C@H]2C(=O)N[C@H](CC(C)C)C(=O)N[C@@H](Cc2ccccc2)C(=O)N2CCC[C@H]2C1=O,hepta_1714,5291,-6.29,7,7,Circle,0.192092,0.0743039,-36.378,9.486,8.189,1.297,0.139039,0.0479912,8.938,7.734,1.204,13,2,,train,-0.145,0,0.0,train,train,train,train,train,valid,train,train,test,train,-0.16206996
5276,2020_Townsend,CCCN1CC(=O)N[C@@H](CC(C)C)C(=O)N(C)[C@H](CC(C)C)C(=O)N2CCC[C@H]2C(=O)N[C@@H](CC(C)C)C(=O)N[C@@H](Cc2ccccc2)C(=O)N2CCC[C@H]2C1=O,hepta_1699,5276,-5.88,7,7,Circle,0.172725,0.0698885,-33.3066,9.099,7.691,1.408,0.135889,0.0435678,8.923,7.746,1.177,48,72,,train,0.06,1,1.0,train,train,train,train,train,train,train,train,test,valid,0.09975125
5236,2020_Townsend,CC(C)C[C@@H]1NC(=O)C[C@H](Cc2ccccc2)NC(=O)[C@@H]2CCCN2C(=O)[C@H](Cc2ccccc2)NC(=O)[C@H](CC(C)C)NC(=O)[C@@H]2CCCN2C(=O)C[C@H](Cc2ccccc2)NC1=O,hepta_1659,5236,-5.82,7,7,Circle,0.173908,0.066459,-35.5941,10.241,8.878,1.363,0.236641,0.113397,10.108,8.74,1.368,49,17,,train,0.0899999999999998,1,1.0,train,train,valid,train,train,train,train,train,test,train,-0.00028504618
5233,2020_Townsend,CC(C)C[C@H]1C(=O)N[C@@H](Cc2ccccc2)C(=O)N2CCC[C@H]2C(=O)N[C@@H](Cc2ccccc2)CC(=O)N[C@H](CC(C)C)C(=O)N(Cc2ccccc2)CC(=O)N2CCC[C@H]2C(=O)N1C,hepta_1656,5233,-6.0,7,7,Circle,0.198315,0.0740257,-29.6559,9.938,8.659,1.279,0.135527,0.0343386,9.864,8.85,1.014,57,6,,train,0.0,1,1.0,train,valid,train,train,train,train,valid,train,test,train,0.097464636
5229,2020_Townsend,CC(C)C[C@@H]1NC(=O)[C@@H]2CCCN2C(=O)C[C@H](Cc2ccccc2)NC(=O)[C@@H](CC(C)C)NC(=O)C[C@H](Cc2ccccc2)NC(=O)[C@@H]2CCCN2C(=O)[C@H](Cc2ccccc2)NC1=O,hepta_1652,5229,-5.77,7,7,Circle,0.181986,0.0596136,-31.315,9.9,8.706,1.194,0.170515,0.0583775,10.047,8.859,1.188,32,76,,train,0.1150000000000002,1,1.0,train,train,valid,train,train,test,train,train,test,train,0.056276012
5218,2020_Townsend,CC(C)C[C@@H]1NC(=O)C[C@H](Cc2ccccc2)NC(=O)[C@@H]2CCCN2C(=O)[C@H](Cc2ccccc2)NC(=O)[C@H](CC(C)C)N(C)C(=O)[C@@H]2CCCN2C(=O)[C@H](CC(C)C)N(C)C1=O,hepta_1641,5218,-5.28,7,7,Circle,0.116171,0.0445362,-36.1039,10.282,8.998,1.284,0.323135,0.170613,9.508,8.548,0.96,77,75,,train,0.3599999999999999,1,1.0,train,train,test,train,test,train,train,test,test,train,0.24736647
5191,2020_Townsend,CC(C)C[C@@H]1NC(=O)C[C@H](Cc2ccccc2)NC(=O)[C@@H]2CCCN2C(=O)[C@H](Cc2ccccc2)NC(=O)[C@@H](CC(C)C)NC(=O)[C@@H]2CCCN2C(=O)[C@H](CC(C)C)N(C)C1=O,hepta_1614,5191,-5.51,7,7,Circle,0.20439,0.0842464,-30.4126,10.048,8.817,1.231,0.144037,0.0576234,9.14,8.027,1.113,93,95,,val,0.2450000000000001,1,1.0,valid,train,valid,train,valid,test,train,train,test,train,0.15406919
5131,2020_Townsend,CCCN1CC(=O)N[C@H](CC(C)C)C(=O)N[C@@H](Cc2ccccc2)CC(=O)N2CCC[C@@H]2C(=O)N[C@H](CC(C)C)C(=O)N[C@@H](Cc2ccccc2)C(=O)N2CCC[C@@H]2C1=O,hepta_1554,5131,-5.76,7,7,Circle,0.161358,0.0559296,-20.626,8.961,7.753,1.208,0.151824,0.0520258,9.206,7.864,1.342,46,9,,train,0.1200000000000001,1,1.0,train,test,train,train,test,train,train,train,test,test,-0.077305496
5111,2020_Townsend,CCCN1CC(=O)N[C@H](CC(C)C)C(=O)N(Cc2ccccc2)CC(=O)N2CCC[C@@H]2C(=O)N[C@H](CC(C)C)C(=O)N[C@@H](Cc2ccccc2)C(=O)N2CCC[C@@H]2C1=O,hepta_1534,5111,-5.6,7,7,Circle,0.20828,0.0991539,-34.1315,9.527,8.244,1.283,0.106803,0.0454416,8.598,7.306,1.292,98,71,,val,0.2000000000000001,1,1.0,valid,valid,valid,train,train,valid,train,train,test,valid,0.006707972
5108,2020_Townsend,CCCN1CC(=O)N[C@H](CC(C)C)C(=O)N(C)[C@H](CC(C)C)C(=O)N2CCC[C@@H]2C(=O)N(C)[C@@H](CC(C)C)C(=O)N[C@@H](Cc2ccccc2)C(=O)N2CCC[C@@H]2C1=O,hepta_1531,5108,-5.11,7,7,Circle,0.156283,0.0661817,-38.334,9.517,8.273,1.244,0.130696,0.035546,9.358,8.215,1.143,91,33,,test,0.4449999999999998,1,1.0,test,train,train,train,train,train,train,train,test,train,0.29846048
5107,2020_Townsend,CCCN1CC(=O)N(C)[C@@H](CC(C)C)C(=O)N[C@H](CC(C)C)C(=O)N2CCC[C@@H]2C(=O)N(C)[C@H](CC(C)C)C(=O)N[C@@H](Cc2ccccc2)C(=O)N2CCC[C@@H]2C1=O,hepta_1530,5107,-5.32,7,7,Circle,0.125891,0.0412187,-29.7997,9.918,8.771,1.147,0.12075,0.0548681,9.411,8.281,1.13,60,94,,train,0.3399999999999998,1,1.0,train,train,valid,train,test,train,train,train,test,train,0.34676552
5077,2020_Townsend,CC(C)C[C@@H]1C(=O)N[C@@H](Cc2ccccc2)CC(=O)N2CCC[C@@H]2C(=O)N(Cc2ccccc2)CC(=O)N[C@@H](Cc2ccccc2)C(=O)N2CCC[C@@H]2C(=O)N[C@@H](Cc2ccccc2)CC(=O)N1C,hepta_1500,5077,-5.79,7,7,Circle,0.23046,0.0930319,-36.2571,10.483,9.369,1.114,0.158948,0.0385611,10.237,9.333,0.904,36,32,,test,0.1049999999999999,1,1.0,test,train,train,train,train,train,train,train,test,train,-0.022180978
5073,2020_Townsend,CC(C)C[C@H]1C(=O)N[C@@H](Cc2ccccc2)CC(=O)N2CCC[C@@H]2C(=O)N(C)[C@H](CC(C)C)C(=O)N[C@@H](Cc2ccccc2)C(=O)N2CCC[C@@H]2C(=O)N[C@@H](Cc2ccccc2)CC(=O)N1C,hepta_1496,5073,-5.55,7,7,Circle,0.307874,0.153099,-26.0616,10.113,8.829,1.284,0.144988,0.060791,10.076,8.866,1.21,15,30,,train,0.2250000000000001,1,1.0,train,test,test,valid,train,train,train,train,test,valid,0.1799422
5063,2020_Townsend,CC(C)C[C@@H]1C(=O)N(Cc2ccccc2)CC(=O)N2CCC[C@@H]2C(=O)N(C)[C@H](CC(C)C)C(=O)N[C@@H](Cc2ccccc2)C(=O)N2CCC[C@@H]2C(=O)N[C@@H](Cc2ccccc2)CC(=O)N1C,hepta_1486,5063,-5.72,7,7,Circle,0.263361,0.101808,-34.6611,10.296,9.12,1.176,0.150355,0.0431096,10.06,8.842,1.218,75,76,,train,0.1400000000000001,1,1.0,train,train,train,train,train,train,train,train,test,train,0.15283114
5054,2020_Townsend,CC(C)C[C@@H]1NC(=O)CN(Cc2ccccc2)C(=O)C[C@H](Cc2ccccc2)NC(=O)[C@H]2CCCN2C(=O)[C@H](Cc2ccccc2)NC(=O)[C@@H](CC(C)C)N(C)C(=O)[C@H]2CCCN2C1=O,hepta_1477,5054,-5.38,7,7,Circle,0.194889,0.0733727,-30.1518,9.785,8.663,1.122,0.169478,0.0509165,9.835,8.738,1.097,48,17,,train,0.31,1,1.0,train,train,train,train,train,train,test,train,test,test,0.12829706
5052,2020_Townsend,CC(C)C[C@@H]1NC(=O)C[C@H](Cc2ccccc2)NC(=O)[C@H]2CCCN2C(=O)[C@H](Cc2ccccc2)NC(=O)CN(Cc2ccccc2)C(=O)[C@H]2CCCN2C(=O)[C@@H](CC(C)C)N(C)C1=O,hepta_1475,5052,-6.04,7,7,Circle,0.223442,0.0776973,-32.2597,10.203,9.041,1.162,0.168026,0.0551341,9.523,8.312,1.211,52,49,,train,-0.02,0,0.0,train,train,train,train,train,valid,train,train,test,train,0.10774878
5015,2020_Townsend,CC(C)C[C@@H]1NC(=O)C[C@H](Cc2ccccc2)NC(=O)[C@H]2CCCN2C(=O)[C@H](Cc2ccccc2)NC(=O)[C@H](CC(C)C)N(C)C(=O)[C@H]2CCCN2C(=O)[C@@H](CC(C)C)NC1=O,hepta_1438,5015,-6.31,7,7,Circle,0.117634,0.036467,-21.2599,9.097,7.869,1.228,0.144109,0.0393542,9.6,8.378,1.222,64,36,,train,-0.1549999999999998,0,0.0,train,train,train,train,valid,valid,train,train,test,train,0.22699873
5014,2020_Townsend,CC(C)C[C@@H]1NC(=O)C[C@H](Cc2ccccc2)NC(=O)[C@H]2CCCN2C(=O)[C@H](Cc2ccccc2)NC(=O)[C@@H](CC(C)C)NC(=O)[C@H]2CCCN2C(=O)[C@H](CC(C)C)N(C)C1=O,hepta_1437,5014,-5.95,7,7,Circle,0.165987,0.0397109,-33.634,10.159,8.777,1.382,0.162449,0.0484884,9.638,8.509,1.129,48,89,,train,0.0249999999999999,1,1.0,train,train,train,train,train,train,train,train,test,train,0.19595338
4997,2020_Townsend,CC(C)C[C@H]1NC(=O)C[C@H](Cc2ccccc2)NC(=O)[C@H]2CCCN2C(=O)[C@H](Cc2ccccc2)NC(=O)[C@@H](CC(C)C)NC(=O)[C@H]2CCCN2C(=O)[C@@H](CC(C)C)NC1=O,hepta_1420,4997,-5.85,7,7,Circle,0.188248,0.0521812,-26.2312,9.651,8.441,1.21,0.179215,0.0741966,9.704,8.273,1.431,41,9,,train,0.0750000000000001,1,1.0,train,train,train,train,train,train,train,valid,test,test,0.11231221
4977,2020_Townsend,CC(C)C[C@H]1C(=O)N(Cc2ccccc2)CC(=O)N2CCC[C@H]2C(=O)N(C)[C@H](CC(C)C)C(=O)N[C@@H](Cc2ccccc2)C(=O)N2CCC[C@@H]2C(=O)N[C@@H](Cc2ccccc2)CC(=O)N1C,hepta_1400,4977,-5.43,7,7,Circle,0.15313,0.0494491,-26.9057,9.892,8.753,1.139,0.209177,0.0728148,9.669,8.481,1.188,97,34,,train,0.2850000000000001,1,1.0,train,train,test,train,train,train,train,train,test,train,0.1831402
4965,2020_Townsend,CC(C)C[C@@H]1NC(=O)[C@@H](CC(C)C)N(C)C(=O)C[C@H](Cc2ccccc2)NC(=O)[C@H]2CCCN2C(=O)[C@H](Cc2ccccc2)NC(=O)CN(Cc2ccccc2)C(=O)[C@@H]2CCCN2C1=O,hepta_1388,4965,-5.25,7,7,Circle,0.168447,0.0532353,-32.8962,9.853,8.649,1.204,0.159968,0.0432675,9.937,8.652,1.285,95,53,,train,0.375,1,1.0,train,train,train,train,train,train,valid,test,test,test,0.14595617
4960,2020_Townsend,CC(C)C[C@@H]1NC(=O)C[C@H](Cc2ccccc2)NC(=O)[C@H]2CCCN2C(=O)[C@H](Cc2ccccc2)NC(=O)[C@@H](CC(C)C)NC(=O)[C@@H]2CCCN2C(=O)C[C@H](Cc2ccccc2)NC1=O,hepta_1383,4960,-5.9,7,7,Circle,0.192706,0.0552372,-38.445,10.282,8.839,1.443,0.193448,0.0471658,9.435,8.3,1.135,54,49,,val,0.0499999999999998,1,1.0,valid,train,train,train,train,train,valid,train,test,train,0.079999045
4947,2020_Townsend,CC(C)C[C@@H]1NC(=O)C[C@H](Cc2ccccc2)NC(=O)[C@H]2CCCN2C(=O)[C@H](Cc2ccccc2)NC(=O)CN(Cc2ccccc2)C(=O)[C@@H]2CCCN2C(=O)[C@H](CC(C)C)NC1=O,hepta_1370,4947,-6.27,7,7,Circle,0.220145,0.0723772,-34.3584,9.936,8.566,1.37,0.137916,0.0463352,9.623,8.396,1.227,45,76,,val,-0.1349999999999998,0,0.0,valid,train,train,train,train,train,train,train,test,train,0.084583245
4941,2020_Townsend,CC(C)C[C@@H]1NC(=O)C[C@H](Cc2ccccc2)NC(=O)[C@H]2CCCN2C(=O)[C@H](Cc2ccccc2)NC(=O)CN(Cc2ccccc2)C(=O)[C@@H]2CCCN2C(=O)[C@@H](CC(C)C)NC1=O,hepta_1364,4941,-5.85,7,7,Circle,0.255468,0.0853804,-27.8004,9.758,8.47,1.288,0.170072,0.0500048,9.546,8.347,1.199,38,42,,train,0.0750000000000001,1,1.0,train,test,test,train,test,valid,train,train,test,train,0.1327345
4918,2020_Townsend,CC(C)C[C@@H]1NC(=O)C[C@H](Cc2ccccc2)NC(=O)[C@H]2CCCN2C(=O)[C@H](Cc2ccccc2)NC(=O)[C@@H](CC(C)C)NC(=O)[C@@H]2CCCN2C(=O)[C@H](CC(C)C)N(C)C1=O,hepta_1341,4918,-5.65,7,7,Circle,0.168852,0.046792,-27.4278,9.349,8.192,1.157,0.169688,0.0496602,9.475,8.405,1.07,93,8,,train,0.1749999999999998,1,1.0,train,train,train,train,train,valid,train,train,test,train,0.17755172
4917,2020_Townsend,CC(C)C[C@@H]1NC(=O)C[C@H](Cc2ccccc2)NC(=O)[C@H]2CCCN2C(=O)[C@H](Cc2ccccc2)NC(=O)[C@@H](CC(C)C)N(C)C(=O)[C@@H]2CCCN2C(=O)[C@H](CC(C)C)NC1=O,hepta_1340,4917,-5.85,7,7,Circle,0.21305,0.0859771,-28.7052,9.82,8.519,1.301,0.149355,0.0529846,9.281,8.141,1.14,25,35,,test,0.0750000000000001,1,1.0,test,train,train,train,valid,train,train,train,test,train,0.21102628
4914,2020_Townsend,CC(C)C[C@@H]1NC(=O)[C@@H](CC(C)C)N(C)C(=O)C[C@H](Cc2ccccc2)NC(=O)[C@H]2CCCN2C(=O)[C@H](Cc2ccccc2)NC(=O)[C@@H](CC(C)C)NC(=O)[C@@H]2CCCN2C1=O,hepta_1337,4914,-5.36,7,7,Circle,0.151552,0.0447112,-30.3378,10.026,8.716,1.31,0.151663,0.0405062,9.453,8.325,1.128,20,100,,train,0.3199999999999998,1,1.0,train,test,train,train,train,train,train,train,test,train,0.23327239
4912,2020_Townsend,CC(C)C[C@@H]1NC(=O)[C@@H](CC(C)C)NC(=O)C[C@H](Cc2ccccc2)NC(=O)[C@H]2CCCN2C(=O)[C@H](Cc2ccccc2)NC(=O)[C@@H](CC(C)C)N(C)C(=O)[C@@H]2CCCN2C1=O,hepta_1335,4912,-5.31,7,7,Circle,0.136691,0.0398487,-38.6809,9.713,8.556,1.157,0.116047,0.0325127,9.722,8.674,1.048,76,19,,train,0.3450000000000002,1,1.0,train,train,train,train,train,train,valid,train,test,test,0.2451161
4905,2020_Townsend,CC(C)C[C@@H]1NC(=O)C[C@H](Cc2ccccc2)NC(=O)[C@H]2CCCN2C(=O)[C@H](Cc2ccccc2)NC(=O)[C@H](CC(C)C)NC(=O)[C@@H]2CCCN2C(=O)[C@H](CC(C)C)NC1=O,hepta_1328,4905,-5.71,7,7,Circle,0.225784,0.0809651,-35.0239,9.748,8.326,1.422,0.201221,0.0691544,9.641,8.199,1.442,55,11,,train,0.145,1,1.0,train,test,test,train,train,test,train,train,test,test,0.0298882
4884,2020_Townsend,CC(C)C[C@@H]1NC(=O)[C@H]2CCCN2C(=O)C[C@H](Cc2ccccc2)NC(=O)[C@H](CC(C)C)N(C)C(=O)[C@@H](C)N(C)C(=O)[C@@H]2CCCN2C(=O)[C@H](Cc2ccccc2)NC1=O,hepta_1307,4884,-6.36,7,7,Circle,0.207676,0.0799206,-37.0999,9.228,7.916,1.312,0.1627,0.049995,9.311,8.035,1.276,16,55,,val,-0.1800000000000001,0,0.0,valid,train,train,train,train,train,test,train,test,train,-0.42279196
4883,2020_Townsend,CC(C)C[C@H]1NC(=O)CN(Cc2ccccc2)C(=O)[C@@H](C)N(C)C(=O)[C@@H]2CCCN2C(=O)[C@H](Cc2ccccc2)NC(=O)CN(Cc2ccccc2)C(=O)[C@H]2CCCN2C1=O,hepta_1306,4883,-5.57,7,7,Circle,0.186083,0.0557258,-41.5027,9.285,8.004,1.281,0.163225,0.0514491,9.177,7.975,1.202,52,52,,train,0.2149999999999998,1,1.0,train,train,train,train,train,train,train,train,test,test,-0.01319778
4832,2020_Townsend,CC(C)C[C@@H]1NC(=O)[C@H]2CCCN2C(=O)[C@H](CC(C)C)N(C)C(=O)[C@H](CC(C)C)NC(=O)[C@@H](C)N(C)C(=O)[C@@H]2CCCN2C(=O)[C@H](Cc2ccccc2)NC1=O,hepta_1255,4832,-5.64,7,7,Circle,0.143352,0.0488377,-33.631,9.006,7.82,1.186,0.121575,0.0338224,8.707,7.716,0.991,77,17,,train,0.1800000000000001,1,1.0,train,test,train,test,train,train,train,train,test,train,-0.091425575
4812,2020_Townsend,C[C@@H]1C(=O)N(Cc2ccccc2)CC(=O)N[C@@H](Cc2ccccc2)CC(=O)N2CCC[C@H]2C(=O)N(Cc2ccccc2)CC(=O)N[C@@H](Cc2ccccc2)C(=O)N2CCC[C@H]2C(=O)N1C,hepta_1235,4812,-6.42,7,7,Circle,0.157832,0.0448466,-38.0466,9.344,8.001,1.343,0.155411,0.0441827,9.626,8.395,1.231,12,24,,train,-0.2099999999999999,0,0.0,train,valid,test,train,train,train,train,test,test,train,-0.027297758
4808,2020_Townsend,CC(C)C[C@H]1C(=O)N2CCC[C@H]2C(=O)N(Cc2ccccc2)CC(=O)N[C@@H](Cc2ccccc2)C(=O)N2CCC[C@H]2C(=O)N(C)[C@H](C)C(=O)N(Cc2ccccc2)CC(=O)N1C,hepta_1231,4808,-5.76,7,7,Circle,0.168005,0.0606738,-44.3081,9.374,8.269,1.105,0.144029,0.0399343,9.229,8.19,1.039,94,11,,train,0.1200000000000001,1,1.0,train,train,train,train,train,train,train,train,test,test,0.033252895
4801,2020_Townsend,CC(C)C[C@H]1C(=O)N[C@@H](Cc2ccccc2)CC(=O)N2CCC[C@H]2C(=O)N(C)[C@H](CC(C)C)C(=O)N[C@@H](Cc2ccccc2)C(=O)N2CCC[C@H]2C(=O)N(C)[C@H](C)C(=O)N1C,hepta_1224,4801,-5.71,7,7,Circle,0.170534,0.072468,-21.9538,9.567,8.469,1.098,0.116245,0.0435472,9.013,7.672,1.341,58,88,,train,0.145,1,1.0,train,train,train,valid,test,train,train,train,test,train,0.22092004
4770,2020_Townsend,CC(C)C[C@H]1NC(=O)CN(Cc2ccccc2)C(=O)[C@@H](C)N(C)C(=O)[C@@H]2CCCN2C(=O)[C@H](Cc2ccccc2)NC(=O)[C@@H](CC(C)C)N(C)C(=O)[C@@H]2CCCN2C1=O,hepta_1193,4770,-5.4,7,7,Circle,0.149374,0.0659686,-26.0779,8.987,7.874,1.113,0.123293,0.038144,8.745,7.782,0.963,56,80,,train,0.2999999999999998,1,1.0,train,train,train,train,train,train,train,train,test,train,0.25998878
4763,2020_Townsend,CC(C)C[C@@H]1C(=O)N[C@@H](Cc2ccccc2)C(=O)N2CCC[C@H]2C(=O)N(C)[C@H](C)C(=O)N(C)[C@H](CC(C)C)C(=O)N(C)[C@H](CC(C)C)C(=O)N2CCC[C@H]2C(=O)N1C,hepta_1186,4763,-5.08,7,7,Circle,0.0982767,0.0321348,-32.577,9.245,8.106,1.139,0.213639,0.103335,8.995,8.098,0.897,81,37,,train,0.4599999999999999,1,1.0,train,valid,train,train,train,valid,train,train,test,train,0.2516141
4756,2020_Townsend,CC(C)C[C@@H]1NC(=O)[C@@H](C)N(C)C(=O)[C@@H]2CCCN2C(=O)[C@H](Cc2ccccc2)NC(=O)[C@@H](CC(C)C)NC(=O)[C@@H]2CCCN2C(=O)CN(Cc2ccccc2)C1=O,hepta_1179,4756,-5.95,7,7,Circle,0.224281,0.0899706,-37.259,9.192,7.976,1.216,0.162245,0.0630852,8.891,7.81,1.081,48,35,,train,0.0249999999999999,1,1.0,train,train,train,train,train,train,train,train,test,valid,-0.065820634
4749,2020_Townsend,CC(C)C[C@H]1NC(=O)[C@@H]2CCCN2C(=O)CN(Cc2ccccc2)C(=O)[C@@H](CC(C)C)NC(=O)[C@@H](C)N(C)C(=O)[C@@H]2CCCN2C(=O)[C@H](Cc2ccccc2)NC1=O,hepta_1172,4749,-5.98,7,7,Circle,0.169709,0.0712361,-46.5324,9.574,8.278,1.296,0.153817,0.071028,8.844,7.758,1.086,85,90,,train,0.0099999999999997,1,1.0,train,train,train,train,train,test,train,test,test,train,-0.21785535
4743,2020_Townsend,CC(C)C[C@H]1C(=O)N[C@H](CC(C)C)C(=O)N2CCC[C@H]2C(=O)N(C)[C@H](CC(C)C)C(=O)N[C@@H](Cc2ccccc2)C(=O)N2CCC[C@H]2C(=O)N(C)[C@H](C)C(=O)N1C,hepta_1166,4743,-5.42,7,7,Circle,0.103146,0.0420257,-29.5661,9.454,8.211,1.243,0.147181,0.0521159,8.996,8.034,0.962,25,100,,train,0.29,1,1.0,train,train,valid,valid,train,train,train,train,test,train,0.31732953
4739,2020_Townsend,CC(C)C[C@H]1NC(=O)[C@@H](C)N(C)C(=O)[C@@H]2CCCN2C(=O)[C@H](Cc2ccccc2)NC(=O)[C@@H](CC(C)C)N(C)C(=O)[C@@H]2CCCN2C(=O)[C@@H](CC(C)C)N(C)C1=O,hepta_1162,4739,-5.26,7,7,Circle,0.131447,0.0532757,-28.2462,9.323,7.983,1.34,0.165529,0.0529816,9.187,8.025,1.162,70,68,,val,0.3700000000000001,1,1.0,valid,test,train,train,train,train,train,valid,test,train,0.31112915
4718,2020_Townsend,CC(C)C[C@H]1NC(=O)[C@@H]2CCCN2C(=O)[C@@H](CC(C)C)NC(=O)[C@@H](CC(C)C)NC(=O)[C@@H](C)N(C)C(=O)[C@@H]2CCCN2C(=O)[C@H](Cc2ccccc2)NC1=O,hepta_1141,4718,-6.01,7,7,Circle,0.150514,0.0446594,-28.9069,8.853,7.714,1.139,0.107658,0.0406988,8.835,7.736,1.099,77,44,,train,-0.0049999999999998,0,0.0,train,test,train,train,train,train,train,train,test,test,-0.18801399
4701,2020_Townsend,CC(C)C[C@H]1C(=O)N2CCC[C@H]2C(=O)N(Cc2ccccc2)CC(=O)N[C@@H](Cc2ccccc2)C(=O)N2CCC[C@H]2C(=O)N(C)[C@@H](C)C(=O)N(C)[C@H](CC(C)C)C(=O)N1C,hepta_1124,4701,-5.81,7,7,Circle,0.247541,0.133652,-34.6813,9.497,8.343,1.154,0.152412,0.0408128,9.341,8.187,1.154,29,65,,val,0.0950000000000002,1,1.0,valid,train,test,train,train,train,test,train,test,train,0.19351012
4697,2020_Townsend,CC(C)C[C@H]1C(=O)N[C@@H](Cc2ccccc2)C(=O)N2CCC[C@H]2C(=O)N(C)[C@@H](C)C(=O)N(C)[C@H](CC(C)C)C(=O)N(Cc2ccccc2)CC(=O)N2CCC[C@H]2C(=O)N1C,hepta_1120,4697,-5.85,7,7,Circle,0.126887,0.0427483,-30.0455,9.172,7.972,1.2,0.130391,0.0536262,8.754,7.738,1.016,64,83,,train,0.0750000000000001,1,1.0,train,train,train,train,valid,train,train,train,test,train,0.19454052
4695,2020_Townsend,CC(C)C[C@@H]1C(=O)N2CCC[C@H]2C(=O)N(C)[C@H](CC(C)C)C(=O)N[C@@H](Cc2ccccc2)C(=O)N2CCC[C@H]2C(=O)N(C)[C@@H](C)C(=O)N(Cc2ccccc2)CC(=O)N1C,hepta_1118,4695,-5.59,7,7,Circle,0.143448,0.048972,-27.6101,9.243,8.099,1.144,0.150932,0.0424744,9.195,8.182,1.013,15,42,,train,0.205,1,1.0,train,train,train,train,train,train,valid,valid,test,train,0.21541709
4689,2020_Townsend,CC(C)C[C@@H]1NC(=O)[C@@H](CC(C)C)N(C)C(=O)[C@H](C)N(C)C(=O)[C@@H]2CCCN2C(=O)[C@H](Cc2ccccc2)NC(=O)CN(Cc2ccccc2)C(=O)[C@@H]2CCCN2C1=O,hepta_1112,4689,-5.81,7,7,Circle,0.162139,0.0552052,-25.9612,9.497,8.342,1.155,0.158284,0.0470895,9.009,7.977,1.032,54,47,,train,0.0950000000000002,1,1.0,train,test,train,train,train,train,test,train,test,train,0.060813215
4667,2020_Townsend,CC(C)C[C@@H]1NC(=O)[C@H](C)N(C)C(=O)[C@@H]2CCCN2C(=O)[C@H](Cc2ccccc2)NC(=O)[C@@H](CC(C)C)NC(=O)[C@@H]2CCCN2C(=O)CN(Cc2ccccc2)C1=O,hepta_1090,4667,-6.04,7,7,Circle,0.179854,0.088617,-31.1594,8.857,7.617,1.24,0.162361,0.0642458,8.598,7.419,1.179,19,92,,train,-0.02,0,0.0,train,train,train,train,train,train,train,train,test,train,-0.16764167
4662,2020_Townsend,CC(C)C[C@H]1C(=O)N[C@@H](Cc2ccccc2)C(=O)N2CCC[C@H]2C(=O)N(C)[C@@H](C)C(=O)N[C@H](CC(C)C)C(=O)N(C)[C@@H](CC(C)C)C(=O)N2CCC[C@H]2C(=O)N1C,hepta_1085,4662,-5.59,7,7,Circle,0.199353,0.0913416,-30.1972,9.409,8.402,1.007,0.127563,0.0427449,9.307,8.145,1.162,24,30,,train,0.205,1,1.0,train,train,valid,train,train,train,train,valid,test,train,0.27223676
4646,2020_Townsend,CC(C)C[C@@H]1NC(=O)[C@H](C)N(C)C(=O)[C@@H]2CCCN2C(=O)[C@H](Cc2ccccc2)NC(=O)[C@H](CC(C)C)N(C)C(=O)[C@@H]2CCCN2C(=O)[C@H](CC(C)C)NC1=O,hepta_1069,4646,-5.86,7,7,Circle,0.135512,0.0517608,-33.681,9.345,8.11,1.235,0.140427,0.0503856,8.647,7.616,1.031,3,7,,train,0.0699999999999998,1,1.0,train,train,train,test,train,test,train,train,test,train,0.005368932
4615,2020_Townsend,CC(C)C[C@@H]1C(=O)N(Cc2ccccc2)CC(=O)N2CCC[C@@H]2C(=O)N(C)[C@H](CC(C)C)C(=O)N[C@@H](Cc2ccccc2)C(=O)N2CCC[C@H]2C(=O)N[C@@H](C)C(=O)N1C,hepta_1038,4615,-6.25,7,7,Circle,0.173013,0.0543551,-32.8701,9.161,7.964,1.197,0.143492,0.0375955,8.969,7.937,1.032,42,99,,val,-0.125,0,0.0,valid,train,test,valid,train,train,train,train,test,train,0.03897465
4609,2020_Townsend,CC(C)C[C@H]1C(=O)N[C@@H](Cc2ccccc2)C(=O)N2CCC[C@H]2C(=O)N[C@@H](C)C(=O)N[C@H](CC(C)C)C(=O)N(Cc2ccccc2)CC(=O)N2CCC[C@@H]2C(=O)N1C,hepta_1032,4609,-6.2,7,7,Circle,0.161295,0.0536652,-31.7723,9.098,7.909,1.189,0.162961,0.0701074,9.026,7.863,1.163,32,12,,test,-0.1,0,0.0,test,train,train,train,train,train,train,valid,test,valid,-0.117557734
4608,2020_Townsend,CC(C)C[C@H]1C(=O)N2CCC[C@@H]2C(=O)N(Cc2ccccc2)CC(=O)N[C@@H](Cc2ccccc2)C(=O)N2CCC[C@H]2C(=O)N[C@@H](C)C(=O)N[C@H](CC(C)C)C(=O)N1C,hepta_1031,4608,-5.88,7,7,Circle,0.168888,0.048463,-46.4049,9.739,8.424,1.315,0.127216,0.0329487,9.161,7.827,1.334,49,15,,val,0.06,1,1.0,valid,train,test,test,train,test,train,train,test,train,0.019811345
4607,2020_Townsend,CC(C)C[C@@H]1NC(=O)[C@H]2CCCN2C(=O)CN(Cc2ccccc2)C(=O)[C@@H](CC(C)C)N(C)C(=O)[C@H](C)NC(=O)[C@@H]2CCCN2C(=O)[C@H](Cc2ccccc2)NC1=O,hepta_1030,4607,-6.11,7,7,Circle,0.119521,0.047384,-26.1866,8.823,7.594,1.229,0.139679,0.055803,8.83,7.572,1.258,74,4,,train,-0.0550000000000001,0,0.0,train,train,train,train,train,train,train,valid,test,train,-0.31987578
4605,2020_Townsend,CC(C)C[C@@H]1NC(=O)[C@H](C)NC(=O)[C@@H]2CCCN2C(=O)[C@H](Cc2ccccc2)NC(=O)[C@@H](CC(C)C)N(C)C(=O)[C@H]2CCCN2C(=O)CN(Cc2ccccc2)C1=O,hepta_1028,4605,-10.0,7,7,Circle,0.156334,0.0654754,-37.7989,9.251,7.979,1.272,0.177035,0.0833102,9.139,7.996,1.143,4,92,,train,-1.0,0,0.0,train,train,train,train,train,train,train,train,test,test,-0.06702016
4597,2020_Townsend,CC(C)C[C@H]1C(=O)N[C@@H](Cc2ccccc2)C(=O)N2CCC[C@H]2C(=O)N[C@@H](C)C(=O)N(C)[C@H](CC(C)C)C(=O)N(C)[C@H](CC(C)C)C(=O)N2CCC[C@@H]2C(=O)N1C,hepta_1020,4597,-5.46,7,7,Circle,0.123741,0.039058,-28.1747,8.79,7.654,1.136,0.12094,0.0380556,8.924,7.757,1.167,57,25,,train,0.27,1,1.0,train,train,train,train,train,train,train,train,test,train,0.17116927
4591,2020_Townsend,CC(C)C[C@@H]1NC(=O)[C@H](C)NC(=O)[C@@H]2CCCN2C(=O)[C@H](Cc2ccccc2)NC(=O)CN(Cc2ccccc2)C(=O)[C@H]2CCCN2C(=O)[C@@H](CC(C)C)NC1=O,hepta_1014,4591,-7.12,7,7,Circle,0.148725,0.0472391,-25.1446,8.609,7.326,1.283,0.166998,0.0477989,8.713,7.443,1.27,86,100,,train,-0.56,0,0.0,train,train,train,train,train,train,train,train,test,train,-0.26966012
4583,2020_Townsend,CC(C)C[C@H]1C(=O)N[C@@H](Cc2ccccc2)C(=O)N2CCC[C@H]2C(=O)N[C@@H](C)C(=O)N(C)[C@H](CC(C)C)C(=O)N[C@H](CC(C)C)C(=O)N2CCC[C@@H]2C(=O)N1C,hepta_1006,4583,-5.37,7,7,Circle,0.110932,0.0440025,-24.8172,9.031,7.826,1.205,0.122472,0.0431677,9.099,7.789,1.31,91,63,,test,0.3149999999999999,1,1.0,test,test,train,train,train,train,train,train,test,train,0.13753065
4575,2020_Townsend,CC(C)C[C@@H]1NC(=O)[C@H]2CCCN2C(=O)[C@H](CC(C)C)N(C)C(=O)[C@H](CC(C)C)NC(=O)[C@H](C)NC(=O)[C@@H]2CCCN2C(=O)[C@H](Cc2ccccc2)NC1=O,hepta_998,4575,-6.34,7,7,Circle,0.144982,0.0543111,-37.0147,9.066,7.808,1.258,0.134939,0.0415447,8.612,7.541,1.071,31,48,,train,-0.1699999999999999,0,0.0,train,train,train,train,train,train,train,train,test,train,-0.35364145
4574,2020_Townsend,CC(C)C[C@@H]1NC(=O)[C@H](C)NC(=O)[C@@H]2CCCN2C(=O)[C@H](Cc2ccccc2)NC(=O)[C@H](CC(C)C)N(C)C(=O)[C@H]2CCCN2C(=O)[C@@H](CC(C)C)NC1=O,hepta_997,4574,-6.59,7,7,Circle,0.159664,0.0550937,-31.7099,9.1,7.674,1.426,0.133692,0.046029,9.036,7.666,1.37,33,98,,train,-0.2949999999999999,0,0.0,train,train,train,train,test,test,train,valid,test,train,-0.106397554
4568,2020_Townsend,CC(C)C[C@@H]1NC(=O)[C@H]2CCCN2C(=O)[C@@H](CC(C)C)NC(=O)[C@@H](CC(C)C)N(C)C(=O)[C@H](C)NC(=O)[C@@H]2CCCN2C(=O)[C@H](Cc2ccccc2)NC1=O,hepta_991,4568,-6.54,7,7,Circle,0.153814,0.0601167,-30.9109,9.23,7.807,1.423,0.129019,0.0472524,8.866,7.473,1.393,67,47,,train,-0.27,0,0.0,train,train,train,train,train,valid,train,train,test,train,-0.1925276
4562,2020_Townsend,CC(C)C[C@@H]1NC(=O)[C@H](C)NC(=O)[C@@H]2CCCN2C(=O)[C@H](Cc2ccccc2)NC(=O)[C@H](CC(C)C)NC(=O)[C@H]2CCCN2C(=O)[C@@H](CC(C)C)NC1=O,hepta_985,4562,-10.0,7,7,Circle,0.132503,0.0490376,-24.8576,8.612,7.216,1.396,0.113783,0.0471342,8.524,7.142,1.382,68,23,,train,-1.0,0,0.0,train,train,valid,train,train,test,train,train,test,train,-0.4828713
4549,2020_Townsend,CC(C)C[C@@H]1NC(=O)CN(Cc2ccccc2)C(=O)[C@@H](C)NC(=O)[C@@H]2CCCN2C(=O)[C@H](Cc2ccccc2)NC(=O)CN(Cc2ccccc2)C(=O)[C@@H]2CCCN2C1=O,hepta_972,4549,-5.99,7,7,Circle,0.174791,0.0382191,-41.2235,8.962,7.569,1.393,0.151364,0.034067,9.264,7.869,1.395,100,70,,train,0.0049999999999998,1,1.0,train,train,train,train,train,train,train,train,test,train,-0.11170755
4546,2020_Townsend,CC(C)C[C@H]1C(=O)N2CCC[C@H]2C(=O)N(Cc2ccccc2)CC(=O)N[C@@H](Cc2ccccc2)C(=O)N2CCC[C@H]2C(=O)N[C@H](C)C(=O)N(C)[C@@H](CC(C)C)C(=O)N1C,hepta_969,4546,-5.4,7,7,Circle,0.185832,0.0739929,-27.6011,9.306,7.945,1.361,0.154625,0.0377827,9.226,7.894,1.332,30,80,,train,0.2999999999999998,1,1.0,train,test,train,train,train,train,train,train,test,train,0.048302628
4537,2020_Townsend,CC(C)C[C@@H]1C(=O)N2CCC[C@H]2C(=O)N(C)[C@H](CC(C)C)C(=O)N[C@@H](Cc2ccccc2)C(=O)N2CCC[C@H]2C(=O)N[C@H](C)C(=O)N(Cc2ccccc2)CC(=O)N1C,hepta_960,4537,-5.73,7,7,Circle,0.17567,0.0433932,-27.8931,9.273,8.044,1.229,0.151737,0.0466177,9.043,7.896,1.147,53,90,,test,0.1349999999999998,1,1.0,test,train,train,train,train,test,train,train,test,train,0.12823828
4532,2020_Townsend,CC(C)C[C@@H]1NC(=O)[C@@H]2CCCN2C(=O)C[C@H](Cc2ccccc2)NC(=O)[C@H](CC(C)C)NC(=O)[C@@H](C)NC(=O)[C@@H]2CCCN2C(=O)[C@H](Cc2ccccc2)NC1=O,hepta_955,4532,-6.7,7,7,Circle,0.18839,0.0568529,-30.6714,8.935,7.713,1.222,0.153114,0.0515367,8.749,7.536,1.213,68,62,,val,-0.3500000000000001,0,0.0,valid,valid,valid,test,train,train,train,valid,test,train,-0.467434
4515,2020_Townsend,CC(C)C[C@@H]1NC(=O)[C@@H](C)NC(=O)[C@@H]2CCCN2C(=O)[C@H](Cc2ccccc2)NC(=O)[C@@H](CC(C)C)NC(=O)[C@@H]2CCCN2C(=O)CN(Cc2ccccc2)C1=O,hepta_938,4515,-6.12,7,7,Circle,0.179553,0.0592518,-43.4768,9.286,7.942,1.344,0.11891,0.0382046,8.379,7.183,1.196,14,28,,train,-0.06,0,0.0,train,train,train,train,train,test,test,valid,test,train,-0.26095337
4496,2020_Townsend,CC(C)C[C@@H]1NC(=O)[C@@H](C)NC(=O)[C@@H]2CCCN2C(=O)[C@H](Cc2ccccc2)NC(=O)[C@@H](CC(C)C)NC(=O)[C@@H]2CCCN2C(=O)[C@H](CC(C)C)N(C)C1=O,hepta_919,4496,-6.34,7,7,Circle,0.136189,0.0359207,-19.3721,8.209,6.904,1.305,0.132372,0.0341512,8.327,7.131,1.196,88,12,,train,-0.1699999999999999,0,0.0,train,train,train,train,train,train,train,train,test,train,-0.29156697
4490,2020_Townsend,CC(C)C[C@@H]1NC(=O)[C@@H](CC(C)C)N(C)C(=O)[C@@H](C)NC(=O)[C@@H]2CCCN2C(=O)[C@H](Cc2ccccc2)NC(=O)[C@@H](CC(C)C)NC(=O)[C@@H]2CCCN2C1=O,hepta_913,4490,-5.9,7,7,Circle,0.131311,0.0384604,-26.4864,8.77,7.59,1.18,0.147976,0.0488546,8.658,7.401,1.257,18,62,,test,0.0499999999999998,1,1.0,test,train,train,valid,valid,train,train,train,test,train,-0.12952629
4479,2020_Townsend,CC(C)C[C@@H]1NC(=O)[C@@H]2CCCN2C(=O)[C@@H](CC(C)C)NC(=O)[C@@H](CC(C)C)NC(=O)[C@@H](C)NC(=O)[C@@H]2CCCN2C(=O)[C@H](Cc2ccccc2)NC1=O,hepta_902,4479,-5.84,7,7,Circle,0.251775,0.113647,-33.4959,8.952,7.448,1.504,0.166016,0.0564811,8.661,7.505,1.156,93,54,,train,0.08,1,1.0,train,train,train,train,train,train,train,train,test,train,-0.47354078
4470,2020_Townsend,CCCN1CC(=O)N(Cc2ccccc2)CC(=O)N(C)[C@@H](CC(C)C)C(=O)N2CCC[C@@H]2C(=O)N(C)[C@@H](CC(C)C)C(=O)N[C@@H](Cc2ccccc2)C(=O)N2CCC[C@H]2C1=O,hepta_893,4470,-5.25,7,7,Circle,0.149604,0.0535128,-29.8697,9.803,8.778,1.025,0.144151,0.0548318,9.417,8.347,1.07,37,8,,train,0.375,1,1.0,train,train,train,test,valid,train,valid,test,test,train,0.2718162
4469,2020_Townsend,CCCN1CC(=O)N[C@@H](CC(C)C)C(=O)N[C@@H](Cc2ccccc2)CC(=O)N2CCC[C@@H]2C(=O)N(C)[C@@H](CC(C)C)C(=O)N[C@@H](Cc2ccccc2)C(=O)N2CCC[C@H]2C1=O,hepta_892,4469,-5.7,7,7,Circle,0.231605,0.107344,-33.5831,9.859,8.502,1.357,0.20931,0.0806146,8.841,7.59,1.251,48,82,,train,0.1499999999999999,1,1.0,train,train,train,train,train,train,train,valid,test,train,0.103449315
4455,2020_Townsend,CCCN1CC(=O)N(Cc2ccccc2)CC(=O)N[C@@H](CC(C)C)C(=O)N2CCC[C@@H]2C(=O)N(C)[C@@H](CC(C)C)C(=O)N[C@@H](Cc2ccccc2)C(=O)N2CCC[C@H]2C1=O,hepta_878,4455,-5.26,7,7,Circle,0.188239,0.0865562,-37.6956,9.43,8.093,1.337,0.142244,0.0454428,8.802,7.704,1.098,18,55,,val,0.3700000000000001,1,1.0,valid,train,train,valid,train,train,train,valid,test,train,0.23623927
4433,2020_Townsend,CCCN1CC(=O)N[C@H](CC(C)C)C(=O)N(Cc2ccccc2)CC(=O)N2CCC[C@@H]2C(=O)N(C)[C@H](CC(C)C)C(=O)N[C@@H](Cc2ccccc2)C(=O)N2CCC[C@H]2C1=O,hepta_856,4433,-5.74,7,7,Circle,0.172454,0.0638654,-32.5678,9.597,8.382,1.215,0.188191,0.0856186,9.039,7.952,1.087,51,77,,train,0.1299999999999999,1,1.0,train,train,test,train,train,train,train,train,test,train,0.15823391
4419,2020_Townsend,CCCN1CC(=O)N(C)[C@H](CC(C)C)C(=O)N[C@@H](CC(C)C)C(=O)N2CCC[C@@H]2C(=O)N(C)[C@@H](CC(C)C)C(=O)N[C@@H](Cc2ccccc2)C(=O)N2CCC[C@H]2C1=O,hepta_842,4419,-4.97,7,7,Circle,0.115125,0.0439133,-20.7568,9.468,8.34,1.128,0.151006,0.0774448,9.275,8.258,1.017,86,57,,train,0.5150000000000001,1,1.0,train,train,train,train,train,train,train,train,test,train,0.38921165
4364,2020_Townsend,CC(C)C[C@@H]1NC(=O)[C@@H](C)N(C)C(=O)[C@H]2CCCN2C(=O)[C@H](Cc2ccccc2)NC(=O)[C@@H](CC(C)C)N(C)C(=O)[C@H]2CCCN2C(=O)C[C@H](Cc2ccccc2)NC1=O,hepta_787,4364,-6.25,7,7,Circle,0.151206,0.0478048,-19.9102,9.172,8.195,0.977,0.165082,0.060829,9.222,8.206,1.016,16,65,,train,-0.125,0,0.0,train,test,train,valid,train,train,train,test,test,test,0.07203864
4361,2020_Townsend,CC(C)C[C@H]1C(=O)N[C@@H](Cc2ccccc2)C(=O)N2CCC[C@@H]2C(=O)N(C)[C@H](C)C(=O)N[C@H](CC(C)C)C(=O)N[C@@H](Cc2ccccc2)CC(=O)N2CCC[C@@H]2C(=O)N1C,hepta_784,4361,-6.44,7,7,Circle,0.130425,0.0381222,-19.0992,8.737,7.722,1.015,0.138058,0.0435355,9.25,8.233,1.017,51,63,,train,-0.2200000000000002,0,0.0,train,train,train,train,train,train,train,train,test,train,-0.06448777
4360,2020_Townsend,CC(C)C[C@H]1C(=O)N(C)[C@H](CC(C)C)C(=O)N2CCC[C@@H]2C(=O)N(Cc2ccccc2)CC(=O)N[C@@H](Cc2ccccc2)C(=O)N2CCC[C@@H]2C(=O)N(C)[C@H](C)C(=O)N1C,hepta_783,4360,-6.2,7,7,Circle,0.149356,0.0422101,-27.2431,9.271,8.174,1.097,0.179466,0.056047,9.436,8.401,1.035,90,9,,train,-0.1,0,0.0,train,train,train,train,train,train,train,train,test,valid,0.12098676
4345,2020_Townsend,CC(C)C[C@@H]1NC(=O)[C@@H](C)N(C)C(=O)[C@H]2CCCN2C(=O)[C@H](Cc2ccccc2)NC(=O)CN(Cc2ccccc2)C(=O)[C@H]2CCCN2C(=O)[C@@H](CC(C)C)N(C)C1=O,hepta_768,4345,-6.12,7,7,Circle,0.160768,0.0514538,-32.4236,9.463,8.4,1.063,0.166344,0.0605754,9.222,8.142,1.08,50,45,,train,-0.06,0,0.0,train,train,train,train,train,train,train,train,test,train,0.1565965
4332,2020_Townsend,CC(C)C[C@H]1C(=O)N(C)[C@H](CC(C)C)C(=O)N2CCC[C@@H]2C(=O)N(C)[C@H](CC(C)C)C(=O)N[C@@H](Cc2ccccc2)C(=O)N2CCC[C@@H]2C(=O)N(C)[C@H](C)C(=O)N1C,hepta_755,4332,-6.19,7,7,Circle,0.151887,0.0459956,-25.2137,8.968,7.779,1.189,0.0874948,0.035639,9.095,7.992,1.103,79,53,,train,-0.0950000000000002,0,0.0,train,train,valid,train,train,valid,test,valid,test,train,0.25571316
4322,2020_Townsend,CC(C)C[C@@H]1NC(=O)[C@@H](CC(C)C)N(C)C(=O)[C@@H](C)N(C)C(=O)[C@H]2CCCN2C(=O)[C@H](Cc2ccccc2)NC(=O)[C@H](CC(C)C)N(C)C(=O)[C@H]2CCCN2C1=O,hepta_745,4322,-5.78,7,7,Circle,0.145659,0.0568875,-23.5582,9.22,8.123,1.097,0.125903,0.0383336,8.925,7.929,0.996,76,11,,train,0.1099999999999998,1,1.0,train,train,train,train,test,train,train,train,test,train,0.33269817
4320,2020_Townsend,CC(C)C[C@@H]1NC(=O)[C@@H](C)N(C)C(=O)[C@H]2CCCN2C(=O)[C@H](Cc2ccccc2)NC(=O)[C@@H](CC(C)C)N(C)C(=O)[C@H]2CCCN2C(=O)[C@H](CC(C)C)N(C)C1=O,hepta_743,4320,-5.16,7,7,Circle,0.184464,0.0670722,-37.0457,9.668,8.473,1.195,0.140465,0.0457474,8.961,8.071,0.89,27,29,,train,0.4199999999999999,1,1.0,train,train,valid,valid,train,train,train,test,test,train,0.31107652
4307,2020_Townsend,CC(C)C[C@@H]1NC(=O)[C@@H](CC(C)C)NC(=O)[C@@H](C)N(C)C(=O)[C@H]2CCCN2C(=O)[C@H](Cc2ccccc2)NC(=O)[C@H](CC(C)C)N(C)C(=O)[C@H]2CCCN2C1=O,hepta_730,4307,-5.23,7,7,Circle,0.123583,0.0377376,-24.1569,8.798,7.818,0.98,0.111774,0.044096,8.772,7.742,1.03,42,41,,val,0.3849999999999998,1,1.0,valid,valid,valid,train,train,train,test,train,test,train,0.16265775
4292,2020_Townsend,CC(C)C[C@H]1NC(=O)[C@@H](C)N(C)C(=O)[C@H]2CCCN2C(=O)[C@H](Cc2ccccc2)NC(=O)[C@@H](CC(C)C)N(C)C(=O)[C@H]2CCCN2C(=O)[C@@H](CC(C)C)NC1=O,hepta_715,4292,-6.15,7,7,Circle,0.141988,0.05131,-30.9707,9.117,7.623,1.494,0.170463,0.0704936,9.012,7.736,1.276,8,10,,test,-0.0750000000000001,0,0.0,test,train,train,train,train,train,train,train,test,train,0.04778209
4287,2020_Townsend,CC(C)C[C@@H]1NC(=O)[C@H]2CCCN2C(=O)[C@@H](CC(C)C)NC(=O)[C@@H](CC(C)C)NC(=O)[C@@H](C)N(C)C(=O)[C@H]2CCCN2C(=O)[C@H](Cc2ccccc2)NC1=O,hepta_710,4287,-6.6,7,7,Circle,0.208016,0.089514,-30.4781,9.083,7.702,1.381,0.129451,0.051176,8.917,7.569,1.348,20,79,,train,-0.2999999999999998,0,0.0,train,train,test,test,train,train,train,train,test,train,-0.42667687
4286,2020_Townsend,CC(C)C[C@H]1NC(=O)[C@@H](C)N(C)C(=O)[C@H]2CCCN2C(=O)[C@H](Cc2ccccc2)NC(=O)[C@@H](CC(C)C)NC(=O)[C@H]2CCCN2C(=O)[C@@H](CC(C)C)NC1=O,hepta_709,4286,-6.31,7,7,Circle,0.170448,0.0656567,-23.7309,8.787,7.596,1.191,0.129089,0.0403154,8.911,7.853,1.058,76,90,,train,-0.1549999999999998,0,0.0,train,train,valid,train,train,train,train,train,test,train,-0.3038838
4279,2020_Townsend,CC(C)C[C@H]1C(=O)N[C@@H](Cc2ccccc2)CC(=O)N2CCC[C@@H]2C(=O)N(C)[C@@H](CC(C)C)C(=O)N[C@@H](Cc2ccccc2)C(=O)N2CCC[C@@H]2C(=O)N(C)[C@@H](C)C(=O)N1C,hepta_702,4279,-5.31,7,7,Circle,0.154984,0.0476551,-25.361,9.722,8.573,1.149,0.143292,0.041821,9.636,8.587,1.049,8,68,,train,0.3450000000000002,1,1.0,train,train,train,train,valid,train,train,train,test,train,0.19860883
4272,2020_Townsend,CC(C)C[C@H]1C(=O)N(Cc2ccccc2)CC(=O)N2CCC[C@@H]2C(=O)N(C)[C@@H](CC(C)C)C(=O)N[C@@H](Cc2ccccc2)C(=O)N2CCC[C@@H]2C(=O)N(C)[C@@H](C)C(=O)N1C,hepta_695,4272,-5.62,7,7,Circle,0.156901,0.0465338,-27.4053,9.466,8.456,1.01,0.169299,0.0582952,9.285,8.257,1.028,14,9,,train,0.1899999999999999,1,1.0,train,train,train,train,train,train,train,test,test,train,0.23804441
4265,2020_Townsend,CC(C)C[C@H]1C(=O)N(Cc2ccccc2)CC(=O)N2CCC[C@@H]2C(=O)N(C)[C@H](CC(C)C)C(=O)N[C@@H](Cc2ccccc2)C(=O)N2CCC[C@@H]2C(=O)N(C)[C@@H](C)C(=O)N1C,hepta_688,4265,-10.0,7,7,Circle,0.141922,0.0396575,-25.393,9.356,8.196,1.16,0.115516,0.0350786,9.355,8.212,1.143,16,89,,train,-1.0,0,0.0,train,test,train,test,train,train,train,train,test,valid,0.1843003
4255,2020_Townsend,CC(C)C[C@@H]1NC(=O)[C@H](C)N(C)C(=O)[C@H]2CCCN2C(=O)[C@H](Cc2ccccc2)NC(=O)CN(Cc2ccccc2)C(=O)[C@H]2CCCN2C(=O)[C@H](CC(C)C)N(C)C1=O,hepta_678,4255,-5.01,7,7,Circle,0.149993,0.05728,-39.7474,8.983,7.734,1.249,0.195798,0.0556062,9.152,8.05,1.102,92,30,,train,0.4950000000000001,1,1.0,train,test,train,train,train,train,train,train,test,train,0.114538275
4249,2020_Townsend,CC(C)C[C@H]1C(=O)N2CCC[C@@H]2C(=O)N[C@H](CC(C)C)C(=O)N[C@@H](Cc2ccccc2)C(=O)N2CCC[C@@H]2C(=O)N(C)[C@@H](C)C(=O)N(Cc2ccccc2)CC(=O)N1C,hepta_672,4249,-5.67,7,7,Circle,0.122622,0.0442276,-27.1868,9.192,8.043,1.149,0.129584,0.0435787,9.028,7.948,1.08,7,11,,train,0.165,1,1.0,train,train,train,valid,train,test,train,train,test,train,-0.08676998
4242,2020_Townsend,CC(C)C[C@H]1C(=O)N2CCC[C@@H]2C(=O)N(C)[C@@H](CC(C)C)C(=O)N[C@@H](Cc2ccccc2)C(=O)N2CCC[C@@H]2C(=O)N(C)[C@@H](C)C(=O)N(C)[C@H](CC(C)C)C(=O)N1C,hepta_665,4242,-4.96,7,7,Circle,0.108701,0.0404286,-19.9596,9.168,8.183,0.985,0.14623,0.0611688,9.369,8.295,1.074,79,84,,train,0.52,1,1.0,train,train,train,train,valid,train,valid,test,test,train,0.39825797
4236,2020_Townsend,CC(C)C[C@H]1NC(=O)[C@H]2CCCN2C(=O)[C@@H](CC(C)C)N(C)C(=O)CN(Cc2ccccc2)C(=O)[C@H](C)N(C)C(=O)[C@H]2CCCN2C(=O)[C@H](Cc2ccccc2)NC1=O,hepta_659,4236,-5.35,7,7,Circle,0.112047,0.042466,-36.5738,9.152,7.847,1.305,0.157076,0.0613616,9.117,7.979,1.138,84,61,,train,0.3250000000000002,1,1.0,train,test,train,valid,train,train,valid,valid,test,train,-0.0366907
4235,2020_Townsend,CC(C)C[C@H]1NC(=O)[C@H](C)N(C)C(=O)[C@H]2CCCN2C(=O)[C@H](Cc2ccccc2)NC(=O)[C@@H](CC(C)C)NC(=O)[C@H]2CCCN2C(=O)C[C@H](Cc2ccccc2)NC1=O,hepta_658,4235,-6.33,7,7,Circle,0.202951,0.0815126,-25.0916,8.864,7.59,1.274,0.153987,0.0505523,8.973,7.75,1.223,36,82,,train,-0.165,0,0.0,train,train,train,train,train,train,train,train,test,train,-0.19734001
4203,2020_Townsend,CC(C)C[C@@H]1NC(=O)[C@H]2CCCN2C(=O)[C@H](CC(C)C)N(C)C(=O)[C@H](CC(C)C)NC(=O)[C@H](C)N(C)C(=O)[C@H]2CCCN2C(=O)[C@H](Cc2ccccc2)NC1=O,hepta_626,4203,-5.73,7,7,Circle,0.130814,0.0595009,-35.0287,9.545,8.219,1.326,0.133213,0.0486092,8.695,7.681,1.014,25,46,,train,0.1349999999999998,1,1.0,train,train,train,train,valid,train,train,train,test,train,-0.053188875
4201,2020_Townsend,CC(C)C[C@@H]1NC(=O)[C@@H](CC(C)C)NC(=O)[C@H](C)N(C)C(=O)[C@H]2CCCN2C(=O)[C@H](Cc2ccccc2)NC(=O)[C@H](CC(C)C)N(C)C(=O)[C@H]2CCCN2C1=O,hepta_624,4201,-5.0,7,7,Circle,0.126493,0.0514997,-27.4757,9.025,7.831,1.194,0.117665,0.0397205,9.064,8.071,0.993,77,35,,train,0.5,1,1.0,train,test,test,train,train,valid,train,train,test,train,0.2015985
4173,2020_Townsend,CC(C)C[C@H]1NC(=O)[C@@H](C)N(C)C(=O)[C@H]2CCCN2C(=O)[C@H](Cc2ccccc2)NC(=O)CN(Cc2ccccc2)C(=O)[C@@H]2CCCN2C(=O)C[C@H](Cc2ccccc2)NC1=O,hepta_596,4173,-6.23,7,7,Circle,0.173423,0.0520364,-24.5992,9.451,8.492,0.959,0.217548,0.0562167,9.457,8.472,0.985,50,47,,train,-0.1150000000000002,0,0.0,train,valid,train,test,test,train,train,train,test,train,-0.17947192
4171,2020_Townsend,CC(C)C[C@@H]1NC(=O)CN(Cc2ccccc2)C(=O)[C@@H](C)N(C)C(=O)[C@H]2CCCN2C(=O)[C@H](Cc2ccccc2)NC(=O)CN(Cc2ccccc2)C(=O)[C@@H]2CCCN2C1=O,hepta_594,4171,-5.63,7,7,Circle,0.179488,0.0543903,-42.8145,9.861,8.736,1.125,0.186128,0.0674376,9.013,7.968,1.045,93,21,,train,0.185,1,1.0,train,train,train,valid,train,test,valid,train,test,train,-0.071688384
4170,2020_Townsend,CC(C)C[C@@H]1NC(=O)[C@@H](C)N(C)C(=O)[C@H]2CCCN2C(=O)[C@H](Cc2ccccc2)NC(=O)[C@H](CC(C)C)N(C)C(=O)[C@@H]2CCCN2C(=O)C[C@H](Cc2ccccc2)NC1=O,hepta_593,4170,-5.58,7,7,Circle,0.182228,0.0639101,-24.6967,9.515,8.426,1.089,0.163617,0.0566582,9.359,8.269,1.09,97,57,,train,0.2099999999999999,1,1.0,train,train,train,valid,train,test,train,train,test,test,0.0029404946
4166,2020_Townsend,CC(C)C[C@H]1C(=O)N(C)[C@H](CC(C)C)C(=O)N2CCC[C@H]2C(=O)N(Cc2ccccc2)CC(=O)N[C@@H](Cc2ccccc2)C(=O)N2CCC[C@@H]2C(=O)N(C)[C@H](C)C(=O)N1C,hepta_589,4166,-5.42,7,7,Circle,0.171924,0.0410196,-25.4885,9.505,8.377,1.128,0.147878,0.0382161,9.515,8.41,1.105,89,72,,train,0.29,1,1.0,train,train,valid,train,test,train,valid,train,test,train,0.19206448
4158,2020_Townsend,CC(C)C[C@@H]1NC(=O)[C@@H](C)N(C)C(=O)[C@H]2CCCN2C(=O)[C@H](Cc2ccccc2)NC(=O)CN(Cc2ccccc2)C(=O)[C@@H]2CCCN2C(=O)[C@H](CC(C)C)N(C)C1=O,hepta_581,4158,-5.4,7,7,Circle,0.150368,0.0573387,-34.2752,9.421,8.26,1.161,0.123627,0.035629,8.638,7.745,0.893,5,41,,test,0.2999999999999998,1,1.0,test,train,valid,train,train,train,train,train,test,train,0.090565644
4150,2020_Townsend,CC(C)C[C@H]1C(=O)N2CCC[C@H]2C(=O)N(Cc2ccccc2)CC(=O)N[C@@H](Cc2ccccc2)C(=O)N2CCC[C@@H]2C(=O)N(C)[C@H](C)C(=O)N[C@H](CC(C)C)C(=O)N1C,hepta_573,4150,-5.57,7,7,Circle,0.131097,0.049694,-23.2975,9.171,8.082,1.089,0.145243,0.044349,9.353,8.125,1.228,26,47,,train,0.2149999999999998,1,1.0,train,train,test,train,train,train,train,train,test,train,0.06505616
4144,2020_Townsend,CC(C)C[C@H]1NC(=O)[C@@H](C)N(C)C(=O)[C@H]2CCCN2C(=O)[C@H](Cc2ccccc2)NC(=O)CN(Cc2ccccc2)C(=O)[C@@H]2CCCN2C(=O)[C@@H](CC(C)C)N(C)C1=O,hepta_567,4144,-5.18,7,7,Circle,0.156527,0.0486795,-28.4848,9.279,8.161,1.118,0.143993,0.041796,8.816,7.896,0.92,66,92,,train,0.4100000000000001,1,1.0,train,train,train,train,train,train,train,train,test,train,0.10971173
4143,2020_Townsend,CC(C)C[C@H]1NC(=O)[C@@H](C)N(C)C(=O)[C@H]2CCCN2C(=O)[C@H](Cc2ccccc2)NC(=O)[C@@H](CC(C)C)N(C)C(=O)[C@@H]2CCCN2C(=O)CN(Cc2ccccc2)C1=O,hepta_566,4143,-5.9,7,7,Circle,0.133333,0.0398915,-22.1138,8.657,7.625,1.032,0.137023,0.0402396,8.711,7.692,1.019,78,86,,val,0.0499999999999998,1,1.0,valid,train,valid,train,train,test,train,train,test,train,0.1362852
4119,2020_Townsend,CC(C)C[C@H]1C(=O)N2CCC[C@H]2C(=O)N(C)[C@H](CC(C)C)C(=O)N[C@@H](Cc2ccccc2)C(=O)N2CCC[C@@H]2C(=O)N(C)[C@H](C)C(=O)N[C@H](CC(C)C)C(=O)N1C,hepta_542,4119,-5.2,7,7,Circle,0.11921,0.0501667,-34.5082,9.427,8.008,1.419,0.230594,0.100952,8.945,8.013,0.932,74,20,,train,0.3999999999999999,1,1.0,train,train,train,test,train,test,train,train,test,train,0.24241325
4111,2020_Townsend,CC(C)C[C@@H]1NC(=O)[C@@H]2CCCN2C(=O)[C@H](CC(C)C)N(C)C(=O)[C@H](CC(C)C)NC(=O)[C@@H](C)N(C)C(=O)[C@H]2CCCN2C(=O)[C@H](Cc2ccccc2)NC1=O,hepta_534,4111,-5.38,7,7,Circle,0.143088,0.0451116,-28.397,9.083,7.896,1.187,0.120374,0.0326557,8.636,7.662,0.974,42,36,,train,0.31,1,1.0,train,train,train,train,train,train,train,valid,test,valid,-0.1060413
4097,2020_Townsend,CC(C)C[C@@H]1NC(=O)[C@@H]2CCCN2C(=O)[C@@H](CC(C)C)N(C)C(=O)[C@@H](CC(C)C)NC(=O)[C@@H](C)N(C)C(=O)[C@H]2CCCN2C(=O)[C@H](Cc2ccccc2)NC1=O,hepta_520,4097,-6.25,7,7,Circle,0.110963,0.0412663,-33.6905,8.844,7.474,1.37,0.106454,0.0386277,8.823,7.737,1.086,59,5,,train,-0.125,0,0.0,train,train,train,train,train,train,train,train,test,train,-0.05505413
4086,2020_Townsend,CC(C)C[C@@H]1NC(=O)[C@H](C)N(C)C(=O)[C@H]2CCCN2C(=O)[C@H](Cc2ccccc2)NC(=O)CN(Cc2ccccc2)C(=O)[C@@H]2CCCN2C(=O)C[C@H](Cc2ccccc2)NC1=O,hepta_509,4086,-5.95,7,7,Circle,0.165835,0.0543049,-28.2778,9.467,8.073,1.394,0.186021,0.0630462,9.291,8.055,1.236,78,6,,train,0.0249999999999999,1,1.0,train,train,train,train,test,train,train,train,test,train,-0.06134612
4078,2020_Townsend,CC(C)C[C@@H]1NC(=O)[C@@H]2CCCN2C(=O)CN(Cc2ccccc2)C(=O)CN(Cc2ccccc2)C(=O)[C@H](C)N(C)C(=O)[C@H]2CCCN2C(=O)[C@H](Cc2ccccc2)NC1=O,hepta_501,4078,-10.0,7,7,Circle,0.129443,0.0436834,-40.6686,8.99,7.636,1.354,0.165071,0.0457042,8.581,7.431,1.15,84,66,,train,-1.0,0,0.0,train,test,train,train,test,train,test,train,test,train,-0.38067794
4055,2020_Townsend,CC(C)C[C@@H]1NC(=O)CN(Cc2ccccc2)C(=O)[C@H](C)N(C)C(=O)[C@H]2CCCN2C(=O)[C@H](Cc2ccccc2)NC(=O)[C@H](CC(C)C)N(C)C(=O)[C@@H]2CCCN2C1=O,hepta_478,4055,-5.58,7,7,Circle,0.116283,0.0431269,-30.536,8.97,7.655,1.315,0.178162,0.0692275,8.838,7.793,1.045,38,100,,train,0.2099999999999999,1,1.0,train,train,train,train,train,train,train,train,test,test,0.15275425
4051,2020_Townsend,CC(C)C[C@H]1C(=O)N[C@@H](Cc2ccccc2)C(=O)N2CCC[C@@H]2C(=O)N(C)[C@@H](C)C(=O)N(Cc2ccccc2)CC(=O)N[C@H](CC(C)C)C(=O)N2CCC[C@H]2C(=O)N1C,hepta_474,4051,-5.29,7,7,Circle,0.120762,0.048658,-26.2285,9.095,7.841,1.254,0.138659,0.0515734,8.616,7.623,0.993,88,31,,train,0.355,1,1.0,train,train,train,test,train,test,train,train,test,train,0.23943755
4030,2020_Townsend,CC(C)C[C@@H]1NC(=O)[C@H](C)N(C)C(=O)[C@H]2CCCN2C(=O)[C@H](Cc2ccccc2)NC(=O)CN(Cc2ccccc2)C(=O)[C@@H]2CCCN2C(=O)[C@H](CC(C)C)NC1=O,hepta_453,4030,-5.77,7,7,Circle,0.191912,0.0933937,-38.6991,9.133,7.877,1.256,0.106118,0.0323614,8.657,7.555,1.102,54,87,,train,0.1150000000000002,1,1.0,train,train,train,train,train,train,train,train,test,train,-0.022095054
4025,2020_Townsend,CC(C)C[C@@H]1NC(=O)[C@@H]2CCCN2C(=O)[C@@H](CC(C)C)NC(=O)CN(Cc2ccccc2)C(=O)[C@H](C)N(C)C(=O)[C@H]2CCCN2C(=O)[C@H](Cc2ccccc2)NC1=O,hepta_448,4025,-6.36,7,7,Circle,0.153611,0.0525231,-30.4657,9.012,7.654,1.358,0.152195,0.06147,8.914,7.716,1.198,51,91,,train,-0.1800000000000001,0,0.0,train,test,train,train,train,valid,train,train,test,train,-0.11868136
4018,2020_Townsend,CC(C)C[C@H]1C(=O)N(C)[C@@H](CC(C)C)C(=O)N2CCC[C@H]2C(=O)N[C@H](CC(C)C)C(=O)N[C@@H](Cc2ccccc2)C(=O)N2CCC[C@@H]2C(=O)N(C)[C@@H](C)C(=O)N1C,hepta_441,4018,-5.73,7,7,Circle,0.147478,0.0485493,-27.0024,9.135,8.007,1.128,0.127956,0.0351573,9.037,7.866,1.171,10,76,,train,0.1349999999999998,1,1.0,train,train,valid,train,train,train,train,train,test,train,0.01875385
3999,2020_Townsend,CC(C)C[C@@H]1NC(=O)[C@@H]2CCCN2C(=O)[C@@H](CC(C)C)NC(=O)[C@H](CC(C)C)N(C)C(=O)[C@H](C)N(C)C(=O)[C@H]2CCCN2C(=O)[C@H](Cc2ccccc2)NC1=O,hepta_422,3999,-5.78,7,7,Circle,0.136664,0.0410808,-29.709,9.45,8.191,1.259,0.149938,0.0563943,9.33,8.109,1.221,42,94,,train,0.1099999999999998,1,1.0,train,train,train,train,train,train,train,train,test,train,-0.08246151
3998,2020_Townsend,CC(C)C[C@@H]1NC(=O)[C@@H]2CCCN2C(=O)[C@H](CC(C)C)NC(=O)[C@@H](CC(C)C)N(C)C(=O)[C@H](C)N(C)C(=O)[C@H]2CCCN2C(=O)[C@H](Cc2ccccc2)NC1=O,hepta_421,3998,-5.63,7,7,Circle,0.161084,0.0505516,-29.977,9.177,7.868,1.309,0.13129,0.0519766,9.255,8.126,1.129,74,27,,train,0.185,1,1.0,train,train,train,valid,train,valid,train,train,test,train,-0.048570305
3988,2020_Townsend,CC(C)C[C@H]1NC(=O)[C@@H]2CCCN2C(=O)[C@@H](CC(C)C)NC(=O)[C@@H](CC(C)C)N(C)C(=O)[C@H](C)N(C)C(=O)[C@H]2CCCN2C(=O)[C@H](Cc2ccccc2)NC1=O,hepta_411,3988,-6.54,7,7,Circle,0.130445,0.0524838,-43.3925,9.169,7.881,1.288,0.151973,0.050313,8.796,7.625,1.171,7,70,,val,-0.27,0,0.0,valid,train,train,train,train,test,train,train,test,train,0.1408139
3980,2020_Townsend,CC(C)C[C@H]1C(=O)N[C@@H](Cc2ccccc2)C(=O)N2CCC[C@@H]2C(=O)N[C@H](C)C(=O)N(Cc2ccccc2)CC(=O)N(Cc2ccccc2)CC(=O)N2CCC[C@@H]2C(=O)N1C,hepta_403,3980,-10.0,7,7,Circle,0.208,0.0725343,-42.6369,9.808,8.49,1.318,0.181483,0.0620722,9.007,7.765,1.242,55,65,,train,-1.0,0,0.0,train,train,valid,valid,train,train,train,valid,test,train,-0.15548225
3976,2020_Townsend,CC(C)C[C@H]1NC(=O)[C@H]2CCCN2C(=O)C[C@H](Cc2ccccc2)NC(=O)CN(Cc2ccccc2)C(=O)[C@@H](C)NC(=O)[C@H]2CCCN2C(=O)[C@H](Cc2ccccc2)NC1=O,hepta_399,3976,-5.9,7,7,Circle,0.265011,0.101639,-43.6222,9.576,8.111,1.465,0.188001,0.0698426,9.501,8.18,1.321,86,2,,train,0.0499999999999998,1,1.0,train,train,train,train,test,train,train,train,test,train,-0.23970263
3974,2020_Townsend,CC(C)C[C@H]1NC(=O)[C@@H](C)NC(=O)[C@H]2CCCN2C(=O)[C@H](Cc2ccccc2)NC(=O)CN(Cc2ccccc2)C(=O)[C@H]2CCCN2C(=O)C[C@H](Cc2ccccc2)NC1=O,hepta_397,3974,-6.44,7,7,Circle,0.140474,0.0401065,-43.7864,9.355,8.051,1.304,0.203583,0.0676482,9.182,7.958,1.224,72,78,,train,-0.2200000000000002,0,0.0,train,train,train,train,valid,train,train,train,test,train,-0.3121816
3971,2020_Townsend,CC(C)C[C@@H]1NC(=O)[C@@H](C)NC(=O)[C@H]2CCCN2C(=O)[C@H](Cc2ccccc2)NC(=O)CN(Cc2ccccc2)C(=O)[C@H]2CCCN2C(=O)CN(Cc2ccccc2)C1=O,hepta_394,3971,-6.02,7,7,Circle,0.261428,0.135769,-43.8228,9.433,8.079,1.354,0.157609,0.0469578,8.883,7.797,1.086,71,6,,train,-0.0099999999999997,0,0.0,train,valid,train,train,train,train,train,train,test,train,-0.10131776
3968,2020_Townsend,CC(C)C[C@@H]1NC(=O)[C@@H](C)NC(=O)[C@H]2CCCN2C(=O)[C@H](Cc2ccccc2)NC(=O)[C@H](CC(C)C)N(C)C(=O)[C@H]2CCCN2C(=O)C[C@H](Cc2ccccc2)NC1=O,hepta_391,3968,-10.0,7,7,Circle,0.157389,0.0611752,-21.1753,8.932,7.806,1.126,0.15488,0.0457671,9.133,8.058,1.075,77,28,,val,-1.0,0,0.0,valid,test,train,train,train,test,train,valid,test,train,-0.17004856
3964,2020_Townsend,CC(C)C[C@H]1C(=O)N(Cc2ccccc2)CC(=O)N2CCC[C@@H]2C(=O)N(C)[C@H](CC(C)C)C(=O)N[C@@H](Cc2ccccc2)C(=O)N2CCC[C@@H]2C(=O)N[C@H](C)C(=O)N1C,hepta_387,3964,-5.96,7,7,Circle,0.140548,0.0411432,-32.0237,9.443,8.267,1.176,0.113678,0.0404668,9.328,8.123,1.205,9,32,,val,0.02,1,1.0,valid,train,test,valid,train,train,train,valid,test,train,0.030505173
3962,2020_Townsend,CC(C)C[C@H]1C(=O)N[C@@H](Cc2ccccc2)C(=O)N2CCC[C@@H]2C(=O)N[C@H](C)C(=O)N[C@H](CC(C)C)C(=O)N[C@@H](Cc2ccccc2)CC(=O)N2CCC[C@@H]2C(=O)N1C,hepta_385,3962,-10.0,7,7,Circle,0.180023,0.0686097,-33.731,9.281,8.034,1.247,0.162292,0.0634844,9.286,8.084,1.202,47,74,,test,-1.0,0,0.0,test,train,train,train,train,train,train,train,test,train,-0.22448605
3957,2020_Townsend,CC(C)C[C@H]1NC(=O)[C@@H](C)NC(=O)[C@H]2CCCN2C(=O)[C@H](Cc2ccccc2)NC(=O)[C@@H](CC(C)C)N(C)C(=O)[C@H]2CCCN2C(=O)C[C@H](Cc2ccccc2)NC1=O,hepta_380,3957,-6.05,7,7,Circle,0.171642,0.0626654,-29.3023,9.25,7.98,1.27,0.140624,0.0496196,8.664,7.565,1.099,74,100,,train,-0.0249999999999999,0,0.0,train,test,train,train,train,train,test,train,test,train,-0.11974773
3949,2020_Townsend,CC(C)C[C@H]1C(=O)N2CCC[C@@H]2C(=O)N(C)[C@@H](CC(C)C)C(=O)N[C@@H](Cc2ccccc2)C(=O)N2CCC[C@@H]2C(=O)N[C@H](C)C(=O)N(C)[C@@H](CC(C)C)C(=O)N1C,hepta_372,3949,-5.34,7,7,Circle,0.122726,0.044794,-32.7703,9.248,7.92,1.328,0.113605,0.0457746,8.77,7.744,1.026,67,51,,train,0.33,1,1.0,train,test,train,train,train,train,train,train,test,train,0.24962619
3938,2020_Townsend,CC(C)C[C@H]1C(=O)N(C)[C@H](CC(C)C)C(=O)N2CCC[C@@H]2C(=O)N(C)[C@H](CC(C)C)C(=O)N[C@@H](Cc2ccccc2)C(=O)N2CCC[C@@H]2C(=O)N[C@H](C)C(=O)N1C,hepta_361,3938,-5.6,7,7,Circle,0.14277,0.0533368,-27.8104,9.385,8.103,1.282,0.0982233,0.0344666,9.067,7.996,1.071,84,85,,train,0.2000000000000001,1,1.0,train,train,valid,train,train,train,train,train,test,test,0.18409155
3937,2020_Townsend,CC(C)C[C@H]1C(=O)N2CCC[C@@H]2C(=O)N(C)[C@H](CC(C)C)C(=O)N[C@@H](Cc2ccccc2)C(=O)N2CCC[C@@H]2C(=O)N[C@H](C)C(=O)N(C)[C@H](CC(C)C)C(=O)N1C,hepta_360,3937,-5.01,7,7,Circle,0.123719,0.0469338,-19.2051,9.126,7.998,1.128,0.13725,0.0406193,9.026,8.023,1.003,81,37,,train,0.4950000000000001,1,1.0,train,train,train,test,train,valid,train,train,test,train,0.16035886
3930,2020_Townsend,CC(C)C[C@@H]1NC(=O)[C@@H](C)NC(=O)[C@H]2CCCN2C(=O)[C@H](Cc2ccccc2)NC(=O)[C@@H](CC(C)C)NC(=O)[C@H]2CCCN2C(=O)CN(Cc2ccccc2)C1=O,hepta_353,3930,-10.0,7,7,Circle,0.192478,0.0648611,-45.4868,9.541,8.027,1.514,0.122386,0.0340371,8.653,7.468,1.185,34,18,,train,-1.0,0,0.0,train,train,test,test,train,train,train,train,test,train,-0.124990225
3926,2020_Townsend,CC(C)C[C@@H]1NC(=O)[C@@H](C)NC(=O)[C@H]2CCCN2C(=O)[C@H](Cc2ccccc2)NC(=O)[C@H](CC(C)C)N(C)C(=O)[C@H]2CCCN2C(=O)[C@@H](CC(C)C)N(C)C1=O,hepta_349,3926,-5.76,7,7,Circle,0.10956,0.0331108,-27.8788,9.061,7.69,1.371,0.1366,0.0477452,8.916,7.651,1.265,20,37,,train,0.1200000000000001,1,1.0,train,test,train,train,test,valid,valid,train,test,test,0.1524318
3912,2020_Townsend,CC(C)C[C@H]1NC(=O)[C@@H](C)NC(=O)[C@H]2CCCN2C(=O)[C@H](Cc2ccccc2)NC(=O)[C@@H](CC(C)C)N(C)C(=O)[C@H]2CCCN2C(=O)[C@@H](CC(C)C)N(C)C1=O,hepta_335,3912,-6.66,7,7,Circle,0.178364,0.0968384,-30.8245,9.191,7.929,1.262,0.112479,0.0332092,8.806,7.837,0.969,38,97,,test,-0.33,0,0.0,test,train,train,train,train,train,train,train,test,train,-0.015081763
3909,2020_Townsend,CC(C)C[C@@H]1NC(=O)[C@@H](CC(C)C)NC(=O)[C@@H](C)NC(=O)[C@H]2CCCN2C(=O)[C@H](Cc2ccccc2)NC(=O)[C@H](CC(C)C)N(C)C(=O)[C@H]2CCCN2C1=O,hepta_332,3909,-6.0,7,7,Circle,0.208636,0.0816616,-29.5709,9.227,7.844,1.383,0.182295,0.0618224,8.959,7.712,1.247,75,76,,train,0.0,1,1.0,train,train,train,train,train,valid,train,test,test,train,0.011231803
3903,2020_Townsend,CC(C)C[C@@H]1NC(=O)[C@H]2CCCN2C(=O)[C@@H](CC(C)C)NC(=O)[C@H](CC(C)C)N(C)C(=O)[C@@H](C)NC(=O)[C@H]2CCCN2C(=O)[C@H](Cc2ccccc2)NC1=O,hepta_326,3903,-4.0,7,7,Circle,0.153971,0.0668515,-37.3142,9.47,8.063,1.407,0.273694,0.121527,8.651,7.451,1.2,82,31,,train,1.0,1,1.0,train,test,train,train,train,valid,train,train,test,train,-0.11519994
3897,2020_Townsend,CC(C)C[C@H]1NC(=O)[C@@H](C)NC(=O)[C@H]2CCCN2C(=O)[C@H](Cc2ccccc2)NC(=O)[C@@H](CC(C)C)N(C)C(=O)[C@H]2CCCN2C(=O)[C@@H](CC(C)C)NC1=O,hepta_320,3897,-5.83,7,7,Circle,0.127445,0.0432689,-33.3971,9.109,7.801,1.308,0.115985,0.0481126,8.973,7.725,1.248,56,42,,train,0.0849999999999999,1,1.0,train,test,test,valid,train,train,train,train,test,train,-0.22524688
3863,2020_Townsend,CC(C)C[C@H]1NC(=O)[C@H]2CCCN2C(=O)CN(Cc2ccccc2)C(=O)[C@@H](CC(C)C)N(C)C(=O)[C@H](C)NC(=O)[C@H]2CCCN2C(=O)[C@H](Cc2ccccc2)NC1=O,hepta_286,3863,-5.86,7,7,Circle,0.150637,0.0585235,-32.2974,8.773,7.559,1.214,0.123734,0.0722725,8.665,7.359,1.306,29,91,,train,0.0699999999999998,1,1.0,train,train,train,train,train,train,test,train,test,train,-0.06688346
3857,2020_Townsend,CC(C)C[C@@H]1NC(=O)[C@H](C)NC(=O)[C@H]2CCCN2C(=O)[C@H](Cc2ccccc2)NC(=O)CN(Cc2ccccc2)C(=O)[C@H]2CCCN2C(=O)[C@H](CC(C)C)NC1=O,hepta_280,3857,-5.76,7,7,Circle,0.212301,0.0910348,-39.3703,9.128,7.685,1.443,0.142519,0.0429591,9.189,7.92,1.269,76,61,,train,0.1200000000000001,1,1.0,train,train,train,train,valid,train,train,test,test,test,-0.13558145
3847,2020_Townsend,CC(C)C[C@@H]1NC(=O)[C@H]2CCCN2C(=O)[C@H](CC(C)C)N(C)C(=O)[C@@H](CC(C)C)N(C)C(=O)[C@H](C)NC(=O)[C@H]2CCCN2C(=O)[C@H](Cc2ccccc2)NC1=O,hepta_270,3847,-6.17,7,7,Circle,0.166598,0.0732827,-31.3609,9.22,8.055,1.165,0.153637,0.0599396,8.961,7.902,1.059,60,79,,train,-0.0849999999999999,0,0.0,train,train,train,train,train,train,train,train,test,test,0.034580246
3832,2020_Townsend,CC(C)C[C@@H]1NC(=O)[C@H](C)NC(=O)[C@H]2CCCN2C(=O)[C@H](Cc2ccccc2)NC(=O)[C@H](CC(C)C)N(C)C(=O)[C@H]2CCCN2C(=O)[C@@H](CC(C)C)NC1=O,hepta_255,3832,-6.68,7,7,Circle,0.125203,0.042207,-24.5444,8.846,7.674,1.172,0.124854,0.0401067,8.873,7.756,1.117,35,100,,val,-0.3399999999999998,0,0.0,valid,train,train,train,train,test,train,test,test,train,-0.03987355
3817,2020_Townsend,CC(C)C[C@@H]1NC(=O)[C@H](C)NC(=O)[C@H]2CCCN2C(=O)[C@H](Cc2ccccc2)NC(=O)[C@H](CC(C)C)NC(=O)[C@H]2CCCN2C(=O)[C@@H](CC(C)C)NC1=O,hepta_240,3817,-10.0,7,7,Circle,0.173044,0.0697756,-29.323,8.863,7.546,1.317,0.156762,0.0472589,8.611,7.412,1.199,100,53,,test,-1.0,0,0.0,test,train,train,train,train,train,test,train,test,valid,-0.40301776
3814,2020_Townsend,CC(C)C[C@H]1NC(=O)[C@H](C)NC(=O)[C@H]2CCCN2C(=O)[C@H](Cc2ccccc2)NC(=O)[C@@H](CC(C)C)NC(=O)[C@H]2CCCN2C(=O)[C@@H](CC(C)C)NC1=O,hepta_237,3814,-6.76,7,7,Circle,0.10858,0.041029,-46.7206,8.894,7.424,1.47,0.142326,0.0519019,8.484,7.227,1.257,77,27,,train,-0.3799999999999999,0,0.0,train,train,valid,train,train,train,train,train,test,train,-0.40391403
3811,2020_Townsend,CC(C)C[C@H]1C(=O)N(Cc2ccccc2)CC(=O)N2CCC[C@H]2C(=O)N(Cc2ccccc2)CC(=O)N[C@@H](Cc2ccccc2)C(=O)N2CCC[C@@H]2C(=O)N[C@H](C)C(=O)N1C,hepta_234,3811,-10.0,7,7,Circle,0.182856,0.0508233,-33.1755,9.461,8.256,1.205,0.160882,0.03823,9.021,7.819,1.202,96,100,,val,-1.0,0,0.0,valid,valid,train,train,train,train,train,train,test,train,-0.095841676
3794,2020_Townsend,CC(C)C[C@@H]1C(=O)N[C@@H](Cc2ccccc2)C(=O)N2CCC[C@@H]2C(=O)N[C@H](C)C(=O)N(C)[C@H](CC(C)C)C(=O)N(Cc2ccccc2)CC(=O)N2CCC[C@H]2C(=O)N1C,hepta_217,3794,-5.45,7,7,Circle,0.167407,0.0567242,-41.5985,9.652,8.33,1.322,0.165025,0.0531224,9.164,8.153,1.011,41,49,,train,0.2749999999999999,1,1.0,train,train,train,train,train,test,train,train,test,train,-0.028014615
3793,2020_Townsend,CC(C)C[C@H]1NC(=O)[C@@H](C)NC(=O)[C@H]2CCCN2C(=O)[C@H](Cc2ccccc2)NC(=O)[C@@H](CC(C)C)N(C)C(=O)[C@@H]2CCCN2C(=O)C[C@H](Cc2ccccc2)NC1=O,hepta_216,3793,-6.36,7,7,Circle,0.152551,0.0450344,-25.3101,8.749,7.584,1.165,0.157382,0.0549398,9.167,7.751,1.416,75,50,,train,-0.1800000000000001,0,0.0,train,train,valid,valid,train,train,train,train,test,train,-0.111699626
3780,2020_Townsend,CC(C)C[C@H]1C(=O)N[C@@H](Cc2ccccc2)C(=O)N2CCC[C@@H]2C(=O)N[C@H](C)C(=O)N(C)[C@@H](CC(C)C)C(=O)N(C)[C@H](CC(C)C)C(=O)N2CCC[C@H]2C(=O)N1C,hepta_203,3780,-5.23,7,7,Circle,0.225353,0.0655565,-23.8255,9.472,8.243,1.229,0.128934,0.0576797,9.244,8.04,1.204,38,88,,train,0.3849999999999998,1,1.0,train,train,train,train,train,test,train,train,test,train,0.26562417
3775,2020_Townsend,CC(C)C[C@H]1NC(=O)[C@@H](C)NC(=O)[C@H]2CCCN2C(=O)[C@H](Cc2ccccc2)NC(=O)CN(Cc2ccccc2)C(=O)[C@@H]2CCCN2C(=O)[C@@H](CC(C)C)N(C)C1=O,hepta_198,3775,-6.42,7,7,Circle,0.224744,0.111703,-30.6872,8.9,7.583,1.317,0.164346,0.0599492,8.848,7.808,1.04,56,71,,train,-0.2099999999999999,0,0.0,train,train,train,train,valid,train,train,train,test,train,-0.04545901
3766,2020_Townsend,CC(C)C[C@@H]1NC(=O)[C@@H](C)NC(=O)[C@H]2CCCN2C(=O)[C@H](Cc2ccccc2)NC(=O)[C@@H](CC(C)C)NC(=O)[C@@H]2CCCN2C(=O)CN(Cc2ccccc2)C1=O,hepta_189,3766,-6.69,7,7,Circle,0.16941,0.0577773,-46.6468,9.581,8.053,1.528,0.1413,0.052404,8.496,7.377,1.119,30,18,,train,-0.3450000000000002,0,0.0,train,train,test,train,test,train,train,train,test,train,-0.15666665
3763,2020_Townsend,CC(C)C[C@@H]1NC(=O)[C@H](CC(C)C)N(C)C(=O)[C@@H](C)NC(=O)[C@H]2CCCN2C(=O)[C@H](Cc2ccccc2)NC(=O)[C@@H](CC(C)C)N(C)C(=O)[C@@H]2CCCN2C1=O,hepta_186,3763,-5.38,7,7,Circle,0.109973,0.0455691,-26.8801,9.246,7.873,1.373,0.133167,0.0464482,8.93,7.658,1.272,96,43,,test,0.31,1,1.0,test,train,train,train,train,train,valid,train,test,train,0.24670303
3759,2020_Townsend,CC(C)C[C@@H]1NC(=O)[C@@H]2CCCN2C(=O)[C@@H](CC(C)C)N(C)C(=O)[C@H](CC(C)C)N(C)C(=O)[C@@H](C)NC(=O)[C@H]2CCCN2C(=O)[C@H](Cc2ccccc2)NC1=O,hepta_182,3759,-5.87,7,7,Circle,0.127571,0.0401947,-26.8864,9.067,7.754,1.313,0.141111,0.0639452,9.045,7.742,1.303,2,68,,train,0.0649999999999999,1,1.0,train,test,train,valid,train,valid,train,train,test,train,0.08987804
3754,2020_Townsend,CC(C)C[C@@H]1NC(=O)[C@@H](C)NC(=O)[C@H]2CCCN2C(=O)[C@H](Cc2ccccc2)NC(=O)[C@@H](CC(C)C)N(C)C(=O)[C@@H]2CCCN2C(=O)[C@@H](CC(C)C)N(C)C1=O,hepta_177,3754,-10.0,7,7,Circle,0.149829,0.0498621,-27.9817,9.118,7.795,1.323,0.135195,0.049008,9.073,7.727,1.346,45,95,,train,-1.0,0,0.0,train,train,train,train,train,train,train,train,test,train,0.20819816
3748,2020_Townsend,CC(C)C[C@H]1NC(=O)[C@@H](CC(C)C)N(C)C(=O)[C@@H](C)NC(=O)[C@H]2CCCN2C(=O)[C@H](Cc2ccccc2)NC(=O)[C@@H](CC(C)C)N(C)C(=O)[C@@H]2CCCN2C1=O,hepta_171,3748,-5.24,7,7,Circle,0.161669,0.0580735,-30.8349,9.573,8.199,1.374,0.16277,0.0661174,9.143,7.822,1.321,4,82,,train,0.3799999999999999,1,1.0,train,train,valid,train,train,train,valid,train,test,train,0.27400327
3737,2020_Townsend,CC(C)C[C@H]1C(=O)N[C@@H](Cc2ccccc2)C(=O)N2CCC[C@@H]2C(=O)N[C@H](C)C(=O)N[C@H](CC(C)C)C(=O)N[C@H](CC(C)C)C(=O)N2CCC[C@H]2C(=O)N1C,hepta_160,3737,-6.43,7,7,Circle,0.162049,0.0527074,-23.2392,8.552,7.543,1.009,0.105914,0.0390316,8.653,7.659,0.994,61,61,,train,-0.2149999999999998,0,0.0,train,train,train,test,train,train,train,train,test,train,-0.16041216
3735,2020_Townsend,CC(C)C[C@H]1NC(=O)[C@@H]2CCCN2C(=O)[C@@H](CC(C)C)N(C)C(=O)[C@@H](CC(C)C)NC(=O)[C@@H](C)NC(=O)[C@H]2CCCN2C(=O)[C@H](Cc2ccccc2)NC1=O,hepta_158,3735,-6.28,7,7,Circle,0.155295,0.0615698,-33.3545,9.181,7.729,1.452,0.125168,0.035849,8.533,7.488,1.045,84,26,,train,-0.1400000000000001,0,0.0,train,train,train,test,train,train,test,train,test,train,-0.09237477
3724,2020_Townsend,CC(C)C[C@H]1C(=O)N2CCC[C@H]2C(=O)N(Cc2ccccc2)CC(=O)N[C@@H](Cc2ccccc2)C(=O)N2CCC[C@@H]2C(=O)N[C@@H](C)C(=O)N(Cc2ccccc2)CC(=O)N1C,hepta_147,3724,-5.89,7,7,Circle,0.184371,0.049347,-43.9055,9.702,8.499,1.203,0.153445,0.0473152,9.389,8.104,1.285,56,58,,train,0.0550000000000001,1,1.0,train,train,train,test,train,valid,train,train,test,train,-0.0018012896
3704,2020_Townsend,CC(C)C[C@H]1C(=O)N[C@H](CC(C)C)C(=O)N2CCC[C@H]2C(=O)N(Cc2ccccc2)CC(=O)N[C@@H](Cc2ccccc2)C(=O)N2CCC[C@@H]2C(=O)N[C@@H](C)C(=O)N1C,hepta_127,3704,-5.6,7,7,Circle,0.153007,0.0462157,-37.3309,9.048,7.65,1.398,0.136283,0.0430549,8.914,7.886,1.028,12,20,,train,0.2000000000000001,1,1.0,train,train,train,train,train,train,train,train,test,train,0.15908344
3693,2020_Townsend,CC(C)C[C@H]1C(=O)N2CCC[C@H]2C(=O)N(C)[C@H](CC(C)C)C(=O)N[C@@H](Cc2ccccc2)C(=O)N2CCC[C@@H]2C(=O)N[C@@H](C)C(=O)N(C)[C@H](CC(C)C)C(=O)N1C,hepta_116,3693,-5.17,7,7,Circle,0.0809938,0.0321211,-31.3718,9.028,7.803,1.225,0.162765,0.0490087,9.148,8.089,1.059,61,80,,train,0.415,1,1.0,train,train,train,train,train,train,train,valid,test,train,0.3130719
3681,2020_Townsend,CC(C)C[C@@H]1NC(=O)[C@@H]2CCCN2C(=O)[C@@H](CC(C)C)N(C)C(=O)[C@H](CC(C)C)N(C)C(=O)[C@H](C)NC(=O)[C@H]2CCCN2C(=O)[C@H](Cc2ccccc2)NC1=O,hepta_104,3681,-6.34,7,7,Circle,0.161975,0.0512518,-31.2779,9.187,7.884,1.303,0.137443,0.0589213,9.027,7.727,1.3,12,28,,train,-0.1699999999999999,0,0.0,train,train,test,train,valid,train,train,train,test,train,-0.050897814
3669,2020_Townsend,CC(C)C[C@@H]1NC(=O)[C@@H](CC(C)C)NC(=O)[C@H](C)NC(=O)[C@H]2CCCN2C(=O)[C@H](Cc2ccccc2)NC(=O)[C@H](CC(C)C)N(C)C(=O)[C@@H]2CCCN2C1=O,hepta_92,3669,-6.34,7,7,Circle,0.146635,0.0453074,-37.7525,9.276,7.791,1.485,0.124751,0.03934,8.687,7.518,1.169,55,68,,val,-0.1699999999999999,0,0.0,valid,train,train,train,train,train,train,test,test,train,-0.15148333
3664,2020_Townsend,CC(C)C[C@@H]1NC(=O)[C@H](C)NC(=O)[C@H]2CCCN2C(=O)[C@H](Cc2ccccc2)NC(=O)[C@@H](CC(C)C)N(C)C(=O)[C@@H]2CCCN2C(=O)[C@@H](CC(C)C)NC1=O,hepta_87,3664,-6.44,7,7,Circle,0.168886,0.0733347,-28.0731,9.154,7.862,1.292,0.146951,0.0553447,8.619,7.533,1.086,90,8,,train,-0.2200000000000002,0,0.0,train,train,train,train,test,test,train,train,test,train,0.058029354
3659,2020_Townsend,CC(C)C[C@@H]1NC(=O)[C@H](C)NC(=O)[C@H]2CCCN2C(=O)[C@H](Cc2ccccc2)NC(=O)[C@H](CC(C)C)NC(=O)[C@@H]2CCCN2C(=O)[C@H](CC(C)C)NC1=O,hepta_82,3659,-6.45,7,7,Circle,0.160038,0.0523347,-18.8583,8.396,7.233,1.163,0.147751,0.0444246,8.568,7.393,1.175,23,36,,train,-0.2250000000000001,0,0.0,train,train,valid,train,train,train,train,valid,test,train,-0.4385702
3650,2020_Townsend,CCCN1CC(=O)N(C)[C@@H](CC(C)C)C(=O)N[C@@H](Cc2ccccc2)CC(=O)N2CCC[C@H]2C(=O)N(Cc2ccccc2)CC(=O)N[C@@H](Cc2ccccc2)C(=O)N2CCC[C@@H]2C1=O,hepta_73,3650,-10.0,7,7,Circle,0.185716,0.0486426,-29.2774,9.715,8.644,1.071,0.186646,0.0477828,9.749,8.562,1.187,11,70,,train,-1.0,0,0.0,train,train,test,train,train,train,train,train,test,train,0.10343921
3648,2020_Townsend,CCCN1CC(=O)N(Cc2ccccc2)CC(=O)N[C@@H](Cc2ccccc2)CC(=O)N2CCC[C@H]2C(=O)N[C@@H](CC(C)C)C(=O)N[C@@H](Cc2ccccc2)C(=O)N2CCC[C@@H]2C1=O,hepta_71,3648,-10.0,7,7,Circle,0.193018,0.0599733,-29.6734,9.518,8.382,1.136,0.170391,0.0451008,9.395,8.163,1.232,30,72,,train,-1.0,0,0.0,train,train,train,test,train,train,test,train,test,train,0.07607387
3642,2020_Townsend,CCCN1CC(=O)N[C@@H](CC(C)C)C(=O)N(Cc2ccccc2)CC(=O)N2CCC[C@H]2C(=O)N(Cc2ccccc2)CC(=O)N[C@@H](Cc2ccccc2)C(=O)N2CCC[C@@H]2C1=O,hepta_65,3642,-5.62,7,7,Circle,0.228815,0.090417,-34.4847,9.608,8.391,1.217,0.146063,0.0375267,8.832,7.648,1.184,68,61,,train,0.1899999999999999,1,1.0,train,train,train,train,train,train,train,train,test,valid,-0.02054381
3632,2020_Townsend,CCCN1CC(=O)N(C)[C@@H](CC(C)C)C(=O)N[C@@H](Cc2ccccc2)CC(=O)N2CCC[C@H]2C(=O)N[C@H](CC(C)C)C(=O)N[C@@H](Cc2ccccc2)C(=O)N2CCC[C@@H]2C1=O,hepta_55,3632,-5.94,7,7,Circle,0.182182,0.0554279,-38.6551,10.385,8.967,1.418,0.153389,0.0456074,9.709,8.374,1.335,9,14,,train,0.0299999999999998,1,1.0,train,train,train,train,train,train,train,train,test,train,0.12503652
3630,2020_Townsend,CCCN1CC(=O)N[C@H](CC(C)C)C(=O)N[C@@H](Cc2ccccc2)CC(=O)N2CCC[C@H]2C(=O)N(C)[C@H](CC(C)C)C(=O)N[C@@H](Cc2ccccc2)C(=O)N2CCC[C@@H]2C1=O,hepta_53,3630,-5.9,7,7,Circle,0.160136,0.0647968,-26.7641,9.591,8.43,1.161,0.181576,0.0598042,9.298,8.154,1.144,82,40,,train,0.0499999999999998,1,1.0,train,valid,train,train,train,train,valid,valid,test,train,0.2394294
3628,2020_Townsend,CCCN1CC(=O)N[C@@H](CC(C)C)C(=O)N(C)[C@@H](CC(C)C)C(=O)N2CCC[C@H]2C(=O)N(Cc2ccccc2)CC(=O)N[C@@H](Cc2ccccc2)C(=O)N2CCC[C@@H]2C1=O,hepta_51,3628,-5.2,7,7,Circle,0.155993,0.0565461,-33.4502,9.108,7.839,1.269,0.110057,0.0490822,9.137,8.17,0.967,34,65,,train,0.3999999999999999,1,1.0,train,test,train,train,valid,train,train,train,test,train,0.19180278
3612,2020_Townsend,CCCN1CC(=O)N[C@@H](CC(C)C)C(=O)N(C)[C@@H](CC(C)C)C(=O)N2CCC[C@H]2C(=O)N(C)[C@@H](CC(C)C)C(=O)N[C@@H](Cc2ccccc2)C(=O)N2CCC[C@@H]2C1=O,hepta_35,3612,-5.02,7,7,Circle,0.0948014,0.0370509,-28.9445,9.431,8.31,1.121,0.121443,0.0415521,9.095,8.066,1.029,8,86,,train,0.4900000000000002,1,1.0,train,train,test,train,train,train,train,train,test,train,0.35600877
3610,2020_Townsend,CCCN1CC(=O)N[C@H](CC(C)C)C(=O)N[C@@H](CC(C)C)C(=O)N2CCC[C@H]2C(=O)N(Cc2ccccc2)CC(=O)N[C@@H](Cc2ccccc2)C(=O)N2CCC[C@@H]2C1=O,hepta_33,3610,-5.79,7,7,Circle,0.197338,0.0628652,-27.7617,9.459,8.196,1.263,0.156795,0.0446032,9.128,8.145,0.983,9,86,,train,0.1049999999999999,1,1.0,train,train,train,train,train,test,train,train,test,train,0.087110184
3576,2020_Townsend,C[C@@H]1C(=O)N(Cc2ccccc2)CC(=O)N(Cc2ccccc2)CC(=O)N2CCC[C@@H]2C(=O)N(Cc2ccccc2)CC(=O)N[C@@H](Cc2ccccc2)C(=O)N1C,hexa_1062,3576,-6.28,6,6,Circle,0.203356,0.0601596,-32.8218,8.585,7.573,1.012,0.158838,0.0388464,8.356,7.436,0.92,45,92,,train,-0.1400000000000001,0,0.0,train,train,train,valid,test,train,test,train,test,train,0.04385312
3569,2020_Townsend,CC(C)C[C@H]1NC(=O)[C@@H](C)N(C)C(=O)[C@H](Cc2ccccc2)NC(=O)CN(Cc2ccccc2)C(=O)[C@H]2CCCN2C(=O)C[C@H](Cc2ccccc2)NC1=O,hexa_1055,3569,-5.59,6,6,Circle,0.183796,0.0528744,-25.8215,8.233,7.231,1.002,0.130472,0.0401011,8.608,7.552,1.056,99,75,,train,0.205,1,1.0,train,train,train,train,train,train,valid,train,test,train,-0.07041575
3552,2020_Townsend,CC(C)C[C@H]1C(=O)N[C@@H](Cc2ccccc2)C(=O)N(C)[C@H](C)C(=O)N[C@H](CC(C)C)C(=O)N(Cc2ccccc2)CC(=O)N2CCC[C@@H]2C(=O)N1C,hexa_1038,3552,-5.21,6,6,Circle,0.185269,0.0599877,-22.3862,8.34,7.462,0.878,0.173641,0.0528873,8.496,7.623,0.873,15,25,,test,0.395,1,1.0,test,train,train,train,train,train,train,train,test,train,0.37657422
3547,2020_Townsend,CC(C)C[C@@H]1NC(=O)[C@H]2CCCN2C(=O)C[C@H](Cc2ccccc2)NC(=O)[C@@H](CC(C)C)NC(=O)[C@@H](C)N(C)C(=O)[C@H](Cc2ccccc2)NC1=O,hexa_1033,3547,-10.0,6,6,Circle,0.2182,0.078025,-24.7449,8.195,7.159,1.036,0.172433,0.0475261,8.216,6.981,1.235,66,48,,train,-1.0,0,0.0,train,train,train,valid,train,train,train,train,test,train,-0.26126063
3545,2020_Townsend,CC(C)C[C@H]1C(=O)N(C)[C@H](CC(C)C)C(=O)N2CCC[C@@H]2C(=O)N(C)[C@@H](CC(C)C)C(=O)N[C@@H](Cc2ccccc2)C(=O)N(C)[C@H](C)C(=O)N1C,hexa_1031,3545,-4.87,6,6,Circle,0.118988,0.0376728,-19.9879,8.473,7.44,1.033,0.129268,0.0385528,8.49,7.572,0.918,34,42,,train,0.565,1,1.0,train,train,train,valid,test,train,test,train,test,train,0.60748345
3543,2020_Townsend,CC(C)C[C@H]1NC(=O)[C@@H](C)N(C)C(=O)[C@H](Cc2ccccc2)NC(=O)[C@@H](CC(C)C)N(C)C(=O)[C@H]2CCCN2C(=O)CN(Cc2ccccc2)C1=O,hexa_1029,3543,-5.09,6,6,Circle,0.155957,0.0498399,-24.2392,8.393,7.416,0.977,0.164208,0.0445347,8.361,7.399,0.962,85,11,,train,0.455,1,1.0,train,train,train,test,train,train,train,valid,test,train,0.45469844
3540,2020_Townsend,CC(C)C[C@@H]1NC(=O)[C@H]2CCCN2C(=O)[C@H](CC(C)C)NC(=O)CN(Cc2ccccc2)C(=O)[C@@H](C)N(C)C(=O)[C@H](Cc2ccccc2)NC1=O,hexa_1026,3540,-5.83,6,6,Circle,0.128604,0.0378944,-29.8485,8.515,7.446,1.069,0.152205,0.0502304,8.335,7.255,1.08,3,95,,train,0.0849999999999999,1,1.0,train,train,train,valid,train,train,train,train,test,train,0.09435628
3532,2020_Townsend,CC(C)C[C@@H]1NC(=O)[C@@H](CC(C)C)N(C)C(=O)[C@@H](C)N(C)C(=O)[C@H](Cc2ccccc2)NC(=O)[C@H](CC(C)C)N(C)C(=O)[C@H]2CCCN2C1=O,hexa_1018,3532,-5.04,6,6,Circle,0.137094,0.036542,-22.8869,8.495,7.47,1.025,0.12337,0.0414051,8.298,7.177,1.121,68,69,,train,0.48,1,1.0,train,train,train,test,train,train,train,train,test,test,0.592075
3526,2020_Townsend,CC(C)C[C@@H]1NC(=O)[C@H]2CCCN2C(=O)[C@H](CC(C)C)N(C)C(=O)[C@@H](CC(C)C)N(C)C(=O)[C@@H](C)N(C)C(=O)[C@H](Cc2ccccc2)NC1=O,hexa_1012,3526,-5.55,6,6,Circle,0.178632,0.0654896,-22.2402,8.4,7.288,1.112,0.149913,0.0374866,8.373,7.295,1.078,74,84,,train,0.2250000000000001,1,1.0,train,train,train,train,train,train,train,test,test,train,0.32643414
3516,2020_Townsend,CC(C)C[C@@H]1NC(=O)[C@@H](C)N(C)C(=O)[C@H](Cc2ccccc2)NC(=O)[C@H](CC(C)C)N(C)C(=O)[C@H]2CCCN2C(=O)[C@H](CC(C)C)NC1=O,hexa_1002,3516,-5.41,6,6,Circle,0.12027,0.036453,-23.8273,8.325,7.254,1.071,0.114463,0.0400107,8.097,7.175,0.922,27,19,,test,0.2949999999999999,1,1.0,test,train,train,train,train,train,train,valid,test,train,0.38287765
3514,2020_Townsend,CC(C)C[C@@H]1NC(=O)[C@H]2CCCN2C(=O)[C@H](CC(C)C)N(C)C(=O)[C@H](CC(C)C)NC(=O)[C@@H](C)N(C)C(=O)[C@H](Cc2ccccc2)NC1=O,hexa_1000,3514,-5.29,6,6,Circle,0.152427,0.0500645,-21.2749,8.214,7.099,1.115,0.141048,0.040977,8.021,6.875,1.146,95,78,,train,0.355,1,1.0,train,train,train,valid,valid,train,train,train,test,valid,0.16227204
3487,2020_Townsend,CC(C)C[C@@H]1NC(=O)[C@H](C)N(C)C(=O)[C@H](Cc2ccccc2)NC(=O)CN(Cc2ccccc2)C(=O)[C@H]2CCCN2C(=O)C[C@H](Cc2ccccc2)NC1=O,hexa_973,3487,-5.81,6,6,Circle,0.166473,0.0515737,-38.6421,8.619,7.338,1.281,0.181584,0.0474469,8.543,7.508,1.035,4,73,,train,0.0950000000000002,1,1.0,train,train,train,train,train,train,train,train,test,test,-0.08571865
3432,2020_Townsend,CC(C)C[C@@H]1NC(=O)[C@@H](CC(C)C)NC(=O)[C@H](C)N(C)C(=O)[C@H](Cc2ccccc2)NC(=O)[C@H](CC(C)C)N(C)C(=O)[C@H]2CCCN2C1=O,hexa_918,3432,-4.89,6,6,Circle,0.16942,0.0626091,-19.5157,8.295,7.128,1.167,0.110896,0.0376512,7.981,6.979,1.002,55,85,,train,0.5550000000000002,1,1.0,train,valid,valid,train,train,train,test,train,test,train,0.3929693
3423,2020_Townsend,CC(C)C[C@H]1C(=O)N[C@@H](Cc2ccccc2)C(=O)N(C)[C@@H](C)C(=O)N[C@H](CC(C)C)C(=O)N[C@H](CC(C)C)C(=O)N2CCC[C@@H]2C(=O)N1C,hexa_909,3423,-6.18,6,6,Circle,0.167947,0.0680049,-25.0814,8.509,7.237,1.272,0.155447,0.0665208,8.494,7.26,1.234,4,97,-6.24,test,-0.0899999999999998,0,0.0,train,train,train,train,train,test,train,test,test,train,0.29963338
3395,2020_Townsend,CC(C)C[C@H]1C(=O)N2CCC[C@H]2C(=O)N(Cc2ccccc2)CC(=O)N[C@@H](Cc2ccccc2)C(=O)N(C)[C@H](C)C(=O)N(C)[C@H](CC(C)C)C(=O)N1C,hexa_881,3395,-4.94,6,6,Circle,0.162247,0.0567713,-44.1466,8.465,7.366,1.099,0.187664,0.0613948,8.524,7.583,0.941,22,47,,val,0.5299999999999998,1,1.0,valid,train,train,test,train,train,valid,train,test,train,0.4329478
3393,2020_Townsend,CC(C)C[C@H]1C(=O)N(Cc2ccccc2)CC(=O)N2CCC[C@H]2C(=O)N(C)[C@H](CC(C)C)C(=O)N[C@@H](Cc2ccccc2)C(=O)N(C)[C@H](C)C(=O)N1C,hexa_879,3393,-5.3,6,6,Circle,0.167977,0.0627304,-23.3159,8.653,7.595,1.058,0.164457,0.0568703,8.31,7.294,1.016,76,38,,train,0.3500000000000001,1,1.0,train,train,train,test,test,train,train,train,test,train,0.48503572
3385,2020_Townsend,CC(C)C[C@@H]1NC(=O)[C@@H](C)N(C)C(=O)[C@H](Cc2ccccc2)NC(=O)CN(Cc2ccccc2)C(=O)[C@@H]2CCCN2C(=O)[C@H](CC(C)C)N(C)C1=O,hexa_871,3385,-5.07,6,6,Circle,0.197538,0.0938348,-27.3588,8.525,7.446,1.079,0.179038,0.0417279,8.388,7.289,1.099,54,20,,val,0.4649999999999998,1,1.0,valid,test,train,train,test,train,train,train,test,train,0.33683866
3357,2020_Townsend,CC(C)C[C@@H]1NC(=O)[C@@H](C)N(C)C(=O)[C@H](Cc2ccccc2)NC(=O)[C@H](CC(C)C)N(C)C(=O)[C@@H]2CCCN2C(=O)[C@@H](CC(C)C)N(C)C1=O,hexa_843,3357,-4.85,6,6,Circle,0.150175,0.041852,-17.9808,8.6,7.447,1.153,0.131593,0.0424671,8.638,7.489,1.149,91,64,,train,0.5750000000000002,1,1.0,train,test,train,train,train,train,train,valid,test,test,0.5422204
3352,2020_Townsend,CC(C)C[C@H]1C(=O)N[C@@H](Cc2ccccc2)C(=O)N(C)[C@H](C)C(=O)N(C)[C@H](CC(C)C)C(=O)N[C@H](CC(C)C)C(=O)N2CCC[C@H]2C(=O)N1C,hexa_838,3352,-4.85,6,6,Circle,0.118043,0.0358086,-13.4662,8.37,7.461,0.909,0.131139,0.0379167,8.627,7.393,1.234,54,96,,train,0.5750000000000002,1,1.0,train,train,train,train,test,train,train,test,test,test,0.54911315
3342,2020_Townsend,CC(C)C[C@@H]1NC(=O)[C@@H]2CCCN2C(=O)[C@H](CC(C)C)NC(=O)[C@@H](CC(C)C)N(C)C(=O)[C@@H](C)N(C)C(=O)[C@H](Cc2ccccc2)NC1=O,hexa_828,3342,-5.16,6,6,Circle,0.153932,0.0479328,-20.6156,8.21,7.053,1.157,0.134184,0.0436539,8.305,7.092,1.213,64,42,,train,0.4199999999999999,1,1.0,train,train,train,train,train,train,train,train,test,train,0.2036741
3314,2020_Townsend,CC(C)C[C@@H]1NC(=O)[C@H](C)N(C)C(=O)[C@H](Cc2ccccc2)NC(=O)CN(Cc2ccccc2)C(=O)[C@@H]2CCCN2C(=O)C[C@H](Cc2ccccc2)NC1=O,hexa_800,3314,-5.75,6,6,Circle,0.194904,0.0613559,-22.9719,8.592,7.565,1.027,0.143899,0.0348853,8.625,7.645,0.98,70,66,,test,0.125,1,1.0,test,train,train,train,valid,train,train,test,test,train,0.0025170045
3309,2020_Townsend,CC(C)C[C@H]1NC(=O)[C@H](C)N(C)C(=O)[C@H](Cc2ccccc2)NC(=O)CN(Cc2ccccc2)C(=O)[C@@H]2CCCN2C(=O)C[C@H](Cc2ccccc2)NC1=O,hexa_795,3309,-6.17,6,6,Circle,0.211133,0.0824317,-33.8123,9.029,7.739,1.29,0.214069,0.0829222,8.642,7.597,1.045,62,20,,train,-0.0849999999999999,0,0.0,train,train,train,train,train,train,train,train,test,train,0.0053026844
3298,2020_Townsend,CC(C)C[C@H]1C(=O)N[C@@H](Cc2ccccc2)C(=O)N(C)[C@@H](C)C(=O)N[C@H](CC(C)C)C(=O)N[C@@H](Cc2ccccc2)CC(=O)N2CCC[C@H]2C(=O)N1C,hexa_784,3298,-5.56,6,6,Circle,0.22344,0.0779182,-18.8983,8.568,7.616,0.952,0.149102,0.0481908,8.659,7.518,1.141,72,68,,train,0.2200000000000002,1,1.0,train,train,valid,train,train,train,train,train,test,train,0.39278412
3288,2020_Townsend,CC(C)C[C@H]1C(=O)N2CCC[C@H]2C(=O)N(Cc2ccccc2)CC(=O)N[C@@H](Cc2ccccc2)C(=O)N(C)[C@@H](C)C(=O)N[C@H](CC(C)C)C(=O)N1C,hexa_774,3288,-4.98,6,6,Circle,0.177731,0.0512208,-31.7937,8.393,7.146,1.247,0.178307,0.0382267,8.236,7.204,1.032,82,77,,val,0.5099999999999998,1,1.0,valid,train,test,train,valid,train,train,train,test,train,0.45434803
3286,2020_Townsend,CC(C)C[C@@H]1NC(=O)[C@H](C)N(C)C(=O)[C@H](Cc2ccccc2)NC(=O)[C@@H](CC(C)C)N(C)C(=O)[C@@H]2CCCN2C(=O)CN(Cc2ccccc2)C1=O,hexa_772,3286,-4.99,6,6,Circle,0.194422,0.0599438,-30.9218,8.633,7.43,1.203,0.111687,0.0404011,8.291,7.163,1.128,8,30,,train,0.5049999999999999,1,1.0,train,valid,train,train,train,train,train,train,test,test,0.36345607
3279,2020_Townsend,CC(C)C[C@H]1C(=O)N(C)[C@H](CC(C)C)C(=O)N2CCC[C@H]2C(=O)N(C)[C@@H](CC(C)C)C(=O)N[C@@H](Cc2ccccc2)C(=O)N(C)[C@@H](C)C(=O)N1C,hexa_765,3279,-4.72,6,6,Circle,0.192918,0.073539,-13.9742,8.446,7.469,0.977,0.141862,0.0457385,8.278,7.297,0.981,63,33,,train,0.6400000000000001,1,1.0,train,train,train,train,train,train,train,test,test,train,0.67555356
3269,2020_Townsend,CC(C)C[C@@H]1NC(=O)[C@@H]2CCCN2C(=O)CN(Cc2ccccc2)C(=O)[C@H](CC(C)C)NC(=O)[C@H](C)N(C)C(=O)[C@H](Cc2ccccc2)NC1=O,hexa_755,3269,-5.36,6,6,Circle,0.175054,0.0665365,-24.7816,8.046,6.876,1.17,0.167609,0.0576088,7.979,6.809,1.17,50,58,,val,0.3199999999999998,1,1.0,valid,valid,train,train,train,train,train,train,test,train,-0.028149493
3267,2020_Townsend,CC(C)C[C@@H]1NC(=O)[C@H](C)N(C)C(=O)[C@H](Cc2ccccc2)NC(=O)CN(Cc2ccccc2)C(=O)[C@@H]2CCCN2C(=O)[C@H](CC(C)C)NC1=O,hexa_753,3267,-10.0,6,6,Circle,0.140288,0.0515664,-35.4978,8.349,7.028,1.321,0.166811,0.0479166,8.346,7.214,1.132,80,81,,train,-1.0,0,0.0,train,train,train,train,train,train,train,train,test,train,0.08482914
3265,2020_Townsend,CC(C)C[C@@H]1NC(=O)[C@@H](CC(C)C)NC(=O)[C@H](C)N(C)C(=O)[C@H](Cc2ccccc2)NC(=O)CN(Cc2ccccc2)C(=O)[C@@H]2CCCN2C1=O,hexa_751,3265,-5.35,6,6,Circle,0.140402,0.0532166,-34.1061,8.444,7.075,1.369,0.147708,0.0474464,8.463,7.175,1.288,71,90,,train,0.3250000000000002,1,1.0,train,train,train,test,train,train,train,train,test,train,0.119518034
3255,2020_Townsend,CC(C)C[C@H]1NC(=O)[C@@H]2CCCN2C(=O)[C@@H](CC(C)C)NC(=O)CN(Cc2ccccc2)C(=O)[C@H](C)N(C)C(=O)[C@H](Cc2ccccc2)NC1=O,hexa_741,3255,-5.0,6,6,Circle,0.173625,0.054579,-32.3392,8.488,7.258,1.23,0.141006,0.0412446,7.77,6.648,1.122,93,43,,train,0.5,1,1.0,train,train,train,train,train,valid,train,train,test,train,0.17041774
3249,2020_Townsend,CC(C)C[C@H]1C(=O)N[C@H](CC(C)C)C(=O)N2CCC[C@H]2C(=O)N(C)[C@H](CC(C)C)C(=O)N[C@@H](Cc2ccccc2)C(=O)N(C)[C@@H](C)C(=O)N1C,hexa_735,3249,-4.72,6,6,Circle,0.156909,0.0500683,-18.6989,8.53,7.402,1.128,0.140264,0.0341754,8.436,7.348,1.088,22,23,,train,0.6400000000000001,1,1.0,train,train,train,train,train,test,train,train,test,train,0.60777956
3239,2020_Townsend,CC(C)C[C@@H]1NC(=O)[C@H](C)N(C)C(=O)[C@H](Cc2ccccc2)NC(=O)[C@H](CC(C)C)N(C)C(=O)[C@@H]2CCCN2C(=O)[C@@H](CC(C)C)NC1=O,hexa_725,3239,-5.0,6,6,Circle,0.152244,0.0395931,-34.1586,8.453,7.154,1.299,0.117181,0.0374371,8.3,7.194,1.106,5,36,,train,0.5,1,1.0,train,valid,test,train,train,test,train,valid,test,train,0.3165301
3229,2020_Townsend,CC(C)C[C@@H]1NC(=O)[C@H](C)N(C)C(=O)[C@H](Cc2ccccc2)NC(=O)[C@@H](CC(C)C)N(C)C(=O)[C@@H]2CCCN2C(=O)[C@@H](CC(C)C)NC1=O,hexa_715,3229,-5.07,6,6,Circle,0.160713,0.045466,-32.571,8.361,7.014,1.347,0.188966,0.0584703,8.337,7.236,1.101,77,29,,train,0.4649999999999998,1,1.0,train,valid,train,train,train,train,test,train,test,train,0.35584438
3226,2020_Townsend,CC(C)C[C@H]1C(=O)N[C@@H](Cc2ccccc2)C(=O)N(C)[C@@H](C)C(=O)N[C@H](CC(C)C)C(=O)N[C@H](CC(C)C)C(=O)N2CCC[C@H]2C(=O)N1C,hexa_712,3226,-5.73,6,6,Circle,0.170847,0.0603984,-22.1836,8.655,7.338,1.317,0.157159,0.0440426,8.019,6.83,1.189,22,25,,train,0.1349999999999998,1,1.0,train,train,train,train,train,train,valid,train,test,train,0.3456288
3223,2020_Townsend,CC(C)C[C@H]1NC(=O)[C@@H]2CCCN2C(=O)[C@@H](CC(C)C)NC(=O)[C@@H](CC(C)C)N(C)C(=O)[C@H](C)N(C)C(=O)[C@H](Cc2ccccc2)NC1=O,hexa_709,3223,-5.08,6,6,Circle,0.156755,0.0463776,-29.0641,8.514,7.212,1.302,0.149845,0.0500404,8.108,6.974,1.134,58,16,,train,0.4599999999999999,1,1.0,train,train,train,train,valid,train,test,train,test,valid,0.29309666
3207,2020_Townsend,CC(C)C[C@H]1C(=O)N2CCC[C@@H]2C(=O)N(Cc2ccccc2)CC(=O)N[C@@H](Cc2ccccc2)C(=O)N[C@H](C)C(=O)N(C)[C@@H](CC(C)C)C(=O)N1C,hexa_693,3207,-5.37,6,6,Circle,0.176877,0.0408438,-25.2709,8.444,7.42,1.024,0.131679,0.0425613,8.217,7.215,1.002,50,90,,train,0.3149999999999999,1,1.0,train,train,train,train,test,train,train,train,test,train,0.32927817
3203,2020_Townsend,CC(C)C[C@H]1C(=O)N2CCC[C@@H]2C(=O)N(Cc2ccccc2)CC(=O)N[C@@H](Cc2ccccc2)C(=O)N[C@H](C)C(=O)N(C)[C@H](CC(C)C)C(=O)N1C,hexa_689,3203,-5.26,6,6,Circle,0.133653,0.0417062,-22.5618,8.243,7.198,1.045,0.146681,0.0464796,8.304,7.172,1.132,62,46,,train,0.3700000000000001,1,1.0,train,valid,test,valid,train,train,train,train,test,train,0.29079443
3202,2020_Townsend,CC(C)C[C@H]1C(=O)N[C@@H](Cc2ccccc2)C(=O)N[C@H](C)C(=O)N(C)[C@H](CC(C)C)C(=O)N(Cc2ccccc2)CC(=O)N2CCC[C@@H]2C(=O)N1C,hexa_688,3202,-5.0,6,6,Circle,0.146358,0.0392331,-22.0472,8.468,7.391,1.077,0.153037,0.0368264,7.901,6.794,1.107,42,27,,train,0.5,1,1.0,train,train,train,train,train,train,train,train,test,train,0.21031378
3195,2020_Townsend,CC(C)C[C@@H]1NC(=O)[C@H](CC(C)C)N(C)C(=O)[C@@H](C)NC(=O)[C@H](Cc2ccccc2)NC(=O)CN(Cc2ccccc2)C(=O)[C@H]2CCCN2C1=O,hexa_681,3195,-5.2,6,6,Circle,0.181556,0.0582056,-29.4515,8.422,7.281,1.141,0.124815,0.0347901,8.34,7.355,0.985,4,32,,train,0.3999999999999999,1,1.0,train,train,train,train,valid,train,train,train,test,train,0.31365186
3192,2020_Townsend,CC(C)C[C@@H]1NC(=O)[C@H]2CCCN2C(=O)CN(Cc2ccccc2)C(=O)[C@H](CC(C)C)N(C)C(=O)[C@@H](C)NC(=O)[C@H](Cc2ccccc2)NC1=O,hexa_678,3192,-6.49,6,6,Circle,0.207027,0.0763673,-35.4956,8.426,7.238,1.188,0.131461,0.0329685,8.34,7.434,0.906,59,78,,val,-0.2450000000000001,0,0.0,valid,test,train,test,train,train,train,train,test,train,-0.0785388
3188,2020_Townsend,CC(C)C[C@@H]1NC(=O)[C@@H](C)NC(=O)[C@H](Cc2ccccc2)NC(=O)[C@@H](CC(C)C)NC(=O)[C@H]2CCCN2C(=O)C[C@H](Cc2ccccc2)NC1=O,hexa_674,3188,-5.06,6,6,Circle,0.164572,0.0384444,-33.925,8.406,7.202,1.204,0.160444,0.0462894,8.424,7.366,1.058,70,20,,train,0.4700000000000002,1,1.0,train,train,test,train,train,valid,valid,train,test,valid,-0.2639777
3170,2020_Townsend,CC(C)C[C@@H]1NC(=O)[C@H]2CCCN2C(=O)[C@H](CC(C)C)NC(=O)CN(Cc2ccccc2)C(=O)[C@@H](C)NC(=O)[C@H](Cc2ccccc2)NC1=O,hexa_656,3170,-6.06,6,6,Circle,0.179946,0.0558445,-34.5865,8.147,6.89,1.257,0.177656,0.0680269,8.018,6.926,1.092,78,22,,test,-0.0299999999999998,0,0.0,test,train,train,valid,train,train,train,train,test,train,-0.031768158
3166,2020_Townsend,CC(C)C[C@@H]1NC(=O)[C@@H](CC(C)C)NC(=O)[C@@H](C)NC(=O)[C@H](Cc2ccccc2)NC(=O)CN(Cc2ccccc2)C(=O)[C@H]2CCCN2C1=O,hexa_652,3166,-5.48,6,6,Circle,0.171682,0.0658105,-27.9254,8.225,7.011,1.214,0.170761,0.0652203,8.141,7.054,1.087,54,90,,val,0.2599999999999998,1,1.0,valid,train,train,train,train,test,valid,train,test,train,0.07132978
3163,2020_Townsend,CC(C)C[C@@H]1NC(=O)[C@H]2CCCN2C(=O)CN(Cc2ccccc2)C(=O)[C@@H](CC(C)C)NC(=O)[C@@H](C)NC(=O)[C@H](Cc2ccccc2)NC1=O,hexa_649,3163,-6.75,6,6,Circle,0.197636,0.0689763,-27.1485,8.317,7.201,1.116,0.239619,0.0858967,8.25,7.046,1.204,31,12,,train,-0.375,0,0.0,train,train,train,train,valid,test,train,train,test,train,-0.36730647
3149,2020_Townsend,CC(C)C[C@H]1C(=O)N[C@@H](Cc2ccccc2)C(=O)N[C@H](C)C(=O)N(C)[C@H](CC(C)C)C(=O)N[C@H](CC(C)C)C(=O)N2CCC[C@@H]2C(=O)N1C,hexa_635,3149,-5.3,6,6,Circle,0.214852,0.079448,-15.2953,8.222,7.046,1.176,0.1464,0.0474653,8.152,7.176,0.976,73,40,,val,0.3500000000000001,1,1.0,valid,test,test,valid,train,train,valid,train,test,train,0.3003633
3144,2020_Townsend,CC(C)C[C@H]1NC(=O)[C@@H](CC(C)C)N(C)C(=O)[C@@H](C)NC(=O)[C@H](Cc2ccccc2)NC(=O)[C@@H](CC(C)C)N(C)C(=O)[C@H]2CCCN2C1=O,hexa_630,3144,-5.43,6,6,Circle,0.147647,0.0438191,-21.8745,8.564,7.436,1.128,0.129097,0.0370554,8.355,7.439,0.916,100,35,,train,0.2850000000000001,1,1.0,train,train,train,train,train,train,train,train,test,train,0.39516217
3134,2020_Townsend,CC(C)C[C@H]1C(=O)N[C@H](CC(C)C)C(=O)N2CCC[C@@H]2C(=O)N[C@H](CC(C)C)C(=O)N[C@@H](Cc2ccccc2)C(=O)N[C@H](C)C(=O)N1C,hexa_620,3134,-5.49,6,6,Circle,0.157098,0.0511939,-28.3818,8.365,7.111,1.254,0.122596,0.0376117,8.258,7.193,1.065,49,93,,test,0.2549999999999999,1,1.0,test,train,train,valid,valid,train,train,train,test,train,0.110256046
3127,2020_Townsend,CC(C)C[C@H]1NC(=O)[C@H]2CCCN2C(=O)[C@@H](CC(C)C)NC(=O)[C@@H](CC(C)C)N(C)C(=O)[C@@H](C)NC(=O)[C@H](Cc2ccccc2)NC1=O,hexa_613,3127,-6.2,6,6,Circle,0.161199,0.0499171,-19.7288,8.101,7.036,1.065,0.126839,0.0418001,8.112,7.134,0.978,49,9,,train,-0.1,0,0.0,train,train,train,train,test,train,train,valid,test,train,0.10949827
3101,2020_Townsend,CC(C)C[C@@H]1NC(=O)[C@H]2CCCN2C(=O)C[C@H](Cc2ccccc2)NC(=O)[C@@H](CC(C)C)N(C)C(=O)[C@H](C)NC(=O)[C@H](Cc2ccccc2)NC1=O,hexa_587,3101,-10.0,6,6,Circle,0.183291,0.0543315,-22.7949,8.147,7.083,1.064,0.166302,0.0431753,8.418,7.362,1.056,33,3,,train,-1.0,0,0.0,train,train,valid,valid,train,train,train,train,test,test,-0.10367742
3089,2020_Townsend,CC(C)C[C@@H]1NC(=O)[C@H](C)NC(=O)[C@H](Cc2ccccc2)NC(=O)CN(Cc2ccccc2)C(=O)[C@H]2CCCN2C(=O)[C@@H](CC(C)C)N(C)C1=O,hexa_575,3089,-10.0,6,6,Circle,0.199164,0.0704529,-30.2971,8.704,7.481,1.223,0.157785,0.043961,7.997,6.939,1.058,43,23,,train,-1.0,0,0.0,train,train,train,test,train,train,train,train,test,train,0.10569392
3083,2020_Townsend,CC(C)C[C@H]1NC(=O)[C@H](C)NC(=O)[C@H](Cc2ccccc2)NC(=O)CN(Cc2ccccc2)C(=O)[C@H]2CCCN2C(=O)[C@@H](CC(C)C)N(C)C1=O,hexa_569,3083,-6.23,6,6,Circle,0.207379,0.0757323,-28.8855,8.164,7.004,1.16,0.127571,0.029401,8.189,6.967,1.222,71,78,,train,-0.1150000000000002,0,0.0,train,train,train,train,train,test,train,test,test,train,0.08548708
3071,2020_Townsend,CC(C)C[C@@H]1NC(=O)[C@H](C)NC(=O)[C@H](Cc2ccccc2)NC(=O)[C@@H](CC(C)C)NC(=O)[C@H]2CCCN2C(=O)CN(Cc2ccccc2)C1=O,hexa_557,3071,-6.69,6,6,Circle,0.120272,0.0397451,-33.5694,8.25,6.915,1.335,0.149445,0.0312191,7.894,6.856,1.038,47,11,,train,-0.3450000000000002,0,0.0,train,valid,train,test,train,train,train,test,test,train,-0.12657453
3070,2020_Townsend,CC(C)C[C@@H]1NC(=O)[C@@H](CC(C)C)N(C)C(=O)[C@H](C)NC(=O)[C@H](Cc2ccccc2)NC(=O)[C@H](CC(C)C)N(C)C(=O)[C@H]2CCCN2C1=O,hexa_556,3070,-4.89,6,6,Circle,0.149199,0.0504045,-17.5713,8.197,7.089,1.108,0.119765,0.0357299,8.362,7.295,1.067,28,99,,train,0.5550000000000002,1,1.0,train,train,train,train,train,test,train,valid,test,train,0.38482797
3061,2020_Townsend,CC(C)C[C@H]1C(=O)N[C@@H](Cc2ccccc2)C(=O)N[C@@H](C)C(=O)N(C)[C@H](CC(C)C)C(=O)N[C@H](CC(C)C)C(=O)N2CCC[C@@H]2C(=O)N1C,hexa_547,3061,-4.82,6,6,Circle,0.128742,0.0334437,-19.7196,8.169,7.118,1.051,0.111301,0.0378497,8.229,7.051,1.178,63,81,,train,0.5899999999999999,1,1.0,train,train,train,train,train,train,train,valid,test,train,0.34676307
3055,2020_Townsend,CC(C)C[C@H]1NC(=O)[C@@H](CC(C)C)N(C)C(=O)[C@H](C)NC(=O)[C@H](Cc2ccccc2)NC(=O)[C@@H](CC(C)C)N(C)C(=O)[C@H]2CCCN2C1=O,hexa_541,3055,-5.2,6,6,Circle,0.105358,0.0404982,-21.9851,8.288,7.197,1.091,0.116854,0.0430884,8.076,6.846,1.23,77,22,,val,0.3999999999999999,1,1.0,valid,train,train,train,train,train,test,train,test,test,0.34663737
3053,2020_Townsend,CC(C)C[C@@H]1NC(=O)[C@H]2CCCN2C(=O)[C@H](CC(C)C)N(C)C(=O)[C@H](CC(C)C)NC(=O)[C@H](C)NC(=O)[C@H](Cc2ccccc2)NC1=O,hexa_539,3053,-5.62,6,6,Circle,0.124981,0.0435187,-37.6968,8.323,7.031,1.292,0.106234,0.034432,8.039,6.812,1.227,13,70,,train,0.1899999999999999,1,1.0,train,train,valid,train,train,train,train,train,test,train,-0.16248536
3040,2020_Townsend,CC(C)C[C@@H]1NC(=O)[C@@H](CC(C)C)N(C)C(=O)[C@H](C)NC(=O)[C@H](Cc2ccccc2)NC(=O)[C@@H](CC(C)C)NC(=O)[C@H]2CCCN2C1=O,hexa_526,3040,-5.69,6,6,Circle,0.196468,0.0616915,-25.889,8.225,7.019,1.206,0.21466,0.085183,8.195,7.051,1.144,29,48,,val,0.1549999999999998,1,1.0,valid,train,train,train,train,train,train,train,test,test,0.23741972
3035,2020_Townsend,CC(C)C[C@@H]1NC(=O)[C@H]2CCCN2C(=O)[C@@H](CC(C)C)N(C)C(=O)[C@@H](CC(C)C)NC(=O)[C@H](C)NC(=O)[C@H](Cc2ccccc2)NC1=O,hexa_521,3035,-10.0,6,6,Circle,0.171962,0.058002,-27.0056,8.207,7.01,1.197,0.0888891,0.0322408,8.159,6.839,1.32,10,17,,train,-1.0,0,0.0,train,test,train,valid,train,test,train,valid,test,train,-0.14724836
3026,2020_Townsend,CC(C)C[C@H]1NC(=O)[C@H](C)NC(=O)[C@H](Cc2ccccc2)NC(=O)[C@@H](CC(C)C)NC(=O)[C@H]2CCCN2C(=O)[C@@H](CC(C)C)NC1=O,hexa_512,3026,-6.67,6,6,Circle,0.162079,0.075616,-29.1426,8.136,6.7,1.436,0.112032,0.0309364,7.658,6.553,1.105,42,19,,train,-0.3349999999999999,0,0.0,train,train,valid,train,test,train,train,train,test,train,-0.28105533
3010,2020_Townsend,CC(C)C[C@H]1C(=O)N2CCC[C@H]2C(=O)N(C)[C@@H](CC(C)C)C(=O)N[C@@H](Cc2ccccc2)C(=O)N[C@H](C)C(=O)N(Cc2ccccc2)CC(=O)N1C,hexa_496,3010,-5.44,6,6,Circle,0.173511,0.0574618,-21.1587,8.421,7.384,1.037,0.138444,0.0345646,8.299,7.347,0.952,14,42,,train,0.2799999999999998,1,1.0,train,train,train,test,train,train,valid,train,test,train,0.33616763
3000,2020_Townsend,CC(C)C[C@H]1NC(=O)[C@@H]2CCCN2C(=O)C[C@H](Cc2ccccc2)NC(=O)[C@@H](CC(C)C)N(C)C(=O)[C@@H](C)NC(=O)[C@H](Cc2ccccc2)NC1=O,hexa_486,3000,-5.87,6,6,Circle,0.153085,0.0375583,-34.0649,8.615,7.341,1.274,0.131067,0.0353715,8.912,7.723,1.189,58,57,,train,0.0649999999999999,1,1.0,train,train,test,train,train,train,train,train,test,train,0.07702286
2987,2020_Townsend,CC(C)C[C@H]1C(=O)N[C@@H](Cc2ccccc2)C(=O)N[C@H](C)C(=O)N(C)[C@@H](CC(C)C)C(=O)N(C)[C@H](CC(C)C)C(=O)N2CCC[C@H]2C(=O)N1C,hexa_473,2987,-5.28,6,6,Circle,0.140603,0.039844,-20.8876,8.422,7.327,1.095,0.130754,0.0392171,8.441,7.407,1.034,63,82,,train,0.3599999999999999,1,1.0,train,train,train,train,train,train,train,test,test,train,0.4575172
2975,2020_Townsend,CC(C)C[C@@H]1NC(=O)[C@@H](C)NC(=O)[C@H](Cc2ccccc2)NC(=O)CN(Cc2ccccc2)C(=O)[C@@H]2CCCN2C(=O)[C@@H](CC(C)C)NC1=O,hexa_461,2975,-6.32,6,6,Circle,0.161867,0.0418908,-31.4833,8.485,7.286,1.199,0.150771,0.0395596,8.087,6.914,1.173,94,65,,train,-0.1600000000000001,0,0.0,train,test,train,train,train,train,valid,train,test,valid,0.10689507
2970,2020_Townsend,CC(C)C[C@@H]1NC(=O)[C@@H](CC(C)C)N(C)C(=O)[C@@H](C)NC(=O)[C@H](Cc2ccccc2)NC(=O)[C@H](CC(C)C)N(C)C(=O)[C@@H]2CCCN2C1=O,hexa_456,2970,-5.3,6,6,Circle,0.176505,0.0669007,-18.8316,8.432,7.297,1.135,0.154743,0.0624509,8.156,7.071,1.085,28,34,,train,0.3500000000000001,1,1.0,train,train,train,train,train,train,train,test,test,train,0.31761217
2969,2020_Townsend,CC(C)C[C@H]1C(=O)N[C@@H](Cc2ccccc2)C(=O)N[C@H](C)C(=O)N(C)[C@@H](CC(C)C)C(=O)N[C@H](CC(C)C)C(=O)N2CCC[C@H]2C(=O)N1C,hexa_455,2969,-5.37,6,6,Circle,0.15329,0.0394756,-22.124,8.341,7.294,1.047,0.226538,0.0805438,8.403,7.265,1.138,39,26,,test,0.3149999999999999,1,1.0,test,valid,train,train,train,train,train,train,test,train,0.40420848
2963,2020_Townsend,CC(C)C[C@H]1NC(=O)[C@@H](C)NC(=O)[C@H](Cc2ccccc2)NC(=O)CN(Cc2ccccc2)C(=O)[C@@H]2CCCN2C(=O)[C@@H](CC(C)C)NC1=O,hexa_449,2963,-6.63,6,6,Circle,0.189098,0.0574131,-34.3113,8.569,7.157,1.412,0.152251,0.0465231,7.729,6.509,1.22,20,68,,train,-0.3149999999999999,0,0.0,train,train,valid,train,train,train,train,valid,test,test,-0.021596711
2953,2020_Townsend,CC(C)C[C@@H]1NC(=O)[C@@H]2CCCN2C(=O)[C@H](CC(C)C)NC(=O)[C@H](CC(C)C)N(C)C(=O)[C@@H](C)NC(=O)[C@H](Cc2ccccc2)NC1=O,hexa_439,2953,-6.21,6,6,Circle,0.127745,0.0421629,-22.9281,8.349,7.166,1.183,0.0935882,0.039227,8.285,7.038,1.247,23,100,,train,-0.1049999999999999,0,0.0,train,train,train,train,train,test,train,train,test,valid,0.060512327
2950,2020_Townsend,CC(C)C[C@@H]1NC(=O)[C@H](CC(C)C)N(C)C(=O)[C@@H](C)NC(=O)[C@H](Cc2ccccc2)NC(=O)[C@@H](CC(C)C)NC(=O)[C@@H]2CCCN2C1=O,hexa_436,2950,-5.83,6,6,Circle,0.162586,0.0508652,-23.6974,8.309,7.088,1.221,0.117865,0.0332948,8.099,6.954,1.145,8,67,,train,0.0849999999999999,1,1.0,train,train,valid,valid,train,train,train,train,test,train,0.12324366
2946,2020_Townsend,CC(C)C[C@@H]1NC(=O)[C@@H](C)NC(=O)[C@H](Cc2ccccc2)NC(=O)[C@@H](CC(C)C)NC(=O)[C@@H]2CCCN2C(=O)[C@H](CC(C)C)N(C)C1=O,hexa_432,2946,-7.12,6,6,Circle,0.1882,0.0675916,-25.6015,8.19,6.945,1.245,0.121793,0.0419973,7.928,6.745,1.183,20,81,,train,-0.56,0,0.0,train,train,train,train,valid,test,train,train,test,train,-0.06589159
2938,2020_Townsend,CC(C)C[C@H]1NC(=O)[C@@H]2CCCN2C(=O)[C@@H](CC(C)C)N(C)C(=O)[C@@H](CC(C)C)NC(=O)[C@@H](C)NC(=O)[C@H](Cc2ccccc2)NC1=O,hexa_424,2938,-5.69,6,6,Circle,0.172245,0.0607898,-29.1363,8.29,6.948,1.342,0.137617,0.0422923,8.201,6.978,1.223,20,8,,train,0.1549999999999998,1,1.0,train,train,train,train,train,valid,test,train,test,train,0.050912216
2931,2020_Townsend,CC(C)C[C@@H]1NC(=O)[C@@H]2CCCN2C(=O)[C@@H](CC(C)C)NC(=O)[C@@H](CC(C)C)NC(=O)[C@@H](C)NC(=O)[C@H](Cc2ccccc2)NC1=O,hexa_417,2931,-5.43,6,6,Circle,0.16119,0.0525824,-40.4003,8.297,6.942,1.355,0.11601,0.0325406,7.664,6.613,1.051,32,35,,train,0.2850000000000001,1,1.0,train,train,train,train,train,train,train,train,test,train,-0.31015044
2925,2020_Townsend,CC(C)C[C@H]1C(=O)N[C@@H](Cc2ccccc2)CC(=O)N2CCC[C@H]2C(=O)N(C)[C@H](CC(C)C)C(=O)N[C@@H](Cc2ccccc2)C(=O)N[C@@H](C)C(=O)N1C,hexa_411,2925,-6.02,6,6,Circle,0.231475,0.0904934,-18.5038,8.572,7.526,1.046,0.179676,0.0573965,8.284,7.336,0.948,86,11,,train,-0.0099999999999997,0,0.0,train,train,train,train,train,train,train,train,test,train,0.31460178
2920,2020_Townsend,CC(C)C[C@H]1C(=O)N(Cc2ccccc2)CC(=O)N2CCC[C@H]2C(=O)N(C)[C@@H](CC(C)C)C(=O)N[C@@H](Cc2ccccc2)C(=O)N[C@@H](C)C(=O)N1C,hexa_406,2920,-5.52,6,6,Circle,0.135768,0.0446597,-34.4559,8.322,7.174,1.148,0.117037,0.0435997,8.47,7.449,1.021,52,85,,train,0.2400000000000002,1,1.0,train,test,test,train,train,train,train,train,test,test,0.37390596
2917,2020_Townsend,CC(C)C[C@H]1C(=O)N[C@@H](Cc2ccccc2)C(=O)N[C@@H](C)C(=O)N(C)[C@H](CC(C)C)C(=O)N(Cc2ccccc2)CC(=O)N2CCC[C@H]2C(=O)N1C,hexa_403,2917,-5.51,6,6,Circle,0.148891,0.0569219,-22.6158,8.377,7.294,1.083,0.138047,0.0413937,8.358,7.332,1.026,59,36,,train,0.2450000000000001,1,1.0,train,train,train,valid,train,train,train,valid,test,train,0.36438012
2916,2020_Townsend,CC(C)C[C@H]1C(=O)N(Cc2ccccc2)CC(=O)N2CCC[C@H]2C(=O)N(C)[C@H](CC(C)C)C(=O)N[C@@H](Cc2ccccc2)C(=O)N[C@@H](C)C(=O)N1C,hexa_402,2916,-5.2,6,6,Circle,0.109787,0.0298149,-36.3516,8.083,6.863,1.22,0.146492,0.0433313,8.479,7.599,0.88,9,64,,train,0.3999999999999999,1,1.0,train,train,train,valid,train,train,train,train,test,test,0.26147962
2849,2020_Townsend,CC(C)C[C@@H]1NC(=O)[C@H](C)NC(=O)[C@H](Cc2ccccc2)NC(=O)[C@@H](CC(C)C)NC(=O)[C@@H]2CCCN2C(=O)[C@@H](CC(C)C)N(C)C1=O,hexa_335,2849,-6.1,6,6,Circle,0.116856,0.0385193,-23.7745,7.967,6.878,1.089,0.143992,0.0302871,7.613,6.553,1.06,52,54,,train,-0.0499999999999998,0,0.0,train,train,test,train,test,train,train,train,test,valid,0.09706492
2812,2020_Townsend,CCCN1CC(=O)N[C@H](CC(C)C)C(=O)N(Cc2ccccc2)CC(=O)N2CCC[C@H]2C(=O)N(C)[C@H](CC(C)C)C(=O)N[C@@H](Cc2ccccc2)C1=O,hexa_298,2812,-5.24,6,6,Circle,0.16014,0.0416743,-26.6075,8.637,7.62,1.017,0.158006,0.04323,8.75,7.756,0.994,27,15,,train,0.3799999999999999,1,1.0,train,train,train,train,train,train,valid,train,test,train,0.37604833
2799,2020_Townsend,CCCN1CC(=O)N(C)[C@H](CC(C)C)C(=O)N[C@@H](CC(C)C)C(=O)N2CCC[C@H]2C(=O)N(C)[C@@H](CC(C)C)C(=O)N[C@@H](Cc2ccccc2)C1=O,hexa_285,2799,-4.74,6,6,Circle,0.150129,0.0481895,-15.5282,8.585,7.736,0.849,0.100872,0.0302467,8.302,7.483,0.819,77,24,,train,0.6299999999999999,1,1.0,train,test,train,test,train,train,valid,train,test,valid,0.57802224
2798,2020_Townsend,CCCN1CC(=O)N(C)[C@@H](CC(C)C)C(=O)N(C)[C@H](CC(C)C)C(=O)N2CCC[C@H]2C(=O)N[C@@H](CC(C)C)C(=O)N[C@@H](Cc2ccccc2)C1=O,hexa_284,2798,-4.71,6,6,Circle,0.139947,0.0454735,-18.7232,8.481,7.604,0.877,0.146151,0.0474551,8.456,7.59,0.866,84,67,,train,0.645,1,1.0,train,train,train,train,train,train,train,train,test,train,0.4270432
2788,2020_Townsend,CCCN1CC(=O)N(C)[C@H](CC(C)C)C(=O)N[C@H](CC(C)C)C(=O)N2CCC[C@H]2C(=O)N(C)[C@H](CC(C)C)C(=O)N[C@@H](Cc2ccccc2)C1=O,hexa_274,2788,-4.82,6,6,Circle,0.130093,0.0442285,-22.7997,8.867,7.751,1.116,0.170221,0.0471558,8.596,7.643,0.953,41,87,,train,0.5899999999999999,1,1.0,train,test,train,train,train,train,train,train,test,train,0.5188554
2781,2020_Townsend,CCCN1CC(=O)N[C@H](CC(C)C)C(=O)N[C@@H](CC(C)C)C(=O)N2CCC[C@H]2C(=O)N(C)[C@@H](CC(C)C)C(=O)N[C@@H](Cc2ccccc2)C1=O,hexa_267,2781,-5.0,6,6,Circle,0.134214,0.0480245,-19.3684,8.49,7.375,1.115,0.150307,0.0578505,8.469,7.331,1.138,34,39,,test,0.5,1,1.0,test,train,train,train,train,train,train,train,test,train,0.42006952
2776,2020_Townsend,CCCN1CC(=O)N(C)[C@H](CC(C)C)C(=O)N[C@H](CC(C)C)C(=O)N2CCC[C@H]2C(=O)N[C@H](CC(C)C)C(=O)N[C@@H](Cc2ccccc2)C1=O,hexa_262,2776,-4.89,6,6,Circle,0.174286,0.0658777,-28.604,8.689,7.504,1.185,0.173204,0.056695,8.509,7.438,1.071,19,56,,train,0.5550000000000002,1,1.0,train,test,train,valid,test,valid,valid,train,test,train,0.3021242
2771,2020_Townsend,CCCN1CC(=O)N[C@@H](CC(C)C)C(=O)N[C@H](CC(C)C)C(=O)N2CCC[C@H]2C(=O)N[C@H](CC(C)C)C(=O)N[C@@H](Cc2ccccc2)C1=O,hexa_257,2771,-5.73,6,6,Circle,0.166567,0.0665571,-31.1388,8.618,7.277,1.341,0.137802,0.0404461,8.214,7.102,1.112,79,3,,train,0.1349999999999998,1,1.0,train,train,valid,train,train,train,train,train,test,valid,0.22095795
2766,2020_Townsend,CCCN1CC(=O)N(C)[C@@H](CC(C)C)C(=O)N[C@@H](Cc2ccccc2)CC(=O)N2CCC[C@@H]2C(=O)N(C)[C@@H](CC(C)C)C(=O)N[C@@H](Cc2ccccc2)C1=O,hexa_252,2766,-5.28,6,6,Circle,0.159386,0.036974,-19.1351,8.658,7.63,1.028,0.167708,0.0720809,8.777,7.774,1.003,22,60,,train,0.3599999999999999,1,1.0,train,valid,train,train,train,train,train,train,test,train,0.43293768
2757,2020_Townsend,CCCN1CC(=O)N(C)[C@@H](CC(C)C)C(=O)N(C)[C@H](CC(C)C)C(=O)N2CCC[C@@H]2C(=O)N(Cc2ccccc2)CC(=O)N[C@@H](Cc2ccccc2)C1=O,hexa_243,2757,-5.1,6,6,Circle,0.250852,0.104769,-25.3046,8.73,7.809,0.921,0.138929,0.0328957,8.656,7.725,0.931,41,100,,test,0.4500000000000002,1,1.0,test,train,train,train,train,train,train,train,test,valid,0.41393375
2731,2020_Townsend,CCCN1CC(=O)N[C@H](CC(C)C)C(=O)N[C@@H](CC(C)C)C(=O)N2CCC[C@@H]2C(=O)N(Cc2ccccc2)CC(=O)N[C@@H](Cc2ccccc2)C1=O,hexa_217,2731,-5.01,6,6,Circle,0.223208,0.0829016,-27.4547,8.511,7.36,1.151,0.143818,0.0419267,8.332,7.307,1.025,83,81,,test,0.4950000000000001,1,1.0,test,train,train,train,train,valid,train,train,test,train,0.31660217
2717,2020_Townsend,CCCN1CC(=O)N(C)[C@H](CC(C)C)C(=O)N(C)[C@@H](CC(C)C)C(=O)N2CCC[C@@H]2C(=O)N[C@H](CC(C)C)C(=O)N[C@@H](Cc2ccccc2)C1=O,hexa_203,2717,-5.04,6,6,Circle,0.146347,0.04368,-22.0378,8.461,7.32,1.141,0.15987,0.0639083,8.659,7.604,1.055,29,44,,train,0.48,1,1.0,train,train,train,train,test,train,train,train,test,train,0.3945428
2710,2020_Townsend,CCCN1CC(=O)N(C)[C@@H](CC(C)C)C(=O)N[C@@H](CC(C)C)C(=O)N2CCC[C@@H]2C(=O)N[C@H](CC(C)C)C(=O)N[C@@H](Cc2ccccc2)C1=O,hexa_196,2710,-5.0,6,6,Circle,0.160149,0.0578391,-21.4955,8.766,7.615,1.151,0.15965,0.0472477,8.374,7.375,0.999,98,48,,train,0.5,1,1.0,train,train,train,train,test,valid,train,test,test,train,0.3516823
2700,2020_Townsend,CCCN1CC(=O)N(C)[C@H](CC(C)C)C(=O)N[C@H](CC(C)C)C(=O)N2CCC[C@@H]2C(=O)N[C@@H](CC(C)C)C(=O)N[C@@H](Cc2ccccc2)C1=O,hexa_186,2700,-5.3,6,6,Circle,0.153656,0.0403328,-18.3754,8.374,7.336,1.038,0.186757,0.0744877,8.278,7.282,0.996,28,99,,train,0.3500000000000001,1,1.0,train,train,test,train,train,train,train,train,test,valid,0.2846347
2694,2020_Townsend,CCCN1CC(=O)N[C@H](CC(C)C)C(=O)N[C@@H](CC(C)C)C(=O)N2CCC[C@@H]2C(=O)N[C@H](CC(C)C)C(=O)N[C@@H](Cc2ccccc2)C1=O,hexa_180,2694,-5.18,6,6,Circle,0.199279,0.0794311,-26.2509,8.373,7.099,1.274,0.140842,0.04142,8.119,7.16,0.959,14,92,,train,0.4100000000000001,1,1.0,train,train,train,train,train,valid,test,train,test,train,0.20797382
2691,2020_Townsend,CCCN1CC(=O)N[C@H](CC(C)C)C(=O)N[C@H](CC(C)C)C(=O)N2CCC[C@@H]2C(=O)N[C@H](CC(C)C)C(=O)N[C@@H](Cc2ccccc2)C1=O,hexa_177,2691,-4.93,6,6,Circle,0.133803,0.0471078,-29.4568,8.301,7.015,1.286,0.135372,0.0400697,8.475,7.275,1.2,95,55,,train,0.5350000000000001,1,1.0,train,train,train,train,train,train,train,train,test,train,0.09697579
2685,2020_Townsend,CC(C)C[C@H]1C(=O)N(Cc2ccccc2)CC(=O)N2CCC[C@H]2C(=O)N(Cc2ccccc2)CC(=O)N[C@@H](Cc2ccccc2)C(=O)N[C@@H](Cc2ccccc2)CC(=O)N1C,hexa_171,2685,-5.46,6,6,Circle,0.175216,0.0593953,-23.565,8.854,7.845,1.009,0.190642,0.0386646,8.81,7.732,1.078,16,3,,train,0.27,1,1.0,train,test,train,train,train,train,train,train,test,train,0.20229916
2671,2020_Townsend,CC(C)C[C@H]1C(=O)N[C@@H](Cc2ccccc2)C(=O)N[C@@H](Cc2ccccc2)CC(=O)N(C)[C@H](CC(C)C)C(=O)N(Cc2ccccc2)CC(=O)N2CCC[C@H]2C(=O)N1C,hexa_157,2671,-5.43,6,6,Circle,0.177305,0.0514573,-20.9077,9.117,8.167,0.95,0.171568,0.0516519,9.062,8.181,0.881,69,2,,train,0.2850000000000001,1,1.0,train,train,test,train,valid,train,train,valid,test,train,0.34480256
2670,2020_Townsend,CC(C)C[C@@H]1NC(=O)[C@@H]2CCCN2C(=O)C[C@H](Cc2ccccc2)NC(=O)[C@@H](CC(C)C)N(C)C(=O)C[C@H](Cc2ccccc2)NC(=O)[C@H](Cc2ccccc2)NC1=O,hexa_156,2670,-5.72,6,6,Circle,0.157454,0.0420677,-38.6272,9.692,8.503,1.189,0.185581,0.0650073,9.393,8.36,1.033,29,60,,train,0.1400000000000001,1,1.0,train,train,train,train,train,train,train,train,test,train,0.2236208
2662,2020_Townsend,CC(C)C[C@@H]1NC(=O)[C@@H]2CCCN2C(=O)CN(Cc2ccccc2)C(=O)[C@H](CC(C)C)N(C)C(=O)C[C@H](Cc2ccccc2)NC(=O)[C@H](Cc2ccccc2)NC1=O,hexa_148,2662,-5.69,6,6,Circle,0.165735,0.0348749,-26.7625,8.822,7.65,1.172,0.186966,0.0450683,8.688,7.669,1.019,66,95,,train,0.1549999999999998,1,1.0,train,train,train,train,train,test,test,train,test,train,0.20342341
2650,2020_Townsend,CC(C)C[C@H]1C(=O)N[C@@H](Cc2ccccc2)C(=O)N[C@@H](Cc2ccccc2)CC(=O)N(C)[C@H](CC(C)C)C(=O)N(C)[C@@H](CC(C)C)C(=O)N2CCC[C@H]2C(=O)N1C,hexa_136,2650,-5.19,6,6,Circle,0.160627,0.0486376,-23.1615,9.047,8.192,0.855,0.148453,0.0423631,9.069,8.238,0.831,61,87,,train,0.4049999999999998,1,1.0,train,train,train,valid,train,train,train,test,test,train,0.4507897
2636,2020_Townsend,CC(C)C[C@@H]1NC(=O)[C@@H]2CCCN2C(=O)CN(Cc2ccccc2)C(=O)[C@@H](CC(C)C)NC(=O)C[C@H](Cc2ccccc2)NC(=O)[C@H](Cc2ccccc2)NC1=O,hexa_122,2636,-5.55,6,6,Circle,0.186336,0.0515156,-34.0541,9.171,7.988,1.183,0.154312,0.0391485,8.824,7.753,1.071,80,99,,train,0.2250000000000001,1,1.0,train,train,train,train,train,train,valid,train,test,train,0.18854116
2596,2020_Townsend,CC(C)C[C@@H]1NC(=O)[C@@H](CC(C)C)NC(=O)C[C@H](Cc2ccccc2)NC(=O)[C@H](Cc2ccccc2)NC(=O)[C@@H](CC(C)C)NC(=O)[C@@H]2CCCN2C1=O,hexa_82,2596,-5.92,6,6,Circle,0.138682,0.0495493,-27.1414,8.824,7.598,1.226,0.163371,0.043366,8.691,7.534,1.157,68,93,,val,0.04,1,1.0,valid,train,train,test,train,valid,train,train,test,valid,0.26991665
2588,2020_Townsend,CC(C)C[C@H]1NC(=O)C[C@H](Cc2ccccc2)NC(=O)[C@H](Cc2ccccc2)NC(=O)CN(Cc2ccccc2)C(=O)[C@H]2CCCN2C(=O)C[C@H](Cc2ccccc2)NC1=O,hexa_74,2588,-5.76,6,6,Circle,0.233822,0.0492208,-37.3818,9.726,8.501,1.225,0.177512,0.040779,9.691,8.358,1.333,87,91,,train,0.1200000000000001,1,1.0,train,train,test,test,valid,test,test,train,test,train,0.09077047
2563,2020_Townsend,CC(C)C[C@H]1NC(=O)[C@H]2CCCN2C(=O)CN(Cc2ccccc2)C(=O)[C@@H](CC(C)C)N(C)C(=O)C[C@H](Cc2ccccc2)NC(=O)[C@H](Cc2ccccc2)NC1=O,hexa_49,2563,-5.63,6,6,Circle,0.167198,0.0499204,-28.7868,8.719,7.838,0.881,0.180628,0.0402678,9.478,8.243,1.235,8,23,,train,0.185,1,1.0,train,train,train,train,train,train,train,train,test,test,0.26219502
2562,2020_Townsend,CC(C)C[C@H]1NC(=O)C[C@H](Cc2ccccc2)NC(=O)[C@H](Cc2ccccc2)NC(=O)[C@@H](CC(C)C)NC(=O)[C@H]2CCCN2C(=O)C[C@H](Cc2ccccc2)NC1=O,hexa_48,2562,-5.3,6,6,Circle,0.204657,0.0566182,-33.3687,9.085,7.948,1.137,0.169046,0.0495722,9.301,8.158,1.143,49,3,,train,0.3500000000000001,1,1.0,train,train,train,train,train,train,train,train,test,valid,0.2087334
2555,2020_Townsend,CC(C)C[C@@H]1NC(=O)C[C@H](Cc2ccccc2)NC(=O)[C@H](Cc2ccccc2)NC(=O)[C@H](CC(C)C)N(C)C(=O)[C@H]2CCCN2C(=O)[C@H](CC(C)C)N(C)C1=O,hexa_41,2555,-5.09,6,6,Circle,0.157698,0.0400106,-22.9319,8.996,8.041,0.955,0.14304,0.0433966,8.919,7.958,0.961,33,73,,train,0.455,1,1.0,train,train,valid,train,train,train,train,train,test,valid,0.33494473
2529,2020_Townsend,CC(C)C[C@@H]1NC(=O)[C@@H](CC(C)C)NC(=O)C[C@H](Cc2ccccc2)NC(=O)[C@H](Cc2ccccc2)NC(=O)[C@@H](CC(C)C)N(C)C(=O)[C@H]2CCCN2C1=O,hexa_15,2529,-5.38,6,6,Circle,0.18397,0.0629755,-19.3078,9.035,7.847,1.188,0.153044,0.0478187,8.754,7.72,1.034,58,27,,train,0.31,1,1.0,train,train,train,train,train,train,train,train,test,train,0.38465178
2520,2020_Townsend,CC(C)C[C@@H]1NC(=O)C[C@H](Cc2ccccc2)NC(=O)[C@H](Cc2ccccc2)NC(=O)[C@@H](CC(C)C)NC(=O)[C@H]2CCCN2C(=O)[C@H](CC(C)C)NC1=O,hexa_6,2520,-4.85,6,6,Circle,0.180314,0.0456934,-23.392,8.92,7.861,1.059,0.201065,0.0544421,8.96,7.897,1.063,22,58,,train,0.5750000000000002,1,1.0,train,valid,train,train,train,train,train,train,test,train,0.28097242
2363,2018_Naylor,CC(C)C[C@@H]1NC(=O)[C@H](CC(C)C)N(C)C(=O)[C@@H](CC(C)C)N(C)C(=O)[C@H](CC(C)C)NC(=O)[C@H](Cc2ccccc2)N(C)C(=O)[C@@H](C)N(C)C1=O,1NMe3-5Ala6F(70),2363,-6.34,6,6,Circle,0.153085,0.0537203,-22.8571,8.953,7.783,1.17,0.137536,0.0383322,9.022,8.085,0.937,41,65,,train,-0.1699999999999999,0,0.0,train,train,train,train,train,train,valid,train,test,train,0.6332023
2336,2018_Naylor,CC[C@@H]1NC(=O)[C@@H](CC)NC(=O)[C@H](CC(C)C)NC(=O)[C@H](Cc2ccccc2)NC(=O)[C@H]2CCCN2C(=O)[C@H](CC(C)C)NC1=O,1NMe3perNH-23Abu6F(42),2336,-5.87,6,6,Circle,0.15626,0.0526695,-26.7472,7.882,6.649,1.233,0.143516,0.0343623,7.827,6.662,1.165,24,6,,train,0.0649999999999999,1,1.0,train,train,valid,train,train,test,train,train,test,train,0.14888845
2334,2018_Naylor,CC(C)C[C@@H]1NC(=O)[C@H](Cc2ccccc2)NC(=O)[C@H]2CCCN2C(=O)[C@H](CC(C)C)NC(=O)[C@H](C)NC(=O)[C@@H](C)NC1=O,1NMe3perNH-23Ala6F(40),2334,-6.14,6,6,Circle,0.126227,0.0557634,-37.218,7.724,6.269,1.455,0.134728,0.0499978,7.494,6.304,1.19,60,11,-8.0,test,-0.0699999999999998,0,0.0,train,train,test,train,train,train,test,train,test,train,-0.14229016
1791,2016_Furukawa,CCCC[C@@H]1NC(=O)[C@@H](CC(C)C)N(C)C(=O)CN(CC2CCCCC2)C(=O)[C@@H](C)NC(=O)CN(CCCOC(C)C)C(=O)[C@H]2CCCN2C1=O,2.8-06Me,1791,-5.09,6,6,Circle,0.150261,0.050172,-21.7198,8.529,7.42,1.109,0.118398,0.0338918,8.568,7.543,1.025,34,19,,train,0.455,1,1.0,train,train,train,train,test,train,train,train,test,train,0.4544729
1786,2016_Furukawa,CCCCCN1CC(=O)N(C)[C@H](CC(C)C)C(=O)N[C@@H](CCCC)C(=O)N2CCC[C@@H]2C(=O)N(CC)CC(=O)N[C@H](C)C1=O,2.8-01Me,1786,-5.99,6,6,Circle,0.106152,0.0385433,-26.4022,7.391,6.246,1.145,0.116889,0.0394242,7.472,6.315,1.157,94,91,,test,0.0049999999999998,1,1.0,test,train,train,train,train,test,train,test,test,train,0.12162032
1784,2016_Furukawa,CCCC[C@@H]1NC(=O)[C@@H](CC(C)C)NC(=O)CN(CC2CCCCC2)C(=O)[C@@H](Cc2ccccc2)NC(=O)CN(Cc2ccc3c(c2)OCO3)C(=O)[C@@H]2CCCN2C1=O,2.7-17H,1784,-5.33,6,6,Circle,0.159688,0.0382424,-28.2997,9.467,8.058,1.409,0.188648,0.0444554,9.349,7.915,1.434,38,31,,train,0.3349999999999999,1,1.0,train,train,valid,train,valid,train,train,train,test,train,0.029301057
1761,2016_Furukawa,CCCC[C@@H]1NC(=O)[C@@H](CC(C)C)N(C)C(=O)CN(CC2CCOCC2)C(=O)[C@@H](C)NC(=O)CN(Cc2ccc3c(c2)OCO3)C(=O)[C@@H]2CCCN2C1=O,2.7-12Me,1761,-6.64,6,6,Circle,0.16059,0.0544661,-31.9776,8.786,7.324,1.462,0.165469,0.0362618,9.022,7.511,1.511,67,98,,train,-0.3199999999999998,0,0.0,train,train,test,train,train,train,train,train,test,train,-0.061492816
1757,2016_Furukawa,CCCC[C@@H]1NC(=O)[C@@H](CC(C)C)N(C)C(=O)CN(CC2CCCCC2)C(=O)[C@@H](Cc2ccccc2)NC(=O)CN(CC)C(=O)[C@@H]2CCCN2C1=O,2.7-08Me,1757,-4.9,6,6,Circle,0.119766,0.0398513,-20.2847,8.749,7.669,1.08,0.113997,0.0316735,8.737,7.662,1.075,51,30,,train,0.5499999999999998,1,1.0,train,train,train,train,valid,train,train,train,test,train,0.34721613
1733,2016_Furukawa,CCCC[C@@H]1NC(=O)[C@@H](CC(C)C)NC(=O)CN(CC2CCCCC2)C(=O)[C@H](C)NC(=O)CN(CC)C(=O)[C@H]2CCCN2C1=O,2.6-02H,1733,-5.58,6,6,Circle,0.111836,0.0453752,-20.4815,7.659,6.454,1.205,0.114021,0.0456882,7.667,6.477,1.19,31,2,,train,0.2099999999999999,1,1.0,train,valid,train,valid,train,train,train,train,test,train,0.27956074
1732,2016_Furukawa,CCCCCN1CC(=O)N[C@H](CC(C)C)C(=O)N[C@@H](CCCC)C(=O)N2CCC[C@@H]2C(=O)N(CC)CC(=O)N[C@@H](C)C1=O,2.6-01H,1732,-5.99,6,6,Circle,0.165559,0.0697754,-20.8834,7.496,6.238,1.258,0.132387,0.0538242,7.573,6.341,1.232,39,100,,train,0.0049999999999998,1,1.0,train,train,test,train,train,train,train,test,test,train,-0.07165303
1718,2016_Furukawa,CCCCCN1CC(=O)N(C)[C@H](CC(C)C)C(=O)N[C@@H](CCCC)C(=O)N2CCC[C@@H]2C(=O)N(CC)CC(=O)N[C@@H](Cc2ccccc2)C1=O,2.6-05Me,1718,-5.11,6,6,Circle,0.14766,0.0451852,-22.1856,8.365,7.283,1.082,0.142444,0.0486815,8.48,7.401,1.079,82,25,,train,0.4449999999999998,1,1.0,train,train,test,train,train,test,train,train,test,train,0.4203335
1682,2016_Furukawa,CCCCCN1CC(=O)N(C)[C@H](CC(C)C)C(=O)N[C@@H](CCCC)C(=O)N2CCC[C@H]2C(=O)N(CC)CC(=O)N[C@@H](Cc2ccccc2)C1=O,2.5-05Me,1682,-4.85,6,6,Circle,0.158906,0.051317,-17.347,8.646,7.694,0.952,0.15009,0.035302,8.409,7.512,0.897,11,10,,train,0.5750000000000002,1,1.0,train,train,train,test,train,train,train,test,test,train,0.41929668
1681,2016_Furukawa,CCCCCN1CC(=O)N(C)[C@H](CC(C)C)C(=O)N[C@@H](CCCC)C(=O)N2CCC[C@H]2C(=O)N(CCCOC(C)C)CC(=O)N[C@@H](C)C1=O,2.5-04Me,1681,-4.91,6,6,Circle,0.166559,0.0490031,-18.1413,8.798,7.707,1.091,0.10954,0.0359135,8.101,7.229,0.872,82,97,,train,0.5449999999999999,1,1.0,train,train,train,train,train,train,valid,train,test,train,0.28630698
1666,2016_Furukawa,CCCC[C@@H]1NC(=O)[C@H](CC(C)C)NC(=O)CN(CC2CCOCC2)C(=O)[C@@H](C)NC(=O)CN(CCCOC(C)C)C(=O)[C@H]2CCCN2C1=O,2.4-07H,1666,-7.84,6,6,Circle,0.136373,0.0460033,-26.1863,8.028,6.72,1.308,0.0930614,0.0304638,7.902,6.637,1.265,23,21,,val,-0.92,0,0.0,valid,train,test,train,train,train,train,train,test,train,-0.6549071
1648,2016_Furukawa,CCCC[C@@H]1NC(=O)[C@H](CC(C)C)N(C)C(=O)CN(CC2CCOCC2)C(=O)[C@@H](C)NC(=O)CN(CCCOC(C)C)C(=O)[C@H]2CCCN2C1=O,2.4-07Me,1648,-7.33,6,6,Circle,0.144838,0.0764304,-27.3496,8.057,6.759,1.298,0.16615,0.0531887,8.611,7.292,1.319,36,25,,train,-0.665,0,0.0,train,train,train,train,train,train,valid,train,test,train,-0.44302285
1631,2016_Furukawa,CCCC[C@@H]1NC(=O)[C@H](CC(C)C)NC(=O)CN(CC2CCCCC2)C(=O)[C@@H](Cc2ccccc2)NC(=O)CN(CC)C(=O)[C@@H]2CCCN2C1=O,2.3-08H,1631,-5.28,6,6,Circle,0.205872,0.08055,-25.3315,8.52,7.288,1.232,0.148303,0.0338724,8.499,7.309,1.19,61,7,,train,0.3599999999999999,1,1.0,train,train,train,train,train,train,train,train,test,train,0.3415814
1609,2016_Furukawa,CCCCCN1CC(=O)N(C)[C@@H](CC(C)C)C(=O)N[C@@H](CCCC)C(=O)N2CCC[C@H]2C(=O)N(CCCOC(C)C)CC(=O)N[C@H](C)C1=O,2.3-04Me,1609,-5.23,6,6,Circle,0.172852,0.0342612,-18.898,8.985,7.7,1.285,0.150129,0.0308829,8.853,7.606,1.247,51,84,,test,0.3849999999999998,1,1.0,test,train,train,train,train,train,train,train,test,train,0.31193626
1604,2016_Furukawa,CCCC[C@@H]1NC(=O)[C@H](CC(C)C)NC(=O)CN(CC2CCCCC2)C(=O)[C@H](Cc2ccccc2)NC(=O)CN(Cc2ccc3c(c2)OCO3)C(=O)[C@H]2CCCN2C1=O,2.2-18H,1604,-5.71,6,6,Circle,0.156341,0.0542141,-24.0887,9.114,7.57,1.544,0.156691,0.044153,9.059,7.588,1.471,39,10,,train,0.145,1,1.0,train,test,test,test,train,train,test,train,test,train,-0.17464475
1603,2016_Furukawa,CCCCCN1CC(=O)N[C@@H](CC(C)C)C(=O)N[C@@H](CCCC)C(=O)N2CCC[C@@H]2C(=O)N(Cc2ccc3c(c2)OCO3)CC(=O)N[C@@H](Cc2ccccc2)C1=O,2.2-17H,1603,-5.24,6,6,Circle,0.14307,0.0451348,-27.9792,9.231,7.885,1.346,0.160424,0.0394946,8.992,7.493,1.499,73,60,,train,0.3799999999999999,1,1.0,train,train,train,train,train,train,train,train,test,train,0.2253865
1598,2016_Furukawa,CCCC[C@@H]1NC(=O)[C@H](CC(C)C)NC(=O)CN(CC2CCCCC2)C(=O)[C@H](C)NC(=O)CN(Cc2ccc3c(c2)OCO3)C(=O)[C@H]2CCCN2C1=O,2.2-12H,1598,-5.1,6,6,Circle,0.134827,0.0557919,-31.0774,8.786,7.386,1.4,0.145469,0.0354339,8.307,6.801,1.506,53,54,,train,0.4500000000000002,1,1.0,train,test,train,train,valid,train,train,train,test,valid,0.49038136
1596,2016_Furukawa,CCCC[C@@H]1NC(=O)[C@H](CC(C)C)NC(=O)CN(CC2CCOCC2)C(=O)[C@H](Cc2ccccc2)NC(=O)CN(CC)C(=O)[C@H]2CCCN2C1=O,2.2-10H,1596,-5.95,6,6,Circle,0.151761,0.0534562,-23.2328,8.334,7.08,1.254,0.165715,0.0678067,8.285,7.102,1.183,85,86,,train,0.0249999999999999,1,1.0,train,train,valid,test,train,train,train,train,test,valid,0.0007828772
1595,2016_Furukawa,CCCC[C@@H]1NC(=O)[C@H](CC(C)C)NC(=O)CN(CC2CCCCC2)C(=O)[C@H](Cc2ccccc2)NC(=O)CN(CC)C(=O)[C@H]2CCCN2C1=O,2.2-09H,1595,-4.96,6,6,Circle,0.156656,0.0493292,-19.9394,8.413,7.295,1.118,0.150412,0.0375664,8.376,7.257,1.119,41,77,,train,0.52,1,1.0,train,train,train,train,train,train,valid,train,test,train,0.4646694
1588,2016_Furukawa,CCCCCN1CC(=O)N[C@@H](CC(C)C)C(=O)N[C@@H](CCCC)C(=O)N2CCC[C@@H]2C(=O)N(CC)CC(=O)N[C@@H](C)C1=O,2.2-02H,1588,-6.52,6,6,Circle,0.146374,0.0568385,-20.4141,7.581,6.373,1.208,0.120665,0.0451766,7.526,6.365,1.161,2,38,,train,-0.2599999999999998,0,0.0,train,train,train,train,train,train,train,train,test,train,-0.084144756
1584,2016_Furukawa,CCCC[C@@H]1NC(=O)[C@H](CC(C)C)N(C)C(=O)CN(CC2CCOCC2)C(=O)[C@H](Cc2ccccc2)NC(=O)CN(CCCOC(C)C)C(=O)[C@H]2CCCN2C1=O,2.2-15Me,1278,-5.0,6,6,Circle,0.159867,0.0512912,-17.777,8.942,7.828,1.114,0.167011,0.0471186,8.932,7.836,1.096,19,80,,train,0.5,1,1.0,train,train,train,train,train,train,train,train,test,train,0.37571532
1582,2016_Furukawa,CCCCCN1CC(=O)N(C)[C@@H](CC(C)C)C(=O)N[C@@H](CCCC)C(=O)N2CCC[C@@H]2C(=O)N(CCCOC(C)C)CC(=O)N[C@@H](Cc2ccccc2)C1=O,2.2-13Me,1270,-5.48,6,6,Circle,0.160825,0.046953,-13.989,8.986,8.065,0.921,0.144267,0.0417903,9.141,8.125,1.016,58,77,,train,0.2599999999999998,1,1.0,train,train,train,train,valid,valid,train,train,test,test,0.4946161
1570,2016_Furukawa,CCCCCN1CC(=O)N(C)[C@@H](CC(C)C)C(=O)N[C@@H](CCCC)C(=O)N2CCC[C@@H]2C(=O)N(CC)CC(=O)N[C@@H](C)C1=O,2.2-01Me,1135,-5.4,6,6,Circle,0.135029,0.0534357,-16.3872,7.692,6.548,1.144,0.114078,0.0380935,7.634,6.522,1.112,46,28,,test,0.2999999999999998,1,1.0,test,test,valid,train,test,train,train,train,test,train,0.34835595
1569,2016_Furukawa,CCCC[C@@H]1NC(=O)[C@H](CC(C)C)NC(=O)CN(CC2CCOCC2)C(=O)[C@H](Cc2ccccc2)NC(=O)CN(Cc2ccc3c(c2)OCO3)C(=O)[C@@H]2CCCN2C1=O,2.1-18H,1569,-5.34,6,6,Circle,0.161978,0.04335,-29.3462,8.93,7.614,1.316,0.161575,0.0322353,9.268,7.835,1.433,76,88,,train,0.33,1,1.0,train,train,train,test,test,train,train,valid,test,train,0.3186319
1568,2016_Furukawa,CCCC[C@@H]1NC(=O)[C@H](CC(C)C)NC(=O)CN(CC2CCCCC2)C(=O)[C@H](Cc2ccccc2)NC(=O)CN(Cc2ccc3c(c2)OCO3)C(=O)[C@@H]2CCCN2C1=O,2.1-17H,1568,-5.41,6,6,Circle,0.205915,0.0442226,-26.0496,9.11,7.893,1.217,0.211842,0.0453926,9.42,8.106,1.314,4,96,-6.09,test,0.2949999999999999,1,1.0,train,train,train,train,train,train,train,train,test,train,-0.080877006
1560,2016_Furukawa,CCCC[C@@H]1NC(=O)[C@H](CC(C)C)NC(=O)CN(CC2CCOCC2)C(=O)[C@H](Cc2ccccc2)NC(=O)CN(CC)C(=O)[C@@H]2CCCN2C1=O,2.1-09H,1560,-6.37,6,6,Circle,0.1477,0.0485402,-37.3952,8.54,7.147,1.393,0.124211,0.041595,8.378,7.17,1.208,43,27,,val,-0.185,0,0.0,valid,train,train,train,train,train,train,train,test,train,-0.13155763
1539,2016_Furukawa,CCCC[C@@H]1NC(=O)[C@H](CC(C)C)N(C)C(=O)CN(CC2CCCCC2)C(=O)[C@H](C)NC(=O)CN(CCCOC(C)C)C(=O)[C@@H]2CCCN2C1=O,2.1-06Me,1539,-4.83,6,6,Circle,0.17322,0.0550418,-19.1825,8.834,7.714,1.12,0.157305,0.0560797,8.56,7.518,1.042,32,75,,train,0.585,1,1.0,train,train,train,train,train,train,train,valid,test,train,0.37241614
1533,2016_Furukawa,CCCC[C@@H]1NC(=O)[C@H](CC(C)C)N(C)C(=O)CN(CCCN2CCCC2=O)C(=O)[C@H](Cc2ccc3ccccc3c2)NC(=O)CN(Cc2ccccc2Cn2cccn2)C(=O)[C@H]2CCCN2C1=O,1.10-40,1533,-6.06,6,6,Circle,0.197624,0.0480324,-29.2381,10.127,8.846,1.281,0.176636,0.0512132,10.391,9.115,1.276,73,42,,val,-0.0299999999999998,0,0.0,valid,train,train,valid,valid,train,train,train,test,train,-0.05307635
1528,2016_Furukawa,CCCC[C@@H]1NC(=O)[C@H](CC(C)C)N(C)C(=O)CN(CC2CCOCC2)C(=O)[C@H](Cc2ccc3ccccc3c2)NC(=O)CN(Cc2ccccc2Cn2cccn2)C(=O)[C@H]2CCCN2C1=O,1.10-35,1528,-6.29,6,6,Circle,0.200827,0.0792364,-26.3971,9.926,8.763,1.163,0.120315,0.0409994,10.051,8.905,1.146,48,69,,train,-0.145,0,0.0,train,test,train,test,train,train,train,train,test,train,-0.01298167
1524,2016_Furukawa,CCCC[C@@H]1NC(=O)[C@H](CC(C)C)N(C)C(=O)CN(CCCc2cnn(C)c2)C(=O)[C@H](Cc2ccccc2)NC(=O)CN(Cc2ccccc2Cn2cccn2)C(=O)[C@H]2CCCN2C1=O,1.10-31,1524,-5.68,6,6,Circle,0.217027,0.0603761,-31.1077,10.077,8.876,1.201,0.177687,0.051611,9.43,8.466,0.964,92,3,,train,0.1600000000000001,1,1.0,train,train,train,valid,train,train,train,train,test,train,0.20560838
1510,2016_Furukawa,CCCCCN1CC(=O)N(C)[C@@H](CC(C)C)C(=O)N[C@@H](CCCC)C(=O)N2CCC[C@@H]2C(=O)N(Cc2ccccc2Cn2cccn2)CC(=O)N[C@@H](Cc2ccccc2)C1=O,1.10-17,1510,-6.9,6,6,Circle,0.18131,0.0535226,-22.1592,9.636,8.576,1.06,0.190349,0.0476378,9.518,8.604,0.914,84,37,,train,-0.4500000000000002,0,0.0,train,train,train,train,train,train,train,train,test,train,0.08799902
1482,2016_Furukawa,CCCC[C@@H]1NC(=O)[C@H](CC(C)C)N(C)C(=O)CN(CCOc2ccccc2)C(=O)[C@H](Cc2ccccc2)NC(=O)CN(Cc2cc(CC(C)C)on2)C(=O)[C@H]2CCCN2C1=O,1.9-29,1482,-7.14,6,6,Circle,0.250918,0.0556615,-22.9501,9.722,8.438,1.284,0.254509,0.0499388,9.683,8.388,1.295,5,38,,train,-0.5699999999999998,0,0.0,train,valid,train,valid,train,train,train,train,test,train,-0.6311772
1481,2016_Furukawa,CCCC[C@@H]1NC(=O)[C@H](CC(C)C)N(C)C(=O)CN(CCCc2ccccc2)C(=O)[C@H](Cc2ccccc2)NC(=O)CN(Cc2cc(CC(C)C)on2)C(=O)[C@H]2CCCN2C1=O,1.9-28,1481,-7.34,6,6,Circle,0.245745,0.0505512,-21.6932,9.831,8.551,1.28,0.172302,0.0422817,9.291,8.188,1.103,2,45,,train,-0.6699999999999999,0,0.0,train,train,train,train,train,valid,test,train,test,valid,-0.7154609
1454,2016_Furukawa,CCCC[C@@H]1NC(=O)[C@H](CC(C)C)N(C)C(=O)CN(CCOC)C(=O)[C@H](C)NC(=O)CN(Cc2cc(CC(C)C)on2)C(=O)[C@H]2CCCN2C1=O,1.9-01,1454,-5.52,6,6,Circle,0.151118,0.0379494,-31.4414,8.692,7.145,1.547,0.136977,0.0466816,8.281,6.877,1.404,85,17,,train,0.2400000000000002,1,1.0,train,train,train,train,train,train,train,train,test,train,0.23934785
1452,2016_Furukawa,CCCC[C@@H]1NC(=O)[C@H](CC(C)C)N(C)C(=O)CN(CCCc2cnn(C)c2)C(=O)[C@H](Cc2ccc3ccccc3c2)NC(=O)CN(Cc2ccc3c(c2)OCO3)C(=O)[C@H]2CCCN2C1=O,1.8-39,1452,-7.6,6,6,Circle,0.14657,0.0401917,-25.7731,9.627,8.356,1.271,0.196979,0.0428607,9.423,8.239,1.184,60,39,,train,-0.7999999999999998,0,0.0,train,train,train,train,train,valid,train,train,test,train,-0.32048225
1417,2016_Furukawa,CCCC[C@@H]1NC(=O)[C@H](CC(C)C)N(C)C(=O)CN(CC2CCCCC2)C(=O)[C@H](C)NC(=O)CN(Cc2ccc3c(c2)OCO3)C(=O)[C@H]2CCCN2C1=O,1.8-04,1417,-5.25,6,6,Circle,0.141958,0.0371409,-22.1752,8.626,7.36,1.266,0.111127,0.0404979,8.469,7.234,1.235,22,55,,test,0.375,1,1.0,test,train,test,train,train,train,train,test,test,train,0.44716537
1415,2016_Furukawa,CCCCCN1CC(=O)N(C)[C@@H](CC(C)C)C(=O)N[C@@H](CCCC)C(=O)N2CCC[C@@H]2C(=O)N(Cc2ccc3c(c2)OCO3)CC(=O)N[C@@H](C)C1=O,1.8-02,1415,-4.86,6,6,Circle,0.128094,0.0412633,-22.1868,8.473,7.221,1.252,0.201808,0.04437,8.513,7.21,1.303,91,64,,train,0.5699999999999998,1,1.0,train,train,train,train,train,train,train,train,test,test,0.5090785
1407,2016_Furukawa,CCCC[C@@H]1NC(=O)[C@H](CC(C)C)N(C)C(=O)CN(CC2CCCCC2)C(=O)[C@H](Cc2ccc3ccccc3c2)NC(=O)CN(CCCCc2ccccc2)C(=O)[C@H]2CCCN2C1=O,1.7-34,1407,-8.84,6,6,Circle,0.204964,0.0393234,-19.3461,10.127,9.073,1.054,0.159504,0.0427253,9.792,8.899,0.893,57,83,,train,-1.0,0,0.0,train,valid,train,train,test,train,train,train,test,train,-1.2175326
1383,2016_Furukawa,CCCC[C@@H]1NC(=O)[C@H](CC(C)C)N(C)C(=O)CN(CCOc2ccccc2)C(=O)[C@H](C)NC(=O)CN(CCCCc2ccccc2)C(=O)[C@H]2CCCN2C1=O,1.7-10,1383,-6.26,6,6,Circle,0.226355,0.0544725,-24.5349,9.567,8.389,1.178,0.169161,0.0346531,8.901,7.891,1.01,3,22,,train,-0.1299999999999999,0,0.0,train,train,train,test,train,train,train,train,test,train,-0.048857808
1369,2016_Furukawa,CCCC[C@@H]1NC(=O)[C@H](CC(C)C)N(C)C(=O)CN(CCc2cccnc2)C(=O)[C@H](Cc2ccc3ccccc3c2)NC(=O)CN(Cc2ccc(Cl)cc2)C(=O)[C@H]2CCCN2C1=O,1.6-36,1369,-8.45,6,6,Circle,0.214506,0.050682,-25.6824,9.783,8.693,1.09,0.122915,0.0383634,9.866,8.815,1.051,38,62,,train,-1.0,0,0.0,train,valid,train,train,train,train,train,train,test,train,-0.6370486
1366,2016_Furukawa,CCCC[C@@H]1NC(=O)[C@H](CC(C)C)N(C)C(=O)CN(Cc2ccccc2)C(=O)[C@H](Cc2ccc3ccccc3c2)NC(=O)CN(Cc2ccc(Cl)cc2)C(=O)[C@H]2CCCN2C1=O,1.6-33,1366,-9.46,6,6,Circle,0.15645,0.0451081,-19.6438,9.431,8.448,0.983,0.142262,0.0372964,9.777,8.766,1.011,89,58,,train,-1.0,0,0.0,train,train,valid,train,train,train,train,test,test,train,-1.137506
1363,2016_Furukawa,CCCCCN1CC(=O)N(C)[C@@H](CC(C)C)C(=O)N[C@@H](CCCC)C(=O)N2CCC[C@@H]2C(=O)N(Cc2ccc(Cl)cc2)CC(=O)N[C@@H](Cc2ccc3ccccc3c2)C1=O,1.6-30,1363,-10.0,6,6,Circle,0.193875,0.0479768,-18.0751,9.63,8.608,1.022,0.123803,0.0371725,10.092,9.124,0.968,84,46,,train,-1.0,0,0.0,train,train,train,train,train,train,valid,train,test,train,-1.1550202
1361,2016_Furukawa,CCCC[C@@H]1NC(=O)[C@H](CC(C)C)N(C)C(=O)CN(CCCc2ccccc2)C(=O)[C@H](Cc2ccccc2)NC(=O)CN(Cc2ccc(Cl)cc2)C(=O)[C@H]2CCCN2C1=O,1.6-28,1361,-8.47,6,6,Circle,0.198493,0.0521916,-21.3978,9.414,8.416,0.998,0.241294,0.0482275,9.555,8.569,0.986,100,70,,train,-1.0,0,0.0,train,train,train,train,test,train,train,train,test,train,-0.9401825
1346,2016_Furukawa,CCCC[C@@H]1NC(=O)[C@H](CC(C)C)N(C)C(=O)CN(Cc2ccccc2)C(=O)[C@H](CC(C)C)NC(=O)CN(Cc2ccc(Cl)cc2)C(=O)[C@H]2CCCN2C1=O,1.6-13,1346,-6.63,6,6,Circle,0.195909,0.0617645,-22.8929,9.188,8.094,1.094,0.161337,0.0463819,8.796,7.829,0.967,100,27,,train,-0.3149999999999999,0,0.0,train,train,train,train,train,test,train,train,test,train,-0.5136889
1337,2016_Furukawa,CCCC[C@@H]1NC(=O)[C@H](CC(C)C)N(C)C(=O)CN(CC2CCCCC2)C(=O)[C@H](C)NC(=O)CN(Cc2ccc(Cl)cc2)C(=O)[C@H]2CCCN2C1=O,1.6-04,1337,-6.01,6,6,Circle,0.137868,0.0424552,-17.6985,8.669,7.579,1.09,0.190186,0.0449629,8.661,7.573,1.088,4,36,,train,-0.0049999999999998,0,0.0,train,train,train,train,valid,train,train,train,test,test,0.17189915
1322,2016_Furukawa,CCCC[C@@H]1NC(=O)[C@H](CC(C)C)N(C)C(=O)CN(CCOc2ccccc2)C(=O)[C@H](Cc2ccccc2)NC(=O)CN(CCN2CCOCC2)C(=O)[C@H]2CCCN2C1=O,1.5-29,1322,-5.76,6,6,Circle,0.21194,0.0549488,-28.3309,9.862,8.641,1.221,0.185486,0.0434057,9.558,8.398,1.16,49,17,,train,0.1200000000000001,1,1.0,train,test,train,train,train,train,train,test,test,train,0.17334673
1319,2016_Furukawa,CCCC[C@@H]1NC(=O)[C@H](CC(C)C)N(C)C(=O)CN(CCc2cccnc2)C(=O)[C@H](Cc2ccccc2)NC(=O)CN(CCN2CCOCC2)C(=O)[C@H]2CCCN2C1=O,1.5-26,1319,-6.65,6,6,Circle,0.187353,0.0567145,-29.6673,9.482,8.284,1.198,0.19115,0.0442645,9.152,7.995,1.157,57,40,,test,-0.3250000000000002,0,0.0,test,train,train,train,valid,train,train,train,test,train,-0.36931592
1313,2016_Furukawa,CCCC[C@@H]1NC(=O)[C@H](CC(C)C)N(C)C(=O)CN(CCOc2ccccc2)C(=O)[C@H](CC(C)C)NC(=O)CN(CCN2CCOCC2)C(=O)[C@H]2CCCN2C1=O,1.5-20,1313,-5.6,6,6,Circle,0.197558,0.0583664,-25.6564,9.545,8.318,1.227,0.160523,0.0415646,9.149,8.023,1.126,88,55,,train,0.2000000000000001,1,1.0,train,train,test,train,valid,train,train,train,test,train,0.21623316
1292,2016_Furukawa,CCCC[C@@H]1NC(=O)[C@H](CC(C)C)N(C)C(=O)CN(CCCc2cnn(C)c2)C(=O)[C@H](Cc2ccc3ccccc3c2)NC(=O)CN(CCCOC(C)C)C(=O)[C@H]2CCCN2C1=O,1.4-39,1292,-5.44,6,6,Circle,0.214573,0.047623,-21.3311,9.965,8.81,1.155,0.21119,0.0483695,10.032,8.921,1.111,30,3,,train,0.2799999999999998,1,1.0,train,train,train,test,train,train,train,train,test,train,0.3384115
1281,2016_Furukawa,CCCC[C@@H]1NC(=O)[C@H](CC(C)C)N(C)C(=O)CN(CCCc2ccccc2)C(=O)[C@H](Cc2ccccc2)NC(=O)CN(CCCOC(C)C)C(=O)[C@H]2CCCN2C1=O,1.4-28,1281,-5.86,6,6,Circle,0.191927,0.0404058,-21.6708,10.082,9.0,1.082,0.171645,0.0374858,9.189,8.356,0.833,31,90,,train,0.0699999999999998,1,1.0,train,test,test,train,train,train,test,train,test,train,0.2224353
1279,2016_Furukawa,CCCC[C@@H]1NC(=O)[C@H](CC(C)C)N(C)C(=O)CN(CCc2cccnc2)C(=O)[C@H](Cc2ccccc2)NC(=O)CN(CCCOC(C)C)C(=O)[C@H]2CCCN2C1=O,1.4-26,1279,-5.51,6,6,Circle,0.191865,0.0561816,-23.0377,9.475,8.413,1.062,0.192195,0.0432538,9.345,8.329,1.016,61,84,,train,0.2450000000000001,1,1.0,train,train,train,train,train,train,valid,train,test,train,0.29672712
1275,2016_Furukawa,CCCC[C@@H]1NC(=O)[C@H](CC(C)C)N(C)C(=O)CN(Cc2ccccc2)C(=O)[C@H](Cc2ccccc2)NC(=O)CN(CCCOC(C)C)C(=O)[C@H]2CCCN2C1=O,1.4-22,1275,-5.52,6,6,Circle,0.202957,0.0548125,-22.5991,9.579,8.511,1.068,0.16876,0.0407952,8.926,8.055,0.871,31,71,,train,0.2400000000000002,1,1.0,train,train,train,train,train,train,valid,train,test,train,0.37984246
1272,2016_Furukawa,CCCC[C@@H]1NC(=O)[C@H](CC(C)C)N(C)C(=O)CN(CCCc2ccccc2)C(=O)[C@H](CC(C)C)NC(=O)CN(CCCOC(C)C)C(=O)[C@H]2CCCN2C1=O,1.4-19,1272,-5.6,6,6,Circle,0.198087,0.0609623,-20.5591,9.65,8.536,1.114,0.181141,0.035055,9.188,8.286,0.902,74,75,,test,0.2000000000000001,1,1.0,test,train,test,train,train,train,train,train,test,train,0.36273235
1270,2016_Furukawa,CCCCCN1CC(=O)N(C)[C@@H](CC(C)C)C(=O)N[C@@H](CCCC)C(=O)N2CCC[C@@H]2C(=O)N(CCCOC(C)C)CC(=O)N[C@@H](Cc2ccccc2)C1=O,1.4-17,1270,-5.47,6,6,Circle,0.168526,0.0430349,-16.3772,9.521,8.479,1.042,0.165102,0.0385451,9.099,8.211,0.888,76,8,,train,0.2650000000000001,1,1.0,train,train,train,train,train,train,train,train,test,train,0.4946161
1266,2016_Furukawa,CCCC[C@@H]1NC(=O)[C@H](CC(C)C)N(C)C(=O)CN(Cc2ccccc2)C(=O)[C@H](CC(C)C)NC(=O)CN(CCCOC(C)C)C(=O)[C@H]2CCCN2C1=O,1.4-13,1266,-5.17,6,6,Circle,0.179473,0.0607118,-21.788,9.37,8.202,1.168,0.1761,0.0451534,8.765,7.849,0.916,62,26,,train,0.415,1,1.0,train,train,train,train,train,test,test,train,test,valid,0.5204458
1250,2016_Furukawa,CCCC[C@@H]1NC(=O)[C@H](CC(C)C)N(C)C(=O)CN(CCCc2ccccc2)C(=O)[C@H](Cc2ccc3ccccc3c2)NC(=O)CN(CC(C)C)C(=O)[C@H]2CCCN2C1=O,1.3-37,1250,-8.95,6,6,Circle,0.193492,0.0439373,-20.4006,9.724,8.695,1.029,0.143787,0.0488066,9.637,8.631,1.006,10,2,,train,-1.0,0,0.0,train,train,train,train,train,train,train,train,test,train,-0.8254987
1247,2016_Furukawa,CCCC[C@@H]1NC(=O)[C@H](CC(C)C)N(C)C(=O)CN(CC2CCCCC2)C(=O)[C@H](Cc2ccc3ccccc3c2)NC(=O)CN(CC(C)C)C(=O)[C@H]2CCCN2C1=O,1.3-34,1247,-8.71,6,6,Circle,0.130987,0.0378132,-17.3726,9.49,8.452,1.038,0.124558,0.0444927,9.35,8.293,1.057,43,83,,train,-1.0,0,0.0,train,train,train,train,train,train,train,train,test,train,-0.7576755
1226,2016_Furukawa,CCCC[C@@H]1NC(=O)[C@H](CC(C)C)N(C)C(=O)CN(Cc2ccccc2)C(=O)[C@H](CC(C)C)NC(=O)CN(CC(C)C)C(=O)[C@H]2CCCN2C1=O,1.3-13,1226,-5.44,6,6,Circle,0.16849,0.0591116,-21.2203,8.593,7.448,1.145,0.16587,0.0421758,8.559,7.526,1.033,86,6,,test,0.2799999999999998,1,1.0,test,train,train,train,valid,test,train,train,test,train,0.31141376
1190,2016_Furukawa,CCCCCN1CC(=O)N(C)[C@@H](CC(C)C)C(=O)N[C@@H](CCCC)C(=O)N2CCC[C@@H]2C(=O)N(CCC)CC(=O)N[C@@H](Cc2ccccc2)C1=O,1.2-17,1190,-5.56,6,6,Circle,0.15695,0.0563781,-16.6972,8.854,7.795,1.059,0.150149,0.0393808,8.744,7.747,0.997,48,62,,train,0.2200000000000002,1,1.0,train,valid,train,train,train,train,train,train,test,train,0.3772447
1189,2016_Furukawa,CCCC[C@@H]1NC(=O)[C@H](CC(C)C)N(C)C(=O)CN(CC2CCOCC2)C(=O)[C@H](CC(C)C)NC(=O)CN(CCC)C(=O)[C@H]2CCCN2C1=O,1.2-16,1189,-5.34,6,6,Circle,0.11476,0.0425739,-20.1644,8.737,7.49,1.247,0.127949,0.0455208,8.583,7.42,1.163,35,16,,test,0.33,1,1.0,test,test,train,train,train,valid,train,train,test,train,0.15047102
1185,2016_Furukawa,CCCC[C@@H]1NC(=O)[C@H](CC(C)C)N(C)C(=O)CN(CCCN2CCCC2=O)C(=O)[C@H](C)NC(=O)CN(CCC)C(=O)[C@H]2CCCN2C1=O,1.2-12,1185,-7.96,6,6,Circle,0.168797,0.0394056,-28.8903,8.625,7.093,1.532,0.178531,0.043486,8.369,6.931,1.438,54,82,,train,-0.98,0,0.0,train,train,train,train,train,train,train,train,test,train,-0.7766881
1170,2016_Furukawa,CCCC[C@@H]1NC(=O)[C@H](CC(C)C)N(C)C(=O)CN(CCCc2ccccc2)C(=O)[C@H](Cc2ccc3ccccc3c2)NC(=O)CN(CC)C(=O)[C@H]2CCCN2C1=O,1.1-37,1170,-7.08,6,6,Circle,0.205216,0.0435869,-20.6158,9.2,8.194,1.006,0.208697,0.0399834,9.189,8.22,0.969,85,40,,train,-0.54,0,0.0,train,train,train,train,valid,train,train,test,test,train,-0.44173825
1142,2016_Furukawa,CCCC[C@@H]1NC(=O)[C@H](CC(C)C)N(C)C(=O)CN(CCCc2ccccc2)C(=O)[C@H](C)NC(=O)CN(CC)C(=O)[C@H]2CCCN2C1=O,1.1-09,1142,-5.16,6,6,Circle,0.165237,0.0474075,-21.5477,8.305,7.177,1.128,0.161884,0.0513355,8.269,7.168,1.101,66,14,,train,0.4199999999999999,1,1.0,train,test,train,test,train,train,test,train,test,valid,0.32671076
1141,2016_Furukawa,CCCCCN1CC(=O)N(C)[C@@H](CC(C)C)C(=O)N[C@@H](CCCC)C(=O)N2CCC[C@@H]2C(=O)N(CC)CC(=O)N[C@@H](CC(C)C)C1=O,1.1-08,1141,-4.94,6,6,Circle,0.145302,0.0595251,-16.9482,8.356,7.23,1.126,0.135619,0.042128,8.28,7.243,1.037,24,33,,train,0.5299999999999998,1,1.0,train,test,train,train,train,train,train,train,test,train,0.52422655
1103,2015_Wang,CC(C)C[C@H]1C(=O)N2CCC[C@H]2C(=O)N[C@@H](Cc2ccccc2)C(=O)N[C@@H](Cc2ccccc2)C(=O)N[C@@H](Cc2cc3ccccc3[nH]2)C(=O)N[C@@H](C(C)C)C(=O)N1C,Compound.59,1103,-10.0,6,6,Circle,0.212928,0.0447332,-35.0731,9.334,8.134,1.2,0.152844,0.0509548,9.131,8.028,1.103,63,83,,train,-1.0,0,0.0,train,train,train,train,train,train,test,train,test,test,-0.5504035
1086,2015_Wang,CC(C)C[C@@H]1C(=O)N2CCC[C@H]2C(=O)N[C@@H](Cc2ccc(O)cc2)C(=O)N(C)[C@H](C)C(=O)N(C)CC(=O)N[C@@H](Cc2ccccc2)C(=O)N1C,Compound.42,1086,-7.15,6,6,Circle,0.171674,0.0629272,-39.2346,7.744,6.466,1.278,0.164503,0.0397044,7.697,6.514,1.183,56,21,,train,-0.5750000000000002,0,0.0,train,train,valid,valid,valid,test,train,valid,test,train,-0.54040384
1082,2015_Wang,CC(C)C[C@@H]1NC(=O)[C@@H](Cc2ccccc2)NC(=O)CNC(=O)[C@@H](C)NC(=O)[C@H](Cc2ccc(O)cc2)NC(=O)[C@@H]2CCCN2C1=O,Compound.38,1082,-8.0,6,6,Circle,0.095464,0.05024,-44.2082,7.619,6.019,1.6,0.121961,0.0330259,7.434,6.099,1.335,19,32,,train,-1.0,0,0.0,train,test,train,train,train,valid,train,valid,test,train,-0.8125878
1076,2015_Wang,C[C@@H](O)[C@@H]1NC(=O)[C@H](CCCCN)NC(=O)[C@@H](Cc2cc3ccccc3[nH]2)NC(=O)[C@H](Cc2ccccc2)NC(=O)[C@@H]2CCCN2C(=O)[C@H](Cc2ccccc2)NC1=O,Compound.32,1076,-7.1,6,6,Circle,0.147526,0.0394908,-110.3888,9.083,7.518,1.565,0.270446,0.0986552,8.713,7.563,1.15,29,15,,train,-0.5499999999999998,0,0.0,train,train,train,train,train,train,train,train,test,valid,-0.49432027
1074,2015_Wang,CC(C)C[C@@H]1NC(=O)[C@H](Cc2cc3ccccc3[nH]2)NC(=O)[C@H]2CCCN2C(=O)[C@H](CC(C)C)NC(=O)[C@H](Cc2cc3ccccc3[nH]2)NC(=O)[C@@H](CC(C)C)NC1=O,Compound.30,1074,-10.0,6,6,Circle,0.168194,0.0412098,-30.1441,9.337,7.949,1.388,0.115168,0.0389486,9.154,7.809,1.345,70,49,-8.0,test,-1.0,0,0.0,train,test,valid,train,train,train,test,test,test,train,-0.16150774
1061,2015_Wang,CC(C)C[C@@H]1NC(=O)[C@H](CC(C)C)N(C)C(=O)[C@@H](CC(C)C)N(C)C(=O)[C@H](CC(C)C)N(C)C(=O)[C@H](Cc2ccc(O)cc2)N(C)C(=O)[C@H]2CCCN2C1=O,Compound.17,1061,-5.82,6,6,Circle,0.165121,0.0615729,-29.2069,9.221,8.25,0.971,0.174226,0.0455557,9.174,8.279,0.895,23,32,,train,0.0899999999999998,1,1.0,train,test,valid,train,train,train,train,train,test,train,0.26178578
