CycPeptMPDB_ID,Source,SMILES,Original_Name_in_Source_Literature,Structurally_Unique_ID,PAMPA,Monomer_Length,Monomer_Length_in_Main_Chain,Molecule_Shape,Water_avgRMSD_All,Water_avgRMSD_BackBone,Desolvation_Free_Energy,Water_3D_SASA,Water_3D_NPSA,Water_3D_PSA,Hexane_avgRMSD_All,Hexane_avgRMSD_BackBone,Hexane_3D_SASA,Hexane_3D_NPSA,Hexane_3D_PSA,Water_RepFrame,Hexane_RepFrame,PAMPA_WuXi,split_wuxi,Normalized_PAMPA,Binary,Soft_Label,split1,split2,split3,split4,split5,split6,split7,split8,split9,split10,Pred_1
7062,2021_Kelly,CC(=O)N[C@@H]1C(=O)N2CCC[C@H]2C(=O)N(C)[C@H](CC(C)C)C(=O)N(C)[C@H](CC(C)C)C(=O)N(C)[C@@H](CC(C)C)C(=O)N(C)[C@H](CC(C)C)C(=O)N(C)[C@@H](C)C(=O)N[C@@H](CC(C)C)C(=O)N2CCC[C@@H]2C(=O)O[C@@H]1C,L4_4.3.4.3.1,7062,-5.3,10,9,Lariat,0.157394,0.0951869,-23.3097,11.501,9.756,1.745,0.153056,0.0831483,11.295,9.642,1.653,18,97,,test,0.3500000000000001,1,1.0,test,train,test,train,test,train,train,train,train,valid,0.382356
7018,2021_Kelly,CC(=O)N[C@@H]1C(=O)N2CCC[C@H]2C(=O)N(C)[C@H](CC(C)C)C(=O)N[C@H](CC(C)C)C(=O)N[C@H](CC(C)C)C(=O)N[C@@H](CC(C)C)C(=O)N(C)[C@H](C)C(=O)N[C@@H](CC(C)C)C(=O)N2CCC[C@@H]2C(=O)O[C@@H]1C,L4_2.2.1.4.1,7018,-6.8,10,9,Lariat,0.181313,0.112917,-33.8581,11.455,9.548,1.907,0.299765,0.185996,10.68,9.03,1.65,90,21,,test,-0.3999999999999999,0,0.0,test,train,train,train,train,train,train,train,train,train,-0.41340017
7015,2021_Kelly,CC(=O)N[C@@H]1C(=O)N2CCC[C@H]2C(=O)N(C)[C@H](CC(C)C)C(=O)N[C@H](CC(C)C)C(=O)N[C@H](CC(C)C)C(=O)N[C@@H](CC(C)C)C(=O)N[C@@H](C)C(=O)N[C@@H](CC(C)C)C(=O)N2CCC[C@@H]2C(=O)O[C@@H]1C,L4_2.2.1.1.1,7015,-7.3,10,9,Lariat,0.145674,0.0842582,-41.1252,11.474,9.493,1.981,0.148318,0.0743602,10.753,9.281,1.472,75,89,,test,-0.6499999999999999,0,0.0,test,train,train,train,test,valid,train,train,train,valid,-0.6886655
7009,2021_Kelly,CC(=O)N[C@@H]1C(=O)N2CCC[C@H]2C(=O)N(C)[C@H](CC(C)C)C(=O)N[C@H](CC(C)C)C(=O)N[C@@H](CC(C)C)C(=O)N[C@H](CC(C)C)C(=O)N(C)[C@H](C)C(=O)N[C@@H](CC(C)C)C(=O)N2CCC[C@@H]2C(=O)O[C@@H]1C,L4_2.1.2.4.1,7009,-6.64,10,9,Lariat,0.132501,0.0677506,-32.6728,11.445,9.505,1.94,0.106972,0.0517202,10.249,8.905,1.344,50,3,,test,-0.3199999999999998,0,0.0,test,train,train,train,train,train,train,train,train,train,-0.22461498
7002,2021_Kelly,CC(=O)N[C@@H]1C(=O)N2CCC[C@H]2C(=O)N(C)[C@H](CC(C)C)C(=O)N[C@@H](CC(C)C)C(=O)N(C)[C@H](CC(C)C)C(=O)N[C@H](CC(C)C)C(=O)N(C)[C@@H](C)C(=O)N[C@@H](CC(C)C)C(=O)N2CCC[C@@H]2C(=O)O[C@@H]1C,L4_1.4.2.3.1,7002,-4.96,10,9,Lariat,0.126943,0.0733966,-25.4802,10.58,8.735,1.845,0.124271,0.0658967,10.594,9.015,1.579,69,69,,test,0.52,1,1.0,test,train,train,train,train,train,train,test,train,train,0.3087585
6986,2021_Kelly,CC(=O)N[C@@H]1C(=O)N2CCC[C@H]2C(=O)N(C)[C@H](CC(C)C)C(=O)N[C@@H](CC(C)C)C(=O)N[C@@H](CC(C)C)C(=O)N[C@H](CC(C)C)C(=O)N[C@H](C)C(=O)N[C@@H](CC(C)C)C(=O)N2CCC[C@@H]2C(=O)O[C@@H]1C,L4_1.1.2.2.1,6986,-7.12,10,9,Lariat,0.191042,0.115013,-41.2624,11.817,9.815,2.002,0.135589,0.0718824,11.025,9.357,1.668,57,79,,test,-0.56,0,0.0,test,valid,train,train,test,train,train,train,train,train,-0.6140906
6981,2021_Kelly,CC(=O)N1CCC[C@H]1C(=O)N[C@@H]1C(=O)N[C@H](CC(C)C)C(=O)N(C)[C@H](CC(C)C)C(=O)N(C)[C@H](CC(C)C)C(=O)N(C)[C@H](CC(C)C)C(=O)N[C@H](C)C(=O)N[C@@H](CC(C)C)C(=O)N2CCC[C@@H]2C(=O)O[C@@H]1C,L3_4.4.4.2.1,6981,-5.36,10,8,Lariat,0.157307,0.097419,-21.7563,11.39,9.874,1.516,0.122227,0.0591713,10.808,9.632,1.176,53,40,,test,0.3199999999999998,1,1.0,test,valid,train,valid,train,test,test,train,train,train,0.33073094
6973,2021_Kelly,CC(=O)N1CCC[C@H]1C(=O)N[C@@H]1C(=O)N[C@H](CC(C)C)C(=O)N(C)[C@H](CC(C)C)C(=O)N(C)[C@@H](CC(C)C)C(=O)N(C)[C@H](CC(C)C)C(=O)N(C)[C@H](C)C(=O)N[C@@H](CC(C)C)C(=O)N2CCC[C@@H]2C(=O)O[C@@H]1C,L3_4.3.4.4.1,6973,-4.95,10,8,Lariat,0.120587,0.0517731,-15.0602,10.833,9.776,1.057,0.107563,0.0438128,10.748,9.629,1.119,33,60,,test,0.5249999999999999,1,1.0,test,train,train,train,train,train,train,train,valid,train,0.44627917
6971,2021_Kelly,CC(=O)N1CCC[C@H]1C(=O)N[C@@H]1C(=O)N[C@H](CC(C)C)C(=O)N(C)[C@H](CC(C)C)C(=O)N(C)[C@@H](CC(C)C)C(=O)N(C)[C@H](CC(C)C)C(=O)N[C@H](C)C(=O)N[C@@H](CC(C)C)C(=O)N2CCC[C@@H]2C(=O)O[C@@H]1C,L3_4.3.4.2.1,6971,-5.21,10,8,Lariat,0.168702,0.104847,-35.1056,11.737,9.654,2.083,0.175016,0.107754,10.793,9.227,1.566,67,64,,test,0.395,1,1.0,test,train,train,train,train,train,valid,train,train,train,0.35410082
6961,2021_Kelly,CC(=O)N1CCC[C@H]1C(=O)N[C@@H]1C(=O)N[C@H](CC(C)C)C(=O)N(C)[C@H](CC(C)C)C(=O)N[C@H](CC(C)C)C(=O)N[C@H](CC(C)C)C(=O)N(C)[C@H](C)C(=O)N[C@@H](CC(C)C)C(=O)N2CCC[C@@H]2C(=O)O[C@@H]1C,L3_4.2.2.4.1,6961,-4.88,10,8,Lariat,0.131641,0.078578,-33.243,11.176,9.445,1.731,0.137486,0.0822554,10.511,9.196,1.315,33,38,,test,0.56,1,1.0,test,train,train,train,train,train,train,test,train,train,0.28544647
6948,2021_Kelly,CC(=O)N1CCC[C@H]1C(=O)N[C@@H]1C(=O)N[C@H](CC(C)C)C(=O)N(C)[C@H](CC(C)C)C(=O)N[C@@H](CC(C)C)C(=O)N[C@@H](CC(C)C)C(=O)N[C@H](C)C(=O)N[C@@H](CC(C)C)C(=O)N2CCC[C@@H]2C(=O)O[C@@H]1C,L3_4.1.1.2.1,6948,-6.28,10,8,Lariat,0.162951,0.0914755,-22.948,10.572,8.922,1.65,0.113476,0.0433531,10.246,8.878,1.368,90,29,,test,-0.1400000000000001,0,0.0,test,train,train,train,test,train,train,train,train,test,0.05213248
6942,2021_Kelly,CC(=O)N1CCC[C@H]1C(=O)N[C@@H]1C(=O)N[C@H](CC(C)C)C(=O)N(C)[C@@H](CC(C)C)C(=O)N(C)[C@@H](CC(C)C)C(=O)N(C)[C@H](CC(C)C)C(=O)N(C)[C@@H](C)C(=O)N[C@@H](CC(C)C)C(=O)N2CCC[C@@H]2C(=O)O[C@@H]1C,L3_3.3.4.3.1,6942,-5.12,10,8,Lariat,0.127284,0.0696804,-15.6768,10.958,9.418,1.54,0.132304,0.0764191,10.854,9.359,1.495,44,18,,test,0.4399999999999999,1,1.0,test,train,train,test,train,train,valid,train,train,train,0.398202
6921,2021_Kelly,CC(=O)N1CCC[C@H]1C(=O)N[C@@H]1C(=O)N[C@H](CC(C)C)C(=O)N[C@H](CC(C)C)C(=O)N(C)[C@H](CC(C)C)C(=O)N[C@H](CC(C)C)C(=O)N(C)[C@H](C)C(=O)N[C@@H](CC(C)C)C(=O)N2CCC[C@@H]2C(=O)O[C@@H]1C,L3_2.4.2.4.1,6921,-5.49,10,8,Lariat,0.159339,0.107477,-36.6502,11.277,9.442,1.835,0.121594,0.055534,10.542,9.348,1.194,50,43,,test,0.2549999999999999,1,1.0,test,train,train,train,train,train,test,train,train,train,0.29577076
6917,2021_Kelly,CC(=O)N1CCC[C@H]1C(=O)N[C@@H]1C(=O)N[C@H](CC(C)C)C(=O)N[C@H](CC(C)C)C(=O)N(C)[C@H](CC(C)C)C(=O)N[C@@H](CC(C)C)C(=O)N[C@@H](C)C(=O)N[C@@H](CC(C)C)C(=O)N2CCC[C@@H]2C(=O)O[C@@H]1C,L3_2.4.1.1.1,6917,-5.57,10,8,Lariat,0.120799,0.0594448,-25.3747,11.047,9.303,1.744,0.122421,0.05248,10.775,9.289,1.486,51,99,,test,0.2149999999999998,1,1.0,test,valid,train,train,test,train,train,train,valid,train,0.0066970214
6907,2021_Kelly,CC(=O)N1CCC[C@H]1C(=O)N[C@@H]1C(=O)N[C@H](CC(C)C)C(=O)N[C@H](CC(C)C)C(=O)N[C@H](CC(C)C)C(=O)N(C)[C@@H](CC(C)C)C(=O)N[C@H](C)C(=O)N[C@@H](CC(C)C)C(=O)N2CCC[C@@H]2C(=O)O[C@@H]1C,L3_2.2.3.2.1,6907,-6.16,10,8,Lariat,0.151485,0.0924641,-32.8768,11.576,9.613,1.963,0.128446,0.0545608,11.024,9.738,1.286,16,88,,test,-0.08,0,0.0,test,train,test,train,train,train,train,train,train,train,0.09783424
6906,2021_Kelly,CC(=O)N1CCC[C@H]1C(=O)N[C@@H]1C(=O)N[C@H](CC(C)C)C(=O)N[C@H](CC(C)C)C(=O)N[C@H](CC(C)C)C(=O)N[C@H](CC(C)C)C(=O)N(C)[C@H](C)C(=O)N[C@@H](CC(C)C)C(=O)N2CCC[C@@H]2C(=O)O[C@@H]1C,L3_2.2.2.4.1,6906,-5.07,10,8,Lariat,0.151315,0.0819388,-40.1286,11.728,9.69,2.038,0.137515,0.0667435,10.377,8.889,1.488,30,22,,test,0.4649999999999998,1,1.0,test,train,train,train,train,train,train,train,train,train,0.09096562
6884,2021_Kelly,CC(=O)N1CCC[C@H]1C(=O)N[C@@H]1C(=O)N[C@H](CC(C)C)C(=O)N[C@@H](CC(C)C)C(=O)N(C)[C@H](CC(C)C)C(=O)N[C@H](CC(C)C)C(=O)N[C@@H](C)C(=O)N[C@@H](CC(C)C)C(=O)N2CCC[C@@H]2C(=O)O[C@@H]1C,L3_1.4.2.1.1,6884,-5.12,10,8,Lariat,0.210383,0.120267,-25.2905,10.618,8.861,1.757,0.117628,0.0546038,10.026,8.713,1.313,97,95,,test,0.4399999999999999,1,1.0,test,train,train,train,train,train,train,train,train,train,0.16219535
6883,2021_Kelly,CC(=O)N1CCC[C@H]1C(=O)N[C@@H]1C(=O)N[C@H](CC(C)C)C(=O)N[C@@H](CC(C)C)C(=O)N(C)[C@H](CC(C)C)C(=O)N[C@@H](CC(C)C)C(=O)N(C)[C@@H](C)C(=O)N[C@@H](CC(C)C)C(=O)N2CCC[C@@H]2C(=O)O[C@@H]1C,L3_1.4.1.3.1,6883,-5.38,10,8,Lariat,0.193837,0.129318,-41.8473,11.643,9.711,1.932,0.102546,0.0489485,10.974,9.453,1.521,60,44,,test,0.31,1,1.0,test,train,valid,train,train,train,train,train,train,train,0.31284225
6878,2021_Kelly,CC(=O)N1CCC[C@H]1C(=O)N[C@@H]1C(=O)N[C@H](CC(C)C)C(=O)N[C@@H](CC(C)C)C(=O)N(C)[C@@H](CC(C)C)C(=O)N[C@@H](CC(C)C)C(=O)N(C)[C@H](C)C(=O)N[C@@H](CC(C)C)C(=O)N2CCC[C@@H]2C(=O)O[C@@H]1C,L3_1.3.1.4.1,6878,-5.93,10,8,Lariat,0.12001,0.0469146,-24.297,10.377,9.019,1.358,0.118838,0.053222,10.335,9.185,1.15,49,42,,test,0.0350000000000001,1,1.0,test,valid,train,train,train,train,valid,train,train,train,0.258115
6876,2021_Kelly,CC(=O)N1CCC[C@H]1C(=O)N[C@@H]1C(=O)N[C@H](CC(C)C)C(=O)N[C@@H](CC(C)C)C(=O)N(C)[C@@H](CC(C)C)C(=O)N[C@@H](CC(C)C)C(=O)N[C@H](C)C(=O)N[C@@H](CC(C)C)C(=O)N2CCC[C@@H]2C(=O)O[C@@H]1C,L3_1.3.1.2.1,6876,-6.07,10,8,Lariat,0.292219,0.197682,-36.6043,11.586,9.612,1.974,0.169144,0.0837457,10.603,9.167,1.436,96,57,,test,-0.0350000000000001,0,0.0,test,train,train,train,train,test,train,train,train,valid,0.029008009
6861,2021_Kelly,CC(=O)N1CCC[C@H]1C(=O)N[C@@H]1C(=O)N[C@H](CC(C)C)C(=O)N[C@@H](CC(C)C)C(=O)N[C@@H](CC(C)C)C(=O)N[C@H](CC(C)C)C(=O)N(C)[C@H](C)C(=O)N[C@@H](CC(C)C)C(=O)N2CCC[C@@H]2C(=O)O[C@@H]1C,L3_1.1.2.4.1,6861,-5.01,10,8,Lariat,0.180325,0.111566,-33.8202,11.224,9.401,1.823,0.203319,0.114061,11.037,9.428,1.609,34,35,,test,0.4950000000000001,1,1.0,test,train,train,train,test,train,valid,train,test,train,0.16579416
6839,2021_Kelly,CC(=O)N1CCC[C@H]1C(=O)N[C@@H]1C(=O)N(C)[C@H](CC(C)C)C(=O)N(C)[C@@H](CC(C)C)C(=O)N(C)[C@H](CC(C)C)C(=O)N(C)[C@@H](CC(C)C)C(=O)N(C)[C@@H](C)C(=O)N[C@@H](CC(C)C)C(=O)N2CCC[C@@H]2C(=O)O[C@@H]1C,L2_3.4.3.3.1,6839,-4.81,10,8,Lariat,0.145869,0.0907738,-18.2653,11.081,9.708,1.373,0.112646,0.0539887,11.385,9.967,1.418,74,50,,test,0.5950000000000002,1,1.0,test,train,test,valid,test,train,train,train,train,valid,0.4733224
6819,2021_Kelly,CC(=O)N1CCC[C@H]1C(=O)N[C@@H]1C(=O)N(C)[C@H](CC(C)C)C(=O)N(C)[C@@H](CC(C)C)C(=O)N[C@@H](CC(C)C)C(=O)N(C)[C@@H](CC(C)C)C(=O)N(C)[C@@H](C)C(=O)N[C@@H](CC(C)C)C(=O)N2CCC[C@@H]2C(=O)O[C@@H]1C,L2_3.1.3.3.1,6819,-5.4,10,8,Lariat,0.161724,0.110136,-25.1456,11.676,9.74,1.936,0.130356,0.0697202,11.21,9.483,1.727,2,87,,test,0.2999999999999998,1,1.0,test,train,test,train,train,train,train,test,train,train,0.35954225
6805,2021_Kelly,CC(=O)N1CCC[C@H]1C(=O)N[C@@H]1C(=O)N(C)[C@H](CC(C)C)C(=O)N[C@H](CC(C)C)C(=O)N[C@H](CC(C)C)C(=O)N(C)[C@H](CC(C)C)C(=O)N(C)[C@@H](C)C(=O)N[C@@H](CC(C)C)C(=O)N2CCC[C@@H]2C(=O)O[C@@H]1C,L2_2.2.4.3.1,6805,-6.68,10,8,Lariat,0.195122,0.127959,-18.6555,10.757,9.176,1.581,0.118574,0.0621465,10.952,9.323,1.629,21,53,,test,-0.3399999999999998,0,0.0,test,train,train,train,train,train,train,test,train,train,0.11751776
6789,2021_Kelly,CC(=O)N1CCC[C@H]1C(=O)N[C@@H]1C(=O)N(C)[C@H](CC(C)C)C(=O)N[C@H](CC(C)C)C(=O)N[C@@H](CC(C)C)C(=O)N(C)[C@@H](CC(C)C)C(=O)N[C@@H](C)C(=O)N[C@@H](CC(C)C)C(=O)N2CCC[C@@H]2C(=O)O[C@@H]1C,L2_2.1.3.1.1,6789,-5.98,10,8,Lariat,0.184894,0.120109,-38.9955,11.699,9.522,2.177,0.280964,0.193453,10.947,9.254,1.693,39,76,,test,0.0099999999999997,1,1.0,test,train,test,train,train,train,train,test,test,train,-0.06256166
6787,2021_Kelly,CC(=O)N1CCC[C@H]1C(=O)N[C@@H]1C(=O)N(C)[C@H](CC(C)C)C(=O)N[C@H](CC(C)C)C(=O)N[C@@H](CC(C)C)C(=O)N[C@H](CC(C)C)C(=O)N(C)[C@@H](C)C(=O)N[C@@H](CC(C)C)C(=O)N2CCC[C@@H]2C(=O)O[C@@H]1C,L2_2.1.2.3.1,6787,-5.82,10,8,Lariat,0.137986,0.0767629,-40.056,11.374,9.392,1.982,0.198295,0.112452,10.947,9.248,1.699,98,75,,test,0.0899999999999998,1,1.0,test,train,train,valid,valid,train,train,test,test,test,0.14049304
6779,2021_Kelly,CC(=O)N1CCC[C@H]1C(=O)N[C@@H]1C(=O)N(C)[C@H](CC(C)C)C(=O)N[C@@H](CC(C)C)C(=O)N(C)[C@@H](CC(C)C)C(=O)N(C)[C@H](CC(C)C)C(=O)N(C)[C@H](C)C(=O)N[C@@H](CC(C)C)C(=O)N2CCC[C@@H]2C(=O)O[C@@H]1C,L2_1.3.4.4.1,6779,-5.9,10,8,Lariat,0.173127,0.113137,-29.8705,11.997,10.151,1.846,0.163804,0.0881932,11.52,9.789,1.731,10,67,,test,0.0499999999999998,1,1.0,test,train,train,train,train,train,train,valid,valid,train,0.41179088
6772,2021_Kelly,CC(=O)N1CCC[C@H]1C(=O)N[C@@H]1C(=O)N(C)[C@H](CC(C)C)C(=O)N[C@@H](CC(C)C)C(=O)N[C@@H](CC(C)C)C(=O)N(C)[C@@H](CC(C)C)C(=O)N[C@@H](C)C(=O)N[C@@H](CC(C)C)C(=O)N2CCC[C@@H]2C(=O)O[C@@H]1C,L2_1.1.3.1.1,6772,-6.01,10,8,Lariat,0.17004,0.111149,-40.6049,11.854,9.864,1.99,0.130809,0.0642754,10.815,9.087,1.728,41,45,,test,-0.0049999999999998,0,0.0,test,train,train,train,valid,train,train,test,train,test,-0.084984794
6764,2021_Kelly,CC(=O)N1CCC[C@H]1C(=O)N(C)[C@@H](CC(C)C)C(=O)N[C@@H]1C(=O)N(C)[C@H](CC(C)C)C(=O)N(C)[C@H](CC(C)C)C(=O)N[C@@H](CC(C)C)C(=O)N(C)[C@H](C)C(=O)N[C@H](CC(C)C)C(=O)N2CCC[C@H]2C(=O)O[C@@H]1C,L1_9.4.4.1.4.2,6764,-5.18,10,7,Lariat,0.263944,0.184627,-22.0248,11.848,10.235,1.613,0.121772,0.0541251,10.668,9.567,1.101,54,97,,test,0.4100000000000001,1,1.0,test,train,train,train,train,train,train,train,valid,train,0.3051365
6751,2021_Kelly,CC(=O)N1CCC[C@H]1C(=O)N(C)[C@@H](CC(C)C)C(=O)N[C@@H]1C(=O)N(C)[C@@H](CC(C)C)C(=O)N(C)[C@H](CC(C)C)C(=O)N(C)[C@H](CC(C)C)C(=O)N(C)[C@@H](C)C(=O)N[C@H](CC(C)C)C(=O)N2CCC[C@H]2C(=O)O[C@@H]1C,L1_9.3.4.4.3.2,6751,-5.3,10,7,Lariat,0.213951,0.13055,-21.5974,12.016,10.367,1.649,0.227038,0.154853,12.105,10.414,1.691,60,34,,test,0.3500000000000001,1,1.0,test,train,train,train,test,train,train,train,train,valid,0.16780803
6742,2021_Kelly,CC(=O)N1CCC[C@H]1C(=O)N(C)[C@@H](CC(C)C)C(=O)N[C@@H]1C(=O)N(C)[C@@H](CC(C)C)C(=O)N(C)[C@@H](CC(C)C)C(=O)N[C@H](CC(C)C)C(=O)N(C)[C@@H](C)C(=O)N[C@H](CC(C)C)C(=O)N2CCC[C@H]2C(=O)O[C@@H]1C,L1_9.3.3.2.3.2,6742,-6.94,10,7,Lariat,0.178706,0.104076,-27.526,12.094,10.126,1.968,0.178785,0.0983049,11.886,10.038,1.848,74,25,,test,-0.4700000000000002,0,0.0,test,train,train,train,train,train,train,train,test,train,0.08186702
6740,2021_Kelly,CC(=O)N1CCC[C@H]1C(=O)N(C)[C@@H](CC(C)C)C(=O)N[C@@H]1C(=O)N(C)[C@@H](CC(C)C)C(=O)N(C)[C@@H](CC(C)C)C(=O)N[C@@H](CC(C)C)C(=O)N(C)[C@@H](C)C(=O)N[C@H](CC(C)C)C(=O)N2CCC[C@H]2C(=O)O[C@@H]1C,L1_9.3.3.1.3.2,6740,-6.08,10,7,Lariat,0.220183,0.134074,-27.049,11.567,9.852,1.715,0.161295,0.088765,11.46,9.858,1.602,74,93,,test,-0.04,0,0.0,test,train,train,valid,valid,train,train,train,train,train,0.05786878
6732,2021_Kelly,CC(=O)N1CCC[C@H]1C(=O)N(C)[C@@H](CC(C)C)C(=O)N[C@@H]1C(=O)N[C@H](CC(C)C)C(=O)N(C)[C@H](CC(C)C)C(=O)N(C)[C@H](CC(C)C)C(=O)N[C@@H](C)C(=O)N[C@H](CC(C)C)C(=O)N2CCC[C@H]2C(=O)O[C@@H]1C,L1_9.2.4.4.1.2,6732,-5.46,10,7,Lariat,0.166841,0.099896,-21.7979,11.025,9.59,1.435,0.120893,0.0542302,10.914,9.612,1.302,98,46,,test,0.27,1,1.0,test,train,train,train,train,train,train,train,train,train,0.094178475
6720,2021_Kelly,CC(=O)N1CCC[C@H]1C(=O)N(C)[C@@H](CC(C)C)C(=O)N[C@@H]1C(=O)N[C@H](CC(C)C)C(=O)N(C)[C@@H](CC(C)C)C(=O)N[C@@H](CC(C)C)C(=O)N(C)[C@H](C)C(=O)N[C@H](CC(C)C)C(=O)N2CCC[C@H]2C(=O)O[C@@H]1C,L1_9.2.3.1.4.2,6720,-5.61,10,7,Lariat,0.18365,0.118072,-25.638,11.594,9.826,1.768,0.130692,0.0734705,11.584,10.038,1.546,54,72,,test,0.1949999999999998,1,1.0,test,valid,test,valid,test,valid,train,train,train,train,0.26794422
6714,2021_Kelly,CC(=O)N1CCC[C@H]1C(=O)N(C)[C@@H](CC(C)C)C(=O)N[C@@H]1C(=O)N[C@H](CC(C)C)C(=O)N[C@H](CC(C)C)C(=O)N[C@H](CC(C)C)C(=O)N(C)[C@H](C)C(=O)N[C@H](CC(C)C)C(=O)N2CCC[C@H]2C(=O)O[C@@H]1C,L1_9.2.2.2.4.2,6714,-6.95,10,7,Lariat,0.336552,0.245905,-35.7384,11.756,9.663,2.093,0.185886,0.109681,11.519,9.715,1.804,89,67,,test,-0.4750000000000001,0,0.0,test,test,test,test,train,train,train,train,train,train,-0.14454073
6690,2021_Kelly,CC(=O)N1CCC[C@@H]1C(=O)N(C)[C@H](CC(C)C)C(=O)N[C@@H]1C(=O)N(C)[C@H](CC(C)C)C(=O)N[C@H](CC(C)C)C(=O)N(C)[C@@H](CC(C)C)C(=O)N(C)[C@@H](C)C(=O)N[C@@H](CC(C)C)C(=O)N2CCC[C@@H]2C(=O)O[C@@H]1C,L1_8.4.2.3.3.1,6690,-5.08,10,7,Lariat,0.112056,0.055741,-20.9828,11.488,10.104,1.384,0.171458,0.112382,10.75,9.317,1.433,33,74,,test,0.4599999999999999,1,1.0,test,train,train,train,train,valid,train,valid,test,test,0.32605848
6666,2021_Kelly,CC(=O)N1CCC[C@@H]1C(=O)N(C)[C@H](CC(C)C)C(=O)N[C@@H]1C(=O)N[C@H](CC(C)C)C(=O)N[C@H](CC(C)C)C(=O)N[C@@H](CC(C)C)C(=O)N[C@@H](C)C(=O)N[C@@H](CC(C)C)C(=O)N2CCC[C@@H]2C(=O)O[C@@H]1C,L1_8.2.2.1.1.1,6666,-7.82,10,7,Lariat,0.289927,0.224728,-31.8707,11.319,9.404,1.915,0.138318,0.0662303,10.454,9.053,1.401,25,16,,test,-0.91,0,0.0,test,train,train,train,train,test,train,test,train,train,-0.39298475
6664,2021_Kelly,CC(=O)N1CCC[C@@H]1C(=O)N(C)[C@H](CC(C)C)C(=O)N[C@@H]1C(=O)N[C@@H](CC(C)C)C(=O)N(C)[C@H](CC(C)C)C(=O)N(C)[C@@H](CC(C)C)C(=O)N(C)[C@H](C)C(=O)N[C@@H](CC(C)C)C(=O)N2CCC[C@@H]2C(=O)O[C@@H]1C,L1_8.1.4.3.4.1,6664,-5.77,10,7,Lariat,0.142607,0.0844285,-25.3422,11.966,10.194,1.772,0.151082,0.0861396,11.778,10.08,1.698,3,45,,test,0.1150000000000002,1,1.0,test,train,train,train,train,train,train,train,train,train,0.2510721
6651,2021_Kelly,CC(=O)N1CCC[C@@H]1C(=O)N(C)[C@H](CC(C)C)C(=O)N[C@@H]1C(=O)N(C)[C@H](CC(C)C)C(=O)N(C)[C@@H](CC(C)C)C(=O)N(C)[C@@H](CC(C)C)C(=O)N(C)[C@@H](C)C(=O)N[C@@H](CC(C)C)C(=O)N2CCC[C@H]2C(=O)O[C@@H]1C,L1_7.4.3.3.3.1,6651,-5.79,10,7,Lariat,0.118119,0.0658313,-19.0035,10.908,9.41,1.498,0.14497,0.0799246,10.794,9.246,1.548,15,17,,test,0.1049999999999999,1,1.0,test,train,train,train,test,train,test,train,train,valid,0.3498466
6642,2021_Kelly,CC(=O)N1CCC[C@@H]1C(=O)N(C)[C@H](CC(C)C)C(=O)N[C@@H]1C(=O)N(C)[C@H](CC(C)C)C(=O)N[C@@H](CC(C)C)C(=O)N[C@@H](CC(C)C)C(=O)N(C)[C@@H](C)C(=O)N[C@@H](CC(C)C)C(=O)N2CCC[C@H]2C(=O)O[C@@H]1C,L1_7.4.1.1.3.1,6642,-6.8,10,7,Lariat,0.247928,0.172353,-27.4364,11.515,9.75,1.765,0.150037,0.0906802,11.214,9.479,1.735,81,10,,test,-0.3999999999999999,0,0.0,test,train,valid,test,train,train,train,train,train,train,-0.10091328
6633,2021_Kelly,CC(=O)N1CCC[C@@H]1C(=O)N(C)[C@H](CC(C)C)C(=O)N[C@@H]1C(=O)N[C@H](CC(C)C)C(=O)N(C)[C@H](CC(C)C)C(=O)N(C)[C@H](CC(C)C)C(=O)N[C@H](C)C(=O)N[C@@H](CC(C)C)C(=O)N2CCC[C@H]2C(=O)O[C@@H]1C,L1_7.2.4.4.2.1,6633,-5.62,10,7,Lariat,0.206172,0.133932,-21.6106,11.174,9.498,1.676,0.197565,0.130265,10.701,9.381,1.32,45,55,,test,0.1899999999999999,1,1.0,test,train,valid,train,train,valid,train,train,train,train,0.14953992
6628,2021_Kelly,CC(=O)N1CCC[C@@H]1C(=O)N(C)[C@H](CC(C)C)C(=O)N[C@@H]1C(=O)N[C@H](CC(C)C)C(=O)N(C)[C@@H](CC(C)C)C(=O)N(C)[C@H](CC(C)C)C(=O)N(C)[C@H](C)C(=O)N[C@@H](CC(C)C)C(=O)N2CCC[C@H]2C(=O)O[C@@H]1C,L1_7.2.3.4.4.1,6628,-5.49,10,7,Lariat,0.250287,0.172733,-27.8052,11.444,9.672,1.772,0.12515,0.0563423,11.306,9.816,1.49,19,67,,test,0.2549999999999999,1,1.0,test,valid,train,train,test,train,train,train,train,valid,0.3423837
6627,2021_Kelly,CC(=O)N1CCC[C@@H]1C(=O)N(C)[C@H](CC(C)C)C(=O)N[C@@H]1C(=O)N[C@H](CC(C)C)C(=O)N(C)[C@@H](CC(C)C)C(=O)N(C)[C@@H](CC(C)C)C(=O)N(C)[C@@H](C)C(=O)N[C@@H](CC(C)C)C(=O)N2CCC[C@H]2C(=O)O[C@@H]1C,L1_7.2.3.3.3.1,6627,-5.67,10,7,Lariat,0.260827,0.181753,-25.5704,11.19,9.58,1.61,0.262841,0.174925,10.902,9.423,1.479,19,84,,test,0.165,1,1.0,test,train,train,train,train,train,train,train,train,train,0.25035012
6625,2021_Kelly,CC(=O)N1CCC[C@@H]1C(=O)N(C)[C@H](CC(C)C)C(=O)N[C@@H]1C(=O)N[C@H](CC(C)C)C(=O)N[C@H](CC(C)C)C(=O)N(C)[C@H](CC(C)C)C(=O)N(C)[C@H](C)C(=O)N[C@@H](CC(C)C)C(=O)N2CCC[C@H]2C(=O)O[C@@H]1C,L1_7.2.2.4.4.1,6625,-6.35,10,7,Lariat,0.224023,0.149112,-31.576,11.386,9.672,1.714,0.143657,0.0850722,10.781,9.181,1.6,10,63,,test,-0.1749999999999998,0,0.0,test,train,train,train,train,test,train,train,train,train,0.0745829
6623,2021_Kelly,CC(=O)N1CCC[C@@H]1C(=O)N(C)[C@H](CC(C)C)C(=O)N[C@@H]1C(=O)N[C@H](CC(C)C)C(=O)N[C@H](CC(C)C)C(=O)N(C)[C@H](CC(C)C)C(=O)N[C@@H](C)C(=O)N[C@@H](CC(C)C)C(=O)N2CCC[C@H]2C(=O)O[C@@H]1C,L1_7.2.2.4.1.1,6623,-6.9,10,7,Lariat,0.230587,0.151574,-31.6977,11.698,9.925,1.773,0.194624,0.125268,11.262,9.512,1.75,4,51,,test,-0.4500000000000002,0,0.0,test,valid,test,train,train,train,test,train,train,train,-0.31884003
6619,2021_Kelly,CC(=O)N1CCC[C@@H]1C(=O)N(C)[C@H](CC(C)C)C(=O)N[C@@H]1C(=O)N[C@H](CC(C)C)C(=O)N[C@H](CC(C)C)C(=O)N[C@H](CC(C)C)C(=O)N[C@@H](C)C(=O)N[C@@H](CC(C)C)C(=O)N2CCC[C@H]2C(=O)O[C@@H]1C,L1_7.2.2.2.1.1,6619,-6.38,10,7,Lariat,0.217917,0.135674,-23.8571,10.599,8.946,1.653,0.104172,0.0492804,10.402,8.792,1.61,15,47,,test,-0.1899999999999999,0,0.0,test,train,train,train,train,train,train,train,train,train,-0.6627981
6615,2021_Kelly,CC(=O)N1CCC[C@@H]1C(=O)N(C)[C@H](CC(C)C)C(=O)N[C@@H]1C(=O)N[C@H](CC(C)C)C(=O)N[C@@H](CC(C)C)C(=O)N(C)[C@@H](CC(C)C)C(=O)N(C)[C@H](C)C(=O)N[C@@H](CC(C)C)C(=O)N2CCC[C@H]2C(=O)O[C@@H]1C,L1_7.2.1.3.4.1,6615,-5.69,10,7,Lariat,0.143924,0.0810729,-34.9995,11.938,10.157,1.781,0.193841,0.118511,11.077,9.682,1.395,60,77,,test,0.1549999999999998,1,1.0,test,train,train,train,valid,train,train,train,train,train,0.060624294
6606,2021_Kelly,CC(=O)N1CCC[C@@H]1C(=O)N(C)[C@H](CC(C)C)C(=O)N[C@@H]1C(=O)N[C@@H](CC(C)C)C(=O)N(C)[C@@H](CC(C)C)C(=O)N(C)[C@H](CC(C)C)C(=O)N(C)[C@H](C)C(=O)N[C@@H](CC(C)C)C(=O)N2CCC[C@H]2C(=O)O[C@@H]1C,L1_7.1.3.4.4.1,6606,-6.13,10,7,Lariat,0.147745,0.0835514,-18.8398,11.119,9.633,1.486,0.146217,0.085767,11.265,9.833,1.432,65,32,,test,-0.0649999999999999,0,0.0,test,train,train,test,train,train,train,train,train,train,0.1435408
6587,2021_Kelly,CC(=O)N1CCC[C@H]1C(=O)N(C)[C@H](CC(C)C)C(=O)N[C@@H]1C(=O)N(C)[C@@H](CC(C)C)C(=O)N(C)[C@@H](CC(C)C)C(=O)N[C@@H](CC(C)C)C(=O)N(C)[C@H](C)C(=O)N[C@@H](CC(C)C)C(=O)N2CCC[C@@H]2C(=O)O[C@@H]1C,L1_6.3.3.1.4.1,6587,-5.32,10,7,Lariat,0.179136,0.107688,-33.8225,11.773,9.886,1.887,0.141597,0.0662214,10.765,9.35,1.415,82,73,,test,0.3399999999999998,1,1.0,test,train,train,train,valid,train,train,train,train,train,0.31396317
6583,2021_Kelly,CC(=O)N1CCC[C@H]1C(=O)N(C)[C@H](CC(C)C)C(=O)N[C@@H]1C(=O)N(C)[C@@H](CC(C)C)C(=O)N[C@@H](CC(C)C)C(=O)N(C)[C@H](CC(C)C)C(=O)N(C)[C@@H](C)C(=O)N[C@@H](CC(C)C)C(=O)N2CCC[C@@H]2C(=O)O[C@@H]1C,L1_6.3.1.4.3.1,6583,-5.29,10,7,Lariat,0.153605,0.0900316,-22.6563,11.669,10.12,1.549,0.135289,0.0713893,11.502,9.936,1.566,25,42,,test,0.355,1,1.0,test,train,train,train,train,test,train,train,valid,train,0.30964428
6580,2021_Kelly,CC(=O)N1CCC[C@H]1C(=O)N(C)[C@H](CC(C)C)C(=O)N[C@@H]1C(=O)N[C@H](CC(C)C)C(=O)N(C)[C@H](CC(C)C)C(=O)N(C)[C@@H](CC(C)C)C(=O)N(C)[C@H](C)C(=O)N[C@@H](CC(C)C)C(=O)N2CCC[C@@H]2C(=O)O[C@@H]1C,L1_6.2.4.3.4.1,6580,-5.23,10,7,Lariat,0.180267,0.107151,-20.3151,10.824,9.144,1.68,0.128088,0.0634974,10.736,9.104,1.632,51,100,,test,0.3849999999999998,1,1.0,test,train,train,train,train,test,train,train,train,train,0.37880164
6574,2021_Kelly,CC(=O)N1CCC[C@H]1C(=O)N(C)[C@H](CC(C)C)C(=O)N[C@@H]1C(=O)N[C@H](CC(C)C)C(=O)N(C)[C@@H](CC(C)C)C(=O)N(C)[C@H](CC(C)C)C(=O)N(C)[C@H](C)C(=O)N[C@@H](CC(C)C)C(=O)N2CCC[C@@H]2C(=O)O[C@@H]1C,L1_6.2.3.4.4.1,6574,-5.23,10,7,Lariat,0.144961,0.0788945,-29.3687,11.595,9.751,1.844,0.142239,0.0799775,11.535,9.945,1.59,26,87,,test,0.3849999999999998,1,1.0,test,valid,train,train,train,train,train,train,train,train,0.41601118
6571,2021_Kelly,CC(=O)N1CCC[C@H]1C(=O)N(C)[C@H](CC(C)C)C(=O)N[C@@H]1C(=O)N[C@H](CC(C)C)C(=O)N(C)[C@@H](CC(C)C)C(=O)N[C@H](CC(C)C)C(=O)N(C)[C@H](C)C(=O)N[C@@H](CC(C)C)C(=O)N2CCC[C@@H]2C(=O)O[C@@H]1C,L1_6.2.3.2.4.1,6571,-5.1,10,7,Lariat,0.121401,0.0629584,-32.1922,11.454,9.938,1.516,0.158101,0.0933552,11.297,10.127,1.17,51,66,,test,0.4500000000000002,1,1.0,test,train,train,train,train,test,train,train,train,train,0.3877842
6562,2021_Kelly,CC(=O)N1CCC[C@H]1C(=O)N(C)[C@H](CC(C)C)C(=O)N[C@@H]1C(=O)N[C@H](CC(C)C)C(=O)N[C@@H](CC(C)C)C(=O)N[C@@H](CC(C)C)C(=O)N(C)[C@@H](C)C(=O)N[C@@H](CC(C)C)C(=O)N2CCC[C@@H]2C(=O)O[C@@H]1C,L1_6.2.1.1.3.1,6562,-5.44,10,7,Lariat,0.224835,0.136858,-30.1859,11.305,9.659,1.646,0.156958,0.0857624,11.511,9.942,1.569,15,82,,test,0.2799999999999998,1,1.0,test,train,train,train,valid,train,train,train,train,train,0.056536213
6550,2021_Kelly,CC(=O)N1CCC[C@H]1C(=O)N(C)[C@H](CC(C)C)C(=O)N[C@@H]1C(=O)N[C@@H](CC(C)C)C(=O)N[C@H](CC(C)C)C(=O)N(C)[C@H](CC(C)C)C(=O)N[C@@H](C)C(=O)N[C@@H](CC(C)C)C(=O)N2CCC[C@@H]2C(=O)O[C@@H]1C,L1_6.1.2.4.1.1,6550,-6.24,10,7,Lariat,0.282671,0.206257,-30.8704,11.65,9.863,1.787,0.161241,0.083974,11.872,9.96,1.912,12,84,,test,-0.1200000000000001,0,0.0,test,train,train,train,train,train,train,train,train,train,-0.118103795
6537,2021_Kelly,CC(=O)N1CCC[C@H]1C(=O)N(C)[C@H](CC(C)C)C(=O)N[C@@H]1C(=O)N(C)[C@H](CC(C)C)C(=O)N[C@H](CC(C)C)C(=O)N[C@H](CC(C)C)C(=O)N[C@H](C)C(=O)N[C@@H](CC(C)C)C(=O)N2CCC[C@H]2C(=O)O[C@@H]1C,L1_5.4.2.2.2.1,6537,-5.85,10,7,Lariat,0.132037,0.0701934,-25.003,10.842,9.049,1.793,0.127989,0.0621071,10.247,8.596,1.651,54,81,,test,0.0750000000000001,1,1.0,test,train,train,train,valid,train,train,train,train,train,-0.06487538
6510,2021_Kelly,CC(=O)N1CCC[C@H]1C(=O)N(C)[C@H](CC(C)C)C(=O)N[C@@H]1C(=O)N[C@H](CC(C)C)C(=O)N(C)[C@H](CC(C)C)C(=O)N[C@H](CC(C)C)C(=O)N(C)[C@H](C)C(=O)N[C@@H](CC(C)C)C(=O)N2CCC[C@H]2C(=O)O[C@@H]1C,L1_5.2.4.2.4.1,6510,-5.4,10,7,Lariat,0.2684,0.162518,-24.5872,11.051,9.428,1.623,0.244334,0.143758,11.722,10.033,1.689,45,36,,test,0.2999999999999998,1,1.0,test,train,valid,test,train,train,train,test,train,train,0.3449771
6503,2021_Kelly,CC(=O)N1CCC[C@H]1C(=O)N(C)[C@H](CC(C)C)C(=O)N[C@@H]1C(=O)N[C@H](CC(C)C)C(=O)N[C@H](CC(C)C)C(=O)N(C)[C@H](CC(C)C)C(=O)N(C)[C@@H](C)C(=O)N[C@@H](CC(C)C)C(=O)N2CCC[C@H]2C(=O)O[C@@H]1C,L1_5.2.2.4.3.1,6503,-5.69,10,7,Lariat,0.174904,0.110574,-30.7232,11.545,9.793,1.752,0.231652,0.1424,11.641,9.901,1.74,100,56,,test,0.1549999999999998,1,1.0,test,train,train,train,train,train,valid,test,valid,train,0.18780226
6489,2021_Kelly,CC(=O)N1CCC[C@H]1C(=O)N(C)[C@H](CC(C)C)C(=O)N[C@@H]1C(=O)N[C@@H](CC(C)C)C(=O)N(C)[C@@H](CC(C)C)C(=O)N[C@H](CC(C)C)C(=O)N[C@@H](C)C(=O)N[C@@H](CC(C)C)C(=O)N2CCC[C@H]2C(=O)O[C@@H]1C,L1_5.1.3.2.1.1,6489,-6.89,10,7,Lariat,0.158754,0.0924029,-42.6747,12.281,10.191,2.09,0.157209,0.0895665,11.172,9.463,1.709,7,39,,test,-0.4449999999999998,0,0.0,test,train,train,valid,train,train,train,train,train,train,-0.20820856
6488,2021_Kelly,CC(=O)N1CCC[C@H]1C(=O)N(C)[C@H](CC(C)C)C(=O)N[C@@H]1C(=O)N[C@@H](CC(C)C)C(=O)N[C@H](CC(C)C)C(=O)N(C)[C@H](CC(C)C)C(=O)N[C@H](C)C(=O)N[C@@H](CC(C)C)C(=O)N2CCC[C@H]2C(=O)O[C@@H]1C,L1_5.1.2.4.2.1,6488,-6.43,10,7,Lariat,0.158063,0.0944482,-35.752,11.526,9.549,1.977,0.18369,0.113245,11.395,9.699,1.696,88,59,,test,-0.2149999999999998,0,0.0,test,train,train,test,train,train,train,train,train,train,-0.059258096
6481,2021_Kelly,CC(=O)N1CCC[C@H]1C(=O)N(C)[C@H](CC(C)C)C(=O)N[C@@H]1C(=O)N[C@@H](CC(C)C)C(=O)N[C@@H](CC(C)C)C(=O)N(C)[C@H](CC(C)C)C(=O)N(C)[C@H](C)C(=O)N[C@@H](CC(C)C)C(=O)N2CCC[C@H]2C(=O)O[C@@H]1C,L1_5.1.1.4.4.1,6481,-5.44,10,7,Lariat,0.250851,0.172894,-23.5612,11.581,9.882,1.699,0.161455,0.0915597,10.826,9.359,1.467,38,90,,test,0.2799999999999998,1,1.0,test,train,train,test,train,train,train,train,train,train,0.09643001
6468,2021_Kelly,CC(=O)N1CCC[C@@H]1C(=O)N(C)[C@@H](CC(C)C)C(=O)N[C@@H]1C(=O)N(C)[C@H](CC(C)C)C(=O)N(C)[C@@H](CC(C)C)C(=O)N(C)[C@H](CC(C)C)C(=O)N(C)[C@H](C)C(=O)N[C@@H](CC(C)C)C(=O)N2CCC[C@@H]2C(=O)O[C@@H]1C,L1_4.4.3.4.4.1,6468,-5.05,10,7,Lariat,0.12751,0.0622404,-24.6709,11.747,10.031,1.716,0.138135,0.0684838,11.311,9.714,1.597,7,88,,test,0.4750000000000001,1,1.0,test,train,train,train,train,train,valid,train,train,train,0.3933953
6445,2021_Kelly,CC(=O)N1CCC[C@@H]1C(=O)N(C)[C@@H](CC(C)C)C(=O)N[C@@H]1C(=O)N(C)[C@@H](CC(C)C)C(=O)N[C@H](CC(C)C)C(=O)N[C@H](CC(C)C)C(=O)N[C@@H](C)C(=O)N[C@@H](CC(C)C)C(=O)N2CCC[C@@H]2C(=O)O[C@@H]1C,L1_4.3.2.2.1.1,6445,-6.63,10,7,Lariat,0.178353,0.10757,-31.5205,11.554,9.665,1.889,0.186135,0.117664,11.222,9.53,1.692,34,7,,test,-0.3149999999999999,0,0.0,test,train,train,valid,train,train,train,train,valid,train,-0.2554644
6423,2021_Kelly,CC(=O)N1CCC[C@@H]1C(=O)N(C)[C@@H](CC(C)C)C(=O)N[C@@H]1C(=O)N[C@H](CC(C)C)C(=O)N[C@H](CC(C)C)C(=O)N[C@@H](CC(C)C)C(=O)N[C@@H](C)C(=O)N[C@@H](CC(C)C)C(=O)N2CCC[C@@H]2C(=O)O[C@@H]1C,L1_4.2.2.1.1.1,6423,-7.21,10,7,Lariat,0.232363,0.162726,-39.4682,11.861,9.783,2.078,0.132406,0.0573258,10.458,9.169,1.289,37,48,,test,-0.605,0,0.0,test,train,valid,train,train,train,train,train,train,train,-0.15213361
6421,2021_Kelly,CC(=O)N1CCC[C@@H]1C(=O)N(C)[C@@H](CC(C)C)C(=O)N[C@@H]1C(=O)N[C@H](CC(C)C)C(=O)N[C@@H](CC(C)C)C(=O)N(C)[C@H](CC(C)C)C(=O)N(C)[C@@H](C)C(=O)N[C@@H](CC(C)C)C(=O)N2CCC[C@@H]2C(=O)O[C@@H]1C,L1_4.2.1.4.3.1,6421,-5.28,10,7,Lariat,0.181711,0.11447,-32.7179,11.048,9.459,1.589,0.194751,0.136392,11.368,9.918,1.45,60,88,,test,0.3599999999999999,1,1.0,test,train,train,train,train,train,train,train,train,train,0.28886968
6415,2021_Kelly,CC(=O)N1CCC[C@@H]1C(=O)N(C)[C@@H](CC(C)C)C(=O)N[C@@H]1C(=O)N[C@H](CC(C)C)C(=O)N[C@@H](CC(C)C)C(=O)N[C@@H](CC(C)C)C(=O)N[C@@H](C)C(=O)N[C@@H](CC(C)C)C(=O)N2CCC[C@@H]2C(=O)O[C@@H]1C,L1_4.2.1.1.1.1,6415,-6.97,10,7,Lariat,0.252806,0.163581,-35.115,11.303,9.375,1.928,0.139016,0.0695013,10.224,8.868,1.356,51,67,,test,-0.4849999999999999,0,0.0,test,train,train,train,train,train,train,valid,train,train,-0.19557327
6398,2021_Kelly,CC(=O)N1CCC[C@@H]1C(=O)N(C)[C@@H](CC(C)C)C(=O)N[C@@H]1C(=O)N[C@@H](CC(C)C)C(=O)N[C@H](CC(C)C)C(=O)N[C@H](CC(C)C)C(=O)N[C@@H](C)C(=O)N[C@@H](CC(C)C)C(=O)N2CCC[C@@H]2C(=O)O[C@@H]1C,L1_4.1.2.2.1.1,6398,-7.01,10,7,Lariat,0.190748,0.115827,-49.3337,12.228,10.06,2.168,0.234643,0.157657,10.507,8.815,1.692,93,42,,test,-0.5049999999999999,0,0.0,test,train,train,train,train,train,train,train,train,train,-0.35704726
6396,2021_Kelly,CC(=O)N1CCC[C@@H]1C(=O)N(C)[C@@H](CC(C)C)C(=O)N[C@@H]1C(=O)N[C@@H](CC(C)C)C(=O)N[C@H](CC(C)C)C(=O)N[C@@H](CC(C)C)C(=O)N[C@@H](C)C(=O)N[C@@H](CC(C)C)C(=O)N2CCC[C@@H]2C(=O)O[C@@H]1C,L1_4.1.2.1.1.1,6396,-6.5,10,7,Lariat,0.195872,0.118467,-37.8919,11.598,9.683,1.915,0.189674,0.114871,11.275,9.631,1.644,56,93,,test,-0.25,0,0.0,test,train,train,train,train,train,train,train,train,train,-0.3418004
6390,2021_Kelly,CC(=O)N1CCC[C@@H]1C(=O)N(C)[C@@H](CC(C)C)C(=O)N[C@@H]1C(=O)N(C)[C@H](CC(C)C)C(=O)N(C)[C@H](CC(C)C)C(=O)N(C)[C@H](CC(C)C)C(=O)N(C)[C@@H](C)C(=O)N[C@@H](CC(C)C)C(=O)N2CCC[C@H]2C(=O)O[C@@H]1C,L1_3.4.4.4.3.1,6390,-5.46,10,7,Lariat,0.119129,0.0663392,-20.6324,11.33,9.641,1.689,0.0994236,0.0389283,10.775,9.57,1.205,68,24,,test,0.27,1,1.0,test,train,train,train,valid,train,valid,train,train,train,0.34865615
6375,2021_Kelly,CC(=O)N1CCC[C@@H]1C(=O)N(C)[C@@H](CC(C)C)C(=O)N[C@@H]1C(=O)N(C)[C@H](CC(C)C)C(=O)N[C@H](CC(C)C)C(=O)N[C@H](CC(C)C)C(=O)N[C@@H](C)C(=O)N[C@@H](CC(C)C)C(=O)N2CCC[C@H]2C(=O)O[C@@H]1C,L1_3.4.2.2.1.1,6375,-6.5,10,7,Lariat,0.273079,0.18777,-27.5993,11.694,9.714,1.98,0.125838,0.0736976,10.067,8.821,1.246,57,73,,test,-0.25,0,0.0,test,train,train,train,valid,test,train,test,train,train,-0.35117218
6351,2021_Kelly,CC(=O)N1CCC[C@@H]1C(=O)N(C)[C@@H](CC(C)C)C(=O)N[C@@H]1C(=O)N[C@H](CC(C)C)C(=O)N(C)[C@H](CC(C)C)C(=O)N(C)[C@H](CC(C)C)C(=O)N(C)[C@H](C)C(=O)N[C@@H](CC(C)C)C(=O)N2CCC[C@H]2C(=O)O[C@@H]1C,L1_3.2.4.4.4.1,6351,-5.5,10,7,Lariat,0.192398,0.116228,-31.1867,12.19,10.311,1.879,0.151013,0.0832775,11.932,10.337,1.595,13,29,,test,0.25,1,1.0,test,train,test,train,train,valid,train,train,train,test,0.33747813
6347,2021_Kelly,CC(=O)N1CCC[C@@H]1C(=O)N(C)[C@@H](CC(C)C)C(=O)N[C@@H]1C(=O)N[C@H](CC(C)C)C(=O)N(C)[C@H](CC(C)C)C(=O)N(C)[C@@H](CC(C)C)C(=O)N(C)[C@@H](C)C(=O)N[C@@H](CC(C)C)C(=O)N2CCC[C@H]2C(=O)O[C@@H]1C,L1_3.2.4.3.3.1,6347,-5.3,10,7,Lariat,0.170422,0.109455,-25.0699,11.979,10.178,1.801,0.223767,0.147366,11.581,9.989,1.592,80,92,,test,0.3500000000000001,1,1.0,test,train,test,train,train,train,train,train,train,train,0.29998225
6344,2021_Kelly,CC(=O)N1CCC[C@@H]1C(=O)N(C)[C@@H](CC(C)C)C(=O)N[C@@H]1C(=O)N[C@H](CC(C)C)C(=O)N(C)[C@@H](CC(C)C)C(=O)N(C)[C@H](CC(C)C)C(=O)N(C)[C@@H](C)C(=O)N[C@@H](CC(C)C)C(=O)N2CCC[C@H]2C(=O)O[C@@H]1C,L1_3.2.3.4.3.1,6344,-5.37,10,7,Lariat,0.15251,0.102562,-30.0629,11.354,9.608,1.746,0.133075,0.0702281,11.155,9.783,1.372,38,67,,test,0.3149999999999999,1,1.0,test,train,train,train,train,train,train,train,valid,train,0.27473775
6333,2021_Kelly,CC(=O)N1CCC[C@@H]1C(=O)N(C)[C@@H](CC(C)C)C(=O)N[C@@H]1C(=O)N[C@@H](CC(C)C)C(=O)N(C)[C@H](CC(C)C)C(=O)N(C)[C@@H](CC(C)C)C(=O)N(C)[C@H](C)C(=O)N[C@@H](CC(C)C)C(=O)N2CCC[C@H]2C(=O)O[C@@H]1C,L1_3.1.4.3.4.1,6333,-5.45,10,7,Lariat,0.355399,0.258512,-30.8743,12.084,10.257,1.827,0.186137,0.115289,11.598,10.16,1.438,39,95,,test,0.2749999999999999,1,1.0,test,train,train,train,train,train,train,train,train,train,0.2306534
6319,2021_Kelly,CC(=O)N1CCC[C@@H]1C(=O)N(C)[C@@H](CC(C)C)C(=O)N[C@@H]1C(=O)N[C@@H](CC(C)C)C(=O)N[C@@H](CC(C)C)C(=O)N(C)[C@H](CC(C)C)C(=O)N[C@@H](C)C(=O)N[C@@H](CC(C)C)C(=O)N2CCC[C@H]2C(=O)O[C@@H]1C,L1_3.1.1.4.1.1,6319,-5.94,10,7,Lariat,0.268977,0.198038,-29.4722,11.503,9.475,2.028,0.122037,0.0632459,10.642,9.072,1.57,65,97,,test,0.0299999999999998,1,1.0,test,train,test,train,train,train,train,train,train,train,-0.27806923
6316,2021_Kelly,CC(=O)N1CCC[C@@H]1C(=O)N(C)[C@@H](CC(C)C)C(=O)N[C@@H]1C(=O)N[C@@H](CC(C)C)C(=O)N[C@@H](CC(C)C)C(=O)N(C)[C@@H](CC(C)C)C(=O)N[C@@H](C)C(=O)N[C@@H](CC(C)C)C(=O)N2CCC[C@H]2C(=O)O[C@@H]1C,L1_3.1.1.3.1.1,6316,-6.09,10,7,Lariat,0.211611,0.141478,-36.1626,11.958,9.919,2.039,0.224343,0.147108,11.479,9.723,1.756,9,59,,test,-0.0449999999999999,0,0.0,test,train,train,test,train,train,train,valid,valid,train,-0.2562116
6313,2021_Kelly,CC(=O)N1CCC[C@@H]1C(=O)N(C)[C@@H](CC(C)C)C(=O)N[C@@H]1C(=O)N[C@@H](CC(C)C)C(=O)N[C@@H](CC(C)C)C(=O)N[C@@H](CC(C)C)C(=O)N(C)[C@H](C)C(=O)N[C@@H](CC(C)C)C(=O)N2CCC[C@H]2C(=O)O[C@@H]1C,L1_3.1.1.1.4.1,6313,-6.04,10,7,Lariat,0.171857,0.103815,-33.4887,11.52,9.573,1.947,0.165017,0.0913149,11.782,10.055,1.727,22,94,,test,-0.02,0,0.0,test,test,train,train,train,train,train,train,train,train,-0.30413902
6305,2021_Kelly,CC(=O)N1CCC[C@H]1C(=O)N(C)[C@@H](CC(C)C)C(=O)N[C@@H]1C(=O)N(C)[C@H](CC(C)C)C(=O)N(C)[C@@H](CC(C)C)C(=O)N[C@@H](CC(C)C)C(=O)N(C)[C@H](C)C(=O)N[C@@H](CC(C)C)C(=O)N2CCC[C@@H]2C(=O)O[C@@H]1C,L1_2.4.3.1.4.1,6305,-6.09,10,7,Lariat,0.219084,0.134406,-35.1001,11.964,10.021,1.943,0.14868,0.0872298,12.021,10.169,1.852,19,14,,test,-0.0449999999999999,0,0.0,test,train,train,train,test,train,train,train,train,train,0.3158475
6301,2021_Kelly,CC(=O)N1CCC[C@H]1C(=O)N(C)[C@@H](CC(C)C)C(=O)N[C@@H]1C(=O)N(C)[C@H](CC(C)C)C(=O)N[C@@H](CC(C)C)C(=O)N(C)[C@H](CC(C)C)C(=O)N(C)[C@@H](C)C(=O)N[C@@H](CC(C)C)C(=O)N2CCC[C@@H]2C(=O)O[C@@H]1C,L1_2.4.1.4.3.1,6301,-5.25,10,7,Lariat,0.161127,0.0970156,-24.308,11.631,9.731,1.9,0.141922,0.0766319,11.668,9.82,1.848,88,97,,test,0.375,1,1.0,test,train,train,train,train,train,test,train,test,train,0.32597315
6284,2021_Kelly,CC(=O)N1CCC[C@H]1C(=O)N(C)[C@@H](CC(C)C)C(=O)N[C@@H]1C(=O)N[C@H](CC(C)C)C(=O)N(C)[C@@H](CC(C)C)C(=O)N[C@H](CC(C)C)C(=O)N(C)[C@H](C)C(=O)N[C@@H](CC(C)C)C(=O)N2CCC[C@@H]2C(=O)O[C@@H]1C,L1_2.2.3.2.4.1,6284,-5.03,10,7,Lariat,0.185109,0.108109,-31.461,11.524,9.708,1.816,0.105243,0.0478192,10.56,9.058,1.502,13,100,,test,0.4849999999999999,1,1.0,test,train,valid,train,train,train,train,train,train,train,0.34159696
6271,2021_Kelly,CC(=O)N1CCC[C@H]1C(=O)N(C)[C@@H](CC(C)C)C(=O)N[C@@H]1C(=O)N[C@@H](CC(C)C)C(=O)N(C)[C@H](CC(C)C)C(=O)N(C)[C@@H](CC(C)C)C(=O)N(C)[C@@H](C)C(=O)N[C@@H](CC(C)C)C(=O)N2CCC[C@@H]2C(=O)O[C@@H]1C,L1_2.1.4.3.3.1,6271,-5.62,10,7,Lariat,0.177481,0.117414,-24.5944,11.663,9.835,1.828,0.173577,0.106606,10.471,9.017,1.454,73,44,,test,0.1899999999999999,1,1.0,test,train,valid,train,valid,train,train,train,test,train,0.22387514
6264,2021_Kelly,CC(=O)N1CCC[C@H]1C(=O)N(C)[C@@H](CC(C)C)C(=O)N[C@@H]1C(=O)N[C@@H](CC(C)C)C(=O)N(C)[C@@H](CC(C)C)C(=O)N[C@H](CC(C)C)C(=O)N(C)[C@H](C)C(=O)N[C@@H](CC(C)C)C(=O)N2CCC[C@@H]2C(=O)O[C@@H]1C,L1_2.1.3.2.4.1,6264,-5.02,10,7,Lariat,0.26391,0.157584,-34.5849,11.981,10.109,1.872,0.134474,0.0651424,10.458,9.224,1.234,34,33,,test,0.4900000000000002,1,1.0,test,train,train,test,train,train,train,train,train,train,0.23143864
6260,2021_Kelly,CC(=O)N1CCC[C@H]1C(=O)N(C)[C@@H](CC(C)C)C(=O)N[C@@H]1C(=O)N[C@@H](CC(C)C)C(=O)N[C@H](CC(C)C)C(=O)N(C)[C@H](CC(C)C)C(=O)N(C)[C@@H](C)C(=O)N[C@@H](CC(C)C)C(=O)N2CCC[C@@H]2C(=O)O[C@@H]1C,L1_2.1.2.4.3.1,6260,-5.94,10,7,Lariat,0.199898,0.124959,-33.0566,11.597,9.609,1.988,0.179645,0.107906,11.373,9.61,1.763,96,16,,test,0.0299999999999998,1,1.0,test,train,train,train,train,train,train,valid,test,valid,0.05533153
6256,2021_Kelly,CC(=O)N1CCC[C@@H]1C(=O)N(C)[C@H](CC(C)C)C(=O)N[C@@H]1C(=O)N(C)[C@H](CC(C)C)C(=O)N(C)[C@H](CC(C)C)C(=O)N[C@@H](CC(C)C)C(=O)N(C)[C@@H](C)C(=O)N[C@H](CC(C)C)C(=O)N2CCC[C@@H]2C(=O)O[C@@H]1C,L1_16.4.4.1.3.2,6256,-4.98,10,7,Lariat,0.134978,0.0723483,-29.9345,11.622,10.119,1.503,0.144133,0.0813667,11.149,9.661,1.488,59,43,,test,0.5099999999999998,1,1.0,test,train,train,train,train,train,train,test,test,train,0.32463256
6235,2021_Kelly,CC(=O)N1CCC[C@@H]1C(=O)N(C)[C@H](CC(C)C)C(=O)N[C@@H]1C(=O)N(C)[C@@H](CC(C)C)C(=O)N(C)[C@@H](CC(C)C)C(=O)N[C@@H](CC(C)C)C(=O)N(C)[C@@H](C)C(=O)N[C@H](CC(C)C)C(=O)N2CCC[C@@H]2C(=O)O[C@@H]1C,L1_16.3.3.1.3.2,6235,-5.26,10,7,Lariat,0.181443,0.10725,-27.477,11.728,9.91,1.818,0.191555,0.127243,11.589,9.954,1.635,7,72,,test,0.3700000000000001,1,1.0,test,train,train,train,train,train,train,valid,train,train,0.11608637
6229,2021_Kelly,CC(=O)N1CCC[C@@H]1C(=O)N(C)[C@H](CC(C)C)C(=O)N[C@@H]1C(=O)N(C)[C@@H](CC(C)C)C(=O)N[C@@H](CC(C)C)C(=O)N[C@@H](CC(C)C)C(=O)N[C@H](C)C(=O)N[C@H](CC(C)C)C(=O)N2CCC[C@@H]2C(=O)O[C@@H]1C,L1_16.3.1.1.2.2,6229,-6.95,10,7,Lariat,0.228826,0.156913,-30.065,10.881,9.224,1.657,0.212471,0.135836,11.08,9.422,1.658,75,91,,test,-0.4750000000000001,0,0.0,test,train,train,test,train,valid,train,test,test,train,-0.5977391
6227,2021_Kelly,CC(=O)N1CCC[C@@H]1C(=O)N(C)[C@H](CC(C)C)C(=O)N[C@@H]1C(=O)N[C@H](CC(C)C)C(=O)N(C)[C@H](CC(C)C)C(=O)N(C)[C@H](CC(C)C)C(=O)N(C)[C@H](C)C(=O)N[C@H](CC(C)C)C(=O)N2CCC[C@@H]2C(=O)O[C@@H]1C,L1_16.2.4.4.4.2,6227,-5.44,10,7,Lariat,0.260688,0.181624,-20.8465,11.402,9.882,1.52,0.106967,0.0450415,11.018,9.978,1.04,16,82,,test,0.2799999999999998,1,1.0,test,train,train,test,valid,train,train,valid,train,train,0.29857594
6225,2021_Kelly,CC(=O)N1CCC[C@@H]1C(=O)N(C)[C@H](CC(C)C)C(=O)N[C@@H]1C(=O)N[C@H](CC(C)C)C(=O)N(C)[C@H](CC(C)C)C(=O)N[C@H](CC(C)C)C(=O)N(C)[C@H](C)C(=O)N[C@H](CC(C)C)C(=O)N2CCC[C@@H]2C(=O)O[C@@H]1C,L1_16.2.4.2.4.2,6225,-6.18,10,7,Lariat,0.14238,0.0823066,-33.3513,10.994,9.73,1.264,0.155619,0.10229,11.705,10.039,1.666,41,71,,test,-0.0899999999999998,0,0.0,test,train,train,test,train,valid,train,train,train,train,0.22288126
6204,2021_Kelly,CC(=O)N1CCC[C@@H]1C(=O)N(C)[C@H](CC(C)C)C(=O)N[C@@H]1C(=O)N[C@@H](CC(C)C)C(=O)N(C)[C@H](CC(C)C)C(=O)N[C@H](CC(C)C)C(=O)N[C@H](C)C(=O)N[C@H](CC(C)C)C(=O)N2CCC[C@@H]2C(=O)O[C@@H]1C,L1_16.1.4.2.2.2,6204,-6.97,10,7,Lariat,0.192582,0.127869,-30.9216,10.781,8.925,1.856,0.228314,0.160474,10.923,9.421,1.502,40,49,,test,-0.4849999999999999,0,0.0,test,train,train,test,train,train,test,train,train,train,-0.40578339
6198,2021_Kelly,CC(=O)N1CCC[C@@H]1C(=O)N(C)[C@H](CC(C)C)C(=O)N[C@@H]1C(=O)N[C@@H](CC(C)C)C(=O)N[C@@H](CC(C)C)C(=O)N(C)[C@H](CC(C)C)C(=O)N(C)[C@@H](C)C(=O)N[C@H](CC(C)C)C(=O)N2CCC[C@@H]2C(=O)O[C@@H]1C,L1_16.1.1.4.3.2,6198,-6.28,10,7,Lariat,0.238247,0.15016,-34.8585,11.307,9.38,1.927,0.151897,0.0834646,10.738,9.207,1.531,85,56,,test,-0.1400000000000001,0,0.0,test,train,train,test,train,valid,train,train,train,train,-0.019690055
6179,2021_Kelly,CC(=O)N1CCC[C@@H]1C(=O)N(C)[C@H](CC(C)C)C(=O)N[C@@H]1C(=O)N(C)[C@@H](CC(C)C)C(=O)N(C)[C@H](CC(C)C)C(=O)N(C)[C@@H](CC(C)C)C(=O)N(C)[C@@H](C)C(=O)N[C@H](CC(C)C)C(=O)N2CCC[C@H]2C(=O)O[C@@H]1C,L1_15.3.4.3.3.2,6179,-5.19,10,7,Lariat,0.140779,0.0786538,-19.3295,11.617,10.003,1.614,0.144617,0.0868808,11.21,9.737,1.473,11,53,,test,0.4049999999999998,1,1.0,test,train,train,test,train,train,train,test,train,train,0.25766343
6178,2021_Kelly,CC(=O)N1CCC[C@@H]1C(=O)N(C)[C@H](CC(C)C)C(=O)N[C@@H]1C(=O)N(C)[C@@H](CC(C)C)C(=O)N(C)[C@H](CC(C)C)C(=O)N(C)[C@@H](CC(C)C)C(=O)N[C@@H](C)C(=O)N[C@H](CC(C)C)C(=O)N2CCC[C@H]2C(=O)O[C@@H]1C,L1_15.3.4.3.1.2,6178,-5.94,10,7,Lariat,0.17514,0.113144,-29.2066,11.393,9.593,1.8,0.12999,0.0734804,10.546,9.221,1.325,85,67,,test,0.0299999999999998,1,1.0,test,test,train,train,train,train,valid,train,train,valid,0.15087363
6177,2021_Kelly,CC(=O)N1CCC[C@@H]1C(=O)N(C)[C@H](CC(C)C)C(=O)N[C@@H]1C(=O)N(C)[C@@H](CC(C)C)C(=O)N(C)[C@H](CC(C)C)C(=O)N[C@@H](CC(C)C)C(=O)N(C)[C@H](C)C(=O)N[C@H](CC(C)C)C(=O)N2CCC[C@H]2C(=O)O[C@@H]1C,L1_15.3.4.1.4.2,6177,-5.63,10,7,Lariat,0.139544,0.0852914,-27.0374,11.571,10.053,1.518,0.138198,0.0805489,11.42,10.057,1.363,90,33,,test,0.185,1,1.0,test,test,train,train,train,train,valid,train,train,train,0.27341878
6164,2021_Kelly,CC(=O)N1CCC[C@@H]1C(=O)N(C)[C@H](CC(C)C)C(=O)N[C@@H]1C(=O)N(C)[C@@H](CC(C)C)C(=O)N[C@@H](CC(C)C)C(=O)N[C@@H](CC(C)C)C(=O)N[C@H](C)C(=O)N[C@H](CC(C)C)C(=O)N2CCC[C@H]2C(=O)O[C@@H]1C,L1_15.3.1.1.2.2,6164,-6.48,10,7,Lariat,0.250526,0.171008,-39.2545,11.817,9.926,1.891,0.358204,0.272538,11.012,9.428,1.584,28,44,,test,-0.2400000000000002,0,0.0,test,train,train,train,train,train,train,train,train,train,-0.41160166
6117,2021_Kelly,CC(=O)N1CCC[C@@H]1C(=O)N(C)[C@H](CC(C)C)C(=O)N[C@@H]1C(=O)N[C@@H](CC(C)C)C(=O)N(C)[C@@H](CC(C)C)C(=O)N(C)[C@@H](CC(C)C)C(=O)N[C@@H](C)C(=O)N[C@H](CC(C)C)C(=O)N2CCC[C@H]2C(=O)O[C@@H]1C,L1_15.1.3.3.1.2,6117,-6.47,10,7,Lariat,0.222267,0.137624,-34.4502,11.713,9.907,1.806,0.264538,0.183013,11.553,9.862,1.691,93,2,,test,-0.2349999999999998,0,0.0,test,train,train,train,test,train,train,train,train,train,-0.23836452
6103,2021_Kelly,CC(=O)N1CCC[C@@H]1C(=O)N(C)[C@H](CC(C)C)C(=O)N[C@@H]1C(=O)N[C@@H](CC(C)C)C(=O)N[C@@H](CC(C)C)C(=O)N(C)[C@@H](CC(C)C)C(=O)N(C)[C@@H](C)C(=O)N[C@H](CC(C)C)C(=O)N2CCC[C@H]2C(=O)O[C@@H]1C,L1_15.1.1.3.3.2,6103,-6.87,10,7,Lariat,0.136532,0.0779204,-36.1065,11.58,9.847,1.733,0.186591,0.115779,11.659,9.909,1.75,37,4,,test,-0.435,0,0.0,test,train,train,train,train,train,train,train,train,train,-0.26169884
6099,2021_Kelly,CC(=O)N1CCC[C@H]1C(=O)N(C)[C@H](CC(C)C)C(=O)N[C@@H]1C(=O)N(C)[C@H](CC(C)C)C(=O)N(C)[C@H](CC(C)C)C(=O)N[C@H](CC(C)C)C(=O)N(C)[C@H](C)C(=O)N[C@H](CC(C)C)C(=O)N2CCC[C@@H]2C(=O)O[C@@H]1C,L1_14.4.4.2.4.2,6099,-5.52,10,7,Lariat,0.238418,0.152839,-25.2829,11.603,9.564,2.039,0.160922,0.0906435,12.01,10.047,1.963,15,47,,test,0.2400000000000002,1,1.0,test,train,train,train,train,train,valid,train,train,valid,0.34214237
6087,2021_Kelly,CC(=O)N1CCC[C@H]1C(=O)N(C)[C@H](CC(C)C)C(=O)N[C@@H]1C(=O)N(C)[C@@H](CC(C)C)C(=O)N(C)[C@H](CC(C)C)C(=O)N(C)[C@H](CC(C)C)C(=O)N(C)[C@@H](C)C(=O)N[C@H](CC(C)C)C(=O)N2CCC[C@@H]2C(=O)O[C@@H]1C,L1_14.3.4.4.3.2,6087,-5.46,10,7,Lariat,0.181525,0.112067,-24.4421,12.032,10.235,1.797,0.183028,0.116657,11.87,10.206,1.664,57,75,,test,0.27,1,1.0,test,train,train,valid,train,train,train,train,train,train,0.3139205
6078,2021_Kelly,CC(=O)N1CCC[C@H]1C(=O)N(C)[C@H](CC(C)C)C(=O)N[C@@H]1C(=O)N(C)[C@@H](CC(C)C)C(=O)N(C)[C@@H](CC(C)C)C(=O)N[C@@H](CC(C)C)C(=O)N[C@@H](C)C(=O)N[C@H](CC(C)C)C(=O)N2CCC[C@@H]2C(=O)O[C@@H]1C,L1_14.3.3.1.1.2,6078,-6.43,10,7,Lariat,0.248979,0.177633,-33.8155,11.908,9.795,2.113,0.0912849,0.0427912,10.494,8.894,1.6,24,90,,test,-0.2149999999999998,0,0.0,test,valid,train,train,train,train,train,train,test,train,-0.21929118
6076,2021_Kelly,CC(=O)N1CCC[C@H]1C(=O)N(C)[C@H](CC(C)C)C(=O)N[C@@H]1C(=O)N(C)[C@@H](CC(C)C)C(=O)N[C@H](CC(C)C)C(=O)N(C)[C@@H](CC(C)C)C(=O)N(C)[C@@H](C)C(=O)N[C@H](CC(C)C)C(=O)N2CCC[C@@H]2C(=O)O[C@@H]1C,L1_14.3.2.3.3.2,6076,-6.11,10,7,Lariat,0.240479,0.173296,-26.4864,11.223,9.484,1.739,0.121742,0.0677484,11.042,9.38,1.662,46,8,,test,-0.0550000000000001,0,0.0,test,train,test,train,train,train,train,train,train,train,0.23920703
6067,2021_Kelly,CC(=O)N1CCC[C@H]1C(=O)N(C)[C@H](CC(C)C)C(=O)N[C@@H]1C(=O)N[C@H](CC(C)C)C(=O)N(C)[C@@H](CC(C)C)C(=O)N[C@@H](CC(C)C)C(=O)N(C)[C@@H](C)C(=O)N[C@H](CC(C)C)C(=O)N2CCC[C@@H]2C(=O)O[C@@H]1C,L1_14.2.3.1.3.2,6067,-5.08,10,7,Lariat,0.126177,0.0742247,-26.0886,11.068,9.504,1.564,0.142647,0.0865024,11.607,9.886,1.721,36,93,,test,0.4599999999999999,1,1.0,test,train,train,train,train,train,test,valid,train,test,0.31082886
6058,2021_Kelly,CC(=O)N1CCC[C@H]1C(=O)N(C)[C@H](CC(C)C)C(=O)N[C@@H]1C(=O)N[C@H](CC(C)C)C(=O)N[C@@H](CC(C)C)C(=O)N(C)[C@H](CC(C)C)C(=O)N[C@@H](C)C(=O)N[C@H](CC(C)C)C(=O)N2CCC[C@@H]2C(=O)O[C@@H]1C,L1_14.2.1.4.1.2,6058,-5.93,10,7,Lariat,0.228935,0.158051,-35.148,11.506,9.446,2.06,0.184633,0.110802,11.61,9.675,1.935,30,63,,test,0.0350000000000001,1,1.0,test,train,train,train,train,train,train,test,train,valid,0.044881664
6050,2021_Kelly,CC(=O)N1CCC[C@H]1C(=O)N(C)[C@H](CC(C)C)C(=O)N[C@@H]1C(=O)N[C@@H](CC(C)C)C(=O)N(C)[C@H](CC(C)C)C(=O)N[C@H](CC(C)C)C(=O)N(C)[C@H](C)C(=O)N[C@H](CC(C)C)C(=O)N2CCC[C@@H]2C(=O)O[C@@H]1C,L1_14.1.4.2.4.2,6050,-6.4,10,7,Lariat,0.213306,0.146451,-30.9063,11.838,9.824,2.014,0.209648,0.147226,11.307,9.622,1.685,6,75,,test,-0.2000000000000001,0,0.0,test,train,valid,valid,valid,train,train,train,train,train,0.13496205
6042,2021_Kelly,CC(=O)N1CCC[C@H]1C(=O)N(C)[C@H](CC(C)C)C(=O)N[C@@H]1C(=O)N[C@@H](CC(C)C)C(=O)N[C@H](CC(C)C)C(=O)N[C@H](CC(C)C)C(=O)N[C@@H](C)C(=O)N[C@H](CC(C)C)C(=O)N2CCC[C@@H]2C(=O)O[C@@H]1C,L1_14.1.2.2.1.2,6042,-6.85,10,7,Lariat,0.253123,0.16241,-39.8144,11.681,9.518,2.163,0.138581,0.0799482,10.488,8.891,1.597,41,59,,test,-0.4249999999999998,0,0.0,test,train,train,test,train,train,valid,train,train,train,-0.5520284
6037,2021_Kelly,CC(=O)N1CCC[C@H]1C(=O)N(C)[C@H](CC(C)C)C(=O)N[C@@H]1C(=O)N[C@@H](CC(C)C)C(=O)N[C@@H](CC(C)C)C(=O)N[C@@H](CC(C)C)C(=O)N[C@@H](C)C(=O)N[C@H](CC(C)C)C(=O)N2CCC[C@@H]2C(=O)O[C@@H]1C,L1_14.1.1.1.1.2,6037,-7.68,10,7,Lariat,0.211649,0.132945,-30.7112,11.186,9.275,1.911,0.161069,0.0844242,11.265,9.396,1.869,10,99,,test,-0.8399999999999999,0,0.0,test,test,test,train,train,train,train,test,train,train,-0.7885548
6026,2021_Kelly,CC(=O)N1CCC[C@H]1C(=O)N(C)[C@H](CC(C)C)C(=O)N[C@@H]1C(=O)N(C)[C@H](CC(C)C)C(=O)N[C@H](CC(C)C)C(=O)N[C@H](CC(C)C)C(=O)N[C@H](C)C(=O)N[C@H](CC(C)C)C(=O)N2CCC[C@H]2C(=O)O[C@@H]1C,L1_13.4.2.2.2.2,6026,-6.2,10,7,Lariat,0.184236,0.107609,-34.7732,11.169,9.525,1.644,0.141817,0.0914162,10.359,9.005,1.354,100,81,,test,-0.1,0,0.0,test,train,train,train,train,train,train,train,valid,train,-0.1287707
6024,2021_Kelly,CC(=O)N1CCC[C@H]1C(=O)N(C)[C@H](CC(C)C)C(=O)N[C@@H]1C(=O)N(C)[C@@H](CC(C)C)C(=O)N(C)[C@H](CC(C)C)C(=O)N(C)[C@H](CC(C)C)C(=O)N(C)[C@@H](C)C(=O)N[C@H](CC(C)C)C(=O)N2CCC[C@H]2C(=O)O[C@@H]1C,L1_13.3.4.4.3.2,6024,-5.25,10,7,Lariat,0.212373,0.126532,-18.01,11.588,9.941,1.647,0.152366,0.0773452,11.515,9.933,1.582,71,28,,test,0.375,1,1.0,test,train,train,train,train,train,valid,train,train,train,0.2940336
6023,2021_Kelly,CC(=O)N1CCC[C@H]1C(=O)N(C)[C@H](CC(C)C)C(=O)N[C@@H]1C(=O)N(C)[C@@H](CC(C)C)C(=O)N(C)[C@H](CC(C)C)C(=O)N(C)[C@@H](CC(C)C)C(=O)N(C)[C@H](C)C(=O)N[C@H](CC(C)C)C(=O)N2CCC[C@H]2C(=O)O[C@@H]1C,L1_13.3.4.3.4.2,6023,-5.34,10,7,Lariat,0.142105,0.0807264,-20.3592,11.64,9.948,1.692,0.134545,0.0767772,11.506,9.912,1.594,68,65,,test,0.33,1,1.0,test,train,train,valid,train,valid,train,train,train,valid,0.30874252
6019,2021_Kelly,CC(=O)N1CCC[C@H]1C(=O)N(C)[C@H](CC(C)C)C(=O)N[C@@H]1C(=O)N(C)[C@@H](CC(C)C)C(=O)N(C)[C@@H](CC(C)C)C(=O)N[C@@H](CC(C)C)C(=O)N[C@@H](C)C(=O)N[C@H](CC(C)C)C(=O)N2CCC[C@H]2C(=O)O[C@@H]1C,L1_13.3.3.1.1.2,6019,-6.72,10,7,Lariat,0.177493,0.113661,-30.0611,11.796,9.929,1.867,0.192434,0.129569,11.243,9.592,1.651,88,76,,test,-0.3599999999999999,0,0.0,test,train,train,train,train,test,train,test,train,valid,-0.12398168
6009,2021_Kelly,CC(=O)N1CCC[C@H]1C(=O)N(C)[C@H](CC(C)C)C(=O)N[C@@H]1C(=O)N[C@H](CC(C)C)C(=O)N(C)[C@H](CC(C)C)C(=O)N[C@@H](CC(C)C)C(=O)N[C@@H](C)C(=O)N[C@H](CC(C)C)C(=O)N2CCC[C@H]2C(=O)O[C@@H]1C,L1_13.2.4.1.1.2,6009,-5.9,10,7,Lariat,0.14006,0.0833958,-27.5728,11.286,10.023,1.263,0.13924,0.0871917,11.035,9.882,1.153,45,50,,test,0.0499999999999998,1,1.0,test,test,train,train,valid,train,valid,test,train,train,0.12664005
6007,2021_Kelly,CC(=O)N1CCC[C@H]1C(=O)N(C)[C@H](CC(C)C)C(=O)N[C@@H]1C(=O)N[C@H](CC(C)C)C(=O)N(C)[C@@H](CC(C)C)C(=O)N[C@H](CC(C)C)C(=O)N[C@@H](C)C(=O)N[C@H](CC(C)C)C(=O)N2CCC[C@H]2C(=O)O[C@@H]1C,L1_13.2.3.2.1.2,6007,-6.15,10,7,Lariat,0.193821,0.128734,-29.2157,11.338,9.672,1.666,0.164765,0.105681,11.346,9.751,1.595,81,19,,test,-0.0750000000000001,0,0.0,test,train,train,train,train,train,train,train,train,valid,0.21214071
5984,2021_Kelly,CC(=O)N1CCC[C@H]1C(=O)N(C)[C@H](CC(C)C)C(=O)N[C@@H]1C(=O)N[C@@H](CC(C)C)C(=O)N[C@H](CC(C)C)C(=O)N(C)[C@@H](CC(C)C)C(=O)N[C@@H](C)C(=O)N[C@H](CC(C)C)C(=O)N2CCC[C@H]2C(=O)O[C@@H]1C,L1_13.1.2.3.1.2,5984,-5.79,10,7,Lariat,0.219857,0.143029,-38.2587,12.156,9.923,2.233,0.176458,0.0977849,11.787,9.777,2.01,48,70,,test,0.1049999999999999,1,1.0,test,train,test,train,train,train,train,train,train,train,0.020601228
5951,2021_Kelly,CC(=O)N1CCC[C@@H]1C(=O)N(C)[C@@H](CC(C)C)C(=O)N[C@@H]1C(=O)N(C)[C@@H](CC(C)C)C(=O)N[C@@H](CC(C)C)C(=O)N[C@@H](CC(C)C)C(=O)N[C@@H](C)C(=O)N[C@H](CC(C)C)C(=O)N2CCC[C@@H]2C(=O)O[C@@H]1C,L1_12.3.1.1.1.2,5951,-7.32,10,7,Lariat,0.244726,0.168727,-39.1909,11.483,9.627,1.856,0.229135,0.148426,11.162,9.429,1.733,74,13,,test,-0.6600000000000001,0,0.0,test,test,train,train,train,train,train,train,train,train,-0.6419647
5948,2021_Kelly,CC(=O)N1CCC[C@@H]1C(=O)N(C)[C@@H](CC(C)C)C(=O)N[C@@H]1C(=O)N[C@H](CC(C)C)C(=O)N[C@H](CC(C)C)C(=O)N(C)[C@H](CC(C)C)C(=O)N(C)[C@H](C)C(=O)N[C@H](CC(C)C)C(=O)N2CCC[C@@H]2C(=O)O[C@@H]1C,L1_12.2.2.4.4.2,5948,-5.82,10,7,Lariat,0.174024,0.110581,-23.0665,11.085,9.432,1.653,0.135997,0.0792257,10.183,8.812,1.371,93,51,,test,0.0899999999999998,1,1.0,test,train,valid,train,test,test,train,train,train,train,0.07028178
5928,2021_Kelly,CC(=O)N1CCC[C@@H]1C(=O)N(C)[C@@H](CC(C)C)C(=O)N[C@@H]1C(=O)N(C)[C@H](CC(C)C)C(=O)N(C)[C@H](CC(C)C)C(=O)N(C)[C@@H](CC(C)C)C(=O)N(C)[C@H](C)C(=O)N[C@H](CC(C)C)C(=O)N2CCC[C@H]2C(=O)O[C@@H]1C,L1_11.4.4.3.4.2,5928,-5.2,10,7,Lariat,0.156742,0.0946984,-20.0259,11.388,9.785,1.603,0.121146,0.0649232,10.676,9.443,1.233,95,25,,test,0.3999999999999999,1,1.0,test,train,train,train,test,train,train,train,train,valid,0.33513546
5919,2021_Kelly,CC(=O)N1CCC[C@@H]1C(=O)N(C)[C@@H](CC(C)C)C(=O)N[C@@H]1C(=O)N(C)[C@H](CC(C)C)C(=O)N(C)[C@@H](CC(C)C)C(=O)N(C)[C@@H](CC(C)C)C(=O)N[C@@H](C)C(=O)N[C@H](CC(C)C)C(=O)N2CCC[C@H]2C(=O)O[C@@H]1C,L1_11.4.3.3.1.2,5919,-5.13,10,7,Lariat,0.164851,0.10731,-21.0606,11.194,9.815,1.379,0.15282,0.0816121,11.294,9.751,1.543,52,27,,test,0.435,1,1.0,test,train,train,train,train,train,train,train,train,train,0.25876254
5892,2021_Kelly,CC(=O)N1CCC[C@@H]1C(=O)N(C)[C@@H](CC(C)C)C(=O)N[C@@H]1C(=O)N[C@H](CC(C)C)C(=O)N(C)[C@H](CC(C)C)C(=O)N[C@H](CC(C)C)C(=O)N(C)[C@H](C)C(=O)N[C@H](CC(C)C)C(=O)N2CCC[C@H]2C(=O)O[C@@H]1C,L1_11.2.4.2.4.2,5892,-5.47,10,7,Lariat,0.16693,0.0966669,-25.5704,11.583,10.073,1.51,0.181295,0.118392,11.295,9.924,1.371,41,42,,test,0.2650000000000001,1,1.0,test,train,train,valid,train,train,train,train,train,train,0.28061825
5886,2021_Kelly,CC(=O)N1CCC[C@@H]1C(=O)N(C)[C@@H](CC(C)C)C(=O)N[C@@H]1C(=O)N[C@H](CC(C)C)C(=O)N(C)[C@@H](CC(C)C)C(=O)N(C)[C@H](CC(C)C)C(=O)N(C)[C@@H](C)C(=O)N[C@H](CC(C)C)C(=O)N2CCC[C@H]2C(=O)O[C@@H]1C,L1_11.2.3.4.3.2,5886,-5.46,10,7,Lariat,0.16296,0.109046,-20.5281,11.01,9.804,1.206,0.157135,0.0933887,11.055,9.448,1.607,93,36,,test,0.27,1,1.0,test,test,train,train,train,test,train,train,train,train,0.2632044
5884,2021_Kelly,CC(=O)N1CCC[C@@H]1C(=O)N(C)[C@@H](CC(C)C)C(=O)N[C@@H]1C(=O)N[C@H](CC(C)C)C(=O)N(C)[C@@H](CC(C)C)C(=O)N(C)[C@@H](CC(C)C)C(=O)N(C)[C@H](C)C(=O)N[C@H](CC(C)C)C(=O)N2CCC[C@H]2C(=O)O[C@@H]1C,L1_11.2.3.3.4.2,5884,-5.53,10,7,Lariat,0.160717,0.10283,-21.6718,11.315,9.823,1.492,0.130717,0.0753573,10.816,9.346,1.47,98,3,,test,0.2349999999999998,1,1.0,test,train,valid,train,train,valid,train,valid,train,train,0.25540188
5883,2021_Kelly,CC(=O)N1CCC[C@@H]1C(=O)N(C)[C@@H](CC(C)C)C(=O)N[C@@H]1C(=O)N[C@H](CC(C)C)C(=O)N(C)[C@@H](CC(C)C)C(=O)N(C)[C@@H](CC(C)C)C(=O)N(C)[C@@H](C)C(=O)N[C@H](CC(C)C)C(=O)N2CCC[C@H]2C(=O)O[C@@H]1C,L1_11.2.3.3.3.2,5883,-5.4,10,7,Lariat,0.155181,0.0940438,-26.2481,11.656,9.723,1.933,0.126056,0.0531168,11.05,9.621,1.429,32,83,,test,0.2999999999999998,1,1.0,test,train,train,test,train,train,train,train,train,train,0.215265
5871,2021_Kelly,CC(=O)N1CCC[C@@H]1C(=O)N(C)[C@@H](CC(C)C)C(=O)N[C@@H]1C(=O)N[C@H](CC(C)C)C(=O)N[C@H](CC(C)C)C(=O)N[C@H](CC(C)C)C(=O)N[C@H](C)C(=O)N[C@H](CC(C)C)C(=O)N2CCC[C@H]2C(=O)O[C@@H]1C,L1_11.2.2.2.2.2,5871,-6.66,10,7,Lariat,0.151416,0.0925289,-43.0993,11.483,9.245,2.238,0.117298,0.0567186,10.431,8.908,1.523,12,38,,test,-0.33,0,0.0,test,train,train,train,train,train,train,train,test,train,-0.24018073
5865,2021_Kelly,CC(=O)N1CCC[C@@H]1C(=O)N(C)[C@@H](CC(C)C)C(=O)N[C@@H]1C(=O)N[C@H](CC(C)C)C(=O)N[C@@H](CC(C)C)C(=O)N(C)[C@H](CC(C)C)C(=O)N[C@@H](C)C(=O)N[C@H](CC(C)C)C(=O)N2CCC[C@H]2C(=O)O[C@@H]1C,L1_11.2.1.4.1.2,5865,-5.76,10,7,Lariat,0.19237,0.128184,-47.4478,12.04,9.779,2.261,0.124866,0.0590427,10.863,9.455,1.408,80,75,,test,0.1200000000000001,1,1.0,test,train,train,train,train,train,train,train,train,valid,0.08977582
5851,2021_Kelly,CC(=O)N1CCC[C@@H]1C(=O)N(C)[C@@H](CC(C)C)C(=O)N[C@@H]1C(=O)N[C@@H](CC(C)C)C(=O)N[C@H](CC(C)C)C(=O)N[C@H](CC(C)C)C(=O)N[C@@H](C)C(=O)N[C@H](CC(C)C)C(=O)N2CCC[C@H]2C(=O)O[C@@H]1C,L1_11.1.2.2.1.2,5851,-6.73,10,7,Lariat,0.145942,0.086399,-36.8752,11.384,9.415,1.969,0.123848,0.0551746,10.542,9.021,1.521,92,16,,test,-0.3650000000000002,0,0.0,test,train,valid,train,test,train,valid,train,test,train,-0.33533642
5846,2021_Kelly,CC(=O)N1CCC[C@@H]1C(=O)N(C)[C@@H](CC(C)C)C(=O)N[C@@H]1C(=O)N[C@@H](CC(C)C)C(=O)N[C@@H](CC(C)C)C(=O)N[C@H](CC(C)C)C(=O)N(C)[C@H](C)C(=O)N[C@H](CC(C)C)C(=O)N2CCC[C@H]2C(=O)O[C@@H]1C,L1_11.1.1.2.4.2,5846,-6.59,10,7,Lariat,0.198231,0.135631,-36.6307,11.84,9.928,1.912,0.170111,0.108326,10.631,9.2,1.431,60,21,,test,-0.2949999999999999,0,0.0,test,test,train,train,train,train,train,train,train,train,-0.13992974
5832,2021_Kelly,CC(=O)N1CCC[C@H]1C(=O)N(C)[C@@H](CC(C)C)C(=O)N[C@@H]1C(=O)N(C)[C@H](CC(C)C)C(=O)N[C@H](CC(C)C)C(=O)N(C)[C@@H](CC(C)C)C(=O)N(C)[C@H](C)C(=O)N[C@H](CC(C)C)C(=O)N2CCC[C@@H]2C(=O)O[C@@H]1C,L1_10.4.2.3.4.2,5832,-5.82,10,7,Lariat,0.24176,0.142249,-21.3235,11.004,9.528,1.476,0.196892,0.119971,10.88,9.187,1.693,45,93,,test,0.0899999999999998,1,1.0,test,train,test,train,train,train,train,train,train,train,0.23941922
5825,2021_Kelly,CC(=O)N1CCC[C@H]1C(=O)N(C)[C@@H](CC(C)C)C(=O)N[C@@H]1C(=O)N(C)[C@H](CC(C)C)C(=O)N[C@@H](CC(C)C)C(=O)N(C)[C@@H](CC(C)C)C(=O)N(C)[C@@H](C)C(=O)N[C@H](CC(C)C)C(=O)N2CCC[C@@H]2C(=O)O[C@@H]1C,L1_10.4.1.3.3.2,5825,-6.24,10,7,Lariat,0.203427,0.118437,-30.1337,12.11,10.173,1.937,0.186585,0.103553,11.96,10.2,1.76,15,11,,test,-0.1200000000000001,0,0.0,test,train,train,train,valid,train,train,train,test,train,0.17406479
5813,2021_Kelly,CC(=O)N1CCC[C@H]1C(=O)N(C)[C@@H](CC(C)C)C(=O)N[C@@H]1C(=O)N(C)[C@@H](CC(C)C)C(=O)N(C)[C@@H](CC(C)C)C(=O)N[C@H](CC(C)C)C(=O)N(C)[C@H](C)C(=O)N[C@H](CC(C)C)C(=O)N2CCC[C@@H]2C(=O)O[C@@H]1C,L1_10.3.3.2.4.2,5813,-6.04,10,7,Lariat,0.189495,0.113764,-29.2985,11.983,10.199,1.784,0.140486,0.0673171,11.482,9.903,1.579,11,25,,test,-0.02,0,0.0,test,valid,train,train,train,train,train,valid,train,train,0.029460333
5812,2021_Kelly,CC(=O)N1CCC[C@H]1C(=O)N(C)[C@@H](CC(C)C)C(=O)N[C@@H]1C(=O)N(C)[C@@H](CC(C)C)C(=O)N(C)[C@@H](CC(C)C)C(=O)N[C@H](CC(C)C)C(=O)N(C)[C@@H](C)C(=O)N[C@H](CC(C)C)C(=O)N2CCC[C@@H]2C(=O)O[C@@H]1C,L1_10.3.3.2.3.2,5812,-5.96,10,7,Lariat,0.272709,0.205931,-25.3786,11.647,9.821,1.826,0.190105,0.120349,11.942,10.182,1.76,3,98,,test,0.02,1,1.0,test,train,train,train,train,train,train,train,train,valid,0.087742426
5806,2021_Kelly,CC(=O)N1CCC[C@H]1C(=O)N(C)[C@@H](CC(C)C)C(=O)N[C@@H]1C(=O)N(C)[C@@H](CC(C)C)C(=O)N[C@H](CC(C)C)C(=O)N[C@H](CC(C)C)C(=O)N(C)[C@H](C)C(=O)N[C@H](CC(C)C)C(=O)N2CCC[C@@H]2C(=O)O[C@@H]1C,L1_10.3.2.2.4.2,5806,-6.9,10,7,Lariat,0.217813,0.152415,-31.7326,11.582,9.711,1.871,0.218407,0.143906,11.56,9.863,1.697,96,3,,test,-0.4500000000000002,0,0.0,test,train,train,train,train,test,train,valid,train,train,-0.2692804
5790,2021_Kelly,CC(=O)N1CCC[C@H]1C(=O)N(C)[C@@H](CC(C)C)C(=O)N[C@@H]1C(=O)N[C@H](CC(C)C)C(=O)N[C@H](CC(C)C)C(=O)N(C)[C@H](CC(C)C)C(=O)N[C@H](C)C(=O)N[C@H](CC(C)C)C(=O)N2CCC[C@@H]2C(=O)O[C@@H]1C,L1_10.2.2.4.2.2,5790,-6.85,10,7,Lariat,0.185007,0.108404,-38.9069,11.524,9.436,2.088,0.154599,0.0835708,11.46,9.577,1.883,95,3,,test,-0.4249999999999998,0,0.0,test,train,train,train,valid,train,train,test,train,train,-0.2238031
5784,2021_Kelly,CC(=O)N1CCC[C@H]1C(=O)N(C)[C@@H](CC(C)C)C(=O)N[C@@H]1C(=O)N[C@H](CC(C)C)C(=O)N[C@@H](CC(C)C)C(=O)N(C)[C@H](CC(C)C)C(=O)N(C)[C@H](C)C(=O)N[C@H](CC(C)C)C(=O)N2CCC[C@@H]2C(=O)O[C@@H]1C,L1_10.2.1.4.4.2,5784,-5.85,10,7,Lariat,0.16498,0.0889496,-26.0563,11.215,9.474,1.741,0.105763,0.049275,11.027,9.405,1.622,20,72,,test,0.0750000000000001,1,1.0,test,train,train,train,valid,train,test,train,train,train,0.042918034
5778,2021_Kelly,CC(=O)N1CCC[C@H]1C(=O)N(C)[C@@H](CC(C)C)C(=O)N[C@@H]1C(=O)N[C@@H](CC(C)C)C(=O)N(C)[C@H](CC(C)C)C(=O)N(C)[C@H](CC(C)C)C(=O)N(C)[C@H](C)C(=O)N[C@H](CC(C)C)C(=O)N2CCC[C@@H]2C(=O)O[C@@H]1C,L1_10.1.4.4.4.2,5778,-6.13,10,7,Lariat,0.156116,0.0897312,-40.6603,12.072,10.065,2.007,0.140865,0.0758064,11.834,10.052,1.782,98,19,,test,-0.0649999999999999,0,0.0,test,train,test,train,test,test,train,train,train,train,0.07682345
5771,2021_Kelly,CC(=O)N1CCC[C@H]1C(=O)N(C)[C@@H](CC(C)C)C(=O)N[C@@H]1C(=O)N[C@@H](CC(C)C)C(=O)N[C@H](CC(C)C)C(=O)N[C@H](CC(C)C)C(=O)N[C@H](C)C(=O)N[C@H](CC(C)C)C(=O)N2CCC[C@@H]2C(=O)O[C@@H]1C,L1_10.1.2.2.2.2,5771,-7.2,10,7,Lariat,0.102138,0.0541259,-14.7968,9.671,8.079,1.592,0.115665,0.0585341,9.757,8.339,1.418,25,94,,test,-0.6000000000000001,0,0.0,test,train,valid,train,train,train,train,test,test,train,-0.7767284
5769,2021_Kelly,CC(=O)N1CCC[C@H]1C(=O)N(C)[C@@H](CC(C)C)C(=O)N[C@@H]1C(=O)N[C@@H](CC(C)C)C(=O)N[C@@H](CC(C)C)C(=O)N(C)[C@@H](CC(C)C)C(=O)N(C)[C@H](C)C(=O)N[C@H](CC(C)C)C(=O)N2CCC[C@@H]2C(=O)O[C@@H]1C,L1_10.1.1.3.4.2,5769,-6.36,10,7,Lariat,0.215294,0.127542,-30.9154,11.506,9.436,2.07,0.28643,0.206069,10.995,9.343,1.652,67,74,,test,-0.1800000000000001,0,0.0,test,train,train,test,train,train,train,valid,valid,train,-0.14535731
5716,2021_Kelly,CC(=O)N1CCC[C@H]1C(=O)N(C)[C@@H](CC(C)C)C(=O)N[C@@H]1C(=O)N[C@H](CC(C)C)C(=O)N(C)[C@@H](CC(C)C)C(=O)N(C)[C@H](CC(C)C)C(=O)N[C@H](C)C(=O)N[C@@H](CC(C)C)C(=O)N2CCC[C@H]2C(=O)O[C@@H]1C,L1_1.2.3.4.2.1,5716,-5.85,10,7,Lariat,0.173084,0.102633,-32.2844,11.735,9.696,2.039,0.123502,0.068299,11.098,9.522,1.576,53,16,,test,0.0750000000000001,1,1.0,test,train,train,train,train,train,train,train,train,train,0.2572805
5714,2021_Kelly,CC(=O)N1CCC[C@H]1C(=O)N(C)[C@@H](CC(C)C)C(=O)N[C@@H]1C(=O)N[C@H](CC(C)C)C(=O)N(C)[C@@H](CC(C)C)C(=O)N[C@H](CC(C)C)C(=O)N(C)[C@H](C)C(=O)N[C@@H](CC(C)C)C(=O)N2CCC[C@H]2C(=O)O[C@@H]1C,L1_1.2.3.2.4.1,5714,-5.48,10,7,Lariat,0.163724,0.0939444,-28.1537,11.264,9.548,1.716,0.138015,0.0663596,10.687,8.989,1.698,52,74,,test,0.2599999999999998,1,1.0,test,train,train,train,train,train,valid,train,train,train,0.31391606
5694,2021_Kelly,CC(=O)N1CCC[C@H]1C(=O)N(C)[C@@H](CC(C)C)C(=O)N[C@@H]1C(=O)N[C@H](CC(C)C)C(=O)N[C@@H](CC(C)C)C(=O)N[C@@H](CC(C)C)C(=O)N[C@@H](C)C(=O)N[C@@H](CC(C)C)C(=O)N2CCC[C@H]2C(=O)O[C@@H]1C,L1_1.2.1.1.1.1,5694,-6.1,10,7,Lariat,0.250151,0.168245,-33.285,11.375,9.419,1.956,0.117977,0.0552858,10.129,8.58,1.549,27,39,,test,-0.0499999999999998,0,0.0,test,train,train,train,train,test,train,train,train,train,-0.5146273
5688,2021_Kelly,CC(=O)N1CCC[C@H]1C(=O)N(C)[C@@H](CC(C)C)C(=O)N[C@@H]1C(=O)N[C@@H](CC(C)C)C(=O)N(C)[C@@H](CC(C)C)C(=O)N(C)[C@@H](CC(C)C)C(=O)N[C@@H](C)C(=O)N[C@@H](CC(C)C)C(=O)N2CCC[C@H]2C(=O)O[C@@H]1C,L1_1.1.3.3.1.1,5688,-6.84,10,7,Lariat,0.191012,0.120164,-33.0122,11.805,9.819,1.986,0.178061,0.11163,11.592,9.723,1.869,24,37,,test,-0.4199999999999999,0,0.0,test,train,train,train,train,test,train,train,train,test,-0.09326273
5686,2021_Kelly,CC(=O)N1CCC[C@H]1C(=O)N(C)[C@@H](CC(C)C)C(=O)N[C@@H]1C(=O)N[C@@H](CC(C)C)C(=O)N[C@H](CC(C)C)C(=O)N(C)[C@H](CC(C)C)C(=O)N[C@@H](C)C(=O)N[C@@H](CC(C)C)C(=O)N2CCC[C@H]2C(=O)O[C@@H]1C,L1_1.1.2.4.1.1,5686,-7.29,10,7,Lariat,0.172207,0.111164,-33.2091,11.711,9.664,2.047,0.143937,0.0884632,11.71,9.916,1.794,14,51,,test,-0.645,0,0.0,test,train,train,train,train,train,train,train,train,train,-0.43663198
5684,2021_Kelly,CC(=O)N1CCC[C@H]1C(=O)N(C)[C@@H](CC(C)C)C(=O)N[C@@H]1C(=O)N[C@@H](CC(C)C)C(=O)N[C@H](CC(C)C)C(=O)N(C)[C@@H](CC(C)C)C(=O)N(C)[C@@H](C)C(=O)N[C@@H](CC(C)C)C(=O)N2CCC[C@H]2C(=O)O[C@@H]1C,L1_1.1.2.3.3.1,5684,-6.44,10,7,Lariat,0.171941,0.102904,-33.0493,12.056,9.99,2.066,0.179695,0.106971,11.53,9.736,1.794,61,100,,test,-0.2200000000000002,0,0.0,test,train,train,train,train,valid,train,train,test,train,-0.058573797
5682,2021_Kelly,CC(=O)N1CCC[C@H]1C(=O)N(C)[C@@H](CC(C)C)C(=O)N[C@@H]1C(=O)N[C@@H](CC(C)C)C(=O)N[C@H](CC(C)C)C(=O)N[C@H](CC(C)C)C(=O)N[C@H](C)C(=O)N[C@@H](CC(C)C)C(=O)N2CCC[C@H]2C(=O)O[C@@H]1C,L1_1.1.2.2.2.1,5682,-6.96,10,7,Lariat,0.235951,0.152468,-34.4954,11.514,9.434,2.08,0.187159,0.114841,11.211,9.367,1.844,42,10,,test,-0.48,0,0.0,test,train,valid,train,train,train,train,train,train,train,-0.55228555
5672,2021_Kelly,CC(=O)N1CCC[C@H]1C(=O)N(C)[C@@H](CC(C)C)C(=O)N[C@@H]1C(=O)N[C@@H](CC(C)C)C(=O)N[C@@H](CC(C)C)C(=O)N[C@H](CC(C)C)C(=O)N[C@@H](C)C(=O)N[C@@H](CC(C)C)C(=O)N2CCC[C@H]2C(=O)O[C@@H]1C,L1_1.1.1.2.1.1,5672,-6.69,10,7,Lariat,0.135003,0.0757569,-29.1365,11.228,9.239,1.989,0.145469,0.0852844,11.36,9.38,1.98,61,48,,test,-0.3450000000000002,0,0.0,test,train,train,train,test,train,test,train,valid,test,-0.6644154
5671,2021_Kelly,CC(=O)N1CCC[C@H]1C(=O)N(C)[C@@H](CC(C)C)C(=O)N[C@@H]1C(=O)N[C@@H](CC(C)C)C(=O)N[C@@H](CC(C)C)C(=O)N[C@@H](CC(C)C)C(=O)N(C)[C@H](C)C(=O)N[C@@H](CC(C)C)C(=O)N2CCC[C@H]2C(=O)O[C@@H]1C,L1_1.1.1.1.4.1,5671,-6.21,10,7,Lariat,0.22358,0.130724,-35.4151,11.574,9.391,2.183,0.183123,0.105554,11.967,10.116,1.851,41,36,,test,-0.1049999999999999,0,0.0,test,train,train,valid,train,train,train,train,train,valid,-0.37437382
5587,2020_Townsend,CC(C)C[C@@H]1NC(=O)[C@H]2CCCN2C(=O)C[C@H](Cc2ccccc2)NC(=O)[C@@H](CC(C)C)N(C)C(=O)[C@H](C)N(C)C(=O)[C@@H]2CCCN2C(=O)[C@H](Cc2ccccc2)NC1=O,hepta_2010,5587,-5.9,7,7,Circle,0.129,0.0497459,-31.7895,8.878,7.506,1.372,0.203979,0.0702053,9.201,7.943,1.258,5,21,,test,0.0499999999999998,1,1.0,test,train,train,train,train,valid,train,train,train,train,-0.9102636
5575,2020_Townsend,CC(C)C[C@@H]1NC(=O)[C@H]2CCCN2C(=O)C[C@H](Cc2ccccc2)NC(=O)[C@@H](CC(C)C)NC(=O)[C@H](C)N(C)C(=O)[C@@H]2CCCN2C(=O)[C@H](Cc2ccccc2)NC1=O,hepta_1998,5575,-10.0,7,7,Circle,0.150968,0.043247,-32.9188,9.079,7.843,1.236,0.154432,0.0407152,8.793,7.756,1.037,60,60,,test,-1.0,0,0.0,test,train,train,train,train,valid,train,train,valid,train,-0.8075651
5546,2020_Townsend,CC(C)C[C@@H]1NC(=O)[C@H](C)N(C)C(=O)[C@@H]2CCCN2C(=O)[C@H](Cc2ccccc2)NC(=O)[C@@H](CC(C)C)NC(=O)[C@H]2CCCN2C(=O)[C@@H](CC(C)C)N(C)C1=O,hepta_1969,5546,-5.82,7,7,Circle,0.144059,0.0489005,-28.5066,9.098,7.824,1.274,0.154462,0.0490731,8.758,7.656,1.102,17,37,,test,0.0899999999999998,1,1.0,test,train,train,train,test,train,train,train,train,train,-0.07411918
5495,2020_Townsend,CC(C)C[C@@H]1C(=O)N(Cc2ccccc2)CC(=O)N2CCC[C@H]2C(=O)N(C)[C@H](CC(C)C)C(=O)N[C@@H](Cc2ccccc2)C(=O)N2CCC[C@H]2C(=O)N[C@@H](C)C(=O)N1C,hepta_1918,5495,-5.8,7,7,Circle,0.183301,0.0637926,-27.9686,9.211,8.122,1.089,0.124702,0.0427467,8.747,7.653,1.094,62,26,,test,0.1,1,1.0,test,valid,train,train,train,train,train,train,train,train,-0.00851411
5486,2020_Townsend,CC(C)C[C@@H]1NC(=O)[C@H](C)NC(=O)[C@@H]2CCCN2C(=O)[C@H](Cc2ccccc2)NC(=O)[C@@H](CC(C)C)N(C)C(=O)[C@@H]2CCCN2C(=O)CN(Cc2ccccc2)C1=O,hepta_1909,5486,-5.94,7,7,Circle,0.164211,0.0526978,-27.7976,9.013,7.928,1.085,0.11957,0.0357134,9.107,7.969,1.138,7,61,,test,0.0299999999999998,1,1.0,test,train,train,train,train,train,train,test,train,valid,-0.11058894
5481,2020_Townsend,CC(C)C[C@H]1C(=O)N(C)[C@H](CC(C)C)C(=O)N2CCC[C@H]2C(=O)N(C)[C@@H](CC(C)C)C(=O)N[C@@H](Cc2ccccc2)C(=O)N2CCC[C@H]2C(=O)N[C@@H](C)C(=O)N1C,hepta_1904,5481,-5.02,7,7,Circle,0.135768,0.0595324,-24.6796,9.18,7.981,1.199,0.1536,0.051329,9.233,8.029,1.204,76,68,,test,0.4900000000000002,1,1.0,test,train,train,train,train,train,train,test,train,train,0.27038303
5479,2020_Townsend,CC(C)C[C@H]1NC(=O)[C@@H](CC(C)C)N(C)C(=O)[C@H](C)NC(=O)[C@@H]2CCCN2C(=O)[C@H](Cc2ccccc2)NC(=O)CN(Cc2ccccc2)C(=O)[C@@H]2CCCN2C1=O,hepta_1902,5479,-6.03,7,7,Circle,0.18244,0.0702085,-32.8264,9.279,8.021,1.258,0.15673,0.0486378,9.167,7.746,1.421,94,52,,test,-0.0150000000000001,0,0.0,test,train,valid,train,train,train,test,test,train,train,0.14443454
5470,2020_Townsend,CC(C)C[C@@H]1NC(=O)[C@@H](CC(C)C)NC(=O)[C@H](C)NC(=O)[C@@H]2CCCN2C(=O)[C@H](Cc2ccccc2)NC(=O)CN(Cc2ccccc2)C(=O)[C@@H]2CCCN2C1=O,hepta_1893,5470,-5.58,7,7,Circle,0.120751,0.0383344,-34.3433,8.987,7.622,1.365,0.0869696,0.0324772,8.312,7.18,1.132,24,5,,test,0.2099999999999999,1,1.0,test,train,train,valid,train,train,train,train,valid,train,-0.09282064
5468,2020_Townsend,CC(C)C[C@@H]1NC(=O)[C@H](C)NC(=O)[C@@H]2CCCN2C(=O)[C@H](Cc2ccccc2)NC(=O)CN(Cc2ccccc2)C(=O)[C@@H]2CCCN2C(=O)[C@@H](CC(C)C)NC1=O,hepta_1891,5468,-6.11,7,7,Circle,0.175106,0.0565997,-24.9283,8.728,7.545,1.183,0.142851,0.044129,8.638,7.46,1.178,15,41,,test,-0.0550000000000001,0,0.0,test,train,train,train,train,test,valid,train,train,train,-0.024159461
5462,2020_Townsend,CC(C)C[C@H]1C(=O)N[C@H](CC(C)C)C(=O)N2CCC[C@H]2C(=O)N(C)[C@@H](CC(C)C)C(=O)N[C@@H](Cc2ccccc2)C(=O)N2CCC[C@H]2C(=O)N[C@@H](C)C(=O)N1C,hepta_1885,5462,-5.58,7,7,Circle,0.1742,0.0612621,-32.6507,9.089,7.725,1.364,0.184201,0.0807147,8.863,7.805,1.058,78,99,,test,0.2099999999999999,1,1.0,test,train,train,train,train,train,train,valid,train,valid,0.22160703
5454,2020_Townsend,CC(C)C[C@@H]1NC(=O)[C@@H]2CCCN2C(=O)[C@@H](CC(C)C)N(C)C(=O)[C@@H](CC(C)C)N(C)C(=O)[C@H](C)NC(=O)[C@@H]2CCCN2C(=O)[C@H](Cc2ccccc2)NC1=O,hepta_1877,5454,-5.73,7,7,Circle,0.119099,0.0482949,-29.3241,8.91,7.59,1.32,0.13372,0.0485533,9.098,7.756,1.342,59,80,,test,0.1349999999999998,1,1.0,test,train,train,train,train,train,train,train,train,train,0.11330827
5449,2020_Townsend,CC(C)C[C@@H]1NC(=O)[C@H](C)NC(=O)[C@@H]2CCCN2C(=O)[C@H](Cc2ccccc2)NC(=O)[C@H](CC(C)C)N(C)C(=O)[C@@H]2CCCN2C(=O)[C@H](CC(C)C)NC1=O,hepta_1872,5449,-5.54,7,7,Circle,0.143498,0.0505713,-33.4573,8.723,7.372,1.351,0.142628,0.0428858,8.623,7.475,1.148,14,37,,test,0.2299999999999999,1,1.0,test,train,train,train,train,test,train,train,train,train,-0.05884847
5445,2020_Townsend,CC(C)C[C@@H]1NC(=O)[C@H](C)NC(=O)[C@@H]2CCCN2C(=O)[C@H](Cc2ccccc2)NC(=O)[C@H](CC(C)C)N(C)C(=O)[C@@H]2CCCN2C(=O)[C@@H](CC(C)C)NC1=O,hepta_1868,5445,-6.26,7,7,Circle,0.154506,0.0565061,-37.4263,9.305,8.039,1.266,0.156513,0.0512197,8.599,7.466,1.133,77,97,,test,-0.1299999999999999,0,0.0,test,train,train,train,train,train,test,train,test,train,0.015887942
5438,2020_Townsend,CC(C)C[C@@H]1NC(=O)[C@H](C)NC(=O)[C@@H]2CCCN2C(=O)[C@H](Cc2ccccc2)NC(=O)[C@@H](CC(C)C)NC(=O)[C@@H]2CCCN2C(=O)[C@@H](CC(C)C)N(C)C1=O,hepta_1861,5438,-5.92,7,7,Circle,0.137426,0.0488276,-33.8842,8.87,7.598,1.272,0.1597,0.0545722,8.397,7.207,1.19,78,50,,test,0.04,1,1.0,test,train,train,train,train,train,train,train,valid,train,-0.22864679
5430,2020_Townsend,CC(C)C[C@@H]1NC(=O)[C@@H](CC(C)C)NC(=O)[C@H](C)NC(=O)[C@@H]2CCCN2C(=O)[C@H](Cc2ccccc2)NC(=O)[C@@H](CC(C)C)NC(=O)[C@@H]2CCCN2C1=O,hepta_1853,5430,-6.18,7,7,Circle,0.0956693,0.0393802,-26.9255,8.499,7.236,1.263,0.10164,0.0315697,8.328,6.996,1.332,83,91,,test,-0.0899999999999998,0,0.0,test,train,train,test,train,valid,train,train,train,train,-0.48141634
5425,2020_Townsend,CC(C)C[C@H]1C(=O)N[C@@H](Cc2ccccc2)C(=O)N2CCC[C@H]2C(=O)N[C@@H](Cc2ccccc2)CC(=O)N(Cc2ccccc2)CC(=O)N[C@@H](Cc2ccccc2)CC(=O)N2CCC[C@@H]2C(=O)N1C,hepta_1848,5425,-5.73,7,7,Circle,0.183788,0.050095,-29.3737,10.417,9.12,1.297,0.206067,0.0687541,9.902,8.672,1.23,91,42,,test,0.1349999999999998,1,1.0,test,train,train,train,train,train,train,train,valid,test,-0.09139898
5421,2020_Townsend,CC(C)C[C@H]1NC(=O)C[C@H](Cc2ccccc2)NC(=O)[C@@H]2CCCN2C(=O)[C@H](Cc2ccccc2)NC(=O)CN(Cc2ccccc2)C(=O)[C@H]2CCCN2C(=O)C[C@H](Cc2ccccc2)NC1=O,hepta_1844,5421,-5.93,7,7,Circle,0.199954,0.066032,-26.9474,9.722,8.594,1.128,0.204588,0.0804939,9.897,8.794,1.103,61,61,,test,0.0350000000000001,1,1.0,test,train,train,train,train,train,train,train,train,train,-0.027019892
5418,2020_Townsend,CC(C)C[C@@H]1NC(=O)C[C@H](Cc2ccccc2)NC(=O)[C@@H]2CCCN2C(=O)[C@H](Cc2ccccc2)NC(=O)CN(Cc2ccccc2)C(=O)[C@H]2CCCN2C(=O)CN(Cc2ccccc2)C1=O,hepta_1841,5418,-5.87,7,7,Circle,0.190229,0.0525032,-39.6376,9.761,8.472,1.289,0.166502,0.0387167,10.253,9.18,1.073,3,96,,test,0.0649999999999999,1,1.0,test,train,train,train,test,train,test,train,valid,train,-0.099365026
5416,2020_Townsend,CC(C)C[C@H]1C(=O)N(C)[C@@H](CC(C)C)C(=O)N2CCC[C@@H]2C(=O)N(Cc2ccccc2)CC(=O)N[C@@H](Cc2ccccc2)C(=O)N2CCC[C@H]2C(=O)N[C@@H](Cc2ccccc2)CC(=O)N1C,hepta_1839,5416,-5.75,7,7,Circle,0.183523,0.0409562,-24.256,10.135,9.046,1.089,0.141956,0.04968,10.262,9.262,1.0,89,27,,test,0.125,1,1.0,test,train,train,valid,train,test,train,train,train,valid,0.2266913
5410,2020_Townsend,CC(C)C[C@H]1C(=O)N[C@@H](Cc2ccccc2)C(=O)N2CCC[C@H]2C(=O)N[C@@H](Cc2ccccc2)CC(=O)N[C@H](CC(C)C)C(=O)N[C@@H](Cc2ccccc2)CC(=O)N2CCC[C@@H]2C(=O)N1C,hepta_1833,5410,-5.71,7,7,Circle,0.177457,0.056837,-25.2233,9.086,7.901,1.185,0.199915,0.0639098,9.287,8.139,1.148,56,2,,test,0.145,1,1.0,test,train,train,train,train,train,train,train,train,train,-0.12688966
5399,2020_Townsend,CC(C)C[C@@H]1NC(=O)C[C@H](Cc2ccccc2)NC(=O)[C@@H]2CCCN2C(=O)[C@H](Cc2ccccc2)NC(=O)[C@@H](CC(C)C)N(C)C(=O)[C@H]2CCCN2C(=O)CN(Cc2ccccc2)C1=O,hepta_1822,5399,-5.46,7,7,Circle,0.16854,0.0462513,-23.3787,10.071,8.884,1.187,0.189955,0.0392089,9.949,8.874,1.075,70,43,,test,0.27,1,1.0,test,train,train,train,train,train,train,train,train,train,0.108905576
5391,2020_Townsend,CC(C)C[C@H]1NC(=O)CN(Cc2ccccc2)C(=O)C[C@H](Cc2ccccc2)NC(=O)[C@@H]2CCCN2C(=O)[C@H](Cc2ccccc2)NC(=O)[C@@H](CC(C)C)N(C)C(=O)[C@H]2CCCN2C1=O,hepta_1814,5391,-5.45,7,7,Circle,0.158155,0.0526148,-30.0265,9.62,8.283,1.337,0.169099,0.0494769,9.761,8.582,1.179,77,27,,test,0.2749999999999999,1,1.0,test,train,valid,train,train,train,test,train,train,train,0.1290671
5377,2020_Townsend,CC(C)C[C@@H]1NC(=O)C[C@H](Cc2ccccc2)NC(=O)[C@@H]2CCCN2C(=O)[C@H](Cc2ccccc2)NC(=O)[C@@H](CC(C)C)N(C)C(=O)[C@H]2CCCN2C(=O)[C@H](CC(C)C)N(C)C1=O,hepta_1800,5377,-5.42,7,7,Circle,0.162496,0.040832,-20.7636,9.365,8.249,1.116,0.15031,0.0438086,9.704,8.644,1.06,8,87,,test,0.29,1,1.0,test,train,train,train,train,train,train,train,train,train,0.32061884
5372,2020_Townsend,CC(C)C[C@H]1C(=O)N[C@H](CC(C)C)C(=O)N2CCC[C@@H]2C(=O)N(C)[C@H](CC(C)C)C(=O)N[C@@H](Cc2ccccc2)C(=O)N2CCC[C@H]2C(=O)N[C@@H](Cc2ccccc2)CC(=O)N1C,hepta_1795,5372,-5.41,7,7,Circle,0.170789,0.056909,-27.9104,10.335,8.882,1.453,0.202617,0.0711977,9.992,8.672,1.32,24,24,,test,0.2949999999999999,1,1.0,test,valid,valid,test,train,test,train,train,train,train,0.28716552
5369,2020_Townsend,CC(C)C[C@H]1NC(=O)[C@@H](CC(C)C)N(C)C(=O)C[C@H](Cc2ccccc2)NC(=O)[C@@H]2CCCN2C(=O)[C@H](Cc2ccccc2)NC(=O)[C@@H](CC(C)C)N(C)C(=O)[C@H]2CCCN2C1=O,hepta_1792,5369,-5.32,7,7,Circle,0.18333,0.0682489,-24.1085,9.883,8.634,1.249,0.158655,0.0498095,9.801,8.679,1.122,59,10,,test,0.3399999999999998,1,1.0,test,train,test,test,train,valid,train,valid,train,train,0.3431583
5365,2020_Townsend,CC(C)C[C@@H]1NC(=O)[C@H]2CCCN2C(=O)[C@H](CC(C)C)N(C)C(=O)[C@@H](CC(C)C)NC(=O)C[C@H](Cc2ccccc2)NC(=O)[C@@H]2CCCN2C(=O)[C@H](Cc2ccccc2)NC1=O,hepta_1788,5365,-5.39,7,7,Circle,0.193082,0.0845359,-33.1849,9.873,8.771,1.102,0.153667,0.0372451,9.554,8.559,0.995,90,41,,test,0.3050000000000001,1,1.0,test,train,train,train,train,train,train,train,train,valid,0.24810308
5361,2020_Townsend,CC(C)C[C@H]1C(=O)N2CCC[C@@H]2C(=O)N[C@H](CC(C)C)C(=O)N[C@@H](Cc2ccccc2)C(=O)N2CCC[C@H]2C(=O)N[C@@H](Cc2ccccc2)CC(=O)N[C@H](CC(C)C)C(=O)N1C,hepta_1784,5361,-5.58,7,7,Circle,0.189309,0.0748426,-30.029,9.818,8.462,1.356,0.150673,0.0465766,9.852,8.548,1.304,52,42,,test,0.2099999999999999,1,1.0,test,train,train,train,train,train,valid,train,train,train,0.09412979
5341,2020_Townsend,CCCN1CC(=O)N(Cc2ccccc2)CC(=O)N[C@@H](Cc2ccccc2)CC(=O)N2CCC[C@H]2C(=O)N[C@H](CC(C)C)C(=O)N[C@@H](Cc2ccccc2)C(=O)N2CCC[C@H]2C1=O,hepta_1764,5341,-5.94,7,7,Circle,0.264911,0.104574,-30.4465,9.847,8.496,1.351,0.179484,0.0602226,9.548,8.27,1.278,60,97,,test,0.0299999999999998,1,1.0,test,train,train,train,train,test,train,train,train,train,-0.256939
5332,2020_Townsend,CCCN1CC(=O)N[C@H](CC(C)C)C(=O)N(Cc2ccccc2)CC(=O)N2CCC[C@H]2C(=O)N(Cc2ccccc2)CC(=O)N[C@@H](Cc2ccccc2)C(=O)N2CCC[C@H]2C1=O,hepta_1755,5332,-5.81,7,7,Circle,0.181049,0.0667518,-32.5261,9.201,8.041,1.16,0.148901,0.0550065,9.104,8.031,1.073,13,73,,test,0.0950000000000002,1,1.0,test,train,train,valid,train,valid,train,test,train,valid,0.09666792
5329,2020_Townsend,CCCN1CC(=O)N(C)[C@H](CC(C)C)C(=O)N(Cc2ccccc2)CC(=O)N2CCC[C@H]2C(=O)N(C)[C@@H](CC(C)C)C(=O)N[C@@H](Cc2ccccc2)C(=O)N2CCC[C@H]2C1=O,hepta_1752,5329,-5.3,7,7,Circle,0.173277,0.065206,-29.3684,9.01,7.839,1.171,0.11805,0.0379978,8.834,7.72,1.114,76,78,,test,0.3500000000000001,1,1.0,test,test,train,train,train,train,train,train,train,train,0.33558804
5321,2020_Townsend,CCCN1CC(=O)N(Cc2ccccc2)CC(=O)N(C)[C@@H](CC(C)C)C(=O)N2CCC[C@H]2C(=O)N[C@@H](CC(C)C)C(=O)N[C@@H](Cc2ccccc2)C(=O)N2CCC[C@H]2C1=O,hepta_1744,5321,-5.69,7,7,Circle,0.153969,0.0547283,-32.0721,9.194,7.863,1.331,0.113415,0.0384262,8.971,7.775,1.196,26,73,,test,0.1549999999999998,1,1.0,test,train,test,train,train,test,train,train,train,train,-0.006579697
5318,2020_Townsend,CCCN1CC(=O)N(C)[C@@H](CC(C)C)C(=O)N[C@H](CC(C)C)C(=O)N2CCC[C@H]2C(=O)N(Cc2ccccc2)CC(=O)N[C@@H](Cc2ccccc2)C(=O)N2CCC[C@H]2C1=O,hepta_1741,5318,-5.3,7,7,Circle,0.170365,0.0436135,-44.8271,10.196,8.982,1.214,0.161062,0.0407351,9.863,8.72,1.143,45,10,,test,0.3500000000000001,1,1.0,test,train,test,train,train,valid,valid,train,train,test,0.31502157
5311,2020_Townsend,CCCN1CC(=O)N(C)[C@H](CC(C)C)C(=O)N(C)[C@@H](CC(C)C)C(=O)N2CCC[C@H]2C(=O)N(C)[C@@H](CC(C)C)C(=O)N[C@@H](Cc2ccccc2)C(=O)N2CCC[C@H]2C1=O,hepta_1734,5311,-5.08,7,7,Circle,0.114878,0.0382068,-21.4394,9.576,8.602,0.974,0.131383,0.0453259,9.552,8.597,0.955,97,11,,test,0.4599999999999999,1,1.0,test,train,train,train,train,train,train,test,valid,train,0.45656988
5258,2020_Townsend,CC(C)C[C@H]1C(=O)N[C@@H](Cc2ccccc2)C(=O)N2CCC[C@H]2C(=O)N[C@@H](Cc2ccccc2)CC(=O)N(Cc2ccccc2)CC(=O)N[C@@H](Cc2ccccc2)CC(=O)N2CCC[C@H]2C(=O)N1C,hepta_1681,5258,-6.01,7,7,Circle,0.204502,0.0683122,-35.6567,9.977,8.745,1.232,0.161032,0.0458394,10.124,8.929,1.195,87,43,,test,-0.0049999999999998,0,0.0,test,train,valid,train,train,train,train,valid,train,train,0.17951757
5256,2020_Townsend,CC(C)C[C@H]1C(=O)N(Cc2ccccc2)CC(=O)N2CCC[C@H]2C(=O)N(Cc2ccccc2)CC(=O)N[C@@H](Cc2ccccc2)C(=O)N2CCC[C@H]2C(=O)N[C@@H](Cc2ccccc2)CC(=O)N1C,hepta_1679,5256,-10.0,7,7,Circle,0.158665,0.0525454,-35.9907,10.361,9.204,1.157,0.176415,0.0404605,10.04,9.073,0.967,75,90,,test,-1.0,0,0.0,test,train,train,valid,train,train,train,valid,train,train,0.03798168
5255,2020_Townsend,CC(C)C[C@@H]1NC(=O)[C@@H]2CCCN2C(=O)C[C@H](Cc2ccccc2)NC(=O)CN(Cc2ccccc2)C(=O)C[C@H](Cc2ccccc2)NC(=O)[C@@H]2CCCN2C(=O)[C@H](Cc2ccccc2)NC1=O,hepta_1678,5255,-6.2,7,7,Circle,0.19619,0.0679693,-39.9882,9.846,8.587,1.259,0.156978,0.0515938,10.151,8.965,1.186,56,28,,test,-0.1,0,0.0,test,train,train,test,train,valid,train,train,train,train,0.0056802183
5253,2020_Townsend,CC(C)C[C@H]1NC(=O)C[C@H](Cc2ccccc2)NC(=O)[C@@H]2CCCN2C(=O)[C@H](Cc2ccccc2)NC(=O)CN(Cc2ccccc2)C(=O)[C@@H]2CCCN2C(=O)C[C@H](Cc2ccccc2)NC1=O,hepta_1676,5253,-6.22,7,7,Circle,0.19315,0.056452,-41.1141,9.894,8.553,1.341,0.19396,0.0605593,9.506,8.53,0.976,71,42,,test,-0.1099999999999998,0,0.0,test,train,train,train,train,test,train,train,train,train,0.092657484
5248,2020_Townsend,CC(C)C[C@@H]1NC(=O)C[C@H](Cc2ccccc2)NC(=O)[C@@H]2CCCN2C(=O)[C@H](Cc2ccccc2)NC(=O)[C@H](CC(C)C)N(C)C(=O)[C@@H]2CCCN2C(=O)C[C@H](Cc2ccccc2)NC1=O,hepta_1671,5248,-5.52,7,7,Circle,0.224577,0.0919916,-32.0289,10.128,8.81,1.318,0.162461,0.0419501,9.984,8.752,1.232,53,93,,test,0.2400000000000002,1,1.0,test,test,train,train,train,train,valid,train,train,train,0.21508515
5244,2020_Townsend,CC(C)C[C@@H]1NC(=O)[C@@H]2CCCN2C(=O)C[C@H](Cc2ccccc2)NC(=O)[C@@H](CC(C)C)N(C)C(=O)C[C@H](Cc2ccccc2)NC(=O)[C@@H]2CCCN2C(=O)[C@H](Cc2ccccc2)NC1=O,hepta_1667,5244,-5.37,7,7,Circle,0.193546,0.0653284,-45.4084,10.608,9.2,1.408,0.163756,0.0568312,10.107,8.838,1.269,72,85,,test,0.3149999999999999,1,1.0,test,train,train,train,train,train,train,train,train,train,0.19292954
5237,2020_Townsend,CC(C)C[C@@H]1NC(=O)[C@@H]2CCCN2C(=O)CN(Cc2ccccc2)C(=O)[C@H](CC(C)C)N(C)C(=O)C[C@H](Cc2ccccc2)NC(=O)[C@@H]2CCCN2C(=O)[C@H](Cc2ccccc2)NC1=O,hepta_1660,5237,-5.73,7,7,Circle,0.161295,0.0425826,-30.3367,9.603,8.454,1.149,0.130565,0.0476347,10.226,8.917,1.309,23,96,,test,0.1349999999999998,1,1.0,test,train,train,train,train,train,train,train,valid,train,0.23977318
5234,2020_Townsend,CC(C)C[C@H]1C(=O)N2CCC[C@H]2C(=O)N(Cc2ccccc2)CC(=O)N[C@@H](Cc2ccccc2)C(=O)N2CCC[C@H]2C(=O)N[C@@H](Cc2ccccc2)CC(=O)N[C@H](CC(C)C)C(=O)N1C,hepta_1657,5234,-5.97,7,7,Circle,0.204313,0.0737001,-36.2153,10.094,8.927,1.167,0.104644,0.0401072,9.816,8.661,1.155,97,46,,test,0.0150000000000001,1,1.0,test,train,train,train,train,train,train,train,train,train,-0.03850243
5215,2020_Townsend,CC(C)C[C@@H]1NC(=O)[C@@H]2CCCN2C(=O)CN(Cc2ccccc2)C(=O)[C@@H](CC(C)C)NC(=O)C[C@H](Cc2ccccc2)NC(=O)[C@@H]2CCCN2C(=O)[C@H](Cc2ccccc2)NC1=O,hepta_1638,5215,-10.0,7,7,Circle,0.187901,0.0397641,-27.5259,9.666,8.508,1.158,0.178786,0.0435403,9.213,7.996,1.217,40,70,,test,-1.0,0,0.0,test,train,train,valid,test,train,train,train,valid,train,0.06523047
5185,2020_Townsend,CC(C)C[C@@H]1NC(=O)[C@@H](CC(C)C)N(C)C(=O)C[C@H](Cc2ccccc2)NC(=O)[C@@H]2CCCN2C(=O)[C@H](Cc2ccccc2)NC(=O)[C@@H](CC(C)C)NC(=O)[C@@H]2CCCN2C1=O,hepta_1608,5185,-5.62,7,7,Circle,0.155221,0.0461417,-40.36,10.585,9.075,1.51,0.162366,0.0493659,9.751,8.414,1.337,85,84,,test,0.1899999999999999,1,1.0,test,train,train,train,train,train,train,train,train,valid,0.28954723
5176,2020_Townsend,CC(C)C[C@@H]1NC(=O)C[C@H](Cc2ccccc2)NC(=O)[C@@H]2CCCN2C(=O)[C@H](Cc2ccccc2)NC(=O)[C@@H](CC(C)C)NC(=O)[C@@H]2CCCN2C(=O)[C@@H](CC(C)C)NC1=O,hepta_1599,5176,-5.75,7,7,Circle,0.164449,0.0411648,-23.1707,9.382,8.156,1.226,0.172001,0.0458057,9.385,8.255,1.13,51,66,,test,0.125,1,1.0,test,train,train,train,valid,train,train,train,train,train,0.13697988
5170,2020_Townsend,CCCN1CC(=O)N(Cc2ccccc2)CC(=O)N(Cc2ccccc2)CC(=O)N2CCC[C@@H]2C(=O)N(C)[C@H](CC(C)C)C(=O)N[C@@H](Cc2ccccc2)C(=O)N2CCC[C@@H]2C1=O,hepta_1593,5170,-5.87,7,7,Circle,0.202772,0.062784,-45.4615,9.871,8.614,1.257,0.210152,0.0713176,9.352,8.13,1.222,14,43,,test,0.0649999999999999,1,1.0,test,train,test,train,valid,valid,train,train,train,valid,-0.038058262
5155,2020_Townsend,CCCN1CC(=O)N(C)[C@H](CC(C)C)C(=O)N(Cc2ccccc2)CC(=O)N2CCC[C@@H]2C(=O)N(C)[C@H](CC(C)C)C(=O)N[C@@H](Cc2ccccc2)C(=O)N2CCC[C@@H]2C1=O,hepta_1578,5155,-5.03,7,7,Circle,0.17914,0.0581072,-26.7025,9.265,8.147,1.118,0.140229,0.037586,9.2,8.267,0.933,28,69,,test,0.4849999999999999,1,1.0,test,train,train,train,train,train,train,train,valid,train,0.35341895
5151,2020_Townsend,CCCN1CC(=O)N(Cc2ccccc2)CC(=O)N(C)[C@H](CC(C)C)C(=O)N2CCC[C@@H]2C(=O)N(C)[C@H](CC(C)C)C(=O)N[C@@H](Cc2ccccc2)C(=O)N2CCC[C@@H]2C1=O,hepta_1574,5151,-5.91,7,7,Circle,0.155772,0.0452238,-29.7549,10.035,8.898,1.137,0.121361,0.0379574,9.471,8.403,1.068,90,5,,test,0.0449999999999999,1,1.0,test,valid,train,valid,train,train,train,train,valid,train,0.17294133
5137,2020_Townsend,CCCN1CC(=O)N(C)[C@@H](CC(C)C)C(=O)N(C)[C@H](CC(C)C)C(=O)N2CCC[C@@H]2C(=O)N(C)[C@@H](CC(C)C)C(=O)N[C@@H](Cc2ccccc2)C(=O)N2CCC[C@@H]2C1=O,hepta_1560,5137,-5.11,7,7,Circle,0.168491,0.0680291,-24.5921,9.846,8.68,1.166,0.162918,0.053866,9.564,8.523,1.041,74,40,,test,0.4449999999999998,1,1.0,test,train,train,train,train,train,train,train,train,train,0.47280604
5108,2020_Townsend,CCCN1CC(=O)N[C@H](CC(C)C)C(=O)N(C)[C@H](CC(C)C)C(=O)N2CCC[C@@H]2C(=O)N(C)[C@@H](CC(C)C)C(=O)N[C@@H](Cc2ccccc2)C(=O)N2CCC[C@@H]2C1=O,hepta_1531,5108,-5.11,7,7,Circle,0.156283,0.0661817,-38.334,9.517,8.273,1.244,0.130696,0.035546,9.358,8.215,1.143,91,33,,test,0.4449999999999998,1,1.0,test,train,train,train,train,train,train,train,test,train,0.428838
5085,2020_Townsend,CCCN1CC(=O)N[C@@H](CC(C)C)C(=O)N[C@H](CC(C)C)C(=O)N2CCC[C@@H]2C(=O)N[C@@H](CC(C)C)C(=O)N[C@@H](Cc2ccccc2)C(=O)N2CCC[C@@H]2C1=O,hepta_1508,5085,-5.83,7,7,Circle,0.195391,0.0823018,-25.26,9.141,7.952,1.189,0.128635,0.0395879,9.037,7.934,1.103,55,77,,test,0.0849999999999999,1,1.0,test,train,train,train,train,train,train,valid,train,train,0.017571867
5077,2020_Townsend,CC(C)C[C@@H]1C(=O)N[C@@H](Cc2ccccc2)CC(=O)N2CCC[C@@H]2C(=O)N(Cc2ccccc2)CC(=O)N[C@@H](Cc2ccccc2)C(=O)N2CCC[C@@H]2C(=O)N[C@@H](Cc2ccccc2)CC(=O)N1C,hepta_1500,5077,-5.79,7,7,Circle,0.23046,0.0930319,-36.2571,10.483,9.369,1.114,0.158948,0.0385611,10.237,9.333,0.904,36,32,,test,0.1049999999999999,1,1.0,test,train,train,train,train,train,train,train,test,train,-0.110484116
5065,2020_Townsend,CC(C)C[C@H]1C(=O)N(Cc2ccccc2)CC(=O)N2CCC[C@@H]2C(=O)N(C)[C@H](CC(C)C)C(=O)N[C@@H](Cc2ccccc2)C(=O)N2CCC[C@@H]2C(=O)N[C@@H](Cc2ccccc2)CC(=O)N1C,hepta_1488,5065,-5.43,7,7,Circle,0.208236,0.0640858,-27.9921,9.727,8.426,1.301,0.160522,0.0428393,9.684,8.376,1.308,49,50,,test,0.2850000000000001,1,1.0,test,train,valid,train,train,train,train,test,train,train,0.21438152
5062,2020_Townsend,CC(C)C[C@H]1NC(=O)[C@H]2CCCN2C(=O)C[C@H](Cc2ccccc2)NC(=O)[C@@H](CC(C)C)N(C)C(=O)C[C@H](Cc2ccccc2)NC(=O)[C@H]2CCCN2C(=O)[C@H](Cc2ccccc2)NC1=O,hepta_1485,5062,-5.86,7,7,Circle,0.230053,0.111725,-29.2515,10.236,8.9,1.336,0.168767,0.0557661,10.346,8.969,1.377,22,16,,test,0.0699999999999998,1,1.0,test,train,train,train,train,test,train,valid,train,valid,0.08647571
5061,2020_Townsend,CC(C)C[C@H]1NC(=O)C[C@H](Cc2ccccc2)NC(=O)[C@H]2CCCN2C(=O)[C@H](Cc2ccccc2)NC(=O)[C@@H](CC(C)C)N(C)C(=O)[C@H]2CCCN2C(=O)C[C@H](Cc2ccccc2)NC1=O,hepta_1484,5061,-5.86,7,7,Circle,0.177149,0.0515651,-31.6049,9.813,8.593,1.22,0.168316,0.065512,10.056,8.912,1.144,68,49,,test,0.0699999999999998,1,1.0,test,train,test,valid,train,train,train,valid,train,train,0.14249206
5051,2020_Townsend,CC(C)C[C@@H]1NC(=O)[C@H]2CCCN2C(=O)C[C@H](Cc2ccccc2)NC(=O)[C@@H](CC(C)C)NC(=O)C[C@H](Cc2ccccc2)NC(=O)[C@H]2CCCN2C(=O)[C@H](Cc2ccccc2)NC1=O,hepta_1474,5051,-5.88,7,7,Circle,0.212183,0.0867948,-29.1865,9.698,8.348,1.35,0.112642,0.037457,9.681,8.501,1.18,65,69,,test,0.06,1,1.0,test,train,train,train,train,train,train,train,train,train,-0.070354514
5017,2020_Townsend,CC(C)C[C@@H]1NC(=O)[C@H]2CCCN2C(=O)[C@H](CC(C)C)N(C)C(=O)[C@@H](CC(C)C)NC(=O)C[C@H](Cc2ccccc2)NC(=O)[C@H]2CCCN2C(=O)[C@H](Cc2ccccc2)NC1=O,hepta_1440,5017,-5.69,7,7,Circle,0.126843,0.0379776,-25.0923,8.993,7.745,1.248,0.224316,0.0955346,9.64,8.522,1.118,91,65,,test,0.1549999999999998,1,1.0,test,valid,train,train,train,test,train,train,train,train,0.22666195
5016,2020_Townsend,CC(C)C[C@@H]1NC(=O)[C@H]2CCCN2C(=O)[C@@H](CC(C)C)N(C)C(=O)[C@H](CC(C)C)NC(=O)C[C@H](Cc2ccccc2)NC(=O)[C@H]2CCCN2C(=O)[C@H](Cc2ccccc2)NC1=O,hepta_1439,5016,-6.0,7,7,Circle,0.150149,0.0408213,-29.0994,9.712,8.39,1.322,0.191924,0.0879806,9.714,8.397,1.317,52,43,,test,0.0,1,1.0,test,train,train,train,train,train,train,train,train,train,0.13129362
5007,2020_Townsend,CC(C)C[C@@H]1NC(=O)[C@H]2CCCN2C(=O)[C@@H](CC(C)C)NC(=O)[C@@H](CC(C)C)N(C)C(=O)C[C@H](Cc2ccccc2)NC(=O)[C@H]2CCCN2C(=O)[C@H](Cc2ccccc2)NC1=O,hepta_1430,5007,-5.99,7,7,Circle,0.177329,0.0603255,-39.5809,9.973,8.637,1.336,0.150422,0.0340146,9.494,8.256,1.238,35,50,,test,0.0049999999999998,1,1.0,test,train,train,train,test,train,train,train,train,train,0.13822404
5005,2020_Townsend,CC(C)C[C@H]1NC(=O)[C@H]2CCCN2C(=O)[C@@H](CC(C)C)NC(=O)[C@@H](CC(C)C)N(C)C(=O)C[C@H](Cc2ccccc2)NC(=O)[C@H]2CCCN2C(=O)[C@H](Cc2ccccc2)NC1=O,hepta_1428,5005,-5.67,7,7,Circle,0.215889,0.0840721,-29.1722,9.738,8.442,1.296,0.135774,0.0455436,9.866,8.652,1.214,43,52,,test,0.165,1,1.0,test,train,train,train,train,train,valid,train,train,train,0.14708593
4989,2020_Townsend,CC(C)C[C@H]1NC(=O)[C@@H]2CCCN2C(=O)C[C@H](Cc2ccccc2)NC(=O)CN(Cc2ccccc2)C(=O)C[C@H](Cc2ccccc2)NC(=O)[C@H]2CCCN2C(=O)[C@H](Cc2ccccc2)NC1=O,hepta_1412,4989,-5.92,7,7,Circle,0.21629,0.0666692,-30.3901,9.882,8.68,1.202,0.210231,0.0788717,9.926,8.806,1.12,28,96,,test,0.04,1,1.0,test,train,train,train,train,train,train,train,train,train,-0.14022931
4986,2020_Townsend,CC(C)C[C@@H]1C(=O)N[C@@H](Cc2ccccc2)CC(=O)N2CCC[C@H]2C(=O)N(C)[C@H](CC(C)C)C(=O)N[C@@H](Cc2ccccc2)C(=O)N2CCC[C@@H]2C(=O)N[C@@H](Cc2ccccc2)CC(=O)N1C,hepta_1409,4986,-5.34,7,7,Circle,0.165423,0.0566536,-20.8327,9.684,8.647,1.037,0.144496,0.0558076,10.066,8.984,1.082,10,27,,test,0.33,1,1.0,test,train,train,train,train,valid,train,train,train,test,0.117220245
4958,2020_Townsend,CC(C)C[C@@H]1NC(=O)[C@@H]2CCCN2C(=O)C[C@H](Cc2ccccc2)NC(=O)[C@@H](CC(C)C)NC(=O)C[C@H](Cc2ccccc2)NC(=O)[C@H]2CCCN2C(=O)[C@H](Cc2ccccc2)NC1=O,hepta_1381,4958,-5.9,7,7,Circle,0.204692,0.0605209,-29.5948,9.808,8.611,1.197,0.195078,0.0416178,9.635,8.574,1.061,69,32,,test,0.0499999999999998,1,1.0,test,train,train,train,train,train,train,train,train,train,0.14997825
4917,2020_Townsend,CC(C)C[C@@H]1NC(=O)C[C@H](Cc2ccccc2)NC(=O)[C@H]2CCCN2C(=O)[C@H](Cc2ccccc2)NC(=O)[C@@H](CC(C)C)N(C)C(=O)[C@@H]2CCCN2C(=O)[C@H](CC(C)C)NC1=O,hepta_1340,4917,-5.85,7,7,Circle,0.21305,0.0859771,-28.7052,9.82,8.519,1.301,0.149355,0.0529846,9.281,8.141,1.14,25,35,,test,0.0750000000000001,1,1.0,test,train,train,train,valid,train,train,train,test,train,0.25094035
4904,2020_Townsend,CC(C)C[C@@H]1NC(=O)C[C@H](Cc2ccccc2)NC(=O)[C@H]2CCCN2C(=O)[C@H](Cc2ccccc2)NC(=O)[C@H](CC(C)C)NC(=O)[C@@H]2CCCN2C(=O)[C@@H](CC(C)C)NC1=O,hepta_1327,4904,-5.62,7,7,Circle,0.219098,0.0849586,-31.9245,9.801,8.436,1.365,0.161318,0.0441201,9.625,8.442,1.183,37,11,,test,0.1899999999999999,1,1.0,test,train,train,valid,train,train,train,train,train,train,0.15425548
4870,2020_Townsend,CC(C)C[C@@H]1NC(=O)[C@H]2CCCN2C(=O)CN(Cc2ccccc2)C(=O)[C@H](CC(C)C)N(C)C(=O)[C@@H](C)N(C)C(=O)[C@@H]2CCCN2C(=O)[C@H](Cc2ccccc2)NC1=O,hepta_1293,4870,-6.53,7,7,Circle,0.160989,0.0514788,-41.9894,9.226,7.981,1.245,0.151805,0.0603012,9.029,7.808,1.221,50,85,,test,-0.2650000000000001,0,0.0,test,train,train,test,valid,train,valid,train,train,train,-0.4731583
4865,2020_Townsend,CC(C)C[C@H]1C(=O)N[C@@H](Cc2ccccc2)C(=O)N2CCC[C@H]2C(=O)N(C)[C@H](C)C(=O)N[C@H](CC(C)C)C(=O)N(Cc2ccccc2)CC(=O)N2CCC[C@@H]2C(=O)N1C,hepta_1288,4865,-6.04,7,7,Circle,0.139593,0.0648158,-28.1913,8.953,7.74,1.213,0.143465,0.068339,9.084,7.863,1.221,78,39,,test,-0.02,0,0.0,test,train,train,valid,train,test,train,train,train,train,0.26686242
4847,2020_Townsend,CC(C)C[C@@H]1NC(=O)[C@H]2CCCN2C(=O)CN(Cc2ccccc2)C(=O)[C@@H](CC(C)C)NC(=O)[C@@H](C)N(C)C(=O)[C@@H]2CCCN2C(=O)[C@H](Cc2ccccc2)NC1=O,hepta_1270,4847,-5.99,7,7,Circle,0.144198,0.0582213,-31.5718,9.074,7.771,1.303,0.150971,0.0710532,8.808,7.634,1.174,56,36,,test,0.0049999999999998,1,1.0,test,test,train,train,train,test,valid,valid,train,train,-0.3766516
4842,2020_Townsend,CC(C)C[C@@H]1NC(=O)[C@H]2CCCN2C(=O)[C@@H](CC(C)C)N(C)C(=O)[C@H](CC(C)C)N(C)C(=O)[C@@H](C)N(C)C(=O)[C@@H]2CCCN2C(=O)[C@H](Cc2ccccc2)NC1=O,hepta_1265,4842,-6.67,7,7,Circle,0.220429,0.0866307,-25.308,9.447,8.255,1.192,0.12384,0.0453491,8.962,7.767,1.195,32,18,,test,-0.3349999999999999,0,0.0,test,train,train,train,valid,train,train,train,train,train,0.11062572
4825,2020_Townsend,CC(C)C[C@@H]1NC(=O)[C@@H](CC(C)C)NC(=O)[C@@H](C)N(C)C(=O)[C@@H]2CCCN2C(=O)[C@H](Cc2ccccc2)NC(=O)[C@@H](CC(C)C)N(C)C(=O)[C@H]2CCCN2C1=O,hepta_1248,4825,-5.41,7,7,Circle,0.135138,0.0426065,-27.3959,8.922,7.765,1.157,0.117872,0.0447873,8.968,7.921,1.047,12,88,,test,0.2949999999999999,1,1.0,test,train,train,valid,train,train,train,train,train,valid,0.19284412
4814,2020_Townsend,CC(C)C[C@@H]1NC(=O)[C@@H](C)N(C)C(=O)[C@@H]2CCCN2C(=O)[C@H](Cc2ccccc2)NC(=O)[C@@H](CC(C)C)NC(=O)[C@H]2CCCN2C(=O)[C@@H](CC(C)C)NC1=O,hepta_1237,4814,-6.75,7,7,Circle,0.114106,0.0467748,-23.0179,8.678,7.349,1.329,0.116956,0.0454176,8.346,7.034,1.312,43,25,,test,-0.375,0,0.0,test,train,train,train,train,train,train,valid,train,train,-0.20111859
4809,2020_Townsend,CC(C)C[C@@H]1C(=O)N[C@@H](Cc2ccccc2)C(=O)N2CCC[C@H]2C(=O)N(C)[C@H](C)C(=O)N(Cc2ccccc2)CC(=O)N[C@@H](Cc2ccccc2)CC(=O)N2CCC[C@H]2C(=O)N1C,hepta_1232,4809,-6.04,7,7,Circle,0.222411,0.0925582,-32.4359,9.507,8.322,1.185,0.123414,0.0387948,9.389,8.411,0.978,10,42,,test,-0.02,0,0.0,test,train,train,train,train,train,train,valid,train,valid,0.11581213
4793,2020_Townsend,CC(C)C[C@H]1NC(=O)[C@@H](C)N(C)C(=O)[C@@H]2CCCN2C(=O)[C@H](Cc2ccccc2)NC(=O)CN(Cc2ccccc2)C(=O)[C@@H]2CCCN2C(=O)CN(Cc2ccccc2)C1=O,hepta_1216,4793,-6.9,7,7,Circle,0.183847,0.0631655,-30.2086,9.119,8.015,1.104,0.200423,0.0760078,9.421,8.237,1.184,65,23,,test,-0.4500000000000002,0,0.0,test,train,train,train,train,train,test,train,train,train,-0.06821462
4790,2020_Townsend,CC(C)C[C@H]1C(=O)N(Cc2ccccc2)CC(=O)N2CCC[C@H]2C(=O)N(C)[C@H](CC(C)C)C(=O)N[C@@H](Cc2ccccc2)C(=O)N2CCC[C@H]2C(=O)N(C)[C@H](C)C(=O)N1C,hepta_1213,4790,-5.63,7,7,Circle,0.117289,0.0424676,-31.252,9.383,8.303,1.08,0.141978,0.0469349,9.29,8.281,1.009,81,8,,test,0.185,1,1.0,test,train,train,train,train,train,train,valid,train,train,0.2818458
4789,2020_Townsend,CC(C)C[C@H]1C(=O)N[C@@H](Cc2ccccc2)C(=O)N2CCC[C@H]2C(=O)N(C)[C@H](C)C(=O)N[C@H](CC(C)C)C(=O)N[C@@H](Cc2ccccc2)CC(=O)N2CCC[C@H]2C(=O)N1C,hepta_1212,4789,-5.78,7,7,Circle,0.263808,0.093079,-31.7771,9.339,8.001,1.338,0.180003,0.0771891,9.419,8.156,1.263,75,50,,test,0.1099999999999998,1,1.0,test,train,valid,valid,train,valid,train,train,train,train,0.1492796
4781,2020_Townsend,CC(C)C[C@@H]1NC(=O)[C@@H](C)N(C)C(=O)[C@@H]2CCCN2C(=O)[C@H](Cc2ccccc2)NC(=O)CN(Cc2ccccc2)C(=O)[C@@H]2CCCN2C(=O)[C@@H](CC(C)C)N(C)C1=O,hepta_1204,4781,-5.89,7,7,Circle,0.161666,0.0553548,-26.5328,9.203,8.179,1.024,0.14213,0.0426975,9.268,8.204,1.064,83,19,,test,0.0550000000000001,1,1.0,test,train,train,test,valid,train,train,test,train,train,0.32184502
4776,2020_Townsend,CC(C)C[C@@H]1NC(=O)[C@@H]2CCCN2C(=O)CN(Cc2ccccc2)C(=O)[C@@H](CC(C)C)N(C)C(=O)[C@@H](C)N(C)C(=O)[C@@H]2CCCN2C(=O)[C@H](Cc2ccccc2)NC1=O,hepta_1199,4776,-6.71,7,7,Circle,0.139907,0.0463367,-31.9068,9.276,8.048,1.228,0.141842,0.038785,9.052,7.772,1.28,28,54,,test,-0.355,0,0.0,test,train,test,train,train,valid,test,test,train,test,-0.4422683
4757,2020_Townsend,CC(C)C[C@@H]1NC(=O)[C@@H](CC(C)C)NC(=O)[C@@H](C)N(C)C(=O)[C@@H]2CCCN2C(=O)[C@H](Cc2ccccc2)NC(=O)CN(Cc2ccccc2)C(=O)[C@@H]2CCCN2C1=O,hepta_1180,4757,-6.16,7,7,Circle,0.171327,0.0616467,-21.3592,8.762,7.521,1.241,0.157776,0.0504104,8.935,7.857,1.078,70,28,,test,-0.08,0,0.0,test,train,train,train,train,train,train,train,train,train,0.005503569
4733,2020_Townsend,CC(C)C[C@@H]1NC(=O)[C@@H]2CCCN2C(=O)[C@H](CC(C)C)N(C)C(=O)[C@@H](CC(C)C)NC(=O)[C@@H](C)N(C)C(=O)[C@@H]2CCCN2C(=O)[C@H](Cc2ccccc2)NC1=O,hepta_1156,4733,-6.86,7,7,Circle,0.170419,0.064754,-31.7663,9.282,7.945,1.337,0.141312,0.0558766,8.915,7.703,1.212,96,95,,test,-0.4300000000000001,0,0.0,test,train,train,train,train,train,train,train,train,train,-0.018284887
4731,2020_Townsend,CC(C)C[C@@H]1NC(=O)[C@@H](C)N(C)C(=O)[C@@H]2CCCN2C(=O)[C@H](Cc2ccccc2)NC(=O)[C@@H](CC(C)C)N(C)C(=O)[C@@H]2CCCN2C(=O)[C@@H](CC(C)C)NC1=O,hepta_1154,4731,-5.43,7,7,Circle,0.152266,0.0520287,-17.5434,8.752,7.685,1.067,0.134264,0.0482714,8.777,7.723,1.054,68,84,,test,0.2850000000000001,1,1.0,test,train,train,valid,train,train,train,valid,train,valid,0.29138708
4728,2020_Townsend,CC(C)C[C@@H]1NC(=O)[C@@H](CC(C)C)NC(=O)[C@@H](C)N(C)C(=O)[C@@H]2CCCN2C(=O)[C@H](Cc2ccccc2)NC(=O)[C@@H](CC(C)C)N(C)C(=O)[C@@H]2CCCN2C1=O,hepta_1151,4728,-5.79,7,7,Circle,0.132926,0.0495199,-23.9886,9.039,7.808,1.231,0.0962389,0.0346358,9.001,7.81,1.191,36,80,,test,0.1049999999999999,1,1.0,test,train,test,valid,train,train,train,train,train,train,0.22884625
4721,2020_Townsend,CC(C)C[C@@H]1NC(=O)[C@@H]2CCCN2C(=O)[C@H](CC(C)C)NC(=O)[C@@H](CC(C)C)NC(=O)[C@@H](C)N(C)C(=O)[C@@H]2CCCN2C(=O)[C@H](Cc2ccccc2)NC1=O,hepta_1144,4721,-4.0,7,7,Circle,0.160108,0.0570258,-26.7048,8.807,7.567,1.24,0.140182,0.0421296,8.719,7.563,1.156,74,13,,test,1.0,1,1.0,test,train,train,test,test,train,train,train,valid,train,-0.32838368
4720,2020_Townsend,CC(C)C[C@@H]1NC(=O)[C@@H](C)N(C)C(=O)[C@@H]2CCCN2C(=O)[C@H](Cc2ccccc2)NC(=O)[C@@H](CC(C)C)NC(=O)[C@@H]2CCCN2C(=O)[C@@H](CC(C)C)NC1=O,hepta_1143,4720,-6.34,7,7,Circle,0.17044,0.0609527,-40.5659,9.382,7.98,1.402,0.208579,0.0825151,8.65,7.399,1.251,49,80,,test,-0.1699999999999999,0,0.0,test,test,valid,train,train,train,train,train,train,train,-0.12220026
4717,2020_Townsend,CC(C)C[C@H]1C(=O)N[C@@H](Cc2ccccc2)C(=O)N2CCC[C@H]2C(=O)N(C)[C@@H](C)C(=O)N(Cc2ccccc2)CC(=O)N[C@@H](Cc2ccccc2)CC(=O)N2CCC[C@H]2C(=O)N1C,hepta_1140,4717,-5.63,7,7,Circle,0.148158,0.0454952,-29.5396,9.35,8.192,1.158,0.152923,0.054602,9.25,8.088,1.162,16,38,,test,0.185,1,1.0,test,train,train,train,train,train,train,train,train,train,0.26475188
4710,2020_Townsend,CC(C)C[C@H]1C(=O)N[C@@H](Cc2ccccc2)CC(=O)N2CCC[C@H]2C(=O)N(C)[C@H](CC(C)C)C(=O)N[C@@H](Cc2ccccc2)C(=O)N2CCC[C@H]2C(=O)N(C)[C@@H](C)C(=O)N1C,hepta_1133,4710,-5.74,7,7,Circle,0.165184,0.0573588,-24.1654,9.279,7.994,1.285,0.123056,0.0503256,9.357,8.07,1.287,100,4,,test,0.1299999999999999,1,1.0,test,train,train,test,train,train,train,train,train,train,0.33240783
4709,2020_Townsend,CC(C)C[C@@H]1NC(=O)CN(Cc2ccccc2)C(=O)[C@H](C)N(C)C(=O)[C@@H]2CCCN2C(=O)[C@H](Cc2ccccc2)NC(=O)CN(Cc2ccccc2)C(=O)[C@@H]2CCCN2C1=O,hepta_1132,4709,-5.81,7,7,Circle,0.152263,0.058774,-41.4658,9.208,7.946,1.262,0.14923,0.0375596,8.918,7.859,1.059,47,51,,test,0.0950000000000002,1,1.0,test,test,valid,train,train,train,train,valid,train,test,0.07164647
4707,2020_Townsend,CC(C)C[C@H]1C(=O)N(C)[C@@H](CC(C)C)C(=O)N2CCC[C@H]2C(=O)N(Cc2ccccc2)CC(=O)N[C@@H](Cc2ccccc2)C(=O)N2CCC[C@H]2C(=O)N(C)[C@@H](C)C(=O)N1C,hepta_1130,4707,-5.05,7,7,Circle,0.121825,0.0351647,-26.7438,8.85,7.66,1.19,0.124729,0.0430324,9.197,8.084,1.113,70,11,,test,0.4750000000000001,1,1.0,test,train,train,train,train,valid,train,valid,valid,train,0.34648234
4698,2020_Townsend,CC(C)C[C@H]1C(=O)N[C@@H](Cc2ccccc2)C(=O)N2CCC[C@H]2C(=O)N(C)[C@@H](C)C(=O)N[C@H](CC(C)C)C(=O)N[C@@H](Cc2ccccc2)CC(=O)N2CCC[C@H]2C(=O)N1C,hepta_1121,4698,-5.58,7,7,Circle,0.141786,0.0597378,-33.9805,9.309,7.983,1.326,0.142061,0.0538477,9.027,7.874,1.153,88,19,,test,0.2099999999999999,1,1.0,test,test,train,train,test,train,train,train,train,train,0.18798551
4690,2020_Townsend,CC(C)C[C@H]1C(=O)N[C@@H](Cc2ccccc2)C(=O)N2CCC[C@H]2C(=O)N(C)[C@@H](C)C(=O)N(Cc2ccccc2)CC(=O)N[C@H](CC(C)C)C(=O)N2CCC[C@H]2C(=O)N1C,hepta_1113,4690,-5.17,7,7,Circle,0.133773,0.062095,-31.8089,9.375,8.222,1.153,0.112716,0.0361155,8.695,7.702,0.993,63,53,,test,0.415,1,1.0,test,train,train,train,train,train,train,test,train,train,0.2026779
4685,2020_Townsend,CC(C)C[C@H]1C(=O)N[C@@H](Cc2ccccc2)C(=O)N2CCC[C@H]2C(=O)N(C)[C@@H](C)C(=O)N[C@H](CC(C)C)C(=O)N(Cc2ccccc2)CC(=O)N2CCC[C@H]2C(=O)N1C,hepta_1108,4685,-6.09,7,7,Circle,0.145074,0.0667722,-36.9101,9.234,7.917,1.317,0.117007,0.0414837,9.065,7.921,1.144,55,78,,test,-0.0449999999999999,0,0.0,test,test,train,train,train,train,test,train,train,train,0.27012193
4682,2020_Townsend,CC(C)C[C@@H]1NC(=O)[C@@H]2CCCN2C(=O)C[C@H](Cc2ccccc2)NC(=O)[C@@H](CC(C)C)NC(=O)[C@H](C)N(C)C(=O)[C@@H]2CCCN2C(=O)[C@H](Cc2ccccc2)NC1=O,hepta_1105,4682,-10.0,7,7,Circle,0.153585,0.0396844,-30.5088,8.998,7.702,1.296,0.15744,0.0506911,9.036,7.777,1.259,12,52,,test,-1.0,0,0.0,test,train,train,train,train,train,train,train,train,train,-0.24460262
4670,2020_Townsend,CC(C)C[C@@H]1NC(=O)[C@H](C)N(C)C(=O)[C@@H]2CCCN2C(=O)[C@H](Cc2ccccc2)NC(=O)CN(Cc2ccccc2)C(=O)[C@@H]2CCCN2C(=O)[C@H](CC(C)C)NC1=O,hepta_1093,4670,-6.17,7,7,Circle,0.125822,0.035604,-40.319,8.671,7.243,1.428,0.175027,0.0559548,8.66,7.581,1.079,19,55,,test,-0.0849999999999999,0,0.0,test,train,train,train,train,train,train,train,train,train,-0.055852495
4654,2020_Townsend,CC(C)C[C@H]1C(=O)N2CCC[C@H]2C(=O)N(C)[C@H](CC(C)C)C(=O)N[C@@H](Cc2ccccc2)C(=O)N2CCC[C@H]2C(=O)N(C)[C@@H](C)C(=O)N[C@H](CC(C)C)C(=O)N1C,hepta_1077,4654,-5.99,7,7,Circle,0.164601,0.0580367,-29.5842,9.256,8.115,1.141,0.127021,0.0477715,9.204,8.203,1.001,59,5,,test,0.0049999999999998,1,1.0,test,train,train,train,train,train,valid,train,train,train,0.3652146
4650,2020_Townsend,CC(C)C[C@H]1C(=O)N(C)[C@H](CC(C)C)C(=O)N2CCC[C@H]2C(=O)N[C@H](CC(C)C)C(=O)N[C@@H](Cc2ccccc2)C(=O)N2CCC[C@H]2C(=O)N(C)[C@@H](C)C(=O)N1C,hepta_1073,4650,-10.0,7,7,Circle,0.112185,0.0439177,-28.005,9.196,7.881,1.315,0.106278,0.0350914,9.024,8.065,0.959,51,47,,test,-1.0,0,0.0,test,valid,train,train,train,train,train,train,train,train,-0.15856984
4647,2020_Townsend,CC(C)C[C@H]1NC(=O)[C@H](C)N(C)C(=O)[C@@H]2CCCN2C(=O)[C@H](Cc2ccccc2)NC(=O)[C@@H](CC(C)C)N(C)C(=O)[C@@H]2CCCN2C(=O)[C@@H](CC(C)C)N(C)C1=O,hepta_1070,4647,-5.54,7,7,Circle,0.135666,0.0510658,-22.7863,9.27,8.149,1.121,0.163148,0.0644052,9.162,7.904,1.258,72,13,,test,0.2299999999999999,1,1.0,test,train,train,train,train,train,train,train,train,train,0.3499652
4645,2020_Townsend,CC(C)C[C@@H]1NC(=O)[C@@H]2CCCN2C(=O)[C@H](CC(C)C)N(C)C(=O)[C@H](CC(C)C)NC(=O)[C@H](C)N(C)C(=O)[C@@H]2CCCN2C(=O)[C@H](Cc2ccccc2)NC1=O,hepta_1068,4645,-5.91,7,7,Circle,0.151861,0.0683644,-25.0203,8.73,7.745,0.985,0.134763,0.0486194,8.681,7.654,1.027,13,50,,test,0.0449999999999999,1,1.0,test,valid,train,train,train,test,train,train,train,train,-0.10060608
4630,2020_Townsend,CC(C)C[C@@H]1NC(=O)[C@@H]2CCCN2C(=O)[C@H](CC(C)C)NC(=O)[C@@H](CC(C)C)NC(=O)[C@H](C)N(C)C(=O)[C@@H]2CCCN2C(=O)[C@H](Cc2ccccc2)NC1=O,hepta_1053,4630,-7.49,7,7,Circle,0.119469,0.0416911,-38.6431,9.488,8.143,1.345,0.117569,0.0432365,8.51,7.525,0.985,40,68,,test,-0.7450000000000001,0,0.0,test,train,train,train,train,test,train,train,train,test,-0.35369653
4626,2020_Townsend,CC(C)C[C@H]1C(=O)N[C@@H](Cc2ccccc2)CC(=O)N2CCC[C@@H]2C(=O)N(C)[C@H](CC(C)C)C(=O)N[C@@H](Cc2ccccc2)C(=O)N2CCC[C@H]2C(=O)N[C@@H](C)C(=O)N1C,hepta_1049,4626,-5.07,7,7,Circle,0.127441,0.0463104,-34.3546,9.571,8.157,1.414,0.145402,0.0628745,9.097,7.666,1.431,75,85,,test,0.4649999999999998,1,1.0,test,train,train,valid,train,train,train,test,train,train,0.109165065
4609,2020_Townsend,CC(C)C[C@H]1C(=O)N[C@@H](Cc2ccccc2)C(=O)N2CCC[C@H]2C(=O)N[C@@H](C)C(=O)N[C@H](CC(C)C)C(=O)N(Cc2ccccc2)CC(=O)N2CCC[C@@H]2C(=O)N1C,hepta_1032,4609,-6.2,7,7,Circle,0.161295,0.0536652,-31.7723,9.098,7.909,1.189,0.162961,0.0701074,9.026,7.863,1.163,32,12,,test,-0.1,0,0.0,test,train,train,train,train,train,train,valid,test,valid,-0.34451857
4600,2020_Townsend,CC(C)C[C@H]1NC(=O)[C@H]2CCCN2C(=O)CN(Cc2ccccc2)C(=O)[C@@H](CC(C)C)N(C)C(=O)[C@H](C)NC(=O)[C@@H]2CCCN2C(=O)[C@H](Cc2ccccc2)NC1=O,hepta_1023,4600,-5.95,7,7,Circle,0.172958,0.0541146,-34.7206,9.127,7.914,1.213,0.14808,0.0530487,8.866,7.67,1.196,9,92,,test,0.0249999999999999,1,1.0,test,train,train,test,train,train,train,valid,train,train,-0.06255291
4585,2020_Townsend,CC(C)C[C@H]1C(=O)N2CCC[C@@H]2C(=O)N(C)[C@H](CC(C)C)C(=O)N[C@@H](Cc2ccccc2)C(=O)N2CCC[C@H]2C(=O)N[C@@H](C)C(=O)N[C@H](CC(C)C)C(=O)N1C,hepta_1008,4585,-5.69,7,7,Circle,0.145744,0.0610533,-31.2729,9.119,7.85,1.269,0.129156,0.0450578,8.896,7.66,1.236,100,68,,test,0.1549999999999998,1,1.0,test,train,valid,train,valid,train,train,train,train,test,-0.06146962
4583,2020_Townsend,CC(C)C[C@H]1C(=O)N[C@@H](Cc2ccccc2)C(=O)N2CCC[C@H]2C(=O)N[C@@H](C)C(=O)N(C)[C@H](CC(C)C)C(=O)N[C@H](CC(C)C)C(=O)N2CCC[C@@H]2C(=O)N1C,hepta_1006,4583,-5.37,7,7,Circle,0.110932,0.0440025,-24.8172,9.031,7.826,1.205,0.122472,0.0431677,9.099,7.789,1.31,91,63,,test,0.3149999999999999,1,1.0,test,test,train,train,train,train,train,train,test,train,0.13860211
4567,2020_Townsend,CC(C)C[C@@H]1NC(=O)[C@H](C)NC(=O)[C@@H]2CCCN2C(=O)[C@H](Cc2ccccc2)NC(=O)[C@@H](CC(C)C)N(C)C(=O)[C@H]2CCCN2C(=O)[C@@H](CC(C)C)NC1=O,hepta_990,4567,-6.36,7,7,Circle,0.129023,0.0476247,-32.4114,9.414,7.921,1.493,0.150954,0.0487926,8.876,7.505,1.371,10,61,,test,-0.1800000000000001,0,0.0,test,train,train,train,test,train,train,valid,valid,train,-0.36187175
4561,2020_Townsend,CC(C)C[C@@H]1NC(=O)[C@H]2CCCN2C(=O)[C@@H](CC(C)C)NC(=O)[C@@H](CC(C)C)NC(=O)[C@H](C)NC(=O)[C@@H]2CCCN2C(=O)[C@H](Cc2ccccc2)NC1=O,hepta_984,4561,-6.59,7,7,Circle,0.132357,0.06057,-25.3497,8.426,7.107,1.319,0.136309,0.0409898,8.703,7.477,1.226,42,4,,test,-0.2949999999999999,0,0.0,test,train,test,train,train,test,test,train,train,train,-0.7043891
4548,2020_Townsend,CC(C)C[C@@H]1NC(=O)[C@@H](C)NC(=O)[C@@H]2CCCN2C(=O)[C@H](Cc2ccccc2)NC(=O)CN(Cc2ccccc2)C(=O)[C@@H]2CCCN2C(=O)CN(Cc2ccccc2)C1=O,hepta_971,4548,-6.48,7,7,Circle,0.172656,0.0698871,-34.2366,8.863,7.701,1.162,0.153499,0.0482606,8.922,7.858,1.064,33,32,,test,-0.2400000000000002,0,0.0,test,train,train,train,train,train,train,test,train,train,-0.06428035
4537,2020_Townsend,CC(C)C[C@@H]1C(=O)N2CCC[C@H]2C(=O)N(C)[C@H](CC(C)C)C(=O)N[C@@H](Cc2ccccc2)C(=O)N2CCC[C@H]2C(=O)N[C@H](C)C(=O)N(Cc2ccccc2)CC(=O)N1C,hepta_960,4537,-5.73,7,7,Circle,0.17567,0.0433932,-27.8931,9.273,8.044,1.229,0.151737,0.0466177,9.043,7.896,1.147,53,90,,test,0.1349999999999998,1,1.0,test,train,train,train,train,test,train,train,test,train,0.2607145
4524,2020_Townsend,CC(C)C[C@H]1NC(=O)CN(Cc2ccccc2)C(=O)[C@@H](C)NC(=O)[C@@H]2CCCN2C(=O)[C@H](Cc2ccccc2)NC(=O)[C@@H](CC(C)C)N(C)C(=O)[C@@H]2CCCN2C1=O,hepta_947,4524,-5.61,7,7,Circle,0.181923,0.065553,-29.9331,9.39,8.05,1.34,0.173073,0.0684982,8.768,7.651,1.117,76,19,,test,0.1949999999999998,1,1.0,test,train,train,train,train,train,train,train,train,train,0.27558553
4523,2020_Townsend,CC(C)C[C@H]1NC(=O)[C@@H](C)NC(=O)[C@@H]2CCCN2C(=O)[C@H](Cc2ccccc2)NC(=O)[C@@H](CC(C)C)N(C)C(=O)[C@@H]2CCCN2C(=O)CN(Cc2ccccc2)C1=O,hepta_946,4523,-6.6,7,7,Circle,0.162997,0.0578451,-32.7619,9.181,7.918,1.263,0.157956,0.053334,9.157,7.899,1.258,74,6,,test,-0.2999999999999998,0,0.0,test,test,train,train,train,train,train,train,valid,train,-0.44539377
4521,2020_Townsend,CC(C)C[C@H]1NC(=O)[C@@H]2CCCN2C(=O)C[C@H](Cc2ccccc2)NC(=O)[C@@H](CC(C)C)NC(=O)[C@@H](C)NC(=O)[C@@H]2CCCN2C(=O)[C@H](Cc2ccccc2)NC1=O,hepta_944,4521,-6.53,7,7,Circle,0.136709,0.0381802,-26.1017,8.924,7.769,1.155,0.152921,0.0580255,9.114,7.833,1.281,73,78,,test,-0.2650000000000001,0,0.0,test,valid,train,train,train,train,train,train,train,valid,-0.59023714
4503,2020_Townsend,CC(C)C[C@H]1C(=O)N[C@@H](Cc2ccccc2)C(=O)N2CCC[C@H]2C(=O)N[C@H](C)C(=O)N(C)[C@H](CC(C)C)C(=O)N[C@H](CC(C)C)C(=O)N2CCC[C@H]2C(=O)N1C,hepta_926,4503,-5.5,7,7,Circle,0.122933,0.045809,-23.9414,9.018,7.976,1.042,0.163207,0.053084,8.967,7.874,1.093,61,32,,test,0.25,1,1.0,test,train,train,train,train,train,train,train,valid,train,0.18633214
4491,2020_Townsend,CC(C)C[C@@H]1NC(=O)[C@@H](C)NC(=O)[C@@H]2CCCN2C(=O)[C@H](Cc2ccccc2)NC(=O)[C@@H](CC(C)C)NC(=O)[C@@H]2CCCN2C(=O)[C@@H](CC(C)C)N(C)C1=O,hepta_914,4491,-5.93,7,7,Circle,0.133248,0.0631323,-27.1248,8.742,7.421,1.321,0.137348,0.0499597,8.519,7.297,1.222,48,74,,test,0.0350000000000001,1,1.0,test,train,train,train,train,train,train,train,train,train,0.0017966479
4490,2020_Townsend,CC(C)C[C@@H]1NC(=O)[C@@H](CC(C)C)N(C)C(=O)[C@@H](C)NC(=O)[C@@H]2CCCN2C(=O)[C@H](Cc2ccccc2)NC(=O)[C@@H](CC(C)C)NC(=O)[C@@H]2CCCN2C1=O,hepta_913,4490,-5.9,7,7,Circle,0.131311,0.0384604,-26.4864,8.77,7.59,1.18,0.147976,0.0488546,8.658,7.401,1.257,18,62,,test,0.0499999999999998,1,1.0,test,train,train,valid,valid,train,train,train,test,train,-0.07323248
4488,2020_Townsend,CC(C)C[C@@H]1NC(=O)[C@@H]2CCCN2C(=O)[C@@H](CC(C)C)NC(=O)[C@@H](CC(C)C)N(C)C(=O)[C@@H](C)NC(=O)[C@@H]2CCCN2C(=O)[C@H](Cc2ccccc2)NC1=O,hepta_911,4488,-6.33,7,7,Circle,0.204976,0.0946131,-27.4614,9.098,7.787,1.311,0.170449,0.0699047,8.624,7.384,1.24,75,96,,test,-0.165,0,0.0,test,train,test,train,train,train,train,train,train,train,-0.018295873
4484,2020_Townsend,CC(C)C[C@H]1NC(=O)[C@@H]2CCCN2C(=O)[C@@H](CC(C)C)N(C)C(=O)[C@@H](CC(C)C)NC(=O)[C@@H](C)NC(=O)[C@@H]2CCCN2C(=O)[C@H](Cc2ccccc2)NC1=O,hepta_907,4484,-6.28,7,7,Circle,0.220848,0.0961777,-36.365,8.983,7.587,1.396,0.14523,0.0360168,8.595,7.492,1.103,16,5,,test,-0.1400000000000001,0,0.0,test,train,train,train,train,train,train,train,train,test,-0.445507
4467,2020_Townsend,CCCN1CC(=O)N(Cc2ccccc2)CC(=O)N[C@H](CC(C)C)C(=O)N2CCC[C@@H]2C(=O)N(Cc2ccccc2)CC(=O)N[C@@H](Cc2ccccc2)C(=O)N2CCC[C@H]2C1=O,hepta_890,4467,-5.64,7,7,Circle,0.183164,0.0551624,-31.1701,9.216,7.985,1.231,0.143228,0.0400518,8.688,7.467,1.221,98,81,,test,0.1800000000000001,1,1.0,test,train,train,train,train,train,train,valid,valid,train,-0.051939204
4452,2020_Townsend,CCCN1CC(=O)N(C)[C@@H](CC(C)C)C(=O)N(Cc2ccccc2)CC(=O)N2CCC[C@@H]2C(=O)N[C@@H](CC(C)C)C(=O)N[C@@H](Cc2ccccc2)C(=O)N2CCC[C@H]2C1=O,hepta_875,4452,-6.46,7,7,Circle,0.150538,0.053868,-30.5043,9.045,7.823,1.222,0.147027,0.0544014,8.912,7.712,1.2,13,26,,test,-0.2299999999999999,0,0.0,test,train,train,valid,train,train,train,train,train,train,-0.042842295
4444,2020_Townsend,CCCN1CC(=O)N[C@H](CC(C)C)C(=O)N[C@@H](Cc2ccccc2)CC(=O)N2CCC[C@@H]2C(=O)N[C@@H](CC(C)C)C(=O)N[C@@H](Cc2ccccc2)C(=O)N2CCC[C@H]2C1=O,hepta_867,4444,-10.0,7,7,Circle,0.209677,0.0961605,-30.3397,9.214,8.002,1.212,0.108333,0.035767,9.101,8.057,1.044,3,98,,test,-1.0,0,0.0,test,valid,test,train,train,train,train,train,train,train,-0.42484432
4443,2020_Townsend,CCCN1CC(=O)N[C@@H](CC(C)C)C(=O)N[C@@H](Cc2ccccc2)CC(=O)N2CCC[C@@H]2C(=O)N[C@H](CC(C)C)C(=O)N[C@@H](Cc2ccccc2)C(=O)N2CCC[C@H]2C1=O,hepta_866,4443,-6.5,7,7,Circle,0.21159,0.0823973,-29.5649,9.188,7.866,1.322,0.138248,0.0384048,8.824,7.52,1.304,4,53,,test,-0.25,0,0.0,test,train,train,test,test,valid,train,test,train,train,-0.23488012
4431,2020_Townsend,CCCN1CC(=O)N(C)[C@H](CC(C)C)C(=O)N(C)[C@H](CC(C)C)C(=O)N2CCC[C@@H]2C(=O)N(C)[C@@H](CC(C)C)C(=O)N[C@@H](Cc2ccccc2)C(=O)N2CCC[C@H]2C1=O,hepta_854,4431,-5.13,7,7,Circle,0.119756,0.0381738,-23.236,9.152,8.126,1.026,0.124579,0.0423977,9.282,8.263,1.019,3,58,,test,0.435,1,1.0,test,train,train,train,train,valid,train,valid,train,train,0.41790485
4430,2020_Townsend,CCCN1CC(=O)N(C)[C@H](CC(C)C)C(=O)N(C)[C@@H](CC(C)C)C(=O)N2CCC[C@@H]2C(=O)N(C)[C@H](CC(C)C)C(=O)N[C@@H](Cc2ccccc2)C(=O)N2CCC[C@H]2C1=O,hepta_853,4430,-4.96,7,7,Circle,0.133121,0.0452305,-19.476,9.351,8.141,1.21,0.11723,0.042498,9.46,8.368,1.092,43,29,,test,0.52,1,1.0,test,train,train,train,train,train,test,train,train,train,0.40767655
4414,2020_Townsend,CCCN1CC(=O)N[C@H](CC(C)C)C(=O)N[C@H](CC(C)C)C(=O)N2CCC[C@@H]2C(=O)N(Cc2ccccc2)CC(=O)N[C@@H](Cc2ccccc2)C(=O)N2CCC[C@H]2C1=O,hepta_837,4414,-5.57,7,7,Circle,0.124012,0.0411057,-37.9502,9.47,8.265,1.205,0.14207,0.0403139,8.979,7.797,1.182,73,45,,test,0.2149999999999998,1,1.0,test,train,test,train,train,train,train,valid,train,train,-0.0640623
4409,2020_Townsend,CCCN1CC(=O)N(C)[C@H](CC(C)C)C(=O)N[C@@H](CC(C)C)C(=O)N2CCC[C@@H]2C(=O)N(C)[C@H](CC(C)C)C(=O)N[C@@H](Cc2ccccc2)C(=O)N2CCC[C@H]2C1=O,hepta_832,4409,-5.2,7,7,Circle,0.123981,0.0529062,-25.9794,9.147,7.962,1.185,0.147576,0.0519913,9.225,8.104,1.121,76,77,,test,0.3999999999999999,1,1.0,test,train,train,train,train,train,train,train,train,test,0.4405082
4408,2020_Townsend,CCCN1CC(=O)N(C)[C@H](CC(C)C)C(=O)N(C)[C@@H](CC(C)C)C(=O)N2CCC[C@@H]2C(=O)N[C@H](CC(C)C)C(=O)N[C@@H](Cc2ccccc2)C(=O)N2CCC[C@H]2C1=O,hepta_831,4408,-5.29,7,7,Circle,0.137465,0.0556264,-43.5708,9.642,8.365,1.277,0.134652,0.0368218,9.13,8.007,1.123,21,91,,test,0.355,1,1.0,test,train,train,train,train,train,train,train,valid,train,0.23375273
4398,2020_Townsend,CCCN1CC(=O)N[C@@H](CC(C)C)C(=O)N(C)[C@@H](CC(C)C)C(=O)N2CCC[C@@H]2C(=O)N[C@H](CC(C)C)C(=O)N[C@@H](Cc2ccccc2)C(=O)N2CCC[C@H]2C1=O,hepta_821,4398,-5.9,7,7,Circle,0.281636,0.133535,-35.8366,9.399,8.068,1.331,0.118294,0.0315313,8.768,7.802,0.966,36,39,,test,0.0499999999999998,1,1.0,test,train,train,train,train,train,train,train,train,train,0.0938093
4371,2020_Townsend,CC(C)C[C@@H]1NC(=O)CN(Cc2ccccc2)C(=O)[C@@H](C)N(C)C(=O)[C@H]2CCCN2C(=O)[C@H](Cc2ccccc2)NC(=O)CN(Cc2ccccc2)C(=O)[C@H]2CCCN2C1=O,hepta_794,4371,-6.56,7,7,Circle,0.171881,0.0691544,-41.2489,9.259,7.953,1.306,0.0962979,0.0320546,8.789,7.77,1.019,16,99,,test,-0.2799999999999998,0,0.0,test,train,train,train,train,train,train,train,train,train,-0.06131778
4335,2020_Townsend,CC(C)C[C@H]1NC(=O)[C@@H](C)N(C)C(=O)[C@H]2CCCN2C(=O)[C@H](Cc2ccccc2)NC(=O)[C@@H](CC(C)C)N(C)C(=O)[C@H]2CCCN2C(=O)CN(Cc2ccccc2)C1=O,hepta_758,4335,-6.01,7,7,Circle,0.143912,0.0701413,-32.542,9.091,7.809,1.282,0.170458,0.0826217,8.921,7.72,1.201,41,58,,test,-0.0049999999999998,0,0.0,test,train,train,test,test,train,train,train,train,valid,0.26630133
4326,2020_Townsend,CC(C)C[C@@H]1NC(=O)[C@H]2CCCN2C(=O)[C@H](CC(C)C)N(C)C(=O)[C@H](CC(C)C)N(C)C(=O)[C@@H](C)N(C)C(=O)[C@H]2CCCN2C(=O)[C@H](Cc2ccccc2)NC1=O,hepta_749,4326,-10.0,7,7,Circle,0.169206,0.0735724,-35.332,9.563,8.412,1.151,0.181714,0.0878703,9.181,8.131,1.05,59,74,,test,-1.0,0,0.0,test,train,test,train,test,train,train,test,train,train,-0.109919846
4319,2020_Townsend,CC(C)C[C@@H]1NC(=O)[C@H](CC(C)C)N(C)C(=O)[C@@H](C)N(C)C(=O)[C@H]2CCCN2C(=O)[C@H](Cc2ccccc2)NC(=O)[C@@H](CC(C)C)N(C)C(=O)[C@H]2CCCN2C1=O,hepta_742,4319,-5.46,7,7,Circle,0.133123,0.0484596,-36.1995,9.618,8.251,1.367,0.084824,0.0305628,8.863,7.937,0.926,97,49,,test,0.27,1,1.0,test,train,train,test,valid,train,train,train,train,train,0.37637928
4318,2020_Townsend,CC(C)C[C@@H]1NC(=O)[C@@H](C)N(C)C(=O)[C@H]2CCCN2C(=O)[C@H](Cc2ccccc2)NC(=O)[C@H](CC(C)C)N(C)C(=O)[C@H]2CCCN2C(=O)[C@@H](CC(C)C)N(C)C1=O,hepta_741,4318,-6.17,7,7,Circle,0.124048,0.0475671,-29.2765,9.189,8.196,0.993,0.13974,0.0448835,9.279,8.154,1.125,25,86,,test,-0.0849999999999999,0,0.0,test,test,train,train,train,train,train,train,train,train,0.45269594
4309,2020_Townsend,CC(C)C[C@@H]1NC(=O)[C@@H](C)N(C)C(=O)[C@H]2CCCN2C(=O)[C@H](Cc2ccccc2)NC(=O)[C@H](CC(C)C)N(C)C(=O)[C@H]2CCCN2C(=O)[C@H](CC(C)C)NC1=O,hepta_732,4309,-5.96,7,7,Circle,0.143746,0.0532186,-37.9434,9.446,8.221,1.225,0.125614,0.0390706,8.904,7.952,0.952,3,25,,test,0.02,1,1.0,test,train,train,train,train,test,train,train,train,train,0.26497376
4306,2020_Townsend,CC(C)C[C@@H]1NC(=O)[C@@H](C)N(C)C(=O)[C@H]2CCCN2C(=O)[C@H](Cc2ccccc2)NC(=O)[C@@H](CC(C)C)N(C)C(=O)[C@H]2CCCN2C(=O)[C@H](CC(C)C)NC1=O,hepta_729,4306,-5.94,7,7,Circle,0.111882,0.0377271,-24.7048,8.752,7.615,1.137,0.10778,0.0350564,8.563,7.588,0.975,54,26,,test,0.0299999999999998,1,1.0,test,train,train,train,train,train,train,train,train,valid,0.105445676
4298,2020_Townsend,CC(C)C[C@@H]1NC(=O)[C@@H](CC(C)C)N(C)C(=O)[C@@H](C)N(C)C(=O)[C@H]2CCCN2C(=O)[C@H](Cc2ccccc2)NC(=O)[C@@H](CC(C)C)NC(=O)[C@H]2CCCN2C1=O,hepta_721,4298,-5.88,7,7,Circle,0.141394,0.0492236,-28.1382,9.4,8.184,1.216,0.173229,0.0616647,8.945,7.809,1.136,93,51,,test,0.06,1,1.0,test,train,train,train,train,valid,train,valid,train,train,-0.044647492
4295,2020_Townsend,CC(C)C[C@@H]1NC(=O)[C@H]2CCCN2C(=O)[C@@H](CC(C)C)NC(=O)[C@@H](CC(C)C)N(C)C(=O)[C@@H](C)N(C)C(=O)[C@H]2CCCN2C(=O)[C@H](Cc2ccccc2)NC1=O,hepta_718,4295,-6.63,7,7,Circle,0.173189,0.0665244,-26.3282,9.249,8.041,1.208,0.098678,0.0382637,8.802,7.598,1.204,32,87,,test,-0.3149999999999999,0,0.0,test,train,train,train,train,valid,train,valid,train,train,-0.05458645
4292,2020_Townsend,CC(C)C[C@H]1NC(=O)[C@@H](C)N(C)C(=O)[C@H]2CCCN2C(=O)[C@H](Cc2ccccc2)NC(=O)[C@@H](CC(C)C)N(C)C(=O)[C@H]2CCCN2C(=O)[C@@H](CC(C)C)NC1=O,hepta_715,4292,-6.15,7,7,Circle,0.141988,0.05131,-30.9707,9.117,7.623,1.494,0.170463,0.0704936,9.012,7.736,1.276,8,10,,test,-0.0750000000000001,0,0.0,test,train,train,train,train,train,train,train,test,train,0.089152746
4275,2020_Townsend,CC(C)C[C@@H]1NC(=O)[C@H](C)N(C)C(=O)[C@H]2CCCN2C(=O)[C@H](Cc2ccccc2)NC(=O)CN(Cc2ccccc2)C(=O)[C@H]2CCCN2C(=O)CN(Cc2ccccc2)C1=O,hepta_698,4275,-5.43,7,7,Circle,0.197319,0.0812571,-45.8953,9.59,8.3,1.29,0.147678,0.052667,9.075,8.044,1.031,40,34,,test,0.2850000000000001,1,1.0,test,test,train,train,train,train,test,train,train,train,-0.03259518
4271,2020_Townsend,CC(C)C[C@H]1NC(=O)[C@H]2CCCN2C(=O)CN(Cc2ccccc2)C(=O)CN(Cc2ccccc2)C(=O)[C@H](C)N(C)C(=O)[C@H]2CCCN2C(=O)[C@H](Cc2ccccc2)NC1=O,hepta_694,4271,-6.02,7,7,Circle,0.149965,0.0421948,-32.2681,9.178,7.938,1.24,0.152504,0.0462354,9.157,7.962,1.195,90,26,,test,-0.0099999999999997,0,0.0,test,valid,valid,train,train,train,train,train,train,train,-0.37495434
4254,2020_Townsend,CC(C)C[C@H]1C(=O)N(C)[C@@H](CC(C)C)C(=O)N2CCC[C@@H]2C(=O)N(C)[C@@H](CC(C)C)C(=O)N[C@@H](Cc2ccccc2)C(=O)N2CCC[C@@H]2C(=O)N(C)[C@@H](C)C(=O)N1C,hepta_677,4254,-4.95,7,7,Circle,0.146294,0.0418378,-17.2049,9.45,8.351,1.099,0.123078,0.0383792,9.405,8.337,1.068,10,31,,test,0.5249999999999999,1,1.0,test,train,train,train,train,train,train,train,train,train,0.4038331
4253,2020_Townsend,CC(C)C[C@@H]1NC(=O)[C@@H](CC(C)C)N(C)C(=O)[C@H](C)N(C)C(=O)[C@H]2CCCN2C(=O)[C@H](Cc2ccccc2)NC(=O)CN(Cc2ccccc2)C(=O)[C@H]2CCCN2C1=O,hepta_676,4253,-5.51,7,7,Circle,0.252966,0.111614,-35.7449,9.6,8.375,1.225,0.0980501,0.034514,8.817,7.782,1.035,40,78,,test,0.2450000000000001,1,1.0,test,train,train,train,valid,train,train,train,valid,train,0.26548943
4244,2020_Townsend,CC(C)C[C@@H]1NC(=O)[C@H]2CCCN2C(=O)C[C@H](Cc2ccccc2)NC(=O)[C@@H](CC(C)C)NC(=O)[C@H](C)N(C)C(=O)[C@H]2CCCN2C(=O)[C@H](Cc2ccccc2)NC1=O,hepta_667,4244,-10.0,7,7,Circle,0.144843,0.0454502,-24.0609,8.887,7.728,1.159,0.147625,0.046249,9.141,8.067,1.074,94,39,,test,-1.0,0,0.0,test,train,train,train,train,valid,train,train,train,train,-0.84110856
4237,2020_Townsend,CC(C)C[C@H]1NC(=O)[C@H](C)N(C)C(=O)[C@H]2CCCN2C(=O)[C@H](Cc2ccccc2)NC(=O)CN(Cc2ccccc2)C(=O)[C@H]2CCCN2C(=O)[C@@H](CC(C)C)N(C)C1=O,hepta_660,4237,-5.36,7,7,Circle,0.129944,0.0458428,-34.0034,9.183,7.96,1.223,0.148795,0.0460915,9.089,7.884,1.205,88,78,,test,0.3199999999999998,1,1.0,test,train,train,train,train,train,train,train,train,train,0.2528614
4231,2020_Townsend,CC(C)C[C@@H]1C(=O)N(C)[C@H](CC(C)C)C(=O)N2CCC[C@@H]2C(=O)N(C)[C@H](CC(C)C)C(=O)N[C@@H](Cc2ccccc2)C(=O)N2CCC[C@@H]2C(=O)N(C)[C@@H](C)C(=O)N1C,hepta_654,4231,-6.03,7,7,Circle,0.135004,0.0461103,-18.3051,9.387,8.299,1.088,0.135274,0.0367546,8.908,7.812,1.096,36,96,,test,-0.0150000000000001,0,0.0,test,train,train,train,train,train,train,train,train,train,0.3068179
4221,2020_Townsend,CC(C)C[C@@H]1NC(=O)[C@H](C)N(C)C(=O)[C@H]2CCCN2C(=O)[C@H](Cc2ccccc2)NC(=O)[C@@H](CC(C)C)N(C)C(=O)[C@H]2CCCN2C(=O)[C@H](CC(C)C)N(C)C1=O,hepta_644,4221,-5.27,7,7,Circle,0.192748,0.0772053,-32.0545,9.667,8.458,1.209,0.127402,0.0400627,8.947,7.9,1.047,53,25,,test,0.3650000000000002,1,1.0,test,train,train,train,test,train,train,train,train,train,0.46977818
4193,2020_Townsend,CC(C)C[C@@H]1NC(=O)[C@@H](CC(C)C)NC(=O)[C@H](C)N(C)C(=O)[C@H]2CCCN2C(=O)[C@H](Cc2ccccc2)NC(=O)[C@@H](CC(C)C)N(C)C(=O)[C@H]2CCCN2C1=O,hepta_616,4193,-5.18,7,7,Circle,0.0959375,0.0379448,-33.8701,9.312,8.009,1.303,0.125535,0.0407702,8.974,7.951,1.023,17,84,,test,0.4100000000000001,1,1.0,test,train,test,valid,train,valid,train,valid,valid,valid,0.1975402
4174,2020_Townsend,CC(C)C[C@@H]1C(=O)N(Cc2ccccc2)CC(=O)N2CCC[C@H]2C(=O)N(Cc2ccccc2)CC(=O)N[C@@H](Cc2ccccc2)C(=O)N2CCC[C@@H]2C(=O)N(C)[C@H](C)C(=O)N1C,hepta_597,4174,-5.84,7,7,Circle,0.207436,0.0759087,-31.3544,9.477,8.419,1.058,0.125802,0.0409026,8.905,7.75,1.155,70,26,,test,0.08,1,1.0,test,valid,test,train,test,train,train,train,train,train,-0.10022414
4167,2020_Townsend,CC(C)C[C@@H]1NC(=O)[C@@H](C)N(C)C(=O)[C@H]2CCCN2C(=O)[C@H](Cc2ccccc2)NC(=O)[C@@H](CC(C)C)N(C)C(=O)[C@@H]2CCCN2C(=O)C[C@H](Cc2ccccc2)NC1=O,hepta_590,4167,-5.3,7,7,Circle,0.166731,0.048066,-23.9973,9.029,7.788,1.241,0.165595,0.0525409,9.002,8.083,0.919,50,74,,test,0.3500000000000001,1,1.0,test,train,train,train,train,train,train,valid,train,train,0.04506971
4161,2020_Townsend,CC(C)C[C@@H]1C(=O)N[C@@H](Cc2ccccc2)C(=O)N2CCC[C@@H]2C(=O)N(C)[C@H](C)C(=O)N(C)[C@H](CC(C)C)C(=O)N(Cc2ccccc2)CC(=O)N2CCC[C@H]2C(=O)N1C,hepta_584,4161,-5.66,7,7,Circle,0.125532,0.0390618,-29.2863,9.324,8.069,1.255,0.180352,0.0638184,9.174,8.129,1.045,45,25,,test,0.1699999999999999,1,1.0,test,train,valid,train,train,train,train,test,valid,test,0.005086057
4158,2020_Townsend,CC(C)C[C@@H]1NC(=O)[C@@H](C)N(C)C(=O)[C@H]2CCCN2C(=O)[C@H](Cc2ccccc2)NC(=O)CN(Cc2ccccc2)C(=O)[C@@H]2CCCN2C(=O)[C@H](CC(C)C)N(C)C1=O,hepta_581,4158,-5.4,7,7,Circle,0.150368,0.0573387,-34.2752,9.421,8.26,1.161,0.123627,0.035629,8.638,7.745,0.893,5,41,,test,0.2999999999999998,1,1.0,test,train,valid,train,train,train,train,train,test,train,0.25302994
4137,2020_Townsend,CC(C)C[C@@H]1NC(=O)[C@@H]2CCCN2C(=O)CN(Cc2ccccc2)C(=O)[C@H](CC(C)C)NC(=O)[C@@H](C)N(C)C(=O)[C@H]2CCCN2C(=O)[C@H](Cc2ccccc2)NC1=O,hepta_560,4137,-5.94,7,7,Circle,0.125223,0.0366771,-22.1033,8.543,7.396,1.147,0.139468,0.044248,8.763,7.652,1.111,62,52,,test,0.0299999999999998,1,1.0,test,train,train,train,train,train,train,train,train,test,0.040493973
4114,2020_Townsend,CC(C)C[C@H]1NC(=O)[C@@H](CC(C)C)N(C)C(=O)[C@@H](C)N(C)C(=O)[C@H]2CCCN2C(=O)[C@H](Cc2ccccc2)NC(=O)[C@@H](CC(C)C)N(C)C(=O)[C@@H]2CCCN2C1=O,hepta_537,4114,-4.96,7,7,Circle,0.162513,0.0569299,-26.6102,9.626,8.513,1.113,0.133699,0.0478138,8.939,8.034,0.905,2,66,,test,0.52,1,1.0,test,train,train,train,train,train,train,test,train,train,0.48908448
4113,2020_Townsend,CC(C)C[C@H]1NC(=O)[C@@H](C)N(C)C(=O)[C@H]2CCCN2C(=O)[C@H](Cc2ccccc2)NC(=O)[C@@H](CC(C)C)N(C)C(=O)[C@@H]2CCCN2C(=O)[C@@H](CC(C)C)N(C)C1=O,hepta_536,4113,-5.05,7,7,Circle,0.183025,0.0692198,-30.6972,9.68,8.41,1.27,0.251038,0.115351,9.145,8.011,1.134,27,13,,test,0.4750000000000001,1,1.0,test,test,train,train,valid,train,train,train,train,train,0.37594855
4104,2020_Townsend,CC(C)C[C@@H]1NC(=O)[C@H](CC(C)C)N(C)C(=O)[C@@H](C)N(C)C(=O)[C@H]2CCCN2C(=O)[C@H](Cc2ccccc2)NC(=O)[C@@H](CC(C)C)NC(=O)[C@@H]2CCCN2C1=O,hepta_527,4104,-6.33,7,7,Circle,0.206646,0.09632,-31.6449,9.311,8.144,1.167,0.102156,0.0328417,8.582,7.681,0.901,54,73,,test,-0.165,0,0.0,test,test,train,train,train,train,test,train,valid,train,-0.27731785
4094,2020_Townsend,CC(C)C[C@@H]1NC(=O)[C@@H](C)N(C)C(=O)[C@H]2CCCN2C(=O)[C@H](Cc2ccccc2)NC(=O)[C@@H](CC(C)C)NC(=O)[C@@H]2CCCN2C(=O)[C@H](CC(C)C)NC1=O,hepta_517,4094,-5.83,7,7,Circle,0.13249,0.0448069,-22.8318,8.622,7.549,1.073,0.207336,0.0735831,8.735,7.652,1.083,15,45,,test,0.0849999999999999,1,1.0,test,test,valid,train,train,train,train,train,train,train,-0.579205
4084,2020_Townsend,CC(C)C[C@H]1C(=O)N[C@@H](Cc2ccccc2)CC(=O)N2CCC[C@H]2C(=O)N(C)[C@@H](CC(C)C)C(=O)N[C@@H](Cc2ccccc2)C(=O)N2CCC[C@@H]2C(=O)N(C)[C@@H](C)C(=O)N1C,hepta_507,4084,-5.12,7,7,Circle,0.176669,0.0587067,-33.9317,9.872,8.603,1.269,0.160041,0.053751,9.703,8.608,1.095,73,38,,test,0.4399999999999999,1,1.0,test,train,train,train,train,train,train,valid,train,test,0.46066472
4077,2020_Townsend,CC(C)C[C@H]1C(=O)N2CCC[C@H]2C(=O)N(C)[C@@H](CC(C)C)C(=O)N[C@@H](Cc2ccccc2)C(=O)N2CCC[C@@H]2C(=O)N(C)[C@@H](C)C(=O)N(Cc2ccccc2)CC(=O)N1C,hepta_500,4077,-5.04,7,7,Circle,0.120858,0.0432986,-23.0205,9.105,8.048,1.057,0.130937,0.0426288,9.195,8.186,1.009,32,40,,test,0.48,1,1.0,test,train,train,train,train,test,train,train,train,valid,0.370988
4067,2020_Townsend,CC(C)C[C@H]1C(=O)N[C@@H](Cc2ccccc2)C(=O)N2CCC[C@@H]2C(=O)N(C)[C@@H](C)C(=O)N(C)[C@H](CC(C)C)C(=O)N(Cc2ccccc2)CC(=O)N2CCC[C@H]2C(=O)N1C,hepta_490,4067,-5.2,7,7,Circle,0.148632,0.0497085,-32.5506,9.289,8.201,1.088,0.137085,0.038239,9.328,8.104,1.224,53,65,,test,0.3999999999999999,1,1.0,test,train,train,train,train,train,train,valid,train,train,0.37722987
4061,2020_Townsend,CC(C)C[C@@H]1C(=O)N(C)[C@H](CC(C)C)C(=O)N2CCC[C@H]2C(=O)N(Cc2ccccc2)CC(=O)N[C@@H](Cc2ccccc2)C(=O)N2CCC[C@@H]2C(=O)N(C)[C@@H](C)C(=O)N1C,hepta_484,4061,-5.81,7,7,Circle,0.158969,0.043665,-24.9421,9.402,8.206,1.196,0.136398,0.0438864,9.007,7.755,1.252,70,58,,test,0.0950000000000002,1,1.0,test,train,valid,train,train,train,test,train,valid,train,0.34814787
4057,2020_Townsend,CC(C)C[C@@H]1NC(=O)[C@H](C)N(C)C(=O)[C@H]2CCCN2C(=O)[C@H](Cc2ccccc2)NC(=O)CN(Cc2ccccc2)C(=O)[C@@H]2CCCN2C(=O)[C@H](CC(C)C)N(C)C1=O,hepta_480,4057,-5.08,7,7,Circle,0.155872,0.0438981,-32.8883,9.045,7.771,1.274,0.116072,0.0460305,8.702,7.694,1.008,93,90,,test,0.4599999999999999,1,1.0,test,train,train,train,train,valid,train,train,train,train,0.36209145
4048,2020_Townsend,CC(C)C[C@H]1C(=O)N2CCC[C@H]2C(=O)N(Cc2ccccc2)CC(=O)N[C@@H](Cc2ccccc2)C(=O)N2CCC[C@@H]2C(=O)N(C)[C@@H](C)C(=O)N[C@H](CC(C)C)C(=O)N1C,hepta_471,4048,-5.56,7,7,Circle,0.184695,0.0658709,-37.9503,9.608,8.336,1.272,0.134582,0.0474393,9.124,8.088,1.036,5,40,,test,0.2200000000000002,1,1.0,test,train,train,train,train,valid,train,train,train,test,0.26414374
4036,2020_Townsend,CC(C)C[C@H]1NC(=O)[C@@H](CC(C)C)N(C)C(=O)[C@H](C)N(C)C(=O)[C@H]2CCCN2C(=O)[C@H](Cc2ccccc2)NC(=O)CN(Cc2ccccc2)C(=O)[C@@H]2CCCN2C1=O,hepta_459,4036,-10.0,7,7,Circle,0.190958,0.0789249,-28.5979,9.532,8.298,1.234,0.137361,0.0475717,9.528,8.411,1.117,100,15,,test,-1.0,0,0.0,test,train,train,train,train,train,train,train,train,train,0.34016544
4027,2020_Townsend,CC(C)C[C@@H]1NC(=O)[C@H](CC(C)C)N(C)C(=O)[C@H](C)N(C)C(=O)[C@H]2CCCN2C(=O)[C@H](Cc2ccccc2)NC(=O)[C@H](CC(C)C)N(C)C(=O)[C@@H]2CCCN2C1=O,hepta_450,4027,-4.95,7,7,Circle,0.207768,0.100475,-30.9891,9.531,8.185,1.346,0.145897,0.0483954,8.859,7.971,0.888,55,69,,test,0.5249999999999999,1,1.0,test,train,train,valid,train,train,train,train,train,train,0.42807242
4013,2020_Townsend,CC(C)C[C@H]1C(=O)N[C@@H](Cc2ccccc2)C(=O)N2CCC[C@@H]2C(=O)N(C)[C@@H](C)C(=O)N[C@H](CC(C)C)C(=O)N(C)[C@H](CC(C)C)C(=O)N2CCC[C@H]2C(=O)N1C,hepta_436,4013,-4.83,7,7,Circle,0.153845,0.0469635,-21.8024,9.357,8.147,1.21,0.116236,0.0334348,8.885,7.756,1.129,96,30,,test,0.585,1,1.0,test,train,test,train,train,test,train,train,train,test,0.4766363
3993,2020_Townsend,CC(C)C[C@@H]1NC(=O)[C@@H](CC(C)C)NC(=O)[C@H](C)N(C)C(=O)[C@H]2CCCN2C(=O)[C@H](Cc2ccccc2)NC(=O)[C@@H](CC(C)C)N(C)C(=O)[C@@H]2CCCN2C1=O,hepta_416,3993,-5.67,7,7,Circle,0.125688,0.041892,-32.2789,9.142,7.933,1.209,0.164048,0.089008,8.868,7.818,1.05,80,58,,test,0.165,1,1.0,test,train,train,train,train,train,train,test,train,test,0.19946295
3987,2020_Townsend,CC(C)C[C@H]1NC(=O)[C@H](C)N(C)C(=O)[C@H]2CCCN2C(=O)[C@H](Cc2ccccc2)NC(=O)[C@@H](CC(C)C)N(C)C(=O)[C@@H]2CCCN2C(=O)[C@@H](CC(C)C)NC1=O,hepta_410,3987,-6.63,7,7,Circle,0.167854,0.083251,-34.0172,9.356,7.924,1.432,0.186928,0.0658765,9.074,7.998,1.076,7,89,,test,-0.3149999999999999,0,0.0,test,valid,train,train,train,train,train,train,train,train,0.22612333
3962,2020_Townsend,CC(C)C[C@H]1C(=O)N[C@@H](Cc2ccccc2)C(=O)N2CCC[C@@H]2C(=O)N[C@H](C)C(=O)N[C@H](CC(C)C)C(=O)N[C@@H](Cc2ccccc2)CC(=O)N2CCC[C@@H]2C(=O)N1C,hepta_385,3962,-10.0,7,7,Circle,0.180023,0.0686097,-33.731,9.281,8.034,1.247,0.162292,0.0634844,9.286,8.084,1.202,47,74,,test,-1.0,0,0.0,test,train,train,train,train,train,train,train,test,train,-0.20774552
3921,2020_Townsend,CC(C)C[C@H]1C(=O)N2CCC[C@@H]2C(=O)N[C@H](CC(C)C)C(=O)N[C@@H](Cc2ccccc2)C(=O)N2CCC[C@@H]2C(=O)N[C@H](C)C(=O)N(C)[C@@H](CC(C)C)C(=O)N1C,hepta_344,3921,-10.0,7,7,Circle,0.144315,0.0475747,-37.3361,9.293,8.03,1.263,0.140881,0.0468024,9.146,7.968,1.178,89,88,,test,-1.0,0,0.0,test,train,test,train,valid,train,train,train,train,test,0.22418013
3914,2020_Townsend,CC(C)C[C@H]1C(=O)N2CCC[C@@H]2C(=O)N(C)[C@H](CC(C)C)C(=O)N[C@@H](Cc2ccccc2)C(=O)N2CCC[C@@H]2C(=O)N[C@H](C)C(=O)N[C@H](CC(C)C)C(=O)N1C,hepta_337,3914,-10.0,7,7,Circle,0.126409,0.0521976,-43.3523,8.992,7.446,1.546,0.110224,0.03883,8.748,7.664,1.084,17,80,,test,-1.0,0,0.0,test,train,train,train,train,test,valid,train,train,train,0.03723102
3912,2020_Townsend,CC(C)C[C@H]1NC(=O)[C@@H](C)NC(=O)[C@H]2CCCN2C(=O)[C@H](Cc2ccccc2)NC(=O)[C@@H](CC(C)C)N(C)C(=O)[C@H]2CCCN2C(=O)[C@@H](CC(C)C)N(C)C1=O,hepta_335,3912,-6.66,7,7,Circle,0.178364,0.0968384,-30.8245,9.191,7.929,1.262,0.112479,0.0332092,8.806,7.837,0.969,38,97,,test,-0.33,0,0.0,test,train,train,train,train,train,train,train,test,train,-0.103064485
3893,2020_Townsend,CC(C)C[C@@H]1NC(=O)[C@@H](C)NC(=O)[C@H]2CCCN2C(=O)[C@H](Cc2ccccc2)NC(=O)[C@@H](CC(C)C)NC(=O)[C@H]2CCCN2C(=O)[C@H](CC(C)C)NC1=O,hepta_316,3893,-5.34,7,7,Circle,0.0810185,0.0321095,-31.5832,8.55,7.307,1.243,0.113349,0.0372752,8.544,7.421,1.123,24,43,,test,0.33,1,1.0,test,train,train,train,train,test,train,valid,train,train,-0.5241068
3876,2020_Townsend,CC(C)C[C@@H]1NC(=O)[C@H](C)NC(=O)[C@H]2CCCN2C(=O)[C@H](Cc2ccccc2)NC(=O)[C@H](CC(C)C)N(C)C(=O)[C@H]2CCCN2C(=O)C[C@H](Cc2ccccc2)NC1=O,hepta_299,3876,-5.95,7,7,Circle,0.171704,0.0560175,-28.0954,9.101,7.786,1.315,0.124625,0.0429874,9.281,8.243,1.038,90,64,,test,0.0249999999999999,1,1.0,test,train,train,train,train,train,train,train,train,train,-0.11582697
3862,2020_Townsend,CC(C)C[C@H]1NC(=O)[C@H](C)NC(=O)[C@H]2CCCN2C(=O)[C@H](Cc2ccccc2)NC(=O)[C@@H](CC(C)C)N(C)C(=O)[C@H]2CCCN2C(=O)CN(Cc2ccccc2)C1=O,hepta_285,3862,-5.62,7,7,Circle,0.136013,0.0437581,-43.1071,9.625,8.307,1.318,0.129908,0.0391385,8.969,7.83,1.139,86,35,,test,0.1899999999999999,1,1.0,test,train,train,valid,train,train,train,test,train,train,-0.04599171
3861,2020_Townsend,CC(C)C[C@H]1NC(=O)[C@H](C)NC(=O)[C@H]2CCCN2C(=O)[C@H](Cc2ccccc2)NC(=O)CN(Cc2ccccc2)C(=O)[C@H]2CCCN2C(=O)[C@@H](CC(C)C)N(C)C1=O,hepta_284,3861,-6.16,7,7,Circle,0.150568,0.0472348,-36.2845,9.092,7.813,1.279,0.113149,0.0336422,8.694,7.553,1.141,53,65,,test,-0.08,0,0.0,test,valid,test,train,test,train,train,train,train,train,-0.20639753
3851,2020_Townsend,CC(C)C[C@@H]1NC(=O)[C@H](C)NC(=O)[C@H]2CCCN2C(=O)[C@H](Cc2ccccc2)NC(=O)[C@@H](CC(C)C)NC(=O)[C@H]2CCCN2C(=O)CN(Cc2ccccc2)C1=O,hepta_274,3851,-10.0,7,7,Circle,0.185551,0.0614147,-43.5989,9.286,7.868,1.418,0.130341,0.0349233,8.56,7.332,1.228,44,21,,test,-1.0,0,0.0,test,train,train,train,test,train,train,train,train,train,-0.37382385
3850,2020_Townsend,CC(C)C[C@@H]1NC(=O)[C@H]2CCCN2C(=O)CN(Cc2ccccc2)C(=O)[C@@H](CC(C)C)NC(=O)[C@H](C)NC(=O)[C@H]2CCCN2C(=O)[C@H](Cc2ccccc2)NC1=O,hepta_273,3850,-6.07,7,7,Circle,0.172381,0.0584269,-40.5233,9.359,8.017,1.342,0.150787,0.0442859,8.601,7.47,1.131,97,68,,test,-0.0350000000000001,0,0.0,test,train,train,test,train,train,train,train,train,test,-0.55760854
3830,2020_Townsend,CC(C)C[C@@H]1NC(=O)[C@H]2CCCN2C(=O)[C@@H](CC(C)C)N(C)C(=O)[C@H](CC(C)C)NC(=O)[C@H](C)NC(=O)[C@H]2CCCN2C(=O)[C@H](Cc2ccccc2)NC1=O,hepta_253,3830,-5.98,7,7,Circle,0.184585,0.0798713,-40.7499,9.387,7.952,1.435,0.112421,0.036657,8.882,7.646,1.236,79,61,,test,0.0099999999999997,1,1.0,test,train,train,valid,train,train,valid,train,train,train,-0.11667833
3817,2020_Townsend,CC(C)C[C@@H]1NC(=O)[C@H](C)NC(=O)[C@H]2CCCN2C(=O)[C@H](Cc2ccccc2)NC(=O)[C@H](CC(C)C)NC(=O)[C@H]2CCCN2C(=O)[C@@H](CC(C)C)NC1=O,hepta_240,3817,-10.0,7,7,Circle,0.173044,0.0697756,-29.323,8.863,7.546,1.317,0.156762,0.0472589,8.611,7.412,1.199,100,53,,test,-1.0,0,0.0,test,train,train,train,train,train,test,train,test,valid,-0.35546535
3789,2020_Townsend,CC(C)C[C@H]1C(=O)N(Cc2ccccc2)CC(=O)N2CCC[C@H]2C(=O)N[C@H](CC(C)C)C(=O)N[C@@H](Cc2ccccc2)C(=O)N2CCC[C@@H]2C(=O)N[C@H](C)C(=O)N1C,hepta_212,3789,-5.26,7,7,Circle,0.20165,0.0883477,-35.077,9.003,7.703,1.3,0.177224,0.0697558,8.948,7.659,1.289,90,94,,test,0.3700000000000001,1,1.0,test,test,test,train,train,train,test,train,valid,train,-0.15056613
3787,2020_Townsend,CC(C)C[C@@H]1NC(=O)[C@@H](C)NC(=O)[C@H]2CCCN2C(=O)[C@H](Cc2ccccc2)NC(=O)[C@@H](CC(C)C)N(C)C(=O)[C@@H]2CCCN2C(=O)CN(Cc2ccccc2)C1=O,hepta_210,3787,-5.75,7,7,Circle,0.167184,0.0704507,-41.0716,9.24,7.834,1.406,0.144209,0.0632972,8.851,7.463,1.388,2,71,,test,0.125,1,1.0,test,train,train,train,train,train,train,test,train,train,-0.1498854
3782,2020_Townsend,CC(C)C[C@@H]1NC(=O)[C@@H]2CCCN2C(=O)CN(Cc2ccccc2)C(=O)[C@@H](CC(C)C)N(C)C(=O)[C@@H](C)NC(=O)[C@H]2CCCN2C(=O)[C@H](Cc2ccccc2)NC1=O,hepta_205,3782,-10.0,7,7,Circle,0.136636,0.0580185,-27.0206,8.884,7.739,1.145,0.110654,0.0457624,9.022,7.791,1.231,99,46,,test,-1.0,0,0.0,test,train,train,train,train,train,test,train,valid,train,-0.42652053
3776,2020_Townsend,CC(C)C[C@H]1NC(=O)[C@@H](C)NC(=O)[C@H]2CCCN2C(=O)[C@H](Cc2ccccc2)NC(=O)[C@@H](CC(C)C)N(C)C(=O)[C@@H]2CCCN2C(=O)CN(Cc2ccccc2)C1=O,hepta_199,3776,-6.21,7,7,Circle,0.149386,0.0683267,-44.6828,9.262,7.844,1.418,0.125384,0.038399,8.043,6.819,1.224,63,93,,test,-0.1049999999999999,0,0.0,test,train,train,train,train,train,train,train,train,train,-0.19296446
3772,2020_Townsend,CC(C)C[C@@H]1NC(=O)[C@@H](C)NC(=O)[C@H]2CCCN2C(=O)[C@H](Cc2ccccc2)NC(=O)CN(Cc2ccccc2)C(=O)[C@@H]2CCCN2C(=O)[C@H](CC(C)C)NC1=O,hepta_195,3772,-6.4,7,7,Circle,0.154846,0.0750435,-30.1149,8.908,7.708,1.2,0.112002,0.0438896,8.85,7.596,1.254,77,8,,test,-0.2000000000000001,0,0.0,test,train,train,train,train,train,train,train,train,train,-0.05975309
3769,2020_Townsend,CC(C)C[C@@H]1NC(=O)[C@@H]2CCCN2C(=O)[C@H](CC(C)C)N(C)C(=O)[C@H](CC(C)C)N(C)C(=O)[C@@H](C)NC(=O)[C@H]2CCCN2C(=O)[C@H](Cc2ccccc2)NC1=O,hepta_192,3769,-5.61,7,7,Circle,0.143797,0.0517478,-27.6821,9.059,7.722,1.337,0.134138,0.0373977,9.284,7.906,1.378,13,51,,test,0.1949999999999998,1,1.0,test,valid,train,test,test,valid,train,train,train,train,0.0021488965
3763,2020_Townsend,CC(C)C[C@@H]1NC(=O)[C@H](CC(C)C)N(C)C(=O)[C@@H](C)NC(=O)[C@H]2CCCN2C(=O)[C@H](Cc2ccccc2)NC(=O)[C@@H](CC(C)C)N(C)C(=O)[C@@H]2CCCN2C1=O,hepta_186,3763,-5.38,7,7,Circle,0.109973,0.0455691,-26.8801,9.246,7.873,1.373,0.133167,0.0464482,8.93,7.658,1.272,96,43,,test,0.31,1,1.0,test,train,train,train,train,train,valid,train,test,train,0.3227893
3750,2020_Townsend,CC(C)C[C@H]1C(=O)N2CCC[C@H]2C(=O)N[C@H](CC(C)C)C(=O)N[C@@H](Cc2ccccc2)C(=O)N2CCC[C@@H]2C(=O)N[C@H](C)C(=O)N(C)[C@H](CC(C)C)C(=O)N1C,hepta_173,3750,-6.45,7,7,Circle,0.143012,0.0512215,-42.3069,9.299,7.988,1.311,0.114572,0.0372053,8.918,7.655,1.263,38,46,,test,-0.2250000000000001,0,0.0,test,train,train,train,train,test,train,train,train,valid,-0.057120465
3745,2020_Townsend,CC(C)C[C@@H]1NC(=O)[C@@H]2CCCN2C(=O)[C@@H](CC(C)C)N(C)C(=O)[C@H](CC(C)C)NC(=O)[C@@H](C)NC(=O)[C@H]2CCCN2C(=O)[C@H](Cc2ccccc2)NC1=O,hepta_168,3745,-5.9,7,7,Circle,0.123458,0.0542881,-30.9831,9.35,7.897,1.453,0.12914,0.0331015,8.658,7.621,1.037,42,18,,test,0.0499999999999998,1,1.0,test,test,train,valid,train,train,train,train,train,train,0.13376465
3722,2020_Townsend,CC(C)C[C@@H]1C(=O)N[C@@H](Cc2ccccc2)C(=O)N2CCC[C@@H]2C(=O)N[C@@H](C)C(=O)N(Cc2ccccc2)CC(=O)N(Cc2ccccc2)CC(=O)N2CCC[C@H]2C(=O)N1C,hepta_145,3722,-6.3,7,7,Circle,0.246489,0.0878468,-40.3847,9.441,8.155,1.286,0.131449,0.047872,8.477,7.365,1.112,70,52,,test,-0.1499999999999999,0,0.0,test,train,train,train,train,train,valid,train,train,train,-0.010444764
3692,2020_Townsend,CC(C)C[C@H]1C(=O)N(C)[C@H](CC(C)C)C(=O)N2CCC[C@H]2C(=O)N(C)[C@H](CC(C)C)C(=O)N[C@@H](Cc2ccccc2)C(=O)N2CCC[C@@H]2C(=O)N[C@@H](C)C(=O)N1C,hepta_115,3692,-5.23,7,7,Circle,0.124066,0.0436724,-21.6504,9.193,7.792,1.401,0.137869,0.0407024,9.134,7.913,1.221,16,87,,test,0.3849999999999998,1,1.0,test,test,train,train,train,train,train,train,train,test,0.30734545
3687,2020_Townsend,CC(C)C[C@@H]1NC(=O)[C@@H]2CCCN2C(=O)CN(Cc2ccccc2)C(=O)[C@@H](CC(C)C)NC(=O)[C@H](C)NC(=O)[C@H]2CCCN2C(=O)[C@H](Cc2ccccc2)NC1=O,hepta_110,3687,-6.5,7,7,Circle,0.154103,0.0605318,-38.9693,9.182,7.71,1.472,0.183672,0.0636035,8.559,7.415,1.144,91,30,,test,-0.25,0,0.0,test,train,train,train,valid,train,valid,train,train,train,-0.4322954
3675,2020_Townsend,CC(C)C[C@H]1NC(=O)[C@@H]2CCCN2C(=O)[C@@H](CC(C)C)N(C)C(=O)[C@@H](CC(C)C)N(C)C(=O)[C@H](C)NC(=O)[C@H]2CCCN2C(=O)[C@H](Cc2ccccc2)NC1=O,hepta_98,3675,-6.22,7,7,Circle,0.167743,0.0682495,-21.5141,8.859,7.653,1.206,0.129695,0.0509063,9.1,7.867,1.233,49,14,,test,-0.1099999999999998,0,0.0,test,train,train,test,test,train,test,test,train,train,0.1663394
3667,2020_Townsend,CC(C)C[C@@H]1NC(=O)[C@@H]2CCCN2C(=O)[C@@H](CC(C)C)NC(=O)[C@@H](CC(C)C)N(C)C(=O)[C@H](C)NC(=O)[C@H]2CCCN2C(=O)[C@H](Cc2ccccc2)NC1=O,hepta_90,3667,-5.92,7,7,Circle,0.177361,0.0604678,-28.4856,9.203,7.959,1.244,0.150826,0.0711466,8.78,7.67,1.11,12,83,,test,0.04,1,1.0,test,train,test,train,train,train,train,train,train,train,0.1664964
3657,2020_Townsend,CC(C)C[C@@H]1NC(=O)[C@H](C)NC(=O)[C@H]2CCCN2C(=O)[C@H](Cc2ccccc2)NC(=O)[C@@H](CC(C)C)NC(=O)[C@@H]2CCCN2C(=O)[C@H](CC(C)C)NC1=O,hepta_80,3657,-10.0,7,7,Circle,0.238249,0.112785,-23.5439,8.584,7.268,1.316,0.149845,0.0497379,8.519,7.34,1.179,40,73,,test,-1.0,0,0.0,test,train,train,train,valid,test,train,train,train,test,-0.662034
3617,2020_Townsend,CCCN1CC(=O)N(C)[C@H](CC(C)C)C(=O)N(C)[C@@H](CC(C)C)C(=O)N2CCC[C@H]2C(=O)N(C)[C@H](CC(C)C)C(=O)N[C@@H](Cc2ccccc2)C(=O)N2CCC[C@@H]2C1=O,hepta_40,3617,-4.94,7,7,Circle,0.155093,0.0593809,-18.4624,9.718,8.606,1.112,0.142904,0.0405336,9.147,8.026,1.121,60,23,,test,0.5299999999999998,1,1.0,test,valid,train,train,train,train,train,test,train,train,0.5060843
3616,2020_Townsend,CCCN1CC(=O)N(C)[C@@H](CC(C)C)C(=O)N(C)[C@H](CC(C)C)C(=O)N2CCC[C@H]2C(=O)N(C)[C@H](CC(C)C)C(=O)N[C@@H](Cc2ccccc2)C(=O)N2CCC[C@@H]2C1=O,hepta_39,3616,-4.78,7,7,Circle,0.15096,0.040078,-23.6437,9.731,8.662,1.069,0.17819,0.0618627,9.747,8.667,1.08,4,96,,test,0.6099999999999999,1,1.0,test,valid,train,train,train,train,train,train,valid,train,0.4663787
3613,2020_Townsend,CCCN1CC(=O)N(Cc2ccccc2)CC(=O)N[C@@H](CC(C)C)C(=O)N2CCC[C@H]2C(=O)N[C@@H](CC(C)C)C(=O)N[C@@H](Cc2ccccc2)C(=O)N2CCC[C@@H]2C1=O,hepta_36,3613,-6.22,7,7,Circle,0.204465,0.0810922,-33.2203,9.43,8.056,1.374,0.143885,0.0417633,8.732,7.75,0.982,96,41,,test,-0.1099999999999998,0,0.0,test,train,train,train,train,train,train,train,train,train,-0.0005096793
3594,2020_Townsend,CCCN1CC(=O)N[C@@H](CC(C)C)C(=O)N[C@@H](CC(C)C)C(=O)N2CCC[C@H]2C(=O)N(C)[C@@H](CC(C)C)C(=O)N[C@@H](Cc2ccccc2)C(=O)N2CCC[C@@H]2C1=O,hepta_17,3594,-5.68,7,7,Circle,0.13403,0.0424513,-44.2768,9.657,8.256,1.401,0.1093,0.0431347,9.175,7.911,1.264,62,73,,test,0.1600000000000001,1,1.0,test,train,train,train,train,test,valid,train,train,train,0.2832966
3565,2020_Townsend,CC(C)C[C@H]1NC(=O)[C@@H](C)N(C)C(=O)[C@H](Cc2ccccc2)NC(=O)CN(Cc2ccccc2)C(=O)[C@H]2CCCN2C(=O)CN(Cc2ccccc2)C1=O,hexa_1051,3565,-6.22,6,6,Circle,0.192174,0.0689133,-28.8339,8.336,7.328,1.008,0.17266,0.0377824,8.445,7.376,1.069,88,10,,test,-0.1099999999999998,0,0.0,test,train,train,train,train,train,test,train,train,train,0.22566554
3563,2020_Townsend,CC(C)C[C@H]1C(=O)N[C@@H](Cc2ccccc2)C(=O)N(C)[C@H](C)C(=O)N(C)[C@H](CC(C)C)C(=O)N(Cc2ccccc2)CC(=O)N2CCC[C@@H]2C(=O)N1C,hexa_1049,3563,-5.09,6,6,Circle,0.155173,0.0404257,-22.0726,8.563,7.531,1.032,0.126949,0.0282413,8.252,7.24,1.012,43,26,,test,0.455,1,1.0,test,test,valid,train,valid,train,valid,train,train,valid,0.5565158
3561,2020_Townsend,CC(C)C[C@H]1NC(=O)[C@H]2CCCN2C(=O)C[C@H](Cc2ccccc2)NC(=O)[C@@H](CC(C)C)N(C)C(=O)[C@@H](C)N(C)C(=O)[C@H](Cc2ccccc2)NC1=O,hexa_1047,3561,-5.66,6,6,Circle,0.150941,0.0350987,-26.2733,8.502,7.311,1.191,0.147538,0.046826,8.8,7.539,1.261,39,64,,test,0.1699999999999999,1,1.0,test,train,train,train,train,train,train,train,train,test,0.12575975
3552,2020_Townsend,CC(C)C[C@H]1C(=O)N[C@@H](Cc2ccccc2)C(=O)N(C)[C@H](C)C(=O)N[C@H](CC(C)C)C(=O)N(Cc2ccccc2)CC(=O)N2CCC[C@@H]2C(=O)N1C,hexa_1038,3552,-5.21,6,6,Circle,0.185269,0.0599877,-22.3862,8.34,7.462,0.878,0.173641,0.0528873,8.496,7.623,0.873,15,25,,test,0.395,1,1.0,test,train,train,train,train,train,train,train,test,train,0.49388373
3542,2020_Townsend,CC(C)C[C@H]1C(=O)N2CCC[C@@H]2C(=O)N(C)[C@H](CC(C)C)C(=O)N[C@@H](Cc2ccccc2)C(=O)N(C)[C@H](C)C(=O)N(C)[C@H](CC(C)C)C(=O)N1C,hexa_1028,3542,-5.06,6,6,Circle,0.197716,0.0945422,-21.1397,8.379,7.283,1.096,0.113665,0.0333033,8.409,7.317,1.092,39,74,,test,0.4700000000000002,1,1.0,test,train,train,train,train,train,train,train,train,valid,0.668621
3537,2020_Townsend,CC(C)C[C@@H]1NC(=O)[C@@H](C)N(C)C(=O)[C@H](Cc2ccccc2)NC(=O)[C@H](CC(C)C)N(C)C(=O)[C@H]2CCCN2C(=O)[C@H](CC(C)C)N(C)C1=O,hexa_1023,3537,-4.87,6,6,Circle,0.135933,0.0486409,-21.1719,8.455,7.39,1.065,0.110865,0.0415242,8.368,7.369,0.999,66,97,,test,0.565,1,1.0,test,test,train,train,train,train,test,test,train,train,0.65138054
3533,2020_Townsend,CC(C)C[C@@H]1NC(=O)[C@H]2CCCN2C(=O)CN(Cc2ccccc2)C(=O)[C@@H](CC(C)C)NC(=O)[C@@H](C)N(C)C(=O)[C@H](Cc2ccccc2)NC1=O,hexa_1019,3533,-10.0,6,6,Circle,0.168762,0.0410147,-37.0839,8.324,7.212,1.112,0.131884,0.0305204,8.497,7.322,1.175,92,32,,test,-1.0,0,0.0,test,train,train,train,train,train,train,valid,train,train,-0.086235136
3523,2020_Townsend,CC(C)C[C@@H]1NC(=O)[C@@H](CC(C)C)N(C)C(=O)[C@@H](C)N(C)C(=O)[C@H](Cc2ccccc2)NC(=O)[C@@H](CC(C)C)N(C)C(=O)[C@H]2CCCN2C1=O,hexa_1009,3523,-5.06,6,6,Circle,0.161573,0.0629513,-27.9457,8.431,7.29,1.141,0.116759,0.0393448,8.328,7.152,1.176,45,35,,test,0.4700000000000002,1,1.0,test,train,train,train,test,train,train,test,train,test,0.5169699
3516,2020_Townsend,CC(C)C[C@@H]1NC(=O)[C@@H](C)N(C)C(=O)[C@H](Cc2ccccc2)NC(=O)[C@H](CC(C)C)N(C)C(=O)[C@H]2CCCN2C(=O)[C@H](CC(C)C)NC1=O,hexa_1002,3516,-5.41,6,6,Circle,0.12027,0.036453,-23.8273,8.325,7.254,1.071,0.114463,0.0400107,8.097,7.175,0.922,27,19,,test,0.2949999999999999,1,1.0,test,train,train,train,train,train,train,valid,test,train,0.45699018
3501,2020_Townsend,CC(C)C[C@@H]1NC(=O)[C@@H](C)N(C)C(=O)[C@H](Cc2ccccc2)NC(=O)[C@@H](CC(C)C)N(C)C(=O)[C@H]2CCCN2C(=O)[C@@H](CC(C)C)NC1=O,hexa_987,3501,-5.52,6,6,Circle,0.159996,0.0505136,-22.4764,8.332,7.309,1.023,0.145362,0.0399348,8.32,7.258,1.062,5,46,,test,0.2400000000000002,1,1.0,test,train,test,train,train,train,train,train,train,train,0.28272972
3477,2020_Townsend,CC(C)C[C@H]1C(=O)N2CCC[C@@H]2C(=O)N(Cc2ccccc2)CC(=O)N[C@@H](Cc2ccccc2)C(=O)N(C)[C@@H](C)C(=O)N(C)[C@H](CC(C)C)C(=O)N1C,hexa_963,3477,-5.22,6,6,Circle,0.130255,0.0410867,-30.9603,8.381,7.444,0.937,0.149831,0.0598171,8.388,7.531,0.857,19,71,,test,0.3900000000000001,1,1.0,test,train,train,train,valid,train,train,train,train,train,0.5965196
3444,2020_Townsend,CC(C)C[C@@H]1NC(=O)[C@H](CC(C)C)N(C)C(=O)[C@H](C)N(C)C(=O)[C@H](Cc2ccccc2)NC(=O)[C@@H](CC(C)C)N(C)C(=O)[C@H]2CCCN2C1=O,hexa_930,3444,-4.92,6,6,Circle,0.168006,0.0519262,-19.3497,8.366,7.246,1.12,0.139175,0.0377842,8.388,7.331,1.057,60,4,,test,0.54,1,1.0,test,train,train,train,train,train,train,train,valid,train,0.6898845
3426,2020_Townsend,CC(C)C[C@H]1C(=O)N2CCC[C@@H]2C(=O)N[C@H](CC(C)C)C(=O)N[C@@H](Cc2ccccc2)C(=O)N(C)[C@@H](C)C(=O)N[C@H](CC(C)C)C(=O)N1C,hexa_912,3426,-5.05,6,6,Circle,0.15753,0.047392,-20.5999,8.177,7.038,1.139,0.117157,0.0408602,8.324,7.142,1.182,56,50,,test,0.4750000000000001,1,1.0,test,test,test,train,train,train,train,train,train,train,0.36247116
3419,2020_Townsend,CC(C)C[C@H]1NC(=O)[C@H]2CCCN2C(=O)[C@@H](CC(C)C)NC(=O)[C@@H](CC(C)C)N(C)C(=O)[C@H](C)N(C)C(=O)[C@H](Cc2ccccc2)NC1=O,hexa_905,3419,-5.7,6,6,Circle,0.153328,0.0396639,-31.4566,8.428,7.153,1.275,0.164977,0.0354817,8.191,7.161,1.03,34,19,,test,0.1499999999999999,1,1.0,test,test,train,train,train,valid,train,valid,train,train,0.24037015
3416,2020_Townsend,CC(C)C[C@@H]1NC(=O)[C@H]2CCCN2C(=O)[C@H](CC(C)C)NC(=O)[C@@H](CC(C)C)NC(=O)[C@H](C)N(C)C(=O)[C@H](Cc2ccccc2)NC1=O,hexa_902,3416,-6.01,6,6,Circle,0.162822,0.045459,-22.5533,8.212,7.028,1.184,0.169569,0.0752233,8.293,7.024,1.269,8,88,,test,-0.0049999999999998,0,0.0,test,valid,train,train,train,train,test,train,train,train,0.022726394
3414,2020_Townsend,CC(C)C[C@@H]1NC(=O)[C@@H](CC(C)C)NC(=O)[C@H](C)N(C)C(=O)[C@H](Cc2ccccc2)NC(=O)[C@@H](CC(C)C)NC(=O)[C@H]2CCCN2C1=O,hexa_900,3414,-5.15,6,6,Circle,0.18167,0.0634587,-22.9104,8.195,6.987,1.208,0.135724,0.0388301,7.899,6.96,0.939,21,63,,test,0.4249999999999998,1,1.0,test,train,train,train,train,test,train,train,train,train,0.050191343
3407,2020_Townsend,CC(C)C[C@H]1C(=O)N(Cc2ccccc2)CC(=O)N2CCC[C@H]2C(=O)N(Cc2ccccc2)CC(=O)N[C@@H](Cc2ccccc2)C(=O)N(C)[C@H](C)C(=O)N1C,hexa_893,3407,-5.3,6,6,Circle,0.166016,0.0507053,-40.3198,8.768,7.7,1.068,0.181025,0.0582112,8.382,7.386,0.996,71,76,,test,0.3500000000000001,1,1.0,test,train,train,test,train,test,test,train,train,valid,0.35725904
3404,2020_Townsend,CC(C)C[C@H]1C(=O)N[C@@H](Cc2ccccc2)C(=O)N(C)[C@H](C)C(=O)N(C)[C@@H](CC(C)C)C(=O)N[C@@H](Cc2ccccc2)CC(=O)N2CCC[C@H]2C(=O)N1C,hexa_890,3404,-5.1,6,6,Circle,0.233502,0.0884504,-19.796,8.819,7.769,1.05,0.152776,0.0495329,8.615,7.639,0.976,28,66,,test,0.4500000000000002,1,1.0,test,train,train,train,train,train,train,test,train,test,0.5411805
3397,2020_Townsend,CC(C)C[C@H]1C(=O)N2CCC[C@H]2C(=O)N(Cc2ccccc2)CC(=O)N[C@@H](Cc2ccccc2)C(=O)N(C)[C@H](C)C(=O)N(C)[C@@H](CC(C)C)C(=O)N1C,hexa_883,3397,-4.85,6,6,Circle,0.15237,0.04249,-23.4117,8.682,7.692,0.99,0.149359,0.0353764,8.759,7.772,0.987,57,56,,test,0.5750000000000002,1,1.0,test,train,train,valid,train,train,train,train,train,train,0.51202536
3389,2020_Townsend,CC(C)C[C@H]1NC(=O)[C@@H]2CCCN2C(=O)C[C@H](Cc2ccccc2)NC(=O)[C@@H](CC(C)C)N(C)C(=O)[C@@H](C)N(C)C(=O)[C@H](Cc2ccccc2)NC1=O,hexa_875,3389,-5.29,6,6,Circle,0.169173,0.0337706,-30.7332,8.902,7.705,1.197,0.127546,0.0415618,8.861,7.531,1.33,91,100,,test,0.355,1,1.0,test,train,train,train,train,train,train,valid,train,valid,0.15588745
3387,2020_Townsend,CC(C)C[C@@H]1NC(=O)[C@H](CC(C)C)N(C)C(=O)[C@@H](C)N(C)C(=O)[C@H](Cc2ccccc2)NC(=O)CN(Cc2ccccc2)C(=O)[C@@H]2CCCN2C1=O,hexa_873,3387,-4.93,6,6,Circle,0.185242,0.062299,-27.9957,8.336,7.185,1.151,0.104359,0.0317473,8.449,7.39,1.059,31,2,,test,0.5350000000000001,1,1.0,test,train,train,train,valid,valid,train,train,train,test,0.65837663
3366,2020_Townsend,CC(C)C[C@@H]1NC(=O)[C@@H]2CCCN2C(=O)[C@H](CC(C)C)NC(=O)CN(Cc2ccccc2)C(=O)[C@@H](C)N(C)C(=O)[C@H](Cc2ccccc2)NC1=O,hexa_852,3366,-5.78,6,6,Circle,0.12676,0.046087,-30.832,8.18,6.966,1.214,0.162867,0.0515783,8.281,7.036,1.245,91,47,,test,0.1099999999999998,1,1.0,test,train,train,train,train,train,train,train,train,train,0.21510959
3354,2020_Townsend,CC(C)C[C@H]1NC(=O)[C@@H]2CCCN2C(=O)[C@@H](CC(C)C)NC(=O)CN(Cc2ccccc2)C(=O)[C@@H](C)N(C)C(=O)[C@H](Cc2ccccc2)NC1=O,hexa_840,3354,-5.07,6,6,Circle,0.154666,0.0657756,-31.3317,8.212,7.044,1.168,0.171243,0.0510431,8.221,7.089,1.132,91,92,,test,0.4649999999999998,1,1.0,test,train,train,train,train,train,valid,train,train,test,0.36809197
3346,2020_Townsend,CC(C)C[C@H]1NC(=O)[C@@H]2CCCN2C(=O)[C@@H](CC(C)C)N(C)C(=O)[C@@H](CC(C)C)N(C)C(=O)[C@@H](C)N(C)C(=O)[C@H](Cc2ccccc2)NC1=O,hexa_832,3346,-4.82,6,6,Circle,0.123207,0.0396688,-24.5213,8.514,7.372,1.142,0.153027,0.0532172,8.262,7.216,1.046,98,37,,test,0.5899999999999999,1,1.0,test,train,train,test,train,valid,train,train,train,test,0.3681273
3334,2020_Townsend,CC(C)C[C@H]1C(=O)N2CCC[C@H]2C(=O)N[C@H](CC(C)C)C(=O)N[C@@H](Cc2ccccc2)C(=O)N(C)[C@H](C)C(=O)N[C@H](CC(C)C)C(=O)N1C,hexa_820,3334,-5.05,6,6,Circle,0.149569,0.0407333,-22.9708,8.308,7.256,1.052,0.192477,0.089762,8.19,7.139,1.051,36,100,,test,0.4750000000000001,1,1.0,test,train,train,train,train,train,train,train,train,train,0.21759382
3333,2020_Townsend,CC(C)C[C@@H]1NC(=O)[C@@H](CC(C)C)NC(=O)[C@@H](C)N(C)C(=O)[C@H](Cc2ccccc2)NC(=O)[C@@H](CC(C)C)N(C)C(=O)[C@@H]2CCCN2C1=O,hexa_819,3333,-5.16,6,6,Circle,0.147597,0.0531663,-19.8254,8.525,7.369,1.156,0.159185,0.0534586,8.238,7.149,1.089,93,63,,test,0.4199999999999999,1,1.0,test,valid,train,train,valid,train,train,train,train,train,0.38688356
3314,2020_Townsend,CC(C)C[C@@H]1NC(=O)[C@H](C)N(C)C(=O)[C@H](Cc2ccccc2)NC(=O)CN(Cc2ccccc2)C(=O)[C@@H]2CCCN2C(=O)C[C@H](Cc2ccccc2)NC1=O,hexa_800,3314,-5.75,6,6,Circle,0.194904,0.0613559,-22.9719,8.592,7.565,1.027,0.143899,0.0348853,8.625,7.645,0.98,70,66,,test,0.125,1,1.0,test,train,train,train,valid,train,train,test,test,train,0.10175476
3302,2020_Townsend,CC(C)C[C@H]1NC(=O)[C@H](C)N(C)C(=O)[C@H](Cc2ccccc2)NC(=O)CN(Cc2ccccc2)C(=O)[C@@H]2CCCN2C(=O)CN(Cc2ccccc2)C1=O,hexa_788,3302,-5.48,6,6,Circle,0.158515,0.0396888,-34.7467,8.376,7.115,1.261,0.224803,0.0856173,8.487,7.387,1.1,19,96,,test,0.2599999999999998,1,1.0,test,train,train,test,train,train,train,train,train,train,0.20789146
3301,2020_Townsend,CC(C)C[C@H]1C(=O)N2CCC[C@H]2C(=O)N(Cc2ccccc2)CC(=O)N[C@@H](Cc2ccccc2)C(=O)N(C)[C@@H](C)C(=O)N(C)[C@H](CC(C)C)C(=O)N1C,hexa_787,3301,-4.76,6,6,Circle,0.171863,0.0344856,-23.3766,8.573,7.402,1.171,0.136355,0.0368762,8.339,7.453,0.886,10,66,,test,0.6200000000000001,1,1.0,test,train,train,valid,train,train,train,train,train,train,0.58390415
3296,2020_Townsend,CC(C)C[C@@H]1NC(=O)[C@@H]2CCCN2C(=O)C[C@H](Cc2ccccc2)NC(=O)[C@@H](CC(C)C)N(C)C(=O)[C@H](C)N(C)C(=O)[C@H](Cc2ccccc2)NC1=O,hexa_782,3296,-6.18,6,6,Circle,0.166303,0.0444859,-26.8015,8.802,7.8,1.002,0.17137,0.0448721,8.507,7.53,0.977,25,78,,test,-0.0899999999999998,0,0.0,test,train,train,train,train,valid,train,train,train,valid,0.051489122
3290,2020_Townsend,CC(C)C[C@@H]1NC(=O)[C@H](C)N(C)C(=O)[C@H](Cc2ccccc2)NC(=O)[C@H](CC(C)C)N(C)C(=O)[C@@H]2CCCN2C(=O)CN(Cc2ccccc2)C1=O,hexa_776,3290,-5.15,6,6,Circle,0.198661,0.0650495,-27.4956,8.652,7.514,1.138,0.17873,0.0649068,8.454,7.424,1.03,45,6,,test,0.4249999999999998,1,1.0,test,train,train,valid,train,train,train,train,train,train,0.5035831
3285,2020_Townsend,CC(C)C[C@H]1C(=O)N[C@H](CC(C)C)C(=O)N2CCC[C@H]2C(=O)N(Cc2ccccc2)CC(=O)N[C@@H](Cc2ccccc2)C(=O)N(C)[C@@H](C)C(=O)N1C,hexa_771,3285,-4.9,6,6,Circle,0.174373,0.0431794,-27.238,8.421,7.309,1.112,0.158565,0.0747234,8.428,7.486,0.942,2,41,,test,0.5499999999999998,1,1.0,test,train,train,train,train,valid,train,train,valid,train,0.4155322
3281,2020_Townsend,CC(C)C[C@@H]1NC(=O)[C@H](C)N(C)C(=O)[C@H](Cc2ccccc2)NC(=O)[C@@H](CC(C)C)NC(=O)[C@@H]2CCCN2C(=O)C[C@H](Cc2ccccc2)NC1=O,hexa_767,3281,-10.0,6,6,Circle,0.318875,0.134676,-26.1575,8.824,7.637,1.187,0.142225,0.0414876,8.429,7.423,1.006,88,43,,test,-1.0,0,0.0,test,train,train,train,test,train,train,train,train,train,-0.07004076
3242,2020_Townsend,CC(C)C[C@@H]1NC(=O)[C@H](C)N(C)C(=O)[C@H](Cc2ccccc2)NC(=O)[C@H](CC(C)C)N(C)C(=O)[C@@H]2CCCN2C(=O)[C@H](CC(C)C)NC1=O,hexa_728,3242,-5.86,6,6,Circle,0.130679,0.0467699,-19.4139,8.349,7.287,1.062,0.149559,0.0437712,8.326,7.326,1.0,84,93,,test,0.0699999999999998,1,1.0,test,train,train,valid,train,train,train,train,train,valid,0.3252188
3240,2020_Townsend,CC(C)C[C@@H]1NC(=O)[C@H](C)N(C)C(=O)[C@H](Cc2ccccc2)NC(=O)[C@@H](CC(C)C)N(C)C(=O)[C@@H]2CCCN2C(=O)[C@H](CC(C)C)NC1=O,hexa_726,3240,-5.11,6,6,Circle,0.131097,0.0399199,-20.2998,8.428,7.35,1.078,0.150748,0.0361829,8.355,7.357,0.998,59,16,,test,0.4449999999999998,1,1.0,test,test,valid,train,train,train,test,train,train,train,0.35887912
3210,2020_Townsend,CC(C)C[C@H]1NC(=O)[C@@H](C)NC(=O)[C@H](Cc2ccccc2)NC(=O)CN(Cc2ccccc2)C(=O)[C@H]2CCCN2C(=O)C[C@H](Cc2ccccc2)NC1=O,hexa_696,3210,-5.54,6,6,Circle,0.196386,0.0640053,-26.4128,8.451,7.376,1.075,0.147393,0.0342195,8.455,7.409,1.046,15,40,,test,0.2299999999999999,1,1.0,test,test,train,train,train,train,train,train,train,train,-0.26370504
3204,2020_Townsend,CC(C)C[C@H]1NC(=O)[C@@H](C)NC(=O)[C@H](Cc2ccccc2)NC(=O)CN(Cc2ccccc2)C(=O)[C@H]2CCCN2C(=O)CN(Cc2ccccc2)C1=O,hexa_690,3204,-6.15,6,6,Circle,0.21181,0.0732,-32.2869,8.437,7.285,1.152,0.152626,0.0430493,8.262,7.16,1.102,68,84,,test,-0.0750000000000001,0,0.0,test,train,train,train,train,train,valid,train,train,train,-0.15145198
3178,2020_Townsend,CC(C)C[C@H]1NC(=O)[C@@H](CC(C)C)N(C)C(=O)[C@@H](C)NC(=O)[C@H](Cc2ccccc2)NC(=O)CN(Cc2ccccc2)C(=O)[C@H]2CCCN2C1=O,hexa_664,3178,-5.66,6,6,Circle,0.160625,0.0429822,-25.7242,8.396,7.311,1.085,0.145011,0.0419367,8.491,7.377,1.114,80,3,,test,0.1699999999999999,1,1.0,test,train,train,train,train,train,valid,train,train,train,0.23066044
3170,2020_Townsend,CC(C)C[C@@H]1NC(=O)[C@H]2CCCN2C(=O)[C@H](CC(C)C)NC(=O)CN(Cc2ccccc2)C(=O)[C@@H](C)NC(=O)[C@H](Cc2ccccc2)NC1=O,hexa_656,3170,-6.06,6,6,Circle,0.179946,0.0558445,-34.5865,8.147,6.89,1.257,0.177656,0.0680269,8.018,6.926,1.092,78,22,,test,-0.0299999999999998,0,0.0,test,train,train,valid,train,train,train,train,test,train,0.05410167
3159,2020_Townsend,CC(C)C[C@H]1C(=O)N2CCC[C@@H]2C(=O)N(C)[C@@H](CC(C)C)C(=O)N[C@@H](Cc2ccccc2)C(=O)N[C@H](C)C(=O)N[C@H](CC(C)C)C(=O)N1C,hexa_645,3159,-5.5,6,6,Circle,0.12589,0.0367599,-25.5842,8.392,7.215,1.177,0.157864,0.0817954,8.326,7.353,0.973,12,32,,test,0.25,1,1.0,test,train,train,train,train,train,train,train,train,train,0.04085318
3141,2020_Townsend,CC(C)C[C@@H]1NC(=O)[C@H]2CCCN2C(=O)[C@H](CC(C)C)NC(=O)[C@H](CC(C)C)N(C)C(=O)[C@@H](C)NC(=O)[C@H](Cc2ccccc2)NC1=O,hexa_627,3141,-5.99,6,6,Circle,0.157896,0.0666812,-24.0295,8.279,7.204,1.075,0.176883,0.0734514,8.103,7.025,1.078,87,41,,test,0.0049999999999998,1,1.0,test,train,test,train,train,train,train,train,train,train,0.17561564
3134,2020_Townsend,CC(C)C[C@H]1C(=O)N[C@H](CC(C)C)C(=O)N2CCC[C@@H]2C(=O)N[C@H](CC(C)C)C(=O)N[C@@H](Cc2ccccc2)C(=O)N[C@H](C)C(=O)N1C,hexa_620,3134,-5.49,6,6,Circle,0.157098,0.0511939,-28.3818,8.365,7.111,1.254,0.122596,0.0376117,8.258,7.193,1.065,49,93,,test,0.2549999999999999,1,1.0,test,train,train,valid,valid,train,train,train,test,train,0.18793395
3119,2020_Townsend,CC(C)C[C@H]1NC(=O)[C@@H](C)NC(=O)[C@H](Cc2ccccc2)NC(=O)[C@@H](CC(C)C)NC(=O)[C@H]2CCCN2C(=O)[C@@H](CC(C)C)NC1=O,hexa_605,3119,-6.43,6,6,Circle,0.183036,0.0488633,-24.8107,7.97,6.594,1.376,0.139419,0.0395059,7.907,6.836,1.071,35,9,,test,-0.2149999999999998,0,0.0,test,train,train,train,train,train,train,train,train,train,-0.49167088
3116,2020_Townsend,CC(C)C[C@H]1C(=O)N(Cc2ccccc2)CC(=O)N2CCC[C@@H]2C(=O)N(Cc2ccccc2)CC(=O)N[C@@H](Cc2ccccc2)C(=O)N[C@@H](C)C(=O)N1C,hexa_602,3116,-5.67,6,6,Circle,0.20187,0.0726809,-31.3401,8.517,7.413,1.104,0.172015,0.037534,8.62,7.455,1.165,91,5,,test,0.165,1,1.0,test,train,test,train,train,train,train,train,train,valid,0.0881095
3113,2020_Townsend,CC(C)C[C@@H]1NC(=O)[C@H](C)NC(=O)[C@H](Cc2ccccc2)NC(=O)CN(Cc2ccccc2)C(=O)[C@H]2CCCN2C(=O)CN(Cc2ccccc2)C1=O,hexa_599,3113,-6.03,6,6,Circle,0.176285,0.0645128,-42.23,8.258,6.988,1.27,0.116949,0.0291323,8.184,7.181,1.003,75,43,,test,-0.0150000000000001,0,0.0,test,train,test,train,train,train,train,train,valid,train,-0.21021426
3106,2020_Townsend,CC(C)C[C@H]1C(=O)N[C@@H](Cc2ccccc2)C(=O)N[C@@H](C)C(=O)N(C)[C@H](CC(C)C)C(=O)N(Cc2ccccc2)CC(=O)N2CCC[C@@H]2C(=O)N1C,hexa_592,3106,-5.08,6,6,Circle,0.167805,0.053667,-17.6082,8.26,7.109,1.151,0.163431,0.0494136,8.395,7.269,1.126,83,48,,test,0.4599999999999999,1,1.0,test,valid,train,train,train,valid,train,train,train,train,0.27171922
3099,2020_Townsend,CC(C)C[C@H]1NC(=O)[C@H]2CCCN2C(=O)C[C@H](Cc2ccccc2)NC(=O)[C@@H](CC(C)C)N(C)C(=O)[C@H](C)NC(=O)[C@H](Cc2ccccc2)NC1=O,hexa_585,3099,-6.27,6,6,Circle,0.170597,0.0461138,-21.7918,8.038,6.937,1.101,0.146056,0.0452851,8.721,7.356,1.365,97,60,,test,-0.1349999999999998,0,0.0,test,train,train,train,train,train,train,train,train,train,-0.16209269
3095,2020_Townsend,CC(C)C[C@@H]1NC(=O)[C@H](C)NC(=O)[C@H](Cc2ccccc2)NC(=O)[C@H](CC(C)C)NC(=O)[C@H]2CCCN2C(=O)C[C@H](Cc2ccccc2)NC1=O,hexa_581,3095,-6.46,6,6,Circle,0.19519,0.0547401,-28.6574,8.227,6.971,1.256,0.182896,0.0287634,8.118,7.126,0.992,29,25,,test,-0.2299999999999999,0,0.0,test,train,train,train,train,train,train,train,train,train,-0.74721974
3094,2020_Townsend,CC(C)C[C@@H]1NC(=O)[C@H]2CCCN2C(=O)CN(Cc2ccccc2)C(=O)[C@H](CC(C)C)N(C)C(=O)[C@H](C)NC(=O)[C@H](Cc2ccccc2)NC1=O,hexa_580,3094,-10.0,6,6,Circle,0.168594,0.0462064,-27.8287,8.164,7.071,1.093,0.166354,0.0397242,8.112,7.043,1.069,23,39,,test,-1.0,0,0.0,test,test,valid,train,train,train,train,test,train,train,-0.38522202
3092,2020_Townsend,CC(C)C[C@H]1C(=O)N2CCC[C@@H]2C(=O)N(Cc2ccccc2)CC(=O)N[C@@H](Cc2ccccc2)C(=O)N[C@@H](C)C(=O)N[C@H](CC(C)C)C(=O)N1C,hexa_578,3092,-5.45,6,6,Circle,0.141873,0.0425537,-23.4319,8.257,7.081,1.176,0.10981,0.0373377,7.977,6.79,1.187,3,87,,test,0.2749999999999999,1,1.0,test,train,train,train,train,train,train,train,train,train,0.071577676
3084,2020_Townsend,CC(C)C[C@H]1NC(=O)[C@H](C)NC(=O)[C@H](Cc2ccccc2)NC(=O)[C@@H](CC(C)C)NC(=O)[C@H]2CCCN2C(=O)C[C@H](Cc2ccccc2)NC1=O,hexa_570,3084,-5.04,6,6,Circle,0.205106,0.0552769,-19.5067,8.119,7.02,1.099,0.171214,0.0307508,8.228,7.113,1.115,58,44,,test,0.48,1,1.0,test,train,test,train,train,train,train,train,train,train,-0.5271033
3044,2020_Townsend,CC(C)C[C@@H]1NC(=O)[C@H](C)NC(=O)[C@H](Cc2ccccc2)NC(=O)[C@H](CC(C)C)N(C)C(=O)[C@H]2CCCN2C(=O)[C@@H](CC(C)C)NC1=O,hexa_530,3044,-6.55,6,6,Circle,0.176184,0.0966825,-29.2529,8.109,6.882,1.227,0.145043,0.0354683,8.226,6.955,1.271,48,16,,test,-0.2749999999999999,0,0.0,test,train,train,train,test,test,train,train,train,train,0.1018754
3028,2020_Townsend,CC(C)C[C@@H]1NC(=O)[C@H]2CCCN2C(=O)[C@@H](CC(C)C)NC(=O)[C@@H](CC(C)C)NC(=O)[C@H](C)NC(=O)[C@H](Cc2ccccc2)NC1=O,hexa_514,3028,-10.0,6,6,Circle,0.183181,0.0758417,-28.6842,8.22,6.893,1.327,0.129791,0.0535078,7.992,6.788,1.204,16,58,,test,-1.0,0,0.0,test,train,train,train,train,train,train,train,train,valid,-0.574268
3022,2020_Townsend,CC(C)C[C@@H]1C(=O)N[C@@H](Cc2ccccc2)CC(=O)N2CCC[C@H]2C(=O)N(Cc2ccccc2)CC(=O)N[C@@H](Cc2ccccc2)C(=O)N[C@H](C)C(=O)N1C,hexa_508,3022,-5.53,6,6,Circle,0.201421,0.0418742,-34.0277,9.08,7.929,1.151,0.170957,0.0386449,9.051,7.897,1.154,16,88,,test,0.2349999999999998,1,1.0,test,test,valid,train,train,train,train,train,train,train,0.09141623
3007,2020_Townsend,CC(C)C[C@H]1C(=O)N(C)[C@H](CC(C)C)C(=O)N2CCC[C@H]2C(=O)N(Cc2ccccc2)CC(=O)N[C@@H](Cc2ccccc2)C(=O)N[C@H](C)C(=O)N1C,hexa_493,3007,-5.37,6,6,Circle,0.180018,0.0635509,-29.8224,8.651,7.624,1.027,0.175751,0.0571327,8.502,7.424,1.078,35,22,,test,0.3149999999999999,1,1.0,test,train,train,train,train,train,train,train,train,test,0.38874936
2990,2020_Townsend,CC(C)C[C@@H]1NC(=O)[C@@H]2CCCN2C(=O)CN(Cc2ccccc2)C(=O)[C@@H](CC(C)C)N(C)C(=O)[C@@H](C)NC(=O)[C@H](Cc2ccccc2)NC1=O,hexa_476,2990,-6.09,6,6,Circle,0.199801,0.0668677,-27.5543,8.205,7.063,1.142,0.19336,0.0670669,8.129,7.039,1.09,47,75,,test,-0.0449999999999999,0,0.0,test,train,train,train,train,valid,train,train,train,train,-0.13362095
2981,2020_Townsend,CC(C)C[C@H]1C(=O)N2CCC[C@H]2C(=O)N(C)[C@H](CC(C)C)C(=O)N[C@@H](Cc2ccccc2)C(=O)N[C@H](C)C(=O)N(C)[C@H](CC(C)C)C(=O)N1C,hexa_467,2981,-5.32,6,6,Circle,0.165278,0.0473431,-21.1891,8.525,7.44,1.085,0.167311,0.0525854,8.577,7.558,1.019,11,34,,test,0.3399999999999998,1,1.0,test,train,valid,train,train,test,valid,train,train,train,0.44555795
2969,2020_Townsend,CC(C)C[C@H]1C(=O)N[C@@H](Cc2ccccc2)C(=O)N[C@H](C)C(=O)N(C)[C@@H](CC(C)C)C(=O)N[C@H](CC(C)C)C(=O)N2CCC[C@H]2C(=O)N1C,hexa_455,2969,-5.37,6,6,Circle,0.15329,0.0394756,-22.124,8.341,7.294,1.047,0.226538,0.0805438,8.403,7.265,1.138,39,26,,test,0.3149999999999999,1,1.0,test,valid,train,train,train,train,train,train,test,train,0.42360336
2964,2020_Townsend,CC(C)C[C@H]1NC(=O)[C@@H]2CCCN2C(=O)CN(Cc2ccccc2)C(=O)[C@@H](CC(C)C)NC(=O)[C@@H](C)NC(=O)[C@H](Cc2ccccc2)NC1=O,hexa_450,2964,-6.45,6,6,Circle,0.230997,0.0825764,-27.5336,8.009,6.759,1.25,0.156096,0.0455715,8.061,6.952,1.109,43,83,,test,-0.2250000000000001,0,0.0,test,train,train,train,train,train,train,train,train,train,-0.31214222
2942,2020_Townsend,CC(C)C[C@@H]1NC(=O)[C@@H](CC(C)C)NC(=O)[C@@H](C)NC(=O)[C@H](Cc2ccccc2)NC(=O)[C@@H](CC(C)C)N(C)C(=O)[C@@H]2CCCN2C1=O,hexa_428,2942,-5.85,6,6,Circle,0.142959,0.0439289,-23.3951,8.285,7.059,1.226,0.140333,0.044346,8.246,7.016,1.23,53,44,,test,0.0750000000000001,1,1.0,test,train,train,train,test,valid,train,train,train,train,-0.051791593
2941,2020_Townsend,CC(C)C[C@H]1C(=O)N[C@H](CC(C)C)C(=O)N2CCC[C@H]2C(=O)N[C@H](CC(C)C)C(=O)N[C@@H](Cc2ccccc2)C(=O)N[C@H](C)C(=O)N1C,hexa_427,2941,-6.26,6,6,Circle,0.152496,0.0383995,-28.3815,8.403,7.132,1.271,0.128911,0.0378284,7.96,6.967,0.993,22,98,,test,-0.1299999999999999,0,0.0,test,train,train,train,train,train,train,train,train,test,0.19785726
2929,2020_Townsend,C[C@@H]1NC(=O)[C@H](Cc2ccccc2)NC(=O)CN(Cc2ccccc2)C(=O)[C@@H]2CCCN2C(=O)CN(Cc2ccccc2)C(=O)CN(Cc2ccccc2)C1=O,hexa_415,2929,-6.31,6,6,Circle,0.189291,0.0552254,-42.8688,8.427,7.376,1.051,0.155432,0.0397499,8.135,7.043,1.092,86,2,,test,-0.1549999999999998,0,0.0,test,train,train,train,train,train,train,train,train,train,-0.05358488
2899,2020_Townsend,CC(C)C[C@@H]1NC(=O)[C@H](C)NC(=O)[C@H](Cc2ccccc2)NC(=O)[C@@H](CC(C)C)N(C)C(=O)[C@@H]2CCCN2C(=O)CN(Cc2ccccc2)C1=O,hexa_385,2899,-6.01,6,6,Circle,0.216147,0.0830653,-28.3237,8.345,7.181,1.164,0.137914,0.0476583,7.76,6.568,1.192,60,22,,test,-0.0049999999999998,0,0.0,test,train,train,train,train,valid,test,train,train,train,-0.0130387
2864,2020_Townsend,CC(C)C[C@H]1NC(=O)[C@@H](CC(C)C)N(C)C(=O)[C@H](C)NC(=O)[C@H](Cc2ccccc2)NC(=O)[C@@H](CC(C)C)N(C)C(=O)[C@@H]2CCCN2C1=O,hexa_350,2864,-5.22,6,6,Circle,0.228361,0.0747855,-31.6794,8.323,7.192,1.131,0.162725,0.0472816,8.376,7.263,1.113,25,64,,test,0.3900000000000001,1,1.0,test,test,train,train,test,train,train,train,train,valid,0.41893172
2848,2020_Townsend,CC(C)C[C@@H]1NC(=O)[C@@H]2CCCN2C(=O)[C@@H](CC(C)C)N(C)C(=O)[C@@H](CC(C)C)NC(=O)[C@H](C)NC(=O)[C@H](Cc2ccccc2)NC1=O,hexa_334,2848,-6.31,6,6,Circle,0.17773,0.0720531,-30.3285,8.275,7.038,1.237,0.118131,0.0336176,7.77,6.7,1.07,65,89,,test,-0.1549999999999998,0,0.0,test,train,train,train,valid,train,train,test,train,train,0.1196915
2845,2020_Townsend,CC(C)C[C@H]1NC(=O)[C@H](C)NC(=O)[C@H](Cc2ccccc2)NC(=O)[C@@H](CC(C)C)N(C)C(=O)[C@@H]2CCCN2C(=O)[C@@H](CC(C)C)NC1=O,hexa_331,2845,-6.11,6,6,Circle,0.152675,0.0591652,-28.4655,8.403,7.009,1.394,0.152344,0.0591907,7.727,6.529,1.198,87,30,,test,-0.0550000000000001,0,0.0,test,test,train,train,train,train,train,train,valid,train,0.026618324
2836,2020_Townsend,CCCN1CC(=O)N(C)[C@H](CC(C)C)C(=O)N(Cc2ccccc2)CC(=O)N2CCC[C@H]2C(=O)N(Cc2ccccc2)CC(=O)N[C@@H](Cc2ccccc2)C1=O,hexa_322,2836,-5.59,6,6,Circle,0.195515,0.0515679,-24.3759,8.763,7.767,0.996,0.178666,0.0498462,8.632,7.691,0.941,38,73,,test,0.205,1,1.0,test,train,train,train,train,train,test,train,train,train,0.35637963
2826,2020_Townsend,CCCN1CC(=O)N(C)[C@H](CC(C)C)C(=O)N(Cc2ccccc2)CC(=O)N2CCC[C@H]2C(=O)N(C)[C@H](CC(C)C)C(=O)N[C@@H](Cc2ccccc2)C1=O,hexa_312,2826,-5.02,6,6,Circle,0.173848,0.0621822,-20.56,8.765,7.739,1.026,0.176314,0.0552058,8.79,7.975,0.815,18,32,,test,0.4900000000000002,1,1.0,test,train,train,test,train,train,train,train,train,train,0.47849536
2815,2020_Townsend,CCCN1CC(=O)N[C@H](CC(C)C)C(=O)N[C@@H](Cc2ccccc2)CC(=O)N2CCC[C@H]2C(=O)N[C@@H](CC(C)C)C(=O)N[C@@H](Cc2ccccc2)C1=O,hexa_301,2815,-5.55,6,6,Circle,0.162796,0.0410564,-32.6915,8.463,7.25,1.213,0.190332,0.0471482,8.61,7.486,1.124,89,85,,test,0.2250000000000001,1,1.0,test,train,valid,train,train,train,train,valid,train,valid,0.10352745
2810,2020_Townsend,CCCN1CC(=O)N(C)[C@H](CC(C)C)C(=O)N(Cc2ccccc2)CC(=O)N2CCC[C@H]2C(=O)N[C@H](CC(C)C)C(=O)N[C@@H](Cc2ccccc2)C1=O,hexa_296,2810,-6.23,6,6,Circle,0.17226,0.0615629,-28.3397,8.696,7.524,1.172,0.143308,0.0380087,8.417,7.455,0.962,91,3,,test,-0.1150000000000002,0,0.0,test,valid,train,valid,train,train,train,test,train,train,0.106996454
2802,2020_Townsend,CCCN1CC(=O)N[C@@H](CC(C)C)C(=O)N(Cc2ccccc2)CC(=O)N2CCC[C@H]2C(=O)N[C@H](CC(C)C)C(=O)N[C@@H](Cc2ccccc2)C1=O,hexa_288,2802,-5.65,6,6,Circle,0.174619,0.0678585,-33.2394,8.717,7.519,1.198,0.150316,0.0417114,8.333,7.217,1.116,28,52,,test,0.1749999999999998,1,1.0,test,train,train,valid,train,train,train,train,train,valid,0.098410465
2781,2020_Townsend,CCCN1CC(=O)N[C@H](CC(C)C)C(=O)N[C@@H](CC(C)C)C(=O)N2CCC[C@H]2C(=O)N(C)[C@@H](CC(C)C)C(=O)N[C@@H](Cc2ccccc2)C1=O,hexa_267,2781,-5.0,6,6,Circle,0.134214,0.0480245,-19.3684,8.49,7.375,1.115,0.150307,0.0578505,8.469,7.331,1.138,34,39,,test,0.5,1,1.0,test,train,train,train,train,train,train,train,test,train,0.30086517
2757,2020_Townsend,CCCN1CC(=O)N(C)[C@@H](CC(C)C)C(=O)N(C)[C@H](CC(C)C)C(=O)N2CCC[C@@H]2C(=O)N(Cc2ccccc2)CC(=O)N[C@@H](Cc2ccccc2)C1=O,hexa_243,2757,-5.1,6,6,Circle,0.250852,0.104769,-25.3046,8.73,7.809,0.921,0.138929,0.0328957,8.656,7.725,0.931,41,100,,test,0.4500000000000002,1,1.0,test,train,train,train,train,train,train,train,test,valid,0.41473332
2753,2020_Townsend,CCCN1CC(=O)N(C)[C@H](CC(C)C)C(=O)N(C)[C@H](CC(C)C)C(=O)N2CCC[C@@H]2C(=O)N(Cc2ccccc2)CC(=O)N[C@@H](Cc2ccccc2)C1=O,hexa_239,2753,-5.7,6,6,Circle,0.148971,0.0495498,-27.883,8.635,7.734,0.901,0.121115,0.0327898,8.625,7.866,0.759,8,12,,test,0.1499999999999999,1,1.0,test,valid,train,train,train,test,train,train,train,train,0.502588
2752,2020_Townsend,CCCN1CC(=O)N(Cc2ccccc2)CC(=O)N(C)[C@H](CC(C)C)C(=O)N2CCC[C@@H]2C(=O)N(C)[C@H](CC(C)C)C(=O)N[C@@H](Cc2ccccc2)C1=O,hexa_238,2752,-5.54,6,6,Circle,0.131355,0.0440289,-33.0508,8.87,7.751,1.119,0.172357,0.0594175,8.847,7.729,1.118,23,69,,test,0.2299999999999999,1,1.0,test,test,train,test,train,train,test,train,train,test,0.44201136
2740,2020_Townsend,CCCN1CC(=O)N[C@H](CC(C)C)C(=O)N(Cc2ccccc2)CC(=O)N2CCC[C@@H]2C(=O)N(C)[C@H](CC(C)C)C(=O)N[C@@H](Cc2ccccc2)C1=O,hexa_226,2740,-5.35,6,6,Circle,0.136415,0.0383683,-33.1053,8.642,7.598,1.044,0.134198,0.0423815,8.701,7.706,0.995,71,51,,test,0.3250000000000002,1,1.0,test,train,test,train,train,train,train,train,train,train,0.42058283
2736,2020_Townsend,CCCN1CC(=O)N[C@@H](CC(C)C)C(=O)N[C@@H](CC(C)C)C(=O)N2CCC[C@@H]2C(=O)N(Cc2ccccc2)CC(=O)N[C@@H](Cc2ccccc2)C1=O,hexa_222,2736,-5.39,6,6,Circle,0.200764,0.0712462,-29.1972,8.608,7.446,1.162,0.170037,0.0499888,8.35,7.33,1.02,27,44,,test,0.3050000000000001,1,1.0,test,train,train,test,train,train,train,test,train,train,0.31270373
2735,2020_Townsend,CCCN1CC(=O)N(Cc2ccccc2)CC(=O)N[C@@H](CC(C)C)C(=O)N2CCC[C@@H]2C(=O)N[C@@H](CC(C)C)C(=O)N[C@@H](Cc2ccccc2)C1=O,hexa_221,2735,-5.64,6,6,Circle,0.161448,0.05858,-28.431,8.56,7.493,1.067,0.172342,0.0660363,8.335,7.18,1.155,52,32,,test,0.1800000000000001,1,1.0,test,train,train,valid,train,valid,train,train,train,train,0.13133347
2731,2020_Townsend,CCCN1CC(=O)N[C@H](CC(C)C)C(=O)N[C@@H](CC(C)C)C(=O)N2CCC[C@@H]2C(=O)N(Cc2ccccc2)CC(=O)N[C@@H](Cc2ccccc2)C1=O,hexa_217,2731,-5.01,6,6,Circle,0.223208,0.0829016,-27.4547,8.511,7.36,1.151,0.143818,0.0419267,8.332,7.307,1.025,83,81,,test,0.4950000000000001,1,1.0,test,train,train,train,train,valid,train,train,test,train,0.2617119
2718,2020_Townsend,CCCN1CC(=O)N(C)[C@H](CC(C)C)C(=O)N[C@H](CC(C)C)C(=O)N2CCC[C@@H]2C(=O)N(C)[C@@H](CC(C)C)C(=O)N[C@@H](Cc2ccccc2)C1=O,hexa_204,2718,-4.89,6,6,Circle,0.118637,0.029367,-18.3762,8.658,7.656,1.002,0.11941,0.0313773,8.611,7.631,0.98,35,88,,test,0.5550000000000002,1,1.0,test,train,train,train,train,train,train,train,train,train,0.6176797
2705,2020_Townsend,CCCN1CC(=O)N[C@H](CC(C)C)C(=O)N(C)[C@@H](CC(C)C)C(=O)N2CCC[C@@H]2C(=O)N[C@H](CC(C)C)C(=O)N[C@@H](Cc2ccccc2)C1=O,hexa_191,2705,-5.02,6,6,Circle,0.10507,0.039614,-22.1808,8.506,7.294,1.212,0.142174,0.0365708,8.342,7.285,1.057,74,49,,test,0.4900000000000002,1,1.0,test,train,train,train,train,train,test,train,train,train,0.37250865
2680,2020_Townsend,CC(C)C[C@H]1C(=O)N[C@@H](Cc2ccccc2)C(=O)N[C@@H](Cc2ccccc2)CC(=O)N(C)[C@H](CC(C)C)C(=O)N[C@@H](Cc2ccccc2)CC(=O)N2CCC[C@H]2C(=O)N1C,hexa_166,2680,-5.41,6,6,Circle,0.20104,0.0633519,-31.513,9.613,8.53,1.083,0.214036,0.078283,9.649,8.611,1.038,77,20,,test,0.2949999999999999,1,1.0,test,train,train,train,train,test,train,valid,train,train,0.2542464
2656,2020_Townsend,CC(C)C[C@@H]1NC(=O)C[C@H](Cc2ccccc2)NC(=O)[C@H](Cc2ccccc2)NC(=O)[C@@H](CC(C)C)N(C)C(=O)[C@@H]2CCCN2C(=O)CN(Cc2ccccc2)C1=O,hexa_142,2656,-5.47,6,6,Circle,0.167686,0.0500647,-32.1701,8.853,7.772,1.081,0.157587,0.0463542,9.016,8.073,0.943,27,73,,test,0.2650000000000001,1,1.0,test,valid,train,train,train,test,train,train,valid,train,0.36680534
2635,2020_Townsend,CC(C)C[C@@H]1NC(=O)[C@H](CC(C)C)N(C)C(=O)C[C@H](Cc2ccccc2)NC(=O)[C@H](Cc2ccccc2)NC(=O)[C@@H](CC(C)C)N(C)C(=O)[C@@H]2CCCN2C1=O,hexa_121,2635,-5.26,6,6,Circle,0.167368,0.0532315,-18.6641,8.947,7.916,1.031,0.188003,0.063096,8.812,7.718,1.094,74,42,,test,0.3700000000000001,1,1.0,test,test,train,test,train,test,train,train,train,train,0.44949356
2629,2020_Townsend,CC(C)C[C@H]1NC(=O)[C@@H]2CCCN2C(=O)[C@@H](CC(C)C)NC(=O)CN(Cc2ccccc2)C(=O)C[C@H](Cc2ccccc2)NC(=O)[C@H](Cc2ccccc2)NC1=O,hexa_115,2629,-5.94,6,6,Circle,0.28215,0.0971369,-27.6116,9.15,7.948,1.202,0.24773,0.0866593,8.883,7.768,1.115,42,72,,test,0.0299999999999998,1,1.0,test,train,train,train,train,train,train,train,train,train,0.23351142
2628,2020_Townsend,CC(C)C[C@@H]1NC(=O)[C@@H](CC(C)C)N(C)C(=O)C[C@H](Cc2ccccc2)NC(=O)[C@H](Cc2ccccc2)NC(=O)[C@@H](CC(C)C)N(C)C(=O)[C@@H]2CCCN2C1=O,hexa_114,2628,-5.24,6,6,Circle,0.218778,0.0622226,-20.0345,9.379,8.316,1.063,0.178052,0.0563133,9.371,8.343,1.028,40,52,,test,0.3799999999999999,1,1.0,test,train,train,train,train,train,train,train,train,test,0.4106821
2612,2020_Townsend,CC(C)C[C@@H]1NC(=O)C[C@H](Cc2ccccc2)NC(=O)[C@H](Cc2ccccc2)NC(=O)[C@@H](CC(C)C)N(C)C(=O)[C@@H]2CCCN2C(=O)[C@H](CC(C)C)NC1=O,hexa_98,2612,-5.54,6,6,Circle,0.157008,0.047695,-18.665,8.877,7.838,1.039,0.126432,0.0357241,8.632,7.563,1.069,85,95,,test,0.2299999999999999,1,1.0,test,train,train,train,valid,train,train,train,train,train,0.3804231
2568,2020_Townsend,CC(C)C[C@H]1C(=O)N[C@H](CC(C)C)C(=O)N2CCC[C@@H]2C(=O)N(Cc2ccccc2)CC(=O)N[C@@H](Cc2ccccc2)C(=O)N[C@@H](Cc2ccccc2)CC(=O)N1C,hexa_54,2568,-6.19,6,6,Circle,0.263642,0.0748616,-27.0345,9.604,8.439,1.165,0.182052,0.043888,9.165,7.997,1.168,31,9,,test,-0.0950000000000002,0,0.0,test,train,test,test,train,train,train,test,train,train,0.36341298
2523,2020_Townsend,CC(C)C[C@H]1NC(=O)C[C@H](Cc2ccccc2)NC(=O)[C@H](Cc2ccccc2)NC(=O)[C@@H](CC(C)C)N(C)C(=O)[C@H]2CCCN2C(=O)[C@@H](CC(C)C)NC1=O,hexa_9,2523,-5.32,6,6,Circle,0.150833,0.0400837,-29.6769,8.701,7.545,1.156,0.16595,0.0431997,8.823,7.726,1.097,76,59,,test,0.3399999999999998,1,1.0,test,test,train,train,valid,train,test,train,train,train,0.30008358
2362,2018_Naylor,CC(C)C[C@@H]1NC(=O)[C@H](Cc2ccccc2)N(C)C(=O)[C@H]2CCCN2C(=O)[C@H](C)NC(=O)[C@H](CC(C)C)N(C)C(=O)[C@@H](CC(C)C)N(C)C1=O,1NMe3-4Ala6F(69),2362,-5.0,6,6,Circle,0.141795,0.049491,-19.7563,8.622,7.598,1.024,0.142093,0.0530906,8.485,7.587,0.898,63,24,,test,0.5,1,1.0,test,train,train,train,train,train,train,train,train,valid,0.5330007
2347,2018_Naylor,CC(C)C[C@@H]1NC(=O)[C@H](Cc2ccc(O)cc2)NC(=O)[C@H]2CCCN2C(=O)[C@H](CC2CCCCC2)NC(=O)[C@H](CC2CCCCC2)NC(=O)[C@@H](C)NC1=O,1NMe3perNH-2Ala34Cha6Y(53),2347,-5.08,6,6,Circle,0.134587,0.03534,-37.7508,8.653,7.249,1.404,0.17868,0.0309576,8.858,7.537,1.321,56,63,,test,0.4599999999999999,1,1.0,test,valid,train,train,train,train,valid,train,valid,valid,0.31095463
2346,2018_Naylor,CC(C)C[C@@H]1NC(=O)[C@H](Cc2ccc(O)cc2)NC(=O)[C@H]2CCCN2C(=O)[C@H](CC(C)C)NC(=O)[C@H](CC(C)C)NC(=O)[C@@H](CC(C)C)NC1=O,1NMe3perNH(52),10,-5.64,6,6,Circle,0.119963,0.0402021,-28.9207,8.587,7.231,1.356,0.128348,0.042331,8.588,7.248,1.34,76,75,,test,0.1800000000000001,1,1.0,test,train,train,train,train,train,train,train,train,valid,-0.29930255
2342,2018_Naylor,CCC[C@H]1NC(=O)[C@H](CC(C)C)NC(=O)[C@H](Cc2ccccc2)NC(=O)[C@H]2CCCN2C(=O)[C@H](CC2CCCCC2)NC(=O)[C@H](CC2CCCCC2)NC1=O,1NMe3perNH-2Nva34Cha6F(48),2342,-5.53,6,6,Circle,0.133035,0.0473876,-27.0561,8.993,7.701,1.292,0.164242,0.0305673,9.15,8.025,1.125,94,76,,test,0.2349999999999998,1,1.0,test,train,test,train,valid,train,train,test,train,valid,0.32543266
2331,2018_Naylor,CC[C@@H]1C(=O)N(C)[C@@H](CC2CCCCC2)C(=O)N[C@@H](CC2CCCCC2)C(=O)N2CCC[C@@H]2C(=O)N(C)[C@@H](Cc2ccc(O)cc2)C(=O)N[C@@H](CC(C)C)C(=O)N1C,1NMe3-2Abu34Cha6Y(37),2331,-6.67,6,6,Circle,0.14059,0.0388057,-37.0251,9.401,8.286,1.115,0.172623,0.0365702,9.351,8.349,1.002,18,86,,test,-0.3349999999999999,0,0.0,test,train,train,train,test,train,train,train,train,train,0.00052496046
2327,2018_Naylor,CC[C@@H]1C(=O)N(C)[C@@H](CC(C)C)C(=O)N[C@@H](CC(C)C)C(=O)N2CCC[C@@H]2C(=O)N(C)[C@@H](Cc2ccc(O)cc2)C(=O)N[C@@H](CC(C)C)C(=O)N1C,1NMe3-2Abu(33),2327,-5.09,6,6,Circle,0.170619,0.0523422,-33.5234,8.77,7.743,1.027,0.162665,0.0512479,9.03,7.994,1.036,53,94,,test,0.455,1,1.0,test,valid,train,train,train,test,train,valid,train,train,0.31267455
2323,2018_Naylor,CC[C@H]1C(=O)N[C@@H](CC(C)C)C(=O)N2CCC[C@@H]2C(=O)N(C)[C@@H](Cc2ccc(O)cc2)C(=O)N[C@@H](CC(C)C)C(=O)N(C)[C@H](C)C(=O)N1C,1NMe3-2Ala3Abu(29),2323,-5.38,6,6,Circle,0.120215,0.0414966,-39.2006,8.069,6.925,1.144,0.150187,0.0432178,8.227,7.126,1.101,94,36,,test,0.31,1,1.0,test,train,train,train,train,valid,train,train,valid,train,0.24035496
2322,2018_Naylor,CC(C)C[C@@H]1NC(=O)[C@H](Cc2ccc(O)cc2)N(C)C(=O)[C@H]2CCCN2C(=O)[C@H](CC(C)C)NC(=O)[C@H](C)N(C)C(=O)[C@@H](C)N(C)C1=O,1NMe3-23Ala(28),2322,-5.49,6,6,Circle,0.149326,0.0449894,-32.4658,8.024,6.927,1.097,0.112648,0.0408146,8.107,7.039,1.068,27,2,,test,0.2549999999999999,1,1.0,test,train,train,train,test,test,train,train,train,train,-0.0046325102
1821,2016_Furukawa,CCCC[C@@H]1NC(=O)[C@@H](CC(C)C)NC(=O)CN(CC2CCOCC2)C(=O)[C@@H](Cc2ccccc2)NC(=O)CN(Cc2ccc3c(c2)OCO3)C(=O)[C@H]2CCCN2C1=O,2.8-18H,1821,-5.27,6,6,Circle,0.156047,0.0398267,-30.9912,8.917,7.413,1.504,0.132596,0.055753,8.815,7.344,1.471,74,88,,test,0.3650000000000002,1,1.0,test,train,train,train,test,valid,train,train,train,train,0.21087807
1815,2016_Furukawa,CCCC[C@@H]1NC(=O)[C@@H](CC(C)C)NC(=O)CN(CC2CCOCC2)C(=O)[C@@H](C)NC(=O)CN(Cc2ccc3c(c2)OCO3)C(=O)[C@H]2CCCN2C1=O,2.8-12H,1815,-5.89,6,6,Circle,0.128904,0.0393667,-31.8962,8.162,6.538,1.624,0.15839,0.0657315,8.265,6.675,1.59,31,7,,test,0.0550000000000001,1,1.0,test,train,train,train,train,train,train,valid,train,train,-0.09123335
1796,2016_Furukawa,CCCC[C@@H]1NC(=O)[C@@H](CC(C)C)N(C)C(=O)CN(CC2CCCCC2)C(=O)[C@@H](C)NC(=O)CN(Cc2ccc3c(c2)OCO3)C(=O)[C@H]2CCCN2C1=O,2.8-11Me,1796,-5.13,6,6,Circle,0.119358,0.0401262,-25.9812,8.199,6.855,1.344,0.127322,0.0565099,8.472,7.059,1.413,70,41,,test,0.435,1,1.0,test,train,train,train,train,valid,train,train,train,train,0.35105944
1786,2016_Furukawa,CCCCCN1CC(=O)N(C)[C@H](CC(C)C)C(=O)N[C@@H](CCCC)C(=O)N2CCC[C@@H]2C(=O)N(CC)CC(=O)N[C@H](C)C1=O,2.8-01Me,1786,-5.99,6,6,Circle,0.106152,0.0385433,-26.4022,7.391,6.246,1.145,0.116889,0.0394242,7.472,6.315,1.157,94,91,,test,0.0049999999999998,1,1.0,test,train,train,train,train,test,train,test,test,train,0.29343024
1780,2016_Furukawa,CCCCCN1CC(=O)N[C@H](CC(C)C)C(=O)N[C@@H](CCCC)C(=O)N2CCC[C@H]2C(=O)N(CCCOC(C)C)CC(=O)N[C@H](Cc2ccccc2)C1=O,2.7-13H,1780,-4.93,6,6,Circle,0.152387,0.0412915,-23.3301,9.32,8.086,1.234,0.146997,0.0456889,8.697,7.632,1.065,80,32,,test,0.5350000000000001,1,1.0,test,train,train,train,train,train,test,train,train,train,0.37541264
1777,2016_Furukawa,CCCCCN1CC(=O)N[C@H](CC(C)C)C(=O)N[C@@H](CCCC)C(=O)N2CCC[C@H]2C(=O)N(Cc2ccc3c(c2)OCO3)CC(=O)N[C@H](C)C1=O,2.7-10H,1777,-5.68,6,6,Circle,0.194971,0.0699496,-28.8047,8.398,6.911,1.487,0.220147,0.0607736,8.541,7.033,1.508,65,5,,test,0.1600000000000001,1,1.0,test,train,test,train,train,train,train,train,train,test,0.19200322
1771,2016_Furukawa,CCCCCN1CC(=O)N[C@H](CC(C)C)C(=O)N[C@@H](CCCC)C(=O)N2CCC[C@H]2C(=O)N(CCCOC(C)C)CC(=O)N[C@H](C)C1=O,2.7-04H,1771,-6.18,6,6,Circle,0.158851,0.0445711,-23.3772,8.569,7.255,1.314,0.171165,0.0639237,8.086,6.954,1.132,37,100,,test,-0.0899999999999998,0,0.0,test,train,train,train,train,train,train,valid,train,train,-0.18296579
1769,2016_Furukawa,CCCC[C@@H]1NC(=O)[C@@H](CC(C)C)NC(=O)CN(CC2CCCCC2)C(=O)[C@@H](C)NC(=O)CN(CC)C(=O)[C@@H]2CCCN2C1=O,2.7-02H,1769,-6.34,6,6,Circle,0.124394,0.0537803,-22.4412,7.563,6.347,1.216,0.131096,0.0579728,7.544,6.35,1.194,14,60,,test,-0.1699999999999999,0,0.0,test,train,train,train,valid,train,train,test,train,train,-0.21708825
1744,2016_Furukawa,CCCCCN1CC(=O)N[C@H](CC(C)C)C(=O)N[C@@H](CCCC)C(=O)N2CCC[C@@H]2C(=O)N(CCCOC(C)C)CC(=O)N[C@@H](Cc2ccccc2)C1=O,2.6-13H,1744,-4.81,6,6,Circle,0.150891,0.0348838,-20.528,9.485,8.447,1.038,0.154195,0.0375374,9.578,8.468,1.11,87,94,,test,0.5950000000000002,1,1.0,test,valid,valid,train,train,train,train,test,train,train,0.40561992
1738,2016_Furukawa,CCCC[C@@H]1NC(=O)[C@@H](CC(C)C)NC(=O)CN(CC2CCOCC2)C(=O)[C@H](C)NC(=O)CN(CCCOC(C)C)C(=O)[C@H]2CCCN2C1=O,2.6-07H,1738,-6.75,6,6,Circle,0.165763,0.0534805,-36.2818,9.033,7.553,1.48,0.135366,0.044794,8.157,6.772,1.385,53,3,,test,-0.375,0,0.0,test,train,train,train,valid,train,train,train,valid,train,-0.47306234
1737,2016_Furukawa,CCCC[C@@H]1NC(=O)[C@@H](CC(C)C)NC(=O)CN(CC2CCCCC2)C(=O)[C@H](C)NC(=O)CN(CCCOC(C)C)C(=O)[C@H]2CCCN2C1=O,2.6-06H,1737,-5.02,6,6,Circle,0.171866,0.0645816,-29.3696,9.147,7.784,1.363,0.117134,0.0385982,8.209,7.009,1.2,49,7,,test,0.4900000000000002,1,1.0,test,train,train,train,train,valid,train,train,train,train,0.37957335
1725,2016_Furukawa,CCCC[C@@H]1NC(=O)[C@@H](CC(C)C)N(C)C(=O)CN(CC2CCOCC2)C(=O)[C@H](C)NC(=O)CN(Cc2ccc3c(c2)OCO3)C(=O)[C@H]2CCCN2C1=O,2.6-12Me,1725,-5.47,6,6,Circle,0.18388,0.0766923,-27.7171,8.783,7.342,1.441,0.105896,0.0362202,8.651,7.265,1.386,2,96,,test,0.2650000000000001,1,1.0,test,train,train,test,train,train,train,train,train,test,0.115489535
1707,2016_Furukawa,CCCC[C@@H]1NC(=O)[C@@H](CC(C)C)NC(=O)CN(CC2CCOCC2)C(=O)[C@H](C)NC(=O)CN(Cc2ccc3c(c2)OCO3)C(=O)[C@@H]2CCCN2C1=O,2.5-12H,1707,-5.89,6,6,Circle,0.187813,0.0648235,-30.5413,8.272,6.798,1.474,0.231678,0.0634725,8.49,6.947,1.543,36,14,,test,0.0550000000000001,1,1.0,test,train,test,train,valid,train,train,train,train,train,-0.14788532
1693,2016_Furukawa,CCCCCN1CC(=O)N(C)[C@H](CC(C)C)C(=O)N[C@@H](CCCC)C(=O)N2CCC[C@H]2C(=O)N(Cc2ccc3c(c2)OCO3)CC(=O)N[C@@H](Cc2ccccc2)C1=O,2.5-16Me,1693,-5.81,6,6,Circle,0.18059,0.0430085,-24.2837,9.492,8.345,1.147,0.179922,0.0423706,9.113,8.005,1.108,46,11,,test,0.0950000000000002,1,1.0,test,train,train,train,train,train,train,train,train,train,-0.22876367
1679,2016_Furukawa,CCCC[C@@H]1NC(=O)[C@@H](CC(C)C)N(C)C(=O)CN(CC2CCCCC2)C(=O)[C@H](C)NC(=O)CN(CC)C(=O)[C@@H]2CCCN2C1=O,2.5-02Me,1679,-5.01,6,6,Circle,0.133563,0.0537887,-17.9639,8.056,6.967,1.089,0.114436,0.0375936,7.787,6.758,1.029,60,61,,test,0.4950000000000001,1,1.0,test,train,train,valid,test,train,valid,train,train,train,0.45507976
1677,2016_Furukawa,CCCC[C@@H]1NC(=O)[C@H](CC(C)C)NC(=O)CN(CC2CCOCC2)C(=O)[C@@H](Cc2ccccc2)NC(=O)CN(Cc2ccc3c(c2)OCO3)C(=O)[C@H]2CCCN2C1=O,2.4-18H,1677,-5.9,6,6,Circle,0.216314,0.087945,-33.9252,9.1,7.608,1.492,0.189021,0.0664211,9.148,7.566,1.582,73,100,,test,0.0499999999999998,1,1.0,test,train,valid,train,train,train,train,train,train,train,0.120550804
1673,2016_Furukawa,CCCC[C@@H]1NC(=O)[C@H](CC(C)C)NC(=O)CN(CC2CCCCC2)C(=O)[C@@H](Cc2ccccc2)NC(=O)CN(CCCOC(C)C)C(=O)[C@H]2CCCN2C1=O,2.4-14H,1673,-5.22,6,6,Circle,0.170293,0.0526258,-23.868,8.813,7.672,1.141,0.23449,0.0673205,9.124,7.839,1.285,14,35,,test,0.3900000000000001,1,1.0,test,test,train,train,train,train,train,train,train,train,0.42470416
1647,2016_Furukawa,CCCC[C@@H]1NC(=O)[C@H](CC(C)C)N(C)C(=O)CN(CC2CCCCC2)C(=O)[C@@H](C)NC(=O)CN(CCCOC(C)C)C(=O)[C@H]2CCCN2C1=O,2.4-06Me,1647,-5.47,6,6,Circle,0.128845,0.0516975,-23.9633,8.181,6.968,1.213,0.176706,0.0877604,8.406,7.274,1.132,48,55,,test,0.2650000000000001,1,1.0,test,train,train,train,train,train,train,train,valid,train,0.26147938
1645,2016_Furukawa,CCCCCN1CC(=O)N(C)[C@@H](CC(C)C)C(=O)N[C@@H](CCCC)C(=O)N2CCC[C@@H]2C(=O)N(CCCOC(C)C)CC(=O)N[C@H](C)C1=O,2.4-04Me,1645,-5.79,6,6,Circle,0.127573,0.0502514,-22.3638,7.941,6.684,1.257,0.132527,0.0378552,8.344,7.354,0.99,52,16,,test,0.1049999999999999,1,1.0,test,train,train,train,train,valid,train,train,train,train,0.3228423
1636,2016_Furukawa,CCCCCN1CC(=O)N[C@@H](CC(C)C)C(=O)N[C@@H](CCCC)C(=O)N2CCC[C@H]2C(=O)N(CCCOC(C)C)CC(=O)N[C@H](Cc2ccccc2)C1=O,2.3-13H,1636,-5.29,6,6,Circle,0.188796,0.0409242,-27.1678,9.209,7.99,1.219,0.155571,0.0340737,9.373,8.11,1.263,2,25,,test,0.355,1,1.0,test,train,train,valid,train,valid,train,train,train,train,0.39367533
1610,2016_Furukawa,CCCCCN1CC(=O)N(C)[C@@H](CC(C)C)C(=O)N[C@@H](CCCC)C(=O)N2CCC[C@H]2C(=O)N(CC)CC(=O)N[C@H](Cc2ccccc2)C1=O,2.3-05Me,1610,-5.22,6,6,Circle,0.165916,0.0538634,-19.7115,8.528,7.499,1.029,0.154096,0.0444038,8.341,7.301,1.04,17,27,,test,0.3900000000000001,1,1.0,test,train,train,train,train,valid,train,valid,train,valid,0.54782754
1609,2016_Furukawa,CCCCCN1CC(=O)N(C)[C@@H](CC(C)C)C(=O)N[C@@H](CCCC)C(=O)N2CCC[C@H]2C(=O)N(CCCOC(C)C)CC(=O)N[C@H](C)C1=O,2.3-04Me,1609,-5.23,6,6,Circle,0.172852,0.0342612,-18.898,8.985,7.7,1.285,0.150129,0.0308829,8.853,7.606,1.247,51,84,,test,0.3849999999999998,1,1.0,test,train,train,train,train,train,train,train,test,train,0.1366269
1608,2016_Furukawa,CCCC[C@@H]1NC(=O)[C@H](CC(C)C)N(C)C(=O)CN(CC2CCOCC2)C(=O)[C@@H](C)NC(=O)CN(CC)C(=O)[C@@H]2CCCN2C1=O,2.3-03Me,1608,-7.56,6,6,Circle,0.101913,0.039714,-27.1711,7.65,6.312,1.338,0.0998506,0.0300964,7.887,6.552,1.335,14,89,,test,-0.7799999999999998,0,0.0,test,train,train,train,train,train,train,train,train,train,-0.9901949
1607,2016_Furukawa,CCCC[C@@H]1NC(=O)[C@H](CC(C)C)N(C)C(=O)CN(CC2CCCCC2)C(=O)[C@@H](C)NC(=O)CN(CC)C(=O)[C@@H]2CCCN2C1=O,2.3-02Me,1607,-5.32,6,6,Circle,0.108479,0.0349799,-18.4707,8.01,6.779,1.231,0.0832833,0.0351956,7.826,6.686,1.14,21,49,,test,0.3399999999999998,1,1.0,test,train,train,train,train,train,train,valid,valid,train,-0.060711104
1602,2016_Furukawa,CCCC[C@@H]1NC(=O)[C@H](CC(C)C)NC(=O)CN(CC2CCOCC2)C(=O)[C@H](Cc2ccccc2)NC(=O)CN(CCCOC(C)C)C(=O)[C@H]2CCCN2C1=O,2.2-16H,1602,-5.44,6,6,Circle,0.162493,0.0531806,-21.2083,8.977,7.781,1.196,0.173386,0.0361834,9.576,8.294,1.282,78,39,,test,0.2799999999999998,1,1.0,test,train,train,train,train,train,train,train,train,train,0.10779766
1601,2016_Furukawa,CCCC[C@@H]1NC(=O)[C@H](CC(C)C)NC(=O)CN(CC2CCCCC2)C(=O)[C@H](Cc2ccccc2)NC(=O)CN(CCCOC(C)C)C(=O)[C@H]2CCCN2C1=O,2.2-15H,1601,-5.03,6,6,Circle,0.169575,0.049083,-17.7914,9.143,8.052,1.091,0.186994,0.0439857,9.126,8.132,0.994,27,24,,test,0.4849999999999999,1,1.0,test,train,train,train,train,train,train,valid,train,train,0.44110277
1600,2016_Furukawa,CCCCCN1CC(=O)N[C@@H](CC(C)C)C(=O)N[C@@H](CCCC)C(=O)N2CCC[C@@H]2C(=O)N(CCCOC(C)C)CC(=O)N[C@@H](Cc2ccccc2)C1=O,2.2-14H,1600,-4.95,6,6,Circle,0.166376,0.0502185,-17.5049,8.945,7.958,0.987,0.151448,0.0441128,9.004,8.042,0.962,34,97,,test,0.5249999999999999,1,1.0,test,train,train,train,train,train,test,train,valid,valid,0.4242205
1590,2016_Furukawa,CCCC[C@@H]1NC(=O)[C@H](CC(C)C)NC(=O)CN(CC2CCOCC2)C(=O)[C@H](C)NC(=O)CN(CC)C(=O)[C@H]2CCCN2C1=O,2.2-04H,1590,-7.62,6,6,Circle,0.122311,0.0509091,-24.4128,7.67,6.333,1.337,0.124789,0.0476,7.527,6.291,1.236,48,42,,test,-0.81,0,0.0,test,train,train,train,train,train,train,train,train,train,-0.82243204
1576,2016_Furukawa,CCCC[C@@H]1NC(=O)[C@H](CC(C)C)N(C)C(=O)CN(CC2CCOCC2)C(=O)[C@H](C)NC(=O)CN(CCCOC(C)C)C(=O)[C@H]2CCCN2C1=O,2.2-07Me,1258,-6.19,6,6,Circle,0.127102,0.0499653,-23.0841,8.251,7.031,1.22,0.130952,0.041744,8.243,7.056,1.187,95,87,,test,-0.0950000000000002,0,0.0,test,train,train,train,test,train,train,train,train,train,-0.27530622
1571,2016_Furukawa,CCCC[C@@H]1NC(=O)[C@H](CC(C)C)N(C)C(=O)CN(CC2CCCCC2)C(=O)[C@H](C)NC(=O)CN(CC)C(=O)[C@H]2CCCN2C1=O,2.2-02Me,1137,-5.05,6,6,Circle,0.123616,0.0485343,-16.1138,7.775,6.65,1.125,0.105148,0.0397336,7.69,6.586,1.104,16,48,,test,0.4750000000000001,1,1.0,test,train,train,train,train,train,train,train,train,train,0.4040867
1570,2016_Furukawa,CCCCCN1CC(=O)N(C)[C@@H](CC(C)C)C(=O)N[C@@H](CCCC)C(=O)N2CCC[C@@H]2C(=O)N(CC)CC(=O)N[C@@H](C)C1=O,2.2-01Me,1135,-5.4,6,6,Circle,0.135029,0.0534357,-16.3872,7.692,6.548,1.144,0.114078,0.0380935,7.634,6.522,1.112,46,28,,test,0.2999999999999998,1,1.0,test,test,valid,train,test,train,train,train,test,train,0.31376523
1565,2016_Furukawa,CCCC[C@@H]1NC(=O)[C@H](CC(C)C)NC(=O)CN(CC2CCCCC2)C(=O)[C@H](Cc2ccccc2)NC(=O)CN(CCCOC(C)C)C(=O)[C@@H]2CCCN2C1=O,2.1-14H,1565,-4.87,6,6,Circle,0.201729,0.0467905,-21.1601,9.518,8.352,1.166,0.193841,0.0453353,9.182,8.136,1.046,50,60,,test,0.565,1,1.0,test,train,train,train,valid,train,valid,train,train,train,0.44007748
1531,2016_Furukawa,CCCC[C@@H]1NC(=O)[C@H](CC(C)C)N(C)C(=O)CN(CCOc2ccccc2)C(=O)[C@H](Cc2ccc3ccccc3c2)NC(=O)CN(Cc2ccccc2Cn2cccn2)C(=O)[C@H]2CCCN2C1=O,1.10-38,1531,-7.68,6,6,Circle,0.230351,0.0509978,-29.5349,10.187,9.103,1.084,0.177272,0.0402971,10.593,9.475,1.118,49,7,,test,-0.8399999999999999,0,0.0,test,train,train,train,train,valid,train,train,valid,train,-0.8118365
1519,2016_Furukawa,CCCC[C@@H]1NC(=O)[C@H](CC(C)C)N(C)C(=O)CN(CCc2cccnc2)C(=O)[C@H](Cc2ccccc2)NC(=O)CN(Cc2ccccc2Cn2cccn2)C(=O)[C@H]2CCCN2C1=O,1.10-26,1519,-5.69,6,6,Circle,0.178322,0.0534534,-29.7638,9.704,8.577,1.127,0.169056,0.0400799,9.209,8.303,0.906,51,89,,test,0.1549999999999998,1,1.0,test,test,train,train,train,train,train,train,train,train,0.22092971
1502,2016_Furukawa,CCCC[C@@H]1NC(=O)[C@H](CC(C)C)N(C)C(=O)CN(CCCc2ccccc2)C(=O)[C@H](C)NC(=O)CN(Cc2ccccc2Cn2cccn2)C(=O)[C@H]2CCCN2C1=O,1.10-09,1502,-5.08,6,6,Circle,0.219136,0.0492411,-27.7161,9.605,8.405,1.2,0.213374,0.0417618,9.668,8.469,1.199,80,100,,test,0.4599999999999999,1,1.0,test,train,train,train,valid,valid,train,train,valid,train,0.34508622
1494,2016_Furukawa,CCCC[C@@H]1NC(=O)[C@H](CC(C)C)N(C)C(=O)CN(CCOC)C(=O)[C@H](C)NC(=O)CN(Cc2ccccc2Cn2cccn2)C(=O)[C@H]2CCCN2C1=O,1.10-01,1494,-6.51,6,6,Circle,0.180828,0.0465352,-29.1268,9.1,7.776,1.324,0.138496,0.0402483,9.076,7.789,1.287,55,86,,test,-0.2549999999999999,0,0.0,test,train,test,train,valid,train,valid,valid,train,valid,-0.084010735
1477,2016_Furukawa,CCCC[C@@H]1NC(=O)[C@H](CC(C)C)N(C)C(=O)CN(CC2CCCCC2)C(=O)[C@H](Cc2ccccc2)NC(=O)CN(Cc2cc(CC(C)C)on2)C(=O)[C@H]2CCCN2C1=O,1.9-24,1477,-7.35,6,6,Circle,0.203315,0.0466326,-19.4687,9.845,8.54,1.305,0.171819,0.0417781,9.359,8.152,1.207,38,23,,test,-0.6749999999999998,0,0.0,test,train,train,train,test,train,train,train,train,train,-0.6069808
1474,2016_Furukawa,CCCC[C@@H]1NC(=O)[C@H](CC(C)C)N(C)C(=O)CN(CCCc2cnn(C)c2)C(=O)[C@H](CC(C)C)NC(=O)CN(Cc2cc(CC(C)C)on2)C(=O)[C@H]2CCCN2C1=O,1.9-21,1474,-5.33,6,6,Circle,0.194463,0.0479815,-23.8292,9.502,8.105,1.397,0.144368,0.0435006,9.106,7.853,1.253,62,100,,test,0.3349999999999999,1,1.0,test,train,train,valid,train,valid,train,valid,train,train,0.36633673
1448,2016_Furukawa,CCCC[C@@H]1NC(=O)[C@H](CC(C)C)N(C)C(=O)CN(CC2CCOCC2)C(=O)[C@H](Cc2ccc3ccccc3c2)NC(=O)CN(Cc2ccc3c(c2)OCO3)C(=O)[C@H]2CCCN2C1=O,1.8-35,1448,-7.16,6,6,Circle,0.186934,0.0424344,-25.3754,9.576,8.235,1.341,0.145852,0.0414798,9.854,8.535,1.319,14,55,,test,-0.5800000000000001,0,0.0,test,train,train,train,test,train,train,train,train,train,-0.24338755
1446,2016_Furukawa,CCCC[C@@H]1NC(=O)[C@H](CC(C)C)N(C)C(=O)CN(Cc2ccccc2)C(=O)[C@H](Cc2ccc3ccccc3c2)NC(=O)CN(Cc2ccc3c(c2)OCO3)C(=O)[C@H]2CCCN2C1=O,1.8-33,1446,-8.53,6,6,Circle,0.206225,0.0442246,-24.5987,9.569,8.373,1.196,0.179046,0.0410199,9.635,8.428,1.207,25,7,,test,-1.0,0,0.0,test,train,train,test,train,train,train,train,valid,train,-0.973065
1445,2016_Furukawa,CCCC[C@@H]1NC(=O)[C@H](CC(C)C)N(C)C(=O)CN(CCCN2CCCC2=O)C(=O)[C@H](Cc2ccccc2)NC(=O)CN(Cc2ccc3c(c2)OCO3)C(=O)[C@H]2CCCN2C1=O,1.8-32,1445,-5.86,6,6,Circle,0.187872,0.0397063,-31.355,9.484,8.026,1.458,0.159611,0.0400166,9.215,7.844,1.371,74,12,,test,0.0699999999999998,1,1.0,test,train,train,test,train,train,test,train,train,test,0.0959026
1432,2016_Furukawa,CCCC[C@@H]1NC(=O)[C@H](CC(C)C)N(C)C(=O)CN(CCCc2ccccc2)C(=O)[C@H](CC(C)C)NC(=O)CN(Cc2ccc3c(c2)OCO3)C(=O)[C@H]2CCCN2C1=O,1.8-19,1432,-7.44,6,6,Circle,0.234687,0.04978,-25.2726,9.623,8.396,1.227,0.136919,0.0393717,8.934,7.812,1.122,54,90,,test,-0.7200000000000002,0,0.0,test,train,valid,train,train,valid,train,train,valid,train,-0.60533893
1429,2016_Furukawa,CCCC[C@@H]1NC(=O)[C@H](CC(C)C)N(C)C(=O)CN(CC2CCOCC2)C(=O)[C@H](CC(C)C)NC(=O)CN(Cc2ccc3c(c2)OCO3)C(=O)[C@H]2CCCN2C1=O,1.8-16,1429,-5.02,6,6,Circle,0.196663,0.0445815,-25.5828,9.184,7.828,1.356,0.118043,0.037824,8.816,7.543,1.273,42,7,,test,0.4900000000000002,1,1.0,test,train,train,train,train,train,train,train,train,train,0.41684136
1428,2016_Furukawa,CCCC[C@@H]1NC(=O)[C@H](CC(C)C)N(C)C(=O)CN(CC2CCCCC2)C(=O)[C@H](CC(C)C)NC(=O)CN(Cc2ccc3c(c2)OCO3)C(=O)[C@H]2CCCN2C1=O,1.8-15,1428,-7.5,6,6,Circle,0.199059,0.0423614,-20.9246,9.278,8.018,1.26,0.130131,0.0391531,8.911,7.766,1.145,50,100,,test,-0.75,0,0.0,test,train,train,test,train,test,valid,train,train,test,-0.41620553
1417,2016_Furukawa,CCCC[C@@H]1NC(=O)[C@H](CC(C)C)N(C)C(=O)CN(CC2CCCCC2)C(=O)[C@H](C)NC(=O)CN(Cc2ccc3c(c2)OCO3)C(=O)[C@H]2CCCN2C1=O,1.8-04,1417,-5.25,6,6,Circle,0.141958,0.0371409,-22.1752,8.626,7.36,1.266,0.111127,0.0404979,8.469,7.234,1.235,22,55,,test,0.375,1,1.0,test,train,test,train,train,train,train,test,test,train,0.454869
1400,2016_Furukawa,CCCC[C@@H]1NC(=O)[C@H](CC(C)C)N(C)C(=O)CN(CCOC)C(=O)[C@H](Cc2ccc3ccccc3c2)NC(=O)CN(CCCCc2ccccc2)C(=O)[C@H]2CCCN2C1=O,1.7-27,1400,-7.74,6,6,Circle,0.200143,0.0400078,-24.3358,9.739,8.691,1.048,0.172054,0.042883,9.578,8.614,0.964,43,44,,test,-0.8700000000000001,0,0.0,test,train,train,train,train,train,valid,train,train,train,-0.6672112
1384,2016_Furukawa,CCCC[C@@H]1NC(=O)[C@H](CC(C)C)N(C)C(=O)CN(CCCc2cnn(C)c2)C(=O)[C@H](C)NC(=O)CN(CCCCc2ccccc2)C(=O)[C@H]2CCCN2C1=O,1.7-11,1384,-5.62,6,6,Circle,0.213682,0.052319,-23.7929,9.106,7.982,1.124,0.151098,0.0387578,8.64,7.644,0.996,57,38,,test,0.1899999999999999,1,1.0,test,train,test,train,valid,train,train,train,valid,train,0.29589343
1364,2016_Furukawa,CCCC[C@@H]1NC(=O)[C@H](CC(C)C)N(C)C(=O)CN(CCCc2cnn(C)c2)C(=O)[C@H](Cc2ccccc2)NC(=O)CN(Cc2ccc(Cl)cc2)C(=O)[C@H]2CCCN2C1=O,1.6-31,1364,-6.11,6,6,Circle,0.210684,0.0561416,-23.998,9.465,8.378,1.087,0.18653,0.0446704,9.211,8.19,1.021,20,61,,test,-0.0550000000000001,0,0.0,test,train,train,train,train,train,train,train,train,train,-0.02108623
1362,2016_Furukawa,CCCC[C@@H]1NC(=O)[C@H](CC(C)C)N(C)C(=O)CN(CCOc2ccccc2)C(=O)[C@H](Cc2ccccc2)NC(=O)CN(Cc2ccc(Cl)cc2)C(=O)[C@H]2CCCN2C1=O,1.6-29,1362,-8.36,6,6,Circle,0.219652,0.0601708,-22.7685,9.566,8.559,1.007,0.21005,0.0484891,9.666,8.64,1.026,99,4,,test,-1.0,0,0.0,test,train,train,train,test,test,train,train,train,valid,-0.91816986
1360,2016_Furukawa,CCCC[C@@H]1NC(=O)[C@H](CC(C)C)N(C)C(=O)CN(CCOC)C(=O)[C@H](Cc2ccc3ccccc3c2)NC(=O)CN(Cc2ccc(Cl)cc2)C(=O)[C@H]2CCCN2C1=O,1.6-27,1360,-7.82,6,6,Circle,0.225825,0.0501508,-23.7284,9.558,8.454,1.104,0.159365,0.0448456,9.357,8.27,1.087,33,18,,test,-0.91,0,0.0,test,train,train,train,train,train,train,train,valid,train,-0.6237103
1357,2016_Furukawa,CCCC[C@@H]1NC(=O)[C@H](CC(C)C)N(C)C(=O)CN(CC2CCCCC2)C(=O)[C@H](Cc2ccccc2)NC(=O)CN(Cc2ccc(Cl)cc2)C(=O)[C@H]2CCCN2C1=O,1.6-24,1357,-8.61,6,6,Circle,0.147803,0.0404207,-16.6841,9.283,8.305,0.978,0.201726,0.041552,9.259,8.262,0.997,44,82,,test,-1.0,0,0.0,test,train,train,train,train,train,test,train,valid,train,-0.97240233
1348,2016_Furukawa,CCCC[C@@H]1NC(=O)[C@H](CC(C)C)N(C)C(=O)CN(CC2CCCCC2)C(=O)[C@H](CC(C)C)NC(=O)CN(Cc2ccc(Cl)cc2)C(=O)[C@H]2CCCN2C1=O,1.6-15,1348,-7.1,6,6,Circle,0.149322,0.0435131,-15.86,9.222,8.202,1.02,0.180064,0.0491939,9.21,8.204,1.006,39,17,,test,-0.5499999999999998,0,0.0,test,train,train,train,train,train,train,train,valid,train,-0.8117721
1342,2016_Furukawa,CCCC[C@@H]1NC(=O)[C@H](CC(C)C)N(C)C(=O)CN(CCCc2ccccc2)C(=O)[C@H](C)NC(=O)CN(Cc2ccc(Cl)cc2)C(=O)[C@H]2CCCN2C1=O,1.6-09,1342,-6.0,6,6,Circle,0.202352,0.0435498,-22.9397,9.253,8.095,1.158,0.185747,0.0366953,8.867,7.845,1.022,100,39,,test,0.0,1,1.0,test,train,train,train,train,train,train,valid,train,train,0.042304404
1319,2016_Furukawa,CCCC[C@@H]1NC(=O)[C@H](CC(C)C)N(C)C(=O)CN(CCc2cccnc2)C(=O)[C@H](Cc2ccccc2)NC(=O)CN(CCN2CCOCC2)C(=O)[C@H]2CCCN2C1=O,1.5-26,1319,-6.65,6,6,Circle,0.187353,0.0567145,-29.6673,9.482,8.284,1.198,0.19115,0.0442645,9.152,7.995,1.157,57,40,,test,-0.3250000000000002,0,0.0,test,train,train,train,valid,train,train,train,test,train,-0.42278373
1315,2016_Furukawa,CCCC[C@@H]1NC(=O)[C@H](CC(C)C)N(C)C(=O)CN(Cc2ccccc2)C(=O)[C@H](Cc2ccccc2)NC(=O)CN(CCN2CCOCC2)C(=O)[C@H]2CCCN2C1=O,1.5-22,1315,-5.42,6,6,Circle,0.188109,0.055298,-26.2775,9.482,8.316,1.166,0.167244,0.044355,9.254,8.215,1.039,32,76,,test,0.29,1,1.0,test,valid,train,test,test,valid,train,train,train,train,0.23597509
1311,2016_Furukawa,CCCC[C@@H]1NC(=O)[C@H](CC(C)C)N(C)C(=O)CN(CCc2cccnc2)C(=O)[C@H](CC(C)C)NC(=O)CN(CCN2CCOCC2)C(=O)[C@H]2CCCN2C1=O,1.5-18,1311,-6.58,6,6,Circle,0.141294,0.0441076,-28.4124,9.086,7.847,1.239,0.146038,0.03984,9.015,7.82,1.195,100,95,,test,-0.29,0,0.0,test,train,train,valid,train,train,train,train,train,test,-0.51702076
1307,2016_Furukawa,CCCC[C@@H]1NC(=O)[C@H](CC(C)C)N(C)C(=O)CN(CCOC)C(=O)[C@H](Cc2ccccc2)NC(=O)CN(CCN2CCOCC2)C(=O)[C@H]2CCCN2C1=O,1.5-14,1307,-6.38,6,6,Circle,0.16613,0.0558129,-29.4025,9.446,8.152,1.294,0.155964,0.0415952,8.935,7.781,1.154,50,44,,test,-0.1899999999999999,0,0.0,test,train,train,train,train,test,test,train,train,train,-0.1826424
1294,2016_Furukawa,CCCC[C@@H]1NC(=O)[C@H](CC(C)C)N(C)C(=O)CN(CCOC)C(=O)[C@H](C)NC(=O)CN(CCN2CCOCC2)C(=O)[C@H]2CCCN2C1=O,1.5-01,1294,-8.12,6,6,Circle,0.158569,0.0623584,-29.0031,8.616,7.173,1.443,0.138716,0.0404145,8.259,6.983,1.276,10,30,,test,-1.0,0,0.0,test,train,train,train,train,train,train,train,train,train,-0.8642535
1291,2016_Furukawa,CCCC[C@@H]1NC(=O)[C@H](CC(C)C)N(C)C(=O)CN(CCOc2ccccc2)C(=O)[C@H](Cc2ccc3ccccc3c2)NC(=O)CN(CCCOC(C)C)C(=O)[C@H]2CCCN2C1=O,1.4-38,1291,-6.8,6,6,Circle,0.249038,0.0511575,-21.7246,10.077,8.992,1.085,0.173349,0.0428288,9.856,8.88,0.976,91,38,,test,-0.3999999999999999,0,0.0,test,train,train,train,train,train,train,train,train,train,-0.3269327
1286,2016_Furukawa,CCCC[C@@H]1NC(=O)[C@H](CC(C)C)N(C)C(=O)CN(Cc2ccccc2)C(=O)[C@H](Cc2ccc3ccccc3c2)NC(=O)CN(CCCOC(C)C)C(=O)[C@H]2CCCN2C1=O,1.4-33,1286,-6.55,6,6,Circle,0.218216,0.0441051,-23.5156,9.954,8.864,1.09,0.160009,0.0430403,9.283,8.448,0.835,47,86,,test,-0.2749999999999999,0,0.0,test,train,train,train,valid,train,train,train,train,train,-0.115480386
1284,2016_Furukawa,CCCC[C@@H]1NC(=O)[C@H](CC(C)C)N(C)C(=O)CN(CCCc2cnn(C)c2)C(=O)[C@H](Cc2ccccc2)NC(=O)CN(CCCOC(C)C)C(=O)[C@H]2CCCN2C1=O,1.4-31,1284,-5.33,6,6,Circle,0.194747,0.0619323,-26.9333,9.77,8.541,1.229,0.167705,0.039122,9.129,8.182,0.947,7,94,,test,0.3349999999999999,1,1.0,test,train,train,train,train,train,train,train,train,valid,0.36719963
1273,2016_Furukawa,CCCC[C@@H]1NC(=O)[C@H](CC(C)C)N(C)C(=O)CN(CCOc2ccccc2)C(=O)[C@H](CC(C)C)NC(=O)CN(CCCOC(C)C)C(=O)[C@H]2CCCN2C1=O,1.4-20,1273,-5.5,6,6,Circle,0.215375,0.0604395,-23.2256,9.887,8.692,1.195,0.179471,0.0403506,9.107,8.134,0.973,15,58,,test,0.25,1,1.0,test,train,test,train,train,test,test,valid,valid,train,0.395556
1272,2016_Furukawa,CCCC[C@@H]1NC(=O)[C@H](CC(C)C)N(C)C(=O)CN(CCCc2ccccc2)C(=O)[C@H](CC(C)C)NC(=O)CN(CCCOC(C)C)C(=O)[C@H]2CCCN2C1=O,1.4-19,1272,-5.6,6,6,Circle,0.198087,0.0609623,-20.5591,9.65,8.536,1.114,0.181141,0.035055,9.188,8.286,0.902,74,75,,test,0.2000000000000001,1,1.0,test,train,test,train,train,train,train,train,test,train,0.3505767
1254,2016_Furukawa,CCCC[C@@H]1NC(=O)[C@H](CC(C)C)N(C)C(=O)CN(CCOC)C(=O)[C@H](C)NC(=O)CN(CCCOC(C)C)C(=O)[C@H]2CCCN2C1=O,1.4-01,1254,-6.32,6,6,Circle,0.160684,0.0612838,-26.1037,8.725,7.352,1.373,0.168614,0.0391322,8.612,7.327,1.285,31,57,,test,-0.1600000000000001,0,0.0,test,valid,train,train,test,valid,train,train,valid,train,-0.21194181
1242,2016_Furukawa,CCCC[C@@H]1NC(=O)[C@H](CC(C)C)N(C)C(=O)CN(CCOc2ccccc2)C(=O)[C@H](Cc2ccccc2)NC(=O)CN(CC(C)C)C(=O)[C@H]2CCCN2C1=O,1.3-29,1242,-6.33,6,6,Circle,0.206889,0.0620779,-20.9061,9.258,8.174,1.084,0.201085,0.043552,9.284,8.162,1.122,19,15,,test,-0.165,0,0.0,test,train,train,train,valid,train,train,train,train,train,-0.07126778
1227,2016_Furukawa,CCCC[C@@H]1NC(=O)[C@H](CC(C)C)N(C)C(=O)CN(CCOC)C(=O)[C@H](Cc2ccccc2)NC(=O)CN(CC(C)C)C(=O)[C@H]2CCCN2C1=O,1.3-14,1227,-5.06,6,6,Circle,0.158031,0.0548859,-20.7493,8.747,7.631,1.116,0.149344,0.042884,8.714,7.587,1.127,11,29,,test,0.4700000000000002,1,1.0,test,train,train,train,train,train,train,train,train,train,0.46269524
1226,2016_Furukawa,CCCC[C@@H]1NC(=O)[C@H](CC(C)C)N(C)C(=O)CN(Cc2ccccc2)C(=O)[C@H](CC(C)C)NC(=O)CN(CC(C)C)C(=O)[C@H]2CCCN2C1=O,1.3-13,1226,-5.44,6,6,Circle,0.16849,0.0591116,-21.2203,8.593,7.448,1.145,0.16587,0.0421758,8.559,7.526,1.033,86,6,,test,0.2799999999999998,1,1.0,test,train,train,train,valid,test,train,train,test,train,0.32096177
1222,2016_Furukawa,CCCC[C@@H]1NC(=O)[C@H](CC(C)C)N(C)C(=O)CN(CCCc2ccccc2)C(=O)[C@H](C)NC(=O)CN(CC(C)C)C(=O)[C@H]2CCCN2C1=O,1.3-09,1222,-4.96,6,6,Circle,0.176131,0.0539165,-21.9058,8.849,7.632,1.217,0.180189,0.0457862,8.624,7.521,1.103,32,90,,test,0.52,1,1.0,test,train,train,train,train,train,valid,train,train,train,0.4467593
1216,2016_Furukawa,CCCC[C@@H]1NC(=O)[C@H](CC(C)C)N(C)C(=O)CN(Cc2ccccc2)C(=O)[C@H](C)NC(=O)CN(CC(C)C)C(=O)[C@H]2CCCN2C1=O,1.3-03,1216,-4.98,6,6,Circle,0.151178,0.0624988,-24.1446,8.268,7.017,1.251,0.154816,0.0410538,8.077,6.973,1.104,46,29,,test,0.5099999999999998,1,1.0,test,train,train,train,train,train,train,train,train,train,0.4876511
1192,2016_Furukawa,CCCC[C@@H]1NC(=O)[C@H](CC(C)C)N(C)C(=O)CN(CCCc2ccccc2)C(=O)[C@H](CC(C)C)NC(=O)CN(CCC)C(=O)[C@H]2CCCN2C1=O,1.2-19,1192,-5.57,6,6,Circle,0.176029,0.0568115,-19.3267,8.915,7.841,1.074,0.184166,0.042176,8.821,7.831,0.99,71,50,,test,0.2149999999999998,1,1.0,test,test,train,valid,train,test,train,train,train,train,0.2909382
1189,2016_Furukawa,CCCC[C@@H]1NC(=O)[C@H](CC(C)C)N(C)C(=O)CN(CC2CCOCC2)C(=O)[C@H](CC(C)C)NC(=O)CN(CCC)C(=O)[C@H]2CCCN2C1=O,1.2-16,1189,-5.34,6,6,Circle,0.11476,0.0425739,-20.1644,8.737,7.49,1.247,0.127949,0.0455208,8.583,7.42,1.163,35,16,,test,0.33,1,1.0,test,test,train,train,train,valid,train,train,test,train,0.35580122
1176,2016_Furukawa,CCCC[C@@H]1NC(=O)[C@H](CC(C)C)N(C)C(=O)CN(Cc2ccccc2)C(=O)[C@H](C)NC(=O)CN(CCC)C(=O)[C@H]2CCCN2C1=O,1.2-03,1176,-5.12,6,6,Circle,0.154309,0.0591477,-22.3981,8.088,6.912,1.176,0.146174,0.0371129,7.888,6.79,1.098,29,72,,test,0.4399999999999999,1,1.0,test,train,train,test,train,train,train,train,train,train,0.4459924
1174,2016_Furukawa,CCCC[C@@H]1NC(=O)[C@H](CC(C)C)N(C)C(=O)CN(CCOC)C(=O)[C@H](C)NC(=O)CN(CCC)C(=O)[C@H]2CCCN2C1=O,1.2-01,1174,-6.56,6,6,Circle,0.135147,0.0643544,-23.6071,7.877,6.548,1.329,0.0905853,0.0363216,7.759,6.544,1.215,8,56,,test,-0.2799999999999998,0,0.0,test,test,train,valid,train,train,train,train,train,train,-0.28360224
1173,2016_Furukawa,CCCC[C@@H]1NC(=O)[C@H](CC(C)C)N(C)C(=O)CN(CCCN2CCCC2=O)C(=O)[C@H](Cc2ccc3ccccc3c2)NC(=O)CN(CC)C(=O)[C@H]2CCCN2C1=O,1.1-40,1173,-5.85,6,6,Circle,0.200983,0.0424045,-26.0622,9.095,7.817,1.278,0.169074,0.0379786,8.852,7.545,1.307,52,44,,test,0.0750000000000001,1,1.0,test,train,train,train,train,train,train,train,train,train,0.0359345
1162,2016_Furukawa,CCCC[C@@H]1NC(=O)[C@H](CC(C)C)N(C)C(=O)CN(CCOc2ccccc2)C(=O)[C@H](Cc2ccccc2)NC(=O)CN(CC)C(=O)[C@H]2CCCN2C1=O,1.1-29,1162,-5.47,6,6,Circle,0.166475,0.0393732,-21.5811,8.897,7.846,1.051,0.169595,0.0410276,8.862,7.785,1.077,93,59,,test,0.2650000000000001,1,1.0,test,train,train,train,train,train,test,train,train,train,0.34965563
1140,2016_Furukawa,CCCC[C@@H]1NC(=O)[C@H](CC(C)C)N(C)C(=O)CN(CCc2cccnc2)C(=O)[C@H](C)NC(=O)CN(CC)C(=O)[C@H]2CCCN2C1=O,1.1-07,1140,-7.4,6,6,Circle,0.150797,0.0533152,-23.8626,7.774,6.608,1.166,0.123983,0.035681,7.713,6.592,1.121,89,12,,test,-0.7000000000000002,0,0.0,test,train,train,train,train,train,valid,train,train,train,-0.65975523
1139,2016_Furukawa,CCCC[C@@H]1NC(=O)[C@H](CC(C)C)N(C)C(=O)CN(CCOC)C(=O)[C@H](CC(C)C)NC(=O)CN(CC)C(=O)[C@H]2CCCN2C1=O,1.1-06,1139,-5.55,6,6,Circle,0.134286,0.0586409,-21.4605,7.992,6.784,1.208,0.140768,0.0466577,8.156,6.889,1.267,42,96,,test,0.2250000000000001,1,1.0,test,train,train,train,train,train,train,test,valid,train,0.27800924
1097,2015_Wang,CC[C@H](C)[C@@H]1NC(=O)[C@H](C(C)C)NC(=O)[C@H](CC(C)C)NC(=O)CNC(=O)[C@@H]2CCCN2C(=O)[C@H](Cc2ccc(O)cc2)NC1=O,Compound.53,1097,-10.0,6,6,Circle,0.121197,0.0358657,-33.6441,7.499,6.065,1.434,0.105118,0.029791,7.344,6.175,1.169,49,33,-8.0,test,-1.0,0,0.0,test,train,train,train,test,train,test,train,train,train,-0.9782511
1095,2015_Wang,CC(C)C[C@@H]1NC(=O)[C@H](C(C)C)NC(=O)[C@H](Cc2cc3ccccc3[nH]2)NC(=O)[C@H](Cc2ccccc2)NC(=O)[C@H](Cc2ccccc2)NC(=O)[C@@H]2CCCN2C1=O,Compound.51,1095,-6.43,6,6,Circle,0.16579,0.0610463,-32.7881,8.777,7.405,1.372,0.170854,0.0596099,8.609,7.226,1.383,90,8,,test,-0.2149999999999998,0,0.0,test,train,train,train,train,train,train,test,train,train,-0.5241402
1070,2015_Wang,CC(C)C[C@@H]1NC(=O)[C@@H](CC(C)C)NC(=O)[C@@H](CC(C)C)NC(=O)[C@H](Cc2cc3ccccc3[nH]2)NC(=O)[C@@H]2CCCN2C(=O)[C@@H](CC(C)C)NC1=O,Compound.26,1070,-5.6,6,6,Circle,0.277041,0.108434,-30.2223,9.22,7.91,1.31,0.122826,0.0333412,8.903,7.76,1.143,21,74,,test,0.2000000000000001,1,1.0,test,train,test,train,train,train,train,train,train,train,-0.1236716
1067,2015_Wang,CC(C)C[C@@H]1NC(=O)[C@H](Cc2cc3ccccc3[nH]2)NC(=O)[C@@H]2CCCN2C(=O)[C@@H](CC(C)C)NC(=O)[C@@H](CC(C)C)NC(=O)[C@@H](CC(C)C)NC1=O,Compound.23,1067,-5.48,6,6,Circle,0.189376,0.0654083,-30.3246,9.188,7.801,1.387,0.129868,0.0443445,9.119,7.883,1.236,36,35,,test,0.2599999999999998,1,1.0,test,train,train,train,train,valid,valid,train,train,train,-0.23310715
1054,2015_Wang,CC(C)C[C@@H]1NC(=O)[C@@H](CC(C)C)N(C)C(=O)[C@H](CC(C)C)NC(=O)[C@H](Cc2ccc(O)cc2)N(C)C(=O)[C@H]2CCCN2C(=O)[C@H](CC(C)C)NC1=O,Compound.10,1054,-5.82,6,6,Circle,0.154077,0.0412441,-31.537,9.156,8.112,1.044,0.150336,0.0404104,9.37,8.27,1.1,56,66,,test,0.0899999999999998,1,1.0,test,valid,train,train,train,train,train,train,train,train,0.16080692
1051,2015_Wang,CC(C)C[C@@H]1NC(=O)[C@H](Cc2ccc(O)cc2)NC(=O)[C@H]2CCCN2C(=O)[C@H](CC(C)C)NC(=O)[C@H](CC(C)C)N(C)C(=O)[C@@H](CC(C)C)NC1=O,Compound.7,1051,-6.12,6,6,Circle,0.120335,0.036149,-40.5813,8.912,7.679,1.233,0.135395,0.0534484,8.503,7.304,1.199,66,64,,test,-0.06,0,0.0,test,valid,train,train,train,train,train,train,valid,train,-0.013712045
