CycPeptMPDB_ID,Source,SMILES,Original_Name_in_Source_Literature,Structurally_Unique_ID,PAMPA,Monomer_Length,Monomer_Length_in_Main_Chain,Molecule_Shape,Water_avgRMSD_All,Water_avgRMSD_BackBone,Desolvation_Free_Energy,Water_3D_SASA,Water_3D_NPSA,Water_3D_PSA,Hexane_avgRMSD_All,Hexane_avgRMSD_BackBone,Hexane_3D_SASA,Hexane_3D_NPSA,Hexane_3D_PSA,Water_RepFrame,Hexane_RepFrame,PAMPA_WuXi,split_wuxi,Normalized_PAMPA,Binary,Soft_Label,split1,split2,split3,split4,split5,split6,split7,split8,split9,split10,Pred_8
7059,2021_Kelly,CC(=O)N[C@@H]1C(=O)N2CCC[C@H]2C(=O)N(C)[C@H](CC(C)C)C(=O)N(C)[C@H](CC(C)C)C(=O)N(C)[C@@H](CC(C)C)C(=O)N(C)[C@@H](CC(C)C)C(=O)N[C@@H](C)C(=O)N[C@@H](CC(C)C)C(=O)N2CCC[C@@H]2C(=O)O[C@@H]1C,L4_4.3.3.1.1,7059,-5.94,10,9,Lariat,0.148026,0.086979,-29.505,11.767,9.949,1.818,0.154072,0.0842406,11.461,9.799,1.662,19,65,,train,0.0299999999999998,1,1.0,train,train,train,train,train,train,train,test,test,train,0.17198983
7048,2021_Kelly,CC(=O)N[C@@H]1C(=O)N2CCC[C@H]2C(=O)N(C)[C@H](CC(C)C)C(=O)N(C)[C@@H](CC(C)C)C(=O)N(C)[C@@H](CC(C)C)C(=O)N(C)[C@H](CC(C)C)C(=O)N(C)[C@H](C)C(=O)N[C@@H](CC(C)C)C(=O)N2CCC[C@@H]2C(=O)O[C@@H]1C,L4_3.3.4.4.1,7048,-5.1,10,9,Lariat,0.126262,0.0647573,-26.8633,11.644,9.733,1.911,0.126316,0.0534755,11.304,9.846,1.458,36,74,,train,0.4500000000000002,1,1.0,train,train,test,train,valid,train,valid,test,train,train,0.33870667
7028,2021_Kelly,CC(=O)N[C@@H]1C(=O)N2CCC[C@H]2C(=O)N(C)[C@H](CC(C)C)C(=O)N[C@H](CC(C)C)C(=O)N(C)[C@@H](CC(C)C)C(=O)N[C@H](CC(C)C)C(=O)N(C)[C@@H](C)C(=O)N[C@@H](CC(C)C)C(=O)N2CCC[C@@H]2C(=O)O[C@@H]1C,L4_2.3.2.3.1,7028,-5.93,10,9,Lariat,0.165027,0.0954766,-31.5299,11.908,9.997,1.911,0.145217,0.0722303,11.379,9.611,1.768,74,49,,train,0.0350000000000001,1,1.0,train,train,train,train,train,train,train,test,train,train,0.23870724
7021,2021_Kelly,CC(=O)N[C@@H]1C(=O)N2CCC[C@H]2C(=O)N(C)[C@H](CC(C)C)C(=O)N[C@H](CC(C)C)C(=O)N[C@H](CC(C)C)C(=O)N[C@H](CC(C)C)C(=O)N(C)[C@@H](C)C(=O)N[C@@H](CC(C)C)C(=O)N2CCC[C@@H]2C(=O)O[C@@H]1C,L4_2.2.2.3.1,7021,-6.46,10,9,Lariat,0.14533,0.0860924,-29.0647,11.452,9.504,1.948,0.157835,0.0883876,11.383,9.654,1.729,41,89,,val,-0.2299999999999999,0,0.0,valid,train,train,train,train,train,train,test,train,valid,-0.17081998
7014,2021_Kelly,CC(=O)N[C@@H]1C(=O)N2CCC[C@H]2C(=O)N(C)[C@H](CC(C)C)C(=O)N[C@H](CC(C)C)C(=O)N[C@@H](CC(C)C)C(=O)N(C)[C@H](CC(C)C)C(=O)N(C)[C@H](C)C(=O)N[C@@H](CC(C)C)C(=O)N2CCC[C@@H]2C(=O)O[C@@H]1C,L4_2.1.4.4.1,7014,-5.7,10,9,Lariat,0.126982,0.070518,-18.978,10.922,9.285,1.637,0.129701,0.0497516,10.78,9.247,1.533,87,75,,train,0.1499999999999999,1,1.0,train,train,test,train,train,valid,train,test,train,train,-0.005534582
7002,2021_Kelly,CC(=O)N[C@@H]1C(=O)N2CCC[C@H]2C(=O)N(C)[C@H](CC(C)C)C(=O)N[C@@H](CC(C)C)C(=O)N(C)[C@H](CC(C)C)C(=O)N[C@H](CC(C)C)C(=O)N(C)[C@@H](C)C(=O)N[C@@H](CC(C)C)C(=O)N2CCC[C@@H]2C(=O)O[C@@H]1C,L4_1.4.2.3.1,7002,-4.96,10,9,Lariat,0.126943,0.0733966,-25.4802,10.58,8.735,1.845,0.124271,0.0658967,10.594,9.015,1.579,69,69,,test,0.52,1,1.0,test,train,train,train,train,train,train,test,train,train,0.25006354
7000,2021_Kelly,CC(=O)N[C@@H]1C(=O)N2CCC[C@H]2C(=O)N(C)[C@H](CC(C)C)C(=O)N[C@@H](CC(C)C)C(=O)N(C)[C@@H](CC(C)C)C(=O)N(C)[C@@H](CC(C)C)C(=O)N(C)[C@H](C)C(=O)N[C@@H](CC(C)C)C(=O)N2CCC[C@@H]2C(=O)O[C@@H]1C,L4_1.3.3.4.1,7000,-5.47,10,9,Lariat,0.141631,0.085363,-31.2061,12.014,10.227,1.787,0.124482,0.0700508,11.737,10.145,1.592,84,55,,train,0.2650000000000001,1,1.0,train,train,test,test,train,test,train,test,train,train,0.215931
6992,2021_Kelly,CC(=O)N[C@@H]1C(=O)N2CCC[C@H]2C(=O)N(C)[C@H](CC(C)C)C(=O)N[C@@H](CC(C)C)C(=O)N[C@H](CC(C)C)C(=O)N[C@@H](CC(C)C)C(=O)N[C@H](C)C(=O)N[C@@H](CC(C)C)C(=O)N2CCC[C@@H]2C(=O)O[C@@H]1C,L4_1.2.1.2.1,6992,-7.0,10,9,Lariat,0.218916,0.137113,-40.1921,11.431,9.375,2.056,0.163941,0.0806907,10.457,8.628,1.829,26,57,,train,-0.5,0,0.0,train,train,train,train,valid,valid,train,test,train,valid,-0.41314363
6980,2021_Kelly,CC(=O)N1CCC[C@H]1C(=O)N[C@@H]1C(=O)N[C@H](CC(C)C)C(=O)N(C)[C@H](CC(C)C)C(=O)N(C)[C@H](CC(C)C)C(=O)N(C)[C@@H](CC(C)C)C(=O)N(C)[C@H](C)C(=O)N[C@@H](CC(C)C)C(=O)N2CCC[C@@H]2C(=O)O[C@@H]1C,L3_4.4.3.4.1,6980,-5.23,10,8,Lariat,0.108501,0.0553169,-13.9342,10.636,9.504,1.132,0.123154,0.0603185,10.851,9.735,1.116,38,53,,train,0.3849999999999998,1,1.0,train,valid,test,train,train,train,train,test,train,train,0.39846805
6964,2021_Kelly,CC(=O)N1CCC[C@H]1C(=O)N[C@@H]1C(=O)N[C@H](CC(C)C)C(=O)N(C)[C@H](CC(C)C)C(=O)N[C@H](CC(C)C)C(=O)N(C)[C@H](CC(C)C)C(=O)N[C@H](C)C(=O)N[C@@H](CC(C)C)C(=O)N2CCC[C@@H]2C(=O)O[C@@H]1C,L3_4.2.4.2.1,6964,-5.68,10,8,Lariat,0.188907,0.130526,-30.9791,11.325,9.52,1.805,0.141393,0.0738408,10.962,9.721,1.241,100,100,,train,0.1600000000000001,1,1.0,train,train,train,valid,train,train,train,test,valid,train,0.26434305
6961,2021_Kelly,CC(=O)N1CCC[C@H]1C(=O)N[C@@H]1C(=O)N[C@H](CC(C)C)C(=O)N(C)[C@H](CC(C)C)C(=O)N[C@H](CC(C)C)C(=O)N[C@H](CC(C)C)C(=O)N(C)[C@H](C)C(=O)N[C@@H](CC(C)C)C(=O)N2CCC[C@@H]2C(=O)O[C@@H]1C,L3_4.2.2.4.1,6961,-4.88,10,8,Lariat,0.131641,0.078578,-33.243,11.176,9.445,1.731,0.137486,0.0822554,10.511,9.196,1.315,33,38,,test,0.56,1,1.0,test,train,train,train,train,train,train,test,train,train,0.23297876
6935,2021_Kelly,CC(=O)N1CCC[C@H]1C(=O)N[C@@H]1C(=O)N[C@H](CC(C)C)C(=O)N(C)[C@@H](CC(C)C)C(=O)N(C)[C@@H](CC(C)C)C(=O)N[C@@H](CC(C)C)C(=O)N(C)[C@@H](C)C(=O)N[C@@H](CC(C)C)C(=O)N2CCC[C@@H]2C(=O)O[C@@H]1C,L3_3.3.1.3.1,6935,-4.96,10,8,Lariat,0.201467,0.127543,-31.879,11.434,9.643,1.791,0.1253,0.0659127,10.801,9.34,1.461,70,42,,train,0.52,1,1.0,train,train,test,train,train,train,train,test,train,train,0.3747004
6924,2021_Kelly,CC(=O)N1CCC[C@H]1C(=O)N[C@@H]1C(=O)N[C@H](CC(C)C)C(=O)N[C@H](CC(C)C)C(=O)N(C)[C@H](CC(C)C)C(=O)N(C)[C@H](CC(C)C)C(=O)N[C@@H](C)C(=O)N[C@@H](CC(C)C)C(=O)N2CCC[C@@H]2C(=O)O[C@@H]1C,L3_2.4.4.1.1,6924,-5.93,10,8,Lariat,0.115567,0.0565601,-27.1236,11.167,9.498,1.669,0.125154,0.0681079,10.965,9.446,1.519,54,78,,train,0.0350000000000001,1,1.0,train,valid,train,train,train,train,train,test,test,train,0.1594581
6916,2021_Kelly,CC(=O)N1CCC[C@H]1C(=O)N[C@@H]1C(=O)N[C@H](CC(C)C)C(=O)N[C@H](CC(C)C)C(=O)N(C)[C@@H](CC(C)C)C(=O)N(C)[C@H](CC(C)C)C(=O)N(C)[C@H](C)C(=O)N[C@@H](CC(C)C)C(=O)N2CCC[C@@H]2C(=O)O[C@@H]1C,L3_2.3.4.4.1,6916,-5.61,10,8,Lariat,0.222286,0.155368,-27.3491,11.829,9.942,1.887,0.127563,0.0576194,11.045,9.663,1.382,20,80,,train,0.1949999999999998,1,1.0,train,train,train,valid,train,train,train,test,train,train,0.3280247
6892,2021_Kelly,CC(=O)N1CCC[C@H]1C(=O)N[C@@H]1C(=O)N[C@H](CC(C)C)C(=O)N[C@H](CC(C)C)C(=O)N[C@@H](CC(C)C)C(=O)N[C@@H](CC(C)C)C(=O)N(C)[C@H](C)C(=O)N[C@@H](CC(C)C)C(=O)N2CCC[C@@H]2C(=O)O[C@@H]1C,L3_2.1.1.4.1,6892,-6.76,10,8,Lariat,0.244524,0.16417,-31.3842,11.029,9.24,1.789,0.109788,0.0512147,10.164,8.809,1.355,33,52,,train,-0.3799999999999999,0,0.0,train,test,test,train,train,train,train,test,train,train,0.03559444
6885,2021_Kelly,CC(=O)N1CCC[C@H]1C(=O)N[C@@H]1C(=O)N[C@H](CC(C)C)C(=O)N[C@@H](CC(C)C)C(=O)N(C)[C@H](CC(C)C)C(=O)N[C@H](CC(C)C)C(=O)N[C@H](C)C(=O)N[C@@H](CC(C)C)C(=O)N2CCC[C@@H]2C(=O)O[C@@H]1C,L3_1.4.2.2.1,6885,-5.26,10,8,Lariat,0.171346,0.109568,-37.8516,11.109,9.279,1.83,0.116967,0.0541755,10.906,9.582,1.324,65,33,,train,0.3700000000000001,1,1.0,train,train,train,train,train,test,train,test,train,train,0.13406166
6879,2021_Kelly,CC(=O)N1CCC[C@H]1C(=O)N[C@@H]1C(=O)N[C@H](CC(C)C)C(=O)N[C@@H](CC(C)C)C(=O)N(C)[C@@H](CC(C)C)C(=O)N[C@H](CC(C)C)C(=O)N[C@H](C)C(=O)N[C@@H](CC(C)C)C(=O)N2CCC[C@@H]2C(=O)O[C@@H]1C,L3_1.3.2.2.1,6879,-5.08,10,8,Lariat,0.182858,0.108735,-37.2298,11.635,9.713,1.922,0.167256,0.0924025,11.019,9.552,1.467,32,59,,train,0.4599999999999999,1,1.0,train,train,train,valid,test,train,train,test,train,train,0.12942003
6864,2021_Kelly,CC(=O)N1CCC[C@H]1C(=O)N[C@@H]1C(=O)N[C@H](CC(C)C)C(=O)N[C@@H](CC(C)C)C(=O)N[C@@H](CC(C)C)C(=O)N(C)[C@@H](CC(C)C)C(=O)N(C)[C@@H](C)C(=O)N[C@@H](CC(C)C)C(=O)N2CCC[C@@H]2C(=O)O[C@@H]1C,L3_1.1.3.3.1,6864,-6.27,10,8,Lariat,0.153024,0.0959113,-29.9664,11.134,9.22,1.914,0.117101,0.0609723,10.816,9.055,1.761,31,32,,train,-0.1349999999999998,0,0.0,train,train,train,train,train,test,train,test,train,train,0.11170937
6854,2021_Kelly,CC(=O)N1CCC[C@H]1C(=O)N[C@@H]1C(=O)N[C@H](CC(C)C)C(=O)N[C@@H](CC(C)C)C(=O)N[C@@H](CC(C)C)C(=O)N[C@@H](CC(C)C)C(=O)N[C@@H](C)C(=O)N[C@@H](CC(C)C)C(=O)N2CCC[C@@H]2C(=O)O[C@@H]1C,L3_1.1.1.1.1,6854,-6.33,10,8,Lariat,0.150534,0.0921601,-42.2102,11.635,9.631,2.004,0.0943618,0.0376031,9.857,8.621,1.236,30,87,,train,-0.165,0,0.0,train,train,valid,train,train,valid,train,test,train,test,-0.1807743
6836,2021_Kelly,CC(=O)N1CCC[C@H]1C(=O)N[C@@H]1C(=O)N(C)[C@H](CC(C)C)C(=O)N(C)[C@@H](CC(C)C)C(=O)N(C)[C@H](CC(C)C)C(=O)N[C@@H](CC(C)C)C(=O)N(C)[C@H](C)C(=O)N[C@@H](CC(C)C)C(=O)N2CCC[C@@H]2C(=O)O[C@@H]1C,L2_3.4.1.4.1,6836,-4.95,10,8,Lariat,0.170068,0.115167,-27.5788,11.338,9.851,1.487,0.136509,0.064703,10.743,9.564,1.179,90,100,,train,0.5249999999999999,1,1.0,train,train,train,train,train,train,train,test,train,valid,0.37880465
6831,2021_Kelly,CC(=O)N1CCC[C@H]1C(=O)N[C@@H]1C(=O)N(C)[C@H](CC(C)C)C(=O)N(C)[C@@H](CC(C)C)C(=O)N(C)[C@@H](CC(C)C)C(=O)N(C)[C@H](CC(C)C)C(=O)N[C@@H](C)C(=O)N[C@@H](CC(C)C)C(=O)N2CCC[C@@H]2C(=O)O[C@@H]1C,L2_3.3.4.1.1,6831,-5.8,10,8,Lariat,0.205016,0.132077,-24.2413,11.422,9.915,1.507,0.177059,0.115092,11.125,9.795,1.33,36,39,,train,0.1,1,1.0,train,train,train,test,valid,train,train,test,train,train,0.25506628
6825,2021_Kelly,CC(=O)N1CCC[C@H]1C(=O)N[C@@H]1C(=O)N(C)[C@H](CC(C)C)C(=O)N(C)[C@@H](CC(C)C)C(=O)N(C)[C@@H](CC(C)C)C(=O)N[C@@H](CC(C)C)C(=O)N(C)[C@@H](C)C(=O)N[C@@H](CC(C)C)C(=O)N2CCC[C@@H]2C(=O)O[C@@H]1C,L2_3.3.1.3.1,6825,-5.07,10,8,Lariat,0.139256,0.0724294,-20.7124,11.25,9.627,1.623,0.156077,0.0865305,11.265,9.717,1.548,55,96,,train,0.4649999999999998,1,1.0,train,train,train,valid,train,train,test,test,train,train,0.35853225
6819,2021_Kelly,CC(=O)N1CCC[C@H]1C(=O)N[C@@H]1C(=O)N(C)[C@H](CC(C)C)C(=O)N(C)[C@@H](CC(C)C)C(=O)N[C@@H](CC(C)C)C(=O)N(C)[C@@H](CC(C)C)C(=O)N(C)[C@@H](C)C(=O)N[C@@H](CC(C)C)C(=O)N2CCC[C@@H]2C(=O)O[C@@H]1C,L2_3.1.3.3.1,6819,-5.4,10,8,Lariat,0.161724,0.110136,-25.1456,11.676,9.74,1.936,0.130356,0.0697202,11.21,9.483,1.727,2,87,,test,0.2999999999999998,1,1.0,test,train,test,train,train,train,train,test,train,train,0.30304673
6805,2021_Kelly,CC(=O)N1CCC[C@H]1C(=O)N[C@@H]1C(=O)N(C)[C@H](CC(C)C)C(=O)N[C@H](CC(C)C)C(=O)N[C@H](CC(C)C)C(=O)N(C)[C@H](CC(C)C)C(=O)N(C)[C@@H](C)C(=O)N[C@@H](CC(C)C)C(=O)N2CCC[C@@H]2C(=O)O[C@@H]1C,L2_2.2.4.3.1,6805,-6.68,10,8,Lariat,0.195122,0.127959,-18.6555,10.757,9.176,1.581,0.118574,0.0621465,10.952,9.323,1.629,21,53,,test,-0.3399999999999998,0,0.0,test,train,train,train,train,train,train,test,train,train,0.13682105
6804,2021_Kelly,CC(=O)N1CCC[C@H]1C(=O)N[C@@H]1C(=O)N(C)[C@H](CC(C)C)C(=O)N[C@H](CC(C)C)C(=O)N[C@H](CC(C)C)C(=O)N(C)[C@H](CC(C)C)C(=O)N[C@@H](C)C(=O)N[C@@H](CC(C)C)C(=O)N2CCC[C@@H]2C(=O)O[C@@H]1C,L2_2.2.4.1.1,6804,-6.62,10,8,Lariat,0.161294,0.100943,-37.0718,12.013,10.193,1.82,0.157766,0.0914133,11.543,9.725,1.818,58,11,,val,-0.31,0,0.0,valid,train,train,train,train,train,train,test,valid,train,-0.025307294
6800,2021_Kelly,CC(=O)N1CCC[C@H]1C(=O)N[C@@H]1C(=O)N(C)[C@H](CC(C)C)C(=O)N[C@H](CC(C)C)C(=O)N[C@H](CC(C)C)C(=O)N(C)[C@@H](CC(C)C)C(=O)N[C@@H](C)C(=O)N[C@@H](CC(C)C)C(=O)N2CCC[C@@H]2C(=O)O[C@@H]1C,L2_2.2.3.1.1,6800,-6.1,10,8,Lariat,0.182955,0.113512,-34.3776,12.014,9.993,2.021,0.147523,0.0845223,11.255,9.562,1.693,60,70,,train,-0.0499999999999998,0,0.0,train,train,train,train,train,train,train,test,train,test,0.04947476
6789,2021_Kelly,CC(=O)N1CCC[C@H]1C(=O)N[C@@H]1C(=O)N(C)[C@H](CC(C)C)C(=O)N[C@H](CC(C)C)C(=O)N[C@@H](CC(C)C)C(=O)N(C)[C@@H](CC(C)C)C(=O)N[C@@H](C)C(=O)N[C@@H](CC(C)C)C(=O)N2CCC[C@@H]2C(=O)O[C@@H]1C,L2_2.1.3.1.1,6789,-5.98,10,8,Lariat,0.184894,0.120109,-38.9955,11.699,9.522,2.177,0.280964,0.193453,10.947,9.254,1.693,39,76,,test,0.0099999999999997,1,1.0,test,train,test,train,train,train,train,test,test,train,0.042646386
6787,2021_Kelly,CC(=O)N1CCC[C@H]1C(=O)N[C@@H]1C(=O)N(C)[C@H](CC(C)C)C(=O)N[C@H](CC(C)C)C(=O)N[C@@H](CC(C)C)C(=O)N[C@H](CC(C)C)C(=O)N(C)[C@@H](C)C(=O)N[C@@H](CC(C)C)C(=O)N2CCC[C@@H]2C(=O)O[C@@H]1C,L2_2.1.2.3.1,6787,-5.82,10,8,Lariat,0.137986,0.0767629,-40.056,11.374,9.392,1.982,0.198295,0.112452,10.947,9.248,1.699,98,75,,test,0.0899999999999998,1,1.0,test,train,train,valid,valid,train,train,test,test,test,0.085926756
6772,2021_Kelly,CC(=O)N1CCC[C@H]1C(=O)N[C@@H]1C(=O)N(C)[C@H](CC(C)C)C(=O)N[C@@H](CC(C)C)C(=O)N[C@@H](CC(C)C)C(=O)N(C)[C@@H](CC(C)C)C(=O)N[C@@H](C)C(=O)N[C@@H](CC(C)C)C(=O)N2CCC[C@@H]2C(=O)O[C@@H]1C,L2_1.1.3.1.1,6772,-6.01,10,8,Lariat,0.17004,0.111149,-40.6049,11.854,9.864,1.99,0.130809,0.0642754,10.815,9.087,1.728,41,45,,test,-0.0049999999999998,0,0.0,test,train,train,train,valid,train,train,test,train,test,0.0027069263
6765,2021_Kelly,CC(=O)N1CCC[C@H]1C(=O)N(C)[C@@H](CC(C)C)C(=O)N[C@@H]1C(=O)N(C)[C@H](CC(C)C)C(=O)N(C)[C@H](CC(C)C)C(=O)N[C@H](CC(C)C)C(=O)N(C)[C@@H](C)C(=O)N[C@H](CC(C)C)C(=O)N2CCC[C@H]2C(=O)O[C@@H]1C,L1_9.4.4.2.3.2,6765,-5.01,10,7,Lariat,0.135571,0.083772,-26.6603,10.924,9.393,1.531,0.125236,0.0730523,10.525,8.875,1.65,42,23,,train,0.4950000000000001,1,1.0,train,train,train,train,train,test,train,test,train,train,0.24309766
6760,2021_Kelly,CC(=O)N1CCC[C@H]1C(=O)N(C)[C@@H](CC(C)C)C(=O)N[C@@H]1C(=O)N(C)[C@H](CC(C)C)C(=O)N(C)[C@@H](CC(C)C)C(=O)N(C)[C@@H](CC(C)C)C(=O)N[C@@H](C)C(=O)N[C@H](CC(C)C)C(=O)N2CCC[C@H]2C(=O)O[C@@H]1C,L1_9.4.3.3.1.2,6760,-5.01,10,7,Lariat,0.122745,0.0622518,-21.8214,11.137,9.598,1.539,0.18635,0.110607,10.576,9.375,1.201,74,38,,train,0.4950000000000001,1,1.0,train,train,train,train,test,valid,valid,test,train,train,0.12988408
6747,2021_Kelly,CC(=O)N1CCC[C@H]1C(=O)N(C)[C@@H](CC(C)C)C(=O)N[C@@H]1C(=O)N(C)[C@@H](CC(C)C)C(=O)N(C)[C@H](CC(C)C)C(=O)N[C@H](CC(C)C)C(=O)N(C)[C@@H](C)C(=O)N[C@H](CC(C)C)C(=O)N2CCC[C@H]2C(=O)O[C@@H]1C,L1_9.3.4.2.3.2,6747,-6.05,10,7,Lariat,0.177441,0.109413,-35.0643,11.895,9.893,2.002,0.116673,0.0610456,10.672,9.225,1.447,73,34,,train,-0.0249999999999999,0,0.0,train,train,train,test,train,train,train,test,train,train,0.20499405
6746,2021_Kelly,CC(=O)N1CCC[C@H]1C(=O)N(C)[C@@H](CC(C)C)C(=O)N[C@@H]1C(=O)N(C)[C@@H](CC(C)C)C(=O)N(C)[C@@H](CC(C)C)C(=O)N(C)[C@H](CC(C)C)C(=O)N(C)[C@H](C)C(=O)N[C@H](CC(C)C)C(=O)N2CCC[C@H]2C(=O)O[C@@H]1C,L1_9.3.3.4.4.2,6746,-6.05,10,7,Lariat,0.148394,0.0877512,-21.3852,11.712,9.965,1.747,0.140014,0.0790878,11.774,10.109,1.665,37,55,,train,-0.0249999999999999,0,0.0,train,train,train,train,train,train,train,test,train,train,0.21390842
6737,2021_Kelly,CC(=O)N1CCC[C@H]1C(=O)N(C)[C@@H](CC(C)C)C(=O)N[C@@H]1C(=O)N(C)[C@@H](CC(C)C)C(=O)N[C@H](CC(C)C)C(=O)N[C@H](CC(C)C)C(=O)N(C)[C@H](C)C(=O)N[C@H](CC(C)C)C(=O)N2CCC[C@H]2C(=O)O[C@@H]1C,L1_9.3.2.2.4.2,6737,-6.14,10,7,Lariat,0.183461,0.109894,-29.169,11.937,10.022,1.915,0.308357,0.222582,11.645,9.909,1.736,32,25,,val,-0.0699999999999998,0,0.0,valid,train,valid,train,train,test,test,test,train,train,-0.10529035
6736,2021_Kelly,CC(=O)N1CCC[C@H]1C(=O)N(C)[C@@H](CC(C)C)C(=O)N[C@@H]1C(=O)N(C)[C@@H](CC(C)C)C(=O)N[C@@H](CC(C)C)C(=O)N(C)[C@@H](CC(C)C)C(=O)N(C)[C@H](C)C(=O)N[C@H](CC(C)C)C(=O)N2CCC[C@H]2C(=O)O[C@@H]1C,L1_9.3.1.3.4.2,6736,-6.0,10,7,Lariat,0.171408,0.0955416,-26.3562,11.738,9.785,1.953,0.15763,0.084635,11.58,9.771,1.809,54,64,,train,0.0,1,1.0,train,train,train,train,train,train,train,test,train,train,0.15031132
6734,2021_Kelly,CC(=O)N1CCC[C@H]1C(=O)N(C)[C@@H](CC(C)C)C(=O)N[C@@H]1C(=O)N(C)[C@@H](CC(C)C)C(=O)N[C@@H](CC(C)C)C(=O)N[C@H](CC(C)C)C(=O)N(C)[C@H](C)C(=O)N[C@H](CC(C)C)C(=O)N2CCC[C@H]2C(=O)O[C@@H]1C,L1_9.3.1.2.4.2,6734,-7.02,10,7,Lariat,0.217501,0.132408,-23.7249,11.371,9.821,1.55,0.287833,0.199876,10.975,9.523,1.452,53,37,,train,-0.5099999999999998,0,0.0,train,train,train,train,train,train,train,test,train,train,-0.06513849
6721,2021_Kelly,CC(=O)N1CCC[C@H]1C(=O)N(C)[C@@H](CC(C)C)C(=O)N[C@@H]1C(=O)N[C@H](CC(C)C)C(=O)N(C)[C@@H](CC(C)C)C(=O)N[C@H](CC(C)C)C(=O)N[C@@H](C)C(=O)N[C@H](CC(C)C)C(=O)N2CCC[C@H]2C(=O)O[C@@H]1C,L1_9.2.3.2.1.2,6721,-5.93,10,7,Lariat,0.151747,0.0936834,-26.7871,11.02,9.381,1.639,0.241013,0.155348,10.971,9.509,1.462,93,100,,train,0.0350000000000001,1,1.0,train,train,train,train,train,train,valid,test,train,train,0.03833799
6685,2021_Kelly,CC(=O)N1CCC[C@@H]1C(=O)N(C)[C@H](CC(C)C)C(=O)N[C@@H]1C(=O)N(C)[C@@H](CC(C)C)C(=O)N(C)[C@H](CC(C)C)C(=O)N[C@@H](CC(C)C)C(=O)N[C@@H](C)C(=O)N[C@@H](CC(C)C)C(=O)N2CCC[C@@H]2C(=O)O[C@@H]1C,L1_8.3.4.1.1.1,6685,-6.72,10,7,Lariat,0.23619,0.167183,-32.4027,11.541,9.69,1.851,0.269001,0.187516,11.223,9.559,1.664,18,3,,train,-0.3599999999999999,0,0.0,train,train,train,train,test,train,train,test,train,train,-0.10009661
6681,2021_Kelly,CC(=O)N1CCC[C@@H]1C(=O)N(C)[C@H](CC(C)C)C(=O)N[C@@H]1C(=O)N(C)[C@@H](CC(C)C)C(=O)N[C@H](CC(C)C)C(=O)N(C)[C@@H](CC(C)C)C(=O)N[C@@H](C)C(=O)N[C@@H](CC(C)C)C(=O)N2CCC[C@@H]2C(=O)O[C@@H]1C,L1_8.3.2.3.1.1,6681,-7.0,10,7,Lariat,0.195687,0.123422,-32.1716,11.372,9.608,1.764,0.127956,0.0761363,10.89,9.513,1.377,42,86,,train,-0.5,0,0.0,train,train,train,train,train,valid,train,test,train,train,0.08262229
6674,2021_Kelly,CC(=O)N1CCC[C@@H]1C(=O)N(C)[C@H](CC(C)C)C(=O)N[C@@H]1C(=O)N[C@H](CC(C)C)C(=O)N(C)[C@@H](CC(C)C)C(=O)N(C)[C@H](CC(C)C)C(=O)N(C)[C@H](C)C(=O)N[C@@H](CC(C)C)C(=O)N2CCC[C@@H]2C(=O)O[C@@H]1C,L1_8.2.3.4.4.1,6674,-5.19,10,7,Lariat,0.177593,0.111672,-32.487,11.877,10.126,1.751,0.136229,0.0744519,11.193,9.641,1.552,90,61,,train,0.4049999999999998,1,1.0,train,train,train,train,train,train,train,test,train,train,0.29645923
6671,2021_Kelly,CC(=O)N1CCC[C@@H]1C(=O)N(C)[C@H](CC(C)C)C(=O)N[C@@H]1C(=O)N[C@H](CC(C)C)C(=O)N(C)[C@@H](CC(C)C)C(=O)N[C@@H](CC(C)C)C(=O)N(C)[C@@H](C)C(=O)N[C@@H](CC(C)C)C(=O)N2CCC[C@@H]2C(=O)O[C@@H]1C,L1_8.2.3.1.3.1,6671,-5.43,10,7,Lariat,0.159706,0.0978215,-24.8991,11.27,9.557,1.713,0.181987,0.108022,10.975,9.482,1.493,6,22,,train,0.2850000000000001,1,1.0,train,train,train,valid,train,train,train,test,train,valid,0.22155948
6669,2021_Kelly,CC(=O)N1CCC[C@@H]1C(=O)N(C)[C@H](CC(C)C)C(=O)N[C@@H]1C(=O)N[C@H](CC(C)C)C(=O)N[C@H](CC(C)C)C(=O)N[C@H](CC(C)C)C(=O)N(C)[C@H](C)C(=O)N[C@@H](CC(C)C)C(=O)N2CCC[C@@H]2C(=O)O[C@@H]1C,L1_8.2.2.2.4.1,6669,-6.12,10,7,Lariat,0.166584,0.0993624,-28.9221,11.504,9.79,1.714,0.13498,0.064752,10.995,9.331,1.664,86,74,,train,-0.06,0,0.0,train,test,train,train,train,train,test,test,valid,train,-0.032567468
6666,2021_Kelly,CC(=O)N1CCC[C@@H]1C(=O)N(C)[C@H](CC(C)C)C(=O)N[C@@H]1C(=O)N[C@H](CC(C)C)C(=O)N[C@H](CC(C)C)C(=O)N[C@@H](CC(C)C)C(=O)N[C@@H](C)C(=O)N[C@@H](CC(C)C)C(=O)N2CCC[C@@H]2C(=O)O[C@@H]1C,L1_8.2.2.1.1.1,6666,-7.82,10,7,Lariat,0.289927,0.224728,-31.8707,11.319,9.404,1.915,0.138318,0.0662303,10.454,9.053,1.401,25,16,,test,-0.91,0,0.0,test,train,train,train,train,test,train,test,train,train,-0.29198405
6662,2021_Kelly,CC(=O)N1CCC[C@@H]1C(=O)N(C)[C@H](CC(C)C)C(=O)N[C@@H]1C(=O)N[C@@H](CC(C)C)C(=O)N(C)[C@@H](CC(C)C)C(=O)N[C@@H](CC(C)C)C(=O)N(C)[C@@H](C)C(=O)N[C@@H](CC(C)C)C(=O)N2CCC[C@@H]2C(=O)O[C@@H]1C,L1_8.1.3.1.3.1,6662,-5.46,10,7,Lariat,0.251426,0.156234,-29.9781,11.683,9.651,2.032,0.194002,0.117557,11.573,9.89,1.683,15,9,,val,0.27,1,1.0,valid,train,test,train,train,train,train,test,train,test,0.060433336
6659,2021_Kelly,CC(=O)N1CCC[C@@H]1C(=O)N(C)[C@H](CC(C)C)C(=O)N[C@@H]1C(=O)N[C@@H](CC(C)C)C(=O)N[C@H](CC(C)C)C(=O)N(C)[C@@H](CC(C)C)C(=O)N(C)[C@@H](C)C(=O)N[C@@H](CC(C)C)C(=O)N2CCC[C@@H]2C(=O)O[C@@H]1C,L1_8.1.2.3.3.1,6659,-5.22,10,7,Lariat,0.135826,0.0875248,-24.7215,11.232,9.525,1.707,0.188164,0.127413,10.829,9.368,1.461,96,20,,train,0.3900000000000001,1,1.0,train,train,valid,test,train,test,train,test,train,valid,-0.027533237
6656,2021_Kelly,CC(=O)N1CCC[C@@H]1C(=O)N(C)[C@H](CC(C)C)C(=O)N[C@@H]1C(=O)N[C@@H](CC(C)C)C(=O)N[C@@H](CC(C)C)C(=O)N(C)[C@@H](CC(C)C)C(=O)N(C)[C@@H](C)C(=O)N[C@@H](CC(C)C)C(=O)N2CCC[C@@H]2C(=O)O[C@@H]1C,L1_8.1.1.3.3.1,6656,-6.31,10,7,Lariat,0.181831,0.107495,-31.7847,11.882,10.009,1.873,0.156996,0.0876092,11.762,9.974,1.788,33,21,,train,-0.1549999999999998,0,0.0,train,train,train,train,train,train,train,test,train,train,-0.16012472
6648,2021_Kelly,CC(=O)N1CCC[C@@H]1C(=O)N(C)[C@H](CC(C)C)C(=O)N[C@@H]1C(=O)N(C)[C@H](CC(C)C)C(=O)N[C@H](CC(C)C)C(=O)N(C)[C@@H](CC(C)C)C(=O)N(C)[C@H](C)C(=O)N[C@@H](CC(C)C)C(=O)N2CCC[C@H]2C(=O)O[C@@H]1C,L1_7.4.2.3.4.1,6648,-5.51,10,7,Lariat,0.146927,0.0846227,-19.7039,11.059,9.653,1.406,0.153175,0.0940106,11.087,9.638,1.449,58,71,,val,0.2450000000000001,1,1.0,valid,valid,test,test,valid,train,train,test,train,train,0.21483782
6647,2021_Kelly,CC(=O)N1CCC[C@@H]1C(=O)N(C)[C@H](CC(C)C)C(=O)N[C@@H]1C(=O)N(C)[C@H](CC(C)C)C(=O)N[C@H](CC(C)C)C(=O)N(C)[C@@H](CC(C)C)C(=O)N(C)[C@@H](C)C(=O)N[C@@H](CC(C)C)C(=O)N2CCC[C@H]2C(=O)O[C@@H]1C,L1_7.4.2.3.3.1,6647,-5.58,10,7,Lariat,0.112897,0.0562685,-21.5147,11.107,9.65,1.457,0.14459,0.0862048,10.888,9.49,1.398,2,80,,train,0.2099999999999999,1,1.0,train,train,test,train,train,train,train,test,train,train,0.16820344
6644,2021_Kelly,CC(=O)N1CCC[C@@H]1C(=O)N(C)[C@H](CC(C)C)C(=O)N[C@@H]1C(=O)N(C)[C@H](CC(C)C)C(=O)N[C@@H](CC(C)C)C(=O)N(C)[C@H](CC(C)C)C(=O)N(C)[C@H](C)C(=O)N[C@@H](CC(C)C)C(=O)N2CCC[C@H]2C(=O)O[C@@H]1C,L1_7.4.1.4.4.1,6644,-5.55,10,7,Lariat,0.248687,0.155886,-36.275,11.655,9.805,1.85,0.102004,0.0516016,10.863,9.47,1.393,48,80,,train,0.2250000000000001,1,1.0,train,train,train,train,train,test,train,test,train,train,0.2366015
6638,2021_Kelly,CC(=O)N1CCC[C@@H]1C(=O)N(C)[C@H](CC(C)C)C(=O)N[C@@H]1C(=O)N(C)[C@@H](CC(C)C)C(=O)N(C)[C@H](CC(C)C)C(=O)N[C@H](CC(C)C)C(=O)N(C)[C@H](C)C(=O)N[C@@H](CC(C)C)C(=O)N2CCC[C@H]2C(=O)O[C@@H]1C,L1_7.3.4.2.4.1,6638,-6.45,10,7,Lariat,0.308922,0.201377,-27.5275,12.063,10.379,1.684,0.181222,0.10236,11.387,9.87,1.517,84,92,,train,-0.2250000000000001,0,0.0,train,train,train,train,test,train,train,test,train,test,0.18141386
6608,2021_Kelly,CC(=O)N1CCC[C@@H]1C(=O)N(C)[C@H](CC(C)C)C(=O)N[C@@H]1C(=O)N[C@@H](CC(C)C)C(=O)N(C)[C@H](CC(C)C)C(=O)N(C)[C@@H](CC(C)C)C(=O)N[C@@H](C)C(=O)N[C@@H](CC(C)C)C(=O)N2CCC[C@H]2C(=O)O[C@@H]1C,L1_7.1.4.3.1.1,6608,-6.34,10,7,Lariat,0.18356,0.11124,-30.872,11.513,9.814,1.699,0.130103,0.0619396,11.191,9.628,1.563,61,100,,train,-0.1699999999999999,0,0.0,train,train,train,train,train,train,train,test,test,train,-0.07232869
6600,2021_Kelly,CC(=O)N1CCC[C@@H]1C(=O)N(C)[C@H](CC(C)C)C(=O)N[C@@H]1C(=O)N[C@@H](CC(C)C)C(=O)N[C@@H](CC(C)C)C(=O)N(C)[C@H](CC(C)C)C(=O)N(C)[C@H](C)C(=O)N[C@@H](CC(C)C)C(=O)N2CCC[C@H]2C(=O)O[C@@H]1C,L1_7.1.1.4.4.1,6600,-5.85,10,7,Lariat,0.293014,0.181328,-34.2652,11.931,9.998,1.933,0.19114,0.120257,11.288,9.752,1.536,6,44,,train,0.0750000000000001,1,1.0,train,train,train,valid,train,train,train,test,train,train,-0.0680566
6564,2021_Kelly,CC(=O)N1CCC[C@H]1C(=O)N(C)[C@H](CC(C)C)C(=O)N[C@@H]1C(=O)N[C@H](CC(C)C)C(=O)N[C@@H](CC(C)C)C(=O)N(C)[C@@H](CC(C)C)C(=O)N(C)[C@@H](C)C(=O)N[C@@H](CC(C)C)C(=O)N2CCC[C@@H]2C(=O)O[C@@H]1C,L1_6.2.1.3.3.1,6564,-5.34,10,7,Lariat,0.192188,0.118841,-31.0059,11.053,9.345,1.708,0.270719,0.187935,10.638,9.256,1.382,33,13,,train,0.33,1,1.0,train,train,train,train,train,train,train,test,test,test,0.19683477
6560,2021_Kelly,CC(=O)N1CCC[C@H]1C(=O)N(C)[C@H](CC(C)C)C(=O)N[C@@H]1C(=O)N[C@@H](CC(C)C)C(=O)N(C)[C@H](CC(C)C)C(=O)N(C)[C@H](CC(C)C)C(=O)N(C)[C@@H](C)C(=O)N[C@@H](CC(C)C)C(=O)N2CCC[C@@H]2C(=O)O[C@@H]1C,L1_6.1.4.4.3.1,6560,-5.49,10,7,Lariat,0.229044,0.161178,-27.5264,12.094,10.083,2.011,0.178281,0.12215,11.752,9.996,1.756,76,93,,train,0.2549999999999999,1,1.0,train,train,train,test,train,train,train,test,train,train,0.27224287
6545,2021_Kelly,CC(=O)N1CCC[C@H]1C(=O)N(C)[C@H](CC(C)C)C(=O)N[C@@H]1C(=O)N[C@@H](CC(C)C)C(=O)N[C@@H](CC(C)C)C(=O)N(C)[C@@H](CC(C)C)C(=O)N(C)[C@@H](C)C(=O)N[C@@H](CC(C)C)C(=O)N2CCC[C@@H]2C(=O)O[C@@H]1C,L1_6.1.1.3.3.1,6545,-5.69,10,7,Lariat,0.158649,0.0931781,-34.6448,11.918,10.031,1.887,0.167957,0.105734,11.821,10.013,1.808,56,32,,val,0.1549999999999998,1,1.0,valid,train,train,train,train,valid,train,test,train,train,-0.0094826445
6539,2021_Kelly,CC(=O)N1CCC[C@H]1C(=O)N(C)[C@H](CC(C)C)C(=O)N[C@@H]1C(=O)N(C)[C@H](CC(C)C)C(=O)N[C@H](CC(C)C)C(=O)N(C)[C@H](CC(C)C)C(=O)N(C)[C@H](C)C(=O)N[C@@H](CC(C)C)C(=O)N2CCC[C@H]2C(=O)O[C@@H]1C,L1_5.4.2.4.4.1,6539,-5.1,10,7,Lariat,0.107558,0.0588435,-28.0741,11.15,9.489,1.661,0.128402,0.0858446,10.631,9.024,1.607,90,53,,train,0.4500000000000002,1,1.0,train,test,test,train,train,train,train,test,train,train,0.2804516
6533,2021_Kelly,CC(=O)N1CCC[C@H]1C(=O)N(C)[C@H](CC(C)C)C(=O)N[C@@H]1C(=O)N(C)[C@H](CC(C)C)C(=O)N[C@@H](CC(C)C)C(=O)N(C)[C@H](CC(C)C)C(=O)N(C)[C@H](C)C(=O)N[C@@H](CC(C)C)C(=O)N2CCC[C@H]2C(=O)O[C@@H]1C,L1_5.4.1.4.4.1,6533,-5.17,10,7,Lariat,0.188318,0.123529,-26.2539,11.916,10.349,1.567,0.125891,0.0741628,10.715,9.468,1.247,28,73,,train,0.415,1,1.0,train,train,train,train,train,train,test,test,train,train,0.3125489
6530,2021_Kelly,CC(=O)N1CCC[C@H]1C(=O)N(C)[C@H](CC(C)C)C(=O)N[C@@H]1C(=O)N(C)[C@@H](CC(C)C)C(=O)N(C)[C@H](CC(C)C)C(=O)N(C)[C@H](CC(C)C)C(=O)N(C)[C@H](C)C(=O)N[C@@H](CC(C)C)C(=O)N2CCC[C@H]2C(=O)O[C@@H]1C,L1_5.3.4.4.4.1,6530,-5.58,10,7,Lariat,0.172977,0.109173,-21.9373,11.764,9.975,1.789,0.150704,0.0986723,11.595,9.919,1.676,79,50,,train,0.2099999999999999,1,1.0,train,train,test,test,train,train,train,test,train,train,0.31517276
6522,2021_Kelly,CC(=O)N1CCC[C@H]1C(=O)N(C)[C@H](CC(C)C)C(=O)N[C@@H]1C(=O)N(C)[C@@H](CC(C)C)C(=O)N[C@H](CC(C)C)C(=O)N[C@@H](CC(C)C)C(=O)N[C@@H](C)C(=O)N[C@@H](CC(C)C)C(=O)N2CCC[C@H]2C(=O)O[C@@H]1C,L1_5.3.2.1.1.1,6522,-6.5,10,7,Lariat,0.172852,0.0938692,-28.2663,10.602,8.986,1.616,0.0961676,0.0545274,10.135,8.762,1.373,43,64,,train,-0.25,0,0.0,train,test,test,train,valid,train,train,test,train,valid,-0.21470103
6521,2021_Kelly,CC(=O)N1CCC[C@H]1C(=O)N(C)[C@H](CC(C)C)C(=O)N[C@@H]1C(=O)N(C)[C@@H](CC(C)C)C(=O)N[C@@H](CC(C)C)C(=O)N(C)[C@H](CC(C)C)C(=O)N(C)[C@H](C)C(=O)N[C@@H](CC(C)C)C(=O)N2CCC[C@H]2C(=O)O[C@@H]1C,L1_5.3.1.4.4.1,6521,-5.13,10,7,Lariat,0.136407,0.0876328,-29.4957,11.255,9.356,1.899,0.212513,0.140902,11.456,9.875,1.581,27,100,,train,0.435,1,1.0,train,train,train,train,train,train,train,test,train,test,0.2476989
6510,2021_Kelly,CC(=O)N1CCC[C@H]1C(=O)N(C)[C@H](CC(C)C)C(=O)N[C@@H]1C(=O)N[C@H](CC(C)C)C(=O)N(C)[C@H](CC(C)C)C(=O)N[C@H](CC(C)C)C(=O)N(C)[C@H](C)C(=O)N[C@@H](CC(C)C)C(=O)N2CCC[C@H]2C(=O)O[C@@H]1C,L1_5.2.4.2.4.1,6510,-5.4,10,7,Lariat,0.2684,0.162518,-24.5872,11.051,9.428,1.623,0.244334,0.143758,11.722,10.033,1.689,45,36,,test,0.2999999999999998,1,1.0,test,train,valid,test,train,train,train,test,train,train,0.30343848
6503,2021_Kelly,CC(=O)N1CCC[C@H]1C(=O)N(C)[C@H](CC(C)C)C(=O)N[C@@H]1C(=O)N[C@H](CC(C)C)C(=O)N[C@H](CC(C)C)C(=O)N(C)[C@H](CC(C)C)C(=O)N(C)[C@@H](C)C(=O)N[C@@H](CC(C)C)C(=O)N2CCC[C@H]2C(=O)O[C@@H]1C,L1_5.2.2.4.3.1,6503,-5.69,10,7,Lariat,0.174904,0.110574,-30.7232,11.545,9.793,1.752,0.231652,0.1424,11.641,9.901,1.74,100,56,,test,0.1549999999999998,1,1.0,test,train,train,train,train,train,valid,test,valid,train,0.15651494
6485,2021_Kelly,CC(=O)N1CCC[C@H]1C(=O)N(C)[C@H](CC(C)C)C(=O)N[C@@H]1C(=O)N[C@@H](CC(C)C)C(=O)N[C@H](CC(C)C)C(=O)N(C)[C@@H](CC(C)C)C(=O)N[C@@H](C)C(=O)N[C@@H](CC(C)C)C(=O)N2CCC[C@H]2C(=O)O[C@@H]1C,L1_5.1.2.3.1.1,6485,-6.45,10,7,Lariat,0.22594,0.153883,-41.5898,11.93,9.774,2.156,0.12249,0.0665375,10.607,9.304,1.303,65,53,,train,-0.2250000000000001,0,0.0,train,train,train,train,train,train,train,test,train,train,-0.056777183
6465,2021_Kelly,CC(=O)N1CCC[C@@H]1C(=O)N(C)[C@@H](CC(C)C)C(=O)N[C@@H]1C(=O)N(C)[C@H](CC(C)C)C(=O)N(C)[C@@H](CC(C)C)C(=O)N[C@H](CC(C)C)C(=O)N(C)[C@H](C)C(=O)N[C@@H](CC(C)C)C(=O)N2CCC[C@@H]2C(=O)O[C@@H]1C,L1_4.4.3.2.4.1,6465,-5.03,10,7,Lariat,0.150646,0.0860411,-25.1345,11.528,9.761,1.767,0.20497,0.132032,11.316,9.629,1.687,62,71,,train,0.4849999999999999,1,1.0,train,train,train,test,train,train,train,test,train,test,0.2748077
6456,2021_Kelly,CC(=O)N1CCC[C@@H]1C(=O)N(C)[C@@H](CC(C)C)C(=O)N[C@@H]1C(=O)N(C)[C@H](CC(C)C)C(=O)N[C@@H](CC(C)C)C(=O)N(C)[C@@H](CC(C)C)C(=O)N(C)[C@H](C)C(=O)N[C@@H](CC(C)C)C(=O)N2CCC[C@@H]2C(=O)O[C@@H]1C,L1_4.4.1.3.4.1,6456,-5.17,10,7,Lariat,0.131894,0.0691485,-23.5715,11.097,9.323,1.774,0.139291,0.0813456,10.679,9.293,1.386,65,83,,train,0.415,1,1.0,train,valid,train,train,train,valid,train,test,train,train,0.26784536
6452,2021_Kelly,CC(=O)N1CCC[C@@H]1C(=O)N(C)[C@@H](CC(C)C)C(=O)N[C@@H]1C(=O)N(C)[C@@H](CC(C)C)C(=O)N(C)[C@@H](CC(C)C)C(=O)N(C)[C@H](CC(C)C)C(=O)N(C)[C@H](C)C(=O)N[C@@H](CC(C)C)C(=O)N2CCC[C@@H]2C(=O)O[C@@H]1C,L1_4.3.3.4.4.1,6452,-5.05,10,7,Lariat,0.221791,0.154622,-32.9276,12.302,10.45,1.852,0.165444,0.111253,11.388,10.002,1.386,53,29,,train,0.4750000000000001,1,1.0,train,test,train,train,train,train,train,test,train,train,0.28086087
6428,2021_Kelly,CC(=O)N1CCC[C@@H]1C(=O)N(C)[C@@H](CC(C)C)C(=O)N[C@@H]1C(=O)N[C@H](CC(C)C)C(=O)N[C@H](CC(C)C)C(=O)N(C)[C@H](CC(C)C)C(=O)N[C@H](C)C(=O)N[C@@H](CC(C)C)C(=O)N2CCC[C@@H]2C(=O)O[C@@H]1C,L1_4.2.2.4.2.1,6428,-5.48,10,7,Lariat,0.259488,0.193407,-32.1153,11.723,9.849,1.874,0.220272,0.143439,11.131,9.532,1.599,17,39,,train,0.2599999999999998,1,1.0,train,train,train,train,train,train,train,test,train,train,0.10655792
6426,2021_Kelly,CC(=O)N1CCC[C@@H]1C(=O)N(C)[C@@H](CC(C)C)C(=O)N[C@@H]1C(=O)N[C@H](CC(C)C)C(=O)N[C@H](CC(C)C)C(=O)N(C)[C@@H](CC(C)C)C(=O)N(C)[C@@H](C)C(=O)N[C@@H](CC(C)C)C(=O)N2CCC[C@@H]2C(=O)O[C@@H]1C,L1_4.2.2.3.3.1,6426,-5.58,10,7,Lariat,0.134529,0.0950054,-32.0467,10.929,9.432,1.497,0.12057,0.0579216,10.576,9.203,1.373,89,54,,train,0.2099999999999999,1,1.0,train,train,train,valid,train,train,valid,test,train,valid,0.20091787
6419,2021_Kelly,CC(=O)N1CCC[C@@H]1C(=O)N(C)[C@@H](CC(C)C)C(=O)N[C@@H]1C(=O)N[C@H](CC(C)C)C(=O)N[C@@H](CC(C)C)C(=O)N(C)[C@H](CC(C)C)C(=O)N[C@@H](C)C(=O)N[C@@H](CC(C)C)C(=O)N2CCC[C@@H]2C(=O)O[C@@H]1C,L1_4.2.1.4.1.1,6419,-5.4,10,7,Lariat,0.116835,0.0597995,-22.2908,10.832,9.245,1.587,0.144603,0.0683298,10.563,9.359,1.204,24,35,,val,0.2999999999999998,1,1.0,valid,train,train,train,train,train,test,test,train,train,0.115094006
6401,2021_Kelly,CC(=O)N1CCC[C@@H]1C(=O)N(C)[C@@H](CC(C)C)C(=O)N[C@@H]1C(=O)N[C@@H](CC(C)C)C(=O)N[C@H](CC(C)C)C(=O)N(C)[C@H](CC(C)C)C(=O)N[C@@H](C)C(=O)N[C@@H](CC(C)C)C(=O)N2CCC[C@@H]2C(=O)O[C@@H]1C,L1_4.1.2.4.1.1,6401,-5.87,10,7,Lariat,0.182794,0.111113,-42.2144,12.217,10.263,1.954,0.194984,0.132265,11.584,9.815,1.769,58,23,,train,0.0649999999999999,1,1.0,train,valid,valid,train,test,train,train,test,train,train,-0.07529798
6375,2021_Kelly,CC(=O)N1CCC[C@@H]1C(=O)N(C)[C@@H](CC(C)C)C(=O)N[C@@H]1C(=O)N(C)[C@H](CC(C)C)C(=O)N[C@H](CC(C)C)C(=O)N[C@H](CC(C)C)C(=O)N[C@@H](C)C(=O)N[C@@H](CC(C)C)C(=O)N2CCC[C@H]2C(=O)O[C@@H]1C,L1_3.4.2.2.1.1,6375,-6.5,10,7,Lariat,0.273079,0.18777,-27.5993,11.694,9.714,1.98,0.125838,0.0736976,10.067,8.821,1.246,57,73,,test,-0.25,0,0.0,test,train,train,train,valid,test,train,test,train,train,-0.24462584
6370,2021_Kelly,CC(=O)N1CCC[C@@H]1C(=O)N(C)[C@@H](CC(C)C)C(=O)N[C@@H]1C(=O)N(C)[C@H](CC(C)C)C(=O)N[C@@H](CC(C)C)C(=O)N(C)[C@@H](CC(C)C)C(=O)N[C@@H](C)C(=O)N[C@@H](CC(C)C)C(=O)N2CCC[C@H]2C(=O)O[C@@H]1C,L1_3.4.1.3.1.1,6370,-5.62,10,7,Lariat,0.149588,0.0904189,-33.2438,11.734,9.794,1.94,0.128822,0.0687105,11.28,9.499,1.781,40,20,,train,0.1899999999999999,1,1.0,train,train,train,train,train,train,train,test,train,train,0.1277673
6360,2021_Kelly,CC(=O)N1CCC[C@@H]1C(=O)N(C)[C@@H](CC(C)C)C(=O)N[C@@H]1C(=O)N(C)[C@@H](CC(C)C)C(=O)N(C)[C@@H](CC(C)C)C(=O)N(C)[C@H](CC(C)C)C(=O)N(C)[C@@H](C)C(=O)N[C@@H](CC(C)C)C(=O)N2CCC[C@H]2C(=O)O[C@@H]1C,L1_3.3.3.4.3.1,6360,-5.53,10,7,Lariat,0.171297,0.107563,-21.457,12.173,10.379,1.794,0.244691,0.180722,11.66,9.955,1.705,43,77,,train,0.2349999999999998,1,1.0,train,train,train,train,train,train,train,test,train,train,0.2449487
6342,2021_Kelly,CC(=O)N1CCC[C@@H]1C(=O)N(C)[C@@H](CC(C)C)C(=O)N[C@@H]1C(=O)N[C@H](CC(C)C)C(=O)N[C@H](CC(C)C)C(=O)N(C)[C@H](CC(C)C)C(=O)N(C)[C@@H](C)C(=O)N[C@@H](CC(C)C)C(=O)N2CCC[C@H]2C(=O)O[C@@H]1C,L1_3.2.2.4.3.1,6342,-5.82,10,7,Lariat,0.183541,0.1314,-28.619,10.974,9.295,1.679,0.264234,0.194097,11.059,9.478,1.581,82,28,,train,0.0899999999999998,1,1.0,train,train,train,valid,train,train,valid,test,train,train,0.12538233
6326,2021_Kelly,CC(=O)N1CCC[C@@H]1C(=O)N(C)[C@@H](CC(C)C)C(=O)N[C@@H]1C(=O)N[C@@H](CC(C)C)C(=O)N[C@H](CC(C)C)C(=O)N(C)[C@H](CC(C)C)C(=O)N[C@@H](C)C(=O)N[C@@H](CC(C)C)C(=O)N2CCC[C@H]2C(=O)O[C@@H]1C,L1_3.1.2.4.1.1,6326,-6.85,10,7,Lariat,0.209263,0.134434,-24.0375,11.484,9.567,1.917,0.156433,0.0906591,11.301,9.578,1.723,49,45,,train,-0.4249999999999998,0,0.0,train,train,train,train,test,train,train,test,train,test,-0.17041904
6302,2021_Kelly,CC(=O)N1CCC[C@H]1C(=O)N(C)[C@@H](CC(C)C)C(=O)N[C@@H]1C(=O)N(C)[C@H](CC(C)C)C(=O)N[C@@H](CC(C)C)C(=O)N(C)[C@H](CC(C)C)C(=O)N(C)[C@H](C)C(=O)N[C@@H](CC(C)C)C(=O)N2CCC[C@@H]2C(=O)O[C@@H]1C,L1_2.4.1.4.4.1,6302,-5.59,10,7,Lariat,0.190946,0.12461,-24.3087,11.578,9.998,1.58,0.164367,0.103437,11.332,9.906,1.426,16,99,,train,0.205,1,1.0,train,train,test,train,train,train,train,test,train,train,0.26786333
6295,2021_Kelly,CC(=O)N1CCC[C@H]1C(=O)N(C)[C@@H](CC(C)C)C(=O)N[C@@H]1C(=O)N(C)[C@@H](CC(C)C)C(=O)N(C)[C@@H](CC(C)C)C(=O)N(C)[C@H](CC(C)C)C(=O)N(C)[C@H](C)C(=O)N[C@@H](CC(C)C)C(=O)N2CCC[C@@H]2C(=O)O[C@@H]1C,L1_2.3.3.4.4.1,6295,-5.5,10,7,Lariat,0.239927,0.153802,-30.2866,11.967,10.129,1.838,0.128121,0.0589266,10.705,9.394,1.311,100,99,,train,0.25,1,1.0,train,train,train,train,train,test,train,test,train,valid,0.2644703
6290,2021_Kelly,CC(=O)N1CCC[C@H]1C(=O)N(C)[C@@H](CC(C)C)C(=O)N[C@@H]1C(=O)N[C@H](CC(C)C)C(=O)N(C)[C@H](CC(C)C)C(=O)N[C@H](CC(C)C)C(=O)N(C)[C@H](C)C(=O)N[C@@H](CC(C)C)C(=O)N2CCC[C@@H]2C(=O)O[C@@H]1C,L1_2.2.4.2.4.1,6290,-5.29,10,7,Lariat,0.139352,0.069326,-22.5197,10.97,9.56,1.41,0.282478,0.198836,11.06,9.439,1.621,61,20,,train,0.355,1,1.0,train,train,train,test,train,train,train,test,valid,train,0.2854845
6279,2021_Kelly,CC(=O)N1CCC[C@H]1C(=O)N(C)[C@@H](CC(C)C)C(=O)N[C@@H]1C(=O)N[C@H](CC(C)C)C(=O)N[C@@H](CC(C)C)C(=O)N(C)[C@H](CC(C)C)C(=O)N[C@H](C)C(=O)N[C@@H](CC(C)C)C(=O)N2CCC[C@@H]2C(=O)O[C@@H]1C,L1_2.2.1.4.2.1,6279,-5.34,10,7,Lariat,0.227064,0.133239,-41.9162,11.94,9.717,2.223,0.181046,0.100124,11.529,9.983,1.546,39,69,,train,0.33,1,1.0,train,train,train,test,train,train,valid,test,train,train,0.12078552
6263,2021_Kelly,CC(=O)N1CCC[C@H]1C(=O)N(C)[C@@H](CC(C)C)C(=O)N[C@@H]1C(=O)N[C@@H](CC(C)C)C(=O)N(C)[C@@H](CC(C)C)C(=O)N[C@H](CC(C)C)C(=O)N(C)[C@@H](C)C(=O)N[C@@H](CC(C)C)C(=O)N2CCC[C@@H]2C(=O)O[C@@H]1C,L1_2.1.3.2.3.1,6263,-5.66,10,7,Lariat,0.178712,0.103212,-40.7821,12.344,10.383,1.961,0.162575,0.0963684,11.162,9.442,1.72,73,54,,train,0.1699999999999999,1,1.0,train,train,train,test,test,valid,train,test,train,train,0.22160599
6258,2021_Kelly,CC(=O)N1CCC[C@H]1C(=O)N(C)[C@@H](CC(C)C)C(=O)N[C@@H]1C(=O)N[C@@H](CC(C)C)C(=O)N[C@@H](CC(C)C)C(=O)N[C@H](CC(C)C)C(=O)N[C@H](C)C(=O)N[C@@H](CC(C)C)C(=O)N2CCC[C@@H]2C(=O)O[C@@H]1C,L1_2.1.1.2.2.1,6258,-6.7,10,7,Lariat,0.14387,0.0857819,-31.5278,11.036,9.283,1.753,0.171755,0.0968668,10.466,8.953,1.513,96,42,,train,-0.3500000000000001,0,0.0,train,train,train,valid,train,train,train,test,test,train,-0.31299844
6256,2021_Kelly,CC(=O)N1CCC[C@@H]1C(=O)N(C)[C@H](CC(C)C)C(=O)N[C@@H]1C(=O)N(C)[C@H](CC(C)C)C(=O)N(C)[C@H](CC(C)C)C(=O)N[C@@H](CC(C)C)C(=O)N(C)[C@@H](C)C(=O)N[C@H](CC(C)C)C(=O)N2CCC[C@@H]2C(=O)O[C@@H]1C,L1_16.4.4.1.3.2,6256,-4.98,10,7,Lariat,0.134978,0.0723483,-29.9345,11.622,10.119,1.503,0.144133,0.0813667,11.149,9.661,1.488,59,43,,test,0.5099999999999998,1,1.0,test,train,train,train,train,train,train,test,test,train,0.19182867
6243,2021_Kelly,CC(=O)N1CCC[C@@H]1C(=O)N(C)[C@H](CC(C)C)C(=O)N[C@@H]1C(=O)N(C)[C@@H](CC(C)C)C(=O)N(C)[C@H](CC(C)C)C(=O)N(C)[C@@H](CC(C)C)C(=O)N(C)[C@@H](C)C(=O)N[C@H](CC(C)C)C(=O)N2CCC[C@@H]2C(=O)O[C@@H]1C,L1_16.3.4.3.3.2,6243,-5.22,10,7,Lariat,0.266818,0.187634,-25.5613,12.017,10.324,1.693,0.18111,0.110303,11.945,10.36,1.585,84,67,,val,0.3900000000000001,1,1.0,valid,train,train,valid,train,train,train,test,train,train,0.22087184
6229,2021_Kelly,CC(=O)N1CCC[C@@H]1C(=O)N(C)[C@H](CC(C)C)C(=O)N[C@@H]1C(=O)N(C)[C@@H](CC(C)C)C(=O)N[C@@H](CC(C)C)C(=O)N[C@@H](CC(C)C)C(=O)N[C@H](C)C(=O)N[C@H](CC(C)C)C(=O)N2CCC[C@@H]2C(=O)O[C@@H]1C,L1_16.3.1.1.2.2,6229,-6.95,10,7,Lariat,0.228826,0.156913,-30.065,10.881,9.224,1.657,0.212471,0.135836,11.08,9.422,1.658,75,91,,test,-0.4750000000000001,0,0.0,test,train,train,test,train,valid,train,test,test,train,-0.43064988
6223,2021_Kelly,CC(=O)N1CCC[C@@H]1C(=O)N(C)[C@H](CC(C)C)C(=O)N[C@@H]1C(=O)N[C@H](CC(C)C)C(=O)N(C)[C@H](CC(C)C)C(=O)N[C@H](CC(C)C)C(=O)N[C@H](C)C(=O)N[C@H](CC(C)C)C(=O)N2CCC[C@@H]2C(=O)O[C@@H]1C,L1_16.2.4.2.2.2,6223,-7.15,10,7,Lariat,0.188314,0.117349,-30.1856,11.48,9.721,1.759,0.145642,0.0728682,10.406,9.132,1.274,61,95,,val,-0.5750000000000002,0,0.0,valid,train,train,train,valid,test,train,test,train,train,-0.15653315
6219,2021_Kelly,CC(=O)N1CCC[C@@H]1C(=O)N(C)[C@H](CC(C)C)C(=O)N[C@@H]1C(=O)N[C@H](CC(C)C)C(=O)N[C@H](CC(C)C)C(=O)N(C)[C@H](CC(C)C)C(=O)N(C)[C@H](C)C(=O)N[C@H](CC(C)C)C(=O)N2CCC[C@@H]2C(=O)O[C@@H]1C,L1_16.2.2.4.4.2,6219,-6.08,10,7,Lariat,0.227243,0.151792,-20.998,11.31,9.789,1.521,0.156663,0.089989,11.137,9.786,1.351,38,68,,train,-0.04,0,0.0,train,train,train,train,train,train,train,test,train,test,-0.028350327
6213,2021_Kelly,CC(=O)N1CCC[C@@H]1C(=O)N(C)[C@H](CC(C)C)C(=O)N[C@@H]1C(=O)N[C@H](CC(C)C)C(=O)N[C@@H](CC(C)C)C(=O)N(C)[C@H](CC(C)C)C(=O)N[C@H](C)C(=O)N[C@H](CC(C)C)C(=O)N2CCC[C@@H]2C(=O)O[C@@H]1C,L1_16.2.1.4.2.2,6213,-6.1,10,7,Lariat,0.280123,0.194199,-29.7792,11.605,9.695,1.91,0.295441,0.208509,11.112,9.344,1.768,20,5,,train,-0.0499999999999998,0,0.0,train,train,train,test,train,test,train,test,train,train,-0.097286
6212,2021_Kelly,CC(=O)N1CCC[C@@H]1C(=O)N(C)[C@H](CC(C)C)C(=O)N[C@@H]1C(=O)N[C@H](CC(C)C)C(=O)N[C@@H](CC(C)C)C(=O)N[C@H](CC(C)C)C(=O)N(C)[C@H](C)C(=O)N[C@H](CC(C)C)C(=O)N2CCC[C@@H]2C(=O)O[C@@H]1C,L1_16.2.1.2.4.2,6212,-6.13,10,7,Lariat,0.206956,0.143245,-30.4466,11.171,9.254,1.917,0.124191,0.0687561,10.353,8.927,1.426,32,8,,train,-0.0649999999999999,0,0.0,train,train,train,train,train,train,train,test,train,train,-0.11528167
6186,2021_Kelly,CC(=O)N1CCC[C@@H]1C(=O)N(C)[C@H](CC(C)C)C(=O)N[C@@H]1C(=O)N(C)[C@H](CC(C)C)C(=O)N[C@H](CC(C)C)C(=O)N[C@H](CC(C)C)C(=O)N[C@H](C)C(=O)N[C@H](CC(C)C)C(=O)N2CCC[C@H]2C(=O)O[C@@H]1C,L1_15.4.2.2.2.2,6186,-6.74,10,7,Lariat,0.180692,0.112719,-34.4528,11.4,9.401,1.999,0.123267,0.0625066,11.35,9.374,1.976,70,16,,train,-0.3700000000000001,0,0.0,train,train,train,train,train,train,test,test,train,train,-0.3213565
6179,2021_Kelly,CC(=O)N1CCC[C@@H]1C(=O)N(C)[C@H](CC(C)C)C(=O)N[C@@H]1C(=O)N(C)[C@@H](CC(C)C)C(=O)N(C)[C@H](CC(C)C)C(=O)N(C)[C@@H](CC(C)C)C(=O)N(C)[C@@H](C)C(=O)N[C@H](CC(C)C)C(=O)N2CCC[C@H]2C(=O)O[C@@H]1C,L1_15.3.4.3.3.2,6179,-5.19,10,7,Lariat,0.140779,0.0786538,-19.3295,11.617,10.003,1.614,0.144617,0.0868808,11.21,9.737,1.473,11,53,,test,0.4049999999999998,1,1.0,test,train,train,test,train,train,train,test,train,train,0.25193876
6174,2021_Kelly,CC(=O)N1CCC[C@@H]1C(=O)N(C)[C@H](CC(C)C)C(=O)N[C@@H]1C(=O)N(C)[C@@H](CC(C)C)C(=O)N(C)[C@@H](CC(C)C)C(=O)N[C@H](CC(C)C)C(=O)N[C@H](C)C(=O)N[C@H](CC(C)C)C(=O)N2CCC[C@H]2C(=O)O[C@@H]1C,L1_15.3.3.2.2.2,6174,-6.47,10,7,Lariat,0.207899,0.127294,-41.5961,11.978,10.076,1.902,0.237246,0.156127,11.605,9.897,1.708,25,94,,val,-0.2349999999999998,0,0.0,valid,train,train,train,train,train,test,test,test,train,-0.18272437
6152,2021_Kelly,CC(=O)N1CCC[C@@H]1C(=O)N(C)[C@H](CC(C)C)C(=O)N[C@@H]1C(=O)N[C@H](CC(C)C)C(=O)N(C)[C@@H](CC(C)C)C(=O)N(C)[C@H](CC(C)C)C(=O)N(C)[C@@H](C)C(=O)N[C@H](CC(C)C)C(=O)N2CCC[C@H]2C(=O)O[C@@H]1C,L1_15.2.3.4.3.2,6152,-5.3,10,7,Lariat,0.180241,0.101143,-20.4618,11.275,9.602,1.673,0.113521,0.0561947,10.727,9.43,1.297,82,20,,train,0.3500000000000001,1,1.0,train,train,valid,train,train,train,train,test,train,train,0.27406368
6146,2021_Kelly,CC(=O)N1CCC[C@@H]1C(=O)N(C)[C@H](CC(C)C)C(=O)N[C@@H]1C(=O)N[C@H](CC(C)C)C(=O)N(C)[C@@H](CC(C)C)C(=O)N[C@@H](CC(C)C)C(=O)N(C)[C@H](C)C(=O)N[C@H](CC(C)C)C(=O)N2CCC[C@H]2C(=O)O[C@@H]1C,L1_15.2.3.1.4.2,6146,-5.62,10,7,Lariat,0.194127,0.12494,-16.3345,11.159,9.812,1.347,0.200674,0.130637,11.121,9.888,1.233,68,40,,train,0.1899999999999999,1,1.0,train,train,valid,train,train,train,train,test,train,test,0.22457942
6144,2021_Kelly,CC(=O)N1CCC[C@@H]1C(=O)N(C)[C@H](CC(C)C)C(=O)N[C@@H]1C(=O)N[C@H](CC(C)C)C(=O)N[C@H](CC(C)C)C(=O)N(C)[C@H](CC(C)C)C(=O)N(C)[C@H](C)C(=O)N[C@H](CC(C)C)C(=O)N2CCC[C@H]2C(=O)O[C@@H]1C,L1_15.2.2.4.4.2,6144,-6.79,10,7,Lariat,0.220733,0.147859,-24.8588,10.947,9.31,1.637,0.211969,0.147698,11.033,9.573,1.46,13,78,,train,-0.395,0,0.0,train,train,train,train,train,train,train,test,train,train,0.006738931
6137,2021_Kelly,CC(=O)N1CCC[C@@H]1C(=O)N(C)[C@H](CC(C)C)C(=O)N[C@@H]1C(=O)N[C@H](CC(C)C)C(=O)N[C@H](CC(C)C)C(=O)N[C@H](CC(C)C)C(=O)N(C)[C@H](C)C(=O)N[C@H](CC(C)C)C(=O)N2CCC[C@H]2C(=O)O[C@@H]1C,L1_15.2.2.2.4.2,6137,-6.39,10,7,Lariat,0.219226,0.136296,-35.0948,11.165,9.105,2.06,0.181993,0.111206,10.97,9.224,1.746,61,93,,train,-0.1949999999999998,0,0.0,train,train,train,train,train,train,train,test,train,train,-0.122832224
6133,2021_Kelly,CC(=O)N1CCC[C@@H]1C(=O)N(C)[C@H](CC(C)C)C(=O)N[C@@H]1C(=O)N[C@H](CC(C)C)C(=O)N[C@H](CC(C)C)C(=O)N[C@@H](CC(C)C)C(=O)N(C)[C@H](C)C(=O)N[C@H](CC(C)C)C(=O)N2CCC[C@H]2C(=O)O[C@@H]1C,L1_15.2.2.1.4.2,6133,-5.99,10,7,Lariat,0.298945,0.211265,-32.5218,11.67,9.807,1.863,0.217839,0.144461,10.731,9.309,1.422,28,65,,train,0.0049999999999998,1,1.0,train,test,train,valid,train,train,train,test,test,test,-0.06110773
6131,2021_Kelly,CC(=O)N1CCC[C@@H]1C(=O)N(C)[C@H](CC(C)C)C(=O)N[C@@H]1C(=O)N[C@H](CC(C)C)C(=O)N[C@H](CC(C)C)C(=O)N[C@@H](CC(C)C)C(=O)N[C@@H](C)C(=O)N[C@H](CC(C)C)C(=O)N2CCC[C@H]2C(=O)O[C@@H]1C,L1_15.2.2.1.1.2,6131,-6.66,10,7,Lariat,0.136448,0.0795622,-30.4886,11.243,9.318,1.925,0.21847,0.127078,10.46,8.922,1.538,66,31,,train,-0.33,0,0.0,train,train,train,valid,train,train,test,test,train,train,-0.35743445
6124,2021_Kelly,CC(=O)N1CCC[C@@H]1C(=O)N(C)[C@H](CC(C)C)C(=O)N[C@@H]1C(=O)N[C@H](CC(C)C)C(=O)N[C@@H](CC(C)C)C(=O)N[C@H](CC(C)C)C(=O)N[C@@H](C)C(=O)N[C@H](CC(C)C)C(=O)N2CCC[C@H]2C(=O)O[C@@H]1C,L1_15.2.1.2.1.2,6124,-7.14,10,7,Lariat,0.166778,0.094193,-28.8019,10.662,9.065,1.597,0.156834,0.0905584,11.187,9.54,1.647,39,3,,train,-0.5699999999999998,0,0.0,train,test,train,train,test,train,train,test,train,train,-0.30181494
6113,2021_Kelly,CC(=O)N1CCC[C@@H]1C(=O)N(C)[C@H](CC(C)C)C(=O)N[C@@H]1C(=O)N[C@@H](CC(C)C)C(=O)N[C@H](CC(C)C)C(=O)N(C)[C@@H](CC(C)C)C(=O)N(C)[C@@H](C)C(=O)N[C@H](CC(C)C)C(=O)N2CCC[C@H]2C(=O)O[C@@H]1C,L1_15.1.2.3.3.2,6113,-5.6,10,7,Lariat,0.200659,0.123337,-23.7612,11.274,9.734,1.54,0.104157,0.049505,10.576,9.287,1.289,76,92,,val,0.2000000000000001,1,1.0,valid,train,train,train,train,train,train,test,valid,train,-0.02801006
6089,2021_Kelly,CC(=O)N1CCC[C@H]1C(=O)N(C)[C@H](CC(C)C)C(=O)N[C@@H]1C(=O)N(C)[C@H](CC(C)C)C(=O)N[C@H](CC(C)C)C(=O)N[C@H](CC(C)C)C(=O)N[C@H](C)C(=O)N[C@H](CC(C)C)C(=O)N2CCC[C@@H]2C(=O)O[C@@H]1C,L1_14.4.2.2.2.2,6089,-6.83,10,7,Lariat,0.17414,0.107303,-47.8542,11.303,9.354,1.949,0.124512,0.072163,10.897,9.015,1.882,36,83,,train,-0.415,0,0.0,train,train,train,train,train,train,train,test,valid,train,-0.1933977
6088,2021_Kelly,CC(=O)N1CCC[C@H]1C(=O)N(C)[C@H](CC(C)C)C(=O)N[C@@H]1C(=O)N(C)[C@@H](CC(C)C)C(=O)N(C)[C@H](CC(C)C)C(=O)N(C)[C@H](CC(C)C)C(=O)N(C)[C@H](C)C(=O)N[C@H](CC(C)C)C(=O)N2CCC[C@@H]2C(=O)O[C@@H]1C,L1_14.3.4.4.4.2,6088,-5.37,10,7,Lariat,0.161922,0.101355,-24.9243,11.658,9.873,1.785,0.128926,0.0655761,11.559,9.832,1.727,72,16,,train,0.3149999999999999,1,1.0,train,train,train,train,train,test,train,test,valid,train,0.26068887
6058,2021_Kelly,CC(=O)N1CCC[C@H]1C(=O)N(C)[C@H](CC(C)C)C(=O)N[C@@H]1C(=O)N[C@H](CC(C)C)C(=O)N[C@@H](CC(C)C)C(=O)N(C)[C@H](CC(C)C)C(=O)N[C@@H](C)C(=O)N[C@H](CC(C)C)C(=O)N2CCC[C@@H]2C(=O)O[C@@H]1C,L1_14.2.1.4.1.2,6058,-5.93,10,7,Lariat,0.228935,0.158051,-35.148,11.506,9.446,2.06,0.184633,0.110802,11.61,9.675,1.935,30,63,,test,0.0350000000000001,1,1.0,test,train,train,train,train,train,train,test,train,valid,0.07010962
6041,2021_Kelly,CC(=O)N1CCC[C@H]1C(=O)N(C)[C@H](CC(C)C)C(=O)N[C@@H]1C(=O)N[C@@H](CC(C)C)C(=O)N[C@@H](CC(C)C)C(=O)N(C)[C@@H](CC(C)C)C(=O)N(C)[C@@H](C)C(=O)N[C@H](CC(C)C)C(=O)N2CCC[C@@H]2C(=O)O[C@@H]1C,L1_14.1.1.3.3.2,6041,-6.36,10,7,Lariat,0.209279,0.134976,-28.1421,10.953,9.185,1.768,0.220586,0.140463,10.896,9.266,1.63,55,78,,val,-0.1800000000000001,0,0.0,valid,train,test,train,train,train,train,test,train,valid,-0.056974325
6037,2021_Kelly,CC(=O)N1CCC[C@H]1C(=O)N(C)[C@H](CC(C)C)C(=O)N[C@@H]1C(=O)N[C@@H](CC(C)C)C(=O)N[C@@H](CC(C)C)C(=O)N[C@@H](CC(C)C)C(=O)N[C@@H](C)C(=O)N[C@H](CC(C)C)C(=O)N2CCC[C@@H]2C(=O)O[C@@H]1C,L1_14.1.1.1.1.2,6037,-7.68,10,7,Lariat,0.211649,0.132945,-30.7112,11.186,9.275,1.911,0.161069,0.0844242,11.265,9.396,1.869,10,99,,test,-0.8399999999999999,0,0.0,test,test,test,train,train,train,train,test,train,train,-0.46773317
6027,2021_Kelly,CC(=O)N1CCC[C@H]1C(=O)N(C)[C@H](CC(C)C)C(=O)N[C@@H]1C(=O)N(C)[C@H](CC(C)C)C(=O)N[C@H](CC(C)C)C(=O)N(C)[C@@H](CC(C)C)C(=O)N(C)[C@@H](C)C(=O)N[C@H](CC(C)C)C(=O)N2CCC[C@H]2C(=O)O[C@@H]1C,L1_13.4.2.3.3.2,6027,-5.6,10,7,Lariat,0.22871,0.147854,-23.9818,11.349,9.653,1.696,0.111571,0.0518464,10.817,9.354,1.463,49,30,,train,0.2000000000000001,1,1.0,train,valid,train,train,valid,test,train,test,test,train,0.30128112
6019,2021_Kelly,CC(=O)N1CCC[C@H]1C(=O)N(C)[C@H](CC(C)C)C(=O)N[C@@H]1C(=O)N(C)[C@@H](CC(C)C)C(=O)N(C)[C@@H](CC(C)C)C(=O)N[C@@H](CC(C)C)C(=O)N[C@@H](C)C(=O)N[C@H](CC(C)C)C(=O)N2CCC[C@H]2C(=O)O[C@@H]1C,L1_13.3.3.1.1.2,6019,-6.72,10,7,Lariat,0.177493,0.113661,-30.0611,11.796,9.929,1.867,0.192434,0.129569,11.243,9.592,1.651,88,76,,test,-0.3599999999999999,0,0.0,test,train,train,train,train,test,train,test,train,valid,-0.067264155
6009,2021_Kelly,CC(=O)N1CCC[C@H]1C(=O)N(C)[C@H](CC(C)C)C(=O)N[C@@H]1C(=O)N[C@H](CC(C)C)C(=O)N(C)[C@H](CC(C)C)C(=O)N[C@@H](CC(C)C)C(=O)N[C@@H](C)C(=O)N[C@H](CC(C)C)C(=O)N2CCC[C@H]2C(=O)O[C@@H]1C,L1_13.2.4.1.1.2,6009,-5.9,10,7,Lariat,0.14006,0.0833958,-27.5728,11.286,10.023,1.263,0.13924,0.0871917,11.035,9.882,1.153,45,50,,test,0.0499999999999998,1,1.0,test,test,train,train,valid,train,valid,test,train,train,0.06892856
6002,2021_Kelly,CC(=O)N1CCC[C@H]1C(=O)N(C)[C@H](CC(C)C)C(=O)N[C@@H]1C(=O)N[C@H](CC(C)C)C(=O)N[C@H](CC(C)C)C(=O)N(C)[C@H](CC(C)C)C(=O)N[C@@H](C)C(=O)N[C@H](CC(C)C)C(=O)N2CCC[C@H]2C(=O)O[C@@H]1C,L1_13.2.2.4.1.2,6002,-5.69,10,7,Lariat,0.170633,0.0998292,-37.4465,11.868,9.93,1.938,0.170472,0.104402,10.739,9.172,1.567,52,68,,train,0.1549999999999998,1,1.0,train,train,train,train,train,train,train,test,train,train,0.06069903
6001,2021_Kelly,CC(=O)N1CCC[C@H]1C(=O)N(C)[C@H](CC(C)C)C(=O)N[C@@H]1C(=O)N[C@H](CC(C)C)C(=O)N[C@H](CC(C)C)C(=O)N(C)[C@@H](CC(C)C)C(=O)N(C)[C@@H](C)C(=O)N[C@H](CC(C)C)C(=O)N2CCC[C@H]2C(=O)O[C@@H]1C,L1_13.2.2.3.3.2,6001,-5.86,10,7,Lariat,0.180888,0.106927,-23.0387,10.801,9.222,1.579,0.211686,0.139288,11.052,9.523,1.529,42,63,,train,0.0699999999999998,1,1.0,train,train,train,valid,train,train,train,test,test,train,0.2170416
5999,2021_Kelly,CC(=O)N1CCC[C@H]1C(=O)N(C)[C@H](CC(C)C)C(=O)N[C@@H]1C(=O)N[C@H](CC(C)C)C(=O)N[C@H](CC(C)C)C(=O)N[C@H](CC(C)C)C(=O)N[C@@H](C)C(=O)N[C@H](CC(C)C)C(=O)N2CCC[C@H]2C(=O)O[C@@H]1C,L1_13.2.2.2.1.2,5999,-6.38,10,7,Lariat,0.184511,0.108261,-36.9007,11.05,9.315,1.735,0.164986,0.0919204,10.463,8.827,1.636,43,51,,train,-0.1899999999999999,0,0.0,train,train,train,train,train,train,train,test,valid,train,-0.16048524
5987,2021_Kelly,CC(=O)N1CCC[C@H]1C(=O)N(C)[C@H](CC(C)C)C(=O)N[C@@H]1C(=O)N[C@@H](CC(C)C)C(=O)N(C)[C@@H](CC(C)C)C(=O)N[C@@H](CC(C)C)C(=O)N(C)[C@H](C)C(=O)N[C@H](CC(C)C)C(=O)N2CCC[C@H]2C(=O)O[C@@H]1C,L1_13.1.3.1.4.2,5987,-5.77,10,7,Lariat,0.199825,0.109886,-27.9421,11.514,9.844,1.67,0.156014,0.0868397,11.507,9.979,1.528,16,20,,train,0.1150000000000002,1,1.0,train,train,train,train,train,test,train,test,valid,train,0.19086322
5985,2021_Kelly,CC(=O)N1CCC[C@H]1C(=O)N(C)[C@H](CC(C)C)C(=O)N[C@@H]1C(=O)N[C@@H](CC(C)C)C(=O)N[C@H](CC(C)C)C(=O)N(C)[C@@H](CC(C)C)C(=O)N(C)[C@@H](C)C(=O)N[C@H](CC(C)C)C(=O)N2CCC[C@H]2C(=O)O[C@@H]1C,L1_13.1.2.3.3.2,5985,-6.0,10,7,Lariat,0.19924,0.128376,-31.7284,12.106,10.079,2.027,0.254904,0.173115,11.46,9.795,1.665,50,54,,val,0.0,1,1.0,valid,valid,test,train,train,test,test,test,valid,valid,0.11880183
5963,2021_Kelly,CC(=O)N1CCC[C@@H]1C(=O)N(C)[C@@H](CC(C)C)C(=O)N[C@@H]1C(=O)N(C)[C@H](CC(C)C)C(=O)N[C@@H](CC(C)C)C(=O)N(C)[C@@H](CC(C)C)C(=O)N(C)[C@@H](C)C(=O)N[C@H](CC(C)C)C(=O)N2CCC[C@@H]2C(=O)O[C@@H]1C,L1_12.4.1.3.3.2,5963,-5.66,10,7,Lariat,0.19901,0.131585,-30.0553,11.791,9.913,1.878,0.205974,0.128273,11.933,10.111,1.822,66,44,,val,0.1699999999999999,1,1.0,valid,train,train,valid,train,train,train,test,train,train,0.20868163
5954,2021_Kelly,CC(=O)N1CCC[C@@H]1C(=O)N(C)[C@@H](CC(C)C)C(=O)N[C@@H]1C(=O)N(C)[C@@H](CC(C)C)C(=O)N[C@@H](CC(C)C)C(=O)N(C)[C@@H](CC(C)C)C(=O)N(C)[C@H](C)C(=O)N[C@H](CC(C)C)C(=O)N2CCC[C@@H]2C(=O)O[C@@H]1C,L1_12.3.1.3.4.2,5954,-5.33,10,7,Lariat,0.240033,0.176609,-30.4311,11.87,9.844,2.026,0.245276,0.182496,11.29,9.547,1.743,41,93,,train,0.3349999999999999,1,1.0,train,test,train,test,train,train,train,test,train,train,0.1278518
5922,2021_Kelly,CC(=O)N1CCC[C@@H]1C(=O)N(C)[C@@H](CC(C)C)C(=O)N[C@@H]1C(=O)N(C)[C@H](CC(C)C)C(=O)N(C)[C@@H](CC(C)C)C(=O)N(C)[C@H](CC(C)C)C(=O)N(C)[C@@H](C)C(=O)N[C@H](CC(C)C)C(=O)N2CCC[C@H]2C(=O)O[C@@H]1C,L1_11.4.3.4.3.2,5922,-5.35,10,7,Lariat,0.220381,0.141286,-26.7403,12.293,10.569,1.724,0.246481,0.157601,11.71,10.237,1.473,91,46,,train,0.3250000000000002,1,1.0,train,train,train,test,test,train,train,test,valid,train,0.32535926
5900,2021_Kelly,CC(=O)N1CCC[C@@H]1C(=O)N(C)[C@@H](CC(C)C)C(=O)N[C@@H]1C(=O)N(C)[C@@H](CC(C)C)C(=O)N[C@@H](CC(C)C)C(=O)N(C)[C@@H](CC(C)C)C(=O)N(C)[C@H](C)C(=O)N[C@H](CC(C)C)C(=O)N2CCC[C@H]2C(=O)O[C@@H]1C,L1_11.3.1.3.4.2,5900,-6.15,10,7,Lariat,0.168319,0.0965262,-23.7551,11.765,9.945,1.82,0.149571,0.0802473,11.43,9.736,1.694,41,36,,train,-0.0750000000000001,0,0.0,train,train,train,train,train,train,train,test,train,valid,0.16741456
5879,2021_Kelly,CC(=O)N1CCC[C@@H]1C(=O)N(C)[C@@H](CC(C)C)C(=O)N[C@@H]1C(=O)N[C@H](CC(C)C)C(=O)N(C)[C@@H](CC(C)C)C(=O)N[C@@H](CC(C)C)C(=O)N[C@@H](C)C(=O)N[C@H](CC(C)C)C(=O)N2CCC[C@H]2C(=O)O[C@@H]1C,L1_11.2.3.1.1.2,5879,-6.12,10,7,Lariat,0.168279,0.0985931,-34.6834,11.261,9.479,1.782,0.172955,0.107842,11.301,9.827,1.474,3,4,,train,-0.06,0,0.0,train,train,train,train,train,train,valid,test,train,train,0.040286366
5845,2021_Kelly,CC(=O)N1CCC[C@@H]1C(=O)N(C)[C@@H](CC(C)C)C(=O)N[C@@H]1C(=O)N[C@@H](CC(C)C)C(=O)N[C@@H](CC(C)C)C(=O)N[C@@H](CC(C)C)C(=O)N(C)[C@@H](C)C(=O)N[C@H](CC(C)C)C(=O)N2CCC[C@H]2C(=O)O[C@@H]1C,L1_11.1.1.1.3.2,5845,-6.43,10,7,Lariat,0.167548,0.10372,-40.6687,11.589,9.774,1.815,0.110384,0.0433424,10.055,8.856,1.199,55,32,,train,-0.2149999999999998,0,0.0,train,train,train,train,train,train,train,test,train,train,-0.18122186
5844,2021_Kelly,CC(=O)N1CCC[C@@H]1C(=O)N(C)[C@@H](CC(C)C)C(=O)N[C@@H]1C(=O)N[C@@H](CC(C)C)C(=O)N[C@@H](CC(C)C)C(=O)N[C@@H](CC(C)C)C(=O)N[C@@H](C)C(=O)N[C@H](CC(C)C)C(=O)N2CCC[C@H]2C(=O)O[C@@H]1C,L1_11.1.1.1.1.2,5844,-6.86,10,7,Lariat,0.250032,0.17411,-31.8614,11.225,9.265,1.96,0.125202,0.0689673,11.009,9.369,1.64,38,81,,train,-0.4300000000000001,0,0.0,train,valid,valid,train,train,train,train,test,train,train,-0.45449075
5841,2021_Kelly,CC(=O)N1CCC[C@H]1C(=O)N(C)[C@@H](CC(C)C)C(=O)N[C@@H]1C(=O)N(C)[C@H](CC(C)C)C(=O)N(C)[C@H](CC(C)C)C(=O)N[C@H](CC(C)C)C(=O)N(C)[C@@H](C)C(=O)N[C@H](CC(C)C)C(=O)N2CCC[C@@H]2C(=O)O[C@@H]1C,L1_10.4.4.2.3.2,5841,-5.84,10,7,Lariat,0.142383,0.0764978,-22.6995,10.916,9.006,1.91,0.212733,0.135305,10.852,9.263,1.589,4,34,,train,0.08,1,1.0,train,valid,train,train,train,train,train,test,train,train,0.21460076
5834,2021_Kelly,CC(=O)N1CCC[C@H]1C(=O)N(C)[C@@H](CC(C)C)C(=O)N[C@@H]1C(=O)N(C)[C@H](CC(C)C)C(=O)N[C@H](CC(C)C)C(=O)N(C)[C@H](CC(C)C)C(=O)N(C)[C@H](C)C(=O)N[C@H](CC(C)C)C(=O)N2CCC[C@@H]2C(=O)O[C@@H]1C,L1_10.4.2.4.4.2,5834,-6.04,10,7,Lariat,0.179506,0.10418,-16.637,10.82,9.328,1.492,0.134306,0.0692808,10.638,9.298,1.34,42,48,,train,-0.02,0,0.0,train,valid,train,train,train,train,train,test,train,train,0.13247012
5824,2021_Kelly,CC(=O)N1CCC[C@H]1C(=O)N(C)[C@@H](CC(C)C)C(=O)N[C@@H]1C(=O)N(C)[C@H](CC(C)C)C(=O)N[C@@H](CC(C)C)C(=O)N[C@@H](CC(C)C)C(=O)N(C)[C@@H](C)C(=O)N[C@H](CC(C)C)C(=O)N2CCC[C@@H]2C(=O)O[C@@H]1C,L1_10.4.1.1.3.2,5824,-6.11,10,7,Lariat,0.163056,0.0971075,-25.3501,11.105,9.499,1.606,0.197956,0.129373,11.123,9.433,1.69,63,36,,train,-0.0550000000000001,0,0.0,train,train,train,valid,train,train,train,test,valid,train,-0.050563578
5820,2021_Kelly,CC(=O)N1CCC[C@H]1C(=O)N(C)[C@@H](CC(C)C)C(=O)N[C@@H]1C(=O)N(C)[C@@H](CC(C)C)C(=O)N(C)[C@H](CC(C)C)C(=O)N(C)[C@@H](CC(C)C)C(=O)N[C@@H](C)C(=O)N[C@H](CC(C)C)C(=O)N2CCC[C@@H]2C(=O)O[C@@H]1C,L1_10.3.4.3.1.2,5820,-5.34,10,7,Lariat,0.186613,0.105004,-19.5355,11.012,9.349,1.663,0.111867,0.0594,10.24,8.732,1.508,94,79,,val,0.33,1,1.0,valid,train,train,train,valid,train,train,test,train,test,0.05252722
5819,2021_Kelly,CC(=O)N1CCC[C@H]1C(=O)N(C)[C@@H](CC(C)C)C(=O)N[C@@H]1C(=O)N(C)[C@@H](CC(C)C)C(=O)N(C)[C@H](CC(C)C)C(=O)N[C@H](CC(C)C)C(=O)N(C)[C@H](C)C(=O)N[C@H](CC(C)C)C(=O)N2CCC[C@@H]2C(=O)O[C@@H]1C,L1_10.3.4.2.4.2,5819,-6.54,10,7,Lariat,0.143893,0.0793287,-26.293,11.072,9.46,1.612,0.148491,0.090571,11.442,9.75,1.692,12,60,,train,-0.27,0,0.0,train,train,train,train,train,valid,train,test,valid,train,0.112247765
5811,2021_Kelly,CC(=O)N1CCC[C@H]1C(=O)N(C)[C@@H](CC(C)C)C(=O)N[C@@H]1C(=O)N(C)[C@@H](CC(C)C)C(=O)N(C)[C@@H](CC(C)C)C(=O)N[C@@H](CC(C)C)C(=O)N(C)[C@H](C)C(=O)N[C@H](CC(C)C)C(=O)N2CCC[C@@H]2C(=O)O[C@@H]1C,L1_10.3.3.1.4.2,5811,-5.89,10,7,Lariat,0.162504,0.0985205,-19.5504,11.63,9.858,1.772,0.126381,0.0741237,11.389,9.656,1.733,3,4,,train,0.0550000000000001,1,1.0,train,test,valid,train,train,test,train,test,train,train,0.11370462
5808,2021_Kelly,CC(=O)N1CCC[C@H]1C(=O)N(C)[C@@H](CC(C)C)C(=O)N[C@@H]1C(=O)N(C)[C@@H](CC(C)C)C(=O)N[C@H](CC(C)C)C(=O)N(C)[C@@H](CC(C)C)C(=O)N(C)[C@H](C)C(=O)N[C@H](CC(C)C)C(=O)N2CCC[C@@H]2C(=O)O[C@@H]1C,L1_10.3.2.3.4.2,5808,-5.4,10,7,Lariat,0.246626,0.174029,-25.4044,11.46,9.689,1.771,0.136025,0.0620238,10.806,9.515,1.291,42,13,,train,0.2999999999999998,1,1.0,train,train,train,train,train,train,train,test,train,valid,0.16410539
5801,2021_Kelly,CC(=O)N1CCC[C@H]1C(=O)N(C)[C@@H](CC(C)C)C(=O)N[C@@H]1C(=O)N(C)[C@@H](CC(C)C)C(=O)N[C@@H](CC(C)C)C(=O)N[C@@H](CC(C)C)C(=O)N[C@@H](C)C(=O)N[C@H](CC(C)C)C(=O)N2CCC[C@@H]2C(=O)O[C@@H]1C,L1_10.3.1.1.1.2,5801,-9.0,10,7,Lariat,0.198262,0.121386,-37.4934,11.709,9.708,2.001,0.150669,0.0834626,11.26,9.393,1.867,34,37,,train,-1.0,0,0.0,train,train,train,train,train,train,train,test,train,train,-0.4255525
5790,2021_Kelly,CC(=O)N1CCC[C@H]1C(=O)N(C)[C@@H](CC(C)C)C(=O)N[C@@H]1C(=O)N[C@H](CC(C)C)C(=O)N[C@H](CC(C)C)C(=O)N(C)[C@H](CC(C)C)C(=O)N[C@H](C)C(=O)N[C@H](CC(C)C)C(=O)N2CCC[C@@H]2C(=O)O[C@@H]1C,L1_10.2.2.4.2.2,5790,-6.85,10,7,Lariat,0.185007,0.108404,-38.9069,11.524,9.436,2.088,0.154599,0.0835708,11.46,9.577,1.883,95,3,,test,-0.4249999999999998,0,0.0,test,train,train,train,valid,train,train,test,train,train,-0.08278188
5783,2021_Kelly,CC(=O)N1CCC[C@H]1C(=O)N(C)[C@@H](CC(C)C)C(=O)N[C@@H]1C(=O)N[C@H](CC(C)C)C(=O)N[C@@H](CC(C)C)C(=O)N(C)[C@H](CC(C)C)C(=O)N(C)[C@@H](C)C(=O)N[C@H](CC(C)C)C(=O)N2CCC[C@@H]2C(=O)O[C@@H]1C,L1_10.2.1.4.3.2,5783,-5.4,10,7,Lariat,0.118384,0.0652399,-19.4906,10.619,9.161,1.458,0.119366,0.0614512,10.786,9.393,1.393,9,72,,train,0.2999999999999998,1,1.0,train,test,train,train,train,train,valid,test,test,train,0.15205081
5782,2021_Kelly,CC(=O)N1CCC[C@H]1C(=O)N(C)[C@@H](CC(C)C)C(=O)N[C@@H]1C(=O)N[C@H](CC(C)C)C(=O)N[C@@H](CC(C)C)C(=O)N(C)[C@H](CC(C)C)C(=O)N[C@H](C)C(=O)N[C@H](CC(C)C)C(=O)N2CCC[C@@H]2C(=O)O[C@@H]1C,L1_10.2.1.4.2.2,5782,-6.41,10,7,Lariat,0.268775,0.170619,-36.6197,11.169,9.383,1.786,0.175405,0.108503,11.349,9.823,1.526,55,22,,train,-0.205,0,0.0,train,train,valid,valid,train,train,train,test,train,valid,-0.021879531
5780,2021_Kelly,CC(=O)N1CCC[C@H]1C(=O)N(C)[C@@H](CC(C)C)C(=O)N[C@@H]1C(=O)N[C@H](CC(C)C)C(=O)N[C@@H](CC(C)C)C(=O)N[C@H](CC(C)C)C(=O)N(C)[C@H](C)C(=O)N[C@H](CC(C)C)C(=O)N2CCC[C@@H]2C(=O)O[C@@H]1C,L1_10.2.1.2.4.2,5780,-7.16,10,7,Lariat,0.137377,0.077802,-34.9044,11.206,9.252,1.954,0.15155,0.0863627,11.387,9.411,1.976,72,92,,train,-0.5800000000000001,0,0.0,train,train,train,test,train,train,train,test,train,train,-0.03926679
5771,2021_Kelly,CC(=O)N1CCC[C@H]1C(=O)N(C)[C@@H](CC(C)C)C(=O)N[C@@H]1C(=O)N[C@@H](CC(C)C)C(=O)N[C@H](CC(C)C)C(=O)N[C@H](CC(C)C)C(=O)N[C@H](C)C(=O)N[C@H](CC(C)C)C(=O)N2CCC[C@@H]2C(=O)O[C@@H]1C,L1_10.1.2.2.2.2,5771,-7.2,10,7,Lariat,0.102138,0.0541259,-14.7968,9.671,8.079,1.592,0.115665,0.0585341,9.757,8.339,1.418,25,94,,test,-0.6000000000000001,0,0.0,test,train,valid,train,train,train,train,test,test,train,-0.50433415
5763,2021_Kelly,CC(=O)N1CCC[C@H]1C(=O)N(C)[C@@H](CC(C)C)C(=O)N[C@@H]1C(=O)N(C)[C@H](CC(C)C)C(=O)N(C)[C@H](CC(C)C)C(=O)N(C)[C@H](CC(C)C)C(=O)N(C)[C@H](C)C(=O)N[C@@H](CC(C)C)C(=O)N2CCC[C@H]2C(=O)O[C@@H]1C,L1_1.4.4.4.4.1,5763,-5.19,10,7,Lariat,0.100803,0.0434641,-12.0388,10.41,9.094,1.316,0.100203,0.0442364,10.291,9.044,1.247,65,54,,train,0.4049999999999998,1,1.0,train,train,train,train,test,train,valid,test,valid,train,0.3030889
5747,2021_Kelly,CC(=O)N1CCC[C@H]1C(=O)N(C)[C@@H](CC(C)C)C(=O)N[C@@H]1C(=O)N(C)[C@H](CC(C)C)C(=O)N[C@H](CC(C)C)C(=O)N[C@@H](CC(C)C)C(=O)N(C)[C@@H](C)C(=O)N[C@@H](CC(C)C)C(=O)N2CCC[C@H]2C(=O)O[C@@H]1C,L1_1.4.2.1.3.1,5747,-6.45,10,7,Lariat,0.136448,0.0736696,-24.937,11.137,9.414,1.723,0.130301,0.0805862,11.045,9.408,1.637,68,61,,train,-0.2250000000000001,0,0.0,train,train,train,test,train,train,valid,test,train,valid,-0.031383645
5738,2021_Kelly,CC(=O)N1CCC[C@H]1C(=O)N(C)[C@@H](CC(C)C)C(=O)N[C@@H]1C(=O)N(C)[C@@H](CC(C)C)C(=O)N(C)[C@@H](CC(C)C)C(=O)N(C)[C@H](CC(C)C)C(=O)N(C)[C@@H](C)C(=O)N[C@@H](CC(C)C)C(=O)N2CCC[C@H]2C(=O)O[C@@H]1C,L1_1.3.3.4.3.1,5738,-5.29,10,7,Lariat,0.175362,0.105783,-24.7854,11.508,9.536,1.972,0.338004,0.262939,11.084,9.586,1.498,31,22,,train,0.355,1,1.0,train,train,train,test,train,train,train,test,valid,train,0.25008133
5734,2021_Kelly,CC(=O)N1CCC[C@H]1C(=O)N(C)[C@@H](CC(C)C)C(=O)N[C@@H]1C(=O)N(C)[C@@H](CC(C)C)C(=O)N[C@H](CC(C)C)C(=O)N(C)[C@H](CC(C)C)C(=O)N[C@@H](C)C(=O)N[C@@H](CC(C)C)C(=O)N2CCC[C@H]2C(=O)O[C@@H]1C,L1_1.3.2.4.1.1,5734,-6.23,10,7,Lariat,0.189167,0.117855,-38.9267,12.2,10.073,2.127,0.215766,0.142536,11.622,9.821,1.801,27,99,,train,-0.1150000000000002,0,0.0,train,test,train,valid,valid,train,train,test,train,valid,-0.047837395
5725,2021_Kelly,CC(=O)N1CCC[C@H]1C(=O)N(C)[C@@H](CC(C)C)C(=O)N[C@@H]1C(=O)N(C)[C@@H](CC(C)C)C(=O)N[C@@H](CC(C)C)C(=O)N[C@H](CC(C)C)C(=O)N(C)[C@@H](C)C(=O)N[C@@H](CC(C)C)C(=O)N2CCC[C@H]2C(=O)O[C@@H]1C,L1_1.3.1.2.3.1,5725,-5.25,10,7,Lariat,0.229847,0.150216,-35.002,11.594,9.393,2.201,0.196227,0.124961,11.805,9.917,1.888,34,23,,train,0.375,1,1.0,train,valid,train,test,test,train,train,test,train,train,-0.022407778
5712,2021_Kelly,CC(=O)N1CCC[C@H]1C(=O)N(C)[C@@H](CC(C)C)C(=O)N[C@@H]1C(=O)N[C@H](CC(C)C)C(=O)N(C)[C@@H](CC(C)C)C(=O)N[C@@H](CC(C)C)C(=O)N(C)[C@@H](C)C(=O)N[C@@H](CC(C)C)C(=O)N2CCC[C@H]2C(=O)O[C@@H]1C,L1_1.2.3.1.3.1,5712,-5.96,10,7,Lariat,0.155328,0.100608,-26.196,11.202,9.608,1.594,0.159533,0.098388,11.836,9.965,1.871,29,75,,train,0.02,1,1.0,train,test,train,train,train,train,train,test,train,test,0.23663223
5705,2021_Kelly,CC(=O)N1CCC[C@H]1C(=O)N(C)[C@@H](CC(C)C)C(=O)N[C@@H]1C(=O)N[C@H](CC(C)C)C(=O)N[C@H](CC(C)C)C(=O)N(C)[C@@H](CC(C)C)C(=O)N[C@@H](C)C(=O)N[C@@H](CC(C)C)C(=O)N2CCC[C@H]2C(=O)O[C@@H]1C,L1_1.2.2.3.1.1,5705,-6.09,10,7,Lariat,0.236407,0.157354,-27.3529,11.294,9.37,1.924,0.165734,0.1043,11.44,9.651,1.789,43,2,,train,-0.0449999999999999,0,0.0,train,train,train,train,valid,train,train,test,train,train,0.0015554652
5591,2020_Townsend,CC(C)C[C@H]1C(=O)N2CCC[C@@H]2C(=O)N(C)[C@H](CC(C)C)C(=O)N[C@@H](Cc2ccccc2)C(=O)N2CCC[C@H]2C(=O)N(C)[C@@H](C)C(=O)N(Cc2ccccc2)CC(=O)N1C,hepta_2014,5591,-10.0,7,7,Circle,0.150226,0.0420687,-33.6632,9.176,8.028,1.148,0.138476,0.0413209,9.238,8.179,1.059,26,25,,train,-1.0,0,0.0,train,train,train,valid,test,train,train,test,train,train,0.2421839
5576,2020_Townsend,CC(C)C[C@H]1C(=O)N2CCC[C@@H]2C(=O)N[C@H](CC(C)C)C(=O)N[C@@H](Cc2ccccc2)C(=O)N2CCC[C@H]2C(=O)N(C)[C@@H](C)C(=O)N(Cc2ccccc2)CC(=O)N1C,hepta_1999,5576,-10.0,7,7,Circle,0.164124,0.0388506,-35.0756,9.253,8.071,1.182,0.143722,0.0449244,9.152,8.012,1.14,57,51,,train,-1.0,0,0.0,train,test,valid,valid,valid,test,test,test,train,test,-0.15913033
5564,2020_Townsend,CC(C)C[C@@H]1NC(=O)[C@@H](CC(C)C)NC(=O)[C@H](C)N(C)C(=O)[C@@H]2CCCN2C(=O)[C@H](Cc2ccccc2)NC(=O)CN(Cc2ccccc2)C(=O)[C@H]2CCCN2C1=O,hepta_1987,5564,-10.0,7,7,Circle,0.265589,0.127621,-35.5978,9.181,7.965,1.216,0.21844,0.0951669,8.894,7.784,1.11,39,4,,train,-1.0,0,0.0,train,train,train,train,train,train,train,test,test,train,-0.033055644
5551,2020_Townsend,CC(C)C[C@@H]1NC(=O)[C@H](C)N(C)C(=O)[C@@H]2CCCN2C(=O)[C@H](Cc2ccccc2)NC(=O)[C@H](CC(C)C)N(C)C(=O)[C@H]2CCCN2C(=O)[C@@H](CC(C)C)NC1=O,hepta_1974,5551,-5.47,7,7,Circle,0.140185,0.0495947,-23.7782,8.926,7.561,1.365,0.12775,0.0455628,8.798,7.567,1.231,52,21,,train,0.2650000000000001,1,1.0,train,train,train,train,train,train,valid,test,test,train,0.06337339
5517,2020_Townsend,C[C@@H]1NC(=O)[C@@H]2CCCN2C(=O)[C@H](Cc2ccccc2)NC(=O)CN(Cc2ccccc2)C(=O)[C@@H]2CCCN2C(=O)C[C@H](Cc2ccccc2)NC(=O)CN(Cc2ccccc2)C1=O,hepta_1940,5517,-6.41,7,7,Circle,0.15328,0.0458808,-35.0385,9.012,7.708,1.304,0.156275,0.0387925,8.97,7.66,1.31,88,21,,train,-0.205,0,0.0,train,valid,test,valid,train,train,train,test,train,train,-0.049205486
5512,2020_Townsend,CC(C)C[C@H]1C(=O)N[C@@H](Cc2ccccc2)CC(=O)N2CCC[C@H]2C(=O)N(C)[C@@H](CC(C)C)C(=O)N[C@@H](Cc2ccccc2)C(=O)N2CCC[C@H]2C(=O)N[C@@H](C)C(=O)N1C,hepta_1935,5512,-5.78,7,7,Circle,0.137119,0.0486284,-27.5748,9.24,7.89,1.35,0.168962,0.0738765,9.363,8.094,1.269,63,69,,train,0.1099999999999998,1,1.0,train,train,test,train,valid,train,train,test,valid,train,0.1766448
5486,2020_Townsend,CC(C)C[C@@H]1NC(=O)[C@H](C)NC(=O)[C@@H]2CCCN2C(=O)[C@H](Cc2ccccc2)NC(=O)[C@@H](CC(C)C)N(C)C(=O)[C@@H]2CCCN2C(=O)CN(Cc2ccccc2)C1=O,hepta_1909,5486,-5.94,7,7,Circle,0.164211,0.0526978,-27.7976,9.013,7.928,1.085,0.11957,0.0357134,9.107,7.969,1.138,7,61,,test,0.0299999999999998,1,1.0,test,train,train,train,train,train,train,test,train,valid,-0.0050808266
5481,2020_Townsend,CC(C)C[C@H]1C(=O)N(C)[C@H](CC(C)C)C(=O)N2CCC[C@H]2C(=O)N(C)[C@@H](CC(C)C)C(=O)N[C@@H](Cc2ccccc2)C(=O)N2CCC[C@H]2C(=O)N[C@@H](C)C(=O)N1C,hepta_1904,5481,-5.02,7,7,Circle,0.135768,0.0595324,-24.6796,9.18,7.981,1.199,0.1536,0.051329,9.233,8.029,1.204,76,68,,test,0.4900000000000002,1,1.0,test,train,train,train,train,train,train,test,train,train,0.27001792
5480,2020_Townsend,CC(C)C[C@H]1NC(=O)[C@@H]2CCCN2C(=O)CN(Cc2ccccc2)C(=O)[C@@H](CC(C)C)N(C)C(=O)[C@H](C)NC(=O)[C@@H]2CCCN2C(=O)[C@H](Cc2ccccc2)NC1=O,hepta_1903,5480,-5.9,7,7,Circle,0.136325,0.0478687,-33.2976,9.255,8.03,1.225,0.161052,0.0552945,8.644,7.379,1.265,63,93,,train,0.0499999999999998,1,1.0,train,valid,train,train,train,train,valid,test,test,train,-0.097381055
5479,2020_Townsend,CC(C)C[C@H]1NC(=O)[C@@H](CC(C)C)N(C)C(=O)[C@H](C)NC(=O)[C@@H]2CCCN2C(=O)[C@H](Cc2ccccc2)NC(=O)CN(Cc2ccccc2)C(=O)[C@@H]2CCCN2C1=O,hepta_1902,5479,-6.03,7,7,Circle,0.18244,0.0702085,-32.8264,9.279,8.021,1.258,0.15673,0.0486378,9.167,7.746,1.421,94,52,,test,-0.0150000000000001,0,0.0,test,train,valid,train,train,train,test,test,train,train,0.1420934
5473,2020_Townsend,CC(C)C[C@@H]1NC(=O)[C@H](C)NC(=O)[C@@H]2CCCN2C(=O)[C@H](Cc2ccccc2)NC(=O)CN(Cc2ccccc2)C(=O)[C@@H]2CCCN2C(=O)[C@H](CC(C)C)NC1=O,hepta_1896,5473,-5.6,7,7,Circle,0.127134,0.0540628,-39.8925,8.875,7.366,1.509,0.120168,0.0330862,8.527,7.226,1.301,65,19,,val,0.2000000000000001,1,1.0,valid,train,train,train,train,train,test,test,train,train,-0.17861122
5461,2020_Townsend,CC(C)C[C@@H]1NC(=O)[C@H](C)NC(=O)[C@@H]2CCCN2C(=O)[C@H](Cc2ccccc2)NC(=O)[C@H](CC(C)C)N(C)C(=O)[C@@H]2CCCN2C(=O)[C@@H](CC(C)C)N(C)C1=O,hepta_1884,5461,-6.74,7,7,Circle,0.151482,0.0539091,-33.6093,9.084,7.782,1.302,0.150965,0.0651363,9.038,7.697,1.341,100,35,,train,-0.3700000000000001,0,0.0,train,train,train,valid,valid,train,train,test,train,valid,0.04788107
5456,2020_Townsend,CC(C)C[C@H]1C(=O)N[C@H](CC(C)C)C(=O)N2CCC[C@H]2C(=O)N(C)[C@H](CC(C)C)C(=O)N[C@@H](Cc2ccccc2)C(=O)N2CCC[C@H]2C(=O)N[C@@H](C)C(=O)N1C,hepta_1879,5456,-5.06,7,7,Circle,0.122539,0.0603774,-35.556,9.171,7.872,1.299,0.139363,0.0576833,9.23,7.824,1.406,55,47,,train,0.4700000000000002,1,1.0,train,train,train,train,train,train,train,test,train,train,0.19815181
5443,2020_Townsend,CC(C)C[C@@H]1NC(=O)[C@H](C)NC(=O)[C@@H]2CCCN2C(=O)[C@H](Cc2ccccc2)NC(=O)[C@@H](CC(C)C)N(C)C(=O)[C@@H]2CCCN2C(=O)[C@@H](CC(C)C)NC1=O,hepta_1866,5443,-5.83,7,7,Circle,0.163446,0.0619961,-23.0811,8.646,7.456,1.19,0.13492,0.0555812,8.656,7.497,1.159,27,71,,train,0.0849999999999999,1,1.0,train,train,valid,train,valid,train,train,test,train,train,-0.013772793
5423,2020_Townsend,CC(C)C[C@@H]1NC(=O)C[C@H](Cc2ccccc2)NC(=O)[C@@H]2CCCN2C(=O)[C@H](Cc2ccccc2)NC(=O)CN(Cc2ccccc2)C(=O)[C@H]2CCCN2C(=O)C[C@H](Cc2ccccc2)NC1=O,hepta_1846,5423,-10.0,7,7,Circle,0.183322,0.0458367,-30.5679,9.799,8.789,1.01,0.160528,0.0376353,9.946,8.98,0.966,7,94,,train,-1.0,0,0.0,train,train,test,train,train,train,train,test,train,test,0.036648273
5411,2020_Townsend,CC(C)C[C@H]1C(=O)N(Cc2ccccc2)CC(=O)N2CCC[C@@H]2C(=O)N(C)[C@H](CC(C)C)C(=O)N[C@@H](Cc2ccccc2)C(=O)N2CCC[C@H]2C(=O)N[C@@H](Cc2ccccc2)CC(=O)N1C,hepta_1834,5411,-5.65,7,7,Circle,0.170099,0.0512924,-28.2534,9.592,8.395,1.197,0.163651,0.0422592,9.456,8.369,1.087,11,11,,train,0.1749999999999998,1,1.0,train,train,train,train,train,train,train,test,train,test,0.07748471
5401,2020_Townsend,CC(C)C[C@H]1C(=O)N[C@@H](Cc2ccccc2)C(=O)N2CCC[C@H]2C(=O)N[C@@H](Cc2ccccc2)CC(=O)N(Cc2ccccc2)CC(=O)N[C@H](CC(C)C)C(=O)N2CCC[C@@H]2C(=O)N1C,hepta_1824,5401,-5.6,7,7,Circle,0.190095,0.0664165,-25.6554,9.649,8.517,1.132,0.155854,0.0523008,9.749,8.597,1.152,14,60,,train,0.2000000000000001,1,1.0,train,train,train,test,train,train,train,test,train,train,0.07569301
5389,2020_Townsend,CC(C)C[C@H]1C(=O)N(C)[C@H](CC(C)C)C(=O)N2CCC[C@@H]2C(=O)N(C)[C@H](CC(C)C)C(=O)N[C@@H](Cc2ccccc2)C(=O)N2CCC[C@H]2C(=O)N[C@@H](Cc2ccccc2)CC(=O)N1C,hepta_1812,5389,-5.62,7,7,Circle,0.150867,0.0435022,-23.1693,9.613,8.52,1.093,0.181058,0.051914,10.011,8.976,1.035,75,83,,train,0.1899999999999999,1,1.0,train,train,train,train,train,train,valid,test,train,train,0.2939073
5378,2020_Townsend,CC(C)C[C@@H]1NC(=O)[C@H](CC(C)C)N(C)C(=O)C[C@H](Cc2ccccc2)NC(=O)[C@@H]2CCCN2C(=O)[C@H](Cc2ccccc2)NC(=O)[C@@H](CC(C)C)N(C)C(=O)[C@H]2CCCN2C1=O,hepta_1801,5378,-5.56,7,7,Circle,0.199876,0.0634684,-30.7893,10.654,9.408,1.246,0.194046,0.0459315,9.871,8.613,1.258,16,43,,train,0.2200000000000002,1,1.0,train,train,train,train,train,train,test,test,valid,train,0.27433905
5358,2020_Townsend,CC(C)C[C@@H]1NC(=O)C[C@H](Cc2ccccc2)NC(=O)[C@@H]2CCCN2C(=O)[C@H](Cc2ccccc2)NC(=O)[C@@H](CC(C)C)NC(=O)[C@H]2CCCN2C(=O)[C@@H](CC(C)C)N(C)C1=O,hepta_1781,5358,-5.49,7,7,Circle,0.179295,0.0576558,-30.8683,10.082,8.793,1.289,0.200733,0.0769268,9.542,8.333,1.209,94,41,,train,0.2549999999999999,1,1.0,train,train,train,train,valid,train,train,test,train,train,0.19839233
5332,2020_Townsend,CCCN1CC(=O)N[C@H](CC(C)C)C(=O)N(Cc2ccccc2)CC(=O)N2CCC[C@H]2C(=O)N(Cc2ccccc2)CC(=O)N[C@@H](Cc2ccccc2)C(=O)N2CCC[C@H]2C1=O,hepta_1755,5332,-5.81,7,7,Circle,0.181049,0.0667518,-32.5261,9.201,8.041,1.16,0.148901,0.0550065,9.104,8.031,1.073,13,73,,test,0.0950000000000002,1,1.0,test,train,train,valid,train,valid,train,test,train,valid,0.06482776
5323,2020_Townsend,CCCN1CC(=O)N(Cc2ccccc2)CC(=O)N[C@@H](CC(C)C)C(=O)N2CCC[C@H]2C(=O)N(C)[C@@H](CC(C)C)C(=O)N[C@@H](Cc2ccccc2)C(=O)N2CCC[C@H]2C1=O,hepta_1746,5323,-5.37,7,7,Circle,0.1604,0.0596112,-40.0482,9.755,8.515,1.24,0.136815,0.0381532,8.778,7.725,1.053,95,37,,train,0.3149999999999999,1,1.0,train,train,train,train,train,valid,train,test,train,train,0.11950801
5316,2020_Townsend,CCCN1CC(=O)N(Cc2ccccc2)CC(=O)N[C@H](CC(C)C)C(=O)N2CCC[C@H]2C(=O)N(C)[C@@H](CC(C)C)C(=O)N[C@@H](Cc2ccccc2)C(=O)N2CCC[C@H]2C1=O,hepta_1739,5316,-5.4,7,7,Circle,0.175273,0.0847956,-31.3185,9.339,8.128,1.211,0.119724,0.0380929,8.724,7.694,1.03,59,61,,val,0.2999999999999998,1,1.0,valid,train,train,train,train,train,train,test,train,train,0.08540432
5311,2020_Townsend,CCCN1CC(=O)N(C)[C@H](CC(C)C)C(=O)N(C)[C@@H](CC(C)C)C(=O)N2CCC[C@H]2C(=O)N(C)[C@@H](CC(C)C)C(=O)N[C@@H](Cc2ccccc2)C(=O)N2CCC[C@H]2C1=O,hepta_1734,5311,-5.08,7,7,Circle,0.114878,0.0382068,-21.4394,9.576,8.602,0.974,0.131383,0.0453259,9.552,8.597,0.955,97,11,,test,0.4599999999999999,1,1.0,test,train,train,train,train,train,train,test,valid,train,0.38595313
5306,2020_Townsend,CCCN1CC(=O)N(C)[C@H](CC(C)C)C(=O)N(C)[C@@H](CC(C)C)C(=O)N2CCC[C@H]2C(=O)N(C)[C@H](CC(C)C)C(=O)N[C@@H](Cc2ccccc2)C(=O)N2CCC[C@H]2C1=O,hepta_1729,5306,-5.41,7,7,Circle,0.134434,0.0483765,-20.7498,9.712,8.729,0.983,0.143855,0.0357365,9.034,8.085,0.949,7,54,,train,0.2949999999999999,1,1.0,train,valid,train,train,train,train,train,test,train,train,0.3953031
5288,2020_Townsend,CCCN1CC(=O)N(C)[C@H](CC(C)C)C(=O)N[C@H](CC(C)C)C(=O)N2CCC[C@H]2C(=O)N(C)[C@@H](CC(C)C)C(=O)N[C@@H](Cc2ccccc2)C(=O)N2CCC[C@H]2C1=O,hepta_1711,5288,-4.96,7,7,Circle,0.144356,0.0491572,-19.0092,9.223,8.177,1.046,0.140923,0.0408512,9.18,8.125,1.055,41,75,,train,0.52,1,1.0,train,train,train,train,test,train,test,test,train,train,0.33353373
5283,2020_Townsend,CCCN1CC(=O)N(C)[C@H](CC(C)C)C(=O)N[C@H](CC(C)C)C(=O)N2CCC[C@H]2C(=O)N(C)[C@H](CC(C)C)C(=O)N[C@@H](Cc2ccccc2)C(=O)N2CCC[C@H]2C1=O,hepta_1706,5283,-5.04,7,7,Circle,0.23477,0.111902,-30.7365,9.23,7.959,1.271,0.180259,0.0852825,8.787,7.833,0.954,33,60,,train,0.48,1,1.0,train,train,train,train,train,train,train,test,train,train,0.3243625
5267,2020_Townsend,CCCN1CC(=O)N(C)[C@@H](CC(C)C)C(=O)N[C@H](CC(C)C)C(=O)N2CCC[C@H]2C(=O)N[C@H](CC(C)C)C(=O)N[C@@H](Cc2ccccc2)C(=O)N2CCC[C@H]2C1=O,hepta_1690,5267,-5.89,7,7,Circle,0.124149,0.0469277,-28.7581,9.487,8.309,1.178,0.132952,0.046163,9.114,8.068,1.046,49,21,,train,0.0550000000000001,1,1.0,train,train,train,train,valid,train,train,test,train,train,0.024679
5230,2020_Townsend,CC(C)C[C@H]1C(=O)N(Cc2ccccc2)CC(=O)N2CCC[C@H]2C(=O)N[C@H](CC(C)C)C(=O)N[C@@H](Cc2ccccc2)C(=O)N2CCC[C@H]2C(=O)N[C@@H](Cc2ccccc2)CC(=O)N1C,hepta_1653,5230,-5.85,7,7,Circle,0.149636,0.0515433,-36.0359,10.268,8.942,1.326,0.162158,0.0515117,10.023,9.054,0.969,70,51,,train,0.0750000000000001,1,1.0,train,train,valid,train,valid,train,train,test,train,train,-0.009793781
5218,2020_Townsend,CC(C)C[C@@H]1NC(=O)C[C@H](Cc2ccccc2)NC(=O)[C@@H]2CCCN2C(=O)[C@H](Cc2ccccc2)NC(=O)[C@H](CC(C)C)N(C)C(=O)[C@@H]2CCCN2C(=O)[C@H](CC(C)C)N(C)C1=O,hepta_1641,5218,-5.28,7,7,Circle,0.116171,0.0445362,-36.1039,10.282,8.998,1.284,0.323135,0.170613,9.508,8.548,0.96,77,75,,train,0.3599999999999999,1,1.0,train,train,test,train,test,train,train,test,test,train,0.2470053
5212,2020_Townsend,CC(C)C[C@H]1C(=O)N[C@@H](Cc2ccccc2)C(=O)N2CCC[C@H]2C(=O)N[C@@H](Cc2ccccc2)CC(=O)N[C@H](CC(C)C)C(=O)N(C)[C@@H](CC(C)C)C(=O)N2CCC[C@H]2C(=O)N1C,hepta_1635,5212,-5.84,7,7,Circle,0.189864,0.069065,-28.212,9.57,8.322,1.248,0.167419,0.0617446,9.428,8.395,1.033,12,46,,train,0.08,1,1.0,train,train,train,test,train,train,train,test,train,train,0.16440567
5201,2020_Townsend,CC(C)C[C@@H]1NC(=O)[C@@H](CC(C)C)N(C)C(=O)C[C@H](Cc2ccccc2)NC(=O)[C@@H]2CCCN2C(=O)[C@H](Cc2ccccc2)NC(=O)[C@@H](CC(C)C)N(C)C(=O)[C@@H]2CCCN2C1=O,hepta_1624,5201,-5.3,7,7,Circle,0.182157,0.048638,-34.0622,10.243,8.956,1.287,0.141529,0.0395326,9.705,8.527,1.178,16,13,,train,0.3500000000000001,1,1.0,train,train,train,train,train,train,train,test,train,train,0.27970248
5197,2020_Townsend,CC(C)C[C@@H]1NC(=O)[C@@H]2CCCN2C(=O)[C@H](CC(C)C)N(C)C(=O)[C@H](CC(C)C)NC(=O)C[C@H](Cc2ccccc2)NC(=O)[C@@H]2CCCN2C(=O)[C@H](Cc2ccccc2)NC1=O,hepta_1620,5197,-6.3,7,7,Circle,0.168364,0.067162,-24.6658,10.163,8.836,1.327,0.160177,0.0504807,9.955,8.766,1.189,90,37,,train,-0.1499999999999999,0,0.0,train,train,test,test,train,train,train,test,train,train,0.16357411
5195,2020_Townsend,CC(C)C[C@@H]1NC(=O)[C@@H]2CCCN2C(=O)[C@@H](CC(C)C)N(C)C(=O)[C@H](CC(C)C)NC(=O)C[C@H](Cc2ccccc2)NC(=O)[C@@H]2CCCN2C(=O)[C@H](Cc2ccccc2)NC1=O,hepta_1618,5195,-5.33,7,7,Circle,0.124676,0.0476887,-41.4457,10.202,8.787,1.415,0.153754,0.0412778,9.412,8.265,1.147,36,81,,train,0.3349999999999999,1,1.0,train,train,train,train,train,train,train,test,train,train,0.23257776
5180,2020_Townsend,CC(C)C[C@@H]1NC(=O)C[C@H](Cc2ccccc2)NC(=O)[C@@H]2CCCN2C(=O)[C@H](Cc2ccccc2)NC(=O)[C@H](CC(C)C)NC(=O)[C@@H]2CCCN2C(=O)[C@@H](CC(C)C)NC1=O,hepta_1603,5180,-6.29,7,7,Circle,0.166318,0.0539682,-27.6837,9.743,8.433,1.31,0.227576,0.0798357,9.442,8.222,1.22,26,84,,train,-0.145,0,0.0,train,train,train,valid,valid,train,train,test,train,train,0.1764684
5175,2020_Townsend,CC(C)C[C@H]1NC(=O)C[C@H](Cc2ccccc2)NC(=O)[C@@H]2CCCN2C(=O)[C@H](Cc2ccccc2)NC(=O)[C@@H](CC(C)C)NC(=O)[C@@H]2CCCN2C(=O)[C@@H](CC(C)C)NC1=O,hepta_1598,5175,-5.78,7,7,Circle,0.167758,0.0500364,-41.0236,10.036,8.534,1.502,0.162014,0.0475821,9.469,8.323,1.146,19,39,,train,0.1099999999999998,1,1.0,train,train,train,valid,train,train,train,test,train,train,0.15144911
5158,2020_Townsend,CCCN1CC(=O)N(C)[C@H](CC(C)C)C(=O)N(Cc2ccccc2)CC(=O)N2CCC[C@@H]2C(=O)N(C)[C@@H](CC(C)C)C(=O)N[C@@H](Cc2ccccc2)C(=O)N2CCC[C@@H]2C1=O,hepta_1581,5158,-5.67,7,7,Circle,0.152616,0.0462516,-23.1906,9.561,8.444,1.117,0.147484,0.0451013,9.05,8.006,1.044,21,36,,train,0.165,1,1.0,train,train,train,train,train,train,valid,test,train,train,0.2708852
5153,2020_Townsend,CCCN1CC(=O)N[C@H](CC(C)C)C(=O)N[C@@H](Cc2ccccc2)CC(=O)N2CCC[C@@H]2C(=O)N(C)[C@H](CC(C)C)C(=O)N[C@@H](Cc2ccccc2)C(=O)N2CCC[C@@H]2C1=O,hepta_1576,5153,-5.48,7,7,Circle,0.208411,0.0876859,-22.707,9.392,8.297,1.095,0.177159,0.0625948,9.772,8.552,1.22,13,62,,train,0.2599999999999998,1,1.0,train,train,test,test,train,train,train,test,train,train,0.084217295
5128,2020_Townsend,CCCN1CC(=O)N(C)[C@@H](CC(C)C)C(=O)N(C)[C@H](CC(C)C)C(=O)N2CCC[C@@H]2C(=O)N(C)[C@H](CC(C)C)C(=O)N[C@@H](Cc2ccccc2)C(=O)N2CCC[C@@H]2C1=O,hepta_1551,5128,-5.29,7,7,Circle,0.156671,0.0611184,-25.5196,9.764,8.545,1.219,0.114887,0.0382833,9.505,8.483,1.022,55,65,,train,0.355,1,1.0,train,valid,valid,train,train,train,train,test,train,train,0.34826365
5099,2020_Townsend,CCCN1CC(=O)N[C@@H](CC(C)C)C(=O)N[C@H](CC(C)C)C(=O)N2CCC[C@@H]2C(=O)N(C)[C@@H](CC(C)C)C(=O)N[C@@H](Cc2ccccc2)C(=O)N2CCC[C@@H]2C1=O,hepta_1522,5099,-5.34,7,7,Circle,0.125396,0.0446956,-17.4984,9.018,7.93,1.088,0.109513,0.0390085,8.896,7.794,1.102,54,81,,train,0.33,1,1.0,train,train,train,train,train,train,train,test,train,train,0.22388697
5092,2020_Townsend,CCCN1CC(=O)N[C@@H](CC(C)C)C(=O)N(C)[C@H](CC(C)C)C(=O)N2CCC[C@@H]2C(=O)N[C@H](CC(C)C)C(=O)N[C@@H](Cc2ccccc2)C(=O)N2CCC[C@@H]2C1=O,hepta_1515,5092,-5.33,7,7,Circle,0.191722,0.0837336,-36.7026,9.577,8.368,1.209,0.132357,0.0562895,9.358,8.151,1.207,44,37,,train,0.3349999999999999,1,1.0,train,train,train,train,train,train,train,test,train,train,0.14327382
5089,2020_Townsend,CCCN1CC(=O)N(C)[C@H](CC(C)C)C(=O)N[C@H](CC(C)C)C(=O)N2CCC[C@@H]2C(=O)N[C@H](CC(C)C)C(=O)N[C@@H](Cc2ccccc2)C(=O)N2CCC[C@@H]2C1=O,hepta_1512,5089,-5.65,7,7,Circle,0.184741,0.0731082,-28.9242,9.378,8.118,1.26,0.0973541,0.038295,9.09,8.04,1.05,81,47,,train,0.1749999999999998,1,1.0,train,train,train,valid,train,train,train,test,train,test,0.16079313
5065,2020_Townsend,CC(C)C[C@H]1C(=O)N(Cc2ccccc2)CC(=O)N2CCC[C@@H]2C(=O)N(C)[C@H](CC(C)C)C(=O)N[C@@H](Cc2ccccc2)C(=O)N2CCC[C@@H]2C(=O)N[C@@H](Cc2ccccc2)CC(=O)N1C,hepta_1488,5065,-5.43,7,7,Circle,0.208236,0.0640858,-27.9921,9.727,8.426,1.301,0.160522,0.0428393,9.684,8.376,1.308,49,50,,test,0.2850000000000001,1,1.0,test,train,valid,train,train,train,train,test,train,train,0.11497764
5041,2020_Townsend,CC(C)C[C@@H]1NC(=O)[C@H]2CCCN2C(=O)CN(Cc2ccccc2)C(=O)[C@H](CC(C)C)NC(=O)C[C@H](Cc2ccccc2)NC(=O)[C@H]2CCCN2C(=O)[C@H](Cc2ccccc2)NC1=O,hepta_1464,5041,-6.27,7,7,Circle,0.217775,0.0780032,-32.0106,9.699,8.623,1.076,0.153795,0.0392718,9.655,8.363,1.292,46,90,,train,-0.1349999999999998,0,0.0,train,train,train,train,train,train,valid,test,train,train,0.007485576
5038,2020_Townsend,CC(C)C[C@@H]1NC(=O)C[C@H](Cc2ccccc2)NC(=O)[C@H]2CCCN2C(=O)[C@H](Cc2ccccc2)NC(=O)[C@@H](CC(C)C)NC(=O)[C@H]2CCCN2C(=O)CN(Cc2ccccc2)C1=O,hepta_1461,5038,-5.75,7,7,Circle,0.173596,0.0435155,-26.352,9.307,8.203,1.104,0.189064,0.0529532,9.7,8.562,1.138,53,25,,val,0.125,1,1.0,valid,train,train,train,train,valid,train,test,train,valid,0.06915125
5031,2020_Townsend,CC(C)C[C@@H]1NC(=O)C[C@H](Cc2ccccc2)NC(=O)[C@H]2CCCN2C(=O)[C@H](Cc2ccccc2)NC(=O)[C@@H](CC(C)C)N(C)C(=O)[C@H]2CCCN2C(=O)[C@H](CC(C)C)N(C)C1=O,hepta_1454,5031,-5.78,7,7,Circle,0.167621,0.0575437,-22.2743,9.459,8.244,1.215,0.192036,0.0552092,9.81,8.691,1.119,95,96,,train,0.1099999999999998,1,1.0,train,train,train,train,train,train,train,test,train,train,0.23556578
5029,2020_Townsend,CC(C)C[C@H]1NC(=O)C[C@H](Cc2ccccc2)NC(=O)[C@H]2CCCN2C(=O)[C@H](Cc2ccccc2)NC(=O)CN(Cc2ccccc2)C(=O)[C@H]2CCCN2C(=O)[C@@H](CC(C)C)NC1=O,hepta_1452,5029,-6.25,7,7,Circle,0.172713,0.0606945,-46.1633,10.024,8.559,1.465,0.185254,0.0553873,9.628,8.442,1.186,96,50,,train,-0.125,0,0.0,train,train,train,train,train,train,train,test,valid,test,0.09111762
5027,2020_Townsend,CC(C)C[C@H]1C(=O)N2CCC[C@@H]2C(=O)N(C)[C@H](CC(C)C)C(=O)N[C@@H](Cc2ccccc2)C(=O)N2CCC[C@@H]2C(=O)N[C@@H](Cc2ccccc2)CC(=O)N[C@H](CC(C)C)C(=O)N1C,hepta_1450,5027,-5.26,7,7,Circle,0.179393,0.0513853,-33.4757,10.233,8.814,1.419,0.157575,0.0443673,9.922,8.823,1.099,21,73,,val,0.3700000000000001,1,1.0,valid,train,train,train,valid,train,train,test,train,train,0.08952597
5009,2020_Townsend,CC(C)C[C@H]1C(=O)N[C@@H](Cc2ccccc2)C(=O)N2CCC[C@@H]2C(=O)N[C@@H](Cc2ccccc2)CC(=O)N[C@H](CC(C)C)C(=O)N[C@H](CC(C)C)C(=O)N2CCC[C@@H]2C(=O)N1C,hepta_1432,5009,-6.01,7,7,Circle,0.225856,0.0874208,-38.92,9.899,8.57,1.329,0.145499,0.0501259,9.254,8.181,1.073,27,98,,train,-0.0049999999999998,0,0.0,train,train,train,train,train,train,train,test,train,train,0.13210647
4976,2020_Townsend,CC(C)C[C@@H]1NC(=O)[C@@H]2CCCN2C(=O)C[C@H](Cc2ccccc2)NC(=O)[C@@H](CC(C)C)N(C)C(=O)C[C@H](Cc2ccccc2)NC(=O)[C@H]2CCCN2C(=O)[C@H](Cc2ccccc2)NC1=O,hepta_1399,4976,-5.94,7,7,Circle,0.193752,0.0551598,-34.1017,10.373,9.153,1.22,0.165696,0.0489384,10.369,9.142,1.227,4,63,,train,0.0299999999999998,1,1.0,train,train,train,train,train,valid,train,test,train,train,0.08364445
4965,2020_Townsend,CC(C)C[C@@H]1NC(=O)[C@@H](CC(C)C)N(C)C(=O)C[C@H](Cc2ccccc2)NC(=O)[C@H]2CCCN2C(=O)[C@H](Cc2ccccc2)NC(=O)CN(Cc2ccccc2)C(=O)[C@@H]2CCCN2C1=O,hepta_1388,4965,-5.25,7,7,Circle,0.168447,0.0532353,-32.8962,9.853,8.649,1.204,0.159968,0.0432675,9.937,8.652,1.285,95,53,,train,0.375,1,1.0,train,train,train,train,train,train,valid,test,test,test,0.14383481
4945,2020_Townsend,CC(C)C[C@@H]1NC(=O)[C@H](CC(C)C)N(C)C(=O)C[C@H](Cc2ccccc2)NC(=O)[C@H]2CCCN2C(=O)[C@H](Cc2ccccc2)NC(=O)[C@H](CC(C)C)N(C)C(=O)[C@@H]2CCCN2C1=O,hepta_1368,4945,-5.17,7,7,Circle,0.167909,0.0571793,-23.8401,9.704,8.416,1.288,0.176442,0.0413974,9.565,8.4,1.165,25,10,,train,0.415,1,1.0,train,train,train,train,test,train,test,test,train,train,0.22796074
4937,2020_Townsend,CC(C)C[C@@H]1NC(=O)[C@H](CC(C)C)N(C)C(=O)C[C@H](Cc2ccccc2)NC(=O)[C@H]2CCCN2C(=O)[C@H](Cc2ccccc2)NC(=O)[C@@H](CC(C)C)N(C)C(=O)[C@@H]2CCCN2C1=O,hepta_1360,4937,-5.64,7,7,Circle,0.216816,0.077932,-30.4271,10.255,8.882,1.373,0.197214,0.0826316,9.633,8.509,1.124,70,15,,train,0.1800000000000001,1,1.0,train,train,train,train,test,train,train,test,train,train,0.25169542
4924,2020_Townsend,CC(C)C[C@@H]1NC(=O)[C@@H]2CCCN2C(=O)[C@H](CC(C)C)N(C)C(=O)[C@H](CC(C)C)NC(=O)C[C@H](Cc2ccccc2)NC(=O)[C@H]2CCCN2C(=O)[C@H](Cc2ccccc2)NC1=O,hepta_1347,4924,-5.45,7,7,Circle,0.148315,0.0526497,-24.6058,9.623,8.549,1.074,0.164156,0.0419818,9.615,8.559,1.056,73,81,,train,0.2749999999999999,1,1.0,train,train,train,train,train,train,test,test,valid,train,0.13467678
4915,2020_Townsend,CC(C)C[C@@H]1NC(=O)[C@@H]2CCCN2C(=O)[C@@H](CC(C)C)NC(=O)[C@@H](CC(C)C)N(C)C(=O)C[C@H](Cc2ccccc2)NC(=O)[C@H]2CCCN2C(=O)[C@H](Cc2ccccc2)NC1=O,hepta_1338,4915,-5.71,7,7,Circle,0.162145,0.0508527,-26.9115,9.618,8.343,1.275,0.18624,0.0539172,9.694,8.373,1.321,37,12,,train,0.145,1,1.0,train,train,train,train,train,train,train,test,valid,train,0.21131125
4910,2020_Townsend,CC(C)C[C@H]1C(=O)N[C@@H](Cc2ccccc2)C(=O)N2CCC[C@@H]2C(=O)N[C@@H](Cc2ccccc2)CC(=O)N[C@H](CC(C)C)C(=O)N[C@H](CC(C)C)C(=O)N2CCC[C@H]2C(=O)N1C,hepta_1333,4910,-5.48,7,7,Circle,0.171117,0.0557859,-17.8141,9.533,8.544,0.989,0.135621,0.0412868,9.584,8.568,1.016,85,57,,train,0.2599999999999998,1,1.0,train,train,train,train,train,train,train,test,train,train,0.15109918
4874,2020_Townsend,CC(C)C[C@@H]1NC(=O)CN(Cc2ccccc2)C(=O)[C@@H](C)N(C)C(=O)[C@@H]2CCCN2C(=O)[C@H](Cc2ccccc2)NC(=O)[C@H](CC(C)C)N(C)C(=O)[C@H]2CCCN2C1=O,hepta_1297,4874,-5.35,7,7,Circle,0.135597,0.035532,-37.214,9.444,8.299,1.145,0.171585,0.0636048,8.835,7.786,1.049,18,25,,train,0.3250000000000002,1,1.0,train,valid,train,train,train,train,train,test,train,train,0.16989008
4872,2020_Townsend,CC(C)C[C@@H]1NC(=O)[C@@H](C)N(C)C(=O)[C@@H]2CCCN2C(=O)[C@H](Cc2ccccc2)NC(=O)[C@H](CC(C)C)N(C)C(=O)[C@H]2CCCN2C(=O)CN(Cc2ccccc2)C1=O,hepta_1295,4872,-5.7,7,7,Circle,0.126619,0.0372922,-30.7145,9.096,7.987,1.109,0.123294,0.0422284,8.66,7.719,0.941,94,34,,train,0.1499999999999999,1,1.0,train,train,train,train,train,valid,train,test,valid,train,0.07649642
4860,2020_Townsend,CC(C)C[C@H]1NC(=O)[C@H]2CCCN2C(=O)CN(Cc2ccccc2)C(=O)[C@@H](CC(C)C)N(C)C(=O)[C@@H](C)N(C)C(=O)[C@@H]2CCCN2C(=O)[C@H](Cc2ccccc2)NC1=O,hepta_1283,4860,-5.54,7,7,Circle,0.18077,0.0530021,-33.89,9.351,8.249,1.102,0.132832,0.0420831,9.222,8.114,1.108,44,98,,train,0.2299999999999999,1,1.0,train,train,train,train,test,train,train,test,train,train,-0.07022676
4831,2020_Townsend,CC(C)C[C@@H]1NC(=O)[C@@H](CC(C)C)NC(=O)[C@@H](C)N(C)C(=O)[C@@H]2CCCN2C(=O)[C@H](Cc2ccccc2)NC(=O)[C@H](CC(C)C)N(C)C(=O)[C@H]2CCCN2C1=O,hepta_1254,4831,-5.24,7,7,Circle,0.121057,0.0484106,-19.3881,8.982,7.811,1.171,0.137738,0.0437194,8.815,7.683,1.132,80,11,,val,0.3799999999999999,1,1.0,valid,train,valid,train,train,train,valid,test,train,train,0.11134192
4828,2020_Townsend,CC(C)C[C@@H]1NC(=O)[C@@H](C)N(C)C(=O)[C@@H]2CCCN2C(=O)[C@H](Cc2ccccc2)NC(=O)[C@@H](CC(C)C)N(C)C(=O)[C@H]2CCCN2C(=O)[C@H](CC(C)C)NC1=O,hepta_1251,4828,-5.91,7,7,Circle,0.155066,0.0602407,-26.4426,9.141,7.887,1.254,0.168435,0.0628904,8.981,7.827,1.154,35,53,,train,0.0449999999999999,1,1.0,train,train,train,train,train,valid,test,test,train,train,0.11540386
4812,2020_Townsend,C[C@@H]1C(=O)N(Cc2ccccc2)CC(=O)N[C@@H](Cc2ccccc2)CC(=O)N2CCC[C@H]2C(=O)N(Cc2ccccc2)CC(=O)N[C@@H](Cc2ccccc2)C(=O)N2CCC[C@H]2C(=O)N1C,hepta_1235,4812,-6.42,7,7,Circle,0.157832,0.0448466,-38.0466,9.344,8.001,1.343,0.155411,0.0441827,9.626,8.395,1.231,12,24,,train,-0.2099999999999999,0,0.0,train,valid,test,train,train,train,train,test,test,train,-0.06637527
4788,2020_Townsend,CC(C)C[C@H]1C(=O)N[C@@H](Cc2ccccc2)CC(=O)N2CCC[C@H]2C(=O)N[C@H](CC(C)C)C(=O)N[C@@H](Cc2ccccc2)C(=O)N2CCC[C@H]2C(=O)N(C)[C@H](C)C(=O)N1C,hepta_1211,4788,-6.27,7,7,Circle,0.249991,0.126204,-34.2395,9.353,8.081,1.272,0.178845,0.0716171,9.179,7.992,1.187,79,67,,train,-0.1349999999999998,0,0.0,train,train,train,train,test,train,train,test,train,train,-0.18460746
4782,2020_Townsend,CC(C)C[C@H]1C(=O)N2CCC[C@H]2C(=O)N(C)[C@@H](CC(C)C)C(=O)N[C@@H](Cc2ccccc2)C(=O)N2CCC[C@H]2C(=O)N(C)[C@H](C)C(=O)N(C)[C@@H](CC(C)C)C(=O)N1C,hepta_1205,4782,-5.34,7,7,Circle,0.133331,0.0454303,-42.2804,9.618,8.593,1.025,0.124211,0.0337018,9.152,8.162,0.99,47,65,,train,0.33,1,1.0,train,train,train,train,test,train,train,test,train,train,0.3485594
4781,2020_Townsend,CC(C)C[C@@H]1NC(=O)[C@@H](C)N(C)C(=O)[C@@H]2CCCN2C(=O)[C@H](Cc2ccccc2)NC(=O)CN(Cc2ccccc2)C(=O)[C@@H]2CCCN2C(=O)[C@@H](CC(C)C)N(C)C1=O,hepta_1204,4781,-5.89,7,7,Circle,0.161666,0.0553548,-26.5328,9.203,8.179,1.024,0.14213,0.0426975,9.268,8.204,1.064,83,19,,test,0.0550000000000001,1,1.0,test,train,train,test,valid,train,train,test,train,train,0.14825422
4780,2020_Townsend,CC(C)C[C@H]1C(=O)N[C@@H](Cc2ccccc2)C(=O)N2CCC[C@H]2C(=O)N(C)[C@H](C)C(=O)N(Cc2ccccc2)CC(=O)N[C@H](CC(C)C)C(=O)N2CCC[C@H]2C(=O)N1C,hepta_1203,4780,-5.2,7,7,Circle,0.190039,0.0714301,-33.0195,9.396,8.197,1.199,0.104698,0.0370102,8.614,7.655,0.959,26,2,,train,0.3999999999999999,1,1.0,train,test,train,train,train,train,train,test,train,train,0.19593662
4776,2020_Townsend,CC(C)C[C@@H]1NC(=O)[C@@H]2CCCN2C(=O)CN(Cc2ccccc2)C(=O)[C@@H](CC(C)C)N(C)C(=O)[C@@H](C)N(C)C(=O)[C@@H]2CCCN2C(=O)[C@H](Cc2ccccc2)NC1=O,hepta_1199,4776,-6.71,7,7,Circle,0.139907,0.0463367,-31.9068,9.276,8.048,1.228,0.141842,0.038785,9.052,7.772,1.28,28,54,,test,-0.355,0,0.0,test,train,test,train,train,valid,test,test,train,test,-0.22894135
4773,2020_Townsend,CC(C)C[C@H]1C(=O)N2CCC[C@H]2C(=O)N(C)[C@H](CC(C)C)C(=O)N[C@@H](Cc2ccccc2)C(=O)N2CCC[C@H]2C(=O)N(C)[C@H](C)C(=O)N(C)[C@@H](CC(C)C)C(=O)N1C,hepta_1196,4773,-5.41,7,7,Circle,0.135059,0.0415142,-29.0492,9.5,8.327,1.173,0.0879891,0.0345633,9.006,7.891,1.115,99,14,,train,0.2949999999999999,1,1.0,train,train,train,valid,train,train,train,test,train,train,0.35573563
4749,2020_Townsend,CC(C)C[C@H]1NC(=O)[C@@H]2CCCN2C(=O)CN(Cc2ccccc2)C(=O)[C@@H](CC(C)C)NC(=O)[C@@H](C)N(C)C(=O)[C@@H]2CCCN2C(=O)[C@H](Cc2ccccc2)NC1=O,hepta_1172,4749,-5.98,7,7,Circle,0.169709,0.0712361,-46.5324,9.574,8.278,1.296,0.153817,0.071028,8.844,7.758,1.086,85,90,,train,0.0099999999999997,1,1.0,train,train,train,train,train,test,train,test,test,train,-0.18990703
4745,2020_Townsend,CC(C)C[C@@H]1NC(=O)[C@@H](C)N(C)C(=O)[C@@H]2CCCN2C(=O)[C@H](Cc2ccccc2)NC(=O)[C@@H](CC(C)C)N(C)C(=O)[C@@H]2CCCN2C(=O)[C@@H](CC(C)C)N(C)C1=O,hepta_1168,4745,-5.67,7,7,Circle,0.135478,0.0353582,-26.1168,9.112,7.847,1.265,0.150803,0.0510438,9.227,8.094,1.133,99,32,,val,0.165,1,1.0,valid,train,train,train,train,train,train,test,valid,train,0.30161834
4740,2020_Townsend,CC(C)C[C@H]1NC(=O)[C@@H]2CCCN2C(=O)[C@@H](CC(C)C)N(C)C(=O)[C@@H](CC(C)C)N(C)C(=O)[C@@H](C)N(C)C(=O)[C@@H]2CCCN2C(=O)[C@H](Cc2ccccc2)NC1=O,hepta_1163,4740,-5.1,7,7,Circle,0.139326,0.0393718,-24.9082,9.287,8.086,1.201,0.15044,0.0539698,8.992,7.892,1.1,95,11,,train,0.4500000000000002,1,1.0,train,train,test,train,train,valid,train,test,train,train,0.12611671
4725,2020_Townsend,CC(C)C[C@H]1NC(=O)[C@@H]2CCCN2C(=O)[C@@H](CC(C)C)NC(=O)[C@@H](CC(C)C)N(C)C(=O)[C@@H](C)N(C)C(=O)[C@@H]2CCCN2C(=O)[C@H](Cc2ccccc2)NC1=O,hepta_1148,4725,-5.52,7,7,Circle,0.14089,0.0520447,-22.8748,9.014,7.897,1.117,0.147762,0.051985,8.999,7.885,1.114,80,68,,train,0.2400000000000002,1,1.0,train,train,train,train,test,train,train,test,train,valid,0.086725056
4724,2020_Townsend,CC(C)C[C@H]1NC(=O)[C@@H](C)N(C)C(=O)[C@@H]2CCCN2C(=O)[C@H](Cc2ccccc2)NC(=O)[C@@H](CC(C)C)N(C)C(=O)[C@@H]2CCCN2C(=O)[C@@H](CC(C)C)NC1=O,hepta_1147,4724,-5.67,7,7,Circle,0.164887,0.056244,-29.8901,9.416,8.209,1.207,0.156873,0.0496716,9.212,8.078,1.134,27,32,,train,0.165,1,1.0,train,train,train,train,valid,train,train,test,train,test,0.12587124
4723,2020_Townsend,CC(C)C[C@@H]1NC(=O)[C@@H]2CCCN2C(=O)[C@H](CC(C)C)NC(=O)[C@H](CC(C)C)NC(=O)[C@@H](C)N(C)C(=O)[C@@H]2CCCN2C(=O)[C@H](Cc2ccccc2)NC1=O,hepta_1146,4723,-6.52,7,7,Circle,0.183592,0.10397,-34.872,8.785,7.461,1.324,0.135767,0.0606886,8.544,7.385,1.159,84,53,,train,-0.2599999999999998,0,0.0,train,test,train,train,train,train,valid,test,train,train,-0.282871
4713,2020_Townsend,CC(C)C[C@@H]1C(=O)N(Cc2ccccc2)CC(=O)N2CCC[C@H]2C(=O)N(Cc2ccccc2)CC(=O)N[C@@H](Cc2ccccc2)C(=O)N2CCC[C@H]2C(=O)N(C)[C@@H](C)C(=O)N1C,hepta_1136,4713,-5.92,7,7,Circle,0.145756,0.0451,-28.7971,9.287,8.145,1.142,0.182822,0.0651946,9.246,8.106,1.14,74,53,,train,0.04,1,1.0,train,test,train,train,train,train,valid,test,train,train,-0.12387425
4699,2020_Townsend,CC(C)C[C@H]1C(=O)N(Cc2ccccc2)CC(=O)N2CCC[C@H]2C(=O)N(C)[C@H](CC(C)C)C(=O)N[C@@H](Cc2ccccc2)C(=O)N2CCC[C@H]2C(=O)N(C)[C@@H](C)C(=O)N1C,hepta_1122,4699,-5.98,7,7,Circle,0.166941,0.0570965,-33.6737,9.549,8.368,1.181,0.138849,0.0559252,9.134,8.028,1.106,13,4,,train,0.0099999999999997,1,1.0,train,train,train,train,train,train,train,test,train,train,0.17994206
4690,2020_Townsend,CC(C)C[C@H]1C(=O)N[C@@H](Cc2ccccc2)C(=O)N2CCC[C@H]2C(=O)N(C)[C@@H](C)C(=O)N(Cc2ccccc2)CC(=O)N[C@H](CC(C)C)C(=O)N2CCC[C@H]2C(=O)N1C,hepta_1113,4690,-5.17,7,7,Circle,0.133773,0.062095,-31.8089,9.375,8.222,1.153,0.112716,0.0361155,8.695,7.702,0.993,63,53,,test,0.415,1,1.0,test,train,train,train,train,train,train,test,train,train,0.16524681
4678,2020_Townsend,CC(C)C[C@H]1NC(=O)[C@@H](CC(C)C)N(C)C(=O)[C@H](C)N(C)C(=O)[C@@H]2CCCN2C(=O)[C@H](Cc2ccccc2)NC(=O)CN(Cc2ccccc2)C(=O)[C@@H]2CCCN2C1=O,hepta_1101,4678,-5.17,7,7,Circle,0.184359,0.0590538,-20.3818,9.274,8.229,1.045,0.175104,0.0471618,9.156,8.115,1.041,45,84,,val,0.415,1,1.0,valid,train,train,train,train,test,valid,test,train,train,0.11630145
4673,2020_Townsend,CC(C)C[C@H]1C(=O)N2CCC[C@H]2C(=O)N(C)[C@H](CC(C)C)C(=O)N[C@@H](Cc2ccccc2)C(=O)N2CCC[C@H]2C(=O)N(C)[C@@H](C)C(=O)N(C)[C@H](CC(C)C)C(=O)N1C,hepta_1096,4673,-5.73,7,7,Circle,0.141351,0.0434703,-27.6631,9.46,8.324,1.136,0.134009,0.0352595,9.268,8.293,0.975,96,65,,train,0.1349999999999998,1,1.0,train,test,train,train,train,test,train,test,train,train,0.30998614
4658,2020_Townsend,CC(C)C[C@H]1NC(=O)[C@H](C)N(C)C(=O)[C@@H]2CCCN2C(=O)[C@H](Cc2ccccc2)NC(=O)CN(Cc2ccccc2)C(=O)[C@@H]2CCCN2C(=O)[C@@H](CC(C)C)NC1=O,hepta_1081,4658,-6.38,7,7,Circle,0.126456,0.0448477,-48.6734,9.5,8.296,1.204,0.0968588,0.035524,8.854,7.793,1.061,28,87,,train,-0.1899999999999999,0,0.0,train,valid,train,valid,train,train,train,test,train,valid,0.050197467
4657,2020_Townsend,CC(C)C[C@@H]1NC(=O)[C@@H](CC(C)C)N(C)C(=O)[C@H](C)N(C)C(=O)[C@@H]2CCCN2C(=O)[C@H](Cc2ccccc2)NC(=O)[C@@H](CC(C)C)N(C)C(=O)[C@@H]2CCCN2C1=O,hepta_1080,4657,-5.47,7,7,Circle,0.146047,0.0443097,-34.3799,9.242,8.037,1.205,0.134933,0.0337454,9.323,8.221,1.102,12,100,,train,0.2650000000000001,1,1.0,train,train,train,train,train,train,train,test,train,train,0.2659784
4648,2020_Townsend,CC(C)C[C@H]1NC(=O)[C@@H]2CCCN2C(=O)[C@@H](CC(C)C)N(C)C(=O)[C@@H](CC(C)C)N(C)C(=O)[C@H](C)N(C)C(=O)[C@@H]2CCCN2C(=O)[C@H](Cc2ccccc2)NC1=O,hepta_1071,4648,-6.49,7,7,Circle,0.130336,0.0534931,-26.7916,9.153,8.02,1.133,0.134592,0.0453516,9.037,7.926,1.111,58,12,,train,-0.2450000000000001,0,0.0,train,train,train,train,train,train,train,test,valid,train,0.13402925
4627,2020_Townsend,CC(C)C[C@@H]1C(=O)N[C@@H](Cc2ccccc2)C(=O)N2CCC[C@H]2C(=O)N[C@@H](C)C(=O)N(Cc2ccccc2)CC(=O)N[C@@H](Cc2ccccc2)CC(=O)N2CCC[C@@H]2C(=O)N1C,hepta_1050,4627,-5.15,7,7,Circle,0.124704,0.0406881,-28.3414,9.214,7.908,1.306,0.207051,0.0725987,9.145,7.716,1.429,94,35,,train,0.4249999999999998,1,1.0,train,train,train,train,train,test,train,test,train,train,-0.11368981
4626,2020_Townsend,CC(C)C[C@H]1C(=O)N[C@@H](Cc2ccccc2)CC(=O)N2CCC[C@@H]2C(=O)N(C)[C@H](CC(C)C)C(=O)N[C@@H](Cc2ccccc2)C(=O)N2CCC[C@H]2C(=O)N[C@@H](C)C(=O)N1C,hepta_1049,4626,-5.07,7,7,Circle,0.127441,0.0463104,-34.3546,9.571,8.157,1.414,0.145402,0.0628745,9.097,7.666,1.431,75,85,,test,0.4649999999999998,1,1.0,test,train,train,valid,train,train,train,test,train,train,-0.051656935
4616,2020_Townsend,CC(C)C[C@@H]1NC(=O)[C@H]2CCCN2C(=O)C[C@H](Cc2ccccc2)NC(=O)[C@@H](CC(C)C)N(C)C(=O)[C@H](C)NC(=O)[C@@H]2CCCN2C(=O)[C@H](Cc2ccccc2)NC1=O,hepta_1039,4616,-6.08,7,7,Circle,0.154147,0.0866729,-38.8753,9.056,7.792,1.264,0.229793,0.111398,9.333,7.997,1.336,100,46,,train,-0.04,0,0.0,train,train,train,train,train,train,train,test,train,train,-0.35276037
4614,2020_Townsend,CC(C)C[C@H]1NC(=O)[C@H](C)NC(=O)[C@@H]2CCCN2C(=O)[C@H](Cc2ccccc2)NC(=O)[C@@H](CC(C)C)N(C)C(=O)[C@H]2CCCN2C(=O)C[C@H](Cc2ccccc2)NC1=O,hepta_1037,4614,-10.0,7,7,Circle,0.173548,0.0711482,-30.5154,9.33,8.047,1.283,0.152698,0.0459813,9.138,7.897,1.241,75,73,,train,-1.0,0,0.0,train,train,train,train,train,train,train,test,train,train,-0.10189766
4612,2020_Townsend,CC(C)C[C@@H]1NC(=O)[C@H](C)NC(=O)[C@@H]2CCCN2C(=O)[C@H](Cc2ccccc2)NC(=O)CN(Cc2ccccc2)C(=O)[C@H]2CCCN2C(=O)[C@H](CC(C)C)N(C)C1=O,hepta_1035,4612,-6.57,7,7,Circle,0.170565,0.0471299,-54.7606,9.805,8.544,1.261,0.126889,0.0476418,9.048,7.794,1.254,95,100,,train,-0.2850000000000001,0,0.0,train,train,train,valid,train,valid,train,test,train,test,-0.062105436
4598,2020_Townsend,CC(C)C[C@H]1C(=O)N2CCC[C@@H]2C(=O)N(C)[C@H](CC(C)C)C(=O)N[C@@H](Cc2ccccc2)C(=O)N2CCC[C@H]2C(=O)N[C@@H](C)C(=O)N(C)[C@H](CC(C)C)C(=O)N1C,hepta_1021,4598,-5.59,7,7,Circle,0.104514,0.0347103,-19.8228,8.851,7.712,1.139,0.123686,0.0373171,8.942,7.844,1.098,51,100,,train,0.205,1,1.0,train,train,train,train,train,train,train,test,train,train,0.2632039
4586,2020_Townsend,CC(C)C[C@H]1NC(=O)[C@H]2CCCN2C(=O)CN(Cc2ccccc2)C(=O)[C@@H](CC(C)C)NC(=O)[C@H](C)NC(=O)[C@@H]2CCCN2C(=O)[C@H](Cc2ccccc2)NC1=O,hepta_1009,4586,-10.0,7,7,Circle,0.182831,0.0583591,-40.0351,9.266,7.9,1.366,0.157909,0.0628625,9.106,7.826,1.28,12,45,,val,-1.0,0,0.0,valid,valid,train,train,train,train,train,test,train,train,-0.15348117
4563,2020_Townsend,CC(C)C[C@@H]1NC(=O)[C@H](C)NC(=O)[C@@H]2CCCN2C(=O)[C@H](Cc2ccccc2)NC(=O)[C@@H](CC(C)C)NC(=O)[C@H]2CCCN2C(=O)[C@H](CC(C)C)NC1=O,hepta_986,4563,-10.0,7,7,Circle,0.178824,0.081233,-28.1402,8.761,7.486,1.275,0.12678,0.0483869,8.678,7.156,1.522,63,26,,train,-1.0,0,0.0,train,train,train,train,train,train,train,test,valid,train,-0.42703268
4548,2020_Townsend,CC(C)C[C@@H]1NC(=O)[C@@H](C)NC(=O)[C@@H]2CCCN2C(=O)[C@H](Cc2ccccc2)NC(=O)CN(Cc2ccccc2)C(=O)[C@@H]2CCCN2C(=O)CN(Cc2ccccc2)C1=O,hepta_971,4548,-6.48,7,7,Circle,0.172656,0.0698871,-34.2366,8.863,7.701,1.162,0.153499,0.0482606,8.922,7.858,1.064,33,32,,test,-0.2400000000000002,0,0.0,test,train,train,train,train,train,train,test,train,train,-0.053618025
4542,2020_Townsend,CC(C)C[C@H]1C(=O)N2CCC[C@H]2C(=O)N(C)[C@H](CC(C)C)C(=O)N[C@@H](Cc2ccccc2)C(=O)N2CCC[C@H]2C(=O)N[C@H](C)C(=O)N(Cc2ccccc2)CC(=O)N1C,hepta_965,4542,-5.24,7,7,Circle,0.25703,0.117285,-32.4816,9.438,8.253,1.185,0.124871,0.039981,9.167,8.27,0.897,38,12,,train,0.3799999999999999,1,1.0,train,valid,train,train,train,train,valid,test,train,train,0.15580453
4540,2020_Townsend,CC(C)C[C@H]1C(=O)N(Cc2ccccc2)CC(=O)N2CCC[C@H]2C(=O)N(C)[C@H](CC(C)C)C(=O)N[C@@H](Cc2ccccc2)C(=O)N2CCC[C@H]2C(=O)N[C@H](C)C(=O)N1C,hepta_963,4540,-5.9,7,7,Circle,0.144933,0.0487697,-34.7862,9.351,8.259,1.092,0.199642,0.0771866,9.361,8.199,1.162,51,70,,train,0.0499999999999998,1,1.0,train,train,train,train,test,train,train,test,train,train,0.09473495
4529,2020_Townsend,CC(C)C[C@@H]1NC(=O)[C@@H](C)NC(=O)[C@@H]2CCCN2C(=O)[C@H](Cc2ccccc2)NC(=O)CN(Cc2ccccc2)C(=O)[C@@H]2CCCN2C(=O)[C@@H](CC(C)C)N(C)C1=O,hepta_952,4529,-6.07,7,7,Circle,0.233463,0.114395,-38.336,9.493,8.146,1.347,0.135099,0.0416544,8.65,7.475,1.175,36,32,,train,-0.0350000000000001,0,0.0,train,valid,train,train,test,train,train,test,valid,train,0.030203931
4487,2020_Townsend,CC(C)C[C@H]1C(=O)N2CCC[C@H]2C(=O)N[C@H](CC(C)C)C(=O)N[C@@H](Cc2ccccc2)C(=O)N2CCC[C@H]2C(=O)N[C@H](C)C(=O)N[C@H](CC(C)C)C(=O)N1C,hepta_910,4487,-6.51,7,7,Circle,0.137511,0.0489218,-36.123,9.142,7.86,1.282,0.145724,0.0648342,8.693,7.476,1.217,27,55,,train,-0.2549999999999999,0,0.0,train,test,train,train,train,train,train,test,train,valid,-0.23911998
4481,2020_Townsend,CC(C)C[C@@H]1NC(=O)[C@@H](C)NC(=O)[C@@H]2CCCN2C(=O)[C@H](Cc2ccccc2)NC(=O)[C@@H](CC(C)C)NC(=O)[C@@H]2CCCN2C(=O)[C@H](CC(C)C)NC1=O,hepta_904,4481,-10.0,7,7,Circle,0.220828,0.100747,-30.6882,8.707,7.356,1.351,0.129836,0.0424968,8.434,7.146,1.288,95,63,,train,-1.0,0,0.0,train,train,train,train,train,train,valid,test,train,train,-0.4095675
4470,2020_Townsend,CCCN1CC(=O)N(Cc2ccccc2)CC(=O)N(C)[C@@H](CC(C)C)C(=O)N2CCC[C@@H]2C(=O)N(C)[C@@H](CC(C)C)C(=O)N[C@@H](Cc2ccccc2)C(=O)N2CCC[C@H]2C1=O,hepta_893,4470,-5.25,7,7,Circle,0.149604,0.0535128,-29.8697,9.803,8.778,1.025,0.144151,0.0548318,9.417,8.347,1.07,37,8,,train,0.375,1,1.0,train,train,train,test,valid,train,valid,test,test,train,0.21282136
4465,2020_Townsend,CCCN1CC(=O)N(C)[C@H](CC(C)C)C(=O)N(C)[C@@H](CC(C)C)C(=O)N2CCC[C@@H]2C(=O)N(Cc2ccccc2)CC(=O)N[C@@H](Cc2ccccc2)C(=O)N2CCC[C@H]2C1=O,hepta_888,4465,-5.38,7,7,Circle,0.154318,0.054754,-28.2769,9.229,8.015,1.214,0.148739,0.052075,9.084,7.951,1.133,30,24,,train,0.31,1,1.0,train,train,train,train,train,test,train,test,train,train,0.25985676
4464,2020_Townsend,CCCN1CC(=O)N(Cc2ccccc2)CC(=O)N(C)[C@@H](CC(C)C)C(=O)N2CCC[C@@H]2C(=O)N(C)[C@H](CC(C)C)C(=O)N[C@@H](Cc2ccccc2)C(=O)N2CCC[C@H]2C1=O,hepta_887,4464,-5.34,7,7,Circle,0.142161,0.0478548,-33.1329,9.165,8.027,1.138,0.155399,0.0638365,9.293,8.151,1.142,56,81,,train,0.33,1,1.0,train,train,valid,train,train,train,train,test,train,train,0.18144625
4461,2020_Townsend,CCCN1CC(=O)N(C)[C@H](CC(C)C)C(=O)N(Cc2ccccc2)CC(=O)N2CCC[C@@H]2C(=O)N(C)[C@@H](CC(C)C)C(=O)N[C@@H](Cc2ccccc2)C(=O)N2CCC[C@H]2C1=O,hepta_884,4461,-6.0,7,7,Circle,0.158292,0.0438816,-37.9355,9.263,8.114,1.149,0.136737,0.0418623,9.106,8.148,0.958,68,36,,train,0.0,1,1.0,train,test,train,train,train,valid,valid,test,train,valid,0.20332935
4448,2020_Townsend,CCCN1CC(=O)N(C)[C@@H](CC(C)C)C(=O)N[C@H](CC(C)C)C(=O)N2CCC[C@@H]2C(=O)N(Cc2ccccc2)CC(=O)N[C@@H](Cc2ccccc2)C(=O)N2CCC[C@H]2C1=O,hepta_871,4448,-5.22,7,7,Circle,0.174571,0.0677698,-32.232,9.503,8.259,1.244,0.152334,0.049685,9.167,8.048,1.119,9,88,,train,0.3900000000000001,1,1.0,train,train,valid,test,train,test,train,test,train,train,0.17469332
4443,2020_Townsend,CCCN1CC(=O)N[C@@H](CC(C)C)C(=O)N[C@@H](Cc2ccccc2)CC(=O)N2CCC[C@@H]2C(=O)N[C@H](CC(C)C)C(=O)N[C@@H](Cc2ccccc2)C(=O)N2CCC[C@H]2C1=O,hepta_866,4443,-6.5,7,7,Circle,0.21159,0.0823973,-29.5649,9.188,7.866,1.322,0.138248,0.0384048,8.824,7.52,1.304,4,53,,test,-0.25,0,0.0,test,train,train,test,test,valid,train,test,train,train,-0.35226348
4437,2020_Townsend,CCCN1CC(=O)N(C)[C@H](CC(C)C)C(=O)N[C@H](CC(C)C)C(=O)N2CCC[C@@H]2C(=O)N(Cc2ccccc2)CC(=O)N[C@@H](Cc2ccccc2)C(=O)N2CCC[C@H]2C1=O,hepta_860,4437,-5.21,7,7,Circle,0.167451,0.0595818,-25.5011,8.962,7.719,1.243,0.134116,0.0374274,8.884,7.65,1.234,81,83,,train,0.395,1,1.0,train,train,train,train,train,train,train,test,train,test,0.16580063
4436,2020_Townsend,CCCN1CC(=O)N(C)[C@H](CC(C)C)C(=O)N(Cc2ccccc2)CC(=O)N2CCC[C@@H]2C(=O)N[C@H](CC(C)C)C(=O)N[C@@H](Cc2ccccc2)C(=O)N2CCC[C@H]2C1=O,hepta_859,4436,-5.64,7,7,Circle,0.173642,0.0784808,-26.8161,9.189,8.008,1.181,0.169425,0.0626407,9.099,7.962,1.137,61,43,,train,0.1800000000000001,1,1.0,train,train,train,train,train,train,train,test,train,train,-0.09597774
4405,2020_Townsend,CCCN1CC(=O)N(C)[C@H](CC(C)C)C(=O)N(C)[C@H](CC(C)C)C(=O)N2CCC[C@@H]2C(=O)N[C@H](CC(C)C)C(=O)N[C@@H](Cc2ccccc2)C(=O)N2CCC[C@H]2C1=O,hepta_828,4405,-5.88,7,7,Circle,0.127188,0.0415756,-24.5993,9.092,7.892,1.2,0.131845,0.0490255,8.958,7.798,1.16,83,48,,train,0.06,1,1.0,train,train,train,train,train,train,train,test,train,train,0.030974286
4389,2020_Townsend,CCCN1CC(=O)N(C)[C@H](CC(C)C)C(=O)N[C@H](CC(C)C)C(=O)N2CCC[C@@H]2C(=O)N[C@H](CC(C)C)C(=O)N[C@@H](Cc2ccccc2)C(=O)N2CCC[C@H]2C1=O,hepta_812,4389,-6.26,7,7,Circle,0.148608,0.0564355,-22.9294,9.279,8.096,1.183,0.134047,0.0434923,9.076,7.938,1.138,34,63,,train,-0.1299999999999999,0,0.0,train,train,train,test,train,train,train,test,valid,test,-0.006880954
4364,2020_Townsend,CC(C)C[C@@H]1NC(=O)[C@@H](C)N(C)C(=O)[C@H]2CCCN2C(=O)[C@H](Cc2ccccc2)NC(=O)[C@@H](CC(C)C)N(C)C(=O)[C@H]2CCCN2C(=O)C[C@H](Cc2ccccc2)NC1=O,hepta_787,4364,-6.25,7,7,Circle,0.151206,0.0478048,-19.9102,9.172,8.195,0.977,0.165082,0.060829,9.222,8.206,1.016,16,65,,train,-0.125,0,0.0,train,test,train,valid,train,train,train,test,test,test,0.012080958
4358,2020_Townsend,CC(C)C[C@H]1NC(=O)[C@H]2CCCN2C(=O)C[C@H](Cc2ccccc2)NC(=O)[C@@H](CC(C)C)N(C)C(=O)[C@@H](C)N(C)C(=O)[C@H]2CCCN2C(=O)[C@H](Cc2ccccc2)NC1=O,hepta_781,4358,-6.18,7,7,Circle,0.258247,0.110863,-32.7338,9.645,8.551,1.094,0.155222,0.0605993,9.561,8.43,1.131,74,61,,train,-0.0899999999999998,0,0.0,train,train,train,test,train,train,train,test,train,test,-0.2619582
4326,2020_Townsend,CC(C)C[C@@H]1NC(=O)[C@H]2CCCN2C(=O)[C@H](CC(C)C)N(C)C(=O)[C@H](CC(C)C)N(C)C(=O)[C@@H](C)N(C)C(=O)[C@H]2CCCN2C(=O)[C@H](Cc2ccccc2)NC1=O,hepta_749,4326,-10.0,7,7,Circle,0.169206,0.0735724,-35.332,9.563,8.412,1.151,0.181714,0.0878703,9.181,8.131,1.05,59,74,,test,-1.0,0,0.0,test,train,test,train,test,train,train,test,train,train,-0.09576419
4320,2020_Townsend,CC(C)C[C@@H]1NC(=O)[C@@H](C)N(C)C(=O)[C@H]2CCCN2C(=O)[C@H](Cc2ccccc2)NC(=O)[C@@H](CC(C)C)N(C)C(=O)[C@H]2CCCN2C(=O)[C@H](CC(C)C)N(C)C1=O,hepta_743,4320,-5.16,7,7,Circle,0.184464,0.0670722,-37.0457,9.668,8.473,1.195,0.140465,0.0457474,8.961,8.071,0.89,27,29,,train,0.4199999999999999,1,1.0,train,train,valid,valid,train,train,train,test,test,train,0.3090849
4317,2020_Townsend,CC(C)C[C@@H]1NC(=O)[C@H]2CCCN2C(=O)[C@@H](CC(C)C)N(C)C(=O)[C@H](CC(C)C)N(C)C(=O)[C@@H](C)N(C)C(=O)[C@H]2CCCN2C(=O)[C@H](Cc2ccccc2)NC1=O,hepta_740,4317,-6.78,7,7,Circle,0.14735,0.0436948,-29.9053,9.566,8.278,1.288,0.137487,0.047433,9.371,8.199,1.172,43,3,,train,-0.3900000000000001,0,0.0,train,train,train,train,train,train,test,test,train,valid,-0.04151896
4290,2020_Townsend,CC(C)C[C@@H]1NC(=O)[C@@H](C)N(C)C(=O)[C@H]2CCCN2C(=O)[C@H](Cc2ccccc2)NC(=O)[C@H](CC(C)C)NC(=O)[C@H]2CCCN2C(=O)[C@H](CC(C)C)NC1=O,hepta_713,4290,-6.61,7,7,Circle,0.100232,0.0342827,-27.7545,8.773,7.697,1.076,0.116326,0.0334472,8.755,7.758,0.997,30,79,,train,-0.3050000000000001,0,0.0,train,test,test,train,train,train,test,test,train,train,-0.28671718
4284,2020_Townsend,CC(C)C[C@H]1C(=O)N[C@@H](Cc2ccccc2)CC(=O)N2CCC[C@@H]2C(=O)N(Cc2ccccc2)CC(=O)N[C@@H](Cc2ccccc2)C(=O)N2CCC[C@@H]2C(=O)N(C)[C@@H](C)C(=O)N1C,hepta_707,4284,-5.8,7,7,Circle,0.168028,0.049332,-28.1645,9.628,8.439,1.189,0.168028,0.0418526,9.89,8.606,1.284,97,32,,train,0.1,1,1.0,train,test,train,train,train,train,test,test,train,test,-0.30292368
4281,2020_Townsend,CC(C)C[C@@H]1NC(=O)[C@H](C)N(C)C(=O)[C@H]2CCCN2C(=O)[C@H](Cc2ccccc2)NC(=O)CN(Cc2ccccc2)C(=O)[C@H]2CCCN2C(=O)C[C@H](Cc2ccccc2)NC1=O,hepta_704,4281,-5.94,7,7,Circle,0.202278,0.0719395,-28.9563,9.352,8.07,1.282,0.157018,0.0514702,9.154,7.981,1.173,22,99,,train,0.0299999999999998,1,1.0,train,train,train,train,train,train,train,test,train,train,-0.12863433
4272,2020_Townsend,CC(C)C[C@H]1C(=O)N(Cc2ccccc2)CC(=O)N2CCC[C@@H]2C(=O)N(C)[C@@H](CC(C)C)C(=O)N[C@@H](Cc2ccccc2)C(=O)N2CCC[C@@H]2C(=O)N(C)[C@@H](C)C(=O)N1C,hepta_695,4272,-5.62,7,7,Circle,0.156901,0.0465338,-27.4053,9.466,8.456,1.01,0.169299,0.0582952,9.285,8.257,1.028,14,9,,train,0.1899999999999999,1,1.0,train,train,train,train,train,train,train,test,test,train,0.16141224
4245,2020_Townsend,CC(C)C[C@@H]1NC(=O)[C@H](C)N(C)C(=O)[C@H]2CCCN2C(=O)[C@H](Cc2ccccc2)NC(=O)[C@@H](CC(C)C)NC(=O)[C@H]2CCCN2C(=O)C[C@H](Cc2ccccc2)NC1=O,hepta_668,4245,-6.26,7,7,Circle,0.172919,0.0431965,-29.7649,9.623,8.131,1.492,0.141736,0.0473873,8.806,7.736,1.07,58,37,,train,-0.1299999999999999,0,0.0,train,train,train,valid,train,train,train,test,train,test,-0.3152891
4242,2020_Townsend,CC(C)C[C@H]1C(=O)N2CCC[C@@H]2C(=O)N(C)[C@@H](CC(C)C)C(=O)N[C@@H](Cc2ccccc2)C(=O)N2CCC[C@@H]2C(=O)N(C)[C@@H](C)C(=O)N(C)[C@H](CC(C)C)C(=O)N1C,hepta_665,4242,-4.96,7,7,Circle,0.108701,0.0404286,-19.9596,9.168,8.183,0.985,0.14623,0.0611688,9.369,8.295,1.074,79,84,,train,0.52,1,1.0,train,train,train,train,valid,train,valid,test,test,train,0.40122482
4200,2020_Townsend,CC(C)C[C@@H]1NC(=O)[C@H](C)N(C)C(=O)[C@H]2CCCN2C(=O)[C@H](Cc2ccccc2)NC(=O)[C@@H](CC(C)C)N(C)C(=O)[C@H]2CCCN2C(=O)[C@H](CC(C)C)NC1=O,hepta_623,4200,-5.64,7,7,Circle,0.121096,0.057413,-41.4041,9.361,8.094,1.267,0.102563,0.0392514,8.671,7.727,0.944,100,98,,train,0.1800000000000001,1,1.0,train,train,train,train,train,train,train,test,train,test,0.1490514
4197,2020_Townsend,CC(C)C[C@@H]1NC(=O)[C@H]2CCCN2C(=O)[C@H](CC(C)C)NC(=O)[C@@H](CC(C)C)N(C)C(=O)[C@H](C)N(C)C(=O)[C@H]2CCCN2C(=O)[C@H](Cc2ccccc2)NC1=O,hepta_620,4197,-6.09,7,7,Circle,0.148455,0.0523442,-22.9101,9.14,7.907,1.233,0.134019,0.0453265,9.315,8.225,1.09,6,31,,train,-0.0449999999999999,0,0.0,train,train,train,train,valid,train,test,test,valid,train,-0.06641364
4180,2020_Townsend,CC(C)C[C@@H]1C(=O)N[C@@H](Cc2ccccc2)CC(=O)N2CCC[C@H]2C(=O)N(Cc2ccccc2)CC(=O)N[C@@H](Cc2ccccc2)C(=O)N2CCC[C@@H]2C(=O)N(C)[C@H](C)C(=O)N1C,hepta_603,4180,-5.8,7,7,Circle,0.16422,0.0448701,-23.366,9.222,8.278,0.944,0.249625,0.108011,9.587,8.508,1.079,47,79,,train,0.1,1,1.0,train,train,train,train,train,train,train,test,train,train,-0.22746679
4175,2020_Townsend,CC(C)C[C@@H]1C(=O)N[C@@H](Cc2ccccc2)C(=O)N2CCC[C@@H]2C(=O)N(C)[C@H](C)C(=O)N(Cc2ccccc2)CC(=O)N(Cc2ccccc2)CC(=O)N2CCC[C@H]2C(=O)N1C,hepta_598,4175,-5.47,7,7,Circle,0.22112,0.0782958,-43.1698,9.914,8.669,1.245,0.148957,0.0489631,8.932,8.105,0.827,84,84,,train,0.2650000000000001,1,1.0,train,valid,train,train,test,train,train,test,train,train,-0.20418748
4161,2020_Townsend,CC(C)C[C@@H]1C(=O)N[C@@H](Cc2ccccc2)C(=O)N2CCC[C@@H]2C(=O)N(C)[C@H](C)C(=O)N(C)[C@H](CC(C)C)C(=O)N(Cc2ccccc2)CC(=O)N2CCC[C@H]2C(=O)N1C,hepta_584,4161,-5.66,7,7,Circle,0.125532,0.0390618,-29.2863,9.324,8.069,1.255,0.180352,0.0638184,9.174,8.129,1.045,45,25,,test,0.1699999999999999,1,1.0,test,train,valid,train,train,train,train,test,valid,test,-0.032494653
4160,2020_Townsend,CC(C)C[C@@H]1C(=O)N2CCC[C@H]2C(=O)N(C)[C@H](CC(C)C)C(=O)N[C@@H](Cc2ccccc2)C(=O)N2CCC[C@@H]2C(=O)N(C)[C@H](C)C(=O)N(Cc2ccccc2)CC(=O)N1C,hepta_583,4160,-5.75,7,7,Circle,0.150284,0.0523616,-28.3749,9.799,8.416,1.383,0.130407,0.0410557,8.99,7.856,1.134,6,48,,train,0.125,1,1.0,train,train,train,train,test,valid,train,test,train,train,0.18527575
4152,2020_Townsend,CC(C)C[C@@H]1NC(=O)[C@@H](C)N(C)C(=O)[C@H]2CCCN2C(=O)[C@H](Cc2ccccc2)NC(=O)CN(Cc2ccccc2)C(=O)[C@@H]2CCCN2C(=O)[C@@H](CC(C)C)N(C)C1=O,hepta_575,4152,-5.37,7,7,Circle,0.162427,0.0451522,-30.2456,9.567,8.305,1.262,0.14725,0.0420683,9.532,8.299,1.233,31,57,,train,0.3149999999999999,1,1.0,train,train,test,train,train,train,valid,test,train,train,0.19574423
4142,2020_Townsend,CC(C)C[C@H]1NC(=O)[C@@H]2CCCN2C(=O)CN(Cc2ccccc2)C(=O)[C@@H](CC(C)C)N(C)C(=O)[C@@H](C)N(C)C(=O)[C@H]2CCCN2C(=O)[C@H](Cc2ccccc2)NC1=O,hepta_565,4142,-6.22,7,7,Circle,0.138886,0.0410379,-26.3865,8.617,7.587,1.03,0.123172,0.0344634,8.823,7.919,0.904,6,26,,train,-0.1099999999999998,0,0.0,train,train,train,test,train,train,train,test,train,train,-0.2124323
4138,2020_Townsend,CC(C)C[C@@H]1C(=O)N[C@@H](Cc2ccccc2)C(=O)N2CCC[C@@H]2C(=O)N(C)[C@H](C)C(=O)N(C)[C@H](CC(C)C)C(=O)N(C)[C@H](CC(C)C)C(=O)N2CCC[C@H]2C(=O)N1C,hepta_561,4138,-6.21,7,7,Circle,0.116993,0.0371867,-23.9293,9.139,7.964,1.175,0.149162,0.0580642,9.295,8.22,1.075,42,62,,train,-0.1049999999999999,0,0.0,train,train,valid,train,train,train,train,test,train,train,0.26967615
4114,2020_Townsend,CC(C)C[C@H]1NC(=O)[C@@H](CC(C)C)N(C)C(=O)[C@@H](C)N(C)C(=O)[C@H]2CCCN2C(=O)[C@H](Cc2ccccc2)NC(=O)[C@@H](CC(C)C)N(C)C(=O)[C@@H]2CCCN2C1=O,hepta_537,4114,-4.96,7,7,Circle,0.162513,0.0569299,-26.6102,9.626,8.513,1.113,0.133699,0.0478138,8.939,8.034,0.905,2,66,,test,0.52,1,1.0,test,train,train,train,train,train,train,test,train,train,0.37674513
4112,2020_Townsend,CC(C)C[C@@H]1NC(=O)[C@@H](C)N(C)C(=O)[C@H]2CCCN2C(=O)[C@H](Cc2ccccc2)NC(=O)[C@H](CC(C)C)N(C)C(=O)[C@@H]2CCCN2C(=O)[C@H](CC(C)C)NC1=O,hepta_535,4112,-5.45,7,7,Circle,0.152075,0.0468887,-32.6833,9.41,7.922,1.488,0.20019,0.0786068,8.985,7.76,1.225,67,41,,train,0.2749999999999999,1,1.0,train,valid,train,train,test,train,train,test,train,train,0.06740635
4107,2020_Townsend,CC(C)C[C@@H]1NC(=O)[C@@H](C)N(C)C(=O)[C@H]2CCCN2C(=O)[C@H](Cc2ccccc2)NC(=O)[C@H](CC(C)C)N(C)C(=O)[C@@H]2CCCN2C(=O)[C@@H](CC(C)C)NC1=O,hepta_530,4107,-5.38,7,7,Circle,0.125964,0.0412489,-15.2558,8.827,7.887,0.94,0.11979,0.0349884,8.549,7.678,0.871,68,85,,train,0.31,1,1.0,train,train,test,train,train,train,test,test,train,test,0.13769284
4096,2020_Townsend,CC(C)C[C@H]1NC(=O)[C@@H](C)N(C)C(=O)[C@H]2CCCN2C(=O)[C@H](Cc2ccccc2)NC(=O)[C@@H](CC(C)C)N(C)C(=O)[C@@H]2CCCN2C(=O)[C@@H](CC(C)C)NC1=O,hepta_519,4096,-5.78,7,7,Circle,0.155647,0.0637274,-34.5883,9.231,7.922,1.309,0.123876,0.0557752,8.82,7.78,1.04,81,58,,train,0.1099999999999998,1,1.0,train,train,train,train,train,train,train,test,train,train,0.13216351
4082,2020_Townsend,CC(C)C[C@@H]1C(=O)N2CCC[C@H]2C(=O)N(Cc2ccccc2)CC(=O)N[C@@H](Cc2ccccc2)C(=O)N2CCC[C@@H]2C(=O)N(C)[C@@H](C)C(=O)N(Cc2ccccc2)CC(=O)N1C,hepta_505,4082,-5.77,7,7,Circle,0.150661,0.043668,-33.6209,9.33,8.036,1.294,0.131157,0.0505637,9.025,7.713,1.312,67,86,,train,0.1150000000000002,1,1.0,train,train,train,train,valid,train,train,test,train,train,-0.03348426
4070,2020_Townsend,CC(C)C[C@H]1C(=O)N2CCC[C@H]2C(=O)N(Cc2ccccc2)CC(=O)N[C@@H](Cc2ccccc2)C(=O)N2CCC[C@@H]2C(=O)N(C)[C@@H](C)C(=O)N(C)[C@H](CC(C)C)C(=O)N1C,hepta_493,4070,-5.27,7,7,Circle,0.165479,0.0461699,-24.1318,9.365,8.259,1.106,0.138318,0.0371574,9.542,8.379,1.163,19,91,,train,0.3650000000000002,1,1.0,train,train,train,train,train,train,train,test,train,train,0.22975366
4060,2020_Townsend,CC(C)C[C@H]1NC(=O)[C@H](C)N(C)C(=O)[C@H]2CCCN2C(=O)[C@H](Cc2ccccc2)NC(=O)[C@@H](CC(C)C)N(C)C(=O)[C@@H]2CCCN2C(=O)C[C@H](Cc2ccccc2)NC1=O,hepta_483,4060,-5.95,7,7,Circle,0.186948,0.0754467,-31.5885,9.771,8.365,1.406,0.215444,0.0836675,9.565,8.296,1.269,37,39,,train,0.0249999999999999,1,1.0,train,train,train,train,train,train,train,test,train,train,0.0643033
4040,2020_Townsend,CC(C)C[C@H]1C(=O)N(C)[C@@H](CC(C)C)C(=O)N2CCC[C@H]2C(=O)N(C)[C@H](CC(C)C)C(=O)N[C@@H](Cc2ccccc2)C(=O)N2CCC[C@@H]2C(=O)N(C)[C@@H](C)C(=O)N1C,hepta_463,4040,-5.19,7,7,Circle,0.131234,0.0393002,-24.1291,9.655,8.486,1.169,0.150826,0.0496081,9.523,8.478,1.045,58,61,,train,0.4049999999999998,1,1.0,train,train,train,train,train,train,train,test,train,train,0.3449732
4024,2020_Townsend,CC(C)C[C@@H]1NC(=O)[C@H](C)N(C)C(=O)[C@H]2CCCN2C(=O)[C@H](Cc2ccccc2)NC(=O)[C@H](CC(C)C)N(C)C(=O)[C@@H]2CCCN2C(=O)[C@@H](CC(C)C)N(C)C1=O,hepta_447,4024,-5.19,7,7,Circle,0.159801,0.0535958,-19.0015,9.232,7.969,1.263,0.144892,0.049215,9.252,7.972,1.28,93,31,,train,0.4049999999999998,1,1.0,train,train,train,train,train,train,test,test,train,train,0.30675516
4014,2020_Townsend,CC(C)C[C@@H]1NC(=O)[C@@H](CC(C)C)N(C)C(=O)[C@H](C)N(C)C(=O)[C@H]2CCCN2C(=O)[C@H](Cc2ccccc2)NC(=O)[C@@H](CC(C)C)N(C)C(=O)[C@@H]2CCCN2C1=O,hepta_437,4014,-5.04,7,7,Circle,0.181877,0.0642167,-28.2169,9.484,8.267,1.217,0.176736,0.0652475,9.083,8.071,1.012,65,57,,train,0.48,1,1.0,train,train,train,train,train,test,train,test,train,test,0.32508558
4007,2020_Townsend,CC(C)C[C@H]1NC(=O)[C@@H](CC(C)C)N(C)C(=O)[C@H](C)N(C)C(=O)[C@H]2CCCN2C(=O)[C@H](Cc2ccccc2)NC(=O)[C@@H](CC(C)C)N(C)C(=O)[C@@H]2CCCN2C1=O,hepta_430,4007,-5.66,7,7,Circle,0.146527,0.0493064,-22.4039,9.478,8.258,1.22,0.166673,0.0743132,9.283,8.172,1.111,26,78,,val,0.1699999999999999,1,1.0,valid,train,train,test,train,train,train,test,train,train,0.3811789
3993,2020_Townsend,CC(C)C[C@@H]1NC(=O)[C@@H](CC(C)C)NC(=O)[C@H](C)N(C)C(=O)[C@H]2CCCN2C(=O)[C@H](Cc2ccccc2)NC(=O)[C@@H](CC(C)C)N(C)C(=O)[C@@H]2CCCN2C1=O,hepta_416,3993,-5.67,7,7,Circle,0.125688,0.041892,-32.2789,9.142,7.933,1.209,0.164048,0.089008,8.868,7.818,1.05,80,58,,test,0.165,1,1.0,test,train,train,train,train,train,train,test,train,test,0.11001347
3963,2020_Townsend,CC(C)C[C@H]1C(=O)N2CCC[C@@H]2C(=O)N(Cc2ccccc2)CC(=O)N[C@@H](Cc2ccccc2)C(=O)N2CCC[C@@H]2C(=O)N[C@H](C)C(=O)N(C)[C@H](CC(C)C)C(=O)N1C,hepta_386,3963,-5.64,7,7,Circle,0.152782,0.0451284,-40.1813,9.532,8.258,1.274,0.163073,0.0451068,9.272,8.215,1.057,45,56,,val,0.1800000000000001,1,1.0,valid,train,test,train,train,train,train,test,train,test,0.05454619
3956,2020_Townsend,CC(C)C[C@H]1NC(=O)[C@H]2CCCN2C(=O)C[C@H](Cc2ccccc2)NC(=O)[C@@H](CC(C)C)N(C)C(=O)[C@@H](C)NC(=O)[C@H]2CCCN2C(=O)[C@H](Cc2ccccc2)NC1=O,hepta_379,3956,-6.07,7,7,Circle,0.156532,0.0678735,-30.9281,9.419,8.092,1.327,0.152264,0.0412266,9.152,7.977,1.175,42,88,,train,-0.0350000000000001,0,0.0,train,train,train,train,train,train,train,test,train,train,-0.21172294
3942,2020_Townsend,CC(C)C[C@H]1C(=O)N2CCC[C@@H]2C(=O)N(C)[C@@H](CC(C)C)C(=O)N[C@@H](Cc2ccccc2)C(=O)N2CCC[C@@H]2C(=O)N[C@H](C)C(=O)N(C)[C@H](CC(C)C)C(=O)N1C,hepta_365,3942,-5.5,7,7,Circle,0.157464,0.0726086,-20.5401,9.115,8.046,1.069,0.0928027,0.0365716,8.92,7.857,1.063,79,56,,train,0.25,1,1.0,train,valid,train,train,train,valid,train,test,train,train,0.2802692
3932,2020_Townsend,CC(C)C[C@@H]1NC(=O)[C@@H](C)NC(=O)[C@H]2CCCN2C(=O)[C@H](Cc2ccccc2)NC(=O)[C@H](CC(C)C)N(C)C(=O)[C@H]2CCCN2C(=O)[C@H](CC(C)C)N(C)C1=O,hepta_355,3932,-5.48,7,7,Circle,0.175998,0.0752009,-26.5247,8.988,7.92,1.068,0.113035,0.0461956,8.857,7.793,1.064,27,45,,train,0.2599999999999998,1,1.0,train,train,train,train,train,train,train,test,train,train,0.06662086
3915,2020_Townsend,CC(C)C[C@H]1C(=O)N[C@H](CC(C)C)C(=O)N2CCC[C@@H]2C(=O)N(C)[C@H](CC(C)C)C(=O)N[C@@H](Cc2ccccc2)C(=O)N2CCC[C@@H]2C(=O)N[C@H](C)C(=O)N1C,hepta_338,3915,-6.85,7,7,Circle,0.157272,0.0551183,-30.0121,9.429,7.999,1.43,0.129728,0.0551345,9.214,7.893,1.321,25,44,,train,-0.4249999999999998,0,0.0,train,train,train,train,train,test,train,test,train,valid,0.19295034
3909,2020_Townsend,CC(C)C[C@@H]1NC(=O)[C@@H](CC(C)C)NC(=O)[C@@H](C)NC(=O)[C@H]2CCCN2C(=O)[C@H](Cc2ccccc2)NC(=O)[C@H](CC(C)C)N(C)C(=O)[C@H]2CCCN2C1=O,hepta_332,3909,-6.0,7,7,Circle,0.208636,0.0816616,-29.5709,9.227,7.844,1.383,0.182295,0.0618224,8.959,7.712,1.247,75,76,,train,0.0,1,1.0,train,train,train,train,train,valid,train,test,test,train,-0.01303485
3900,2020_Townsend,CC(C)C[C@@H]1NC(=O)[C@@H](C)NC(=O)[C@H]2CCCN2C(=O)[C@H](Cc2ccccc2)NC(=O)[C@@H](CC(C)C)NC(=O)[C@H]2CCCN2C(=O)[C@@H](CC(C)C)N(C)C1=O,hepta_323,3900,-5.87,7,7,Circle,0.177197,0.0646252,-37.3802,9.307,7.915,1.392,0.108003,0.045855,9.135,7.824,1.311,26,7,,train,0.0649999999999999,1,1.0,train,train,train,train,train,train,train,test,train,train,-0.14360863
3886,2020_Townsend,CC(C)C[C@H]1C(=O)N[C@@H](Cc2ccccc2)C(=O)N2CCC[C@@H]2C(=O)N[C@@H](C)C(=O)N(Cc2ccccc2)CC(=O)N[C@@H](Cc2ccccc2)CC(=O)N2CCC[C@@H]2C(=O)N1C,hepta_309,3886,-10.0,7,7,Circle,0.224961,0.0747048,-29.6115,9.335,8.079,1.256,0.146008,0.0505441,9.0,7.977,1.023,88,43,,train,-1.0,0,0.0,train,train,train,train,train,train,train,test,train,train,0.015180841
3881,2020_Townsend,CC(C)C[C@@H]1C(=O)N[C@@H](Cc2ccccc2)CC(=O)N2CCC[C@@H]2C(=O)N(C)[C@H](CC(C)C)C(=O)N[C@@H](Cc2ccccc2)C(=O)N2CCC[C@@H]2C(=O)N[C@@H](C)C(=O)N1C,hepta_304,3881,-5.52,7,7,Circle,0.246073,0.108472,-31.8091,9.601,8.205,1.396,0.170634,0.0416495,9.119,8.037,1.082,3,73,,train,0.2400000000000002,1,1.0,train,train,train,train,test,train,test,test,train,train,-0.0121320635
3879,2020_Townsend,CC(C)C[C@@H]1NC(=O)[C@H]2CCCN2C(=O)CN(Cc2ccccc2)C(=O)CN(Cc2ccccc2)C(=O)[C@H](C)NC(=O)[C@H]2CCCN2C(=O)[C@H](Cc2ccccc2)NC1=O,hepta_302,3879,-6.76,7,7,Circle,0.13976,0.0427215,-37.1758,8.871,7.543,1.328,0.179537,0.0441053,8.857,7.636,1.221,46,85,,train,-0.3799999999999999,0,0.0,train,test,train,train,train,train,train,test,train,train,-0.4531606
3862,2020_Townsend,CC(C)C[C@H]1NC(=O)[C@H](C)NC(=O)[C@H]2CCCN2C(=O)[C@H](Cc2ccccc2)NC(=O)[C@@H](CC(C)C)N(C)C(=O)[C@H]2CCCN2C(=O)CN(Cc2ccccc2)C1=O,hepta_285,3862,-5.62,7,7,Circle,0.136013,0.0437581,-43.1071,9.625,8.307,1.318,0.129908,0.0391385,8.969,7.83,1.139,86,35,,test,0.1899999999999999,1,1.0,test,train,train,valid,train,train,train,test,train,train,0.031305727
3857,2020_Townsend,CC(C)C[C@@H]1NC(=O)[C@H](C)NC(=O)[C@H]2CCCN2C(=O)[C@H](Cc2ccccc2)NC(=O)CN(Cc2ccccc2)C(=O)[C@H]2CCCN2C(=O)[C@H](CC(C)C)NC1=O,hepta_280,3857,-5.76,7,7,Circle,0.212301,0.0910348,-39.3703,9.128,7.685,1.443,0.142519,0.0429591,9.189,7.92,1.269,76,61,,train,0.1200000000000001,1,1.0,train,train,train,train,valid,train,train,test,test,test,-0.08758232
3838,2020_Townsend,CC(C)C[C@H]1NC(=O)[C@@H](CC(C)C)N(C)C(=O)[C@H](C)NC(=O)[C@H]2CCCN2C(=O)[C@H](Cc2ccccc2)NC(=O)[C@@H](CC(C)C)N(C)C(=O)[C@H]2CCCN2C1=O,hepta_261,3838,-5.31,7,7,Circle,0.128222,0.0481389,-27.3257,8.991,7.725,1.266,0.158225,0.0512883,8.944,7.867,1.077,50,53,,train,0.3450000000000002,1,1.0,train,valid,train,train,train,train,train,test,train,train,0.19372752
3832,2020_Townsend,CC(C)C[C@@H]1NC(=O)[C@H](C)NC(=O)[C@H]2CCCN2C(=O)[C@H](Cc2ccccc2)NC(=O)[C@H](CC(C)C)N(C)C(=O)[C@H]2CCCN2C(=O)[C@@H](CC(C)C)NC1=O,hepta_255,3832,-6.68,7,7,Circle,0.125203,0.042207,-24.5444,8.846,7.674,1.172,0.124854,0.0401067,8.873,7.756,1.117,35,100,,val,-0.3399999999999998,0,0.0,valid,train,train,train,train,test,train,test,test,train,-0.029512253
3828,2020_Townsend,CC(C)C[C@@H]1NC(=O)[C@H]2CCCN2C(=O)[C@H](CC(C)C)N(C)C(=O)[C@@H](CC(C)C)NC(=O)[C@H](C)NC(=O)[C@H]2CCCN2C(=O)[C@H](Cc2ccccc2)NC1=O,hepta_251,3828,-6.95,7,7,Circle,0.140413,0.0572936,-29.6209,9.154,7.702,1.452,0.101332,0.038187,8.419,7.18,1.239,49,39,,val,-0.4750000000000001,0,0.0,valid,train,train,valid,train,train,train,test,train,valid,-0.2200664
3808,2020_Townsend,CC(C)C[C@H]1C(=O)N[C@@H](Cc2ccccc2)C(=O)N2CCC[C@@H]2C(=O)N[C@H](C)C(=O)N(C)[C@H](CC(C)C)C(=O)N[C@@H](Cc2ccccc2)CC(=O)N2CCC[C@H]2C(=O)N1C,hepta_231,3808,-5.04,7,7,Circle,0.172118,0.0518437,-22.1594,9.52,8.31,1.21,0.146715,0.0533644,9.295,7.992,1.303,97,82,,train,0.48,1,1.0,train,valid,train,train,train,train,train,test,train,valid,0.09102705
3804,2020_Townsend,CC(C)C[C@@H]1NC(=O)CN(Cc2ccccc2)C(=O)[C@@H](C)NC(=O)[C@H]2CCCN2C(=O)[C@H](Cc2ccccc2)NC(=O)CN(Cc2ccccc2)C(=O)[C@@H]2CCCN2C1=O,hepta_227,3804,-6.24,7,7,Circle,0.191593,0.0602851,-40.457,8.935,7.724,1.211,0.270452,0.121923,9.007,7.888,1.119,39,87,,train,-0.1200000000000001,0,0.0,train,valid,train,train,train,test,test,test,train,test,0.010694189
3801,2020_Townsend,CC(C)C[C@H]1NC(=O)[C@@H](C)NC(=O)[C@H]2CCCN2C(=O)[C@H](Cc2ccccc2)NC(=O)CN(Cc2ccccc2)C(=O)[C@@H]2CCCN2C(=O)CN(Cc2ccccc2)C1=O,hepta_224,3801,-6.54,7,7,Circle,0.19385,0.0817791,-40.7764,9.275,7.896,1.379,0.146704,0.0369268,9.275,7.89,1.385,50,100,,train,-0.27,0,0.0,train,train,train,train,valid,train,train,test,train,test,-0.15427683
3799,2020_Townsend,CC(C)C[C@@H]1NC(=O)[C@@H](C)NC(=O)[C@H]2CCCN2C(=O)[C@H](Cc2ccccc2)NC(=O)[C@@H](CC(C)C)N(C)C(=O)[C@@H]2CCCN2C(=O)C[C@H](Cc2ccccc2)NC1=O,hepta_222,3799,-10.0,7,7,Circle,0.176214,0.0426901,-29.9512,8.839,7.475,1.364,0.085876,0.0352802,8.855,7.828,1.027,73,41,,val,-1.0,0,0.0,valid,train,train,train,train,train,train,test,train,valid,-0.060573537
3795,2020_Townsend,CC(C)C[C@@H]1NC(=O)[C@@H]2CCCN2C(=O)C[C@H](Cc2ccccc2)NC(=O)[C@@H](CC(C)C)N(C)C(=O)[C@@H](C)NC(=O)[C@H]2CCCN2C(=O)[C@H](Cc2ccccc2)NC1=O,hepta_218,3795,-6.25,7,7,Circle,0.157251,0.0465425,-31.0606,9.241,7.975,1.266,0.142608,0.0474279,9.101,7.73,1.371,47,46,,train,-0.125,0,0.0,train,train,valid,valid,train,train,train,test,train,train,-0.16611023
3792,2020_Townsend,CC(C)C[C@@H]1NC(=O)[C@@H](C)NC(=O)[C@H]2CCCN2C(=O)[C@H](Cc2ccccc2)NC(=O)[C@H](CC(C)C)N(C)C(=O)[C@@H]2CCCN2C(=O)CN(Cc2ccccc2)C1=O,hepta_215,3792,-5.9,7,7,Circle,0.138115,0.045938,-46.0557,9.698,8.38,1.318,0.128279,0.0462975,9.109,7.848,1.261,4,80,,train,0.0499999999999998,1,1.0,train,train,train,train,train,train,test,test,valid,train,0.005115818
3787,2020_Townsend,CC(C)C[C@@H]1NC(=O)[C@@H](C)NC(=O)[C@H]2CCCN2C(=O)[C@H](Cc2ccccc2)NC(=O)[C@@H](CC(C)C)N(C)C(=O)[C@@H]2CCCN2C(=O)CN(Cc2ccccc2)C1=O,hepta_210,3787,-5.75,7,7,Circle,0.167184,0.0704507,-41.0716,9.24,7.834,1.406,0.144209,0.0632972,8.851,7.463,1.388,2,71,,test,0.125,1,1.0,test,train,train,train,train,train,train,test,train,train,0.028601531
3771,2020_Townsend,CC(C)C[C@@H]1NC(=O)[C@H](CC(C)C)N(C)C(=O)[C@@H](C)NC(=O)[C@H]2CCCN2C(=O)[C@H](Cc2ccccc2)NC(=O)[C@H](CC(C)C)N(C)C(=O)[C@@H]2CCCN2C1=O,hepta_194,3771,-5.72,7,7,Circle,0.254343,0.0973913,-33.8771,9.389,8.045,1.344,0.125089,0.0461654,8.948,7.807,1.141,4,80,,train,0.1400000000000001,1,1.0,train,train,train,train,train,train,test,test,train,test,0.20074612
3760,2020_Townsend,CC(C)C[C@H]1C(=O)N[C@@H](Cc2ccccc2)C(=O)N2CCC[C@@H]2C(=O)N[C@H](C)C(=O)N[C@H](CC(C)C)C(=O)N(C)[C@@H](CC(C)C)C(=O)N2CCC[C@H]2C(=O)N1C,hepta_183,3760,-5.78,7,7,Circle,0.121026,0.0414336,-24.1545,8.842,7.769,1.073,0.135965,0.0507135,8.666,7.488,1.178,46,78,,train,0.1099999999999998,1,1.0,train,train,train,train,train,valid,train,test,train,train,-0.0010786317
3751,2020_Townsend,CC(C)C[C@H]1C(=O)N[C@@H](Cc2ccccc2)C(=O)N2CCC[C@@H]2C(=O)N[C@H](C)C(=O)N(C)[C@H](CC(C)C)C(=O)N[C@H](CC(C)C)C(=O)N2CCC[C@H]2C(=O)N1C,hepta_174,3751,-6.2,7,7,Circle,0.126217,0.0397747,-27.018,9.004,7.819,1.185,0.119844,0.045378,8.764,7.63,1.134,72,55,,train,-0.1,0,0.0,train,train,train,train,valid,train,train,test,train,train,0.20360757
3726,2020_Townsend,CC(C)C[C@H]1C(=O)N[C@@H](Cc2ccccc2)C(=O)N2CCC[C@@H]2C(=O)N[C@@H](C)C(=O)N(Cc2ccccc2)CC(=O)N[C@@H](Cc2ccccc2)CC(=O)N2CCC[C@H]2C(=O)N1C,hepta_149,3726,-5.63,7,7,Circle,0.16075,0.0589701,-27.2397,9.015,7.766,1.249,0.153584,0.046844,8.995,7.731,1.264,57,66,,train,0.185,1,1.0,train,train,train,train,train,train,valid,test,train,train,0.12473923
3719,2020_Townsend,CC(C)C[C@H]1C(=O)N[C@@H](Cc2ccccc2)C(=O)N2CCC[C@@H]2C(=O)N[C@@H](C)C(=O)N(C)[C@H](CC(C)C)C(=O)N[C@@H](Cc2ccccc2)CC(=O)N2CCC[C@H]2C(=O)N1C,hepta_142,3719,-5.94,7,7,Circle,0.167081,0.0516301,-19.1261,9.167,7.911,1.256,0.140253,0.0399984,9.279,8.019,1.26,50,38,,train,0.0299999999999998,1,1.0,train,train,train,train,test,train,train,test,train,valid,0.15073915
3711,2020_Townsend,CC(C)C[C@H]1C(=O)N[C@@H](Cc2ccccc2)C(=O)N2CCC[C@@H]2C(=O)N[C@@H](C)C(=O)N(C)[C@H](CC(C)C)C(=O)N(Cc2ccccc2)CC(=O)N2CCC[C@H]2C(=O)N1C,hepta_134,3711,-5.56,7,7,Circle,0.17197,0.0651076,-34.2457,9.341,8.219,1.122,0.112346,0.0401503,8.709,7.538,1.171,16,54,,train,0.2200000000000002,1,1.0,train,valid,train,train,train,train,train,test,train,valid,0.100942194
3709,2020_Townsend,CC(C)C[C@@H]1C(=O)N(Cc2ccccc2)CC(=O)N2CCC[C@H]2C(=O)N(C)[C@H](CC(C)C)C(=O)N[C@@H](Cc2ccccc2)C(=O)N2CCC[C@@H]2C(=O)N[C@@H](C)C(=O)N1C,hepta_132,3709,-5.81,7,7,Circle,0.197382,0.0835868,-38.4677,9.466,8.122,1.344,0.149577,0.0619208,8.682,7.487,1.195,12,53,,train,0.0950000000000002,1,1.0,train,train,test,train,train,train,train,test,train,train,0.072508715
3690,2020_Townsend,CC(C)C[C@@H]1NC(=O)[C@@H]2CCCN2C(=O)CN(Cc2ccccc2)C(=O)[C@H](CC(C)C)NC(=O)[C@H](C)NC(=O)[C@H]2CCCN2C(=O)[C@H](Cc2ccccc2)NC1=O,hepta_113,3690,-6.17,7,7,Circle,0.213974,0.0921817,-32.6696,9.075,7.697,1.378,0.157314,0.0467644,8.405,7.321,1.084,13,33,,train,-0.0849999999999999,0,0.0,train,train,train,valid,train,train,train,test,train,train,-0.281945
3679,2020_Townsend,CC(C)C[C@@H]1NC(=O)[C@H](C)NC(=O)[C@H]2CCCN2C(=O)[C@H](Cc2ccccc2)NC(=O)[C@@H](CC(C)C)N(C)C(=O)[C@@H]2CCCN2C(=O)[C@@H](CC(C)C)N(C)C1=O,hepta_102,3679,-6.1,7,7,Circle,0.155363,0.0493567,-27.0605,9.259,7.941,1.318,0.141759,0.0406616,9.141,7.873,1.268,38,71,,val,-0.0499999999999998,0,0.0,valid,train,train,train,train,valid,train,test,train,valid,0.100548685
3675,2020_Townsend,CC(C)C[C@H]1NC(=O)[C@@H]2CCCN2C(=O)[C@@H](CC(C)C)N(C)C(=O)[C@@H](CC(C)C)N(C)C(=O)[C@H](C)NC(=O)[C@H]2CCCN2C(=O)[C@H](Cc2ccccc2)NC1=O,hepta_98,3675,-6.22,7,7,Circle,0.167743,0.0682495,-21.5141,8.859,7.653,1.206,0.129695,0.0509063,9.1,7.867,1.233,49,14,,test,-0.1099999999999998,0,0.0,test,train,train,test,test,train,test,test,train,train,0.09342669
3669,2020_Townsend,CC(C)C[C@@H]1NC(=O)[C@@H](CC(C)C)NC(=O)[C@H](C)NC(=O)[C@H]2CCCN2C(=O)[C@H](Cc2ccccc2)NC(=O)[C@H](CC(C)C)N(C)C(=O)[C@@H]2CCCN2C1=O,hepta_92,3669,-6.34,7,7,Circle,0.146635,0.0453074,-37.7525,9.276,7.791,1.485,0.124751,0.03934,8.687,7.518,1.169,55,68,,val,-0.1699999999999999,0,0.0,valid,train,train,train,train,train,train,test,test,train,-0.060131956
3666,2020_Townsend,CC(C)C[C@@H]1NC(=O)[C@@H](CC(C)C)N(C)C(=O)[C@H](C)NC(=O)[C@H]2CCCN2C(=O)[C@H](Cc2ccccc2)NC(=O)[C@@H](CC(C)C)NC(=O)[C@@H]2CCCN2C1=O,hepta_89,3666,-6.08,7,7,Circle,0.130932,0.0517835,-23.0409,8.675,7.422,1.253,0.129364,0.0408467,8.782,7.557,1.225,18,85,,train,-0.04,0,0.0,train,train,train,test,train,train,train,test,train,train,0.0043175146
3655,2020_Townsend,CC(C)C[C@@H]1NC(=O)[C@@H](CC(C)C)NC(=O)[C@H](C)NC(=O)[C@H]2CCCN2C(=O)[C@H](Cc2ccccc2)NC(=O)[C@@H](CC(C)C)NC(=O)[C@@H]2CCCN2C1=O,hepta_78,3655,-10.0,7,7,Circle,0.150941,0.0579433,-26.4437,8.689,7.318,1.371,0.14757,0.0482748,8.354,7.091,1.263,82,48,,train,-1.0,0,0.0,train,train,train,train,train,valid,train,test,valid,train,-0.33259878
3622,2020_Townsend,CCCN1CC(=O)N[C@H](CC(C)C)C(=O)N(C)[C@@H](CC(C)C)C(=O)N2CCC[C@H]2C(=O)N(Cc2ccccc2)CC(=O)N[C@@H](Cc2ccccc2)C(=O)N2CCC[C@@H]2C1=O,hepta_45,3622,-5.36,7,7,Circle,0.253605,0.126821,-35.3465,9.724,8.489,1.235,0.1344,0.0415025,9.21,8.209,1.001,8,97,,train,0.3199999999999998,1,1.0,train,train,train,train,train,train,train,test,train,test,0.20521802
3617,2020_Townsend,CCCN1CC(=O)N(C)[C@H](CC(C)C)C(=O)N(C)[C@@H](CC(C)C)C(=O)N2CCC[C@H]2C(=O)N(C)[C@H](CC(C)C)C(=O)N[C@@H](Cc2ccccc2)C(=O)N2CCC[C@@H]2C1=O,hepta_40,3617,-4.94,7,7,Circle,0.155093,0.0593809,-18.4624,9.718,8.606,1.112,0.142904,0.0405336,9.147,8.026,1.121,60,23,,test,0.5299999999999998,1,1.0,test,valid,train,train,train,train,train,test,train,train,0.3588682
3596,2020_Townsend,CCCN1CC(=O)N(C)[C@H](CC(C)C)C(=O)N(C)[C@H](CC(C)C)C(=O)N2CCC[C@H]2C(=O)N[C@H](CC(C)C)C(=O)N[C@@H](Cc2ccccc2)C(=O)N2CCC[C@@H]2C1=O,hepta_19,3596,-5.81,7,7,Circle,0.17854,0.0579344,-42.587,10.019,8.785,1.234,0.139977,0.04614,9.55,8.564,0.986,13,3,,train,0.0950000000000002,1,1.0,train,train,train,train,train,train,train,test,train,test,0.19041382
3589,2020_Townsend,CCCN1CC(=O)N(C)[C@@H](CC(C)C)C(=O)N[C@H](CC(C)C)C(=O)N2CCC[C@H]2C(=O)N[C@@H](CC(C)C)C(=O)N[C@@H](Cc2ccccc2)C(=O)N2CCC[C@@H]2C1=O,hepta_12,3589,-6.69,7,7,Circle,0.191973,0.0654496,-32.8749,9.671,8.391,1.28,0.152779,0.0453635,9.285,8.068,1.217,26,55,,train,-0.3450000000000002,0,0.0,train,train,train,train,train,train,test,test,valid,train,0.17994112
3575,2020_Townsend,CC(C)C[C@@H]1C(=O)N[C@@H](Cc2ccccc2)C(=O)N(C)[C@H](C)C(=O)N(Cc2ccccc2)CC(=O)N[C@@H](Cc2ccccc2)CC(=O)N2CCC[C@@H]2C(=O)N1C,hexa_1061,3575,-10.0,6,6,Circle,0.183613,0.0708599,-25.5206,8.681,7.51,1.171,0.15433,0.0420344,8.763,7.784,0.979,42,45,,train,-1.0,0,0.0,train,train,train,train,train,train,train,test,valid,train,0.29802594
3567,2020_Townsend,CC(C)C[C@@H]1C(=O)N[C@@H](Cc2ccccc2)CC(=O)N2CCC[C@@H]2C(=O)N(C)[C@H](CC(C)C)C(=O)N[C@@H](Cc2ccccc2)C(=O)N(C)[C@H](C)C(=O)N1C,hexa_1053,3567,-5.58,6,6,Circle,0.195516,0.0515285,-21.9112,8.864,7.871,0.993,0.15467,0.0395829,8.604,7.626,0.978,56,83,,train,0.2099999999999999,1,1.0,train,valid,test,train,train,train,train,test,train,train,0.26540914
3566,2020_Townsend,CC(C)C[C@@H]1NC(=O)[C@@H](C)N(C)C(=O)[C@H](Cc2ccccc2)NC(=O)CN(Cc2ccccc2)C(=O)[C@H]2CCCN2C(=O)CN(Cc2ccccc2)C1=O,hexa_1052,3566,-5.72,6,6,Circle,0.169779,0.0643523,-24.9217,8.322,7.313,1.009,0.166287,0.0472875,8.421,7.257,1.164,71,37,,val,0.1400000000000001,1,1.0,valid,valid,train,train,train,train,train,test,train,valid,0.085555956
3564,2020_Townsend,CC(C)C[C@H]1C(=O)N2CCC[C@@H]2C(=O)N(Cc2ccccc2)CC(=O)N[C@@H](Cc2ccccc2)C(=O)N(C)[C@H](C)C(=O)N(C)[C@H](CC(C)C)C(=O)N1C,hexa_1050,3564,-5.43,6,6,Circle,0.141887,0.0361044,-20.2518,8.499,7.518,0.981,0.135287,0.0386272,8.349,7.468,0.881,30,33,,train,0.2850000000000001,1,1.0,train,train,train,train,train,valid,train,test,train,train,0.4222413
3537,2020_Townsend,CC(C)C[C@@H]1NC(=O)[C@@H](C)N(C)C(=O)[C@H](Cc2ccccc2)NC(=O)[C@H](CC(C)C)N(C)C(=O)[C@H]2CCCN2C(=O)[C@H](CC(C)C)N(C)C1=O,hexa_1023,3537,-4.87,6,6,Circle,0.135933,0.0486409,-21.1719,8.455,7.39,1.065,0.110865,0.0415242,8.368,7.369,0.999,66,97,,test,0.565,1,1.0,test,test,train,train,train,train,test,test,train,train,0.5128192
3526,2020_Townsend,CC(C)C[C@@H]1NC(=O)[C@H]2CCCN2C(=O)[C@H](CC(C)C)N(C)C(=O)[C@@H](CC(C)C)N(C)C(=O)[C@@H](C)N(C)C(=O)[C@H](Cc2ccccc2)NC1=O,hexa_1012,3526,-5.55,6,6,Circle,0.178632,0.0654896,-22.2402,8.4,7.288,1.112,0.149913,0.0374866,8.373,7.295,1.078,74,84,,train,0.2250000000000001,1,1.0,train,train,train,train,train,train,train,test,test,train,0.34797004
3523,2020_Townsend,CC(C)C[C@@H]1NC(=O)[C@@H](CC(C)C)N(C)C(=O)[C@@H](C)N(C)C(=O)[C@H](Cc2ccccc2)NC(=O)[C@@H](CC(C)C)N(C)C(=O)[C@H]2CCCN2C1=O,hexa_1009,3523,-5.06,6,6,Circle,0.161573,0.0629513,-27.9457,8.431,7.29,1.141,0.116759,0.0393448,8.328,7.152,1.176,45,35,,test,0.4700000000000002,1,1.0,test,train,train,train,test,train,train,test,train,test,0.524034
3522,2020_Townsend,CC(C)C[C@H]1C(=O)N2CCC[C@@H]2C(=O)N[C@H](CC(C)C)C(=O)N[C@@H](Cc2ccccc2)C(=O)N(C)[C@H](C)C(=O)N(C)[C@H](CC(C)C)C(=O)N1C,hexa_1008,3522,-5.04,6,6,Circle,0.17245,0.0624618,-21.0086,8.49,7.364,1.126,0.183071,0.079277,8.458,7.277,1.181,4,15,,train,0.48,1,1.0,train,train,train,valid,train,train,train,test,valid,train,0.33675024
3498,2020_Townsend,CC(C)C[C@@H]1NC(=O)[C@@H](C)N(C)C(=O)[C@H](Cc2ccccc2)NC(=O)[C@H](CC(C)C)NC(=O)[C@H]2CCCN2C(=O)[C@H](CC(C)C)NC1=O,hexa_984,3498,-7.2,6,6,Circle,0.145396,0.044139,-26.045,8.271,7.103,1.168,0.132355,0.0292588,7.941,7.022,0.919,76,95,,train,-0.6000000000000001,0,0.0,train,train,train,train,train,valid,valid,test,train,train,-0.016983543
3493,2020_Townsend,CC(C)C[C@@H]1NC(=O)[C@@H](C)N(C)C(=O)[C@H](Cc2ccccc2)NC(=O)[C@@H](CC(C)C)NC(=O)[C@H]2CCCN2C(=O)[C@@H](CC(C)C)NC1=O,hexa_979,3493,-6.13,6,6,Circle,0.169079,0.085109,-37.8545,8.27,6.962,1.308,0.156215,0.0561883,8.149,7.12,1.029,72,98,,train,-0.0649999999999999,0,0.0,train,valid,valid,train,train,train,train,test,train,train,0.049101274
3474,2020_Townsend,CC(C)C[C@H]1C(=O)N(Cc2ccccc2)CC(=O)N2CCC[C@@H]2C(=O)N(C)[C@H](CC(C)C)C(=O)N[C@@H](Cc2ccccc2)C(=O)N(C)[C@@H](C)C(=O)N1C,hexa_960,3474,-5.44,6,6,Circle,0.159961,0.0405049,-21.9724,8.613,7.513,1.1,0.128148,0.0352897,8.602,7.558,1.044,44,87,,train,0.2799999999999998,1,1.0,train,train,train,train,train,train,train,test,train,train,0.45436713
3440,2020_Townsend,CC(C)C[C@H]1NC(=O)[C@H](C)N(C)C(=O)[C@H](Cc2ccccc2)NC(=O)CN(Cc2ccccc2)C(=O)[C@H]2CCCN2C(=O)[C@@H](CC(C)C)NC1=O,hexa_926,3440,-6.02,6,6,Circle,0.173846,0.0521748,-30.9546,8.338,7.017,1.321,0.138258,0.0443756,8.159,6.873,1.286,35,27,,train,-0.0099999999999997,0,0.0,train,valid,valid,train,train,train,train,test,train,valid,0.15540616
3423,2020_Townsend,CC(C)C[C@H]1C(=O)N[C@@H](Cc2ccccc2)C(=O)N(C)[C@@H](C)C(=O)N[C@H](CC(C)C)C(=O)N[C@H](CC(C)C)C(=O)N2CCC[C@@H]2C(=O)N1C,hexa_909,3423,-6.18,6,6,Circle,0.167947,0.0680049,-25.0814,8.509,7.237,1.272,0.155447,0.0665208,8.494,7.26,1.234,4,97,-6.24,test,-0.0899999999999998,0,0.0,train,train,train,train,train,test,train,test,test,train,0.31529495
3422,2020_Townsend,CC(C)C[C@@H]1NC(=O)[C@H]2CCCN2C(=O)[C@@H](CC(C)C)NC(=O)[C@@H](CC(C)C)N(C)C(=O)[C@H](C)N(C)C(=O)[C@H](Cc2ccccc2)NC1=O,hexa_908,3422,-5.59,6,6,Circle,0.145678,0.038723,-32.2737,8.603,7.375,1.228,0.238872,0.112821,8.364,7.049,1.315,2,8,,train,0.205,1,1.0,train,train,train,train,train,train,train,test,train,train,0.22381835
3411,2020_Townsend,CC(C)C[C@H]1NC(=O)[C@H](C)N(C)C(=O)[C@H](Cc2ccccc2)NC(=O)[C@@H](CC(C)C)NC(=O)[C@H]2CCCN2C(=O)[C@@H](CC(C)C)NC1=O,hexa_897,3411,-5.06,6,6,Circle,0.168446,0.0704409,-30.2541,8.33,7.066,1.264,0.12058,0.027982,7.917,6.854,1.063,83,42,,train,0.4700000000000002,1,1.0,train,train,train,train,train,train,train,test,train,train,-0.094422355
3404,2020_Townsend,CC(C)C[C@H]1C(=O)N[C@@H](Cc2ccccc2)C(=O)N(C)[C@H](C)C(=O)N(C)[C@@H](CC(C)C)C(=O)N[C@@H](Cc2ccccc2)CC(=O)N2CCC[C@H]2C(=O)N1C,hexa_890,3404,-5.1,6,6,Circle,0.233502,0.0884504,-19.796,8.819,7.769,1.05,0.152776,0.0495329,8.615,7.639,0.976,28,66,,test,0.4500000000000002,1,1.0,test,train,train,train,train,train,train,test,train,test,0.42827514
3402,2020_Townsend,CC(C)C[C@H]1NC(=O)[C@@H](C)N(C)C(=O)[C@H](Cc2ccccc2)NC(=O)CN(Cc2ccccc2)C(=O)[C@@H]2CCCN2C(=O)C[C@H](Cc2ccccc2)NC1=O,hexa_888,3402,-5.9,6,6,Circle,0.226795,0.0710555,-42.9899,9.047,7.99,1.057,0.174846,0.042765,8.445,7.388,1.057,31,84,,train,0.0499999999999998,1,1.0,train,train,valid,test,train,test,train,test,train,train,0.13862236
3371,2020_Townsend,CC(C)C[C@H]1NC(=O)[C@@H]2CCCN2C(=O)CN(Cc2ccccc2)C(=O)[C@@H](CC(C)C)N(C)C(=O)[C@@H](C)N(C)C(=O)[C@H](Cc2ccccc2)NC1=O,hexa_857,3371,-6.22,6,6,Circle,0.132254,0.0339188,-28.9055,8.472,7.318,1.154,0.155122,0.0496907,8.239,7.159,1.08,2,24,,train,-0.1099999999999998,0,0.0,train,train,train,train,train,train,train,test,train,train,0.15869264
3352,2020_Townsend,CC(C)C[C@H]1C(=O)N[C@@H](Cc2ccccc2)C(=O)N(C)[C@H](C)C(=O)N(C)[C@H](CC(C)C)C(=O)N[C@H](CC(C)C)C(=O)N2CCC[C@H]2C(=O)N1C,hexa_838,3352,-4.85,6,6,Circle,0.118043,0.0358086,-13.4662,8.37,7.461,0.909,0.131139,0.0379167,8.627,7.393,1.234,54,96,,train,0.5750000000000002,1,1.0,train,train,train,train,test,train,train,test,test,test,0.5493487
3332,2020_Townsend,CC(C)C[C@@H]1NC(=O)[C@@H](C)N(C)C(=O)[C@H](Cc2ccccc2)NC(=O)[C@@H](CC(C)C)NC(=O)[C@@H]2CCCN2C(=O)[C@@H](CC(C)C)N(C)C1=O,hexa_818,3332,-5.14,6,6,Circle,0.158367,0.0466579,-24.3753,8.508,7.204,1.304,0.145689,0.0472624,8.281,7.185,1.096,65,49,,train,0.4300000000000001,1,1.0,train,train,valid,train,train,train,valid,test,train,train,0.3163269
3326,2020_Townsend,CC(C)C[C@@H]1NC(=O)[C@@H]2CCCN2C(=O)[C@H](CC(C)C)NC(=O)[C@H](CC(C)C)NC(=O)[C@@H](C)N(C)C(=O)[C@H](Cc2ccccc2)NC1=O,hexa_812,3326,-6.26,6,6,Circle,0.122874,0.0325984,-24.4975,8.156,6.963,1.193,0.153729,0.0508799,8.292,7.029,1.263,84,7,,train,-0.1299999999999999,0,0.0,train,train,test,train,test,test,test,test,train,test,-0.010058712
3314,2020_Townsend,CC(C)C[C@@H]1NC(=O)[C@H](C)N(C)C(=O)[C@H](Cc2ccccc2)NC(=O)CN(Cc2ccccc2)C(=O)[C@@H]2CCCN2C(=O)C[C@H](Cc2ccccc2)NC1=O,hexa_800,3314,-5.75,6,6,Circle,0.194904,0.0613559,-22.9719,8.592,7.565,1.027,0.143899,0.0348853,8.625,7.645,0.98,70,66,,test,0.125,1,1.0,test,train,train,train,valid,train,train,test,test,train,0.07477639
3303,2020_Townsend,CC(C)C[C@H]1C(=O)N(C)[C@@H](CC(C)C)C(=O)N2CCC[C@H]2C(=O)N(Cc2ccccc2)CC(=O)N[C@@H](Cc2ccccc2)C(=O)N(C)[C@@H](C)C(=O)N1C,hexa_789,3303,-5.75,6,6,Circle,0.171238,0.0389496,-24.2243,8.444,7.387,1.057,0.130993,0.0363419,8.197,7.335,0.862,72,59,,train,0.125,1,1.0,train,train,train,train,train,train,train,test,train,train,0.5750925
3293,2020_Townsend,CC(C)C[C@H]1NC(=O)[C@H](C)N(C)C(=O)[C@H](Cc2ccccc2)NC(=O)[C@@H](CC(C)C)N(C)C(=O)[C@@H]2CCCN2C(=O)C[C@H](Cc2ccccc2)NC1=O,hexa_779,3293,-5.86,6,6,Circle,0.240217,0.0822407,-23.675,8.838,7.571,1.267,0.195788,0.0755018,8.692,7.63,1.062,21,63,,train,0.0699999999999998,1,1.0,train,train,train,train,valid,train,train,test,train,test,0.25499406
3291,2020_Townsend,CC(C)C[C@@H]1NC(=O)[C@H](CC(C)C)N(C)C(=O)[C@H](C)N(C)C(=O)[C@H](Cc2ccccc2)NC(=O)CN(Cc2ccccc2)C(=O)[C@@H]2CCCN2C1=O,hexa_777,3291,-4.77,6,6,Circle,0.13999,0.0497036,-31.3582,8.469,7.27,1.199,0.143472,0.0392734,8.391,7.168,1.223,76,58,,train,0.6150000000000002,1,1.0,train,train,train,train,train,valid,train,test,train,train,0.30810532
3283,2020_Townsend,CC(C)C[C@H]1C(=O)N(Cc2ccccc2)CC(=O)N2CCC[C@H]2C(=O)N[C@H](CC(C)C)C(=O)N[C@@H](Cc2ccccc2)C(=O)N(C)[C@@H](C)C(=O)N1C,hexa_769,3283,-5.27,6,6,Circle,0.228477,0.0861416,-27.9571,8.42,7.292,1.128,0.135738,0.0347317,8.028,6.948,1.08,71,9,,train,0.3650000000000002,1,1.0,train,train,train,train,valid,train,train,test,train,train,0.15470509
3282,2020_Townsend,CC(C)C[C@@H]1NC(=O)[C@@H]2CCCN2C(=O)CN(Cc2ccccc2)C(=O)[C@@H](CC(C)C)N(C)C(=O)[C@H](C)N(C)C(=O)[C@H](Cc2ccccc2)NC1=O,hexa_768,3282,-10.0,6,6,Circle,0.198122,0.0638909,-22.6211,8.102,7.134,0.968,0.151319,0.033578,8.342,7.517,0.825,39,59,,val,-1.0,0,0.0,valid,train,train,train,train,valid,train,test,valid,train,0.108141765
3279,2020_Townsend,CC(C)C[C@H]1C(=O)N(C)[C@H](CC(C)C)C(=O)N2CCC[C@H]2C(=O)N(C)[C@@H](CC(C)C)C(=O)N[C@@H](Cc2ccccc2)C(=O)N(C)[C@@H](C)C(=O)N1C,hexa_765,3279,-4.72,6,6,Circle,0.192918,0.073539,-13.9742,8.446,7.469,0.977,0.141862,0.0457385,8.278,7.297,0.981,63,33,,train,0.6400000000000001,1,1.0,train,train,train,train,train,train,train,test,test,train,0.666768
3277,2020_Townsend,CC(C)C[C@H]1C(=O)N(C)[C@@H](CC(C)C)C(=O)N2CCC[C@H]2C(=O)N(C)[C@H](CC(C)C)C(=O)N[C@@H](Cc2ccccc2)C(=O)N(C)[C@@H](C)C(=O)N1C,hexa_763,3277,-4.84,6,6,Circle,0.151936,0.0508789,-27.471,8.763,7.85,0.913,0.186248,0.0529854,8.454,7.606,0.848,14,59,,train,0.5800000000000001,1,1.0,train,train,train,train,train,train,train,test,train,train,0.6618465
3272,2020_Townsend,CC(C)C[C@H]1C(=O)N2CCC[C@H]2C(=O)N(C)[C@H](CC(C)C)C(=O)N[C@@H](Cc2ccccc2)C(=O)N(C)[C@@H](C)C(=O)N(C)[C@H](CC(C)C)C(=O)N1C,hexa_758,3272,-4.0,6,6,Circle,0.142542,0.0386346,-16.4109,8.551,7.5,1.051,0.141119,0.036705,8.661,7.653,1.008,51,3,,train,1.0,1,1.0,train,train,train,train,test,train,train,test,train,train,0.6347658
3253,2020_Townsend,CC(C)C[C@@H]1NC(=O)[C@@H](CC(C)C)N(C)C(=O)[C@H](C)N(C)C(=O)[C@H](Cc2ccccc2)NC(=O)[C@@H](CC(C)C)N(C)C(=O)[C@@H]2CCCN2C1=O,hexa_739,3253,-4.0,6,6,Circle,0.147656,0.0412406,-17.4143,8.671,7.541,1.13,0.151982,0.0393595,8.621,7.499,1.122,72,12,,train,1.0,1,1.0,train,test,train,train,train,train,train,test,train,valid,0.5113283
3248,2020_Townsend,CC(C)C[C@H]1C(=O)N[C@@H](Cc2ccccc2)C(=O)N(C)[C@@H](C)C(=O)N(C)[C@H](CC(C)C)C(=O)N[C@H](CC(C)C)C(=O)N2CCC[C@H]2C(=O)N1C,hexa_734,3248,-4.74,6,6,Circle,0.162136,0.0589113,-19.5156,8.478,7.28,1.198,0.158636,0.0482987,8.485,7.275,1.21,65,43,,train,0.6299999999999999,1,1.0,train,train,test,train,train,train,train,test,train,test,0.5821294
3245,2020_Townsend,CC(C)C[C@H]1NC(=O)[C@H](C)N(C)C(=O)[C@H](Cc2ccccc2)NC(=O)[C@@H](CC(C)C)N(C)C(=O)[C@@H]2CCCN2C(=O)[C@@H](CC(C)C)N(C)C1=O,hexa_731,3245,-4.86,6,6,Circle,0.147295,0.0450599,-23.7808,8.721,7.529,1.192,0.161537,0.039779,8.606,7.546,1.06,4,15,,train,0.5699999999999998,1,1.0,train,train,train,train,train,valid,train,test,train,train,0.5052074
3227,2020_Townsend,CC(C)C[C@@H]1NC(=O)[C@@H]2CCCN2C(=O)[C@@H](CC(C)C)NC(=O)[C@@H](CC(C)C)N(C)C(=O)[C@H](C)N(C)C(=O)[C@H](Cc2ccccc2)NC1=O,hexa_713,3227,-6.01,6,6,Circle,0.200877,0.0833617,-26.2959,8.303,7.058,1.245,0.145203,0.0419135,8.073,6.865,1.208,10,53,,train,-0.0049999999999998,0,0.0,train,train,train,test,train,train,train,test,train,train,0.32149753
3222,2020_Townsend,CC(C)C[C@@H]1NC(=O)[C@H](C)N(C)C(=O)[C@H](Cc2ccccc2)NC(=O)[C@H](CC(C)C)NC(=O)[C@@H]2CCCN2C(=O)[C@@H](CC(C)C)NC1=O,hexa_708,3222,-5.42,6,6,Circle,0.145425,0.0433841,-39.2371,8.191,6.75,1.441,0.203103,0.0647066,8.168,6.971,1.197,95,60,,train,0.29,1,1.0,train,train,test,train,train,train,train,test,train,train,0.029311003
3219,2020_Townsend,CC(C)C[C@@H]1NC(=O)[C@H](C)N(C)C(=O)[C@H](Cc2ccccc2)NC(=O)[C@@H](CC(C)C)NC(=O)[C@@H]2CCCN2C(=O)[C@@H](CC(C)C)NC1=O,hexa_705,3219,-5.61,6,6,Circle,0.173481,0.0639317,-34.7139,8.434,7.112,1.322,0.104493,0.0390986,7.917,6.661,1.256,2,82,,train,0.1949999999999998,1,1.0,train,train,train,train,train,train,train,test,train,valid,0.056562558
3209,2020_Townsend,CC(C)C[C@H]1C(=O)N[C@@H](Cc2ccccc2)C(=O)N[C@H](C)C(=O)N(C)[C@H](CC(C)C)C(=O)N[C@@H](Cc2ccccc2)CC(=O)N2CCC[C@@H]2C(=O)N1C,hexa_695,3209,-5.3,6,6,Circle,0.163603,0.0384853,-33.484,8.725,7.726,0.999,0.151454,0.0547226,8.624,7.363,1.261,40,4,,train,0.3500000000000001,1,1.0,train,valid,train,train,train,test,train,test,train,train,0.083780125
3208,2020_Townsend,CC(C)C[C@@H]1NC(=O)[C@@H](C)NC(=O)[C@H](Cc2ccccc2)NC(=O)CN(Cc2ccccc2)C(=O)[C@H]2CCCN2C(=O)CN(Cc2ccccc2)C1=O,hexa_694,3208,-5.74,6,6,Circle,0.215415,0.0890809,-27.3017,8.395,7.292,1.103,0.139763,0.0465211,8.206,7.015,1.191,45,88,,train,0.1299999999999999,1,1.0,train,valid,train,train,train,train,train,test,train,train,0.0036696345
3205,2020_Townsend,CC(C)C[C@H]1C(=O)N(Cc2ccccc2)CC(=O)N2CCC[C@@H]2C(=O)N(C)[C@@H](CC(C)C)C(=O)N[C@@H](Cc2ccccc2)C(=O)N[C@H](C)C(=O)N1C,hexa_691,3205,-5.34,6,6,Circle,0.151458,0.0496687,-24.0381,8.579,7.574,1.005,0.138531,0.0373349,7.702,6.623,1.079,95,7,,train,0.33,1,1.0,train,train,train,train,test,train,train,test,train,train,0.24005449
3201,2020_Townsend,CC(C)C[C@H]1C(=O)N(Cc2ccccc2)CC(=O)N2CCC[C@@H]2C(=O)N(C)[C@H](CC(C)C)C(=O)N[C@@H](Cc2ccccc2)C(=O)N[C@H](C)C(=O)N1C,hexa_687,3201,-5.25,6,6,Circle,0.147416,0.0451031,-28.7269,8.384,7.243,1.141,0.114811,0.0369797,8.268,7.366,0.902,61,46,,val,0.375,1,1.0,valid,train,train,train,valid,train,train,test,valid,train,0.20140421
3176,2020_Townsend,CC(C)C[C@H]1NC(=O)[C@@H](C)NC(=O)[C@H](Cc2ccccc2)NC(=O)[C@@H](CC(C)C)NC(=O)[C@H]2CCCN2C(=O)C[C@H](Cc2ccccc2)NC1=O,hexa_662,3176,-6.01,6,6,Circle,0.184883,0.047395,-30.8872,8.535,7.313,1.222,0.169648,0.0439706,8.662,7.522,1.14,35,98,,train,-0.0049999999999998,0,0.0,train,train,train,train,train,train,train,test,train,train,-0.28982958
3164,2020_Townsend,CC(C)C[C@@H]1NC(=O)[C@@H](C)NC(=O)[C@H](Cc2ccccc2)NC(=O)CN(Cc2ccccc2)C(=O)[C@H]2CCCN2C(=O)[C@@H](CC(C)C)NC1=O,hexa_650,3164,-5.89,6,6,Circle,0.14706,0.0343972,-29.7026,7.81,6.646,1.164,0.183522,0.0464702,8.444,7.167,1.277,22,87,,train,0.0550000000000001,1,1.0,train,train,train,test,test,valid,train,test,train,train,-0.037148837
3160,2020_Townsend,CC(C)C[C@@H]1NC(=O)[C@H](CC(C)C)N(C)C(=O)[C@@H](C)NC(=O)[C@H](Cc2ccccc2)NC(=O)[C@@H](CC(C)C)N(C)C(=O)[C@H]2CCCN2C1=O,hexa_646,3160,-4.88,6,6,Circle,0.147366,0.0475642,-23.5163,8.368,7.256,1.112,0.136689,0.0384573,8.298,7.307,0.991,88,44,,train,0.56,1,1.0,train,train,train,train,test,test,train,test,valid,train,0.41156554
3158,2020_Townsend,CC(C)C[C@@H]1NC(=O)[C@@H](C)NC(=O)[C@H](Cc2ccccc2)NC(=O)[C@H](CC(C)C)N(C)C(=O)[C@H]2CCCN2C(=O)[C@@H](CC(C)C)N(C)C1=O,hexa_644,3158,-5.47,6,6,Circle,0.136643,0.0417209,-24.4636,8.195,7.025,1.17,0.102462,0.0325116,8.251,7.181,1.07,35,91,,train,0.2650000000000001,1,1.0,train,train,train,train,train,train,train,test,valid,train,0.16327234
3123,2020_Townsend,CC(C)C[C@@H]1NC(=O)[C@@H](C)NC(=O)[C@H](Cc2ccccc2)NC(=O)[C@@H](CC(C)C)NC(=O)[C@H]2CCCN2C(=O)[C@H](CC(C)C)NC1=O,hexa_609,3123,-6.34,6,6,Circle,0.176182,0.0677346,-26.9756,8.196,6.944,1.252,0.123412,0.0547684,8.067,6.922,1.145,83,97,,train,-0.1699999999999999,0,0.0,train,valid,train,train,train,train,train,test,train,valid,-0.17695934
3107,2020_Townsend,CC(C)C[C@H]1C(=O)N2CCC[C@@H]2C(=O)N(Cc2ccccc2)CC(=O)N[C@@H](Cc2ccccc2)C(=O)N[C@@H](C)C(=O)N(C)[C@H](CC(C)C)C(=O)N1C,hexa_593,3107,-5.28,6,6,Circle,0.186165,0.0887146,-23.1163,8.339,7.171,1.168,0.174099,0.0724833,8.276,7.223,1.053,25,66,,train,0.3599999999999999,1,1.0,train,train,test,train,train,train,train,test,train,train,0.30540016
3103,2020_Townsend,CC(C)C[C@@H]1NC(=O)[C@H](C)NC(=O)[C@H](Cc2ccccc2)NC(=O)[C@@H](CC(C)C)N(C)C(=O)[C@H]2CCCN2C(=O)C[C@H](Cc2ccccc2)NC1=O,hexa_589,3103,-5.99,6,6,Circle,0.173832,0.0394525,-23.5236,8.499,7.333,1.166,0.139537,0.0386081,8.557,7.445,1.112,74,22,,train,0.0049999999999998,1,1.0,train,train,train,train,train,train,train,test,train,train,-0.049525384
3094,2020_Townsend,CC(C)C[C@@H]1NC(=O)[C@H]2CCCN2C(=O)CN(Cc2ccccc2)C(=O)[C@H](CC(C)C)N(C)C(=O)[C@H](C)NC(=O)[C@H](Cc2ccccc2)NC1=O,hexa_580,3094,-10.0,6,6,Circle,0.168594,0.0462064,-27.8287,8.164,7.071,1.093,0.166354,0.0397242,8.112,7.043,1.069,23,39,,test,-1.0,0,0.0,test,test,valid,train,train,train,train,test,train,train,-0.112470806
3093,2020_Townsend,CC(C)C[C@@H]1NC(=O)[C@@H](CC(C)C)N(C)C(=O)[C@H](C)NC(=O)[C@H](Cc2ccccc2)NC(=O)CN(Cc2ccccc2)C(=O)[C@H]2CCCN2C1=O,hexa_579,3093,-5.09,6,6,Circle,0.171941,0.0734757,-26.2545,8.369,7.255,1.114,0.173062,0.0580426,8.291,7.267,1.024,99,44,,train,0.455,1,1.0,train,train,train,train,test,train,train,test,train,train,0.2524395
3083,2020_Townsend,CC(C)C[C@H]1NC(=O)[C@H](C)NC(=O)[C@H](Cc2ccccc2)NC(=O)CN(Cc2ccccc2)C(=O)[C@H]2CCCN2C(=O)[C@@H](CC(C)C)N(C)C1=O,hexa_569,3083,-6.23,6,6,Circle,0.207379,0.0757323,-28.8855,8.164,7.004,1.16,0.127571,0.029401,8.189,6.967,1.222,71,78,,train,-0.1150000000000002,0,0.0,train,train,train,train,train,test,train,test,test,train,0.044845898
3074,2020_Townsend,CC(C)C[C@@H]1NC(=O)[C@@H](CC(C)C)NC(=O)[C@H](C)NC(=O)[C@H](Cc2ccccc2)NC(=O)CN(Cc2ccccc2)C(=O)[C@H]2CCCN2C1=O,hexa_560,3074,-5.56,6,6,Circle,0.166349,0.0616507,-29.0373,8.182,6.955,1.227,0.119882,0.0297849,8.215,7.107,1.108,55,77,,train,0.2200000000000002,1,1.0,train,train,train,train,train,train,train,test,train,train,0.039393447
3072,2020_Townsend,CC(C)C[C@@H]1NC(=O)[C@H](C)NC(=O)[C@H](Cc2ccccc2)NC(=O)CN(Cc2ccccc2)C(=O)[C@H]2CCCN2C(=O)[C@@H](CC(C)C)NC1=O,hexa_558,3072,-6.32,6,6,Circle,0.13114,0.0377055,-32.2648,8.275,7.105,1.17,0.129075,0.032113,8.196,6.953,1.243,25,55,,train,-0.1600000000000001,0,0.0,train,train,train,train,train,train,valid,test,train,train,-0.05625722
3071,2020_Townsend,CC(C)C[C@@H]1NC(=O)[C@H](C)NC(=O)[C@H](Cc2ccccc2)NC(=O)[C@@H](CC(C)C)NC(=O)[C@H]2CCCN2C(=O)CN(Cc2ccccc2)C1=O,hexa_557,3071,-6.69,6,6,Circle,0.120272,0.0397451,-33.5694,8.25,6.915,1.335,0.149445,0.0312191,7.894,6.856,1.038,47,11,,train,-0.3450000000000002,0,0.0,train,valid,train,test,train,train,train,test,test,train,-0.09429857
3068,2020_Townsend,CC(C)C[C@@H]1NC(=O)[C@H](C)NC(=O)[C@H](Cc2ccccc2)NC(=O)[C@@H](CC(C)C)N(C)C(=O)[C@H]2CCCN2C(=O)[C@H](CC(C)C)N(C)C1=O,hexa_554,3068,-5.41,6,6,Circle,0.135353,0.040686,-25.6123,8.288,7.103,1.185,0.144775,0.0414313,7.94,6.821,1.119,26,100,,train,0.2949999999999999,1,1.0,train,train,train,test,test,train,train,test,train,train,0.15450592
3063,2020_Townsend,CC(C)C[C@H]1NC(=O)[C@H](C)NC(=O)[C@H](Cc2ccccc2)NC(=O)CN(Cc2ccccc2)C(=O)[C@H]2CCCN2C(=O)[C@@H](CC(C)C)NC1=O,hexa_549,3063,-6.67,6,6,Circle,0.177344,0.0435172,-36.3639,8.541,7.185,1.356,0.200817,0.0688941,8.329,7.024,1.305,8,34,,train,-0.3349999999999999,0,0.0,train,train,train,train,train,valid,train,test,train,train,-0.07539944
3058,2020_Townsend,CC(C)C[C@H]1C(=O)N[C@@H](Cc2ccccc2)C(=O)N[C@@H](C)C(=O)N[C@H](CC(C)C)C(=O)N(C)[C@H](CC(C)C)C(=O)N2CCC[C@@H]2C(=O)N1C,hexa_544,3058,-5.65,6,6,Circle,0.139506,0.0416254,-23.6951,8.58,7.336,1.244,0.128393,0.0510366,8.287,7.363,0.924,42,71,,train,0.1749999999999998,1,1.0,train,train,valid,train,valid,train,valid,test,train,train,0.091430105
3045,2020_Townsend,CC(C)C[C@@H]1NC(=O)[C@H]2CCCN2C(=O)[C@@H](CC(C)C)NC(=O)[C@H](CC(C)C)N(C)C(=O)[C@H](C)NC(=O)[C@H](Cc2ccccc2)NC1=O,hexa_531,3045,-6.21,6,6,Circle,0.165317,0.0535062,-21.0025,8.155,7.014,1.141,0.112873,0.0326251,8.317,7.221,1.096,9,52,,train,-0.1049999999999999,0,0.0,train,train,train,train,train,train,valid,test,train,train,0.082640454
3036,2020_Townsend,CC(C)C[C@@H]1NC(=O)[C@H](C)NC(=O)[C@H](Cc2ccccc2)NC(=O)[C@@H](CC(C)C)NC(=O)[C@H]2CCCN2C(=O)[C@@H](CC(C)C)N(C)C1=O,hexa_522,3036,-10.0,6,6,Circle,0.171651,0.063811,-26.0034,8.262,7.101,1.161,0.139605,0.0547173,8.029,6.904,1.125,39,50,,train,-1.0,0,0.0,train,test,train,test,train,train,train,test,train,train,-0.018289395
3027,2020_Townsend,CC(C)C[C@@H]1NC(=O)[C@H](C)NC(=O)[C@H](Cc2ccccc2)NC(=O)[C@@H](CC(C)C)NC(=O)[C@H]2CCCN2C(=O)[C@@H](CC(C)C)NC1=O,hexa_513,3027,-10.0,6,6,Circle,0.129184,0.0392756,-24.7156,8.058,6.764,1.294,0.120635,0.0447905,7.883,6.567,1.316,49,93,,train,-1.0,0,0.0,train,train,valid,train,train,train,train,test,train,train,-0.16967252
3023,2020_Townsend,CC(C)C[C@H]1C(=O)N[C@@H](Cc2ccccc2)C(=O)N[C@H](C)C(=O)N(Cc2ccccc2)CC(=O)N[C@@H](Cc2ccccc2)CC(=O)N2CCC[C@H]2C(=O)N1C,hexa_509,3023,-5.53,6,6,Circle,0.165452,0.0419306,-28.1777,8.535,7.462,1.073,0.14761,0.0334925,8.631,7.566,1.065,100,14,,train,0.2349999999999998,1,1.0,train,train,train,train,test,test,test,test,train,valid,0.20090045
3021,2020_Townsend,CC(C)C[C@H]1C(=O)N(Cc2ccccc2)CC(=O)N2CCC[C@H]2C(=O)N(Cc2ccccc2)CC(=O)N[C@@H](Cc2ccccc2)C(=O)N[C@H](C)C(=O)N1C,hexa_507,3021,-5.34,6,6,Circle,0.176227,0.0384386,-33.0913,8.719,7.637,1.082,0.139666,0.0417395,8.37,7.431,0.939,30,29,,train,0.33,1,1.0,train,train,train,train,valid,train,train,test,valid,train,0.061754227
3019,2020_Townsend,CC(C)C[C@@H]1NC(=O)[C@@H]2CCCN2C(=O)C[C@H](Cc2ccccc2)NC(=O)CN(Cc2ccccc2)C(=O)[C@@H](C)NC(=O)[C@H](Cc2ccccc2)NC1=O,hexa_505,3019,-6.07,6,6,Circle,0.179812,0.0511838,-26.9041,8.348,7.226,1.122,0.148804,0.0387451,8.561,7.488,1.073,48,73,,train,-0.0350000000000001,0,0.0,train,valid,train,train,train,train,test,test,train,test,-0.049971823
3017,2020_Townsend,CC(C)C[C@H]1NC(=O)[C@@H]2CCCN2C(=O)C[C@H](Cc2ccccc2)NC(=O)CN(Cc2ccccc2)C(=O)[C@@H](C)NC(=O)[C@H](Cc2ccccc2)NC1=O,hexa_503,3017,-6.33,6,6,Circle,0.21977,0.0817625,-26.4453,8.296,7.121,1.175,0.164758,0.0408672,8.574,7.487,1.087,100,99,,train,-0.165,0,0.0,train,train,train,test,train,train,train,test,train,train,-0.018589407
3001,2020_Townsend,CC(C)C[C@@H]1C(=O)N[C@@H](Cc2ccccc2)C(=O)N[C@H](C)C(=O)N(C)[C@H](CC(C)C)C(=O)N(Cc2ccccc2)CC(=O)N2CCC[C@H]2C(=O)N1C,hexa_487,3001,-5.89,6,6,Circle,0.127067,0.0469233,-28.7524,8.344,7.183,1.161,0.114126,0.0343914,8.57,7.539,1.031,23,99,,train,0.0550000000000001,1,1.0,train,train,train,train,train,train,train,test,train,train,0.17465287
2987,2020_Townsend,CC(C)C[C@H]1C(=O)N[C@@H](Cc2ccccc2)C(=O)N[C@H](C)C(=O)N(C)[C@@H](CC(C)C)C(=O)N(C)[C@H](CC(C)C)C(=O)N2CCC[C@H]2C(=O)N1C,hexa_473,2987,-5.28,6,6,Circle,0.140603,0.039844,-20.8876,8.422,7.327,1.095,0.130754,0.0392171,8.441,7.407,1.034,63,82,,train,0.3599999999999999,1,1.0,train,train,train,train,train,train,train,test,test,train,0.47048333
2983,2020_Townsend,CC(C)C[C@H]1C(=O)N[C@@H](Cc2ccccc2)C(=O)N[C@H](C)C(=O)N(C)[C@H](CC(C)C)C(=O)N(C)[C@H](CC(C)C)C(=O)N2CCC[C@H]2C(=O)N1C,hexa_469,2983,-5.35,6,6,Circle,0.123541,0.0410741,-19.5444,8.252,7.166,1.086,0.150198,0.0509163,8.29,7.26,1.03,89,92,,train,0.3250000000000002,1,1.0,train,train,train,train,train,train,train,test,valid,train,0.41377097
2972,2020_Townsend,CC(C)C[C@@H]1NC(=O)[C@@H]2CCCN2C(=O)CN(Cc2ccccc2)C(=O)[C@@H](CC(C)C)NC(=O)[C@@H](C)NC(=O)[C@H](Cc2ccccc2)NC1=O,hexa_458,2972,-6.21,6,6,Circle,0.223374,0.0791412,-27.9139,8.145,6.954,1.191,0.173315,0.0421355,8.079,6.978,1.101,95,42,,train,-0.1049999999999999,0,0.0,train,train,train,test,train,test,train,test,valid,train,-0.31445652
2970,2020_Townsend,CC(C)C[C@@H]1NC(=O)[C@@H](CC(C)C)N(C)C(=O)[C@@H](C)NC(=O)[C@H](Cc2ccccc2)NC(=O)[C@H](CC(C)C)N(C)C(=O)[C@@H]2CCCN2C1=O,hexa_456,2970,-5.3,6,6,Circle,0.176505,0.0669007,-18.8316,8.432,7.297,1.135,0.154743,0.0624509,8.156,7.071,1.085,28,34,,train,0.3500000000000001,1,1.0,train,train,train,train,train,train,train,test,test,train,0.3585728
2957,2020_Townsend,CC(C)C[C@H]1C(=O)N[C@@H](Cc2ccccc2)C(=O)N[C@H](C)C(=O)N[C@H](CC(C)C)C(=O)N(C)[C@H](CC(C)C)C(=O)N2CCC[C@H]2C(=O)N1C,hexa_443,2957,-5.92,6,6,Circle,0.133017,0.0391109,-23.9705,8.357,7.147,1.21,0.130844,0.0475151,8.449,7.262,1.187,91,14,,train,0.04,1,1.0,train,valid,train,train,valid,train,train,test,train,train,0.13778825
2954,2020_Townsend,CC(C)C[C@H]1NC(=O)[C@@H](C)NC(=O)[C@H](Cc2ccccc2)NC(=O)[C@@H](CC(C)C)N(C)C(=O)[C@@H]2CCCN2C(=O)[C@@H](CC(C)C)N(C)C1=O,hexa_440,2954,-6.37,6,6,Circle,0.139362,0.0340968,-24.4166,8.401,7.178,1.223,0.138714,0.0400934,8.133,7.101,1.032,85,94,,train,-0.185,0,0.0,train,train,test,valid,train,train,valid,test,train,valid,0.13745876
2949,2020_Townsend,CC(C)C[C@@H]1NC(=O)[C@@H](C)NC(=O)[C@H](Cc2ccccc2)NC(=O)[C@@H](CC(C)C)N(C)C(=O)[C@@H]2CCCN2C(=O)[C@H](CC(C)C)NC1=O,hexa_435,2949,-6.33,6,6,Circle,0.148077,0.0418298,-25.0699,8.291,7.117,1.174,0.145167,0.0456549,8.139,6.912,1.227,79,6,,train,-0.165,0,0.0,train,valid,train,train,test,train,train,test,train,train,0.033699296
2945,2020_Townsend,CC(C)C[C@@H]1NC(=O)[C@@H](CC(C)C)N(C)C(=O)[C@@H](C)NC(=O)[C@H](Cc2ccccc2)NC(=O)[C@@H](CC(C)C)NC(=O)[C@@H]2CCCN2C1=O,hexa_431,2945,-5.8,6,6,Circle,0.206748,0.0738387,-24.9235,8.395,7.118,1.277,0.134979,0.0506859,8.34,7.127,1.213,36,82,,train,0.1,1,1.0,train,train,test,train,train,train,train,test,train,train,0.13732104
2940,2020_Townsend,CC(C)C[C@@H]1NC(=O)[C@@H]2CCCN2C(=O)[C@@H](CC(C)C)N(C)C(=O)[C@@H](CC(C)C)NC(=O)[C@@H](C)NC(=O)[C@H](Cc2ccccc2)NC1=O,hexa_426,2940,-5.67,6,6,Circle,0.168985,0.0491981,-26.4696,8.244,6.952,1.292,0.132089,0.0414263,8.102,7.033,1.069,39,68,,train,0.165,1,1.0,train,train,train,train,train,train,train,test,train,train,-0.07469787
2930,2020_Townsend,CC(C)C[C@H]1NC(=O)[C@@H]2CCCN2C(=O)[C@@H](CC(C)C)NC(=O)[C@@H](CC(C)C)NC(=O)[C@@H](C)NC(=O)[C@H](Cc2ccccc2)NC1=O,hexa_416,2930,-6.7,6,6,Circle,0.147619,0.046023,-31.3791,8.278,6.875,1.403,0.148436,0.0405074,7.736,6.645,1.091,29,74,,train,-0.3500000000000001,0,0.0,train,train,train,train,train,train,train,test,train,test,-0.13679868
2912,2020_Townsend,CC(C)C[C@H]1NC(=O)[C@H](C)NC(=O)[C@H](Cc2ccccc2)NC(=O)[C@@H](CC(C)C)N(C)C(=O)[C@@H]2CCCN2C(=O)C[C@H](Cc2ccccc2)NC1=O,hexa_398,2912,-10.0,6,6,Circle,0.181545,0.0361304,-25.2426,8.443,7.095,1.348,0.195439,0.0685892,8.045,6.852,1.193,100,98,,train,-1.0,0,0.0,train,test,valid,train,train,train,train,test,train,train,0.06245493
2904,2020_Townsend,CC(C)C[C@H]1C(=O)N2CCC[C@H]2C(=O)N(Cc2ccccc2)CC(=O)N[C@@H](Cc2ccccc2)C(=O)N[C@@H](C)C(=O)N[C@H](CC(C)C)C(=O)N1C,hexa_390,2904,-5.65,6,6,Circle,0.178897,0.0503461,-23.9818,8.369,7.266,1.103,0.167504,0.0421881,8.323,7.225,1.098,41,43,,train,0.1749999999999998,1,1.0,train,test,train,train,valid,train,train,test,train,valid,0.08965585
2901,2020_Townsend,CC(C)C[C@@H]1NC(=O)[C@@H]2CCCN2C(=O)CN(Cc2ccccc2)C(=O)[C@@H](CC(C)C)N(C)C(=O)[C@H](C)NC(=O)[C@H](Cc2ccccc2)NC1=O,hexa_387,2901,-5.91,6,6,Circle,0.202695,0.0860019,-27.1993,8.252,7.125,1.127,0.186917,0.059748,8.239,7.003,1.236,2,100,,train,0.0449999999999999,1,1.0,train,train,train,train,train,train,train,test,train,train,0.020894954
2893,2020_Townsend,CC(C)C[C@H]1NC(=O)[C@@H](CC(C)C)N(C)C(=O)[C@H](C)NC(=O)[C@H](Cc2ccccc2)NC(=O)CN(Cc2ccccc2)C(=O)[C@@H]2CCCN2C1=O,hexa_379,2893,-5.22,6,6,Circle,0.177636,0.0532768,-28.6668,8.764,7.629,1.135,0.130909,0.0371227,8.146,6.909,1.237,67,33,,train,0.3900000000000001,1,1.0,train,valid,test,train,valid,train,train,test,train,valid,0.3107045
2890,2020_Townsend,CC(C)C[C@H]1NC(=O)[C@@H]2CCCN2C(=O)CN(Cc2ccccc2)C(=O)[C@@H](CC(C)C)N(C)C(=O)[C@H](C)NC(=O)[C@H](Cc2ccccc2)NC1=O,hexa_376,2890,-6.4,6,6,Circle,0.172785,0.0593415,-31.3648,8.409,7.103,1.306,0.13648,0.0515577,8.257,7.134,1.123,26,74,,train,-0.2000000000000001,0,0.0,train,train,train,test,train,train,train,test,train,train,0.06437631
2874,2020_Townsend,CC(C)C[C@@H]1NC(=O)[C@H](C)NC(=O)[C@H](Cc2ccccc2)NC(=O)[C@H](CC(C)C)N(C)C(=O)[C@@H]2CCCN2C(=O)[C@@H](CC(C)C)N(C)C1=O,hexa_360,2874,-5.48,6,6,Circle,0.130214,0.0507478,-21.8192,8.247,7.162,1.085,0.103829,0.039264,8.121,7.06,1.061,35,49,,train,0.2599999999999998,1,1.0,train,train,train,train,train,train,train,test,train,train,0.1551367
2872,2020_Townsend,CC(C)C[C@H]1NC(=O)[C@@H]2CCCN2C(=O)CN(Cc2ccccc2)C(=O)[C@@H](CC(C)C)NC(=O)[C@H](C)NC(=O)[C@H](Cc2ccccc2)NC1=O,hexa_358,2872,-6.1,6,6,Circle,0.210506,0.0849118,-35.8725,8.227,6.89,1.337,0.128683,0.0471192,8.293,7.048,1.245,32,75,,train,-0.0499999999999998,0,0.0,train,train,train,train,train,train,train,test,train,train,-0.05151483
2865,2020_Townsend,CC(C)C[C@H]1C(=O)N2CCC[C@H]2C(=O)N[C@H](CC(C)C)C(=O)N[C@@H](Cc2ccccc2)C(=O)N[C@@H](C)C(=O)N(C)[C@H](CC(C)C)C(=O)N1C,hexa_351,2865,-5.61,6,6,Circle,0.11707,0.034706,-23.1098,8.365,7.205,1.16,0.124777,0.0390869,8.339,7.265,1.074,61,20,,train,0.1949999999999998,1,1.0,train,valid,train,train,test,train,train,test,train,test,0.16034551
2857,2020_Townsend,CC(C)C[C@@H]1NC(=O)[C@H](CC(C)C)N(C)C(=O)[C@H](C)NC(=O)[C@H](Cc2ccccc2)NC(=O)[C@@H](CC(C)C)NC(=O)[C@@H]2CCCN2C1=O,hexa_343,2857,-6.12,6,6,Circle,0.135793,0.041708,-20.9253,8.23,7.05,1.18,0.138721,0.0415651,8.441,7.182,1.259,53,13,,train,-0.06,0,0.0,train,train,train,train,train,train,train,test,train,valid,0.115186945
2848,2020_Townsend,CC(C)C[C@@H]1NC(=O)[C@@H]2CCCN2C(=O)[C@@H](CC(C)C)N(C)C(=O)[C@@H](CC(C)C)NC(=O)[C@H](C)NC(=O)[C@H](Cc2ccccc2)NC1=O,hexa_334,2848,-6.31,6,6,Circle,0.17773,0.0720531,-30.3285,8.275,7.038,1.237,0.118131,0.0336176,7.77,6.7,1.07,65,89,,test,-0.1549999999999998,0,0.0,test,train,train,train,valid,train,train,test,train,train,0.053758375
2823,2020_Townsend,CCCN1CC(=O)N[C@@H](CC(C)C)C(=O)N(Cc2ccccc2)CC(=O)N2CCC[C@H]2C(=O)N(C)[C@@H](CC(C)C)C(=O)N[C@@H](Cc2ccccc2)C1=O,hexa_309,2823,-4.87,6,6,Circle,0.19428,0.0711366,-28.2273,8.694,7.659,1.035,0.19685,0.0711918,8.717,7.781,0.936,81,37,,train,0.565,1,1.0,train,train,test,test,train,valid,train,test,train,train,0.48253968
2818,2020_Townsend,CCCN1CC(=O)N[C@@H](CC(C)C)C(=O)N(Cc2ccccc2)CC(=O)N2CCC[C@H]2C(=O)N(C)[C@H](CC(C)C)C(=O)N[C@@H](Cc2ccccc2)C1=O,hexa_304,2818,-4.83,6,6,Circle,0.178693,0.0579617,-29.4066,8.843,7.761,1.082,0.119548,0.0387755,8.484,7.34,1.144,45,54,,train,0.585,1,1.0,train,train,test,test,train,train,train,test,train,train,0.45469943
2817,2020_Townsend,CCCN1CC(=O)N[C@H](CC(C)C)C(=O)N(Cc2ccccc2)CC(=O)N2CCC[C@H]2C(=O)N(C)[C@@H](CC(C)C)C(=O)N[C@@H](Cc2ccccc2)C1=O,hexa_303,2817,-4.88,6,6,Circle,0.147677,0.052271,-23.2411,8.654,7.588,1.066,0.152656,0.0512539,8.699,7.662,1.037,89,28,,train,0.56,1,1.0,train,test,train,train,train,train,train,test,train,train,0.38492998
2810,2020_Townsend,CCCN1CC(=O)N(C)[C@H](CC(C)C)C(=O)N(Cc2ccccc2)CC(=O)N2CCC[C@H]2C(=O)N[C@H](CC(C)C)C(=O)N[C@@H](Cc2ccccc2)C1=O,hexa_296,2810,-6.23,6,6,Circle,0.17226,0.0615629,-28.3397,8.696,7.524,1.172,0.143308,0.0380087,8.417,7.455,0.962,91,3,,test,-0.1150000000000002,0,0.0,test,valid,train,valid,train,train,train,test,train,train,0.15343474
2807,2020_Townsend,CCCN1CC(=O)N(C)[C@H](CC(C)C)C(=O)N(C)[C@H](CC(C)C)C(=O)N2CCC[C@H]2C(=O)N(C)[C@H](CC(C)C)C(=O)N[C@@H](Cc2ccccc2)C1=O,hexa_293,2807,-4.84,6,6,Circle,0.121133,0.0366018,-23.4657,8.99,8.09,0.9,0.151279,0.0414571,8.758,7.865,0.893,25,48,,train,0.5800000000000001,1,1.0,train,train,train,train,train,train,valid,test,train,train,0.47080097
2770,2020_Townsend,CCCN1CC(=O)N[C@H](CC(C)C)C(=O)N[C@H](CC(C)C)C(=O)N2CCC[C@H]2C(=O)N[C@@H](CC(C)C)C(=O)N[C@@H](Cc2ccccc2)C1=O,hexa_256,2770,-5.08,6,6,Circle,0.157795,0.0448752,-22.6135,8.236,7.073,1.163,0.215506,0.104068,8.17,7.106,1.064,93,8,,val,0.4599999999999999,1,1.0,valid,train,train,valid,valid,train,test,test,valid,test,0.038955793
2760,2020_Townsend,CCCN1CC(=O)N(C)[C@@H](CC(C)C)C(=O)N(C)[C@@H](CC(C)C)C(=O)N2CCC[C@@H]2C(=O)N(Cc2ccccc2)CC(=O)N[C@@H](Cc2ccccc2)C1=O,hexa_246,2760,-5.19,6,6,Circle,0.1956,0.0936588,-18.7272,8.695,7.681,1.014,0.135424,0.0367152,8.74,7.676,1.064,95,87,,train,0.4049999999999998,1,1.0,train,train,train,valid,train,train,train,test,train,train,0.37019682
2756,2020_Townsend,CCCN1CC(=O)N(C)[C@H](CC(C)C)C(=O)N(Cc2ccccc2)CC(=O)N2CCC[C@@H]2C(=O)N(C)[C@@H](CC(C)C)C(=O)N[C@@H](Cc2ccccc2)C1=O,hexa_242,2756,-5.59,6,6,Circle,0.152234,0.0384664,-16.7132,8.493,7.397,1.096,0.108758,0.0351734,8.39,7.609,0.781,11,42,,train,0.205,1,1.0,train,train,train,train,train,train,train,test,train,train,0.45699668
2750,2020_Townsend,CCCN1CC(=O)N[C@@H](CC(C)C)C(=O)N(C)[C@@H](CC(C)C)C(=O)N2CCC[C@@H]2C(=O)N(Cc2ccccc2)CC(=O)N[C@@H](Cc2ccccc2)C1=O,hexa_236,2750,-5.13,6,6,Circle,0.133827,0.0475531,-19.8222,8.368,7.318,1.05,0.142633,0.0401818,8.286,7.34,0.946,85,71,,train,0.435,1,1.0,train,train,valid,train,train,test,valid,test,train,train,0.39037386
2747,2020_Townsend,CCCN1CC(=O)N[C@@H](CC(C)C)C(=O)N(C)[C@H](CC(C)C)C(=O)N2CCC[C@@H]2C(=O)N(Cc2ccccc2)CC(=O)N[C@@H](Cc2ccccc2)C1=O,hexa_233,2747,-5.13,6,6,Circle,0.138702,0.043807,-18.6356,8.341,7.333,1.008,0.134974,0.0350434,8.413,7.442,0.971,89,15,,train,0.435,1,1.0,train,train,train,train,train,train,valid,test,train,train,0.35678628
2737,2020_Townsend,CCCN1CC(=O)N(C)[C@H](CC(C)C)C(=O)N(C)[C@H](CC(C)C)C(=O)N2CCC[C@@H]2C(=O)N(C)[C@H](CC(C)C)C(=O)N[C@@H](Cc2ccccc2)C1=O,hexa_223,2737,-5.28,6,6,Circle,0.159802,0.0683529,-24.8496,8.798,7.853,0.945,0.136129,0.0376778,8.625,7.704,0.921,2,100,,val,0.3599999999999999,1,1.0,valid,train,train,train,train,test,train,test,train,train,0.4690906
2736,2020_Townsend,CCCN1CC(=O)N[C@@H](CC(C)C)C(=O)N[C@@H](CC(C)C)C(=O)N2CCC[C@@H]2C(=O)N(Cc2ccccc2)CC(=O)N[C@@H](Cc2ccccc2)C1=O,hexa_222,2736,-5.39,6,6,Circle,0.200764,0.0712462,-29.1972,8.608,7.446,1.162,0.170037,0.0499888,8.35,7.33,1.02,27,44,,test,0.3050000000000001,1,1.0,test,train,train,test,train,train,train,test,train,train,0.28174457
2728,2020_Townsend,CCCN1CC(=O)N(C)[C@H](CC(C)C)C(=O)N[C@@H](CC(C)C)C(=O)N2CCC[C@@H]2C(=O)N(C)[C@@H](CC(C)C)C(=O)N[C@@H](Cc2ccccc2)C1=O,hexa_214,2728,-5.05,6,6,Circle,0.149482,0.053182,-17.9123,8.522,7.414,1.108,0.147891,0.0452191,8.76,7.933,0.827,83,7,,train,0.4750000000000001,1,1.0,train,train,train,train,train,train,train,test,train,train,0.44354847
2719,2020_Townsend,CCCN1CC(=O)N(C)[C@H](CC(C)C)C(=O)N[C@@H](CC(C)C)C(=O)N2CCC[C@@H]2C(=O)N(C)[C@H](CC(C)C)C(=O)N[C@@H](Cc2ccccc2)C1=O,hexa_205,2719,-4.96,6,6,Circle,0.181942,0.0731854,-26.5966,8.832,7.854,0.978,0.147099,0.0475344,8.745,7.788,0.957,30,85,,train,0.52,1,1.0,train,train,train,train,train,test,train,test,train,train,0.39426312
2710,2020_Townsend,CCCN1CC(=O)N(C)[C@@H](CC(C)C)C(=O)N[C@@H](CC(C)C)C(=O)N2CCC[C@@H]2C(=O)N[C@H](CC(C)C)C(=O)N[C@@H](Cc2ccccc2)C1=O,hexa_196,2710,-5.0,6,6,Circle,0.160149,0.0578391,-21.4955,8.766,7.615,1.151,0.15965,0.0472477,8.374,7.375,0.999,98,48,,train,0.5,1,1.0,train,train,train,train,test,valid,train,test,test,train,0.34764978
2666,2020_Townsend,CC(C)C[C@H]1NC(=O)C[C@H](Cc2ccccc2)NC(=O)[C@H](Cc2ccccc2)NC(=O)[C@@H](CC(C)C)N(C)C(=O)[C@@H]2CCCN2C(=O)C[C@H](Cc2ccccc2)NC1=O,hexa_152,2666,-5.88,6,6,Circle,0.253007,0.0741591,-25.274,9.638,8.638,1.0,0.149345,0.0395235,8.66,7.661,0.999,74,23,,train,0.06,1,1.0,train,test,train,train,train,train,train,test,train,train,0.24766588
2661,2020_Townsend,CC(C)C[C@@H]1NC(=O)C[C@H](Cc2ccccc2)NC(=O)[C@H](Cc2ccccc2)NC(=O)[C@H](CC(C)C)NC(=O)[C@@H]2CCCN2C(=O)C[C@H](Cc2ccccc2)NC1=O,hexa_147,2661,-5.93,6,6,Circle,0.145248,0.0457888,-32.6366,9.133,7.93,1.203,0.164164,0.0410346,8.654,7.443,1.211,27,97,,train,0.0350000000000001,1,1.0,train,train,test,train,train,test,train,test,train,train,0.16653728
2653,2020_Townsend,CC(C)C[C@@H]1NC(=O)[C@@H]2CCCN2C(=O)C[C@H](Cc2ccccc2)NC(=O)[C@@H](CC(C)C)NC(=O)C[C@H](Cc2ccccc2)NC(=O)[C@H](Cc2ccccc2)NC1=O,hexa_139,2653,-5.69,6,6,Circle,0.143679,0.0374897,-30.9607,9.155,8.004,1.151,0.249191,0.0813431,9.166,8.065,1.101,26,93,,val,0.1549999999999998,1,1.0,valid,train,train,train,train,train,train,test,valid,valid,0.1403631
2650,2020_Townsend,CC(C)C[C@H]1C(=O)N[C@@H](Cc2ccccc2)C(=O)N[C@@H](Cc2ccccc2)CC(=O)N(C)[C@H](CC(C)C)C(=O)N(C)[C@@H](CC(C)C)C(=O)N2CCC[C@H]2C(=O)N1C,hexa_136,2650,-5.19,6,6,Circle,0.160627,0.0486376,-23.1615,9.047,8.192,0.855,0.148453,0.0423631,9.069,8.238,0.831,61,87,,train,0.4049999999999998,1,1.0,train,train,train,valid,train,train,train,test,test,train,0.42394966
2646,2020_Townsend,CC(C)C[C@H]1C(=O)N(C)[C@H](CC(C)C)C(=O)N2CCC[C@H]2C(=O)N(C)[C@H](CC(C)C)C(=O)N[C@@H](Cc2ccccc2)C(=O)N[C@@H](Cc2ccccc2)CC(=O)N1C,hexa_132,2646,-5.29,6,6,Circle,0.23726,0.0754236,-19.0558,9.249,8.166,1.083,0.184073,0.0587789,9.279,8.289,0.99,4,95,-6.54,test,0.355,1,1.0,train,train,train,train,train,train,valid,test,train,train,0.3708012
2605,2020_Townsend,CC(C)C[C@H]1C(=O)N[C@@H](Cc2ccccc2)C(=O)N[C@@H](Cc2ccccc2)CC(=O)N[C@H](CC(C)C)C(=O)N[C@H](CC(C)C)C(=O)N2CCC[C@H]2C(=O)N1C,hexa_91,2605,-5.13,6,6,Circle,0.148517,0.0444602,-13.8185,8.522,7.566,0.956,0.144119,0.0306132,8.684,7.699,0.985,63,80,,train,0.435,1,1.0,train,train,train,train,train,train,test,test,train,train,0.21379906
2602,2020_Townsend,CC(C)C[C@H]1NC(=O)C[C@H](Cc2ccccc2)NC(=O)[C@H](Cc2ccccc2)NC(=O)[C@@H](CC(C)C)N(C)C(=O)[C@@H]2CCCN2C(=O)[C@@H](CC(C)C)NC1=O,hexa_88,2602,-5.36,6,6,Circle,0.19338,0.0601373,-25.4785,9.164,7.939,1.225,0.20104,0.0663354,8.731,7.602,1.129,90,86,,val,0.3199999999999998,1,1.0,valid,train,train,train,train,valid,train,test,train,train,0.304297
2592,2020_Townsend,O=C1CN(Cc2ccccc2)C(=O)[C@H]2CCCN2C(=O)CN(Cc2ccccc2)C(=O)CN(Cc2ccccc2)C(=O)C[C@H](Cc2ccccc2)NC(=O)[C@H](Cc2ccccc2)N1,hexa_78,2592,-5.86,6,6,Circle,0.24057,0.0746044,-38.7196,9.501,8.412,1.089,0.204925,0.0550224,9.254,8.314,0.94,90,63,,train,0.0699999999999998,1,1.0,train,train,test,train,train,train,test,test,train,train,-0.24263313
2591,2020_Townsend,CC(C)C[C@H]1C(=O)N(Cc2ccccc2)CC(=O)N2CCC[C@@H]2C(=O)N(Cc2ccccc2)CC(=O)N[C@@H](Cc2ccccc2)C(=O)N[C@@H](Cc2ccccc2)CC(=O)N1C,hexa_77,2591,-5.83,6,6,Circle,0.215888,0.0657511,-33.8411,9.277,8.209,1.068,0.185034,0.0352773,9.148,8.109,1.039,87,93,,train,0.0849999999999999,1,1.0,train,train,valid,test,train,valid,train,test,valid,train,0.025319032
2579,2020_Townsend,CC(C)C[C@@H]1NC(=O)C[C@H](Cc2ccccc2)NC(=O)[C@H](Cc2ccccc2)NC(=O)[C@@H](CC(C)C)N(C)C(=O)[C@H]2CCCN2C(=O)C[C@H](Cc2ccccc2)NC1=O,hexa_65,2579,-5.54,6,6,Circle,0.124998,0.038403,-34.0226,9.517,8.117,1.4,0.146267,0.0443564,8.597,7.389,1.208,59,87,,train,0.2299999999999999,1,1.0,train,train,train,train,train,train,train,test,train,train,0.2677613
2577,2020_Townsend,CC(C)C[C@H]1NC(=O)C[C@H](Cc2ccccc2)NC(=O)[C@H](Cc2ccccc2)NC(=O)[C@@H](CC(C)C)N(C)C(=O)[C@H]2CCCN2C(=O)C[C@H](Cc2ccccc2)NC1=O,hexa_63,2577,-5.55,6,6,Circle,0.167332,0.052603,-29.3818,9.43,8.142,1.288,0.280307,0.10236,9.201,8.061,1.14,100,35,,train,0.2250000000000001,1,1.0,train,train,test,train,valid,train,test,test,train,valid,0.20330168
2568,2020_Townsend,CC(C)C[C@H]1C(=O)N[C@H](CC(C)C)C(=O)N2CCC[C@@H]2C(=O)N(Cc2ccccc2)CC(=O)N[C@@H](Cc2ccccc2)C(=O)N[C@@H](Cc2ccccc2)CC(=O)N1C,hexa_54,2568,-6.19,6,6,Circle,0.263642,0.0748616,-27.0345,9.604,8.439,1.165,0.182052,0.043888,9.165,7.997,1.168,31,9,,test,-0.0950000000000002,0,0.0,test,train,test,test,train,train,train,test,train,train,0.15480705
2545,2020_Townsend,CC(C)C[C@H]1NC(=O)[C@H]2CCCN2C(=O)[C@@H](CC(C)C)NC(=O)CN(Cc2ccccc2)C(=O)C[C@H](Cc2ccccc2)NC(=O)[C@H](Cc2ccccc2)NC1=O,hexa_31,2545,-5.98,6,6,Circle,0.15868,0.045454,-24.3914,8.447,7.313,1.134,0.142162,0.0375161,8.836,7.914,0.922,69,50,,train,0.0099999999999997,1,1.0,train,train,test,train,valid,train,train,test,train,train,0.15424931
2538,2020_Townsend,CC(C)C[C@H]1NC(=O)[C@@H](CC(C)C)N(C)C(=O)C[C@H](Cc2ccccc2)NC(=O)[C@H](Cc2ccccc2)NC(=O)[C@@H](CC(C)C)N(C)C(=O)[C@H]2CCCN2C1=O,hexa_24,2538,-5.09,6,6,Circle,0.146094,0.0393725,-18.0976,9.187,8.138,1.049,0.14682,0.0337973,9.024,8.041,0.983,93,60,,train,0.455,1,1.0,train,train,train,train,train,valid,train,test,train,valid,0.38680312
2521,2020_Townsend,CC(C)C[C@@H]1NC(=O)C[C@H](Cc2ccccc2)NC(=O)[C@H](Cc2ccccc2)NC(=O)[C@H](CC(C)C)NC(=O)[C@H]2CCCN2C(=O)[C@H](CC(C)C)NC1=O,hexa_7,2521,-5.14,6,6,Circle,0.198505,0.0654687,-22.963,8.98,7.845,1.135,0.192997,0.0443344,9.189,7.977,1.212,29,64,,train,0.4300000000000001,1,1.0,train,valid,train,train,train,test,train,test,train,train,0.18111183
2518,2020_Townsend,CC(C)C[C@@H]1NC(=O)C[C@H](Cc2ccccc2)NC(=O)[C@H](Cc2ccccc2)NC(=O)[C@H](CC(C)C)NC(=O)[C@H]2CCCN2C(=O)[C@@H](CC(C)C)NC1=O,hexa_4,2518,-5.77,6,6,Circle,0.170682,0.0546782,-21.5149,8.698,7.529,1.169,0.158225,0.0461225,8.774,7.693,1.081,42,70,,val,0.1150000000000002,1,1.0,valid,valid,train,train,train,train,train,test,train,train,0.1994114
2365,2018_Naylor,CC(C)C[C@@H]1NC(=O)[C@H](CC(C)C)N(C)C(=O)[C@@H](C)N(C)C(=O)[C@H](CC(C)C)NC(=O)[C@H](Cc2ccccc2)N(C)C(=O)[C@@H](C)N(C)C1=O,1NMe3-25Ala6F(72),2365,-5.07,6,6,Circle,0.148713,0.0538456,-23.8392,8.42,7.174,1.246,0.145083,0.0531196,8.467,7.469,0.998,13,33,,train,0.4649999999999998,1,1.0,train,train,test,train,train,train,train,test,train,train,0.42134932
2345,2018_Naylor,CC[C@H]1NC(=O)[C@H](CC(C)C)NC(=O)[C@H](Cc2ccc(O)cc2)NC(=O)[C@H]2CCCN2C(=O)[C@H](CC(C)C)NC(=O)[C@H](CC(C)C)NC1=O,1NMe3perNH-2Abu6Y(51),2345,-6.26,6,6,Circle,0.158503,0.0415353,-29.9097,8.356,6.96,1.396,0.122849,0.031784,8.285,7.092,1.193,67,41,,val,-0.1299999999999999,0,0.0,valid,train,test,train,train,train,train,test,train,train,-0.11690804
2342,2018_Naylor,CCC[C@H]1NC(=O)[C@H](CC(C)C)NC(=O)[C@H](Cc2ccccc2)NC(=O)[C@H]2CCCN2C(=O)[C@H](CC2CCCCC2)NC(=O)[C@H](CC2CCCCC2)NC1=O,1NMe3perNH-2Nva34Cha6F(48),2342,-5.53,6,6,Circle,0.133035,0.0473876,-27.0561,8.993,7.701,1.292,0.164242,0.0305673,9.15,8.025,1.125,94,76,,test,0.2349999999999998,1,1.0,test,train,test,train,valid,train,train,test,train,valid,0.15453078
2324,2018_Naylor,CC[C@H]1C(=O)N[C@@H](CC(C)C)C(=O)N2CCC[C@@H]2C(=O)N(C)[C@@H](Cc2ccc(O)cc2)C(=O)N[C@@H](CC(C)C)C(=O)N(C)[C@H](CC)C(=O)N1C,1NMe3-23Abu(30),2324,-5.1,6,6,Circle,0.174224,0.0632176,-30.7479,8.466,7.486,0.98,0.18989,0.0882452,8.414,7.503,0.911,97,21,,train,0.4500000000000002,1,1.0,train,train,train,valid,train,train,train,test,train,train,0.11691286
1820,2016_Furukawa,CCCC[C@@H]1NC(=O)[C@@H](CC(C)C)NC(=O)CN(CC2CCCCC2)C(=O)[C@@H](Cc2ccccc2)NC(=O)CN(Cc2ccc3c(c2)OCO3)C(=O)[C@H]2CCCN2C1=O,2.8-17H,1820,-8.27,6,6,Circle,0.160071,0.0376332,-27.7568,8.943,7.568,1.375,0.165462,0.0656355,9.107,7.725,1.382,40,65,-6.49,test,-1.0,0,0.0,train,train,test,test,valid,test,train,test,train,train,0.26491034
1808,2016_Furukawa,CCCCCN1CC(=O)N[C@H](CC(C)C)C(=O)N[C@@H](CCCC)C(=O)N2CCC[C@@H]2C(=O)N(CC)CC(=O)N[C@H](Cc2ccccc2)C1=O,2.8-05H,1808,-5.22,6,6,Circle,0.153771,0.0544662,-23.6256,8.108,6.854,1.254,0.122582,0.0318268,8.162,7.014,1.148,100,11,,train,0.3900000000000001,1,1.0,train,train,train,train,train,test,train,test,train,train,0.37198037
1804,2016_Furukawa,CCCCCN1CC(=O)N[C@H](CC(C)C)C(=O)N[C@@H](CCCC)C(=O)N2CCC[C@@H]2C(=O)N(CC)CC(=O)N[C@H](C)C1=O,2.8-01H,1804,-6.36,6,6,Circle,0.123755,0.0524612,-23.9696,7.214,5.915,1.299,0.100861,0.0340238,7.286,6.05,1.236,67,99,,train,-0.1800000000000001,0,0.0,train,test,train,train,train,train,train,test,train,train,-0.19561176
1789,2016_Furukawa,CCCCCN1CC(=O)N(C)[C@H](CC(C)C)C(=O)N[C@@H](CCCC)C(=O)N2CCC[C@@H]2C(=O)N(CCCOC(C)C)CC(=O)N[C@H](C)C1=O,2.8-04Me,1789,-5.38,6,6,Circle,0.160054,0.0553024,-23.5928,8.209,7.117,1.092,0.123781,0.0357234,8.451,7.424,1.027,60,36,,train,0.31,1,1.0,train,train,train,train,test,train,train,test,train,train,0.38920644
1786,2016_Furukawa,CCCCCN1CC(=O)N(C)[C@H](CC(C)C)C(=O)N[C@@H](CCCC)C(=O)N2CCC[C@@H]2C(=O)N(CC)CC(=O)N[C@H](C)C1=O,2.8-01Me,1786,-5.99,6,6,Circle,0.106152,0.0385433,-26.4022,7.391,6.246,1.145,0.116889,0.0394242,7.472,6.315,1.157,94,91,,test,0.0049999999999998,1,1.0,test,train,train,train,train,test,train,test,test,train,0.254333
1781,2016_Furukawa,CCCC[C@@H]1NC(=O)[C@@H](CC(C)C)NC(=O)CN(CC2CCCCC2)C(=O)[C@@H](Cc2ccccc2)NC(=O)CN(CCCOC(C)C)C(=O)[C@@H]2CCCN2C1=O,2.7-14H,1781,-4.87,6,6,Circle,0.137707,0.0389937,-23.6084,9.382,8.173,1.209,0.157671,0.0436803,8.705,7.717,0.988,26,42,,train,0.565,1,1.0,train,train,train,train,train,train,train,test,train,train,0.43950093
1775,2016_Furukawa,CCCC[C@@H]1NC(=O)[C@@H](CC(C)C)NC(=O)CN(CC2CCCCC2)C(=O)[C@@H](Cc2ccccc2)NC(=O)CN(CC)C(=O)[C@@H]2CCCN2C1=O,2.7-08H,1775,-5.04,6,6,Circle,0.156078,0.0482966,-21.8123,8.311,7.177,1.134,0.197514,0.0748915,8.35,7.184,1.166,30,30,,train,0.48,1,1.0,train,train,test,train,valid,train,test,test,train,train,0.41256392
1773,2016_Furukawa,CCCC[C@@H]1NC(=O)[C@@H](CC(C)C)NC(=O)CN(CC2CCCCC2)C(=O)[C@@H](C)NC(=O)CN(CCCOC(C)C)C(=O)[C@@H]2CCCN2C1=O,2.7-06H,1773,-5.81,6,6,Circle,0.1469,0.0367886,-22.189,8.538,7.29,1.248,0.129422,0.0510628,8.039,6.972,1.067,14,88,,train,0.0950000000000002,1,1.0,train,train,train,train,train,test,train,test,train,train,0.26428103
1769,2016_Furukawa,CCCC[C@@H]1NC(=O)[C@@H](CC(C)C)NC(=O)CN(CC2CCCCC2)C(=O)[C@@H](C)NC(=O)CN(CC)C(=O)[C@@H]2CCCN2C1=O,2.7-02H,1769,-6.34,6,6,Circle,0.124394,0.0537803,-22.4412,7.563,6.347,1.216,0.131096,0.0579728,7.544,6.35,1.194,14,60,,test,-0.1699999999999999,0,0.0,test,train,train,train,valid,train,train,test,train,train,-0.059423666
1768,2016_Furukawa,CCCCCN1CC(=O)N[C@H](CC(C)C)C(=O)N[C@@H](CCCC)C(=O)N2CCC[C@H]2C(=O)N(CC)CC(=O)N[C@H](C)C1=O,2.7-01H,1768,-6.71,6,6,Circle,0.162054,0.0702825,-22.3305,7.543,6.281,1.262,0.1797,0.0688951,7.419,6.184,1.235,46,65,,val,-0.355,0,0.0,valid,train,test,train,train,train,train,test,train,test,-0.359027
1760,2016_Furukawa,CCCC[C@@H]1NC(=O)[C@@H](CC(C)C)N(C)C(=O)CN(CC2CCCCC2)C(=O)[C@@H](C)NC(=O)CN(Cc2ccc3c(c2)OCO3)C(=O)[C@@H]2CCCN2C1=O,2.7-11Me,1760,-5.1,6,6,Circle,0.130175,0.0444818,-29.1481,8.963,7.693,1.27,0.157275,0.0368558,9.141,7.733,1.408,73,26,,train,0.4500000000000002,1,1.0,train,train,train,train,train,test,train,test,train,train,0.4565797
1750,2016_Furukawa,CCCCCN1CC(=O)N(C)[C@H](CC(C)C)C(=O)N[C@@H](CCCC)C(=O)N2CCC[C@H]2C(=O)N(CC)CC(=O)N[C@H](C)C1=O,2.7-01Me,1750,-6.26,6,6,Circle,0.111143,0.0387833,-24.448,7.64,6.473,1.167,0.111213,0.0316205,7.938,6.777,1.161,3,11,,train,-0.1299999999999999,0,0.0,train,train,train,test,train,train,test,test,train,train,0.10874492
1748,2016_Furukawa,CCCC[C@@H]1NC(=O)[C@@H](CC(C)C)NC(=O)CN(CC2CCCCC2)C(=O)[C@H](Cc2ccccc2)NC(=O)CN(Cc2ccc3c(c2)OCO3)C(=O)[C@H]2CCCN2C1=O,2.6-17H,1748,-5.89,6,6,Circle,0.193542,0.060283,-24.5839,9.075,7.716,1.359,0.145942,0.0443393,9.274,7.991,1.283,88,68,,train,0.0550000000000001,1,1.0,train,train,test,train,train,train,test,test,train,train,-0.008023381
1744,2016_Furukawa,CCCCCN1CC(=O)N[C@H](CC(C)C)C(=O)N[C@@H](CCCC)C(=O)N2CCC[C@@H]2C(=O)N(CCCOC(C)C)CC(=O)N[C@@H](Cc2ccccc2)C1=O,2.6-13H,1744,-4.81,6,6,Circle,0.150891,0.0348838,-20.528,9.485,8.447,1.038,0.154195,0.0375374,9.578,8.468,1.11,87,94,,test,0.5950000000000002,1,1.0,test,valid,valid,train,train,train,train,test,train,train,0.406345
1732,2016_Furukawa,CCCCCN1CC(=O)N[C@H](CC(C)C)C(=O)N[C@@H](CCCC)C(=O)N2CCC[C@@H]2C(=O)N(CC)CC(=O)N[C@@H](C)C1=O,2.6-01H,1732,-5.99,6,6,Circle,0.165559,0.0697754,-20.8834,7.496,6.238,1.258,0.132387,0.0538242,7.573,6.341,1.232,39,100,,train,0.0049999999999998,1,1.0,train,train,test,train,train,train,train,test,test,train,-0.13412625
1715,2016_Furukawa,CCCC[C@@H]1NC(=O)[C@@H](CC(C)C)N(C)C(=O)CN(CC2CCCCC2)C(=O)[C@H](C)NC(=O)CN(CC)C(=O)[C@H]2CCCN2C1=O,2.6-02Me,1715,-4.91,6,6,Circle,0.140488,0.0598492,-19.819,7.935,6.836,1.099,0.133224,0.051039,7.853,6.718,1.135,21,85,,train,0.5449999999999999,1,1.0,train,valid,train,train,train,train,train,test,train,train,0.4905312
1708,2016_Furukawa,CCCCCN1CC(=O)N[C@H](CC(C)C)C(=O)N[C@@H](CCCC)C(=O)N2CCC[C@H]2C(=O)N(CCCOC(C)C)CC(=O)N[C@@H](Cc2ccccc2)C1=O,2.5-13H,1708,-4.94,6,6,Circle,0.197959,0.0551227,-21.4461,9.266,8.079,1.187,0.199798,0.0592185,9.407,8.191,1.216,23,33,,train,0.5299999999999998,1,1.0,train,train,train,train,train,train,train,test,train,train,0.37775138
1702,2016_Furukawa,CCCC[C@@H]1NC(=O)[C@@H](CC(C)C)NC(=O)CN(CC2CCOCC2)C(=O)[C@H](C)NC(=O)CN(CCCOC(C)C)C(=O)[C@@H]2CCCN2C1=O,2.5-07H,1702,-6.81,6,6,Circle,0.168382,0.0606714,-26.7246,8.682,7.291,1.391,0.163273,0.0487168,8.761,7.324,1.437,85,52,,train,-0.4049999999999998,0,0.0,train,train,test,train,train,train,train,test,train,train,-0.45480096
1698,2016_Furukawa,CCCC[C@@H]1NC(=O)[C@@H](CC(C)C)NC(=O)CN(CC2CCOCC2)C(=O)[C@H](C)NC(=O)CN(CC)C(=O)[C@@H]2CCCN2C1=O,2.5-03H,1698,-7.48,6,6,Circle,0.151068,0.0623408,-26.4859,7.725,6.336,1.389,0.107482,0.0436666,7.438,6.126,1.312,30,49,,train,-0.7400000000000002,0,0.0,train,train,valid,valid,train,train,train,test,train,train,-0.728849
1688,2016_Furukawa,CCCC[C@@H]1NC(=O)[C@@H](CC(C)C)N(C)C(=O)CN(CC2CCCCC2)C(=O)[C@H](C)NC(=O)CN(Cc2ccc3c(c2)OCO3)C(=O)[C@@H]2CCCN2C1=O,2.5-11Me,1688,-4.99,6,6,Circle,0.131227,0.0382972,-24.0153,8.729,7.525,1.204,0.174287,0.0492957,8.805,7.566,1.239,100,95,,train,0.5049999999999999,1,1.0,train,train,train,train,train,train,train,test,train,valid,0.47989997
1687,2016_Furukawa,CCCCCN1CC(=O)N(C)[C@H](CC(C)C)C(=O)N[C@@H](CCCC)C(=O)N2CCC[C@H]2C(=O)N(Cc2ccc3c(c2)OCO3)CC(=O)N[C@@H](C)C1=O,2.5-10Me,1687,-4.84,6,6,Circle,0.144173,0.0360327,-26.0444,8.609,7.413,1.196,0.193073,0.0495478,8.544,7.314,1.23,52,37,,train,0.5800000000000001,1,1.0,train,train,train,train,valid,train,train,test,valid,train,0.44075844
1682,2016_Furukawa,CCCCCN1CC(=O)N(C)[C@H](CC(C)C)C(=O)N[C@@H](CCCC)C(=O)N2CCC[C@H]2C(=O)N(CC)CC(=O)N[C@@H](Cc2ccccc2)C1=O,2.5-05Me,1682,-4.85,6,6,Circle,0.158906,0.051317,-17.347,8.646,7.694,0.952,0.15009,0.035302,8.409,7.512,0.897,11,10,,train,0.5750000000000002,1,1.0,train,train,train,test,train,train,train,test,test,train,0.46713206
1678,2016_Furukawa,CCCCCN1CC(=O)N(C)[C@H](CC(C)C)C(=O)N[C@@H](CCCC)C(=O)N2CCC[C@H]2C(=O)N(CC)CC(=O)N[C@@H](C)C1=O,2.5-01Me,1678,-5.3,6,6,Circle,0.125076,0.0445464,-19.17,7.948,6.868,1.08,0.11042,0.0357729,7.73,6.684,1.046,95,42,,train,0.3500000000000001,1,1.0,train,train,train,test,train,train,test,test,train,train,0.22859603
1676,2016_Furukawa,CCCC[C@@H]1NC(=O)[C@H](CC(C)C)NC(=O)CN(CC2CCCCC2)C(=O)[C@@H](Cc2ccccc2)NC(=O)CN(Cc2ccc3c(c2)OCO3)C(=O)[C@H]2CCCN2C1=O,2.4-17H,1676,-5.62,6,6,Circle,0.210538,0.0677472,-29.5949,9.326,7.774,1.552,0.208903,0.0436241,9.244,7.988,1.256,74,69,,train,0.1899999999999999,1,1.0,train,train,train,train,train,train,train,test,train,test,0.18818244
1675,2016_Furukawa,CCCCCN1CC(=O)N[C@@H](CC(C)C)C(=O)N[C@@H](CCCC)C(=O)N2CCC[C@@H]2C(=O)N(Cc2ccc3c(c2)OCO3)CC(=O)N[C@H](Cc2ccccc2)C1=O,2.4-16H,1675,-5.43,6,6,Circle,0.196095,0.0798054,-33.2789,9.321,7.866,1.455,0.210627,0.0647797,9.245,7.922,1.323,27,92,,train,0.2850000000000001,1,1.0,train,train,train,train,train,train,train,test,train,train,0.32362705
1655,2016_Furukawa,CCCC[C@@H]1NC(=O)[C@H](CC(C)C)N(C)C(=O)CN(CC2CCCCC2)C(=O)[C@@H](Cc2ccccc2)NC(=O)CN(CCCOC(C)C)C(=O)[C@H]2CCCN2C1=O,2.4-14Me,1655,-5.15,6,6,Circle,0.186455,0.0649768,-23.5472,9.239,8.141,1.098,0.143506,0.0390824,9.363,8.283,1.08,38,87,,train,0.4249999999999998,1,1.0,train,train,train,train,train,train,train,test,train,valid,0.24244611
1653,2016_Furukawa,CCCC[C@@H]1NC(=O)[C@H](CC(C)C)N(C)C(=O)CN(CC2CCOCC2)C(=O)[C@@H](C)NC(=O)CN(Cc2ccc3c(c2)OCO3)C(=O)[C@H]2CCCN2C1=O,2.4-12Me,1653,-6.66,6,6,Circle,0.134113,0.0399004,-28.2558,8.663,7.326,1.337,0.127442,0.0444674,8.438,7.146,1.292,82,87,,train,-0.33,0,0.0,train,train,train,train,train,train,valid,test,train,train,-0.04940081
1650,2016_Furukawa,CCCC[C@@H]1NC(=O)[C@H](CC(C)C)N(C)C(=O)CN(CC2CCOCC2)C(=O)[C@@H](Cc2ccccc2)NC(=O)CN(CC)C(=O)[C@H]2CCCN2C1=O,2.4-09Me,1650,-6.92,6,6,Circle,0.136172,0.0540475,-28.1864,8.162,6.845,1.317,0.173137,0.0537595,8.744,7.549,1.195,50,47,,train,-0.4599999999999999,0,0.0,train,train,train,train,train,train,train,test,train,train,-0.1600255
1638,2016_Furukawa,CCCC[C@@H]1NC(=O)[C@H](CC(C)C)NC(=O)CN(CC2CCOCC2)C(=O)[C@@H](Cc2ccccc2)NC(=O)CN(CCCOC(C)C)C(=O)[C@@H]2CCCN2C1=O,2.3-15H,1638,-6.85,6,6,Circle,0.174573,0.0374463,-32.3819,9.156,7.849,1.307,0.148674,0.0297228,9.354,8.041,1.313,17,41,,train,-0.4249999999999998,0,0.0,train,train,train,train,train,train,train,test,train,train,-0.17107111
1629,2016_Furukawa,CCCC[C@@H]1NC(=O)[C@H](CC(C)C)NC(=O)CN(CC2CCCCC2)C(=O)[C@@H](C)NC(=O)CN(CCCOC(C)C)C(=O)[C@@H]2CCCN2C1=O,2.3-06H,1629,-5.96,6,6,Circle,0.142613,0.0431356,-25.0426,9.108,7.721,1.387,0.185222,0.0642571,8.491,7.431,1.06,37,28,,train,0.02,1,1.0,train,valid,train,train,train,valid,train,test,valid,test,0.1392089
1622,2016_Furukawa,CCCC[C@@H]1NC(=O)[C@H](CC(C)C)N(C)C(=O)CN(CC2CCCCC2)C(=O)[C@@H](Cc2ccccc2)NC(=O)CN(Cc2ccc3c(c2)OCO3)C(=O)[C@@H]2CCCN2C1=O,2.3-17Me,1622,-5.95,6,6,Circle,0.138373,0.0352112,-24.5147,8.61,7.175,1.435,0.144816,0.0422405,8.69,7.315,1.375,47,65,-6.39,test,0.0249999999999999,1,1.0,train,test,train,train,train,train,train,test,train,train,-0.3702205
1594,2016_Furukawa,CCCC[C@@H]1NC(=O)[C@H](CC(C)C)NC(=O)CN(CC2CCOCC2)C(=O)[C@H](C)NC(=O)CN(CCCOC(C)C)C(=O)[C@H]2CCCN2C1=O,2.2-08H,1594,-7.0,6,6,Circle,0.136167,0.0502019,-22.1848,8.356,7.075,1.281,0.127865,0.0431598,8.38,7.113,1.267,52,70,,val,-0.5,0,0.0,valid,train,train,train,train,train,train,test,train,train,-0.4877937
1593,2016_Furukawa,CCCC[C@@H]1NC(=O)[C@H](CC(C)C)NC(=O)CN(CC2CCCCC2)C(=O)[C@H](C)NC(=O)CN(CCCOC(C)C)C(=O)[C@H]2CCCN2C1=O,2.2-07H,1593,-5.49,6,6,Circle,0.146508,0.0572719,-18.7939,8.425,7.261,1.164,0.137691,0.0470303,8.421,7.257,1.164,11,20,,train,0.2549999999999999,1,1.0,train,train,train,train,train,train,train,test,train,train,0.40026918
1551,2016_Furukawa,CCCC[C@@H]1NC(=O)[C@H](CC(C)C)N(C)C(=O)CN(CC2CCOCC2)C(=O)[C@H](Cc2ccccc2)NC(=O)CN(Cc2ccc3c(c2)OCO3)C(=O)[C@@H]2CCCN2C1=O,2.1-18Me,1551,-5.03,6,6,Circle,0.170063,0.0484441,-27.3244,9.057,7.736,1.321,0.227516,0.0584913,9.071,7.801,1.27,33,20,,train,0.4849999999999999,1,1.0,train,train,test,train,train,train,train,test,train,test,0.37556985
1549,2016_Furukawa,CCCCCN1CC(=O)N(C)[C@@H](CC(C)C)C(=O)N[C@@H](CCCC)C(=O)N2CCC[C@H]2C(=O)N(Cc2ccc3c(c2)OCO3)CC(=O)N[C@@H](Cc2ccccc2)C1=O,2.1-16Me,1549,-6.06,6,6,Circle,0.204492,0.0539699,-24.1541,9.146,7.962,1.184,0.201547,0.041784,9.372,8.085,1.287,53,52,,train,-0.0299999999999998,0,0.0,train,train,test,test,train,valid,train,test,train,train,-0.122707695
1540,2016_Furukawa,CCCC[C@@H]1NC(=O)[C@H](CC(C)C)N(C)C(=O)CN(CC2CCOCC2)C(=O)[C@H](C)NC(=O)CN(CCCOC(C)C)C(=O)[C@@H]2CCCN2C1=O,2.1-07Me,1540,-6.61,6,6,Circle,0.169823,0.0537426,-23.1693,8.774,7.546,1.228,0.161508,0.0533691,8.415,7.268,1.147,49,83,,train,-0.3050000000000001,0,0.0,train,train,train,train,train,valid,train,test,train,test,-0.2517183
1521,2016_Furukawa,CCCC[C@@H]1NC(=O)[C@H](CC(C)C)N(C)C(=O)CN(CCCc2ccccc2)C(=O)[C@H](Cc2ccccc2)NC(=O)CN(Cc2ccccc2Cn2cccn2)C(=O)[C@H]2CCCN2C1=O,1.10-28,1521,-10.0,6,6,Circle,0.219046,0.057501,-26.8712,9.913,8.853,1.06,0.209376,0.0442135,10.368,9.23,1.138,3,87,-7.99,test,-1.0,0,0.0,train,train,valid,train,test,train,train,test,train,train,-0.5000829
1516,2016_Furukawa,CCCC[C@@H]1NC(=O)[C@H](CC(C)C)N(C)C(=O)CN(CCCN2CCCC2=O)C(=O)[C@H](CC(C)C)NC(=O)CN(Cc2ccccc2Cn2cccn2)C(=O)[C@H]2CCCN2C1=O,1.10-23,1516,-6.3,6,6,Circle,0.211677,0.0491749,-33.9323,10.217,8.726,1.491,0.178187,0.0429449,9.462,8.142,1.32,48,78,,train,-0.1499999999999999,0,0.0,train,train,train,train,train,valid,train,test,train,test,-0.1504412
1492,2016_Furukawa,CCCC[C@@H]1NC(=O)[C@H](CC(C)C)N(C)C(=O)CN(CCCc2cnn(C)c2)C(=O)[C@H](Cc2ccc3ccccc3c2)NC(=O)CN(Cc2cc(CC(C)C)on2)C(=O)[C@H]2CCCN2C1=O,1.9-39,1492,-6.85,6,6,Circle,0.249247,0.0461005,-27.1732,10.261,8.818,1.443,0.177295,0.0394446,9.599,8.373,1.226,57,74,,train,-0.4249999999999998,0,0.0,train,train,train,train,train,train,train,test,train,train,-0.5093321
1491,2016_Furukawa,CCCC[C@@H]1NC(=O)[C@H](CC(C)C)N(C)C(=O)CN(CCOc2ccccc2)C(=O)[C@H](Cc2ccc3ccccc3c2)NC(=O)CN(Cc2cc(CC(C)C)on2)C(=O)[C@H]2CCCN2C1=O,1.9-38,1491,-8.27,6,6,Circle,0.235536,0.0436535,-22.7207,10.148,8.825,1.323,0.152822,0.0371527,9.591,8.4,1.191,35,85,,train,-1.0,0,0.0,train,train,test,test,train,train,train,test,train,train,-1.0212196
1490,2016_Furukawa,CCCC[C@@H]1NC(=O)[C@H](CC(C)C)N(C)C(=O)CN(CCCc2ccccc2)C(=O)[C@H](Cc2ccc3ccccc3c2)NC(=O)CN(Cc2cc(CC(C)C)on2)C(=O)[C@H]2CCCN2C1=O,1.9-37,1490,-10.0,6,6,Circle,0.256783,0.0456356,-19.7781,10.132,8.893,1.239,0.211522,0.0409387,9.849,8.693,1.156,56,37,,train,-1.0,0,0.0,train,train,train,test,train,train,train,test,train,train,-1.0578319
1462,2016_Furukawa,CCCC[C@@H]1NC(=O)[C@H](CC(C)C)N(C)C(=O)CN(CCCc2ccccc2)C(=O)[C@H](C)NC(=O)CN(Cc2cc(CC(C)C)on2)C(=O)[C@H]2CCCN2C1=O,1.9-09,1462,-5.32,6,6,Circle,0.25342,0.056155,-23.3553,9.479,8.049,1.43,0.172301,0.0414803,8.792,7.541,1.251,63,82,,train,0.3399999999999998,1,1.0,train,train,train,valid,test,valid,train,test,train,train,0.19120386
1460,2016_Furukawa,CCCC[C@@H]1NC(=O)[C@H](CC(C)C)N(C)C(=O)CN(CCc2cccnc2)C(=O)[C@H](C)NC(=O)CN(Cc2cc(CC(C)C)on2)C(=O)[C@H]2CCCN2C1=O,1.9-07,1460,-5.84,6,6,Circle,0.198518,0.0554806,-25.2789,8.864,7.464,1.4,0.231632,0.0461673,8.761,7.385,1.376,36,67,,train,0.08,1,1.0,train,valid,train,test,train,train,train,test,train,train,0.21453676
1451,2016_Furukawa,CCCC[C@@H]1NC(=O)[C@H](CC(C)C)N(C)C(=O)CN(CCOc2ccccc2)C(=O)[C@H](Cc2ccc3ccccc3c2)NC(=O)CN(Cc2ccc3c(c2)OCO3)C(=O)[C@H]2CCCN2C1=O,1.8-38,1451,-8.88,6,6,Circle,0.175084,0.0397157,-25.6954,9.746,8.526,1.22,0.227141,0.0454436,9.804,8.569,1.235,45,46,,val,-1.0,0,0.0,valid,train,train,test,train,train,train,test,valid,train,-1.0068264
1450,2016_Furukawa,CCCC[C@@H]1NC(=O)[C@H](CC(C)C)N(C)C(=O)CN(CCCc2ccccc2)C(=O)[C@H](Cc2ccc3ccccc3c2)NC(=O)CN(Cc2ccc3c(c2)OCO3)C(=O)[C@H]2CCCN2C1=O,1.8-37,1450,-9.29,6,6,Circle,0.225046,0.0459176,-24.7858,9.95,8.758,1.192,0.166128,0.0401784,10.198,8.931,1.267,33,73,,train,-1.0,0,0.0,train,valid,train,train,train,train,train,test,train,train,-1.04776
1447,2016_Furukawa,CCCC[C@@H]1NC(=O)[C@H](CC(C)C)N(C)C(=O)CN(CC2CCCCC2)C(=O)[C@H](Cc2ccc3ccccc3c2)NC(=O)CN(Cc2ccc3c(c2)OCO3)C(=O)[C@H]2CCCN2C1=O,1.8-34,1447,-9.12,6,6,Circle,0.17961,0.0391611,-22.1815,9.594,8.457,1.137,0.172953,0.0435218,9.855,8.572,1.283,70,10,,train,-1.0,0,0.0,train,test,train,train,train,valid,train,test,train,valid,-1.0368733
1430,2016_Furukawa,CCCCCN1CC(=O)N(C)[C@@H](CC(C)C)C(=O)N[C@@H](CCCC)C(=O)N2CCC[C@@H]2C(=O)N(Cc2ccc3c(c2)OCO3)CC(=O)N[C@@H](Cc2ccccc2)C1=O,1.8-17,1430,-7.41,6,6,Circle,0.213015,0.0581202,-24.2209,9.343,8.102,1.241,0.141029,0.039966,8.992,7.825,1.167,87,93,,train,-0.7050000000000001,0,0.0,train,train,train,train,train,test,train,test,train,train,-0.37721246
1424,2016_Furukawa,CCCC[C@@H]1NC(=O)[C@H](CC(C)C)N(C)C(=O)CN(CCCc2cnn(C)c2)C(=O)[C@H](C)NC(=O)CN(Cc2ccc3c(c2)OCO3)C(=O)[C@H]2CCCN2C1=O,1.8-11,1424,-6.23,6,6,Circle,0.180757,0.0485419,-28.3257,8.763,7.426,1.337,0.137008,0.0409652,8.481,7.195,1.286,48,53,,train,-0.1150000000000002,0,0.0,train,train,train,train,valid,test,train,test,train,train,0.06772926
1417,2016_Furukawa,CCCC[C@@H]1NC(=O)[C@H](CC(C)C)N(C)C(=O)CN(CC2CCCCC2)C(=O)[C@H](C)NC(=O)CN(Cc2ccc3c(c2)OCO3)C(=O)[C@H]2CCCN2C1=O,1.8-04,1417,-5.25,6,6,Circle,0.141958,0.0371409,-22.1752,8.626,7.36,1.266,0.111127,0.0404979,8.469,7.234,1.235,22,55,,test,0.375,1,1.0,test,train,test,train,train,train,train,test,test,train,0.36696437
1410,2016_Furukawa,CCCC[C@@H]1NC(=O)[C@H](CC(C)C)N(C)C(=O)CN(CCCc2ccccc2)C(=O)[C@H](Cc2ccc3ccccc3c2)NC(=O)CN(CCCCc2ccccc2)C(=O)[C@H]2CCCN2C1=O,1.7-37,1410,-9.27,6,6,Circle,0.243796,0.043457,-23.3949,10.672,9.643,1.029,0.170662,0.038761,9.99,9.14,0.85,5,47,,train,-1.0,0,0.0,train,train,train,train,train,test,train,test,train,train,-1.1638238
1381,2016_Furukawa,CCCCCN1CC(=O)N(C)[C@@H](CC(C)C)C(=O)N[C@@H](CCCC)C(=O)N2CCC[C@@H]2C(=O)N(CCCCc2ccccc2)CC(=O)N[C@@H](CC(C)C)C1=O,1.7-08,1381,-6.71,6,6,Circle,0.216521,0.0473659,-17.1181,9.712,8.634,1.078,0.194628,0.0452704,9.743,8.667,1.076,3,6,,train,-0.355,0,0.0,train,train,train,train,train,train,train,test,valid,train,-0.5691891
1377,2016_Furukawa,CCCC[C@@H]1NC(=O)[C@H](CC(C)C)N(C)C(=O)CN(CC2CCCCC2)C(=O)[C@H](C)NC(=O)CN(CCCCc2ccccc2)C(=O)[C@H]2CCCN2C1=O,1.7-04,1377,-6.24,6,6,Circle,0.181422,0.0393747,-17.424,9.026,7.972,1.054,0.164697,0.0331448,8.67,7.743,0.927,32,47,,train,-0.1200000000000001,0,0.0,train,train,train,test,train,train,train,test,train,train,-0.05794226
1375,2016_Furukawa,CCCCCN1CC(=O)N(C)[C@@H](CC(C)C)C(=O)N[C@@H](CCCC)C(=O)N2CCC[C@@H]2C(=O)N(CCCCc2ccccc2)CC(=O)N[C@@H](C)C1=O,1.7-02,1375,-5.6,6,6,Circle,0.20213,0.0608185,-20.6146,9.283,8.053,1.23,0.159903,0.0342763,8.716,7.745,0.971,99,20,,train,0.2000000000000001,1,1.0,train,train,train,train,train,train,test,test,train,train,0.16603157
1374,2016_Furukawa,CCCC[C@@H]1NC(=O)[C@H](CC(C)C)N(C)C(=O)CN(CCOC)C(=O)[C@H](C)NC(=O)CN(CCCCc2ccccc2)C(=O)[C@H]2CCCN2C1=O,1.7-01,1374,-5.19,6,6,Circle,0.158104,0.0415459,-20.4968,8.523,7.421,1.102,0.118312,0.0333046,8.241,7.212,1.029,42,89,,train,0.4049999999999998,1,1.0,train,train,train,train,train,train,train,test,train,train,0.32158303
1366,2016_Furukawa,CCCC[C@@H]1NC(=O)[C@H](CC(C)C)N(C)C(=O)CN(Cc2ccccc2)C(=O)[C@H](Cc2ccc3ccccc3c2)NC(=O)CN(Cc2ccc(Cl)cc2)C(=O)[C@H]2CCCN2C1=O,1.6-33,1366,-9.46,6,6,Circle,0.15645,0.0451081,-19.6438,9.431,8.448,0.983,0.142262,0.0372964,9.777,8.766,1.011,89,58,,train,-1.0,0,0.0,train,train,valid,train,train,train,train,test,test,train,-1.1337988
1322,2016_Furukawa,CCCC[C@@H]1NC(=O)[C@H](CC(C)C)N(C)C(=O)CN(CCOc2ccccc2)C(=O)[C@H](Cc2ccccc2)NC(=O)CN(CCN2CCOCC2)C(=O)[C@H]2CCCN2C1=O,1.5-29,1322,-5.76,6,6,Circle,0.21194,0.0549488,-28.3309,9.862,8.641,1.221,0.185486,0.0434057,9.558,8.398,1.16,49,17,,train,0.1200000000000001,1,1.0,train,test,train,train,train,train,train,test,test,train,0.3077184
1316,2016_Furukawa,CCCC[C@@H]1NC(=O)[C@H](CC(C)C)N(C)C(=O)CN(CCCN2CCCC2=O)C(=O)[C@H](CC(C)C)NC(=O)CN(CCN2CCOCC2)C(=O)[C@H]2CCCN2C1=O,1.5-23,1316,-7.77,6,6,Circle,0.185349,0.0572226,-31.7182,9.619,8.082,1.537,0.17894,0.0451345,9.008,7.771,1.237,84,8,,train,-0.8849999999999998,0,0.0,train,train,train,train,train,train,train,test,train,train,-0.7071833
1312,2016_Furukawa,CCCC[C@@H]1NC(=O)[C@H](CC(C)C)N(C)C(=O)CN(CCCc2ccccc2)C(=O)[C@H](CC(C)C)NC(=O)CN(CCN2CCOCC2)C(=O)[C@H]2CCCN2C1=O,1.5-19,1312,-5.31,6,6,Circle,0.187062,0.0529399,-24.4831,9.53,8.357,1.173,0.155506,0.0360684,9.222,8.186,1.036,6,99,,train,0.3450000000000002,1,1.0,train,train,train,train,test,train,train,test,train,train,0.28427678
1305,2016_Furukawa,CCCC[C@@H]1NC(=O)[C@H](CC(C)C)N(C)C(=O)CN(CCCN2CCCC2=O)C(=O)[C@H](C)NC(=O)CN(CCN2CCOCC2)C(=O)[C@H]2CCCN2C1=O,1.5-12,1305,-9.0,6,6,Circle,0.176287,0.0464475,-32.3228,9.175,7.599,1.576,0.128822,0.043637,8.565,7.278,1.287,14,99,,train,-1.0,0,0.0,train,train,valid,train,test,train,train,test,train,valid,-1.0516665
1271,2016_Furukawa,CCCC[C@@H]1NC(=O)[C@H](CC(C)C)N(C)C(=O)CN(CCc2cccnc2)C(=O)[C@H](CC(C)C)NC(=O)CN(CCCOC(C)C)C(=O)[C@H]2CCCN2C1=O,1.4-18,1271,-5.48,6,6,Circle,0.159274,0.0424923,-25.9744,9.205,7.984,1.221,0.180861,0.0457864,9.002,7.937,1.065,13,94,,train,0.2599999999999998,1,1.0,train,valid,train,train,train,train,train,test,valid,train,0.27667347
1260,2016_Furukawa,CCCC[C@@H]1NC(=O)[C@H](CC(C)C)N(C)C(=O)CN(CCc2cccnc2)C(=O)[C@H](C)NC(=O)CN(CCCOC(C)C)C(=O)[C@H]2CCCN2C1=O,1.4-07,1260,-6.74,6,6,Circle,0.164218,0.0490934,-26.6056,8.824,7.583,1.241,0.177899,0.0374958,8.583,7.474,1.109,72,25,,train,-0.3700000000000001,0,0.0,train,train,train,test,train,train,test,test,train,train,-0.21198127
1256,2016_Furukawa,CCCC[C@@H]1NC(=O)[C@H](CC(C)C)N(C)C(=O)CN(Cc2ccccc2)C(=O)[C@H](C)NC(=O)CN(CCCOC(C)C)C(=O)[C@H]2CCCN2C1=O,1.4-03,1256,-4.97,6,6,Circle,0.170683,0.0561734,-23.298,8.859,7.668,1.191,0.17191,0.0373844,8.445,7.391,1.054,21,28,,train,0.5150000000000001,1,1.0,train,train,train,train,test,train,train,test,train,train,0.33278912
1253,2016_Furukawa,CCCC[C@@H]1NC(=O)[C@H](CC(C)C)N(C)C(=O)CN(CCCN2CCCC2=O)C(=O)[C@H](Cc2ccc3ccccc3c2)NC(=O)CN(CC(C)C)C(=O)[C@H]2CCCN2C1=O,1.3-40,1253,-5.69,6,6,Circle,0.174283,0.0386988,-26.828,9.623,8.309,1.314,0.169992,0.0501724,9.397,8.181,1.216,30,47,,train,0.1549999999999998,1,1.0,train,train,train,train,train,train,train,test,train,train,0.11524883
1248,2016_Furukawa,CCCC[C@@H]1NC(=O)[C@H](CC(C)C)N(C)C(=O)CN(CC2CCOCC2)C(=O)[C@H](Cc2ccc3ccccc3c2)NC(=O)CN(CC(C)C)C(=O)[C@H]2CCCN2C1=O,1.3-35,1248,-5.53,6,6,Circle,0.153414,0.0399786,-21.1328,9.264,8.066,1.198,0.113147,0.0368238,9.364,8.123,1.241,4,8,,train,0.2349999999999998,1,1.0,train,valid,train,train,test,train,train,test,train,valid,0.092727855
1245,2016_Furukawa,CCCC[C@@H]1NC(=O)[C@H](CC(C)C)N(C)C(=O)CN(CCCN2CCCC2=O)C(=O)[C@H](Cc2ccccc2)NC(=O)CN(CC(C)C)C(=O)[C@H]2CCCN2C1=O,1.3-32,1245,-6.03,6,6,Circle,0.20214,0.0521737,-27.62,9.442,8.187,1.255,0.153187,0.040171,9.19,7.917,1.273,13,18,,train,-0.0150000000000001,0,0.0,train,train,train,train,train,train,train,test,valid,train,-0.020757157
1229,2016_Furukawa,CCCC[C@@H]1NC(=O)[C@H](CC(C)C)N(C)C(=O)CN(CC2CCOCC2)C(=O)[C@H](CC(C)C)NC(=O)CN(CC(C)C)C(=O)[C@H]2CCCN2C1=O,1.3-16,1229,-5.07,6,6,Circle,0.160548,0.0571958,-19.5808,8.846,7.606,1.24,0.12299,0.0430922,8.83,7.598,1.232,12,40,,train,0.4649999999999998,1,1.0,train,train,train,test,train,train,train,test,train,train,0.3455461
1214,2016_Furukawa,CCCC[C@@H]1NC(=O)[C@H](CC(C)C)N(C)C(=O)CN(CCOC)C(=O)[C@H](C)NC(=O)CN(CC(C)C)C(=O)[C@H]2CCCN2C1=O,1.3-01,1214,-6.08,6,6,Circle,0.11258,0.0515876,-24.2308,7.952,6.596,1.356,0.112806,0.0380437,8.035,6.765,1.27,66,96,,train,-0.04,0,0.0,train,train,valid,train,test,train,valid,test,train,train,-0.00014697388
1213,2016_Furukawa,CCCC[C@@H]1NC(=O)[C@H](CC(C)C)N(C)C(=O)CN(CCCN2CCCC2=O)C(=O)[C@H](Cc2ccc3ccccc3c2)NC(=O)CN(CCC)C(=O)[C@H]2CCCN2C1=O,1.2-40,1213,-5.76,6,6,Circle,0.208494,0.0416243,-26.3387,9.342,8.07,1.272,0.104598,0.0368408,9.162,7.991,1.171,36,6,,train,0.1200000000000001,1,1.0,train,train,train,train,train,train,train,test,train,test,0.16982621
1187,2016_Furukawa,CCCC[C@@H]1NC(=O)[C@H](CC(C)C)N(C)C(=O)CN(CCOC)C(=O)[C@H](Cc2ccccc2)NC(=O)CN(CCC)C(=O)[C@H]2CCCN2C1=O,1.2-14,1187,-5.12,6,6,Circle,0.158279,0.060715,-21.4865,8.602,7.433,1.169,0.15357,0.0389824,8.535,7.397,1.138,42,55,,train,0.4399999999999999,1,1.0,train,train,train,train,train,train,train,test,train,train,0.39703646
1182,2016_Furukawa,CCCC[C@@H]1NC(=O)[C@H](CC(C)C)N(C)C(=O)CN(CCCc2ccccc2)C(=O)[C@H](C)NC(=O)CN(CCC)C(=O)[C@H]2CCCN2C1=O,1.2-09,1182,-4.96,6,6,Circle,0.169766,0.0520378,-23.3257,8.456,7.289,1.167,0.161146,0.0427557,8.505,7.375,1.13,100,21,,train,0.52,1,1.0,train,test,train,train,valid,train,train,test,train,train,0.3950276
1170,2016_Furukawa,CCCC[C@@H]1NC(=O)[C@H](CC(C)C)N(C)C(=O)CN(CCCc2ccccc2)C(=O)[C@H](Cc2ccc3ccccc3c2)NC(=O)CN(CC)C(=O)[C@H]2CCCN2C1=O,1.1-37,1170,-7.08,6,6,Circle,0.205216,0.0435869,-20.6158,9.2,8.194,1.006,0.208697,0.0399834,9.189,8.22,0.969,85,40,,train,-0.54,0,0.0,train,train,train,train,valid,train,train,test,test,train,-0.41864565
1164,2016_Furukawa,CCCC[C@@H]1NC(=O)[C@H](CC(C)C)N(C)C(=O)CN(CCCc2cnn(C)c2)C(=O)[C@H](Cc2ccccc2)NC(=O)CN(CC)C(=O)[C@H]2CCCN2C1=O,1.1-31,1164,-5.7,6,6,Circle,0.183503,0.0600505,-25.4676,8.713,7.587,1.126,0.145726,0.0386006,8.398,7.426,0.972,43,86,,train,0.1499999999999999,1,1.0,train,test,train,train,train,train,train,test,valid,valid,0.24204995
1163,2016_Furukawa,CCCCCN1CC(=O)N(C)[C@@H](CC(C)C)C(=O)N[C@@H](CCCC)C(=O)N2CCC[C@@H]2C(=O)N(CC)CC(=O)N[C@@H](Cc2ccc3ccccc3c2)C1=O,1.1-30,1163,-6.49,6,6,Circle,0.167328,0.0419218,-18.1828,8.883,7.818,1.065,0.180288,0.0403023,8.769,7.781,0.988,67,56,,train,-0.2450000000000001,0,0.0,train,train,train,train,train,train,valid,test,valid,train,-0.30378383
1139,2016_Furukawa,CCCC[C@@H]1NC(=O)[C@H](CC(C)C)N(C)C(=O)CN(CCOC)C(=O)[C@H](CC(C)C)NC(=O)CN(CC)C(=O)[C@H]2CCCN2C1=O,1.1-06,1139,-5.55,6,6,Circle,0.134286,0.0586409,-21.4605,7.992,6.784,1.208,0.140768,0.0466577,8.156,6.889,1.267,42,96,,test,0.2250000000000001,1,1.0,test,train,train,train,train,train,train,test,valid,train,0.3196788
1105,2015_Wang,CC(C)C[C@@H]1NC(=O)[C@H](Cc2ccccc2)NC(=O)[C@H]([C@@H](C)O)NC(=O)CN(C)C(=O)[C@H]([C@@H](C)O)NC(=O)[C@H](Cc2ccc(O)cc2)NC1=O,Compound.61,1105,-7.7,6,6,Circle,0.148783,0.0384882,-47.8753,8.035,6.67,1.365,0.132183,0.0716813,7.918,6.463,1.455,4,88,,train,-0.8500000000000001,0,0.0,train,train,test,train,train,train,train,test,train,train,-0.6230801
1095,2015_Wang,CC(C)C[C@@H]1NC(=O)[C@H](C(C)C)NC(=O)[C@H](Cc2cc3ccccc3[nH]2)NC(=O)[C@H](Cc2ccccc2)NC(=O)[C@H](Cc2ccccc2)NC(=O)[C@@H]2CCCN2C1=O,Compound.51,1095,-6.43,6,6,Circle,0.16579,0.0610463,-32.7881,8.777,7.405,1.372,0.170854,0.0596099,8.609,7.226,1.383,90,8,,test,-0.2149999999999998,0,0.0,test,train,train,train,train,train,train,test,train,train,-0.6134463
1088,2015_Wang,CC(C)C[C@H]1NC(=O)[C@@H](Cc2ccccc2)NC(=O)CN(C)C(=O)[C@H](C)N(C)C(=O)[C@H](Cc2ccc(O)cc2)NC(=O)[C@@H]2CCCN2C1=O,Compound.44,1088,-7.52,6,6,Circle,0.236992,0.0976238,-43.5462,7.815,6.481,1.334,0.195342,0.059719,7.475,6.092,1.383,31,66,,train,-0.7599999999999998,0,0.0,train,train,test,train,test,train,train,test,train,train,-0.479656
1083,2015_Wang,CC(C)C[C@@H]1NC(=O)[C@H](Cc2ccccc2)NC(=O)CNC(=O)[C@@H](C)NC(=O)[C@H](Cc2ccc(O)cc2)NC(=O)[C@@H]2CCCN2C1=O,Compound.39,1083,-7.52,6,6,Circle,0.165334,0.0404434,-45.593,7.74,6.208,1.532,0.226221,0.108287,7.274,5.906,1.368,2,72,,train,-0.7599999999999998,0,0.0,train,test,train,train,valid,train,train,test,train,train,-0.61149234
1074,2015_Wang,CC(C)C[C@@H]1NC(=O)[C@H](Cc2cc3ccccc3[nH]2)NC(=O)[C@H]2CCCN2C(=O)[C@H](CC(C)C)NC(=O)[C@H](Cc2cc3ccccc3[nH]2)NC(=O)[C@@H](CC(C)C)NC1=O,Compound.30,1074,-10.0,6,6,Circle,0.168194,0.0412098,-30.1441,9.337,7.949,1.388,0.115168,0.0389486,9.154,7.809,1.345,70,49,-8.0,test,-1.0,0,0.0,train,test,valid,train,train,train,test,test,test,train,-0.5208635
1057,2015_Wang,CC(C)C[C@H]1C(=O)N(C)[C@H](CC(C)C)C(=O)N[C@H](CC(C)C)C(=O)N[C@H](CC(C)C)C(=O)N2CCC[C@H]2C(=O)N[C@@H](Cc2ccc(O)cc2)C(=O)N1C,Compound.13,1057,-5.42,6,6,Circle,0.165786,0.0384514,-29.9377,8.882,7.606,1.276,0.0935942,0.0304489,8.389,7.291,1.098,35,83,,train,0.29,1,1.0,train,train,train,test,train,train,train,test,valid,train,0.020282453
1047,2015_Wang,CC(C)C[C@@H]1NC(=O)[C@@H](CC(C)C)NC(=O)[C@@H](CC(C)C)NC(=O)[C@@H](CC(C)C)NC(=O)[C@H](Cc2ccc(O)cc2)NC(=O)[C@@H]2CCCN2C1=O,Compound.3,1047,-6.96,6,6,Circle,0.165952,0.0417074,-29.6008,8.69,7.346,1.344,0.160866,0.0420466,8.524,7.242,1.282,52,64,,train,-0.48,0,0.0,train,train,train,train,train,valid,train,test,valid,train,-0.17312112
